
===========================================================================
report_checks -unconstrained
===========================================================================
======================= nom_typ_1p20V_25C Corner ===================================

Startpoint: rst_n (input port clocked by clk)
Endpoint: m._277_ (recovery check against rising-edge clock clk)
Path Group: asynchronous
Path Type: max

Fanout         Cap        Slew       Delay        Time   Description
---------------------------------------------------------------------------------------------
                      0.150000    0.000000    0.000000   clock clk (rise edge)
                                  0.000000    0.000000   clock network delay (ideal)
                                 20.000000   20.000000 ^ input external delay
   719    3.662460    3.703565    2.554492   22.554493 ^ rst_n (in)
                                                         rst_n (net)
                      3.703565    0.000000   22.554493 ^ m._277_/RESET_B (sg13g2_dfrbpq_1)
                                             22.554493   data arrival time

                      0.150000  100.000000  100.000000   clock clk (rise edge)
                                  0.000000  100.000000   clock network delay (ideal)
                                 -0.250000   99.750000   clock uncertainty
                                  0.000000   99.750000   clock reconvergence pessimism
                                             99.750000 ^ m._277_/CLK (sg13g2_dfrbpq_1)
                                 -0.692175   99.057823   library recovery time
                                             99.057823   data required time
---------------------------------------------------------------------------------------------
                                             99.057823   data required time
                                            -22.554493   data arrival time
---------------------------------------------------------------------------------------------
                                             76.503326   slack (MET)


Startpoint: m.u_conv3._523_ (rising edge-triggered flip-flop clocked by clk)
Endpoint: uo_out[1] (output port clocked by clk)
Path Group: clk
Path Type: max

Fanout         Cap        Slew       Delay        Time   Description
---------------------------------------------------------------------------------------------
                      0.150000    0.000000    0.000000   clock clk (rise edge)
                                  0.000000    0.000000   clock network delay (ideal)
                      0.150000    0.000000    0.000000 ^ m.u_conv3._523_/CLK (sg13g2_dfrbpq_1)
     7    0.022641    0.100220    0.275102    0.275102 ^ m.u_conv3._523_/Q (sg13g2_dfrbpq_1)
                                                         m.u_conv3.input_buf[62] (net)
                      0.100220    0.000000    0.275102 ^ m.u_conv3.u_weights._15928_/A (sg13g2_xor2_1)
     7    0.029284    0.267444    0.277160    0.552262 ^ m.u_conv3.u_weights._15928_/X (sg13g2_xor2_1)
                                                         m.u_conv3.u_weights._07977_ (net)
                      0.267444    0.000000    0.552262 ^ m.u_conv3.u_weights._15931_/B (sg13g2_xnor2_1)
     6    0.018638    0.214821    0.248532    0.800794 ^ m.u_conv3.u_weights._15931_/Y (sg13g2_xnor2_1)
                                                         m.u_conv3.u_weights._08010_ (net)
                      0.214821    0.000000    0.800794 ^ m.u_conv3.u_weights._15932_/B (sg13g2_nand2_1)
    11    0.041565    0.253674    0.290515    1.091308 v m.u_conv3.u_weights._15932_/Y (sg13g2_nand2_1)
                                                         m.u_conv3.u_weights._08021_ (net)
                      0.253674    0.000000    1.091308 v m.u_conv3.u_weights._15944_/B2 (sg13g2_a22oi_1)
    39    0.159172    1.326852    1.071067    2.162376 ^ m.u_conv3.u_weights._15944_/Y (sg13g2_a22oi_1)
                                                         m.u_conv3.u_weights._08153_ (net)
                      1.326852    0.000000    2.162376 ^ m.u_conv3.u_weights._15950_/B (sg13g2_xnor2_1)
    13    0.052574    0.690203    0.813245    2.975621 ^ m.u_conv3.u_weights._15950_/Y (sg13g2_xnor2_1)
                                                         m.u_conv3.u_weights._08218_ (net)
                      0.690203    0.000000    2.975621 ^ m.u_conv3.u_weights._15955_/B (sg13g2_xnor2_1)
    23    0.101501    0.908225    0.939352    3.914973 ^ m.u_conv3.u_weights._15955_/Y (sg13g2_xnor2_1)
                                                         m.u_conv3.u_weights._08273_ (net)
                      0.908225    0.000000    3.914973 ^ m.u_conv3.u_weights._22278_/B (sg13g2_xnor2_1)
     2    0.008637    0.256892    0.266191    4.181163 ^ m.u_conv3.u_weights._22278_/Y (sg13g2_xnor2_1)
                                                         m.u_conv3.u_weights._12085_ (net)
                      0.256892    0.000000    4.181163 ^ m.u_conv3.u_weights._22286_/B (sg13g2_xnor2_1)
     2    0.007699    0.165717    0.158865    4.340028 ^ m.u_conv3.u_weights._22286_/Y (sg13g2_xnor2_1)
                                                         m.u_conv3.u_weights._12094_ (net)
                      0.165717    0.000000    4.340028 ^ m.u_conv3.u_weights._22288_/B (sg13g2_xnor2_1)
     2    0.008205    0.248095    0.141631    4.481659 ^ m.u_conv3.u_weights._22288_/Y (sg13g2_xnor2_1)
                                                         m.u_conv3.u_weights._12096_ (net)
                      0.248095    0.000000    4.481659 ^ m.u_conv3.u_weights._22400_/B (sg13g2_xnor2_1)
     2    0.007699    0.232562    0.157116    4.638775 ^ m.u_conv3.u_weights._22400_/Y (sg13g2_xnor2_1)
                                                         m.u_conv3.u_weights._12220_ (net)
                      0.232562    0.000000    4.638775 ^ m.u_conv3.u_weights._22402_/B (sg13g2_xnor2_1)
     2    0.008205    0.241605    0.157203    4.795978 ^ m.u_conv3.u_weights._22402_/Y (sg13g2_xnor2_1)
                                                         m.u_conv3.u_weights._12222_ (net)
                      0.241605    0.000000    4.795978 ^ m.u_conv3.u_weights._22437_/B (sg13g2_xnor2_1)
     2    0.008206    0.182330    0.159276    4.955254 ^ m.u_conv3.u_weights._22437_/Y (sg13g2_xnor2_1)
                                                         m.u_conv3.u_weights._12260_ (net)
                      0.182330    0.000000    4.955254 ^ m.u_conv3.u_weights._22439_/B (sg13g2_xnor2_1)
     2    0.009278    0.240454    0.153321    5.108574 ^ m.u_conv3.u_weights._22439_/Y (sg13g2_xnor2_1)
                                                         m.u_conv3.u_weights._12263_ (net)
                      0.240454    0.000000    5.108574 ^ m.u_conv3.u_weights._22464_/A (sg13g2_xor2_1)
     2    0.007699    0.110746    0.188847    5.297422 ^ m.u_conv3.u_weights._22464_/X (sg13g2_xor2_1)
                                                         m.u_conv3.u_weights._12290_ (net)
                      0.110746    0.000000    5.297422 ^ m.u_conv3.u_weights._22466_/B (sg13g2_xnor2_1)
     2    0.007961    0.183574    0.125518    5.422940 ^ m.u_conv3.u_weights._22466_/Y (sg13g2_xnor2_1)
                                                         m.u_conv3.u_weights._12292_ (net)
                      0.183574    0.000000    5.422940 ^ m.u_conv3.u_weights._22467_/B (sg13g2_xnor2_1)
     2    0.008744    0.264707    0.149820    5.572759 ^ m.u_conv3.u_weights._22467_/Y (sg13g2_xnor2_1)
                                                         m.u_conv3.u_weights._12293_ (net)
                      0.264707    0.000000    5.572759 ^ m.u_conv3.u_weights._22468_/B (sg13g2_xor2_1)
     2    0.008206    0.117863    0.187933    5.760692 ^ m.u_conv3.u_weights._22468_/X (sg13g2_xor2_1)
                                                         m.u_conv3.u_weights._12294_ (net)
                      0.117863    0.000000    5.760692 ^ m.u_conv3.u_weights._22470_/B (sg13g2_xnor2_1)
     2    0.008221    0.201899    0.107407    5.868099 v m.u_conv3.u_weights._22470_/Y (sg13g2_xnor2_1)
                                                         m.u_conv3.u_weights._12297_ (net)
                      0.201899    0.000000    5.868099 v m.u_conv3.u_weights._22471_/A2 (sg13g2_o21ai_1)
     2    0.008957    0.209121    0.179438    6.047537 ^ m.u_conv3.u_weights._22471_/Y (sg13g2_o21ai_1)
                                                         m.u_conv3.u_weights._12298_ (net)
                      0.209121    0.000000    6.047537 ^ m.u_conv3.u_weights._22480_/A (sg13g2_xor2_1)
     2    0.007382    0.104604    0.179612    6.227149 ^ m.u_conv3.u_weights._22480_/X (sg13g2_xor2_1)
                                                         m.u_conv3.u_weights._12308_ (net)
                      0.104604    0.000000    6.227149 ^ m.u_conv3.u_weights._22482_/B (sg13g2_xnor2_1)
     3    0.008755    0.097478    0.106423    6.333572 v m.u_conv3.u_weights._22482_/Y (sg13g2_xnor2_1)
                                                         m.u_conv3.u_weights._12310_ (net)
                      0.097478    0.000000    6.333572 v m.u_conv3.u_weights._22488_/A (sg13g2_nor3_1)
     1    0.003464    0.110290    0.124596    6.458169 ^ m.u_conv3.u_weights._22488_/Y (sg13g2_nor3_1)
                                                         m.u_conv3.u_weights._12316_ (net)
                      0.110290    0.000000    6.458169 ^ m.u_conv3.u_weights._22494_/A1 (sg13g2_o21ai_1)
     3    0.008012    0.074338    0.109237    6.567406 v m.u_conv3.u_weights._22494_/Y (sg13g2_o21ai_1)
                                                         m.u_conv3.u_weights._12323_ (net)
                      0.074338    0.000000    6.567406 v m.u_conv3.u_weights._22508_/B2 (sg13g2_a221oi_1)
     2    0.008826    0.179951    0.198170    6.765576 ^ m.u_conv3.u_weights._22508_/Y (sg13g2_a221oi_1)
                                                         m.u_conv3.u_weights._12338_ (net)
                      0.179951    0.000000    6.765576 ^ m.u_conv3.u_weights._22513_/A (sg13g2_xor2_1)
     1    0.002933    0.066598    0.146452    6.912027 ^ m.u_conv3.u_weights._22513_/X (sg13g2_xor2_1)
                                                         m.u_conv3.u_weights._12344_ (net)
                      0.066598    0.000000    6.912027 ^ m.u_conv3.u_weights._22517_/C1 (sg13g2_a221oi_1)
     1    0.003003    0.067204    0.046388    6.958416 v m.u_conv3.u_weights._22517_/Y (sg13g2_a221oi_1)
                                                         m.u_conv3.u_weights._12348_ (net)
                      0.067204    0.000000    6.958416 v m.u_conv3.u_weights._22518_/A2 (sg13g2_a21oi_1)
    15    0.045083    0.393048    0.332784    7.291200 ^ m.u_conv3.u_weights._22518_/Y (sg13g2_a21oi_1)
                                                         m.embedding[38] (net)
                      0.393048    0.000000    7.291200 ^ m.u_tree._2497_/B1 (sg13g2_a21oi_1)
     1    0.002808    0.114364    0.086514    7.377714 v m.u_tree._2497_/Y (sg13g2_a21oi_1)
                                                         m.u_tree._1563_ (net)
                      0.114364    0.000000    7.377714 v m.u_tree._2498_/B1 (sg13g2_a21oi_1)
     2    0.008058    0.105943    0.121145    7.498859 ^ m.u_tree._2498_/Y (sg13g2_a21oi_1)
                                                         m.u_tree._1564_ (net)
                      0.105943    0.000000    7.498859 ^ m.u_tree._2500_/B (sg13g2_xnor2_1)
     2    0.008800    0.112891    0.127296    7.626156 ^ m.u_tree._2500_/Y (sg13g2_xnor2_1)
                                                         m.u_tree._1566_ (net)
                      0.112891    0.000000    7.626156 ^ m.u_tree._2528_/A (sg13g2_xor2_1)
     2    0.007406    0.094743    0.151977    7.778133 ^ m.u_tree._2528_/X (sg13g2_xor2_1)
                                                         m.u_tree._0028_ (net)
                      0.094743    0.000000    7.778133 ^ m.u_tree._2530_/B (sg13g2_xnor2_1)
     2    0.008800    0.111147    0.123721    7.901855 ^ m.u_tree._2530_/Y (sg13g2_xnor2_1)
                                                         m.u_tree._0030_ (net)
                      0.111147    0.000000    7.901855 ^ m.u_tree._2565_/A (sg13g2_xor2_1)
     2    0.008206    0.100876    0.156169    8.058023 ^ m.u_tree._2565_/X (sg13g2_xor2_1)
                                                         m.u_tree._0069_ (net)
                      0.100876    0.000000    8.058023 ^ m.u_tree._2567_/B (sg13g2_xnor2_1)
     2    0.008956    0.077489    0.106365    8.164389 v m.u_tree._2567_/Y (sg13g2_xnor2_1)
                                                         m.u_tree._0071_ (net)
                      0.077489    0.000000    8.164389 v m.u_tree._2577_/A1 (sg13g2_o21ai_1)
     2    0.008583    0.126273    0.142434    8.306822 ^ m.u_tree._2577_/Y (sg13g2_o21ai_1)
                                                         m.u_tree._0082_ (net)
                      0.126273    0.000000    8.306822 ^ m.u_tree._2581_/A (sg13g2_xnor2_1)
     2    0.008637    0.110743    0.136481    8.443303 ^ m.u_tree._2581_/Y (sg13g2_xnor2_1)
                                                         m.u_tree._0086_ (net)
                      0.110743    0.000000    8.443303 ^ m.u_tree._2586_/B (sg13g2_xnor2_1)
     2    0.008210    0.109242    0.126277    8.569580 ^ m.u_tree._2586_/Y (sg13g2_xnor2_1)
                                                         m.u_tree._0092_ (net)
                      0.109242    0.000000    8.569580 ^ m.u_tree._2592_/B (sg13g2_xor2_1)
     2    0.008205    0.111245    0.151688    8.721268 ^ m.u_tree._2592_/X (sg13g2_xor2_1)
                                                         m.u_tree._0098_ (net)
                      0.111245    0.000000    8.721268 ^ m.u_tree._2593_/A2 (sg13g2_a21oi_1)
     3    0.014544    0.108804    0.139956    8.861224 v m.u_tree._2593_/Y (sg13g2_a21oi_1)
                                                         m.u_tree._0100_ (net)
                      0.108804    0.000000    8.861224 v m.u_tree._2595_/A1 (sg13g2_o21ai_1)
     2    0.008365    0.127148    0.151579    9.012803 ^ m.u_tree._2595_/Y (sg13g2_o21ai_1)
                                                         m.u_tree._0102_ (net)
                      0.127148    0.000000    9.012803 ^ m.u_tree._2859_/A (sg13g2_xnor2_1)
     3    0.008965    0.080560    0.123166    9.135969 v m.u_tree._2859_/Y (sg13g2_xnor2_1)
                                                         m.u_tree._0392_ (net)
                      0.080560    0.000000    9.135969 v m.u_tree._2876_/A1 (sg13g2_a221oi_1)
     2    0.005476    0.139281    0.169714    9.305683 ^ m.u_tree._2876_/Y (sg13g2_a221oi_1)
                                                         m.u_tree._0411_ (net)
                      0.139281    0.000000    9.305683 ^ m.u_tree._2878_/C (sg13g2_or3_1)
     7    0.021200    0.095516    0.166231    9.471914 ^ m.u_tree._2878_/X (sg13g2_or3_1)
                                                         m.u_tree._0413_ (net)
                      0.095516    0.000000    9.471914 ^ m.u_tree._2895_/C (sg13g2_nand3_1)
     3    0.008487    0.102923    0.129592    9.601506 v m.u_tree._2895_/Y (sg13g2_nand3_1)
                                                         m.u_tree._0432_ (net)
                      0.102923    0.000000    9.601506 v m.u_tree._2898_/B (sg13g2_nand3_1)
     4    0.011678    0.077472    0.096894    9.698400 ^ m.u_tree._2898_/Y (sg13g2_nand3_1)
                                                         m.u_tree._0435_ (net)
                      0.077472    0.000000    9.698400 ^ m.u_tree._2900_/C (sg13g2_nand3_1)
     1    0.003154    0.057692    0.089995    9.788395 v m.u_tree._2900_/Y (sg13g2_nand3_1)
                                                         m.u_tree._0437_ (net)
                      0.057692    0.000000    9.788395 v m.u_tree._2906_/A2 (sg13g2_o21ai_1)
     7    0.020794    0.237752    0.215493   10.003888 ^ m.u_tree._2906_/Y (sg13g2_o21ai_1)
                                                         m.u_tree._0444_ (net)
                      0.237752    0.000000   10.003888 ^ m.u_tree._2914_/B (sg13g2_nand3b_1)
     4    0.010899    0.138839    0.183353   10.187241 v m.u_tree._2914_/Y (sg13g2_nand3b_1)
                                                         m.u_tree._0453_ (net)
                      0.138839    0.000000   10.187241 v m.u_tree._2918_/B (sg13g2_and3_1)
     2    0.005499    0.032125    0.127716   10.314957 v m.u_tree._2918_/X (sg13g2_and3_1)
                                                         m.u_tree._0457_ (net)
                      0.032125    0.000000   10.314957 v m.u_tree._2922_/A (sg13g2_or2_1)
     1    0.002992    0.028701    0.103580   10.418536 v m.u_tree._2922_/X (sg13g2_or2_1)
                                                         m.u_tree._0461_ (net)
                      0.028701    0.000000   10.418536 v m.u_tree._2946_/A1 (sg13g2_a221oi_1)
     5    0.014509    0.248122    0.231579   10.650116 ^ m.u_tree._2946_/Y (sg13g2_a221oi_1)
                                                         m.u_tree._0488_ (net)
                      0.248122    0.000000   10.650116 ^ m.u_tree._2950_/B (sg13g2_or3_1)
    14    0.050490    0.212400    0.289470   10.939586 ^ m.u_tree._2950_/X (sg13g2_or3_1)
                                                         m.u_tree._0492_ (net)
                      0.212400    0.000000   10.939586 ^ m.u_tree._2964_/A2 (sg13g2_a221oi_1)
     2    0.005499    0.101861    0.144806   11.084392 v m.u_tree._2964_/Y (sg13g2_a221oi_1)
                                                         m.u_tree._0508_ (net)
                      0.101861    0.000000   11.084392 v m.u_tree._2975_/A (sg13g2_nor4_1)
     3    0.008951    0.213865    0.237319   11.321711 ^ m.u_tree._2975_/Y (sg13g2_nor4_1)
                                                         m.u_tree._0520_ (net)
                      0.213865    0.000000   11.321711 ^ m.u_tree._2991_/B1 (sg13g2_o21ai_1)
     2    0.005658    0.076829    0.096346   11.418056 v m.u_tree._2991_/Y (sg13g2_o21ai_1)
                                                         m.u_tree._0537_ (net)
                      0.076829    0.000000   11.418056 v m.u_tree._2994_/B1 (sg13g2_a221oi_1)
     8    0.040773    0.566547    0.472058   11.890114 ^ m.u_tree._2994_/Y (sg13g2_a221oi_1)
                                                         m.u_tree._0541_ (net)
                      0.566547    0.000000   11.890114 ^ m.u_tree._2996_/S (sg13g2_mux2_1)
     3    0.009315    0.057601    0.282275   12.172389 v m.u_tree._2996_/X (sg13g2_mux2_1)
                                                         m.u_tree._0543_ (net)
                      0.057601    0.000000   12.172389 v m.u_tree._3004_/A1 (sg13g2_a22oi_1)
     3    0.008911    0.117807    0.115430   12.287819 ^ m.u_tree._3004_/Y (sg13g2_a22oi_1)
                                                         m.u_tree._0552_ (net)
                      0.117807    0.000000   12.287819 ^ m.u_tree._3007_/A (sg13g2_and2_1)
     2    0.005696    0.039856    0.118947   12.406766 ^ m.u_tree._3007_/X (sg13g2_and2_1)
                                                         m.u_tree._0555_ (net)
                      0.039856    0.000000   12.406766 ^ m.u_tree._3022_/A1 (sg13g2_a21oi_1)
     5    0.015691    0.110019    0.111895   12.518661 v m.u_tree._3022_/Y (sg13g2_a21oi_1)
                                                         m.u_tree._0571_ (net)
                      0.110019    0.000000   12.518661 v m.u_tree._3041_/A1 (sg13g2_o21ai_1)
     3    0.009358    0.135126    0.159111   12.677773 ^ m.u_tree._3041_/Y (sg13g2_o21ai_1)
                                                         m.u_tree._0592_ (net)
                      0.135126    0.000000   12.677773 ^ m.u_tree._3043_/B (sg13g2_nand3_1)
     4    0.011215    0.125166    0.156663   12.834435 v m.u_tree._3043_/Y (sg13g2_nand3_1)
                                                         m.u_tree._0595_ (net)
                      0.125166    0.000000   12.834435 v m.u_tree._3049_/B1 (sg13g2_a221oi_1)
     1    0.003300    0.112280    0.150467   12.984902 ^ m.u_tree._3049_/Y (sg13g2_a221oi_1)
                                                         m.u_tree._0601_ (net)
                      0.112280    0.000000   12.984902 ^ m.u_tree._3051_/B1 (sg13g2_o21ai_1)
     6    0.016499    0.116544    0.135331   13.120234 v m.u_tree._3051_/Y (sg13g2_o21ai_1)
                                                         m.u_tree._0603_ (net)
                      0.116544    0.000000   13.120234 v m.u_tree._3060_/C (sg13g2_and3_1)
     2    0.005399    0.031472    0.126051   13.246284 v m.u_tree._3060_/X (sg13g2_and3_1)
                                                         m.u_tree._0613_ (net)
                      0.031472    0.000000   13.246284 v m.u_tree._3061_/B (sg13g2_or2_1)
     2    0.005365    0.035735    0.103942   13.350226 v m.u_tree._3061_/X (sg13g2_or2_1)
                                                         m.u_tree._0614_ (net)
                      0.035735    0.000000   13.350226 v m.u_tree._3071_/B (sg13g2_or2_1)
     1    0.002992    0.028480    0.098814   13.449040 v m.u_tree._3071_/X (sg13g2_or2_1)
                                                         m.u_tree._0625_ (net)
                      0.028480    0.000000   13.449040 v m.u_tree._3079_/A1 (sg13g2_a221oi_1)
     7    0.021074    0.327817    0.290349   13.739389 ^ m.u_tree._3079_/Y (sg13g2_a221oi_1)
                                                         m.u_tree._0634_ (net)
                      0.327817    0.000000   13.739389 ^ m.u_tree._3080_/B (sg13g2_nor2_1)
     3    0.011128    0.096875    0.130358   13.869747 v m.u_tree._3080_/Y (sg13g2_nor2_1)
                                                         m.u_tree._0635_ (net)
                      0.096875    0.000000   13.869747 v m.u_tree._3081_/S (sg13g2_mux2_1)
     3    0.008896    0.054123    0.173381   14.043129 ^ m.u_tree._3081_/X (sg13g2_mux2_1)
                                                         m.u_tree._0636_ (net)
                      0.054123    0.000000   14.043129 ^ m.u_tree._3086_/A2 (sg13g2_a21oi_1)
     1    0.003279    0.056308    0.066853   14.109982 v m.u_tree._3086_/Y (sg13g2_a21oi_1)
                                                         m.u_tree._0642_ (net)
                      0.056308    0.000000   14.109982 v m.u_tree._3106_/A1 (sg13g2_o21ai_1)
     5    0.015482    0.188241    0.183206   14.293188 ^ m.u_tree._3106_/Y (sg13g2_o21ai_1)
                                                         m.u_tree._0664_ (net)
                      0.188241    0.000000   14.293188 ^ m.u_tree._3107_/B (sg13g2_nand2_1)
     5    0.015950    0.118016    0.159349   14.452538 v m.u_tree._3107_/Y (sg13g2_nand2_1)
                                                         m.u_tree._0665_ (net)
                      0.118016    0.000000   14.452538 v m.u_tree._3117_/S (sg13g2_mux2_1)
     2    0.006613    0.045814    0.171967   14.624505 ^ m.u_tree._3117_/X (sg13g2_mux2_1)
                                                         m.u_tree._0676_ (net)
                      0.045814    0.000000   14.624505 ^ m.u_tree._3119_/B2 (sg13g2_a221oi_1)
     1    0.003279    0.070505    0.070291   14.694796 v m.u_tree._3119_/Y (sg13g2_a221oi_1)
                                                         m.u_tree._0678_ (net)
                      0.070505    0.000000   14.694796 v m.u_tree._3127_/A1 (sg13g2_o21ai_1)
     4    0.011285    0.148286    0.158992   14.853788 ^ m.u_tree._3127_/Y (sg13g2_o21ai_1)
                                                         m.u_tree._0687_ (net)
                      0.148286    0.000000   14.853788 ^ m.u_tree._3139_/C (sg13g2_and4_1)
     1    0.002293    0.037520    0.183256   15.037044 ^ m.u_tree._3139_/X (sg13g2_and4_1)
                                                         m.number_o[1] (net)
                      0.037520    0.000000   15.037044 ^ _81_/A (sg13g2_buf_1)
     1    0.006000    0.035316    0.072452   15.109496 ^ _81_/X (sg13g2_buf_1)
                                                         uo_out[1] (net)
                      0.035316    0.000000   15.109496 ^ uo_out[1] (out)
                                             15.109496   data arrival time

                      0.150000  100.000000  100.000000   clock clk (rise edge)
                                  0.000000  100.000000   clock network delay (ideal)
                                 -0.250000   99.750000   clock uncertainty
                                  0.000000   99.750000   clock reconvergence pessimism
                                -20.000000   79.750000   output external delay
                                             79.750000   data required time
---------------------------------------------------------------------------------------------
                                             79.750000   data required time
                                            -15.109496   data arrival time
---------------------------------------------------------------------------------------------
                                             64.640503   slack (MET)




===========================================================================
report_checks --slack_max -0.01
============================================================================
======================= nom_typ_1p20V_25C Corner ===================================

No paths found.


===========================================================================
 report_check_types -max_slew -max_cap -max_fanout -violators
============================================================================
======================= nom_typ_1p20V_25C Corner ===================================

max slew

Pin                                        Limit        Slew       Slack
------------------------------------------------------------------------
sram/A_MEN                              0.476000    4.938087   -4.462086 (VIOLATED)
rst_n                                   2.507400    3.703565   -1.196165 (VIOLATED)
m._277_/RESET_B                         2.507400    3.703565   -1.196165 (VIOLATED)
m._278_/RESET_B                         2.507400    3.703565   -1.196165 (VIOLATED)
m._279_/RESET_B                         2.507400    3.703565   -1.196165 (VIOLATED)
m._280_/RESET_B                         2.507400    3.703565   -1.196165 (VIOLATED)
m._281_/RESET_B                         2.507400    3.703565   -1.196165 (VIOLATED)
m._282_/RESET_B                         2.507400    3.703565   -1.196165 (VIOLATED)
m._283_/RESET_B                         2.507400    3.703565   -1.196165 (VIOLATED)
m._284_/RESET_B                         2.507400    3.703565   -1.196165 (VIOLATED)
m._285_/RESET_B                         2.507400    3.703565   -1.196165 (VIOLATED)
m._286_/RESET_B                         2.507400    3.703565   -1.196165 (VIOLATED)
m._287_/RESET_B                         2.507400    3.703565   -1.196165 (VIOLATED)
m._288_/RESET_B                         2.507400    3.703565   -1.196165 (VIOLATED)
m._289_/RESET_B                         2.507400    3.703565   -1.196165 (VIOLATED)
m.u_conv1._479_/RESET_B                 2.507400    3.703565   -1.196165 (VIOLATED)
m.u_conv1._480_/RESET_B                 2.507400    3.703565   -1.196165 (VIOLATED)
m.u_conv1._481_/RESET_B                 2.507400    3.703565   -1.196165 (VIOLATED)
m.u_conv1._482_/RESET_B                 2.507400    3.703565   -1.196165 (VIOLATED)
m.u_conv1._483_/RESET_B                 2.507400    3.703565   -1.196165 (VIOLATED)
m.u_conv1._484_/RESET_B                 2.507400    3.703565   -1.196165 (VIOLATED)
m.u_conv1._485_/RESET_B                 2.507400    3.703565   -1.196165 (VIOLATED)
m.u_conv1._486_/RESET_B                 2.507400    3.703565   -1.196165 (VIOLATED)
m.u_conv1._487_/RESET_B                 2.507400    3.703565   -1.196165 (VIOLATED)
m.u_conv1._488_/RESET_B                 2.507400    3.703565   -1.196165 (VIOLATED)
m.u_conv1._489_/RESET_B                 2.507400    3.703565   -1.196165 (VIOLATED)
m.u_conv1._508_/RESET_B                 2.507400    3.703565   -1.196165 (VIOLATED)
m.u_conv1._509_/RESET_B                 2.507400    3.703565   -1.196165 (VIOLATED)
m.u_conv1._510_/RESET_B                 2.507400    3.703565   -1.196165 (VIOLATED)
m.u_conv1._511_/RESET_B                 2.507400    3.703565   -1.196165 (VIOLATED)
m.u_conv1._512_/RESET_B                 2.507400    3.703565   -1.196165 (VIOLATED)
m.u_conv1._513_/RESET_B                 2.507400    3.703565   -1.196165 (VIOLATED)
m.u_conv1.u_loader._900_/RESET_B        2.507400    3.703565   -1.196165 (VIOLATED)
m.u_conv1.u_loader._901_/RESET_B        2.507400    3.703565   -1.196165 (VIOLATED)
m.u_conv1.u_loader._902_/RESET_B        2.507400    3.703565   -1.196165 (VIOLATED)
m.u_conv1.u_loader._903_/RESET_B        2.507400    3.703565   -1.196165 (VIOLATED)
m.u_conv1.u_loader._904_/RESET_B        2.507400    3.703565   -1.196165 (VIOLATED)
m.u_conv1.u_loader._905_/RESET_B        2.507400    3.703565   -1.196165 (VIOLATED)
m.u_conv1.u_loader._906_/RESET_B        2.507400    3.703565   -1.196165 (VIOLATED)
m.u_conv1.u_loader._907_/RESET_B        2.507400    3.703565   -1.196165 (VIOLATED)
m.u_conv1.u_loader._908_/RESET_B        2.507400    3.703565   -1.196165 (VIOLATED)
m.u_conv1.u_loader._909_/RESET_B        2.507400    3.703565   -1.196165 (VIOLATED)
m.u_conv1.u_loader._910_/RESET_B        2.507400    3.703565   -1.196165 (VIOLATED)
m.u_conv1.u_loader._911_/RESET_B        2.507400    3.703565   -1.196165 (VIOLATED)
m.u_conv1.u_loader._912_/RESET_B        2.507400    3.703565   -1.196165 (VIOLATED)
m.u_conv1.u_loader._913_/RESET_B        2.507400    3.703565   -1.196165 (VIOLATED)
m.u_conv1.u_loader._914_/RESET_B        2.507400    3.703565   -1.196165 (VIOLATED)
m.u_conv1.u_loader._915_/RESET_B        2.507400    3.703565   -1.196165 (VIOLATED)
m.u_conv1.u_loader._916_/RESET_B        2.507400    3.703565   -1.196165 (VIOLATED)
m.u_conv1.u_loader._917_/RESET_B        2.507400    3.703565   -1.196165 (VIOLATED)
m.u_conv1.u_loader._918_/RESET_B        2.507400    3.703565   -1.196165 (VIOLATED)
m.u_conv1.u_loader._919_/RESET_B        2.507400    3.703565   -1.196165 (VIOLATED)
m.u_conv1.u_loader._920_/RESET_B        2.507400    3.703565   -1.196165 (VIOLATED)
m.u_conv1.u_loader._921_/RESET_B        2.507400    3.703565   -1.196165 (VIOLATED)
m.u_conv1.u_loader._922_/RESET_B        2.507400    3.703565   -1.196165 (VIOLATED)
m.u_conv1.u_loader._923_/RESET_B        2.507400    3.703565   -1.196165 (VIOLATED)
m.u_conv1.u_loader._924_/RESET_B        2.507400    3.703565   -1.196165 (VIOLATED)
m.u_conv1.u_loader._925_/RESET_B        2.507400    3.703565   -1.196165 (VIOLATED)
m.u_conv1.u_loader._926_/RESET_B        2.507400    3.703565   -1.196165 (VIOLATED)
m.u_conv1.u_loader._927_/RESET_B        2.507400    3.703565   -1.196165 (VIOLATED)
m.u_conv1.u_loader._928_/RESET_B        2.507400    3.703565   -1.196165 (VIOLATED)
m.u_conv1.u_loader._929_/RESET_B        2.507400    3.703565   -1.196165 (VIOLATED)
m.u_conv1.u_loader._930_/RESET_B        2.507400    3.703565   -1.196165 (VIOLATED)
m.u_conv1.u_loader._931_/RESET_B        2.507400    3.703565   -1.196165 (VIOLATED)
m.u_conv1.u_loader._932_/RESET_B        2.507400    3.703565   -1.196165 (VIOLATED)
m.u_conv1.u_loader._933_/RESET_B        2.507400    3.703565   -1.196165 (VIOLATED)
m.u_conv1.u_loader._934_/RESET_B        2.507400    3.703565   -1.196165 (VIOLATED)
m.u_conv2._3220_/RESET_B                2.507400    3.703565   -1.196165 (VIOLATED)
m.u_conv2._3221_/RESET_B                2.507400    3.703565   -1.196165 (VIOLATED)
m.u_conv2._3222_/RESET_B                2.507400    3.703565   -1.196165 (VIOLATED)
m.u_conv2._3223_/RESET_B                2.507400    3.703565   -1.196165 (VIOLATED)
m.u_conv2._3224_/RESET_B                2.507400    3.703565   -1.196165 (VIOLATED)
m.u_conv2._3225_/RESET_B                2.507400    3.703565   -1.196165 (VIOLATED)
m.u_conv2._3226_/RESET_B                2.507400    3.703565   -1.196165 (VIOLATED)
m.u_conv2._3227_/RESET_B                2.507400    3.703565   -1.196165 (VIOLATED)
m.u_conv2._3228_/RESET_B                2.507400    3.703565   -1.196165 (VIOLATED)
m.u_conv2._3229_/RESET_B                2.507400    3.703565   -1.196165 (VIOLATED)
m.u_conv2._3230_/RESET_B                2.507400    3.703565   -1.196165 (VIOLATED)
m.u_conv2._3231_/RESET_B                2.507400    3.703565   -1.196165 (VIOLATED)
m.u_conv2._3232_/RESET_B                2.507400    3.703565   -1.196165 (VIOLATED)
m.u_conv2._3233_/RESET_B                2.507400    3.703565   -1.196165 (VIOLATED)
m.u_conv2._3234_/RESET_B                2.507400    3.703565   -1.196165 (VIOLATED)
m.u_conv2._3235_/RESET_B                2.507400    3.703565   -1.196165 (VIOLATED)
m.u_conv2._3236_/RESET_B                2.507400    3.703565   -1.196165 (VIOLATED)
m.u_conv2._3237_/RESET_B                2.507400    3.703565   -1.196165 (VIOLATED)
m.u_conv2._3238_/RESET_B                2.507400    3.703565   -1.196165 (VIOLATED)
m.u_conv2._3239_/RESET_B                2.507400    3.703565   -1.196165 (VIOLATED)
m.u_conv2._3240_/RESET_B                2.507400    3.703565   -1.196165 (VIOLATED)
m.u_conv2._3241_/RESET_B                2.507400    3.703565   -1.196165 (VIOLATED)
m.u_conv2._3242_/RESET_B                2.507400    3.703565   -1.196165 (VIOLATED)
m.u_conv2._3243_/RESET_B                2.507400    3.703565   -1.196165 (VIOLATED)
m.u_conv2._3244_/RESET_B                2.507400    3.703565   -1.196165 (VIOLATED)
m.u_conv2._3245_/RESET_B                2.507400    3.703565   -1.196165 (VIOLATED)
m.u_conv2._3246_/RESET_B                2.507400    3.703565   -1.196165 (VIOLATED)
m.u_conv2._3247_/RESET_B                2.507400    3.703565   -1.196165 (VIOLATED)
m.u_conv2._3248_/RESET_B                2.507400    3.703565   -1.196165 (VIOLATED)
m.u_conv2._3249_/RESET_B                2.507400    3.703565   -1.196165 (VIOLATED)
m.u_conv2._3250_/RESET_B                2.507400    3.703565   -1.196165 (VIOLATED)
m.u_conv2._3251_/RESET_B                2.507400    3.703565   -1.196165 (VIOLATED)
m.u_conv2._3252_/RESET_B                2.507400    3.703565   -1.196165 (VIOLATED)
m.u_conv2._3253_/RESET_B                2.507400    3.703565   -1.196165 (VIOLATED)
m.u_conv2._3254_/RESET_B                2.507400    3.703565   -1.196165 (VIOLATED)
m.u_conv2._3255_/RESET_B                2.507400    3.703565   -1.196165 (VIOLATED)
m.u_conv2._3256_/RESET_B                2.507400    3.703565   -1.196165 (VIOLATED)
m.u_conv2._3257_/RESET_B                2.507400    3.703565   -1.196165 (VIOLATED)
m.u_conv2._3258_/RESET_B                2.507400    3.703565   -1.196165 (VIOLATED)
m.u_conv2._3259_/RESET_B                2.507400    3.703565   -1.196165 (VIOLATED)
m.u_conv2._3260_/RESET_B                2.507400    3.703565   -1.196165 (VIOLATED)
m.u_conv2._3261_/RESET_B                2.507400    3.703565   -1.196165 (VIOLATED)
m.u_conv2._3262_/RESET_B                2.507400    3.703565   -1.196165 (VIOLATED)
m.u_conv2._3263_/RESET_B                2.507400    3.703565   -1.196165 (VIOLATED)
m.u_conv2._3264_/RESET_B                2.507400    3.703565   -1.196165 (VIOLATED)
m.u_conv2._3265_/RESET_B                2.507400    3.703565   -1.196165 (VIOLATED)
m.u_conv2._3266_/RESET_B                2.507400    3.703565   -1.196165 (VIOLATED)
m.u_conv2._3267_/RESET_B                2.507400    3.703565   -1.196165 (VIOLATED)
m.u_conv2._3268_/RESET_B                2.507400    3.703565   -1.196165 (VIOLATED)
m.u_conv2._3269_/RESET_B                2.507400    3.703565   -1.196165 (VIOLATED)
m.u_conv2._3270_/RESET_B                2.507400    3.703565   -1.196165 (VIOLATED)
m.u_conv2._3271_/RESET_B                2.507400    3.703565   -1.196165 (VIOLATED)
m.u_conv2._3272_/RESET_B                2.507400    3.703565   -1.196165 (VIOLATED)
m.u_conv2._3273_/RESET_B                2.507400    3.703565   -1.196165 (VIOLATED)
m.u_conv2._3274_/RESET_B                2.507400    3.703565   -1.196165 (VIOLATED)
m.u_conv2._3275_/RESET_B                2.507400    3.703565   -1.196165 (VIOLATED)
m.u_conv2._3276_/RESET_B                2.507400    3.703565   -1.196165 (VIOLATED)
m.u_conv2._3277_/RESET_B                2.507400    3.703565   -1.196165 (VIOLATED)
m.u_conv2._3278_/RESET_B                2.507400    3.703565   -1.196165 (VIOLATED)
m.u_conv2._3279_/RESET_B                2.507400    3.703565   -1.196165 (VIOLATED)
m.u_conv2._3280_/RESET_B                2.507400    3.703565   -1.196165 (VIOLATED)
m.u_conv2._3281_/RESET_B                2.507400    3.703565   -1.196165 (VIOLATED)
m.u_conv2._3282_/RESET_B                2.507400    3.703565   -1.196165 (VIOLATED)
m.u_conv2._3283_/RESET_B                2.507400    3.703565   -1.196165 (VIOLATED)
m.u_conv2._3284_/RESET_B                2.507400    3.703565   -1.196165 (VIOLATED)
m.u_conv2._3285_/RESET_B                2.507400    3.703565   -1.196165 (VIOLATED)
m.u_conv2._3286_/RESET_B                2.507400    3.703565   -1.196165 (VIOLATED)
m.u_conv2._3287_/RESET_B                2.507400    3.703565   -1.196165 (VIOLATED)
m.u_conv2._3288_/RESET_B                2.507400    3.703565   -1.196165 (VIOLATED)
m.u_conv2._3289_/RESET_B                2.507400    3.703565   -1.196165 (VIOLATED)
m.u_conv2._3290_/RESET_B                2.507400    3.703565   -1.196165 (VIOLATED)
m.u_conv2._3291_/RESET_B                2.507400    3.703565   -1.196165 (VIOLATED)
m.u_conv2._3292_/RESET_B                2.507400    3.703565   -1.196165 (VIOLATED)
m.u_conv2._3293_/RESET_B                2.507400    3.703565   -1.196165 (VIOLATED)
m.u_conv2._3294_/RESET_B                2.507400    3.703565   -1.196165 (VIOLATED)
m.u_conv2._3295_/RESET_B                2.507400    3.703565   -1.196165 (VIOLATED)
m.u_conv2._3296_/RESET_B                2.507400    3.703565   -1.196165 (VIOLATED)
m.u_conv2._3297_/RESET_B                2.507400    3.703565   -1.196165 (VIOLATED)
m.u_conv2._3298_/RESET_B                2.507400    3.703565   -1.196165 (VIOLATED)
m.u_conv2._3299_/RESET_B                2.507400    3.703565   -1.196165 (VIOLATED)
m.u_conv2._3300_/RESET_B                2.507400    3.703565   -1.196165 (VIOLATED)
m.u_conv2._3301_/RESET_B                2.507400    3.703565   -1.196165 (VIOLATED)
m.u_conv2._3302_/RESET_B                2.507400    3.703565   -1.196165 (VIOLATED)
m.u_conv2._3303_/RESET_B                2.507400    3.703565   -1.196165 (VIOLATED)
m.u_conv2._3304_/RESET_B                2.507400    3.703565   -1.196165 (VIOLATED)
m.u_conv2._3305_/RESET_B                2.507400    3.703565   -1.196165 (VIOLATED)
m.u_conv2._3306_/RESET_B                2.507400    3.703565   -1.196165 (VIOLATED)
m.u_conv2._3307_/RESET_B                2.507400    3.703565   -1.196165 (VIOLATED)
m.u_conv2._3308_/RESET_B                2.507400    3.703565   -1.196165 (VIOLATED)
m.u_conv2._3309_/RESET_B                2.507400    3.703565   -1.196165 (VIOLATED)
m.u_conv2._3310_/RESET_B                2.507400    3.703565   -1.196165 (VIOLATED)
m.u_conv2._3311_/RESET_B                2.507400    3.703565   -1.196165 (VIOLATED)
m.u_conv2._3312_/RESET_B                2.507400    3.703565   -1.196165 (VIOLATED)
m.u_conv2._3313_/RESET_B                2.507400    3.703565   -1.196165 (VIOLATED)
m.u_conv2._3314_/RESET_B                2.507400    3.703565   -1.196165 (VIOLATED)
m.u_conv2._3315_/RESET_B                2.507400    3.703565   -1.196165 (VIOLATED)
m.u_conv2._3316_/RESET_B                2.507400    3.703565   -1.196165 (VIOLATED)
m.u_conv2._3317_/RESET_B                2.507400    3.703565   -1.196165 (VIOLATED)
m.u_conv2._3318_/RESET_B                2.507400    3.703565   -1.196165 (VIOLATED)
m.u_conv2._3319_/RESET_B                2.507400    3.703565   -1.196165 (VIOLATED)
m.u_conv2._3320_/RESET_B                2.507400    3.703565   -1.196165 (VIOLATED)
m.u_conv2._3321_/RESET_B                2.507400    3.703565   -1.196165 (VIOLATED)
m.u_conv2._3322_/RESET_B                2.507400    3.703565   -1.196165 (VIOLATED)
m.u_conv2._3323_/RESET_B                2.507400    3.703565   -1.196165 (VIOLATED)
m.u_conv2._3324_/RESET_B                2.507400    3.703565   -1.196165 (VIOLATED)
m.u_conv2._3325_/RESET_B                2.507400    3.703565   -1.196165 (VIOLATED)
m.u_conv2._3326_/RESET_B                2.507400    3.703565   -1.196165 (VIOLATED)
m.u_conv2._3327_/RESET_B                2.507400    3.703565   -1.196165 (VIOLATED)
m.u_conv2._3328_/RESET_B                2.507400    3.703565   -1.196165 (VIOLATED)
m.u_conv2._3329_/RESET_B                2.507400    3.703565   -1.196165 (VIOLATED)
m.u_conv2._3330_/RESET_B                2.507400    3.703565   -1.196165 (VIOLATED)
m.u_conv2._3331_/RESET_B                2.507400    3.703565   -1.196165 (VIOLATED)
m.u_conv2._3332_/RESET_B                2.507400    3.703565   -1.196165 (VIOLATED)
m.u_conv2._3333_/RESET_B                2.507400    3.703565   -1.196165 (VIOLATED)
m.u_conv2._3334_/RESET_B                2.507400    3.703565   -1.196165 (VIOLATED)
m.u_conv2._3335_/RESET_B                2.507400    3.703565   -1.196165 (VIOLATED)
m.u_conv2._3336_/RESET_B                2.507400    3.703565   -1.196165 (VIOLATED)
m.u_conv2._3337_/RESET_B                2.507400    3.703565   -1.196165 (VIOLATED)
m.u_conv2._3338_/RESET_B                2.507400    3.703565   -1.196165 (VIOLATED)
m.u_conv2._3339_/RESET_B                2.507400    3.703565   -1.196165 (VIOLATED)
m.u_conv2._3340_/RESET_B                2.507400    3.703565   -1.196165 (VIOLATED)
m.u_conv2._3341_/RESET_B                2.507400    3.703565   -1.196165 (VIOLATED)
m.u_conv2._3342_/RESET_B                2.507400    3.703565   -1.196165 (VIOLATED)
m.u_conv2._3343_/RESET_B                2.507400    3.703565   -1.196165 (VIOLATED)
m.u_conv2._3344_/RESET_B                2.507400    3.703565   -1.196165 (VIOLATED)
m.u_conv2._3345_/RESET_B                2.507400    3.703565   -1.196165 (VIOLATED)
m.u_conv2._3346_/RESET_B                2.507400    3.703565   -1.196165 (VIOLATED)
m.u_conv2._3347_/RESET_B                2.507400    3.703565   -1.196165 (VIOLATED)
m.u_conv2._3348_/RESET_B                2.507400    3.703565   -1.196165 (VIOLATED)
m.u_conv2._3349_/RESET_B                2.507400    3.703565   -1.196165 (VIOLATED)
m.u_conv2._3350_/RESET_B                2.507400    3.703565   -1.196165 (VIOLATED)
m.u_conv2._3351_/RESET_B                2.507400    3.703565   -1.196165 (VIOLATED)
m.u_conv2._3352_/RESET_B                2.507400    3.703565   -1.196165 (VIOLATED)
m.u_conv2._3353_/RESET_B                2.507400    3.703565   -1.196165 (VIOLATED)
m.u_conv2._3354_/RESET_B                2.507400    3.703565   -1.196165 (VIOLATED)
m.u_conv2._3355_/RESET_B                2.507400    3.703565   -1.196165 (VIOLATED)
m.u_conv2._3356_/RESET_B                2.507400    3.703565   -1.196165 (VIOLATED)
m.u_conv2._3357_/RESET_B                2.507400    3.703565   -1.196165 (VIOLATED)
m.u_conv2._3358_/RESET_B                2.507400    3.703565   -1.196165 (VIOLATED)
m.u_conv2._3359_/RESET_B                2.507400    3.703565   -1.196165 (VIOLATED)
m.u_conv2._3360_/RESET_B                2.507400    3.703565   -1.196165 (VIOLATED)
m.u_conv2._3361_/RESET_B                2.507400    3.703565   -1.196165 (VIOLATED)
m.u_conv2._3362_/RESET_B                2.507400    3.703565   -1.196165 (VIOLATED)
m.u_conv2._3363_/RESET_B                2.507400    3.703565   -1.196165 (VIOLATED)
m.u_conv2._3364_/RESET_B                2.507400    3.703565   -1.196165 (VIOLATED)
m.u_conv2._3365_/RESET_B                2.507400    3.703565   -1.196165 (VIOLATED)
m.u_conv2._3366_/RESET_B                2.507400    3.703565   -1.196165 (VIOLATED)
m.u_conv2._3367_/RESET_B                2.507400    3.703565   -1.196165 (VIOLATED)
m.u_conv2._3368_/RESET_B                2.507400    3.703565   -1.196165 (VIOLATED)
m.u_conv2._3369_/RESET_B                2.507400    3.703565   -1.196165 (VIOLATED)
m.u_conv2._3370_/RESET_B                2.507400    3.703565   -1.196165 (VIOLATED)
m.u_conv2._3371_/RESET_B                2.507400    3.703565   -1.196165 (VIOLATED)
m.u_conv2._3372_/RESET_B                2.507400    3.703565   -1.196165 (VIOLATED)
m.u_conv2._3373_/RESET_B                2.507400    3.703565   -1.196165 (VIOLATED)
m.u_conv2._3374_/RESET_B                2.507400    3.703565   -1.196165 (VIOLATED)
m.u_conv2._3375_/RESET_B                2.507400    3.703565   -1.196165 (VIOLATED)
m.u_conv2._3376_/RESET_B                2.507400    3.703565   -1.196165 (VIOLATED)
m.u_conv2._3377_/RESET_B                2.507400    3.703565   -1.196165 (VIOLATED)
m.u_conv2._3378_/RESET_B                2.507400    3.703565   -1.196165 (VIOLATED)
m.u_conv2._3379_/RESET_B                2.507400    3.703565   -1.196165 (VIOLATED)
m.u_conv2._3380_/RESET_B                2.507400    3.703565   -1.196165 (VIOLATED)
m.u_conv2._3381_/RESET_B                2.507400    3.703565   -1.196165 (VIOLATED)
m.u_conv2._3382_/RESET_B                2.507400    3.703565   -1.196165 (VIOLATED)
m.u_conv2._3383_/RESET_B                2.507400    3.703565   -1.196165 (VIOLATED)
m.u_conv2._3384_/RESET_B                2.507400    3.703565   -1.196165 (VIOLATED)
m.u_conv2._3385_/RESET_B                2.507400    3.703565   -1.196165 (VIOLATED)
m.u_conv2._3386_/RESET_B                2.507400    3.703565   -1.196165 (VIOLATED)
m.u_conv2._3387_/RESET_B                2.507400    3.703565   -1.196165 (VIOLATED)
m.u_conv2._3388_/RESET_B                2.507400    3.703565   -1.196165 (VIOLATED)
m.u_conv2._3389_/RESET_B                2.507400    3.703565   -1.196165 (VIOLATED)
m.u_conv2._3390_/RESET_B                2.507400    3.703565   -1.196165 (VIOLATED)
m.u_conv2._3391_/RESET_B                2.507400    3.703565   -1.196165 (VIOLATED)
m.u_conv2._3392_/RESET_B                2.507400    3.703565   -1.196165 (VIOLATED)
m.u_conv2._3393_/RESET_B                2.507400    3.703565   -1.196165 (VIOLATED)
m.u_conv2._3394_/RESET_B                2.507400    3.703565   -1.196165 (VIOLATED)
m.u_conv2._3395_/RESET_B                2.507400    3.703565   -1.196165 (VIOLATED)
m.u_conv2._3396_/RESET_B                2.507400    3.703565   -1.196165 (VIOLATED)
m.u_conv2._3397_/RESET_B                2.507400    3.703565   -1.196165 (VIOLATED)
m.u_conv2._3398_/RESET_B                2.507400    3.703565   -1.196165 (VIOLATED)
m.u_conv2._3399_/RESET_B                2.507400    3.703565   -1.196165 (VIOLATED)
m.u_conv2._3400_/RESET_B                2.507400    3.703565   -1.196165 (VIOLATED)
m.u_conv2._3401_/RESET_B                2.507400    3.703565   -1.196165 (VIOLATED)
m.u_conv2._3402_/RESET_B                2.507400    3.703565   -1.196165 (VIOLATED)
m.u_conv2._3403_/RESET_B                2.507400    3.703565   -1.196165 (VIOLATED)
m.u_conv2._3404_/RESET_B                2.507400    3.703565   -1.196165 (VIOLATED)
m.u_conv2._3405_/RESET_B                2.507400    3.703565   -1.196165 (VIOLATED)
m.u_conv2._3406_/RESET_B                2.507400    3.703565   -1.196165 (VIOLATED)
m.u_conv2._3407_/RESET_B                2.507400    3.703565   -1.196165 (VIOLATED)
m.u_conv2._3408_/RESET_B                2.507400    3.703565   -1.196165 (VIOLATED)
m.u_conv2._3409_/RESET_B                2.507400    3.703565   -1.196165 (VIOLATED)
m.u_conv2._3410_/RESET_B                2.507400    3.703565   -1.196165 (VIOLATED)
m.u_conv2._3411_/RESET_B                2.507400    3.703565   -1.196165 (VIOLATED)
m.u_conv2._3412_/RESET_B                2.507400    3.703565   -1.196165 (VIOLATED)
m.u_conv2._3413_/RESET_B                2.507400    3.703565   -1.196165 (VIOLATED)
m.u_conv2._3414_/RESET_B                2.507400    3.703565   -1.196165 (VIOLATED)
m.u_conv2._3415_/RESET_B                2.507400    3.703565   -1.196165 (VIOLATED)
m.u_conv2._3416_/RESET_B                2.507400    3.703565   -1.196165 (VIOLATED)
m.u_conv2._3417_/RESET_B                2.507400    3.703565   -1.196165 (VIOLATED)
m.u_conv2._3418_/RESET_B                2.507400    3.703565   -1.196165 (VIOLATED)
m.u_conv2._3419_/RESET_B                2.507400    3.703565   -1.196165 (VIOLATED)
m.u_conv2._3420_/RESET_B                2.507400    3.703565   -1.196165 (VIOLATED)
m.u_conv2._3421_/RESET_B                2.507400    3.703565   -1.196165 (VIOLATED)
m.u_conv2._3422_/RESET_B                2.507400    3.703565   -1.196165 (VIOLATED)
m.u_conv2._3423_/RESET_B                2.507400    3.703565   -1.196165 (VIOLATED)
m.u_conv2._3424_/RESET_B                2.507400    3.703565   -1.196165 (VIOLATED)
m.u_conv2._3425_/RESET_B                2.507400    3.703565   -1.196165 (VIOLATED)
m.u_conv2._3426_/RESET_B                2.507400    3.703565   -1.196165 (VIOLATED)
m.u_conv2._3427_/RESET_B                2.507400    3.703565   -1.196165 (VIOLATED)
m.u_conv2._3428_/RESET_B                2.507400    3.703565   -1.196165 (VIOLATED)
m.u_conv2._3429_/RESET_B                2.507400    3.703565   -1.196165 (VIOLATED)
m.u_conv2._3430_/RESET_B                2.507400    3.703565   -1.196165 (VIOLATED)
m.u_conv2._3431_/RESET_B                2.507400    3.703565   -1.196165 (VIOLATED)
m.u_conv2._3432_/RESET_B                2.507400    3.703565   -1.196165 (VIOLATED)
m.u_conv2._3433_/RESET_B                2.507400    3.703565   -1.196165 (VIOLATED)
m.u_conv2._3434_/RESET_B                2.507400    3.703565   -1.196165 (VIOLATED)
m.u_conv2._3435_/RESET_B                2.507400    3.703565   -1.196165 (VIOLATED)
m.u_conv2._3436_/RESET_B                2.507400    3.703565   -1.196165 (VIOLATED)
m.u_conv2._3437_/RESET_B                2.507400    3.703565   -1.196165 (VIOLATED)
m.u_conv2._3438_/RESET_B                2.507400    3.703565   -1.196165 (VIOLATED)
m.u_conv2._3439_/RESET_B                2.507400    3.703565   -1.196165 (VIOLATED)
m.u_conv2._3440_/RESET_B                2.507400    3.703565   -1.196165 (VIOLATED)
m.u_conv2._3441_/RESET_B                2.507400    3.703565   -1.196165 (VIOLATED)
m.u_conv2._3442_/RESET_B                2.507400    3.703565   -1.196165 (VIOLATED)
m.u_conv2._3443_/RESET_B                2.507400    3.703565   -1.196165 (VIOLATED)
m.u_conv2._3444_/RESET_B                2.507400    3.703565   -1.196165 (VIOLATED)
m.u_conv2._3445_/RESET_B                2.507400    3.703565   -1.196165 (VIOLATED)
m.u_conv2._3446_/RESET_B                2.507400    3.703565   -1.196165 (VIOLATED)
m.u_conv2._3447_/RESET_B                2.507400    3.703565   -1.196165 (VIOLATED)
m.u_conv2._3448_/RESET_B                2.507400    3.703565   -1.196165 (VIOLATED)
m.u_conv2._3449_/RESET_B                2.507400    3.703565   -1.196165 (VIOLATED)
m.u_conv2._3450_/RESET_B                2.507400    3.703565   -1.196165 (VIOLATED)
m.u_conv2._3451_/RESET_B                2.507400    3.703565   -1.196165 (VIOLATED)
m.u_conv2._3452_/RESET_B                2.507400    3.703565   -1.196165 (VIOLATED)
m.u_conv2._3453_/RESET_B                2.507400    3.703565   -1.196165 (VIOLATED)
m.u_conv2._3454_/RESET_B                2.507400    3.703565   -1.196165 (VIOLATED)
m.u_conv2._3455_/RESET_B                2.507400    3.703565   -1.196165 (VIOLATED)
m.u_conv2._3456_/RESET_B                2.507400    3.703565   -1.196165 (VIOLATED)
m.u_conv2._3457_/RESET_B                2.507400    3.703565   -1.196165 (VIOLATED)
m.u_conv2._3458_/RESET_B                2.507400    3.703565   -1.196165 (VIOLATED)
m.u_conv2._3459_/RESET_B                2.507400    3.703565   -1.196165 (VIOLATED)
m.u_conv2._3460_/RESET_B                2.507400    3.703565   -1.196165 (VIOLATED)
m.u_conv2._3461_/RESET_B                2.507400    3.703565   -1.196165 (VIOLATED)
m.u_conv2._3462_/RESET_B                2.507400    3.703565   -1.196165 (VIOLATED)
m.u_conv2._3463_/RESET_B                2.507400    3.703565   -1.196165 (VIOLATED)
m.u_conv2._3464_/RESET_B                2.507400    3.703565   -1.196165 (VIOLATED)
m.u_conv2._3465_/RESET_B                2.507400    3.703565   -1.196165 (VIOLATED)
m.u_conv2._3466_/RESET_B                2.507400    3.703565   -1.196165 (VIOLATED)
m.u_conv2._3467_/RESET_B                2.507400    3.703565   -1.196165 (VIOLATED)
m.u_conv2._3468_/RESET_B                2.507400    3.703565   -1.196165 (VIOLATED)
m.u_conv2._3469_/RESET_B                2.507400    3.703565   -1.196165 (VIOLATED)
m.u_conv2._3470_/RESET_B                2.507400    3.703565   -1.196165 (VIOLATED)
m.u_conv2._3471_/RESET_B                2.507400    3.703565   -1.196165 (VIOLATED)
m.u_conv2._3472_/RESET_B                2.507400    3.703565   -1.196165 (VIOLATED)
m.u_conv2._3473_/RESET_B                2.507400    3.703565   -1.196165 (VIOLATED)
m.u_conv2._3474_/RESET_B                2.507400    3.703565   -1.196165 (VIOLATED)
m.u_conv2._3475_/RESET_B                2.507400    3.703565   -1.196165 (VIOLATED)
m.u_conv2._3476_/RESET_B                2.507400    3.703565   -1.196165 (VIOLATED)
m.u_conv2._3477_/RESET_B                2.507400    3.703565   -1.196165 (VIOLATED)
m.u_conv2._3478_/RESET_B                2.507400    3.703565   -1.196165 (VIOLATED)
m.u_conv2._3479_/RESET_B                2.507400    3.703565   -1.196165 (VIOLATED)
m.u_conv2._3480_/RESET_B                2.507400    3.703565   -1.196165 (VIOLATED)
m.u_conv2._3481_/RESET_B                2.507400    3.703565   -1.196165 (VIOLATED)
m.u_conv2._3482_/RESET_B                2.507400    3.703565   -1.196165 (VIOLATED)
m.u_conv2._3483_/RESET_B                2.507400    3.703565   -1.196165 (VIOLATED)
m.u_conv2._3484_/RESET_B                2.507400    3.703565   -1.196165 (VIOLATED)
m.u_conv2._3485_/RESET_B                2.507400    3.703565   -1.196165 (VIOLATED)
m.u_conv2._3486_/RESET_B                2.507400    3.703565   -1.196165 (VIOLATED)
m.u_conv2._3487_/RESET_B                2.507400    3.703565   -1.196165 (VIOLATED)
m.u_conv2._3488_/RESET_B                2.507400    3.703565   -1.196165 (VIOLATED)
m.u_conv2._3489_/RESET_B                2.507400    3.703565   -1.196165 (VIOLATED)
m.u_conv2._3490_/RESET_B                2.507400    3.703565   -1.196165 (VIOLATED)
m.u_conv2._3491_/RESET_B                2.507400    3.703565   -1.196165 (VIOLATED)
m.u_conv2._3492_/RESET_B                2.507400    3.703565   -1.196165 (VIOLATED)
m.u_conv2._3493_/RESET_B                2.507400    3.703565   -1.196165 (VIOLATED)
m.u_conv2._3494_/RESET_B                2.507400    3.703565   -1.196165 (VIOLATED)
m.u_conv2._3495_/RESET_B                2.507400    3.703565   -1.196165 (VIOLATED)
m.u_conv2._3496_/RESET_B                2.507400    3.703565   -1.196165 (VIOLATED)
m.u_conv2._3497_/RESET_B                2.507400    3.703565   -1.196165 (VIOLATED)
m.u_conv2._3498_/RESET_B                2.507400    3.703565   -1.196165 (VIOLATED)
m.u_conv2._3499_/RESET_B                2.507400    3.703565   -1.196165 (VIOLATED)
m.u_conv2._3500_/RESET_B                2.507400    3.703565   -1.196165 (VIOLATED)
m.u_conv2._3501_/RESET_B                2.507400    3.703565   -1.196165 (VIOLATED)
m.u_conv2._3502_/RESET_B                2.507400    3.703565   -1.196165 (VIOLATED)
m.u_conv2._3503_/RESET_B                2.507400    3.703565   -1.196165 (VIOLATED)
m.u_conv2._3504_/RESET_B                2.507400    3.703565   -1.196165 (VIOLATED)
m.u_conv2._3505_/RESET_B                2.507400    3.703565   -1.196165 (VIOLATED)
m.u_conv2._3506_/RESET_B                2.507400    3.703565   -1.196165 (VIOLATED)
m.u_conv2._3507_/RESET_B                2.507400    3.703565   -1.196165 (VIOLATED)
m.u_conv2._3508_/RESET_B                2.507400    3.703565   -1.196165 (VIOLATED)
m.u_conv2._3509_/RESET_B                2.507400    3.703565   -1.196165 (VIOLATED)
m.u_conv2._3510_/RESET_B                2.507400    3.703565   -1.196165 (VIOLATED)
m.u_conv2._3511_/RESET_B                2.507400    3.703565   -1.196165 (VIOLATED)
m.u_conv2._3512_/RESET_B                2.507400    3.703565   -1.196165 (VIOLATED)
m.u_conv2._3513_/RESET_B                2.507400    3.703565   -1.196165 (VIOLATED)
m.u_conv2._3514_/RESET_B                2.507400    3.703565   -1.196165 (VIOLATED)
m.u_conv2._3515_/RESET_B                2.507400    3.703565   -1.196165 (VIOLATED)
m.u_conv2._3516_/RESET_B                2.507400    3.703565   -1.196165 (VIOLATED)
m.u_conv2._3517_/RESET_B                2.507400    3.703565   -1.196165 (VIOLATED)
m.u_conv2._3518_/RESET_B                2.507400    3.703565   -1.196165 (VIOLATED)
m.u_conv2._3519_/RESET_B                2.507400    3.703565   -1.196165 (VIOLATED)
m.u_conv2._3520_/RESET_B                2.507400    3.703565   -1.196165 (VIOLATED)
m.u_conv2._3521_/RESET_B                2.507400    3.703565   -1.196165 (VIOLATED)
m.u_conv2._3522_/RESET_B                2.507400    3.703565   -1.196165 (VIOLATED)
m.u_conv2._3523_/RESET_B                2.507400    3.703565   -1.196165 (VIOLATED)
m.u_conv2._3524_/RESET_B                2.507400    3.703565   -1.196165 (VIOLATED)
m.u_conv2._3525_/RESET_B                2.507400    3.703565   -1.196165 (VIOLATED)
m.u_conv2._3526_/RESET_B                2.507400    3.703565   -1.196165 (VIOLATED)
m.u_conv2._3527_/RESET_B                2.507400    3.703565   -1.196165 (VIOLATED)
m.u_conv2._3528_/RESET_B                2.507400    3.703565   -1.196165 (VIOLATED)
m.u_conv2._3529_/RESET_B                2.507400    3.703565   -1.196165 (VIOLATED)
m.u_conv2._3530_/RESET_B                2.507400    3.703565   -1.196165 (VIOLATED)
m.u_conv2._3531_/RESET_B                2.507400    3.703565   -1.196165 (VIOLATED)
m.u_conv2._3532_/RESET_B                2.507400    3.703565   -1.196165 (VIOLATED)
m.u_conv2._3533_/RESET_B                2.507400    3.703565   -1.196165 (VIOLATED)
m.u_conv2._3534_/RESET_B                2.507400    3.703565   -1.196165 (VIOLATED)
m.u_conv2._3535_/RESET_B                2.507400    3.703565   -1.196165 (VIOLATED)
m.u_conv2._3536_/RESET_B                2.507400    3.703565   -1.196165 (VIOLATED)
m.u_conv2._3537_/RESET_B                2.507400    3.703565   -1.196165 (VIOLATED)
m.u_conv2._3538_/RESET_B                2.507400    3.703565   -1.196165 (VIOLATED)
m.u_conv2._3539_/RESET_B                2.507400    3.703565   -1.196165 (VIOLATED)
m.u_conv2._3540_/RESET_B                2.507400    3.703565   -1.196165 (VIOLATED)
m.u_conv2._3541_/RESET_B                2.507400    3.703565   -1.196165 (VIOLATED)
m.u_conv2._3542_/RESET_B                2.507400    3.703565   -1.196165 (VIOLATED)
m.u_conv2._3543_/RESET_B                2.507400    3.703565   -1.196165 (VIOLATED)
m.u_conv2._3544_/RESET_B                2.507400    3.703565   -1.196165 (VIOLATED)
m.u_conv2._3545_/RESET_B                2.507400    3.703565   -1.196165 (VIOLATED)
m.u_conv2._3546_/RESET_B                2.507400    3.703565   -1.196165 (VIOLATED)
m.u_conv2._3547_/RESET_B                2.507400    3.703565   -1.196165 (VIOLATED)
m.u_conv2._3548_/RESET_B                2.507400    3.703565   -1.196165 (VIOLATED)
m.u_conv2._3549_/RESET_B                2.507400    3.703565   -1.196165 (VIOLATED)
m.u_conv2._3550_/RESET_B                2.507400    3.703565   -1.196165 (VIOLATED)
m.u_conv2._3551_/RESET_B                2.507400    3.703565   -1.196165 (VIOLATED)
m.u_conv2._3552_/RESET_B                2.507400    3.703565   -1.196165 (VIOLATED)
m.u_conv2._3553_/RESET_B                2.507400    3.703565   -1.196165 (VIOLATED)
m.u_conv2._3554_/RESET_B                2.507400    3.703565   -1.196165 (VIOLATED)
m.u_conv2._3555_/RESET_B                2.507400    3.703565   -1.196165 (VIOLATED)
m.u_conv2._3556_/RESET_B                2.507400    3.703565   -1.196165 (VIOLATED)
m.u_conv2._3557_/RESET_B                2.507400    3.703565   -1.196165 (VIOLATED)
m.u_conv2._3558_/RESET_B                2.507400    3.703565   -1.196165 (VIOLATED)
m.u_conv2._3559_/RESET_B                2.507400    3.703565   -1.196165 (VIOLATED)
m.u_conv2._3560_/RESET_B                2.507400    3.703565   -1.196165 (VIOLATED)
m.u_conv2._3561_/RESET_B                2.507400    3.703565   -1.196165 (VIOLATED)
m.u_conv2._3562_/RESET_B                2.507400    3.703565   -1.196165 (VIOLATED)
m.u_conv2._3563_/RESET_B                2.507400    3.703565   -1.196165 (VIOLATED)
m.u_conv2._3564_/RESET_B                2.507400    3.703565   -1.196165 (VIOLATED)
m.u_conv2._3565_/RESET_B                2.507400    3.703565   -1.196165 (VIOLATED)
m.u_conv2._3566_/RESET_B                2.507400    3.703565   -1.196165 (VIOLATED)
m.u_conv2._3567_/RESET_B                2.507400    3.703565   -1.196165 (VIOLATED)
m.u_conv2._3568_/RESET_B                2.507400    3.703565   -1.196165 (VIOLATED)
m.u_conv2._3569_/RESET_B                2.507400    3.703565   -1.196165 (VIOLATED)
m.u_conv2._3570_/RESET_B                2.507400    3.703565   -1.196165 (VIOLATED)
m.u_conv2._3571_/RESET_B                2.507400    3.703565   -1.196165 (VIOLATED)
m.u_conv2._3572_/RESET_B                2.507400    3.703565   -1.196165 (VIOLATED)
m.u_conv2._3573_/RESET_B                2.507400    3.703565   -1.196165 (VIOLATED)
m.u_conv2._3574_/RESET_B                2.507400    3.703565   -1.196165 (VIOLATED)
m.u_conv2._3575_/RESET_B                2.507400    3.703565   -1.196165 (VIOLATED)
m.u_conv2._3576_/RESET_B                2.507400    3.703565   -1.196165 (VIOLATED)
m.u_conv2._3577_/RESET_B                2.507400    3.703565   -1.196165 (VIOLATED)
m.u_conv2._3578_/RESET_B                2.507400    3.703565   -1.196165 (VIOLATED)
m.u_conv2._3579_/RESET_B                2.507400    3.703565   -1.196165 (VIOLATED)
m.u_conv2._3580_/RESET_B                2.507400    3.703565   -1.196165 (VIOLATED)
m.u_conv2._3581_/RESET_B                2.507400    3.703565   -1.196165 (VIOLATED)
m.u_conv2._3582_/RESET_B                2.507400    3.703565   -1.196165 (VIOLATED)
m.u_conv2._3583_/RESET_B                2.507400    3.703565   -1.196165 (VIOLATED)
m.u_conv2._3584_/RESET_B                2.507400    3.703565   -1.196165 (VIOLATED)
m.u_conv2._3585_/RESET_B                2.507400    3.703565   -1.196165 (VIOLATED)
m.u_conv2._3586_/RESET_B                2.507400    3.703565   -1.196165 (VIOLATED)
m.u_conv2._3587_/RESET_B                2.507400    3.703565   -1.196165 (VIOLATED)
m.u_conv2._3588_/RESET_B                2.507400    3.703565   -1.196165 (VIOLATED)
m.u_conv2._3589_/RESET_B                2.507400    3.703565   -1.196165 (VIOLATED)
m.u_conv2._3590_/RESET_B                2.507400    3.703565   -1.196165 (VIOLATED)
m.u_conv2._3591_/RESET_B                2.507400    3.703565   -1.196165 (VIOLATED)
m.u_conv2._3592_/RESET_B                2.507400    3.703565   -1.196165 (VIOLATED)
m.u_conv2._3593_/RESET_B                2.507400    3.703565   -1.196165 (VIOLATED)
m.u_conv2._3594_/RESET_B                2.507400    3.703565   -1.196165 (VIOLATED)
m.u_conv2._3595_/RESET_B                2.507400    3.703565   -1.196165 (VIOLATED)
m.u_conv2._3596_/RESET_B                2.507400    3.703565   -1.196165 (VIOLATED)
m.u_conv2._3597_/RESET_B                2.507400    3.703565   -1.196165 (VIOLATED)
m.u_conv2._3598_/RESET_B                2.507400    3.703565   -1.196165 (VIOLATED)
m.u_conv2._3599_/RESET_B                2.507400    3.703565   -1.196165 (VIOLATED)
m.u_conv2._3600_/RESET_B                2.507400    3.703565   -1.196165 (VIOLATED)
m.u_conv2._3601_/RESET_B                2.507400    3.703565   -1.196165 (VIOLATED)
m.u_conv2._3602_/RESET_B                2.507400    3.703565   -1.196165 (VIOLATED)
m.u_conv2._3603_/RESET_B                2.507400    3.703565   -1.196165 (VIOLATED)
m.u_conv2._3604_/RESET_B                2.507400    3.703565   -1.196165 (VIOLATED)
m.u_conv2._3605_/RESET_B                2.507400    3.703565   -1.196165 (VIOLATED)
m.u_conv2._3606_/RESET_B                2.507400    3.703565   -1.196165 (VIOLATED)
m.u_conv2._3607_/RESET_B                2.507400    3.703565   -1.196165 (VIOLATED)
m.u_conv2._3608_/RESET_B                2.507400    3.703565   -1.196165 (VIOLATED)
m.u_conv2._3609_/RESET_B                2.507400    3.703565   -1.196165 (VIOLATED)
m.u_conv2._3610_/RESET_B                2.507400    3.703565   -1.196165 (VIOLATED)
m.u_conv2._3611_/RESET_B                2.507400    3.703565   -1.196165 (VIOLATED)
m.u_conv2._3612_/RESET_B                2.507400    3.703565   -1.196165 (VIOLATED)
m.u_conv2._3613_/RESET_B                2.507400    3.703565   -1.196165 (VIOLATED)
m.u_conv2._3614_/RESET_B                2.507400    3.703565   -1.196165 (VIOLATED)
m.u_conv2._3615_/RESET_B                2.507400    3.703565   -1.196165 (VIOLATED)
m.u_conv2._3616_/RESET_B                2.507400    3.703565   -1.196165 (VIOLATED)
m.u_conv2._3617_/RESET_B                2.507400    3.703565   -1.196165 (VIOLATED)
m.u_conv2._3618_/RESET_B                2.507400    3.703565   -1.196165 (VIOLATED)
m.u_conv2._3619_/RESET_B                2.507400    3.703565   -1.196165 (VIOLATED)
m.u_conv2._3620_/RESET_B                2.507400    3.703565   -1.196165 (VIOLATED)
m.u_conv2._3621_/RESET_B                2.507400    3.703565   -1.196165 (VIOLATED)
m.u_conv2._3622_/RESET_B                2.507400    3.703565   -1.196165 (VIOLATED)
m.u_conv2._3623_/RESET_B                2.507400    3.703565   -1.196165 (VIOLATED)
m.u_conv2._3624_/RESET_B                2.507400    3.703565   -1.196165 (VIOLATED)
m.u_conv2._3625_/RESET_B                2.507400    3.703565   -1.196165 (VIOLATED)
m.u_conv2._3626_/RESET_B                2.507400    3.703565   -1.196165 (VIOLATED)
m.u_conv2._3627_/RESET_B                2.507400    3.703565   -1.196165 (VIOLATED)
m.u_conv2._3628_/RESET_B                2.507400    3.703565   -1.196165 (VIOLATED)
m.u_conv2._3629_/RESET_B                2.507400    3.703565   -1.196165 (VIOLATED)
m.u_conv2._3630_/RESET_B                2.507400    3.703565   -1.196165 (VIOLATED)
m.u_conv2._3631_/RESET_B                2.507400    3.703565   -1.196165 (VIOLATED)
m.u_conv2._3632_/RESET_B                2.507400    3.703565   -1.196165 (VIOLATED)
m.u_conv2._3633_/RESET_B                2.507400    3.703565   -1.196165 (VIOLATED)
m.u_conv2._3634_/RESET_B                2.507400    3.703565   -1.196165 (VIOLATED)
m.u_conv2._3635_/RESET_B                2.507400    3.703565   -1.196165 (VIOLATED)
m.u_conv2._3636_/RESET_B                2.507400    3.703565   -1.196165 (VIOLATED)
m.u_conv2._3637_/RESET_B                2.507400    3.703565   -1.196165 (VIOLATED)
m.u_conv2._3638_/RESET_B                2.507400    3.703565   -1.196165 (VIOLATED)
m.u_conv2._3639_/RESET_B                2.507400    3.703565   -1.196165 (VIOLATED)
m.u_conv2._3640_/RESET_B                2.507400    3.703565   -1.196165 (VIOLATED)
m.u_conv2._3641_/RESET_B                2.507400    3.703565   -1.196165 (VIOLATED)
m.u_conv2._3642_/RESET_B                2.507400    3.703565   -1.196165 (VIOLATED)
m.u_conv2._3643_/RESET_B                2.507400    3.703565   -1.196165 (VIOLATED)
m.u_conv2._3644_/RESET_B                2.507400    3.703565   -1.196165 (VIOLATED)
m.u_conv2._3645_/RESET_B                2.507400    3.703565   -1.196165 (VIOLATED)
m.u_conv2._3646_/RESET_B                2.507400    3.703565   -1.196165 (VIOLATED)
m.u_conv2._3647_/RESET_B                2.507400    3.703565   -1.196165 (VIOLATED)
m.u_conv2._3648_/RESET_B                2.507400    3.703565   -1.196165 (VIOLATED)
m.u_conv2._3649_/RESET_B                2.507400    3.703565   -1.196165 (VIOLATED)
m.u_conv2._3650_/RESET_B                2.507400    3.703565   -1.196165 (VIOLATED)
m.u_conv2._3651_/RESET_B                2.507400    3.703565   -1.196165 (VIOLATED)
m.u_conv2._3652_/RESET_B                2.507400    3.703565   -1.196165 (VIOLATED)
m.u_conv2._3653_/RESET_B                2.507400    3.703565   -1.196165 (VIOLATED)
m.u_conv2._3654_/RESET_B                2.507400    3.703565   -1.196165 (VIOLATED)
m.u_conv2._3655_/RESET_B                2.507400    3.703565   -1.196165 (VIOLATED)
m.u_conv2._3656_/RESET_B                2.507400    3.703565   -1.196165 (VIOLATED)
m.u_conv2._3657_/RESET_B                2.507400    3.703565   -1.196165 (VIOLATED)
m.u_conv2._3658_/RESET_B                2.507400    3.703565   -1.196165 (VIOLATED)
m.u_conv2._3659_/RESET_B                2.507400    3.703565   -1.196165 (VIOLATED)
m.u_conv2._3660_/RESET_B                2.507400    3.703565   -1.196165 (VIOLATED)
m.u_conv2._3661_/RESET_B                2.507400    3.703565   -1.196165 (VIOLATED)
m.u_conv2._3662_/RESET_B                2.507400    3.703565   -1.196165 (VIOLATED)
m.u_conv2._3663_/RESET_B                2.507400    3.703565   -1.196165 (VIOLATED)
m.u_conv2._3664_/RESET_B                2.507400    3.703565   -1.196165 (VIOLATED)
m.u_conv2._3665_/RESET_B                2.507400    3.703565   -1.196165 (VIOLATED)
m.u_conv2._3666_/RESET_B                2.507400    3.703565   -1.196165 (VIOLATED)
m.u_conv2._3667_/RESET_B                2.507400    3.703565   -1.196165 (VIOLATED)
m.u_conv2._3668_/RESET_B                2.507400    3.703565   -1.196165 (VIOLATED)
m.u_conv2._3669_/RESET_B                2.507400    3.703565   -1.196165 (VIOLATED)
m.u_conv2._3670_/RESET_B                2.507400    3.703565   -1.196165 (VIOLATED)
m.u_conv2._3671_/RESET_B                2.507400    3.703565   -1.196165 (VIOLATED)
m.u_conv2._3672_/RESET_B                2.507400    3.703565   -1.196165 (VIOLATED)
m.u_conv2._3673_/RESET_B                2.507400    3.703565   -1.196165 (VIOLATED)
m.u_conv2._3674_/RESET_B                2.507400    3.703565   -1.196165 (VIOLATED)
m.u_conv2._3675_/RESET_B                2.507400    3.703565   -1.196165 (VIOLATED)
m.u_conv2._3676_/RESET_B                2.507400    3.703565   -1.196165 (VIOLATED)
m.u_conv2._3677_/RESET_B                2.507400    3.703565   -1.196165 (VIOLATED)
m.u_conv2._3678_/RESET_B                2.507400    3.703565   -1.196165 (VIOLATED)
m.u_conv2._3697_/RESET_B                2.507400    3.703565   -1.196165 (VIOLATED)
m.u_conv2._3698_/RESET_B                2.507400    3.703565   -1.196165 (VIOLATED)
m.u_conv2._3699_/RESET_B                2.507400    3.703565   -1.196165 (VIOLATED)
m.u_conv2._3700_/RESET_B                2.507400    3.703565   -1.196165 (VIOLATED)
m.u_conv2._3701_/RESET_B                2.507400    3.703565   -1.196165 (VIOLATED)
m.u_conv2._3702_/RESET_B                2.507400    3.703565   -1.196165 (VIOLATED)
m.u_conv2._3703_/RESET_B                2.507400    3.703565   -1.196165 (VIOLATED)
m.u_conv2.u_loader._900_/RESET_B        2.507400    3.703565   -1.196165 (VIOLATED)
m.u_conv2.u_loader._901_/RESET_B        2.507400    3.703565   -1.196165 (VIOLATED)
m.u_conv2.u_loader._902_/RESET_B        2.507400    3.703565   -1.196165 (VIOLATED)
m.u_conv2.u_loader._903_/RESET_B        2.507400    3.703565   -1.196165 (VIOLATED)
m.u_conv2.u_loader._904_/RESET_B        2.507400    3.703565   -1.196165 (VIOLATED)
m.u_conv2.u_loader._905_/RESET_B        2.507400    3.703565   -1.196165 (VIOLATED)
m.u_conv2.u_loader._906_/RESET_B        2.507400    3.703565   -1.196165 (VIOLATED)
m.u_conv2.u_loader._907_/RESET_B        2.507400    3.703565   -1.196165 (VIOLATED)
m.u_conv2.u_loader._908_/RESET_B        2.507400    3.703565   -1.196165 (VIOLATED)
m.u_conv2.u_loader._909_/RESET_B        2.507400    3.703565   -1.196165 (VIOLATED)
m.u_conv2.u_loader._910_/RESET_B        2.507400    3.703565   -1.196165 (VIOLATED)
m.u_conv2.u_loader._911_/RESET_B        2.507400    3.703565   -1.196165 (VIOLATED)
m.u_conv2.u_loader._912_/RESET_B        2.507400    3.703565   -1.196165 (VIOLATED)
m.u_conv2.u_loader._913_/RESET_B        2.507400    3.703565   -1.196165 (VIOLATED)
m.u_conv2.u_loader._914_/RESET_B        2.507400    3.703565   -1.196165 (VIOLATED)
m.u_conv2.u_loader._915_/RESET_B        2.507400    3.703565   -1.196165 (VIOLATED)
m.u_conv2.u_loader._916_/RESET_B        2.507400    3.703565   -1.196165 (VIOLATED)
m.u_conv2.u_loader._917_/RESET_B        2.507400    3.703565   -1.196165 (VIOLATED)
m.u_conv2.u_loader._918_/RESET_B        2.507400    3.703565   -1.196165 (VIOLATED)
m.u_conv2.u_loader._919_/RESET_B        2.507400    3.703565   -1.196165 (VIOLATED)
m.u_conv2.u_loader._920_/RESET_B        2.507400    3.703565   -1.196165 (VIOLATED)
m.u_conv2.u_loader._921_/RESET_B        2.507400    3.703565   -1.196165 (VIOLATED)
m.u_conv2.u_loader._922_/RESET_B        2.507400    3.703565   -1.196165 (VIOLATED)
m.u_conv2.u_loader._923_/RESET_B        2.507400    3.703565   -1.196165 (VIOLATED)
m.u_conv2.u_loader._924_/RESET_B        2.507400    3.703565   -1.196165 (VIOLATED)
m.u_conv2.u_loader._925_/RESET_B        2.507400    3.703565   -1.196165 (VIOLATED)
m.u_conv2.u_loader._926_/RESET_B        2.507400    3.703565   -1.196165 (VIOLATED)
m.u_conv2.u_loader._927_/RESET_B        2.507400    3.703565   -1.196165 (VIOLATED)
m.u_conv2.u_loader._928_/RESET_B        2.507400    3.703565   -1.196165 (VIOLATED)
m.u_conv2.u_loader._929_/RESET_B        2.507400    3.703565   -1.196165 (VIOLATED)
m.u_conv2.u_loader._930_/RESET_B        2.507400    3.703565   -1.196165 (VIOLATED)
m.u_conv2.u_loader._931_/RESET_B        2.507400    3.703565   -1.196165 (VIOLATED)
m.u_conv2.u_loader._932_/RESET_B        2.507400    3.703565   -1.196165 (VIOLATED)
m.u_conv2.u_loader._933_/RESET_B        2.507400    3.703565   -1.196165 (VIOLATED)
m.u_conv2.u_loader._934_/RESET_B        2.507400    3.703565   -1.196165 (VIOLATED)
m.u_conv3._513_/RESET_B                 2.507400    3.703565   -1.196165 (VIOLATED)
m.u_conv3._514_/RESET_B                 2.507400    3.703565   -1.196165 (VIOLATED)
m.u_conv3._515_/RESET_B                 2.507400    3.703565   -1.196165 (VIOLATED)
m.u_conv3._516_/RESET_B                 2.507400    3.703565   -1.196165 (VIOLATED)
m.u_conv3._517_/RESET_B                 2.507400    3.703565   -1.196165 (VIOLATED)
m.u_conv3._518_/RESET_B                 2.507400    3.703565   -1.196165 (VIOLATED)
m.u_conv3._519_/RESET_B                 2.507400    3.703565   -1.196165 (VIOLATED)
m.u_conv3._520_/RESET_B                 2.507400    3.703565   -1.196165 (VIOLATED)
m.u_conv3._521_/RESET_B                 2.507400    3.703565   -1.196165 (VIOLATED)
m.u_conv3._522_/RESET_B                 2.507400    3.703565   -1.196165 (VIOLATED)
m.u_conv3._523_/RESET_B                 2.507400    3.703565   -1.196165 (VIOLATED)
m.u_conv3._524_/RESET_B                 2.507400    3.703565   -1.196165 (VIOLATED)
m.u_conv3._525_/RESET_B                 2.507400    3.703565   -1.196165 (VIOLATED)
m.u_conv3._526_/RESET_B                 2.507400    3.703565   -1.196165 (VIOLATED)
m.u_conv3._527_/RESET_B                 2.507400    3.703565   -1.196165 (VIOLATED)
m.u_conv3._528_/RESET_B                 2.507400    3.703565   -1.196165 (VIOLATED)
m.u_conv3._529_/RESET_B                 2.507400    3.703565   -1.196165 (VIOLATED)
m.u_conv3._530_/RESET_B                 2.507400    3.703565   -1.196165 (VIOLATED)
m.u_conv3._531_/RESET_B                 2.507400    3.703565   -1.196165 (VIOLATED)
m.u_conv3._532_/RESET_B                 2.507400    3.703565   -1.196165 (VIOLATED)
m.u_conv3._533_/RESET_B                 2.507400    3.703565   -1.196165 (VIOLATED)
m.u_conv3._534_/RESET_B                 2.507400    3.703565   -1.196165 (VIOLATED)
m.u_conv3._535_/RESET_B                 2.507400    3.703565   -1.196165 (VIOLATED)
m.u_conv3._536_/RESET_B                 2.507400    3.703565   -1.196165 (VIOLATED)
m.u_conv3._537_/RESET_B                 2.507400    3.703565   -1.196165 (VIOLATED)
m.u_conv3._538_/RESET_B                 2.507400    3.703565   -1.196165 (VIOLATED)
m.u_conv3._539_/RESET_B                 2.507400    3.703565   -1.196165 (VIOLATED)
m.u_conv3._540_/RESET_B                 2.507400    3.703565   -1.196165 (VIOLATED)
m.u_conv3._541_/RESET_B                 2.507400    3.703565   -1.196165 (VIOLATED)
m.u_conv3._542_/RESET_B                 2.507400    3.703565   -1.196165 (VIOLATED)
m.u_conv3._543_/RESET_B                 2.507400    3.703565   -1.196165 (VIOLATED)
m.u_conv3._544_/RESET_B                 2.507400    3.703565   -1.196165 (VIOLATED)
m.u_conv3._545_/RESET_B                 2.507400    3.703565   -1.196165 (VIOLATED)
m.u_conv3._546_/RESET_B                 2.507400    3.703565   -1.196165 (VIOLATED)
m.u_conv3._547_/RESET_B                 2.507400    3.703565   -1.196165 (VIOLATED)
m.u_conv3._548_/RESET_B                 2.507400    3.703565   -1.196165 (VIOLATED)
m.u_conv3._549_/RESET_B                 2.507400    3.703565   -1.196165 (VIOLATED)
m.u_conv3._550_/RESET_B                 2.507400    3.703565   -1.196165 (VIOLATED)
m.u_conv3._551_/RESET_B                 2.507400    3.703565   -1.196165 (VIOLATED)
m.u_conv3._552_/RESET_B                 2.507400    3.703565   -1.196165 (VIOLATED)
m.u_conv3._553_/RESET_B                 2.507400    3.703565   -1.196165 (VIOLATED)
m.u_conv3._554_/RESET_B                 2.507400    3.703565   -1.196165 (VIOLATED)
m.u_conv3._555_/RESET_B                 2.507400    3.703565   -1.196165 (VIOLATED)
m.u_conv3._556_/RESET_B                 2.507400    3.703565   -1.196165 (VIOLATED)
m.u_conv3._557_/RESET_B                 2.507400    3.703565   -1.196165 (VIOLATED)
m.u_conv3._558_/RESET_B                 2.507400    3.703565   -1.196165 (VIOLATED)
m.u_conv3._559_/RESET_B                 2.507400    3.703565   -1.196165 (VIOLATED)
m.u_conv3._560_/RESET_B                 2.507400    3.703565   -1.196165 (VIOLATED)
m.u_conv3._561_/RESET_B                 2.507400    3.703565   -1.196165 (VIOLATED)
m.u_conv3._562_/RESET_B                 2.507400    3.703565   -1.196165 (VIOLATED)
m.u_conv3._563_/RESET_B                 2.507400    3.703565   -1.196165 (VIOLATED)
m.u_conv3._564_/RESET_B                 2.507400    3.703565   -1.196165 (VIOLATED)
m.u_conv3._565_/RESET_B                 2.507400    3.703565   -1.196165 (VIOLATED)
m.u_conv3._566_/RESET_B                 2.507400    3.703565   -1.196165 (VIOLATED)
m.u_conv3._567_/RESET_B                 2.507400    3.703565   -1.196165 (VIOLATED)
m.u_conv3._568_/RESET_B                 2.507400    3.703565   -1.196165 (VIOLATED)
m.u_conv3._569_/RESET_B                 2.507400    3.703565   -1.196165 (VIOLATED)
m.u_conv3._570_/RESET_B                 2.507400    3.703565   -1.196165 (VIOLATED)
m.u_conv3._571_/RESET_B                 2.507400    3.703565   -1.196165 (VIOLATED)
m.u_conv3._572_/RESET_B                 2.507400    3.703565   -1.196165 (VIOLATED)
m.u_conv3._573_/RESET_B                 2.507400    3.703565   -1.196165 (VIOLATED)
m.u_conv3._574_/RESET_B                 2.507400    3.703565   -1.196165 (VIOLATED)
m.u_conv3._575_/RESET_B                 2.507400    3.703565   -1.196165 (VIOLATED)
m.u_conv3._576_/RESET_B                 2.507400    3.703565   -1.196165 (VIOLATED)
m.u_conv3._577_/RESET_B                 2.507400    3.703565   -1.196165 (VIOLATED)
m.u_conv3._578_/RESET_B                 2.507400    3.703565   -1.196165 (VIOLATED)
m.u_conv3._579_/RESET_B                 2.507400    3.703565   -1.196165 (VIOLATED)
m.u_conv3._580_/RESET_B                 2.507400    3.703565   -1.196165 (VIOLATED)
m.u_conv3._581_/RESET_B                 2.507400    3.703565   -1.196165 (VIOLATED)
m.u_conv3._582_/RESET_B                 2.507400    3.703565   -1.196165 (VIOLATED)
m.u_conv3._583_/RESET_B                 2.507400    3.703565   -1.196165 (VIOLATED)
m.u_conv3._584_/RESET_B                 2.507400    3.703565   -1.196165 (VIOLATED)
m.u_mnist_loader._69_/RESET_B           2.507400    3.703565   -1.196165 (VIOLATED)
m.u_mnist_loader._70_/RESET_B           2.507400    3.703565   -1.196165 (VIOLATED)
m.u_mnist_loader._71_/RESET_B           2.507400    3.703565   -1.196165 (VIOLATED)
m.u_mnist_loader._72_/RESET_B           2.507400    3.703565   -1.196165 (VIOLATED)
m.u_mnist_loader._73_/RESET_B           2.507400    3.703565   -1.196165 (VIOLATED)
m.u_mnist_loader._74_/RESET_B           2.507400    3.703565   -1.196165 (VIOLATED)
m.u_mnist_loader._75_/RESET_B           2.507400    3.703565   -1.196165 (VIOLATED)
m.u_mnist_loader._76_/RESET_B           2.507400    3.703565   -1.196165 (VIOLATED)
m.u_pool1._504_/RESET_B                 2.507400    3.703565   -1.196165 (VIOLATED)
m.u_pool1._505_/RESET_B                 2.507400    3.703565   -1.196165 (VIOLATED)
m.u_pool1._506_/RESET_B                 2.507400    3.703565   -1.196165 (VIOLATED)
m.u_pool1._507_/RESET_B                 2.507400    3.703565   -1.196165 (VIOLATED)
m.u_pool1._508_/RESET_B                 2.507400    3.703565   -1.196165 (VIOLATED)
m.u_pool1._509_/RESET_B                 2.507400    3.703565   -1.196165 (VIOLATED)
m.u_pool1._510_/RESET_B                 2.507400    3.703565   -1.196165 (VIOLATED)
m.u_pool1._511_/RESET_B                 2.507400    3.703565   -1.196165 (VIOLATED)
m.u_pool1._512_/RESET_B                 2.507400    3.703565   -1.196165 (VIOLATED)
m.u_pool1._513_/RESET_B                 2.507400    3.703565   -1.196165 (VIOLATED)
m.u_pool1._514_/RESET_B                 2.507400    3.703565   -1.196165 (VIOLATED)
m.u_pool1._515_/RESET_B                 2.507400    3.703565   -1.196165 (VIOLATED)
m.u_pool1._516_/RESET_B                 2.507400    3.703565   -1.196165 (VIOLATED)
m.u_pool1._517_/RESET_B                 2.507400    3.703565   -1.196165 (VIOLATED)
m.u_pool1._518_/RESET_B                 2.507400    3.703565   -1.196165 (VIOLATED)
m.u_pool1._519_/RESET_B                 2.507400    3.703565   -1.196165 (VIOLATED)
m.u_pool1._520_/RESET_B                 2.507400    3.703565   -1.196165 (VIOLATED)
m.u_pool1._521_/RESET_B                 2.507400    3.703565   -1.196165 (VIOLATED)
m.u_pool1._522_/RESET_B                 2.507400    3.703565   -1.196165 (VIOLATED)
m.u_pool1._523_/RESET_B                 2.507400    3.703565   -1.196165 (VIOLATED)
m.u_pool1._524_/RESET_B                 2.507400    3.703565   -1.196165 (VIOLATED)
m.u_pool1._525_/RESET_B                 2.507400    3.703565   -1.196165 (VIOLATED)
m.u_pool1._526_/RESET_B                 2.507400    3.703565   -1.196165 (VIOLATED)
m.u_pool1._527_/RESET_B                 2.507400    3.703565   -1.196165 (VIOLATED)
m.u_pool1._528_/RESET_B                 2.507400    3.703565   -1.196165 (VIOLATED)
m.u_pool1._529_/RESET_B                 2.507400    3.703565   -1.196165 (VIOLATED)
m.u_pool1._530_/RESET_B                 2.507400    3.703565   -1.196165 (VIOLATED)
m.u_pool1._531_/RESET_B                 2.507400    3.703565   -1.196165 (VIOLATED)
m.u_pool1._532_/RESET_B                 2.507400    3.703565   -1.196165 (VIOLATED)
m.u_pool1._533_/RESET_B                 2.507400    3.703565   -1.196165 (VIOLATED)
m.u_pool1._534_/RESET_B                 2.507400    3.703565   -1.196165 (VIOLATED)
m.u_pool1._535_/RESET_B                 2.507400    3.703565   -1.196165 (VIOLATED)
m.u_pool1._536_/RESET_B                 2.507400    3.703565   -1.196165 (VIOLATED)
m.u_pool1._537_/RESET_B                 2.507400    3.703565   -1.196165 (VIOLATED)
m.u_pool1._538_/RESET_B                 2.507400    3.703565   -1.196165 (VIOLATED)
m.u_pool1._539_/RESET_B                 2.507400    3.703565   -1.196165 (VIOLATED)
m.u_pool2._374_/RESET_B                 2.507400    3.703565   -1.196165 (VIOLATED)
m.u_pool2._375_/RESET_B                 2.507400    3.703565   -1.196165 (VIOLATED)
m.u_pool2._376_/RESET_B                 2.507400    3.703565   -1.196165 (VIOLATED)
m.u_pool2._377_/RESET_B                 2.507400    3.703565   -1.196165 (VIOLATED)
m.u_pool2._378_/RESET_B                 2.507400    3.703565   -1.196165 (VIOLATED)
m.u_pool2._379_/RESET_B                 2.507400    3.703565   -1.196165 (VIOLATED)
m.u_pool2._380_/RESET_B                 2.507400    3.703565   -1.196165 (VIOLATED)
m.u_pool2._381_/RESET_B                 2.507400    3.703565   -1.196165 (VIOLATED)
m.u_pool2._382_/RESET_B                 2.507400    3.703565   -1.196165 (VIOLATED)
m.u_pool2._383_/RESET_B                 2.507400    3.703565   -1.196165 (VIOLATED)
m.u_pool2._384_/RESET_B                 2.507400    3.703565   -1.196165 (VIOLATED)
m.u_pool2._385_/RESET_B                 2.507400    3.703565   -1.196165 (VIOLATED)
m.u_pool2._386_/RESET_B                 2.507400    3.703565   -1.196165 (VIOLATED)
m.u_pool2._387_/RESET_B                 2.507400    3.703565   -1.196165 (VIOLATED)
m.u_pool2._388_/RESET_B                 2.507400    3.703565   -1.196165 (VIOLATED)
m.u_pool2._389_/RESET_B                 2.507400    3.703565   -1.196165 (VIOLATED)
m.u_pool2._390_/RESET_B                 2.507400    3.703565   -1.196165 (VIOLATED)
m.u_pool2._391_/RESET_B                 2.507400    3.703565   -1.196165 (VIOLATED)
m.u_pool2._392_/RESET_B                 2.507400    3.703565   -1.196165 (VIOLATED)
m.u_pool2._393_/RESET_B                 2.507400    3.703565   -1.196165 (VIOLATED)
m.u_pool2._394_/RESET_B                 2.507400    3.703565   -1.196165 (VIOLATED)
m.u_pool2._395_/RESET_B                 2.507400    3.703565   -1.196165 (VIOLATED)
m.u_pool2._396_/RESET_B                 2.507400    3.703565   -1.196165 (VIOLATED)
m.u_pool2._397_/RESET_B                 2.507400    3.703565   -1.196165 (VIOLATED)
m.u_pool2._398_/RESET_B                 2.507400    3.703565   -1.196165 (VIOLATED)
m.u_pool2._399_/RESET_B                 2.507400    3.703565   -1.196165 (VIOLATED)
m.u_pool2._400_/RESET_B                 2.507400    3.703565   -1.196165 (VIOLATED)
m.u_pool2._401_/RESET_B                 2.507400    3.703565   -1.196165 (VIOLATED)
m.u_pool2._402_/RESET_B                 2.507400    3.703565   -1.196165 (VIOLATED)
m.u_pool2._403_/RESET_B                 2.507400    3.703565   -1.196165 (VIOLATED)
m.u_pool2._404_/RESET_B                 2.507400    3.703565   -1.196165 (VIOLATED)
m.u_pool2._405_/RESET_B                 2.507400    3.703565   -1.196165 (VIOLATED)
m.u_pool2._406_/RESET_B                 2.507400    3.703565   -1.196165 (VIOLATED)
m.u_pool2._407_/RESET_B                 2.507400    3.703565   -1.196165 (VIOLATED)
m.u_pool2._408_/RESET_B                 2.507400    3.703565   -1.196165 (VIOLATED)
m.u_pool2._409_/RESET_B                 2.507400    3.703565   -1.196165 (VIOLATED)

max fanout

Pin                                   Limit Fanout  Slack
---------------------------------------------------------
rst_n                                     8    719   -711 (VIOLATED)
m.u_conv3._533_/Q                         8     93    -85 (VIOLATED)
m.u_conv3._554_/Q                         8     91    -83 (VIOLATED)
m.u_conv3._561_/Q                         8     85    -77 (VIOLATED)
m.u_conv3._550_/Q                         8     84    -76 (VIOLATED)
m.u_conv3._560_/Q                         8     84    -76 (VIOLATED)
m.u_conv3._562_/Q                         8     84    -76 (VIOLATED)
m.u_conv3._564_/Q                         8     82    -74 (VIOLATED)
m.u_conv3._572_/Q                         8     82    -74 (VIOLATED)
m.u_conv3._526_/Q                         8     81    -73 (VIOLATED)
m.u_conv3._532_/Q                         8     81    -73 (VIOLATED)
m.u_conv3._530_/Q                         8     80    -72 (VIOLATED)
m.u_conv3._557_/Q                         8     80    -72 (VIOLATED)
m.u_conv3._558_/Q                         8     80    -72 (VIOLATED)
m.u_conv3._531_/Q                         8     79    -71 (VIOLATED)
m.u_conv3._549_/Q                         8     79    -71 (VIOLATED)
m.u_conv3._537_/Q                         8     78    -70 (VIOLATED)
m.u_conv3._536_/Q                         8     77    -69 (VIOLATED)
m.u_conv3._580_/Q                         8     77    -69 (VIOLATED)
m.u_conv3._534_/Q                         8     76    -68 (VIOLATED)
m.u_conv3._541_/Q                         8     76    -68 (VIOLATED)
m.u_conv3._552_/Q                         8     76    -68 (VIOLATED)
m.u_conv3._559_/Q                         8     76    -68 (VIOLATED)
m.u_conv3._565_/Q                         8     76    -68 (VIOLATED)
m.u_conv3._535_/Q                         8     75    -67 (VIOLATED)
m.u_conv3._546_/Q                         8     75    -67 (VIOLATED)
m.u_conv3._571_/Q                         8     75    -67 (VIOLATED)
m.u_conv3._525_/Q                         8     74    -66 (VIOLATED)
m.u_conv3._538_/Q                         8     74    -66 (VIOLATED)
m.u_conv3._542_/Q                         8     74    -66 (VIOLATED)
m.u_conv3._551_/Q                         8     74    -66 (VIOLATED)
m.u_conv3._556_/Q                         8     74    -66 (VIOLATED)
m.u_conv3._540_/Q                         8     73    -65 (VIOLATED)
m.u_conv3._553_/Q                         8     73    -65 (VIOLATED)
m.u_conv3._570_/Q                         8     72    -64 (VIOLATED)
m.u_conv3._579_/Q                         8     72    -64 (VIOLATED)
m.u_conv3._529_/Q                         8     71    -63 (VIOLATED)
m.u_conv3._539_/Q                         8     71    -63 (VIOLATED)
m.u_conv3._563_/Q                         8     71    -63 (VIOLATED)
m.u_conv3._566_/Q                         8     71    -63 (VIOLATED)
m.u_conv3._568_/Q                         8     71    -63 (VIOLATED)
m.u_conv3._543_/Q                         8     70    -62 (VIOLATED)
m.u_conv3._544_/Q                         8     70    -62 (VIOLATED)
m.u_conv3._548_/Q                         8     70    -62 (VIOLATED)
m.u_conv3._577_/Q                         8     70    -62 (VIOLATED)
m.u_conv3._569_/Q                         8     69    -61 (VIOLATED)
m.u_conv3._517_/Q                         8     68    -60 (VIOLATED)
m.u_conv3._547_/Q                         8     68    -60 (VIOLATED)
m.u_conv3._567_/Q                         8     68    -60 (VIOLATED)
m.u_conv3._528_/Q                         8     67    -59 (VIOLATED)
m.u_conv3._555_/Q                         8     67    -59 (VIOLATED)
m.u_conv3._545_/Q                         8     66    -58 (VIOLATED)
m.u_conv3._578_/Q                         8     66    -58 (VIOLATED)
m.u_conv3._527_/Q                         8     64    -56 (VIOLATED)
m.u_conv3._576_/Q                         8     63    -55 (VIOLATED)
m.u_conv3._575_/Q                         8     56    -48 (VIOLATED)
m.u_conv3._518_/Q                         8     51    -43 (VIOLATED)
m.u_conv2._2146_/X                        8     48    -40 (VIOLATED)
m.u_conv2._2320_/X                        8     48    -40 (VIOLATED)
m.u_conv2._2379_/X                        8     48    -40 (VIOLATED)
m.u_conv2._2438_/X                        8     48    -40 (VIOLATED)
m.u_conv2._2497_/X                        8     48    -40 (VIOLATED)
m.u_conv2._2556_/X                        8     48    -40 (VIOLATED)
m.u_conv2._2615_/X                        8     48    -40 (VIOLATED)
m.u_conv2._2673_/X                        8     48    -40 (VIOLATED)
m.u_conv2._2732_/X                        8     48    -40 (VIOLATED)
m.u_conv2._2791_/X                        8     48    -40 (VIOLATED)
m.u_conv2._2850_/X                        8     48    -40 (VIOLATED)
m.u_conv2._2909_/X                        8     48    -40 (VIOLATED)
m.u_conv2._2968_/X                        8     48    -40 (VIOLATED)
m.u_conv2._3027_/X                        8     48    -40 (VIOLATED)
m.u_conv2._3086_/X                        8     48    -40 (VIOLATED)
m.u_conv2._3144_/X                        8     48    -40 (VIOLATED)
m.u_conv2._3220_/Q                        8     40    -32 (VIOLATED)
m.u_conv2._3702_/Q                        8     40    -32 (VIOLATED)
m.u_conv3.u_weights._15769_/Y             8     40    -32 (VIOLATED)
m.u_conv3.u_weights._15780_/Y             8     40    -32 (VIOLATED)
m.u_conv3.u_weights._15812_/Y             8     40    -32 (VIOLATED)
m.u_conv2._3221_/Q                        8     39    -31 (VIOLATED)
m.u_conv3._574_/Q                         8     39    -31 (VIOLATED)
m.u_conv3.u_weights._15770_/Y             8     39    -31 (VIOLATED)
m.u_conv3.u_weights._15794_/Y             8     39    -31 (VIOLATED)
m.u_conv3.u_weights._15819_/Y             8     39    -31 (VIOLATED)
m.u_conv3.u_weights._15944_/Y             8     39    -31 (VIOLATED)
m.u_conv3._519_/Q                         8     38    -30 (VIOLATED)
m.u_conv3.u_weights._15771_/Y             8     38    -30 (VIOLATED)
m.u_conv3.u_weights._15777_/Y             8     38    -30 (VIOLATED)
m.u_conv2._1685_/Y                        8     37    -29 (VIOLATED)
m.u_conv3.u_weights._15814_/Y             8     37    -29 (VIOLATED)
m.u_conv3.u_weights._15821_/Y             8     37    -29 (VIOLATED)
m.u_conv2._3222_/Q                        8     35    -27 (VIOLATED)
m.u_conv3._573_/Q                         8     34    -26 (VIOLATED)
m.u_conv3.u_weights._15786_/Y             8     34    -26 (VIOLATED)
m.u_conv3.u_weights._15804_/Y             8     34    -26 (VIOLATED)
m.u_conv3.u_weights._15813_/Y             8     34    -26 (VIOLATED)
m.u_conv3.u_weights._15824_/Y             8     34    -26 (VIOLATED)
m.u_conv3.u_weights._15825_/Y             8     34    -26 (VIOLATED)
m.u_conv3.u_weights._15772_/Y             8     33    -25 (VIOLATED)
m.u_conv3.u_weights._15788_/Y             8     33    -25 (VIOLATED)
m.u_conv3.u_weights._15791_/Y             8     33    -25 (VIOLATED)
m.u_conv3.u_weights._15795_/Y             8     33    -25 (VIOLATED)
m.u_conv3.u_weights._15796_/Y             8     33    -25 (VIOLATED)
m.u_conv3.u_weights._15822_/Y             8     33    -25 (VIOLATED)
m.u_conv3.u_weights._15827_/Y             8     33    -25 (VIOLATED)
m.u_conv1._513_/Q                         8     32    -24 (VIOLATED)
m.u_conv3.u_weights._15768_/Y             8     32    -24 (VIOLATED)
m.u_conv3.u_weights._15776_/Y             8     32    -24 (VIOLATED)
m.u_conv3.u_weights._15779_/Y             8     32    -24 (VIOLATED)
m.u_conv3.u_weights._15784_/Y             8     32    -24 (VIOLATED)
m.u_conv3.u_weights._15807_/Y             8     32    -24 (VIOLATED)
m.u_conv3.u_weights._15808_/Y             8     32    -24 (VIOLATED)
m.u_conv3.u_weights._15817_/Y             8     32    -24 (VIOLATED)
m.u_conv3.u_weights._15818_/Y             8     32    -24 (VIOLATED)
m.u_conv3.u_weights._15828_/Y             8     32    -24 (VIOLATED)
m.u_conv3.u_weights._15775_/Y             8     31    -23 (VIOLATED)
m.u_conv3.u_weights._15781_/Y             8     31    -23 (VIOLATED)
m.u_conv3.u_weights._15787_/Y             8     31    -23 (VIOLATED)
m.u_conv3.u_weights._15802_/Y             8     31    -23 (VIOLATED)
m.u_conv3.u_weights._15810_/Y             8     31    -23 (VIOLATED)
m.u_conv3.u_weights._15815_/Y             8     31    -23 (VIOLATED)
m.u_conv3.u_weights._15816_/Y             8     31    -23 (VIOLATED)
m.u_conv3.u_weights._15820_/Y             8     31    -23 (VIOLATED)
m.u_conv2._1688_/X                        8     30    -22 (VIOLATED)
m.u_conv2._1689_/X                        8     30    -22 (VIOLATED)
m.u_conv2._1691_/X                        8     30    -22 (VIOLATED)
m.u_conv2._1692_/X                        8     30    -22 (VIOLATED)
m.u_conv2._1694_/X                        8     30    -22 (VIOLATED)
m.u_conv2._1695_/X                        8     30    -22 (VIOLATED)
m.u_conv2._1696_/X                        8     30    -22 (VIOLATED)
m.u_conv2._1697_/X                        8     30    -22 (VIOLATED)
m.u_conv2._1701_/X                        8     30    -22 (VIOLATED)
m.u_conv2._1702_/X                        8     30    -22 (VIOLATED)
m.u_conv2._1703_/X                        8     30    -22 (VIOLATED)
m.u_conv2._1704_/X                        8     30    -22 (VIOLATED)
m.u_conv2._1705_/X                        8     30    -22 (VIOLATED)
m.u_conv2._3226_/Q                        8     30    -22 (VIOLATED)
m.u_conv3.u_weights._15783_/Y             8     30    -22 (VIOLATED)
m.u_conv3.u_weights._15785_/Y             8     30    -22 (VIOLATED)
m.u_conv3.u_weights._15793_/Y             8     30    -22 (VIOLATED)
m.u_conv3.u_weights._15800_/Y             8     30    -22 (VIOLATED)
m.u_conv3.u_weights._15806_/Y             8     30    -22 (VIOLATED)
m.u_conv3.u_weights._15826_/Y             8     30    -22 (VIOLATED)
m._278_/Q                                 8     29    -21 (VIOLATED)
m._283_/Q                                 8     29    -21 (VIOLATED)
m.u_conv2._3227_/Q                        8     29    -21 (VIOLATED)
m.u_conv3.u_weights._18744_/Y             8     29    -21 (VIOLATED)
m._279_/Q                                 8     28    -20 (VIOLATED)
m._280_/Q                                 8     28    -20 (VIOLATED)
m._282_/Q                                 8     28    -20 (VIOLATED)
m._284_/Q                                 8     28    -20 (VIOLATED)
m.u_conv2._1612_/Y                        8     28    -20 (VIOLATED)
m.u_conv2._1639_/X                        8     28    -20 (VIOLATED)
m.u_conv2._1699_/X                        8     28    -20 (VIOLATED)
m.u_conv3.u_weights._15790_/Y             8     28    -20 (VIOLATED)
m.u_conv3.u_weights._15805_/Y             8     28    -20 (VIOLATED)
m.u_conv3.u_weights._15823_/Y             8     28    -20 (VIOLATED)
m.u_conv3.u_weights._15773_/Y             8     27    -19 (VIOLATED)
m.u_conv3.u_weights._15811_/Y             8     27    -19 (VIOLATED)
m.u_conv3.u_weights._21796_/Y             8     27    -19 (VIOLATED)
m.u_conv3.u_weights._15778_/Y             8     26    -18 (VIOLATED)
m.u_conv3.u_weights._16002_/Y             8     26    -18 (VIOLATED)
m.u_conv3.u_weights._15774_/Y             8     25    -17 (VIOLATED)
m.u_conv3.u_weights._15782_/Y             8     25    -17 (VIOLATED)
m.u_conv3.u_weights._15792_/Y             8     25    -17 (VIOLATED)
m.u_conv3.u_weights._15803_/Y             8     25    -17 (VIOLATED)
m.u_conv3._513_/Q                         8     24    -16 (VIOLATED)
m.u_conv3._520_/Q                         8     24    -16 (VIOLATED)
m.u_conv3.u_weights._15789_/Y             8     24    -16 (VIOLATED)
m.u_conv3.u_weights._15801_/Y             8     24    -16 (VIOLATED)
m.u_conv2._3228_/Q                        8     23    -15 (VIOLATED)
m.u_conv3._583_/Q                         8     23    -15 (VIOLATED)
m.u_conv3.u_weights._15955_/Y             8     23    -15 (VIOLATED)
m.u_conv1._484_/Q                         8     22    -14 (VIOLATED)
m.u_conv3.u_weights._15809_/Y             8     22    -14 (VIOLATED)
m.u_conv3.u_weights._16680_/Y             8     22    -14 (VIOLATED)
m.u_conv3.u_weights._27827_/Y             8     22    -14 (VIOLATED)
m.u_conv1.u_loader._900_/Q                8     21    -13 (VIOLATED)
m.u_conv2.u_loader._900_/Q                8     21    -13 (VIOLATED)
m.u_conv3._516_/Q                         8     21    -13 (VIOLATED)
m.u_conv3.u_weights._15951_/Y             8     21    -13 (VIOLATED)
m.u_conv3.u_weights._22276_/Y             8     21    -13 (VIOLATED)
m.u_conv3.u_weights._22775_/Y             8     21    -13 (VIOLATED)
m.u_conv2._3224_/Q                        8     20    -12 (VIOLATED)
m.u_conv3.u_weights._19512_/Y             8     20    -12 (VIOLATED)
m.u_conv3.u_weights._28047_/X             8     20    -12 (VIOLATED)
m.u_conv3.u_weights._15797_/Y             8     19    -11 (VIOLATED)
m.u_conv3.u_weights._17720_/X             8     19    -11 (VIOLATED)
m.u_conv3.u_weights._21050_/Y             8     19    -11 (VIOLATED)
m.u_conv2._3223_/Q                        8     18    -10 (VIOLATED)
m.u_conv3.u_weights._17454_/Y             8     18    -10 (VIOLATED)
sram/A_DOUT[5]                           10     20    -10 (VIOLATED)
sram/A_DOUT[6]                           10     20    -10 (VIOLATED)
m.u_conv1.u_loader._780_/Y                8     17     -9 (VIOLATED)
m.u_conv2.u_loader._780_/Y                8     17     -9 (VIOLATED)
m.u_conv2.u_weights._404_/Y               8     17     -9 (VIOLATED)
m.u_conv3.u_weights._20298_/Y             8     17     -9 (VIOLATED)
m.u_conv3.u_weights._24445_/Y             8     17     -9 (VIOLATED)
m.u_conv3.u_weights._25873_/Y             8     17     -9 (VIOLATED)
m.u_conv1.u_loader._696_/Y                8     16     -8 (VIOLATED)
m.u_conv1.u_loader._932_/Q                8     16     -8 (VIOLATED)
m.u_conv2._2144_/X                        8     16     -8 (VIOLATED)
m.u_conv2._2150_/Y                        8     16     -8 (VIOLATED)
m.u_conv2._2157_/X                        8     16     -8 (VIOLATED)
m.u_conv2._2164_/Y                        8     16     -8 (VIOLATED)
m.u_conv2._2172_/Y                        8     16     -8 (VIOLATED)
m.u_conv2._2179_/X                        8     16     -8 (VIOLATED)
m.u_conv2._2184_/Y                        8     16     -8 (VIOLATED)
m.u_conv2._2189_/Y                        8     16     -8 (VIOLATED)
m.u_conv2._2194_/Y                        8     16     -8 (VIOLATED)
m.u_conv2._2201_/Y                        8     16     -8 (VIOLATED)
m.u_conv2._2210_/Y                        8     16     -8 (VIOLATED)
m.u_conv2._2217_/Y                        8     16     -8 (VIOLATED)
m.u_conv2._2225_/Y                        8     16     -8 (VIOLATED)
m.u_conv2._2230_/Y                        8     16     -8 (VIOLATED)
m.u_conv2._2234_/Y                        8     16     -8 (VIOLATED)
m.u_conv2._2239_/Y                        8     16     -8 (VIOLATED)
m.u_conv2._2245_/Y                        8     16     -8 (VIOLATED)
m.u_conv2._2252_/Y                        8     16     -8 (VIOLATED)
m.u_conv2._2261_/Y                        8     16     -8 (VIOLATED)
m.u_conv2._2268_/X                        8     16     -8 (VIOLATED)
m.u_conv2._2273_/Y                        8     16     -8 (VIOLATED)
m.u_conv2._2276_/X                        8     16     -8 (VIOLATED)
m.u_conv2._2280_/Y                        8     16     -8 (VIOLATED)
m.u_conv2._2287_/Y                        8     16     -8 (VIOLATED)
m.u_conv2._2295_/Y                        8     16     -8 (VIOLATED)
m.u_conv2._2302_/Y                        8     16     -8 (VIOLATED)
m.u_conv2._2309_/X                        8     16     -8 (VIOLATED)
m.u_conv2._2314_/Y                        8     16     -8 (VIOLATED)
m.u_conv2._2317_/X                        8     16     -8 (VIOLATED)
m.u_conv2.u_loader._696_/Y                8     16     -8 (VIOLATED)
m.u_conv2.u_loader._932_/Q                8     16     -8 (VIOLATED)
m.u_conv3._385_/Y                         8     16     -8 (VIOLATED)
m.u_conv3._436_/Y                         8     16     -8 (VIOLATED)
m.u_conv3._462_/Y                         8     16     -8 (VIOLATED)
m.u_conv3._479_/Y                         8     16     -8 (VIOLATED)
m.u_conv3._496_/Y                         8     16     -8 (VIOLATED)
m.u_conv3._514_/Q                         8     16     -8 (VIOLATED)
m.u_conv3.u_weights._16938_/Y             8     16     -8 (VIOLATED)
sram/A_DOUT[4]                           10     18     -8 (VIOLATED)
m.u_conv2._2256_/Y                        8     15     -7 (VIOLATED)
m.u_conv3.u_weights._20044_/X             8     15     -7 (VIOLATED)
m.u_conv3.u_weights._22518_/Y             8     15     -7 (VIOLATED)
m.u_conv3.u_weights._23975_/Y             8     15     -7 (VIOLATED)
m.u_conv3.u_weights._27097_/Y             8     15     -7 (VIOLATED)
m.u_conv3.u_weights._27331_/Y             8     15     -7 (VIOLATED)
m.u_conv3.u_weights._29244_/Y             8     15     -7 (VIOLATED)
m.u_conv1.u_loader._468_/Y                8     14     -6 (VIOLATED)
m.u_conv1.u_loader._835_/Y                8     14     -6 (VIOLATED)
m.u_conv2._3703_/Q                        8     14     -6 (VIOLATED)
m.u_conv2.u_loader._468_/Y                8     14     -6 (VIOLATED)
m.u_conv2.u_loader._835_/Y                8     14     -6 (VIOLATED)
m.u_conv2.u_weights._407_/Y               8     14     -6 (VIOLATED)
m.u_conv2.u_weights._408_/Y               8     14     -6 (VIOLATED)
m.u_conv3._515_/Q                         8     14     -6 (VIOLATED)
m.u_conv3.u_weights._15935_/Y             8     14     -6 (VIOLATED)
m.u_conv3.u_weights._16213_/X             8     14     -6 (VIOLATED)
m.u_conv3.u_weights._19780_/Y             8     14     -6 (VIOLATED)
m.u_conv3.u_weights._21301_/Y             8     14     -6 (VIOLATED)
m.u_conv3.u_weights._24693_/Y             8     14     -6 (VIOLATED)
m.u_conv3.u_weights._25160_/X             8     14     -6 (VIOLATED)
m.u_conv3.u_weights._29002_/X             8     14     -6 (VIOLATED)
m.u_conv3.u_weights._30410_/Y             8     14     -6 (VIOLATED)
m.u_tree._2950_/X                         8     14     -6 (VIOLATED)
sram/A_DOUT[7]                           10     16     -6 (VIOLATED)
m.u_conv1._246_/Y                         8     13     -5 (VIOLATED)
m.u_conv1._482_/Q                         8     13     -5 (VIOLATED)
m.u_conv3.u_weights._15950_/Y             8     13     -5 (VIOLATED)
m.u_conv3.u_weights._16401_/Y             8     13     -5 (VIOLATED)
m.u_conv3.u_weights._17201_/Y             8     13     -5 (VIOLATED)
m.u_conv3.u_weights._23729_/Y             8     13     -5 (VIOLATED)
m.u_conv3.u_weights._25405_/X             8     13     -5 (VIOLATED)
m.u_conv3.u_weights._25648_/Y             8     13     -5 (VIOLATED)
m.u_conv3.u_weights._29962_/Y             8     13     -5 (VIOLATED)
m.u_conv3.u_weights._30182_/Y             8     13     -5 (VIOLATED)
m.u_pool1._508_/Q                         8     13     -5 (VIOLATED)
m.u_pool1._512_/Q                         8     13     -5 (VIOLATED)
m.u_conv1._481_/Q                         8     12     -4 (VIOLATED)
m.u_conv1.u_loader._449_/Y                8     12     -4 (VIOLATED)
m.u_conv1.u_loader._928_/Q                8     12     -4 (VIOLATED)
m.u_conv1.u_loader._930_/Q                8     12     -4 (VIOLATED)
m.u_conv1.u_loader._934_/Q                8     12     -4 (VIOLATED)
m.u_conv2.u_loader._449_/Y                8     12     -4 (VIOLATED)
m.u_conv2.u_loader._928_/Q                8     12     -4 (VIOLATED)
m.u_conv2.u_loader._930_/Q                8     12     -4 (VIOLATED)
m.u_conv2.u_loader._934_/Q                8     12     -4 (VIOLATED)
m.u_conv3._276_/X                         8     12     -4 (VIOLATED)
m.u_conv3._521_/Q                         8     12     -4 (VIOLATED)
m.u_conv3.u_weights._16533_/Y             8     12     -4 (VIOLATED)
m.u_conv3.u_weights._19006_/Y             8     12     -4 (VIOLATED)
m.u_conv3.u_weights._23240_/Y             8     12     -4 (VIOLATED)
m.u_conv3.u_weights._23495_/Y             8     12     -4 (VIOLATED)
m.u_conv3.u_weights._25224_/X             8     12     -4 (VIOLATED)
m.u_conv3.u_weights._26363_/X             8     12     -4 (VIOLATED)
m.u_conv3.u_weights._27578_/Y             8     12     -4 (VIOLATED)
m.u_conv3.u_weights._28282_/X             8     12     -4 (VIOLATED)
m.u_conv3.u_weights._28760_/Y             8     12     -4 (VIOLATED)
m.u_pool2._378_/Q                         8     12     -4 (VIOLATED)
m.u_tree._1571_/Y                         8     12     -4 (VIOLATED)
m.u_conv1.u_loader._467_/Y                8     11     -3 (VIOLATED)
m.u_conv1.u_loader._933_/Q                8     11     -3 (VIOLATED)
m.u_conv1.u_weights._188_/Y               8     11     -3 (VIOLATED)
m.u_conv2.u_loader._467_/Y                8     11     -3 (VIOLATED)
m.u_conv2.u_loader._933_/Q                8     11     -3 (VIOLATED)
m.u_conv2.u_weights._409_/Y               8     11     -3 (VIOLATED)
m.u_conv3._522_/Q                         8     11     -3 (VIOLATED)
m.u_conv3.u_weights._15932_/Y             8     11     -3 (VIOLATED)
m.u_conv3.u_weights._22030_/X             8     11     -3 (VIOLATED)
m.u_conv3.u_weights._23007_/X             8     11     -3 (VIOLATED)
m.u_conv3.u_weights._26609_/Y             8     11     -3 (VIOLATED)
m.u_tree._1584_/Y                         8     11     -3 (VIOLATED)
m.u_tree._1588_/Y                         8     11     -3 (VIOLATED)
m.u_conv2._1637_/X                        8     10     -2 (VIOLATED)
m.u_conv2._3225_/Q                        8     10     -2 (VIOLATED)
m.u_conv2.u_weights._405_/Y               8     10     -2 (VIOLATED)
m.u_conv2.u_weights._462_/Y               8     10     -2 (VIOLATED)
m.u_conv3._294_/X                         8     10     -2 (VIOLATED)
m.u_conv3.u_weights._15933_/Y             8     10     -2 (VIOLATED)
m.u_conv3.u_weights._16145_/Y             8     10     -2 (VIOLATED)
m.u_conv3.u_weights._16231_/Y             8     10     -2 (VIOLATED)
m.u_conv3.u_weights._17988_/Y             8     10     -2 (VIOLATED)
m.u_conv3.u_weights._18235_/X             8     10     -2 (VIOLATED)
m.u_conv3.u_weights._20806_/Y             8     10     -2 (VIOLATED)
m.u_conv3.u_weights._24207_/Y             8     10     -2 (VIOLATED)
m.u_pool1._513_/Q                         8     10     -2 (VIOLATED)
m.u_pool1._537_/Q                         8     10     -2 (VIOLATED)
m.u_pool2._382_/Q                         8     10     -2 (VIOLATED)
m.u_pool2._407_/Q                         8     10     -2 (VIOLATED)
m.u_tree._1578_/Y                         8     10     -2 (VIOLATED)
m.u_tree._1593_/Y                         8     10     -2 (VIOLATED)
sram/A_DOUT[1]                           10     12     -2 (VIOLATED)
sram/A_DOUT[2]                           10     12     -2 (VIOLATED)
m.u_conv1._483_/Q                         8      9        (VIOLATED)
m.u_conv1._485_/Q                         8      9        (VIOLATED)
m.u_conv1._486_/Q                         8      9        (VIOLATED)
m.u_conv1.u_loader._697_/Y                8      9        (VIOLATED)
m.u_conv2._2060_/Y                        8      9        (VIOLATED)
m.u_conv2.u_loader._697_/Y                8      9        (VIOLATED)
m.u_conv3._285_/Y                         8      9        (VIOLATED)
m.u_conv3._286_/Y                         8      9        (VIOLATED)
m.u_conv3._290_/Y                         8      9        (VIOLATED)
m.u_conv3.u_weights._15799_/Y             8      9        (VIOLATED)
m.u_conv3.u_weights._16746_/Y             8      9        (VIOLATED)
m.u_conv3.u_weights._20558_/Y             8      9        (VIOLATED)
m.u_conv3.u_weights._29480_/Y             8      9        (VIOLATED)
m.u_conv3.u_weights._31123_/Y             8      9        (VIOLATED)
m.u_conv3.u_weights._31364_/Y             8      9        (VIOLATED)
m.u_pool1._507_/Q                         8      9        (VIOLATED)
m.u_pool1._533_/Q                         8      9        (VIOLATED)
m.u_pool1._534_/Q                         8      9        (VIOLATED)
m.u_pool2._383_/Q                         8      9        (VIOLATED)
m.u_pool2._403_/Q                         8      9        (VIOLATED)
m.u_pool2._404_/Q                         8      9        (VIOLATED)
m.u_tree._1590_/Y                         8      9        (VIOLATED)
m.u_tree._1592_/Y                         8      9        (VIOLATED)
m.u_tree._1607_/Y                         8      9        (VIOLATED)

max capacitance

Pin                                        Limit         Cap       Slack
------------------------------------------------------------------------
rst_n                                   1.200000    3.662460   -2.462460 (VIOLATED)
m.u_conv3._554_/Q                       0.300000    0.418295   -0.118295 (VIOLATED)
m.u_conv3._533_/Q                       0.300000    0.408041   -0.108041 (VIOLATED)
m.u_conv3._562_/Q                       0.300000    0.379988   -0.079988 (VIOLATED)
m.u_conv3._561_/Q                       0.300000    0.377537   -0.077536 (VIOLATED)
m.u_conv3._564_/Q                       0.300000    0.372600   -0.072600 (VIOLATED)
m.u_conv3._549_/Q                       0.300000    0.366297   -0.066297 (VIOLATED)
m.u_conv3._550_/Q                       0.300000    0.365373   -0.065373 (VIOLATED)
m.u_conv3._526_/Q                       0.300000    0.364439   -0.064439 (VIOLATED)
m.u_conv3._572_/Q                       0.300000    0.364196   -0.064196 (VIOLATED)
m.u_conv3._560_/Q                       0.300000    0.364173   -0.064173 (VIOLATED)
m.u_conv3._532_/Q                       0.300000    0.358209   -0.058209 (VIOLATED)
m.u_conv3._559_/Q                       0.300000    0.354885   -0.054885 (VIOLATED)
m.u_conv3._552_/Q                       0.300000    0.354819   -0.054819 (VIOLATED)
m.u_conv3._558_/Q                       0.300000    0.353562   -0.053562 (VIOLATED)
m.u_conv3._565_/Q                       0.300000    0.349455   -0.049455 (VIOLATED)
m.u_conv3._557_/Q                       0.300000    0.348988   -0.048988 (VIOLATED)
m.u_conv3._537_/Q                       0.300000    0.346669   -0.046669 (VIOLATED)
m.u_conv3._536_/Q                       0.300000    0.345607   -0.045607 (VIOLATED)
m.u_conv3._534_/Q                       0.300000    0.343490   -0.043490 (VIOLATED)
m.u_conv3._541_/Q                       0.300000    0.341130   -0.041130 (VIOLATED)
m.u_conv3._530_/Q                       0.300000    0.341085   -0.041084 (VIOLATED)
m.u_conv3._551_/Q                       0.300000    0.339870   -0.039870 (VIOLATED)
m.u_conv3._531_/Q                       0.300000    0.339026   -0.039026 (VIOLATED)
m.u_conv3._546_/Q                       0.300000    0.332211   -0.032211 (VIOLATED)
m.u_conv3._535_/Q                       0.300000    0.327578   -0.027578 (VIOLATED)
m.u_conv3._538_/Q                       0.300000    0.327545   -0.027545 (VIOLATED)
m.u_conv3._553_/Q                       0.300000    0.326774   -0.026774 (VIOLATED)
m.u_conv3._571_/Q                       0.300000    0.326168   -0.026168 (VIOLATED)
m.u_conv3._563_/Q                       0.300000    0.324886   -0.024886 (VIOLATED)
m.u_conv3._529_/Q                       0.300000    0.322404   -0.022404 (VIOLATED)
m.u_conv3._525_/Q                       0.300000    0.322365   -0.022365 (VIOLATED)
m.u_conv3._556_/Q                       0.300000    0.320813   -0.020813 (VIOLATED)
m.u_conv3._542_/Q                       0.300000    0.319998   -0.019998 (VIOLATED)
m.u_conv3._570_/Q                       0.300000    0.317491   -0.017491 (VIOLATED)
m.u_conv3._569_/Q                       0.300000    0.317098   -0.017098 (VIOLATED)
m.u_conv3._528_/Q                       0.300000    0.313749   -0.013749 (VIOLATED)
m.u_conv3._540_/Q                       0.300000    0.313358   -0.013358 (VIOLATED)
m.u_conv3._543_/Q                       0.300000    0.310979   -0.010979 (VIOLATED)
m.u_conv3._539_/Q                       0.300000    0.310572   -0.010572 (VIOLATED)
m.u_conv3._548_/Q                       0.300000    0.306363   -0.006363 (VIOLATED)
m.u_conv3._579_/Q                       0.300000    0.305424   -0.005424 (VIOLATED)
m.u_conv3._568_/Q                       0.300000    0.303025   -0.003025 (VIOLATED)
m.u_conv3._580_/Q                       0.300000    0.301484   -0.001484 (VIOLATED)
m.u_conv3._566_/Q                       0.300000    0.301048   -0.001048 (VIOLATED)
m.u_conv3._544_/Q                       0.300000    0.300455   -0.000455 (VIOLATED)



===========================================================================
report_parasitic_annotation -report_unannotated
============================================================================
Found 22654 unannotated drivers.
 clk
 ena
 rst_n
 ui_in[0]
 ui_in[1]
 ui_in[2]
 ui_in[3]
 ui_in[4]
 ui_in[5]
 ui_in[6]
 ui_in[7]
 uio_in[0]
 uio_in[1]
 uio_in[2]
 uio_in[3]
 uio_in[4]
 uio_in[5]
 uio_in[6]
 uio_in[7]
 _30_/L_HI
 _31_/L_LO
 _32_/L_LO
 _33_/L_LO
 _34_/L_LO
 _35_/L_LO
 _36_/L_LO
 _37_/L_LO
 _38_/L_LO
 _39_/L_LO
 _40_/L_LO
 _41_/L_LO
 _42_/L_LO
 _43_/L_LO
 _44_/L_LO
 _45_/L_LO
 _46_/L_LO
 _47_/L_LO
 _48_/L_LO
 _49_/L_LO
 _50_/L_LO
 _51_/L_LO
 _52_/L_LO
 _53_/L_LO
 _54_/L_LO
 _55_/L_LO
 _56_/L_LO
 _57_/L_LO
 _58_/L_LO
 _59_/L_LO
 _60_/L_LO
 _61_/L_LO
 _62_/L_LO
 _63_/L_LO
 _64_/L_LO
 _65_/L_LO
 _66_/L_LO
 _67_/L_LO
 _68_/L_LO
 _69_/L_LO
 _70_/L_LO
 _71_/L_LO
 _72_/L_LO
 _73_/L_LO
 _74_/L_LO
 _75_/L_LO
 _76_/L_LO
 _77_/L_LO
 _78_/L_LO
 _79_/X
 _80_/X
 _81_/X
 _82_/X
 _83_/X
 m._126_/Y
 m._127_/X
 m._128_/X
 m._129_/X
 m._130_/Y
 m._131_/X
 m._132_/X
 m._133_/Y
 m._134_/Y
 m._135_/Y
 m._136_/X
 m._137_/Y
 m._138_/Y
 m._139_/Y
 m._140_/X
 m._141_/Y
 m._142_/Y
 m._143_/Y
 m._144_/Y
 m._145_/Y
 m._146_/Y
 m._147_/Y
 m._148_/Y
 m._149_/Y
 m._150_/Y
 m._151_/Y
 m._152_/Y
 m._153_/Y
 m._154_/Y
 m._155_/Y
 m._156_/Y
 m._157_/Y
 m._158_/Y
 m._159_/Y
 m._160_/Y
 m._161_/Y
 m._162_/Y
 m._163_/Y
 m._164_/Y
 m._165_/Y
 m._166_/Y
 m._167_/Y
 m._168_/Y
 m._169_/Y
 m._170_/Y
 m._171_/Y
 m._172_/Y
 m._173_/Y
 m._174_/Y
 m._175_/Y
 m._176_/Y
 m._177_/Y
 m._178_/Y
 m._179_/Y
 m._180_/Y
 m._181_/Y
 m._182_/Y
 m._183_/Y
 m._184_/Y
 m._185_/Y
 m._186_/Y
 m._187_/Y
 m._188_/Y
 m._189_/Y
 m._190_/Y
 m._191_/Y
 m._192_/Y
 m._193_/Y
 m._194_/Y
 m._195_/Y
 m._196_/Y
 m._197_/Y
 m._198_/Y
 m._199_/Y
 m._200_/Y
 m._201_/Y
 m._202_/Y
 m._203_/Y
 m._204_/Y
 m._205_/Y
 m._206_/Y
 m._207_/Y
 m._208_/Y
 m._209_/Y
 m._210_/Y
 m._211_/Y
 m._212_/Y
 m._213_/Y
 m._214_/Y
 m._215_/Y
 m._216_/Y
 m._217_/Y
 m._218_/Y
 m._219_/Y
 m._220_/Y
 m._221_/Y
 m._222_/Y
 m._223_/Y
 m._224_/Y
 m._225_/Y
 m._226_/Y
 m._227_/Y
 m._228_/Y
 m._229_/Y
 m._230_/Y
 m._231_/Y
 m._232_/Y
 m._233_/Y
 m._234_/Y
 m._235_/Y
 m._236_/Y
 m._237_/Y
 m._238_/Y
 m._239_/Y
 m._240_/Y
 m._241_/Y
 m._242_/Y
 m._243_/Y
 m._244_/Y
 m._245_/Y
 m._246_/Y
 m._247_/Y
 m._248_/Y
 m._249_/Y
 m._250_/Y
 m._251_/Y
 m._252_/Y
 m._253_/Y
 m._254_/Y
 m._255_/Y
 m._256_/Y
 m._257_/Y
 m._258_/Y
 m._259_/Y
 m._260_/Y
 m._261_/Y
 m._262_/Y
 m._263_/Y
 m._264_/Y
 m._265_/Y
 m._266_/Y
 m._267_/Y
 m._268_/Y
 m._269_/Y
 m._270_/Y
 m._271_/Y
 m._272_/Y
 m._273_/Y
 m._274_/Y
 m._275_/Y
 m._276_/Y
 m._277_/Q
 m._278_/Q
 m._279_/Q
 m._280_/Q
 m._281_/Q
 m._282_/Q
 m._283_/Q
 m._284_/Q
 m._285_/Q
 m._286_/Q
 m._287_/Q
 m._288_/Q
 m._289_/Q
 m.u_conv1._243_/Y
 m.u_conv1._244_/Y
 m.u_conv1._245_/Y
 m.u_conv1._246_/Y
 m.u_conv1._247_/Y
 m.u_conv1._248_/Y
 m.u_conv1._249_/Y
 m.u_conv1._250_/Y
 m.u_conv1._251_/Y
 m.u_conv1._252_/Y
 m.u_conv1._253_/Y
 m.u_conv1._254_/Y
 m.u_conv1._255_/Y
 m.u_conv1._256_/Y
 m.u_conv1._257_/Y
 m.u_conv1._258_/Y
 m.u_conv1._259_/Y
 m.u_conv1._260_/Y
 m.u_conv1._261_/Y
 m.u_conv1._262_/Y
 m.u_conv1._263_/X
 m.u_conv1._264_/Y
 m.u_conv1._265_/Y
 m.u_conv1._266_/Y
 m.u_conv1._267_/Y
 m.u_conv1._268_/Y
 m.u_conv1._269_/X
 m.u_conv1._270_/Y
 m.u_conv1._271_/X
 m.u_conv1._272_/Y
 m.u_conv1._273_/Y
 m.u_conv1._274_/Y
 m.u_conv1._275_/X
 m.u_conv1._276_/X
 m.u_conv1._277_/Y
 m.u_conv1._278_/Y
 m.u_conv1._279_/Y
 m.u_conv1._280_/Y
 m.u_conv1._281_/Y
 m.u_conv1._282_/Y
 m.u_conv1._283_/Y
 m.u_conv1._284_/Y
 m.u_conv1._285_/Y
 m.u_conv1._286_/X
 m.u_conv1._287_/Y
 m.u_conv1._288_/Y
 m.u_conv1._289_/Y
 m.u_conv1._290_/Y
 m.u_conv1._291_/X
 m.u_conv1._292_/Y
 m.u_conv1._293_/Y
 m.u_conv1._294_/Y
 m.u_conv1._295_/X
 m.u_conv1._296_/Y
 m.u_conv1._297_/Y
 m.u_conv1._298_/Y
 m.u_conv1._299_/Y
 m.u_conv1._300_/Y
 m.u_conv1._301_/Y
 m.u_conv1._302_/Y
 m.u_conv1._303_/Y
 m.u_conv1._304_/Y
 m.u_conv1._305_/Y
 m.u_conv1._306_/Y
 m.u_conv1._307_/Y
 m.u_conv1._308_/Y
 m.u_conv1._309_/Y
 m.u_conv1._310_/Y
 m.u_conv1._311_/Y
 m.u_conv1._312_/Y
 m.u_conv1._313_/Y
 m.u_conv1._314_/Y
 m.u_conv1._315_/Y
 m.u_conv1._316_/Y
 m.u_conv1._317_/Y
 m.u_conv1._318_/X
 m.u_conv1._319_/Y
 m.u_conv1._320_/Y
 m.u_conv1._321_/Y
 m.u_conv1._322_/Y
 m.u_conv1._323_/Y
 m.u_conv1._324_/Y
 m.u_conv1._325_/Y
 m.u_conv1._326_/Y
 m.u_conv1._327_/Y
 m.u_conv1._328_/Y
 m.u_conv1._329_/X
 m.u_conv1._330_/Y
 m.u_conv1._331_/Y
 m.u_conv1._332_/Y
 m.u_conv1._333_/Y
 m.u_conv1._334_/Y
 m.u_conv1._335_/Y
 m.u_conv1._336_/Y
 m.u_conv1._337_/Y
 m.u_conv1._338_/Y
 m.u_conv1._339_/Y
 m.u_conv1._340_/Y
 m.u_conv1._341_/Y
 m.u_conv1._342_/Y
 m.u_conv1._343_/Y
 m.u_conv1._344_/Y
 m.u_conv1._345_/Y
 m.u_conv1._346_/Y
 m.u_conv1._347_/Y
 m.u_conv1._348_/Y
 m.u_conv1._349_/Y
 m.u_conv1._350_/Y
 m.u_conv1._351_/Y
 m.u_conv1._352_/Y
 m.u_conv1._353_/Y
 m.u_conv1._354_/Y
 m.u_conv1._355_/X
 m.u_conv1._356_/Y
 m.u_conv1._357_/Y
 m.u_conv1._358_/Y
 m.u_conv1._359_/Y
 m.u_conv1._360_/Y
 m.u_conv1._361_/Y
 m.u_conv1._362_/Y
 m.u_conv1._363_/Y
 m.u_conv1._364_/Y
 m.u_conv1._365_/Y
 m.u_conv1._366_/Y
 m.u_conv1._367_/X
 m.u_conv1._368_/Y
 m.u_conv1._369_/Y
 m.u_conv1._370_/Y
 m.u_conv1._371_/Y
 m.u_conv1._372_/Y
 m.u_conv1._373_/Y
 m.u_conv1._374_/Y
 m.u_conv1._375_/Y
 m.u_conv1._376_/Y
 m.u_conv1._377_/Y
 m.u_conv1._378_/Y
 m.u_conv1._379_/Y
 m.u_conv1._380_/Y
 m.u_conv1._381_/Y
 m.u_conv1._382_/X
 m.u_conv1._383_/Y
 m.u_conv1._384_/Y
 m.u_conv1._385_/Y
 m.u_conv1._386_/Y
 m.u_conv1._387_/Y
 m.u_conv1._388_/Y
 m.u_conv1._389_/Y
 m.u_conv1._390_/X
 m.u_conv1._391_/Y
 m.u_conv1._392_/Y
 m.u_conv1._393_/Y
 m.u_conv1._394_/X
 m.u_conv1._395_/Y
 m.u_conv1._396_/X
 m.u_conv1._397_/Y
 m.u_conv1._398_/Y
 m.u_conv1._399_/Y
 m.u_conv1._400_/Y
 m.u_conv1._401_/Y
 m.u_conv1._402_/Y
 m.u_conv1._403_/X
 m.u_conv1._404_/Y
 m.u_conv1._405_/X
 m.u_conv1._406_/Y
 m.u_conv1._407_/Y
 m.u_conv1._408_/Y
 m.u_conv1._409_/Y
 m.u_conv1._410_/Y
 m.u_conv1._411_/Y
 m.u_conv1._412_/Y
 m.u_conv1._413_/Y
 m.u_conv1._414_/Y
 m.u_conv1._415_/X
 m.u_conv1._416_/Y
 m.u_conv1._417_/Y
 m.u_conv1._418_/Y
 m.u_conv1._419_/X
 m.u_conv1._420_/Y
 m.u_conv1._421_/X
 m.u_conv1._422_/Y
 m.u_conv1._423_/Y
 m.u_conv1._424_/Y
 m.u_conv1._425_/Y
 m.u_conv1._426_/Y
 m.u_conv1._427_/Y
 m.u_conv1._428_/Y
 m.u_conv1._429_/Y
 m.u_conv1._430_/Y
 m.u_conv1._431_/Y
 m.u_conv1._432_/X
 m.u_conv1._433_/Y
 m.u_conv1._434_/Y
 m.u_conv1._435_/Y
 m.u_conv1._436_/Y
 m.u_conv1._437_/X
 m.u_conv1._438_/Y
 m.u_conv1._439_/Y
 m.u_conv1._440_/Y
 m.u_conv1._441_/Y
 m.u_conv1._442_/Y
 m.u_conv1._443_/X
 m.u_conv1._444_/Y
 m.u_conv1._445_/X
 m.u_conv1._446_/Y
 m.u_conv1._447_/Y
 m.u_conv1._448_/Y
 m.u_conv1._449_/Y
 m.u_conv1._450_/Y
 m.u_conv1._451_/X
 m.u_conv1._452_/Y
 m.u_conv1._453_/Y
 m.u_conv1._454_/Y
 m.u_conv1._455_/Y
 m.u_conv1._456_/Y
 m.u_conv1._457_/Y
 m.u_conv1._458_/Y
 m.u_conv1._459_/Y
 m.u_conv1._460_/Y
 m.u_conv1._461_/X
 m.u_conv1._462_/X
 m.u_conv1._463_/X
 m.u_conv1._464_/X
 m.u_conv1._465_/X
 m.u_conv1._466_/X
 m.u_conv1._467_/X
 m.u_conv1._468_/X
 m.u_conv1._469_/X
 m.u_conv1._470_/X
 m.u_conv1._471_/X
 m.u_conv1._472_/X
 m.u_conv1._473_/X
 m.u_conv1._474_/X
 m.u_conv1._475_/X
 m.u_conv1._476_/X
 m.u_conv1._477_/X
 m.u_conv1._478_/X
 m.u_conv1._479_/Q
 m.u_conv1._480_/Q
 m.u_conv1._481_/Q
 m.u_conv1._482_/Q
 m.u_conv1._483_/Q
 m.u_conv1._484_/Q
 m.u_conv1._485_/Q
 m.u_conv1._486_/Q
 m.u_conv1._487_/Q
 m.u_conv1._488_/Q
 m.u_conv1._489_/Q
 m.u_conv1._490_/Q
 m.u_conv1._491_/Q
 m.u_conv1._492_/Q
 m.u_conv1._493_/Q
 m.u_conv1._494_/Q
 m.u_conv1._495_/Q
 m.u_conv1._496_/Q
 m.u_conv1._497_/Q
 m.u_conv1._498_/Q
 m.u_conv1._499_/Q
 m.u_conv1._500_/Q
 m.u_conv1._501_/Q
 m.u_conv1._502_/Q
 m.u_conv1._503_/Q
 m.u_conv1._504_/Q
 m.u_conv1._505_/Q
 m.u_conv1._506_/Q
 m.u_conv1._507_/Q
 m.u_conv1._508_/Q
 m.u_conv1._509_/Q
 m.u_conv1._510_/Q
 m.u_conv1._511_/Q
 m.u_conv1._512_/Q
 m.u_conv1._513_/Q
 m.u_conv1._514_/L_HI
 m.u_conv1._515_/L_HI
 m.u_conv1._516_/L_HI
 m.u_conv1._517_/L_HI
 m.u_conv1._518_/L_HI
 m.u_conv1._519_/L_HI
 m.u_conv1._520_/L_HI
 m.u_conv1._521_/L_HI
 m.u_conv1._522_/L_HI
 m.u_conv1._523_/L_HI
 m.u_conv1._524_/L_HI
 m.u_conv1._525_/L_HI
 m.u_conv1._526_/L_HI
 m.u_conv1._527_/L_HI
 m.u_conv1._528_/L_HI
 m.u_conv1._529_/L_HI
 m.u_conv1._530_/L_HI
 m.u_conv1._531_/L_HI
 m.u_conv1._532_/L_HI
 m.u_conv1._533_/L_HI
 m.u_conv1._534_/L_HI
 m.u_conv1._535_/L_LO
 m.u_conv1._536_/L_LO
 m.u_conv1._537_/L_LO
 m.u_conv1._538_/L_LO
 m.u_conv1._539_/L_LO
 m.u_conv1._540_/L_LO
 m.u_conv1._541_/L_LO
 m.u_conv1._542_/L_LO
 m.u_conv1._543_/L_LO
 m.u_conv1._544_/L_LO
 m.u_conv1._545_/L_LO
 m.u_conv1._546_/L_LO
 m.u_conv1._547_/L_LO
 m.u_conv1._548_/L_LO
 m.u_conv1._549_/L_LO
 m.u_conv1._550_/L_LO
 m.u_conv1._551_/L_LO
 m.u_conv1.u_loader._446_/Y
 m.u_conv1.u_loader._447_/Y
 m.u_conv1.u_loader._448_/Y
 m.u_conv1.u_loader._449_/Y
 m.u_conv1.u_loader._450_/Y
 m.u_conv1.u_loader._451_/Y
 m.u_conv1.u_loader._452_/Y
 m.u_conv1.u_loader._453_/Y
 m.u_conv1.u_loader._454_/Y
 m.u_conv1.u_loader._455_/Y
 m.u_conv1.u_loader._456_/Y
 m.u_conv1.u_loader._457_/Y
 m.u_conv1.u_loader._458_/Y
 m.u_conv1.u_loader._459_/Y
 m.u_conv1.u_loader._460_/Y
 m.u_conv1.u_loader._461_/Y
 m.u_conv1.u_loader._462_/Y
 m.u_conv1.u_loader._463_/Y
 m.u_conv1.u_loader._464_/Y
 m.u_conv1.u_loader._465_/Y
 m.u_conv1.u_loader._466_/Y
 m.u_conv1.u_loader._467_/Y
 m.u_conv1.u_loader._468_/Y
 m.u_conv1.u_loader._469_/Y
 m.u_conv1.u_loader._470_/Y
 m.u_conv1.u_loader._471_/X
 m.u_conv1.u_loader._472_/Y
 m.u_conv1.u_loader._473_/Y
 m.u_conv1.u_loader._474_/Y
 m.u_conv1.u_loader._475_/X
 m.u_conv1.u_loader._476_/Y
 m.u_conv1.u_loader._477_/Y
 m.u_conv1.u_loader._478_/X
 m.u_conv1.u_loader._479_/Y
 m.u_conv1.u_loader._480_/Y
 m.u_conv1.u_loader._481_/X
 m.u_conv1.u_loader._482_/Y
 m.u_conv1.u_loader._483_/Y
 m.u_conv1.u_loader._484_/X
 m.u_conv1.u_loader._485_/Y
 m.u_conv1.u_loader._486_/X
 m.u_conv1.u_loader._487_/X
 m.u_conv1.u_loader._488_/X
 m.u_conv1.u_loader._489_/X
 m.u_conv1.u_loader._490_/Y
 m.u_conv1.u_loader._491_/X
 m.u_conv1.u_loader._492_/X
 m.u_conv1.u_loader._493_/Y
 m.u_conv1.u_loader._494_/Y
 m.u_conv1.u_loader._495_/Y
 m.u_conv1.u_loader._496_/X
 m.u_conv1.u_loader._497_/X
 m.u_conv1.u_loader._498_/Y
 m.u_conv1.u_loader._499_/Y
 m.u_conv1.u_loader._500_/Y
 m.u_conv1.u_loader._501_/Y
 m.u_conv1.u_loader._502_/Y
 m.u_conv1.u_loader._503_/Y
 m.u_conv1.u_loader._504_/Y
 m.u_conv1.u_loader._505_/Y
 m.u_conv1.u_loader._506_/Y
 m.u_conv1.u_loader._507_/Y
 m.u_conv1.u_loader._508_/Y
 m.u_conv1.u_loader._509_/X
 m.u_conv1.u_loader._510_/Y
 m.u_conv1.u_loader._511_/X
 m.u_conv1.u_loader._512_/Y
 m.u_conv1.u_loader._513_/Y
 m.u_conv1.u_loader._514_/X
 m.u_conv1.u_loader._515_/Y
 m.u_conv1.u_loader._516_/X
 m.u_conv1.u_loader._517_/Y
 m.u_conv1.u_loader._518_/X
 m.u_conv1.u_loader._519_/X
 m.u_conv1.u_loader._520_/Y
 m.u_conv1.u_loader._521_/Y
 m.u_conv1.u_loader._522_/X
 m.u_conv1.u_loader._523_/Y
 m.u_conv1.u_loader._524_/X
 m.u_conv1.u_loader._525_/Y
 m.u_conv1.u_loader._526_/Y
 m.u_conv1.u_loader._527_/Y
 m.u_conv1.u_loader._528_/Y
 m.u_conv1.u_loader._529_/Y
 m.u_conv1.u_loader._530_/Y
 m.u_conv1.u_loader._531_/Y
 m.u_conv1.u_loader._532_/Y
 m.u_conv1.u_loader._533_/Y
 m.u_conv1.u_loader._534_/Y
 m.u_conv1.u_loader._535_/X
 m.u_conv1.u_loader._536_/Y
 m.u_conv1.u_loader._537_/X
 m.u_conv1.u_loader._538_/X
 m.u_conv1.u_loader._539_/Y
 m.u_conv1.u_loader._540_/Y
 m.u_conv1.u_loader._541_/X
 m.u_conv1.u_loader._542_/Y
 m.u_conv1.u_loader._543_/X
 m.u_conv1.u_loader._544_/Y
 m.u_conv1.u_loader._545_/Y
 m.u_conv1.u_loader._546_/Y
 m.u_conv1.u_loader._547_/Y
 m.u_conv1.u_loader._548_/Y
 m.u_conv1.u_loader._549_/Y
 m.u_conv1.u_loader._550_/Y
 m.u_conv1.u_loader._551_/X
 m.u_conv1.u_loader._552_/Y
 m.u_conv1.u_loader._553_/Y
 m.u_conv1.u_loader._554_/Y
 m.u_conv1.u_loader._555_/Y
 m.u_conv1.u_loader._556_/X
 m.u_conv1.u_loader._557_/X
 m.u_conv1.u_loader._558_/Y
 m.u_conv1.u_loader._559_/X
 m.u_conv1.u_loader._560_/X
 m.u_conv1.u_loader._561_/Y
 m.u_conv1.u_loader._562_/Y
 m.u_conv1.u_loader._563_/Y
 m.u_conv1.u_loader._564_/X
 m.u_conv1.u_loader._565_/Y
 m.u_conv1.u_loader._566_/X
 m.u_conv1.u_loader._567_/X
 m.u_conv1.u_loader._568_/X
 m.u_conv1.u_loader._569_/X
 m.u_conv1.u_loader._570_/Y
 m.u_conv1.u_loader._571_/Y
 m.u_conv1.u_loader._572_/Y
 m.u_conv1.u_loader._573_/Y
 m.u_conv1.u_loader._574_/Y
 m.u_conv1.u_loader._575_/Y
 m.u_conv1.u_loader._576_/X
 m.u_conv1.u_loader._577_/Y
 m.u_conv1.u_loader._578_/Y
 m.u_conv1.u_loader._579_/Y
 m.u_conv1.u_loader._580_/Y
 m.u_conv1.u_loader._581_/Y
 m.u_conv1.u_loader._582_/Y
 m.u_conv1.u_loader._583_/Y
 m.u_conv1.u_loader._584_/Y
 m.u_conv1.u_loader._585_/Y
 m.u_conv1.u_loader._586_/Y
 m.u_conv1.u_loader._587_/X
 m.u_conv1.u_loader._588_/Y
 m.u_conv1.u_loader._589_/Y
 m.u_conv1.u_loader._590_/Y
 m.u_conv1.u_loader._591_/X
 m.u_conv1.u_loader._592_/Y
 m.u_conv1.u_loader._593_/Y
 m.u_conv1.u_loader._594_/Y
 m.u_conv1.u_loader._595_/Y
 m.u_conv1.u_loader._596_/Y
 m.u_conv1.u_loader._597_/X
 m.u_conv1.u_loader._598_/Y
 m.u_conv1.u_loader._599_/Y
 m.u_conv1.u_loader._600_/Y
 m.u_conv1.u_loader._601_/Y
 m.u_conv1.u_loader._602_/Y
 m.u_conv1.u_loader._603_/X
 m.u_conv1.u_loader._604_/Y
 m.u_conv1.u_loader._605_/X
 m.u_conv1.u_loader._606_/X
 m.u_conv1.u_loader._607_/Y
 m.u_conv1.u_loader._608_/X
 m.u_conv1.u_loader._609_/Y
 m.u_conv1.u_loader._610_/Y
 m.u_conv1.u_loader._611_/X
 m.u_conv1.u_loader._612_/X
 m.u_conv1.u_loader._613_/X
 m.u_conv1.u_loader._614_/Y
 m.u_conv1.u_loader._615_/Y
 m.u_conv1.u_loader._616_/Y
 m.u_conv1.u_loader._617_/X
 m.u_conv1.u_loader._618_/X
 m.u_conv1.u_loader._619_/Y
 m.u_conv1.u_loader._620_/Y
 m.u_conv1.u_loader._621_/Y
 m.u_conv1.u_loader._622_/X
 m.u_conv1.u_loader._623_/Y
 m.u_conv1.u_loader._624_/Y
 m.u_conv1.u_loader._625_/Y
 m.u_conv1.u_loader._626_/Y
 m.u_conv1.u_loader._627_/X
 m.u_conv1.u_loader._628_/Y
 m.u_conv1.u_loader._629_/X
 m.u_conv1.u_loader._630_/X
 m.u_conv1.u_loader._631_/Y
 m.u_conv1.u_loader._632_/Y
 m.u_conv1.u_loader._633_/X
 m.u_conv1.u_loader._634_/Y
 m.u_conv1.u_loader._635_/Y
 m.u_conv1.u_loader._636_/Y
 m.u_conv1.u_loader._637_/Y
 m.u_conv1.u_loader._638_/Y
 m.u_conv1.u_loader._639_/X
 m.u_conv1.u_loader._640_/X
 m.u_conv1.u_loader._641_/Y
 m.u_conv1.u_loader._642_/X
 m.u_conv1.u_loader._643_/Y
 m.u_conv1.u_loader._644_/X
 m.u_conv1.u_loader._645_/X
 m.u_conv1.u_loader._646_/Y
 m.u_conv1.u_loader._647_/Y
 m.u_conv1.u_loader._648_/X
 m.u_conv1.u_loader._649_/Y
 m.u_conv1.u_loader._650_/Y
 m.u_conv1.u_loader._651_/X
 m.u_conv1.u_loader._652_/Y
 m.u_conv1.u_loader._653_/X
 m.u_conv1.u_loader._654_/X
 m.u_conv1.u_loader._655_/Y
 m.u_conv1.u_loader._656_/X
 m.u_conv1.u_loader._657_/Y
 m.u_conv1.u_loader._658_/Y
 m.u_conv1.u_loader._659_/Y
 m.u_conv1.u_loader._660_/Y
 m.u_conv1.u_loader._661_/Y
 m.u_conv1.u_loader._662_/Y
 m.u_conv1.u_loader._663_/Y
 m.u_conv1.u_loader._664_/Y
 m.u_conv1.u_loader._665_/Y
 m.u_conv1.u_loader._666_/Y
 m.u_conv1.u_loader._667_/X
 m.u_conv1.u_loader._668_/Y
 m.u_conv1.u_loader._669_/Y
 m.u_conv1.u_loader._670_/Y
 m.u_conv1.u_loader._671_/Y
 m.u_conv1.u_loader._672_/Y
 m.u_conv1.u_loader._673_/X
 m.u_conv1.u_loader._674_/X
 m.u_conv1.u_loader._675_/Y
 m.u_conv1.u_loader._676_/Y
 m.u_conv1.u_loader._677_/Y
 m.u_conv1.u_loader._678_/Y
 m.u_conv1.u_loader._679_/Y
 m.u_conv1.u_loader._680_/Y
 m.u_conv1.u_loader._681_/Y
 m.u_conv1.u_loader._682_/X
 m.u_conv1.u_loader._683_/Y
 m.u_conv1.u_loader._684_/Y
 m.u_conv1.u_loader._685_/X
 m.u_conv1.u_loader._686_/Y
 m.u_conv1.u_loader._687_/X
 m.u_conv1.u_loader._688_/Y
 m.u_conv1.u_loader._689_/Y
 m.u_conv1.u_loader._690_/Y
 m.u_conv1.u_loader._691_/Y
 m.u_conv1.u_loader._692_/Y
 m.u_conv1.u_loader._693_/X
 m.u_conv1.u_loader._694_/Y
 m.u_conv1.u_loader._695_/X
 m.u_conv1.u_loader._696_/Y
 m.u_conv1.u_loader._697_/Y
 m.u_conv1.u_loader._698_/X
 m.u_conv1.u_loader._699_/Y
 m.u_conv1.u_loader._700_/X
 m.u_conv1.u_loader._701_/Y
 m.u_conv1.u_loader._702_/Y
 m.u_conv1.u_loader._703_/Y
 m.u_conv1.u_loader._704_/Y
 m.u_conv1.u_loader._705_/X
 m.u_conv1.u_loader._706_/Y
 m.u_conv1.u_loader._707_/Y
 m.u_conv1.u_loader._708_/X
 m.u_conv1.u_loader._709_/Y
 m.u_conv1.u_loader._710_/Y
 m.u_conv1.u_loader._711_/Y
 m.u_conv1.u_loader._712_/Y
 m.u_conv1.u_loader._713_/X
 m.u_conv1.u_loader._714_/Y
 m.u_conv1.u_loader._715_/Y
 m.u_conv1.u_loader._716_/X
 m.u_conv1.u_loader._717_/Y
 m.u_conv1.u_loader._718_/Y
 m.u_conv1.u_loader._719_/Y
 m.u_conv1.u_loader._720_/Y
 m.u_conv1.u_loader._721_/Y
 m.u_conv1.u_loader._722_/Y
 m.u_conv1.u_loader._723_/Y
 m.u_conv1.u_loader._724_/Y
 m.u_conv1.u_loader._725_/Y
 m.u_conv1.u_loader._726_/Y
 m.u_conv1.u_loader._727_/Y
 m.u_conv1.u_loader._728_/X
 m.u_conv1.u_loader._729_/Y
 m.u_conv1.u_loader._730_/Y
 m.u_conv1.u_loader._731_/Y
 m.u_conv1.u_loader._732_/Y
 m.u_conv1.u_loader._733_/Y
 m.u_conv1.u_loader._734_/X
 m.u_conv1.u_loader._735_/X
 m.u_conv1.u_loader._736_/X
 m.u_conv1.u_loader._737_/Y
 m.u_conv1.u_loader._738_/Y
 m.u_conv1.u_loader._739_/Y
 m.u_conv1.u_loader._740_/Y
 m.u_conv1.u_loader._741_/Y
 m.u_conv1.u_loader._742_/Y
 m.u_conv1.u_loader._743_/Y
 m.u_conv1.u_loader._744_/Y
 m.u_conv1.u_loader._745_/Y
 m.u_conv1.u_loader._746_/X
 m.u_conv1.u_loader._747_/Y
 m.u_conv1.u_loader._748_/Y
 m.u_conv1.u_loader._749_/Y
 m.u_conv1.u_loader._750_/Y
 m.u_conv1.u_loader._751_/Y
 m.u_conv1.u_loader._752_/Y
 m.u_conv1.u_loader._753_/Y
 m.u_conv1.u_loader._754_/X
 m.u_conv1.u_loader._755_/Y
 m.u_conv1.u_loader._756_/Y
 m.u_conv1.u_loader._757_/Y
 m.u_conv1.u_loader._758_/Y
 m.u_conv1.u_loader._759_/Y
 m.u_conv1.u_loader._760_/Y
 m.u_conv1.u_loader._761_/Y
 m.u_conv1.u_loader._762_/X
 m.u_conv1.u_loader._763_/Y
 m.u_conv1.u_loader._764_/Y
 m.u_conv1.u_loader._765_/Y
 m.u_conv1.u_loader._766_/Y
 m.u_conv1.u_loader._767_/Y
 m.u_conv1.u_loader._768_/Y
 m.u_conv1.u_loader._769_/Y
 m.u_conv1.u_loader._770_/Y
 m.u_conv1.u_loader._771_/Y
 m.u_conv1.u_loader._772_/Y
 m.u_conv1.u_loader._773_/Y
 m.u_conv1.u_loader._774_/X
 m.u_conv1.u_loader._775_/X
 m.u_conv1.u_loader._776_/Y
 m.u_conv1.u_loader._777_/Y
 m.u_conv1.u_loader._778_/Y
 m.u_conv1.u_loader._779_/Y
 m.u_conv1.u_loader._780_/Y
 m.u_conv1.u_loader._781_/Y
 m.u_conv1.u_loader._782_/Y
 m.u_conv1.u_loader._783_/Y
 m.u_conv1.u_loader._784_/X
 m.u_conv1.u_loader._785_/Y
 m.u_conv1.u_loader._786_/Y
 m.u_conv1.u_loader._787_/Y
 m.u_conv1.u_loader._788_/Y
 m.u_conv1.u_loader._789_/Y
 m.u_conv1.u_loader._790_/Y
 m.u_conv1.u_loader._791_/X
 m.u_conv1.u_loader._792_/Y
 m.u_conv1.u_loader._793_/Y
 m.u_conv1.u_loader._794_/X
 m.u_conv1.u_loader._795_/Y
 m.u_conv1.u_loader._796_/Y
 m.u_conv1.u_loader._797_/Y
 m.u_conv1.u_loader._798_/Y
 m.u_conv1.u_loader._799_/Y
 m.u_conv1.u_loader._800_/Y
 m.u_conv1.u_loader._801_/Y
 m.u_conv1.u_loader._802_/Y
 m.u_conv1.u_loader._803_/Y
 m.u_conv1.u_loader._804_/Y
 m.u_conv1.u_loader._805_/Y
 m.u_conv1.u_loader._806_/Y
 m.u_conv1.u_loader._807_/Y
 m.u_conv1.u_loader._808_/Y
 m.u_conv1.u_loader._809_/Y
 m.u_conv1.u_loader._810_/Y
 m.u_conv1.u_loader._811_/Y
 m.u_conv1.u_loader._812_/Y
 m.u_conv1.u_loader._813_/Y
 m.u_conv1.u_loader._814_/Y
 m.u_conv1.u_loader._815_/Y
 m.u_conv1.u_loader._816_/Y
 m.u_conv1.u_loader._817_/Y
 m.u_conv1.u_loader._818_/Y
 m.u_conv1.u_loader._819_/Y
 m.u_conv1.u_loader._820_/Y
 m.u_conv1.u_loader._821_/Y
 m.u_conv1.u_loader._822_/X
 m.u_conv1.u_loader._823_/Y
 m.u_conv1.u_loader._824_/Y
 m.u_conv1.u_loader._825_/Y
 m.u_conv1.u_loader._826_/Y
 m.u_conv1.u_loader._827_/X
 m.u_conv1.u_loader._828_/X
 m.u_conv1.u_loader._829_/Y
 m.u_conv1.u_loader._830_/Y
 m.u_conv1.u_loader._831_/X
 m.u_conv1.u_loader._832_/Y
 m.u_conv1.u_loader._833_/Y
 m.u_conv1.u_loader._834_/Y
 m.u_conv1.u_loader._835_/Y
 m.u_conv1.u_loader._836_/X
 m.u_conv1.u_loader._837_/Y
 m.u_conv1.u_loader._838_/Y
 m.u_conv1.u_loader._839_/Y
 m.u_conv1.u_loader._840_/Y
 m.u_conv1.u_loader._841_/Y
 m.u_conv1.u_loader._842_/X
 m.u_conv1.u_loader._843_/X
 m.u_conv1.u_loader._844_/X
 m.u_conv1.u_loader._845_/Y
 m.u_conv1.u_loader._846_/Y
 m.u_conv1.u_loader._847_/Y
 m.u_conv1.u_loader._848_/Y
 m.u_conv1.u_loader._849_/X
 m.u_conv1.u_loader._850_/Y
 m.u_conv1.u_loader._851_/Y
 m.u_conv1.u_loader._852_/Y
 m.u_conv1.u_loader._853_/Y
 m.u_conv1.u_loader._854_/Y
 m.u_conv1.u_loader._855_/X
 m.u_conv1.u_loader._856_/X
 m.u_conv1.u_loader._857_/X
 m.u_conv1.u_loader._858_/Y
 m.u_conv1.u_loader._859_/Y
 m.u_conv1.u_loader._860_/Y
 m.u_conv1.u_loader._861_/Y
 m.u_conv1.u_loader._862_/X
 m.u_conv1.u_loader._863_/Y
 m.u_conv1.u_loader._864_/Y
 m.u_conv1.u_loader._865_/X
 m.u_conv1.u_loader._866_/X
 m.u_conv1.u_loader._867_/Y
 m.u_conv1.u_loader._868_/Y
 m.u_conv1.u_loader._869_/Y
 m.u_conv1.u_loader._870_/Y
 m.u_conv1.u_loader._871_/X
 m.u_conv1.u_loader._872_/Y
 m.u_conv1.u_loader._873_/Y
 m.u_conv1.u_loader._874_/Y
 m.u_conv1.u_loader._875_/Y
 m.u_conv1.u_loader._876_/X
 m.u_conv1.u_loader._877_/Y
 m.u_conv1.u_loader._878_/Y
 m.u_conv1.u_loader._879_/Y
 m.u_conv1.u_loader._880_/Y
 m.u_conv1.u_loader._881_/Y
 m.u_conv1.u_loader._882_/Y
 m.u_conv1.u_loader._883_/Y
 m.u_conv1.u_loader._884_/X
 m.u_conv1.u_loader._885_/X
 m.u_conv1.u_loader._886_/Y
 m.u_conv1.u_loader._887_/Y
 m.u_conv1.u_loader._888_/Y
 m.u_conv1.u_loader._889_/Y
 m.u_conv1.u_loader._890_/X
 m.u_conv1.u_loader._891_/X
 m.u_conv1.u_loader._892_/X
 m.u_conv1.u_loader._893_/Y
 m.u_conv1.u_loader._894_/Y
 m.u_conv1.u_loader._895_/X
 m.u_conv1.u_loader._896_/X
 m.u_conv1.u_loader._897_/Y
 m.u_conv1.u_loader._898_/Y
 m.u_conv1.u_loader._899_/X
 m.u_conv1.u_loader._900_/Q
 m.u_conv1.u_loader._901_/Q
 m.u_conv1.u_loader._902_/Q
 m.u_conv1.u_loader._903_/Q
 m.u_conv1.u_loader._904_/Q
 m.u_conv1.u_loader._905_/Q
 m.u_conv1.u_loader._906_/Q
 m.u_conv1.u_loader._907_/Q
 m.u_conv1.u_loader._908_/Q
 m.u_conv1.u_loader._909_/Q
 m.u_conv1.u_loader._910_/Q
 m.u_conv1.u_loader._911_/Q
 m.u_conv1.u_loader._912_/Q
 m.u_conv1.u_loader._913_/Q
 m.u_conv1.u_loader._914_/Q
 m.u_conv1.u_loader._915_/Q
 m.u_conv1.u_loader._916_/Q
 m.u_conv1.u_loader._917_/Q
 m.u_conv1.u_loader._918_/Q
 m.u_conv1.u_loader._919_/Q
 m.u_conv1.u_loader._920_/Q
 m.u_conv1.u_loader._921_/Q
 m.u_conv1.u_loader._922_/Q
 m.u_conv1.u_loader._923_/Q
 m.u_conv1.u_loader._924_/Q
 m.u_conv1.u_loader._925_/Q
 m.u_conv1.u_loader._926_/Q
 m.u_conv1.u_loader._927_/Q
 m.u_conv1.u_loader._928_/Q
 m.u_conv1.u_loader._929_/Q
 m.u_conv1.u_loader._930_/Q
 m.u_conv1.u_loader._931_/Q
 m.u_conv1.u_loader._932_/Q
 m.u_conv1.u_loader._933_/Q
 m.u_conv1.u_loader._934_/Q
 m.u_conv1.u_loader._935_/L_HI
 m.u_conv1.u_loader._936_/L_HI
 m.u_conv1.u_loader._937_/L_HI
 m.u_conv1.u_loader._938_/L_HI
 m.u_conv1.u_loader._939_/L_HI
 m.u_conv1.u_loader._940_/L_HI
 m.u_conv1.u_loader._941_/L_HI
 m.u_conv1.u_loader._942_/L_HI
 m.u_conv1.u_loader._943_/L_LO
 m.u_conv1.u_loader._944_/L_LO
 m.u_conv1.u_loader._945_/L_LO
 m.u_conv1.u_loader._946_/L_LO
 m.u_conv1.u_loader._947_/L_LO
 m.u_conv1.u_loader._948_/L_LO
 m.u_conv1.u_loader._949_/L_LO
 m.u_conv1.u_loader._950_/L_LO
 m.u_conv1.u_loader._951_/L_LO
 m.u_conv1.u_weights._171_/Y
 m.u_conv1.u_weights._172_/Y
 m.u_conv1.u_weights._173_/Y
 m.u_conv1.u_weights._174_/X
 m.u_conv1.u_weights._175_/X
 m.u_conv1.u_weights._176_/Y
 m.u_conv1.u_weights._177_/Y
 m.u_conv1.u_weights._178_/X
 m.u_conv1.u_weights._179_/Y
 m.u_conv1.u_weights._180_/Y
 m.u_conv1.u_weights._181_/Y
 m.u_conv1.u_weights._182_/Y
 m.u_conv1.u_weights._183_/Y
 m.u_conv1.u_weights._184_/X
 m.u_conv1.u_weights._185_/Y
 m.u_conv1.u_weights._186_/Y
 m.u_conv1.u_weights._187_/X
 m.u_conv1.u_weights._188_/Y
 m.u_conv1.u_weights._189_/Y
 m.u_conv1.u_weights._190_/Y
 m.u_conv1.u_weights._191_/X
 m.u_conv1.u_weights._192_/Y
 m.u_conv1.u_weights._193_/X
 m.u_conv1.u_weights._194_/Y
 m.u_conv1.u_weights._195_/Y
 m.u_conv1.u_weights._196_/X
 m.u_conv1.u_weights._197_/Y
 m.u_conv1.u_weights._198_/Y
 m.u_conv1.u_weights._199_/Y
 m.u_conv1.u_weights._200_/X
 m.u_conv1.u_weights._201_/Y
 m.u_conv1.u_weights._202_/Y
 m.u_conv1.u_weights._203_/X
 m.u_conv1.u_weights._204_/Y
 m.u_conv1.u_weights._205_/X
 m.u_conv1.u_weights._206_/X
 m.u_conv1.u_weights._207_/Y
 m.u_conv1.u_weights._208_/X
 m.u_conv1.u_weights._209_/Y
 m.u_conv1.u_weights._210_/Y
 m.u_conv1.u_weights._211_/X
 m.u_conv1.u_weights._212_/Y
 m.u_conv1.u_weights._213_/Y
 m.u_conv1.u_weights._214_/Y
 m.u_conv1.u_weights._215_/Y
 m.u_conv1.u_weights._216_/Y
 m.u_conv1.u_weights._217_/Y
 m.u_conv1.u_weights._218_/Y
 m.u_conv1.u_weights._219_/Y
 m.u_conv1.u_weights._220_/Y
 m.u_conv1.u_weights._221_/X
 m.u_conv1.u_weights._222_/X
 m.u_conv1.u_weights._223_/Y
 m.u_conv1.u_weights._224_/Y
 m.u_conv1.u_weights._225_/X
 m.u_conv1.u_weights._226_/Y
 m.u_conv1.u_weights._227_/Y
 m.u_conv1.u_weights._228_/Y
 m.u_conv1.u_weights._229_/Y
 m.u_conv1.u_weights._230_/X
 m.u_conv1.u_weights._231_/Y
 m.u_conv1.u_weights._232_/Y
 m.u_conv1.u_weights._233_/X
 m.u_conv1.u_weights._234_/Y
 m.u_conv1.u_weights._235_/X
 m.u_conv1.u_weights._236_/X
 m.u_conv1.u_weights._237_/Y
 m.u_conv1.u_weights._238_/X
 m.u_conv1.u_weights._239_/Y
 m.u_conv1.u_weights._240_/X
 m.u_conv1.u_weights._241_/Y
 m.u_conv1.u_weights._242_/Y
 m.u_conv1.u_weights._243_/X
 m.u_conv1.u_weights._244_/Y
 m.u_conv1.u_weights._245_/X
 m.u_conv1.u_weights._246_/Y
 m.u_conv1.u_weights._247_/Y
 m.u_conv1.u_weights._248_/X
 m.u_conv1.u_weights._249_/Y
 m.u_conv1.u_weights._250_/Y
 m.u_conv1.u_weights._251_/X
 m.u_conv1.u_weights._252_/Y
 m.u_conv1.u_weights._253_/Y
 m.u_conv1.u_weights._254_/X
 m.u_conv1.u_weights._255_/Y
 m.u_conv1.u_weights._256_/Y
 m.u_conv1.u_weights._257_/Y
 m.u_conv1.u_weights._258_/Y
 m.u_conv1.u_weights._259_/Y
 m.u_conv1.u_weights._260_/Y
 m.u_conv1.u_weights._261_/Y
 m.u_conv1.u_weights._262_/X
 m.u_conv1.u_weights._263_/Y
 m.u_conv1.u_weights._264_/X
 m.u_conv1.u_weights._265_/Y
 m.u_conv1.u_weights._266_/Y
 m.u_conv1.u_weights._267_/Y
 m.u_conv1.u_weights._268_/Y
 m.u_conv1.u_weights._269_/Y
 m.u_conv1.u_weights._270_/Y
 m.u_conv1.u_weights._271_/Y
 m.u_conv1.u_weights._272_/X
 m.u_conv1.u_weights._273_/Y
 m.u_conv1.u_weights._274_/X
 m.u_conv1.u_weights._275_/Y
 m.u_conv1.u_weights._276_/Y
 m.u_conv1.u_weights._277_/X
 m.u_conv1.u_weights._278_/X
 m.u_conv1.u_weights._279_/Y
 m.u_conv1.u_weights._280_/X
 m.u_conv1.u_weights._281_/Y
 m.u_conv1.u_weights._282_/X
 m.u_conv1.u_weights._283_/Y
 m.u_conv1.u_weights._284_/Y
 m.u_conv1.u_weights._285_/X
 m.u_conv1.u_weights._286_/X
 m.u_conv1.u_weights._287_/Y
 m.u_conv1.u_weights._288_/Y
 m.u_conv1.u_weights._289_/X
 m.u_conv1.u_weights._290_/Y
 m.u_conv1.u_weights._291_/Y
 m.u_conv1.u_weights._292_/X
 m.u_conv1.u_weights._293_/Y
 m.u_conv1.u_weights._294_/Y
 m.u_conv1.u_weights._295_/X
 m.u_conv1.u_weights._296_/Y
 m.u_conv1.u_weights._297_/Y
 m.u_conv1.u_weights._298_/X
 m.u_conv1.u_weights._299_/Y
 m.u_conv1.u_weights._300_/Y
 m.u_conv1.u_weights._301_/Y
 m.u_conv1.u_weights._302_/Y
 m.u_conv1.u_weights._303_/Y
 m.u_conv1.u_weights._304_/Y
 m.u_conv1.u_weights._305_/Y
 m.u_conv1.u_weights._306_/Y
 m.u_conv1.u_weights._307_/Y
 m.u_conv1.u_weights._308_/X
 m.u_conv1.u_weights._309_/Y
 m.u_conv1.u_weights._310_/X
 m.u_conv1.u_weights._311_/X
 m.u_conv1.u_weights._312_/Y
 m.u_conv1.u_weights._313_/Y
 m.u_conv1.u_weights._314_/Y
 m.u_conv1.u_weights._315_/Y
 m.u_conv1.u_weights._316_/X
 m.u_conv1.u_weights._317_/Y
 m.u_conv1.u_weights._318_/X
 m.u_conv1.u_weights._319_/Y
 m.u_conv1.u_weights._320_/Y
 m.u_conv1.u_weights._321_/X
 m.u_conv1.u_weights._322_/X
 m.u_conv1.u_weights._323_/Y
 m.u_conv1.u_weights._324_/X
 m.u_conv1.u_weights._325_/Y
 m.u_conv1.u_weights._326_/X
 m.u_conv1.u_weights._327_/Y
 m.u_conv1.u_weights._328_/Y
 m.u_conv1.u_weights._329_/Y
 m.u_conv1.u_weights._330_/X
 m.u_conv1.u_weights._331_/Y
 m.u_conv1.u_weights._332_/X
 m.u_conv1.u_weights._333_/Y
 m.u_conv1.u_weights._334_/X
 m.u_conv1.u_weights._335_/X
 m.u_conv1.u_weights._336_/Y
 m.u_conv1.u_weights._337_/X
 m.u_conv1.u_weights._338_/Y
 m.u_conv1.u_weights._339_/X
 m.u_conv1.u_weights._340_/Y
 m.u_conv1.u_weights._341_/Y
 m.u_conv1.u_weights._342_/Y
 m.u_conv1.u_weights._343_/Y
 m.u_conv1.u_weights._344_/Y
 m.u_conv1.u_weights._345_/Y
 m.u_conv1.u_weights._346_/Y
 m.u_conv1.u_weights._347_/Y
 m.u_conv1.u_weights._348_/Y
 m.u_conv1.u_weights._349_/Y
 m.u_conv1.u_weights._350_/Y
 m.u_conv1.u_weights._351_/Y
 m.u_conv1.u_weights._352_/X
 m.u_conv1.u_weights._353_/Y
 m.u_conv1.u_weights._354_/Y
 m.u_conv1.u_weights._355_/Y
 m.u_conv1.u_weights._356_/X
 m.u_conv1.u_weights._357_/X
 m.u_conv1.u_weights._358_/L_LO
 m.u_conv1.u_weights._359_/L_LO
 m.u_conv1.u_weights._360_/L_LO
 m.u_conv1.u_weights._361_/L_LO
 m.u_conv2._1611_/Y
 m.u_conv2._1612_/Y
 m.u_conv2._1613_/Y
 m.u_conv2._1614_/Y
 m.u_conv2._1615_/Y
 m.u_conv2._1616_/Y
 m.u_conv2._1617_/Y
 m.u_conv2._1618_/Y
 m.u_conv2._1619_/Y
 m.u_conv2._1620_/Y
 m.u_conv2._1621_/Y
 m.u_conv2._1622_/Y
 m.u_conv2._1623_/Y
 m.u_conv2._1624_/Y
 m.u_conv2._1625_/Y
 m.u_conv2._1626_/Y
 m.u_conv2._1627_/Y
 m.u_conv2._1628_/Y
 m.u_conv2._1629_/X
 m.u_conv2._1630_/Y
 m.u_conv2._1631_/X
 m.u_conv2._1632_/Y
 m.u_conv2._1633_/Y
 m.u_conv2._1634_/Y
 m.u_conv2._1635_/Y
 m.u_conv2._1636_/Y
 m.u_conv2._1637_/X
 m.u_conv2._1638_/X
 m.u_conv2._1639_/X
 m.u_conv2._1640_/Y
 m.u_conv2._1641_/Y
 m.u_conv2._1642_/Y
 m.u_conv2._1643_/Y
 m.u_conv2._1644_/Y
 m.u_conv2._1645_/Y
 m.u_conv2._1646_/X
 m.u_conv2._1647_/Y
 m.u_conv2._1648_/X
 m.u_conv2._1649_/Y
 m.u_conv2._1650_/Y
 m.u_conv2._1651_/Y
 m.u_conv2._1652_/Y
 m.u_conv2._1653_/X
 m.u_conv2._1654_/Y
 m.u_conv2._1655_/Y
 m.u_conv2._1656_/Y
 m.u_conv2._1657_/Y
 m.u_conv2._1658_/Y
 m.u_conv2._1659_/Y
 m.u_conv2._1660_/Y
 m.u_conv2._1661_/Y
 m.u_conv2._1662_/Y
 m.u_conv2._1663_/Y
 m.u_conv2._1664_/X
 m.u_conv2._1665_/Y
 m.u_conv2._1666_/Y
 m.u_conv2._1667_/Y
 m.u_conv2._1668_/Y
 m.u_conv2._1669_/Y
 m.u_conv2._1670_/Y
 m.u_conv2._1671_/Y
 m.u_conv2._1672_/Y
 m.u_conv2._1673_/Y
 m.u_conv2._1674_/Y
 m.u_conv2._1675_/Y
 m.u_conv2._1676_/Y
 m.u_conv2._1677_/Y
 m.u_conv2._1678_/Y
 m.u_conv2._1679_/Y
 m.u_conv2._1680_/Y
 m.u_conv2._1681_/Y
 m.u_conv2._1682_/Y
 m.u_conv2._1683_/Y
 m.u_conv2._1684_/Y
 m.u_conv2._1685_/Y
 m.u_conv2._1686_/Y
 m.u_conv2._1687_/Y
 m.u_conv2._1688_/X
 m.u_conv2._1689_/X
 m.u_conv2._1690_/Y
 m.u_conv2._1691_/X
 m.u_conv2._1692_/X
 m.u_conv2._1693_/Y
 m.u_conv2._1694_/X
 m.u_conv2._1695_/X
 m.u_conv2._1696_/X
 m.u_conv2._1697_/X
 m.u_conv2._1698_/Y
 m.u_conv2._1699_/X
 m.u_conv2._1700_/Y
 m.u_conv2._1701_/X
 m.u_conv2._1702_/X
 m.u_conv2._1703_/X
 m.u_conv2._1704_/X
 m.u_conv2._1705_/X
 m.u_conv2._1706_/Y
 m.u_conv2._1707_/Y
 m.u_conv2._1708_/Y
 m.u_conv2._1709_/Y
 m.u_conv2._1710_/Y
 m.u_conv2._1711_/Y
 m.u_conv2._1712_/Y
 m.u_conv2._1713_/Y
 m.u_conv2._1714_/Y
 m.u_conv2._1715_/Y
 m.u_conv2._1716_/Y
 m.u_conv2._1717_/Y
 m.u_conv2._1718_/Y
 m.u_conv2._1719_/Y
 m.u_conv2._1720_/Y
 m.u_conv2._1721_/Y
 m.u_conv2._1722_/Y
 m.u_conv2._1723_/Y
 m.u_conv2._1724_/Y
 m.u_conv2._1725_/Y
 m.u_conv2._1726_/Y
 m.u_conv2._1727_/Y
 m.u_conv2._1728_/Y
 m.u_conv2._1729_/Y
 m.u_conv2._1730_/Y
 m.u_conv2._1731_/Y
 m.u_conv2._1732_/Y
 m.u_conv2._1733_/X
 m.u_conv2._1734_/Y
 m.u_conv2._1735_/Y
 m.u_conv2._1736_/Y
 m.u_conv2._1737_/Y
 m.u_conv2._1738_/X
 m.u_conv2._1739_/Y
 m.u_conv2._1740_/Y
 m.u_conv2._1741_/Y
 m.u_conv2._1742_/Y
 m.u_conv2._1743_/Y
 m.u_conv2._1744_/Y
 m.u_conv2._1745_/X
 m.u_conv2._1746_/Y
 m.u_conv2._1747_/Y
 m.u_conv2._1748_/Y
 m.u_conv2._1749_/X
 m.u_conv2._1750_/Y
 m.u_conv2._1751_/Y
 m.u_conv2._1752_/Y
 m.u_conv2._1753_/Y
 m.u_conv2._1754_/Y
 m.u_conv2._1755_/Y
 m.u_conv2._1756_/Y
 m.u_conv2._1757_/Y
 m.u_conv2._1758_/Y
 m.u_conv2._1759_/Y
 m.u_conv2._1760_/Y
 m.u_conv2._1761_/Y
 m.u_conv2._1762_/Y
 m.u_conv2._1763_/Y
 m.u_conv2._1764_/Y
 m.u_conv2._1765_/Y
 m.u_conv2._1766_/Y
 m.u_conv2._1767_/Y
 m.u_conv2._1768_/Y
 m.u_conv2._1769_/Y
 m.u_conv2._1770_/Y
 m.u_conv2._1771_/Y
 m.u_conv2._1772_/Y
 m.u_conv2._1773_/Y
 m.u_conv2._1774_/Y
 m.u_conv2._1775_/Y
 m.u_conv2._1776_/Y
 m.u_conv2._1777_/Y
 m.u_conv2._1778_/Y
 m.u_conv2._1779_/Y
 m.u_conv2._1780_/Y
 m.u_conv2._1781_/Y
 m.u_conv2._1782_/Y
 m.u_conv2._1783_/Y
 m.u_conv2._1784_/Y
 m.u_conv2._1785_/Y
 m.u_conv2._1786_/Y
 m.u_conv2._1787_/Y
 m.u_conv2._1788_/Y
 m.u_conv2._1789_/X
 m.u_conv2._1790_/X
 m.u_conv2._1791_/Y
 m.u_conv2._1792_/Y
 m.u_conv2._1793_/Y
 m.u_conv2._1794_/Y
 m.u_conv2._1795_/Y
 m.u_conv2._1796_/Y
 m.u_conv2._1797_/Y
 m.u_conv2._1798_/Y
 m.u_conv2._1799_/Y
 m.u_conv2._1800_/Y
 m.u_conv2._1801_/Y
 m.u_conv2._1802_/Y
 m.u_conv2._1803_/X
 m.u_conv2._1804_/Y
 m.u_conv2._1805_/Y
 m.u_conv2._1806_/Y
 m.u_conv2._1807_/Y
 m.u_conv2._1808_/Y
 m.u_conv2._1809_/Y
 m.u_conv2._1810_/Y
 m.u_conv2._1811_/Y
 m.u_conv2._1812_/Y
 m.u_conv2._1813_/Y
 m.u_conv2._1814_/Y
 m.u_conv2._1815_/X
 m.u_conv2._1816_/Y
 m.u_conv2._1817_/Y
 m.u_conv2._1818_/Y
 m.u_conv2._1819_/Y
 m.u_conv2._1820_/Y
 m.u_conv2._1821_/Y
 m.u_conv2._1822_/Y
 m.u_conv2._1823_/Y
 m.u_conv2._1824_/Y
 m.u_conv2._1825_/Y
 m.u_conv2._1826_/Y
 m.u_conv2._1827_/Y
 m.u_conv2._1828_/Y
 m.u_conv2._1829_/Y
 m.u_conv2._1830_/X
 m.u_conv2._1831_/Y
 m.u_conv2._1832_/Y
 m.u_conv2._1833_/Y
 m.u_conv2._1834_/Y
 m.u_conv2._1835_/Y
 m.u_conv2._1836_/Y
 m.u_conv2._1837_/Y
 m.u_conv2._1838_/Y
 m.u_conv2._1839_/Y
 m.u_conv2._1840_/Y
 m.u_conv2._1841_/Y
 m.u_conv2._1842_/X
 m.u_conv2._1843_/Y
 m.u_conv2._1844_/Y
 m.u_conv2._1845_/Y
 m.u_conv2._1846_/Y
 m.u_conv2._1847_/Y
 m.u_conv2._1848_/X
 m.u_conv2._1849_/Y
 m.u_conv2._1850_/Y
 m.u_conv2._1851_/Y
 m.u_conv2._1852_/X
 m.u_conv2._1853_/Y
 m.u_conv2._1854_/Y
 m.u_conv2._1855_/X
 m.u_conv2._1856_/X
 m.u_conv2._1857_/Y
 m.u_conv2._1858_/Y
 m.u_conv2._1859_/Y
 m.u_conv2._1860_/Y
 m.u_conv2._1861_/Y
 m.u_conv2._1862_/X
 m.u_conv2._1863_/Y
 m.u_conv2._1864_/Y
 m.u_conv2._1865_/X
 m.u_conv2._1866_/Y
 m.u_conv2._1867_/Y
 m.u_conv2._1868_/Y
 m.u_conv2._1869_/Y
 m.u_conv2._1870_/Y
 m.u_conv2._1871_/Y
 m.u_conv2._1872_/Y
 m.u_conv2._1873_/Y
 m.u_conv2._1874_/Y
 m.u_conv2._1875_/Y
 m.u_conv2._1876_/Y
 m.u_conv2._1877_/Y
 m.u_conv2._1878_/X
 m.u_conv2._1879_/Y
 m.u_conv2._1880_/Y
 m.u_conv2._1881_/Y
 m.u_conv2._1882_/Y
 m.u_conv2._1883_/Y
 m.u_conv2._1884_/Y
 m.u_conv2._1885_/Y
 m.u_conv2._1886_/Y
 m.u_conv2._1887_/Y
 m.u_conv2._1888_/Y
 m.u_conv2._1889_/X
 m.u_conv2._1890_/Y
 m.u_conv2._1891_/Y
 m.u_conv2._1892_/Y
 m.u_conv2._1893_/Y
 m.u_conv2._1894_/Y
 m.u_conv2._1895_/Y
 m.u_conv2._1896_/Y
 m.u_conv2._1897_/Y
 m.u_conv2._1898_/Y
 m.u_conv2._1899_/Y
 m.u_conv2._1900_/Y
 m.u_conv2._1901_/Y
 m.u_conv2._1902_/X
 m.u_conv2._1903_/Y
 m.u_conv2._1904_/Y
 m.u_conv2._1905_/Y
 m.u_conv2._1906_/Y
 m.u_conv2._1907_/Y
 m.u_conv2._1908_/Y
 m.u_conv2._1909_/Y
 m.u_conv2._1910_/Y
 m.u_conv2._1911_/Y
 m.u_conv2._1912_/Y
 m.u_conv2._1913_/Y
 m.u_conv2._1914_/Y
 m.u_conv2._1915_/Y
 m.u_conv2._1916_/Y
 m.u_conv2._1917_/Y
 m.u_conv2._1918_/Y
 m.u_conv2._1919_/X
 m.u_conv2._1920_/Y
 m.u_conv2._1921_/Y
 m.u_conv2._1922_/Y
 m.u_conv2._1923_/X
 m.u_conv2._1924_/Y
 m.u_conv2._1925_/Y
 m.u_conv2._1926_/Y
 m.u_conv2._1927_/Y
 m.u_conv2._1928_/Y
 m.u_conv2._1929_/Y
 m.u_conv2._1930_/Y
 m.u_conv2._1931_/Y
 m.u_conv2._1932_/Y
 m.u_conv2._1933_/Y
 m.u_conv2._1934_/Y
 m.u_conv2._1935_/Y
 m.u_conv2._1936_/X
 m.u_conv2._1937_/Y
 m.u_conv2._1938_/Y
 m.u_conv2._1939_/Y
 m.u_conv2._1940_/Y
 m.u_conv2._1941_/Y
 m.u_conv2._1942_/Y
 m.u_conv2._1943_/Y
 m.u_conv2._1944_/Y
 m.u_conv2._1945_/Y
 m.u_conv2._1946_/Y
 m.u_conv2._1947_/X
 m.u_conv2._1948_/Y
 m.u_conv2._1949_/Y
 m.u_conv2._1950_/Y
 m.u_conv2._1951_/Y
 m.u_conv2._1952_/Y
 m.u_conv2._1953_/Y
 m.u_conv2._1954_/Y
 m.u_conv2._1955_/Y
 m.u_conv2._1956_/Y
 m.u_conv2._1957_/Y
 m.u_conv2._1958_/Y
 m.u_conv2._1959_/Y
 m.u_conv2._1960_/X
 m.u_conv2._1961_/Y
 m.u_conv2._1962_/Y
 m.u_conv2._1963_/Y
 m.u_conv2._1964_/Y
 m.u_conv2._1965_/X
 m.u_conv2._1966_/Y
 m.u_conv2._1967_/Y
 m.u_conv2._1968_/Y
 m.u_conv2._1969_/Y
 m.u_conv2._1970_/X
 m.u_conv2._1971_/Y
 m.u_conv2._1972_/Y
 m.u_conv2._1973_/Y
 m.u_conv2._1974_/Y
 m.u_conv2._1975_/Y
 m.u_conv2._1976_/Y
 m.u_conv2._1977_/X
 m.u_conv2._1978_/Y
 m.u_conv2._1979_/Y
 m.u_conv2._1980_/Y
 m.u_conv2._1981_/X
 m.u_conv2._1982_/Y
 m.u_conv2._1983_/Y
 m.u_conv2._1984_/Y
 m.u_conv2._1985_/Y
 m.u_conv2._1986_/Y
 m.u_conv2._1987_/Y
 m.u_conv2._1988_/Y
 m.u_conv2._1989_/Y
 m.u_conv2._1990_/Y
 m.u_conv2._1991_/Y
 m.u_conv2._1992_/Y
 m.u_conv2._1993_/Y
 m.u_conv2._1994_/X
 m.u_conv2._1995_/Y
 m.u_conv2._1996_/Y
 m.u_conv2._1997_/Y
 m.u_conv2._1998_/Y
 m.u_conv2._1999_/Y
 m.u_conv2._2000_/Y
 m.u_conv2._2001_/Y
 m.u_conv2._2002_/Y
 m.u_conv2._2003_/Y
 m.u_conv2._2004_/Y
 m.u_conv2._2005_/X
 m.u_conv2._2006_/Y
 m.u_conv2._2007_/Y
 m.u_conv2._2008_/Y
 m.u_conv2._2009_/Y
 m.u_conv2._2010_/Y
 m.u_conv2._2011_/Y
 m.u_conv2._2012_/Y
 m.u_conv2._2013_/Y
 m.u_conv2._2014_/Y
 m.u_conv2._2015_/Y
 m.u_conv2._2016_/Y
 m.u_conv2._2017_/Y
 m.u_conv2._2018_/Y
 m.u_conv2._2019_/Y
 m.u_conv2._2020_/X
 m.u_conv2._2021_/Y
 m.u_conv2._2022_/Y
 m.u_conv2._2023_/Y
 m.u_conv2._2024_/Y
 m.u_conv2._2025_/Y
 m.u_conv2._2026_/Y
 m.u_conv2._2027_/Y
 m.u_conv2._2028_/Y
 m.u_conv2._2029_/Y
 m.u_conv2._2030_/Y
 m.u_conv2._2031_/X
 m.u_conv2._2032_/Y
 m.u_conv2._2033_/Y
 m.u_conv2._2034_/Y
 m.u_conv2._2035_/Y
 m.u_conv2._2036_/Y
 m.u_conv2._2037_/Y
 m.u_conv2._2038_/Y
 m.u_conv2._2039_/Y
 m.u_conv2._2040_/Y
 m.u_conv2._2041_/Y
 m.u_conv2._2042_/Y
 m.u_conv2._2043_/X
 m.u_conv2._2044_/Y
 m.u_conv2._2045_/Y
 m.u_conv2._2046_/Y
 m.u_conv2._2047_/X
 m.u_conv2._2048_/Y
 m.u_conv2._2049_/Y
 m.u_conv2._2050_/X
 m.u_conv2._2051_/Y
 m.u_conv2._2052_/Y
 m.u_conv2._2053_/X
 m.u_conv2._2054_/Y
 m.u_conv2._2055_/Y
 m.u_conv2._2056_/Y
 m.u_conv2._2057_/Y
 m.u_conv2._2058_/Y
 m.u_conv2._2059_/Y
 m.u_conv2._2060_/Y
 m.u_conv2._2061_/Y
 m.u_conv2._2062_/Y
 m.u_conv2._2063_/Y
 m.u_conv2._2064_/Y
 m.u_conv2._2065_/Y
 m.u_conv2._2066_/Y
 m.u_conv2._2067_/Y
 m.u_conv2._2068_/Y
 m.u_conv2._2069_/X
 m.u_conv2._2070_/Y
 m.u_conv2._2071_/Y
 m.u_conv2._2072_/Y
 m.u_conv2._2073_/Y
 m.u_conv2._2074_/Y
 m.u_conv2._2075_/Y
 m.u_conv2._2076_/Y
 m.u_conv2._2077_/Y
 m.u_conv2._2078_/Y
 m.u_conv2._2079_/Y
 m.u_conv2._2080_/Y
 m.u_conv2._2081_/Y
 m.u_conv2._2082_/Y
 m.u_conv2._2083_/Y
 m.u_conv2._2084_/Y
 m.u_conv2._2085_/Y
 m.u_conv2._2086_/Y
 m.u_conv2._2087_/Y
 m.u_conv2._2088_/X
 m.u_conv2._2089_/X
 m.u_conv2._2090_/Y
 m.u_conv2._2091_/X
 m.u_conv2._2092_/X
 m.u_conv2._2093_/Y
 m.u_conv2._2094_/X
 m.u_conv2._2095_/X
 m.u_conv2._2096_/Y
 m.u_conv2._2097_/X
 m.u_conv2._2098_/X
 m.u_conv2._2099_/Y
 m.u_conv2._2100_/Y
 m.u_conv2._2101_/X
 m.u_conv2._2102_/X
 m.u_conv2._2103_/Y
 m.u_conv2._2104_/Y
 m.u_conv2._2105_/Y
 m.u_conv2._2106_/Y
 m.u_conv2._2107_/Y
 m.u_conv2._2108_/Y
 m.u_conv2._2109_/X
 m.u_conv2._2110_/Y
 m.u_conv2._2111_/Y
 m.u_conv2._2112_/Y
 m.u_conv2._2113_/Y
 m.u_conv2._2114_/Y
 m.u_conv2._2115_/Y
 m.u_conv2._2116_/Y
 m.u_conv2._2117_/Y
 m.u_conv2._2118_/Y
 m.u_conv2._2119_/Y
 m.u_conv2._2120_/Y
 m.u_conv2._2121_/Y
 m.u_conv2._2122_/X
 m.u_conv2._2123_/Y
 m.u_conv2._2124_/Y
 m.u_conv2._2125_/Y
 m.u_conv2._2126_/Y
 m.u_conv2._2127_/Y
 m.u_conv2._2128_/Y
 m.u_conv2._2129_/Y
 m.u_conv2._2130_/Y
 m.u_conv2._2131_/Y
 m.u_conv2._2132_/Y
 m.u_conv2._2133_/Y
 m.u_conv2._2134_/X
 m.u_conv2._2135_/Y
 m.u_conv2._2136_/Y
 m.u_conv2._2137_/Y
 m.u_conv2._2138_/Y
 m.u_conv2._2139_/Y
 m.u_conv2._2140_/Y
 m.u_conv2._2141_/Y
 m.u_conv2._2142_/Y
 m.u_conv2._2143_/Y
 m.u_conv2._2144_/X
 m.u_conv2._2145_/Y
 m.u_conv2._2146_/X
 m.u_conv2._2147_/X
 m.u_conv2._2148_/Y
 m.u_conv2._2149_/Y
 m.u_conv2._2150_/Y
 m.u_conv2._2151_/Y
 m.u_conv2._2152_/Y
 m.u_conv2._2153_/X
 m.u_conv2._2154_/X
 m.u_conv2._2155_/Y
 m.u_conv2._2156_/Y
 m.u_conv2._2157_/X
 m.u_conv2._2158_/Y
 m.u_conv2._2159_/Y
 m.u_conv2._2160_/Y
 m.u_conv2._2161_/Y
 m.u_conv2._2162_/Y
 m.u_conv2._2163_/Y
 m.u_conv2._2164_/Y
 m.u_conv2._2165_/Y
 m.u_conv2._2166_/Y
 m.u_conv2._2167_/Y
 m.u_conv2._2168_/X
 m.u_conv2._2169_/Y
 m.u_conv2._2170_/Y
 m.u_conv2._2171_/Y
 m.u_conv2._2172_/Y
 m.u_conv2._2173_/Y
 m.u_conv2._2174_/Y
 m.u_conv2._2175_/Y
 m.u_conv2._2176_/Y
 m.u_conv2._2177_/Y
 m.u_conv2._2178_/Y
 m.u_conv2._2179_/X
 m.u_conv2._2180_/Y
 m.u_conv2._2181_/Y
 m.u_conv2._2182_/Y
 m.u_conv2._2183_/Y
 m.u_conv2._2184_/Y
 m.u_conv2._2185_/Y
 m.u_conv2._2186_/Y
 m.u_conv2._2187_/X
 m.u_conv2._2188_/Y
 m.u_conv2._2189_/Y
 m.u_conv2._2190_/Y
 m.u_conv2._2191_/Y
 m.u_conv2._2192_/Y
 m.u_conv2._2193_/Y
 m.u_conv2._2194_/Y
 m.u_conv2._2195_/Y
 m.u_conv2._2196_/Y
 m.u_conv2._2197_/Y
 m.u_conv2._2198_/Y
 m.u_conv2._2199_/Y
 m.u_conv2._2200_/Y
 m.u_conv2._2201_/Y
 m.u_conv2._2202_/Y
 m.u_conv2._2203_/Y
 m.u_conv2._2204_/Y
 m.u_conv2._2205_/Y
 m.u_conv2._2206_/Y
 m.u_conv2._2207_/X
 m.u_conv2._2208_/Y
 m.u_conv2._2209_/Y
 m.u_conv2._2210_/Y
 m.u_conv2._2211_/Y
 m.u_conv2._2212_/Y
 m.u_conv2._2213_/Y
 m.u_conv2._2214_/X
 m.u_conv2._2215_/X
 m.u_conv2._2216_/Y
 m.u_conv2._2217_/Y
 m.u_conv2._2218_/Y
 m.u_conv2._2219_/Y
 m.u_conv2._2220_/Y
 m.u_conv2._2221_/Y
 m.u_conv2._2222_/X
 m.u_conv2._2223_/Y
 m.u_conv2._2224_/Y
 m.u_conv2._2225_/Y
 m.u_conv2._2226_/Y
 m.u_conv2._2227_/Y
 m.u_conv2._2228_/Y
 m.u_conv2._2229_/X
 m.u_conv2._2230_/Y
 m.u_conv2._2231_/Y
 m.u_conv2._2232_/Y
 m.u_conv2._2233_/Y
 m.u_conv2._2234_/Y
 m.u_conv2._2235_/Y
 m.u_conv2._2236_/Y
 m.u_conv2._2237_/Y
 m.u_conv2._2238_/Y
 m.u_conv2._2239_/Y
 m.u_conv2._2240_/Y
 m.u_conv2._2241_/Y
 m.u_conv2._2242_/Y
 m.u_conv2._2243_/Y
 m.u_conv2._2244_/Y
 m.u_conv2._2245_/Y
 m.u_conv2._2246_/Y
 m.u_conv2._2247_/Y
 m.u_conv2._2248_/X
 m.u_conv2._2249_/X
 m.u_conv2._2250_/X
 m.u_conv2._2251_/Y
 m.u_conv2._2252_/Y
 m.u_conv2._2253_/Y
 m.u_conv2._2254_/Y
 m.u_conv2._2255_/Y
 m.u_conv2._2256_/Y
 m.u_conv2._2257_/Y
 m.u_conv2._2258_/X
 m.u_conv2._2259_/X
 m.u_conv2._2260_/X
 m.u_conv2._2261_/Y
 m.u_conv2._2262_/Y
 m.u_conv2._2263_/Y
 m.u_conv2._2264_/Y
 m.u_conv2._2265_/X
 m.u_conv2._2266_/X
 m.u_conv2._2267_/Y
 m.u_conv2._2268_/X
 m.u_conv2._2269_/Y
 m.u_conv2._2270_/Y
 m.u_conv2._2271_/Y
 m.u_conv2._2272_/X
 m.u_conv2._2273_/Y
 m.u_conv2._2274_/Y
 m.u_conv2._2275_/Y
 m.u_conv2._2276_/X
 m.u_conv2._2277_/Y
 m.u_conv2._2278_/Y
 m.u_conv2._2279_/Y
 m.u_conv2._2280_/Y
 m.u_conv2._2281_/Y
 m.u_conv2._2282_/Y
 m.u_conv2._2283_/Y
 m.u_conv2._2284_/Y
 m.u_conv2._2285_/Y
 m.u_conv2._2286_/Y
 m.u_conv2._2287_/Y
 m.u_conv2._2288_/Y
 m.u_conv2._2289_/Y
 m.u_conv2._2290_/Y
 m.u_conv2._2291_/Y
 m.u_conv2._2292_/X
 m.u_conv2._2293_/Y
 m.u_conv2._2294_/Y
 m.u_conv2._2295_/Y
 m.u_conv2._2296_/Y
 m.u_conv2._2297_/Y
 m.u_conv2._2298_/Y
 m.u_conv2._2299_/Y
 m.u_conv2._2300_/X
 m.u_conv2._2301_/X
 m.u_conv2._2302_/Y
 m.u_conv2._2303_/Y
 m.u_conv2._2304_/Y
 m.u_conv2._2305_/Y
 m.u_conv2._2306_/X
 m.u_conv2._2307_/X
 m.u_conv2._2308_/Y
 m.u_conv2._2309_/X
 m.u_conv2._2310_/Y
 m.u_conv2._2311_/Y
 m.u_conv2._2312_/Y
 m.u_conv2._2313_/X
 m.u_conv2._2314_/Y
 m.u_conv2._2315_/Y
 m.u_conv2._2316_/Y
 m.u_conv2._2317_/X
 m.u_conv2._2318_/Y
 m.u_conv2._2319_/Y
 m.u_conv2._2320_/X
 m.u_conv2._2321_/Y
 m.u_conv2._2322_/Y
 m.u_conv2._2323_/Y
 m.u_conv2._2324_/Y
 m.u_conv2._2325_/Y
 m.u_conv2._2326_/Y
 m.u_conv2._2327_/Y
 m.u_conv2._2328_/Y
 m.u_conv2._2329_/Y
 m.u_conv2._2330_/Y
 m.u_conv2._2331_/Y
 m.u_conv2._2332_/Y
 m.u_conv2._2333_/Y
 m.u_conv2._2334_/Y
 m.u_conv2._2335_/Y
 m.u_conv2._2336_/Y
 m.u_conv2._2337_/Y
 m.u_conv2._2338_/Y
 m.u_conv2._2339_/Y
 m.u_conv2._2340_/Y
 m.u_conv2._2341_/Y
 m.u_conv2._2342_/Y
 m.u_conv2._2343_/Y
 m.u_conv2._2344_/Y
 m.u_conv2._2345_/Y
 m.u_conv2._2346_/Y
 m.u_conv2._2347_/Y
 m.u_conv2._2348_/Y
 m.u_conv2._2349_/Y
 m.u_conv2._2350_/Y
 m.u_conv2._2351_/Y
 m.u_conv2._2352_/Y
 m.u_conv2._2353_/Y
 m.u_conv2._2354_/Y
 m.u_conv2._2355_/Y
 m.u_conv2._2356_/Y
 m.u_conv2._2357_/Y
 m.u_conv2._2358_/Y
 m.u_conv2._2359_/Y
 m.u_conv2._2360_/Y
 m.u_conv2._2361_/Y
 m.u_conv2._2362_/Y
 m.u_conv2._2363_/Y
 m.u_conv2._2364_/Y
 m.u_conv2._2365_/Y
 m.u_conv2._2366_/Y
 m.u_conv2._2367_/Y
 m.u_conv2._2368_/Y
 m.u_conv2._2369_/Y
 m.u_conv2._2370_/Y
 m.u_conv2._2371_/Y
 m.u_conv2._2372_/Y
 m.u_conv2._2373_/Y
 m.u_conv2._2374_/Y
 m.u_conv2._2375_/Y
 m.u_conv2._2376_/Y
 m.u_conv2._2377_/Y
 m.u_conv2._2378_/Y
 m.u_conv2._2379_/X
 m.u_conv2._2380_/Y
 m.u_conv2._2381_/Y
 m.u_conv2._2382_/Y
 m.u_conv2._2383_/Y
 m.u_conv2._2384_/Y
 m.u_conv2._2385_/Y
 m.u_conv2._2386_/Y
 m.u_conv2._2387_/Y
 m.u_conv2._2388_/Y
 m.u_conv2._2389_/Y
 m.u_conv2._2390_/Y
 m.u_conv2._2391_/Y
 m.u_conv2._2392_/Y
 m.u_conv2._2393_/Y
 m.u_conv2._2394_/Y
 m.u_conv2._2395_/Y
 m.u_conv2._2396_/Y
 m.u_conv2._2397_/Y
 m.u_conv2._2398_/Y
 m.u_conv2._2399_/Y
 m.u_conv2._2400_/Y
 m.u_conv2._2401_/Y
 m.u_conv2._2402_/Y
 m.u_conv2._2403_/Y
 m.u_conv2._2404_/Y
 m.u_conv2._2405_/Y
 m.u_conv2._2406_/Y
 m.u_conv2._2407_/Y
 m.u_conv2._2408_/Y
 m.u_conv2._2409_/Y
 m.u_conv2._2410_/Y
 m.u_conv2._2411_/Y
 m.u_conv2._2412_/Y
 m.u_conv2._2413_/Y
 m.u_conv2._2414_/Y
 m.u_conv2._2415_/Y
 m.u_conv2._2416_/Y
 m.u_conv2._2417_/Y
 m.u_conv2._2418_/Y
 m.u_conv2._2419_/Y
 m.u_conv2._2420_/Y
 m.u_conv2._2421_/Y
 m.u_conv2._2422_/Y
 m.u_conv2._2423_/Y
 m.u_conv2._2424_/Y
 m.u_conv2._2425_/Y
 m.u_conv2._2426_/Y
 m.u_conv2._2427_/Y
 m.u_conv2._2428_/Y
 m.u_conv2._2429_/Y
 m.u_conv2._2430_/Y
 m.u_conv2._2431_/Y
 m.u_conv2._2432_/Y
 m.u_conv2._2433_/Y
 m.u_conv2._2434_/Y
 m.u_conv2._2435_/Y
 m.u_conv2._2436_/Y
 m.u_conv2._2437_/Y
 m.u_conv2._2438_/X
 m.u_conv2._2439_/Y
 m.u_conv2._2440_/Y
 m.u_conv2._2441_/Y
 m.u_conv2._2442_/Y
 m.u_conv2._2443_/Y
 m.u_conv2._2444_/Y
 m.u_conv2._2445_/Y
 m.u_conv2._2446_/Y
 m.u_conv2._2447_/Y
 m.u_conv2._2448_/Y
 m.u_conv2._2449_/Y
 m.u_conv2._2450_/Y
 m.u_conv2._2451_/Y
 m.u_conv2._2452_/Y
 m.u_conv2._2453_/Y
 m.u_conv2._2454_/Y
 m.u_conv2._2455_/Y
 m.u_conv2._2456_/Y
 m.u_conv2._2457_/Y
 m.u_conv2._2458_/Y
 m.u_conv2._2459_/Y
 m.u_conv2._2460_/Y
 m.u_conv2._2461_/Y
 m.u_conv2._2462_/Y
 m.u_conv2._2463_/Y
 m.u_conv2._2464_/Y
 m.u_conv2._2465_/Y
 m.u_conv2._2466_/Y
 m.u_conv2._2467_/Y
 m.u_conv2._2468_/Y
 m.u_conv2._2469_/Y
 m.u_conv2._2470_/Y
 m.u_conv2._2471_/Y
 m.u_conv2._2472_/Y
 m.u_conv2._2473_/Y
 m.u_conv2._2474_/Y
 m.u_conv2._2475_/Y
 m.u_conv2._2476_/Y
 m.u_conv2._2477_/Y
 m.u_conv2._2478_/Y
 m.u_conv2._2479_/Y
 m.u_conv2._2480_/Y
 m.u_conv2._2481_/Y
 m.u_conv2._2482_/Y
 m.u_conv2._2483_/Y
 m.u_conv2._2484_/Y
 m.u_conv2._2485_/Y
 m.u_conv2._2486_/Y
 m.u_conv2._2487_/Y
 m.u_conv2._2488_/Y
 m.u_conv2._2489_/Y
 m.u_conv2._2490_/Y
 m.u_conv2._2491_/Y
 m.u_conv2._2492_/Y
 m.u_conv2._2493_/Y
 m.u_conv2._2494_/Y
 m.u_conv2._2495_/Y
 m.u_conv2._2496_/Y
 m.u_conv2._2497_/X
 m.u_conv2._2498_/Y
 m.u_conv2._2499_/Y
 m.u_conv2._2500_/Y
 m.u_conv2._2501_/Y
 m.u_conv2._2502_/Y
 m.u_conv2._2503_/Y
 m.u_conv2._2504_/Y
 m.u_conv2._2505_/Y
 m.u_conv2._2506_/Y
 m.u_conv2._2507_/Y
 m.u_conv2._2508_/Y
 m.u_conv2._2509_/Y
 m.u_conv2._2510_/Y
 m.u_conv2._2511_/Y
 m.u_conv2._2512_/Y
 m.u_conv2._2513_/Y
 m.u_conv2._2514_/Y
 m.u_conv2._2515_/Y
 m.u_conv2._2516_/Y
 m.u_conv2._2517_/Y
 m.u_conv2._2518_/Y
 m.u_conv2._2519_/Y
 m.u_conv2._2520_/Y
 m.u_conv2._2521_/Y
 m.u_conv2._2522_/Y
 m.u_conv2._2523_/Y
 m.u_conv2._2524_/Y
 m.u_conv2._2525_/Y
 m.u_conv2._2526_/Y
 m.u_conv2._2527_/Y
 m.u_conv2._2528_/Y
 m.u_conv2._2529_/Y
 m.u_conv2._2530_/Y
 m.u_conv2._2531_/Y
 m.u_conv2._2532_/Y
 m.u_conv2._2533_/Y
 m.u_conv2._2534_/Y
 m.u_conv2._2535_/Y
 m.u_conv2._2536_/Y
 m.u_conv2._2537_/Y
 m.u_conv2._2538_/Y
 m.u_conv2._2539_/Y
 m.u_conv2._2540_/Y
 m.u_conv2._2541_/Y
 m.u_conv2._2542_/Y
 m.u_conv2._2543_/Y
 m.u_conv2._2544_/Y
 m.u_conv2._2545_/Y
 m.u_conv2._2546_/Y
 m.u_conv2._2547_/Y
 m.u_conv2._2548_/Y
 m.u_conv2._2549_/Y
 m.u_conv2._2550_/Y
 m.u_conv2._2551_/Y
 m.u_conv2._2552_/Y
 m.u_conv2._2553_/Y
 m.u_conv2._2554_/Y
 m.u_conv2._2555_/Y
 m.u_conv2._2556_/X
 m.u_conv2._2557_/Y
 m.u_conv2._2558_/Y
 m.u_conv2._2559_/Y
 m.u_conv2._2560_/Y
 m.u_conv2._2561_/Y
 m.u_conv2._2562_/Y
 m.u_conv2._2563_/Y
 m.u_conv2._2564_/Y
 m.u_conv2._2565_/Y
 m.u_conv2._2566_/Y
 m.u_conv2._2567_/Y
 m.u_conv2._2568_/Y
 m.u_conv2._2569_/Y
 m.u_conv2._2570_/Y
 m.u_conv2._2571_/Y
 m.u_conv2._2572_/Y
 m.u_conv2._2573_/Y
 m.u_conv2._2574_/Y
 m.u_conv2._2575_/Y
 m.u_conv2._2576_/Y
 m.u_conv2._2577_/Y
 m.u_conv2._2578_/Y
 m.u_conv2._2579_/Y
 m.u_conv2._2580_/Y
 m.u_conv2._2581_/Y
 m.u_conv2._2582_/Y
 m.u_conv2._2583_/Y
 m.u_conv2._2584_/Y
 m.u_conv2._2585_/Y
 m.u_conv2._2586_/Y
 m.u_conv2._2587_/Y
 m.u_conv2._2588_/Y
 m.u_conv2._2589_/Y
 m.u_conv2._2590_/Y
 m.u_conv2._2591_/Y
 m.u_conv2._2592_/Y
 m.u_conv2._2593_/Y
 m.u_conv2._2594_/Y
 m.u_conv2._2595_/Y
 m.u_conv2._2596_/Y
 m.u_conv2._2597_/Y
 m.u_conv2._2598_/Y
 m.u_conv2._2599_/Y
 m.u_conv2._2600_/Y
 m.u_conv2._2601_/Y
 m.u_conv2._2602_/Y
 m.u_conv2._2603_/Y
 m.u_conv2._2604_/Y
 m.u_conv2._2605_/Y
 m.u_conv2._2606_/Y
 m.u_conv2._2607_/Y
 m.u_conv2._2608_/Y
 m.u_conv2._2609_/Y
 m.u_conv2._2610_/Y
 m.u_conv2._2611_/Y
 m.u_conv2._2612_/Y
 m.u_conv2._2613_/Y
 m.u_conv2._2614_/Y
 m.u_conv2._2615_/X
 m.u_conv2._2616_/Y
 m.u_conv2._2617_/Y
 m.u_conv2._2618_/Y
 m.u_conv2._2619_/Y
 m.u_conv2._2620_/Y
 m.u_conv2._2621_/Y
 m.u_conv2._2622_/Y
 m.u_conv2._2623_/Y
 m.u_conv2._2624_/Y
 m.u_conv2._2625_/Y
 m.u_conv2._2626_/Y
 m.u_conv2._2627_/Y
 m.u_conv2._2628_/Y
 m.u_conv2._2629_/Y
 m.u_conv2._2630_/Y
 m.u_conv2._2631_/Y
 m.u_conv2._2632_/Y
 m.u_conv2._2633_/Y
 m.u_conv2._2634_/Y
 m.u_conv2._2635_/Y
 m.u_conv2._2636_/Y
 m.u_conv2._2637_/Y
 m.u_conv2._2638_/Y
 m.u_conv2._2639_/Y
 m.u_conv2._2640_/Y
 m.u_conv2._2641_/Y
 m.u_conv2._2642_/Y
 m.u_conv2._2643_/Y
 m.u_conv2._2644_/Y
 m.u_conv2._2645_/Y
 m.u_conv2._2646_/Y
 m.u_conv2._2647_/Y
 m.u_conv2._2648_/Y
 m.u_conv2._2649_/Y
 m.u_conv2._2650_/Y
 m.u_conv2._2651_/Y
 m.u_conv2._2652_/Y
 m.u_conv2._2653_/Y
 m.u_conv2._2654_/Y
 m.u_conv2._2655_/Y
 m.u_conv2._2656_/Y
 m.u_conv2._2657_/Y
 m.u_conv2._2658_/Y
 m.u_conv2._2659_/Y
 m.u_conv2._2660_/Y
 m.u_conv2._2661_/Y
 m.u_conv2._2662_/Y
 m.u_conv2._2663_/Y
 m.u_conv2._2664_/Y
 m.u_conv2._2665_/Y
 m.u_conv2._2666_/Y
 m.u_conv2._2667_/Y
 m.u_conv2._2668_/Y
 m.u_conv2._2669_/Y
 m.u_conv2._2670_/Y
 m.u_conv2._2671_/Y
 m.u_conv2._2672_/Y
 m.u_conv2._2673_/X
 m.u_conv2._2674_/Y
 m.u_conv2._2675_/Y
 m.u_conv2._2676_/Y
 m.u_conv2._2677_/Y
 m.u_conv2._2678_/Y
 m.u_conv2._2679_/Y
 m.u_conv2._2680_/Y
 m.u_conv2._2681_/Y
 m.u_conv2._2682_/Y
 m.u_conv2._2683_/Y
 m.u_conv2._2684_/Y
 m.u_conv2._2685_/Y
 m.u_conv2._2686_/Y
 m.u_conv2._2687_/Y
 m.u_conv2._2688_/Y
 m.u_conv2._2689_/Y
 m.u_conv2._2690_/Y
 m.u_conv2._2691_/Y
 m.u_conv2._2692_/Y
 m.u_conv2._2693_/Y
 m.u_conv2._2694_/Y
 m.u_conv2._2695_/Y
 m.u_conv2._2696_/Y
 m.u_conv2._2697_/Y
 m.u_conv2._2698_/Y
 m.u_conv2._2699_/Y
 m.u_conv2._2700_/Y
 m.u_conv2._2701_/Y
 m.u_conv2._2702_/Y
 m.u_conv2._2703_/Y
 m.u_conv2._2704_/Y
 m.u_conv2._2705_/Y
 m.u_conv2._2706_/Y
 m.u_conv2._2707_/Y
 m.u_conv2._2708_/Y
 m.u_conv2._2709_/Y
 m.u_conv2._2710_/Y
 m.u_conv2._2711_/Y
 m.u_conv2._2712_/Y
 m.u_conv2._2713_/Y
 m.u_conv2._2714_/Y
 m.u_conv2._2715_/Y
 m.u_conv2._2716_/Y
 m.u_conv2._2717_/Y
 m.u_conv2._2718_/Y
 m.u_conv2._2719_/Y
 m.u_conv2._2720_/Y
 m.u_conv2._2721_/Y
 m.u_conv2._2722_/Y
 m.u_conv2._2723_/Y
 m.u_conv2._2724_/Y
 m.u_conv2._2725_/Y
 m.u_conv2._2726_/Y
 m.u_conv2._2727_/Y
 m.u_conv2._2728_/Y
 m.u_conv2._2729_/Y
 m.u_conv2._2730_/Y
 m.u_conv2._2731_/Y
 m.u_conv2._2732_/X
 m.u_conv2._2733_/Y
 m.u_conv2._2734_/Y
 m.u_conv2._2735_/Y
 m.u_conv2._2736_/Y
 m.u_conv2._2737_/Y
 m.u_conv2._2738_/Y
 m.u_conv2._2739_/Y
 m.u_conv2._2740_/Y
 m.u_conv2._2741_/Y
 m.u_conv2._2742_/Y
 m.u_conv2._2743_/Y
 m.u_conv2._2744_/Y
 m.u_conv2._2745_/Y
 m.u_conv2._2746_/Y
 m.u_conv2._2747_/Y
 m.u_conv2._2748_/Y
 m.u_conv2._2749_/Y
 m.u_conv2._2750_/Y
 m.u_conv2._2751_/Y
 m.u_conv2._2752_/Y
 m.u_conv2._2753_/Y
 m.u_conv2._2754_/Y
 m.u_conv2._2755_/Y
 m.u_conv2._2756_/Y
 m.u_conv2._2757_/Y
 m.u_conv2._2758_/Y
 m.u_conv2._2759_/Y
 m.u_conv2._2760_/Y
 m.u_conv2._2761_/Y
 m.u_conv2._2762_/Y
 m.u_conv2._2763_/Y
 m.u_conv2._2764_/Y
 m.u_conv2._2765_/Y
 m.u_conv2._2766_/Y
 m.u_conv2._2767_/Y
 m.u_conv2._2768_/Y
 m.u_conv2._2769_/Y
 m.u_conv2._2770_/Y
 m.u_conv2._2771_/Y
 m.u_conv2._2772_/Y
 m.u_conv2._2773_/Y
 m.u_conv2._2774_/Y
 m.u_conv2._2775_/Y
 m.u_conv2._2776_/Y
 m.u_conv2._2777_/Y
 m.u_conv2._2778_/Y
 m.u_conv2._2779_/Y
 m.u_conv2._2780_/Y
 m.u_conv2._2781_/Y
 m.u_conv2._2782_/Y
 m.u_conv2._2783_/Y
 m.u_conv2._2784_/Y
 m.u_conv2._2785_/Y
 m.u_conv2._2786_/Y
 m.u_conv2._2787_/Y
 m.u_conv2._2788_/Y
 m.u_conv2._2789_/Y
 m.u_conv2._2790_/Y
 m.u_conv2._2791_/X
 m.u_conv2._2792_/Y
 m.u_conv2._2793_/Y
 m.u_conv2._2794_/Y
 m.u_conv2._2795_/Y
 m.u_conv2._2796_/Y
 m.u_conv2._2797_/Y
 m.u_conv2._2798_/Y
 m.u_conv2._2799_/Y
 m.u_conv2._2800_/Y
 m.u_conv2._2801_/Y
 m.u_conv2._2802_/Y
 m.u_conv2._2803_/Y
 m.u_conv2._2804_/Y
 m.u_conv2._2805_/Y
 m.u_conv2._2806_/Y
 m.u_conv2._2807_/Y
 m.u_conv2._2808_/Y
 m.u_conv2._2809_/Y
 m.u_conv2._2810_/Y
 m.u_conv2._2811_/Y
 m.u_conv2._2812_/Y
 m.u_conv2._2813_/Y
 m.u_conv2._2814_/Y
 m.u_conv2._2815_/Y
 m.u_conv2._2816_/Y
 m.u_conv2._2817_/Y
 m.u_conv2._2818_/Y
 m.u_conv2._2819_/Y
 m.u_conv2._2820_/Y
 m.u_conv2._2821_/Y
 m.u_conv2._2822_/Y
 m.u_conv2._2823_/Y
 m.u_conv2._2824_/Y
 m.u_conv2._2825_/Y
 m.u_conv2._2826_/Y
 m.u_conv2._2827_/Y
 m.u_conv2._2828_/Y
 m.u_conv2._2829_/Y
 m.u_conv2._2830_/Y
 m.u_conv2._2831_/Y
 m.u_conv2._2832_/Y
 m.u_conv2._2833_/Y
 m.u_conv2._2834_/Y
 m.u_conv2._2835_/Y
 m.u_conv2._2836_/Y
 m.u_conv2._2837_/Y
 m.u_conv2._2838_/Y
 m.u_conv2._2839_/Y
 m.u_conv2._2840_/Y
 m.u_conv2._2841_/Y
 m.u_conv2._2842_/Y
 m.u_conv2._2843_/Y
 m.u_conv2._2844_/Y
 m.u_conv2._2845_/Y
 m.u_conv2._2846_/Y
 m.u_conv2._2847_/Y
 m.u_conv2._2848_/Y
 m.u_conv2._2849_/Y
 m.u_conv2._2850_/X
 m.u_conv2._2851_/Y
 m.u_conv2._2852_/Y
 m.u_conv2._2853_/Y
 m.u_conv2._2854_/Y
 m.u_conv2._2855_/Y
 m.u_conv2._2856_/Y
 m.u_conv2._2857_/Y
 m.u_conv2._2858_/Y
 m.u_conv2._2859_/Y
 m.u_conv2._2860_/Y
 m.u_conv2._2861_/Y
 m.u_conv2._2862_/Y
 m.u_conv2._2863_/Y
 m.u_conv2._2864_/Y
 m.u_conv2._2865_/Y
 m.u_conv2._2866_/Y
 m.u_conv2._2867_/Y
 m.u_conv2._2868_/Y
 m.u_conv2._2869_/Y
 m.u_conv2._2870_/Y
 m.u_conv2._2871_/Y
 m.u_conv2._2872_/Y
 m.u_conv2._2873_/Y
 m.u_conv2._2874_/Y
 m.u_conv2._2875_/Y
 m.u_conv2._2876_/Y
 m.u_conv2._2877_/Y
 m.u_conv2._2878_/Y
 m.u_conv2._2879_/Y
 m.u_conv2._2880_/Y
 m.u_conv2._2881_/Y
 m.u_conv2._2882_/Y
 m.u_conv2._2883_/Y
 m.u_conv2._2884_/Y
 m.u_conv2._2885_/Y
 m.u_conv2._2886_/Y
 m.u_conv2._2887_/Y
 m.u_conv2._2888_/Y
 m.u_conv2._2889_/Y
 m.u_conv2._2890_/Y
 m.u_conv2._2891_/Y
 m.u_conv2._2892_/Y
 m.u_conv2._2893_/Y
 m.u_conv2._2894_/Y
 m.u_conv2._2895_/Y
 m.u_conv2._2896_/Y
 m.u_conv2._2897_/Y
 m.u_conv2._2898_/Y
 m.u_conv2._2899_/Y
 m.u_conv2._2900_/Y
 m.u_conv2._2901_/Y
 m.u_conv2._2902_/Y
 m.u_conv2._2903_/Y
 m.u_conv2._2904_/Y
 m.u_conv2._2905_/Y
 m.u_conv2._2906_/Y
 m.u_conv2._2907_/Y
 m.u_conv2._2908_/Y
 m.u_conv2._2909_/X
 m.u_conv2._2910_/Y
 m.u_conv2._2911_/Y
 m.u_conv2._2912_/Y
 m.u_conv2._2913_/Y
 m.u_conv2._2914_/Y
 m.u_conv2._2915_/Y
 m.u_conv2._2916_/Y
 m.u_conv2._2917_/Y
 m.u_conv2._2918_/Y
 m.u_conv2._2919_/Y
 m.u_conv2._2920_/Y
 m.u_conv2._2921_/Y
 m.u_conv2._2922_/Y
 m.u_conv2._2923_/Y
 m.u_conv2._2924_/Y
 m.u_conv2._2925_/Y
 m.u_conv2._2926_/Y
 m.u_conv2._2927_/Y
 m.u_conv2._2928_/Y
 m.u_conv2._2929_/Y
 m.u_conv2._2930_/Y
 m.u_conv2._2931_/Y
 m.u_conv2._2932_/Y
 m.u_conv2._2933_/Y
 m.u_conv2._2934_/Y
 m.u_conv2._2935_/Y
 m.u_conv2._2936_/Y
 m.u_conv2._2937_/Y
 m.u_conv2._2938_/Y
 m.u_conv2._2939_/Y
 m.u_conv2._2940_/Y
 m.u_conv2._2941_/Y
 m.u_conv2._2942_/Y
 m.u_conv2._2943_/Y
 m.u_conv2._2944_/Y
 m.u_conv2._2945_/Y
 m.u_conv2._2946_/Y
 m.u_conv2._2947_/Y
 m.u_conv2._2948_/Y
 m.u_conv2._2949_/Y
 m.u_conv2._2950_/Y
 m.u_conv2._2951_/Y
 m.u_conv2._2952_/Y
 m.u_conv2._2953_/Y
 m.u_conv2._2954_/Y
 m.u_conv2._2955_/Y
 m.u_conv2._2956_/Y
 m.u_conv2._2957_/Y
 m.u_conv2._2958_/Y
 m.u_conv2._2959_/Y
 m.u_conv2._2960_/Y
 m.u_conv2._2961_/Y
 m.u_conv2._2962_/Y
 m.u_conv2._2963_/Y
 m.u_conv2._2964_/Y
 m.u_conv2._2965_/Y
 m.u_conv2._2966_/Y
 m.u_conv2._2967_/Y
 m.u_conv2._2968_/X
 m.u_conv2._2969_/Y
 m.u_conv2._2970_/Y
 m.u_conv2._2971_/Y
 m.u_conv2._2972_/Y
 m.u_conv2._2973_/Y
 m.u_conv2._2974_/Y
 m.u_conv2._2975_/Y
 m.u_conv2._2976_/Y
 m.u_conv2._2977_/Y
 m.u_conv2._2978_/Y
 m.u_conv2._2979_/Y
 m.u_conv2._2980_/Y
 m.u_conv2._2981_/Y
 m.u_conv2._2982_/Y
 m.u_conv2._2983_/Y
 m.u_conv2._2984_/Y
 m.u_conv2._2985_/Y
 m.u_conv2._2986_/Y
 m.u_conv2._2987_/Y
 m.u_conv2._2988_/Y
 m.u_conv2._2989_/Y
 m.u_conv2._2990_/Y
 m.u_conv2._2991_/Y
 m.u_conv2._2992_/Y
 m.u_conv2._2993_/Y
 m.u_conv2._2994_/Y
 m.u_conv2._2995_/Y
 m.u_conv2._2996_/Y
 m.u_conv2._2997_/Y
 m.u_conv2._2998_/Y
 m.u_conv2._2999_/Y
 m.u_conv2._3000_/Y
 m.u_conv2._3001_/Y
 m.u_conv2._3002_/Y
 m.u_conv2._3003_/Y
 m.u_conv2._3004_/Y
 m.u_conv2._3005_/Y
 m.u_conv2._3006_/Y
 m.u_conv2._3007_/Y
 m.u_conv2._3008_/Y
 m.u_conv2._3009_/Y
 m.u_conv2._3010_/Y
 m.u_conv2._3011_/Y
 m.u_conv2._3012_/Y
 m.u_conv2._3013_/Y
 m.u_conv2._3014_/Y
 m.u_conv2._3015_/Y
 m.u_conv2._3016_/Y
 m.u_conv2._3017_/Y
 m.u_conv2._3018_/Y
 m.u_conv2._3019_/Y
 m.u_conv2._3020_/Y
 m.u_conv2._3021_/Y
 m.u_conv2._3022_/Y
 m.u_conv2._3023_/Y
 m.u_conv2._3024_/Y
 m.u_conv2._3025_/Y
 m.u_conv2._3026_/Y
 m.u_conv2._3027_/X
 m.u_conv2._3028_/Y
 m.u_conv2._3029_/Y
 m.u_conv2._3030_/Y
 m.u_conv2._3031_/Y
 m.u_conv2._3032_/Y
 m.u_conv2._3033_/Y
 m.u_conv2._3034_/Y
 m.u_conv2._3035_/Y
 m.u_conv2._3036_/Y
 m.u_conv2._3037_/Y
 m.u_conv2._3038_/Y
 m.u_conv2._3039_/Y
 m.u_conv2._3040_/Y
 m.u_conv2._3041_/Y
 m.u_conv2._3042_/Y
 m.u_conv2._3043_/Y
 m.u_conv2._3044_/Y
 m.u_conv2._3045_/Y
 m.u_conv2._3046_/Y
 m.u_conv2._3047_/Y
 m.u_conv2._3048_/Y
 m.u_conv2._3049_/Y
 m.u_conv2._3050_/Y
 m.u_conv2._3051_/Y
 m.u_conv2._3052_/Y
 m.u_conv2._3053_/Y
 m.u_conv2._3054_/Y
 m.u_conv2._3055_/Y
 m.u_conv2._3056_/Y
 m.u_conv2._3057_/Y
 m.u_conv2._3058_/Y
 m.u_conv2._3059_/Y
 m.u_conv2._3060_/Y
 m.u_conv2._3061_/Y
 m.u_conv2._3062_/Y
 m.u_conv2._3063_/Y
 m.u_conv2._3064_/Y
 m.u_conv2._3065_/Y
 m.u_conv2._3066_/Y
 m.u_conv2._3067_/Y
 m.u_conv2._3068_/Y
 m.u_conv2._3069_/Y
 m.u_conv2._3070_/Y
 m.u_conv2._3071_/Y
 m.u_conv2._3072_/Y
 m.u_conv2._3073_/Y
 m.u_conv2._3074_/Y
 m.u_conv2._3075_/Y
 m.u_conv2._3076_/Y
 m.u_conv2._3077_/Y
 m.u_conv2._3078_/Y
 m.u_conv2._3079_/Y
 m.u_conv2._3080_/Y
 m.u_conv2._3081_/Y
 m.u_conv2._3082_/Y
 m.u_conv2._3083_/Y
 m.u_conv2._3084_/Y
 m.u_conv2._3085_/Y
 m.u_conv2._3086_/X
 m.u_conv2._3087_/Y
 m.u_conv2._3088_/Y
 m.u_conv2._3089_/Y
 m.u_conv2._3090_/Y
 m.u_conv2._3091_/Y
 m.u_conv2._3092_/Y
 m.u_conv2._3093_/Y
 m.u_conv2._3094_/Y
 m.u_conv2._3095_/Y
 m.u_conv2._3096_/Y
 m.u_conv2._3097_/Y
 m.u_conv2._3098_/Y
 m.u_conv2._3099_/Y
 m.u_conv2._3100_/Y
 m.u_conv2._3101_/Y
 m.u_conv2._3102_/Y
 m.u_conv2._3103_/Y
 m.u_conv2._3104_/Y
 m.u_conv2._3105_/Y
 m.u_conv2._3106_/Y
 m.u_conv2._3107_/Y
 m.u_conv2._3108_/Y
 m.u_conv2._3109_/Y
 m.u_conv2._3110_/Y
 m.u_conv2._3111_/Y
 m.u_conv2._3112_/Y
 m.u_conv2._3113_/Y
 m.u_conv2._3114_/Y
 m.u_conv2._3115_/Y
 m.u_conv2._3116_/Y
 m.u_conv2._3117_/Y
 m.u_conv2._3118_/Y
 m.u_conv2._3119_/Y
 m.u_conv2._3120_/Y
 m.u_conv2._3121_/Y
 m.u_conv2._3122_/Y
 m.u_conv2._3123_/Y
 m.u_conv2._3124_/Y
 m.u_conv2._3125_/Y
 m.u_conv2._3126_/Y
 m.u_conv2._3127_/Y
 m.u_conv2._3128_/Y
 m.u_conv2._3129_/Y
 m.u_conv2._3130_/Y
 m.u_conv2._3131_/Y
 m.u_conv2._3132_/Y
 m.u_conv2._3133_/Y
 m.u_conv2._3134_/Y
 m.u_conv2._3135_/Y
 m.u_conv2._3136_/Y
 m.u_conv2._3137_/Y
 m.u_conv2._3138_/Y
 m.u_conv2._3139_/Y
 m.u_conv2._3140_/Y
 m.u_conv2._3141_/Y
 m.u_conv2._3142_/Y
 m.u_conv2._3143_/Y
 m.u_conv2._3144_/X
 m.u_conv2._3145_/Y
 m.u_conv2._3146_/Y
 m.u_conv2._3147_/Y
 m.u_conv2._3148_/Y
 m.u_conv2._3149_/Y
 m.u_conv2._3150_/Y
 m.u_conv2._3151_/Y
 m.u_conv2._3152_/Y
 m.u_conv2._3153_/Y
 m.u_conv2._3154_/Y
 m.u_conv2._3155_/Y
 m.u_conv2._3156_/Y
 m.u_conv2._3157_/Y
 m.u_conv2._3158_/Y
 m.u_conv2._3159_/Y
 m.u_conv2._3160_/Y
 m.u_conv2._3161_/Y
 m.u_conv2._3162_/Y
 m.u_conv2._3163_/Y
 m.u_conv2._3164_/Y
 m.u_conv2._3165_/Y
 m.u_conv2._3166_/Y
 m.u_conv2._3167_/Y
 m.u_conv2._3168_/Y
 m.u_conv2._3169_/Y
 m.u_conv2._3170_/Y
 m.u_conv2._3171_/Y
 m.u_conv2._3172_/Y
 m.u_conv2._3173_/Y
 m.u_conv2._3174_/Y
 m.u_conv2._3175_/Y
 m.u_conv2._3176_/Y
 m.u_conv2._3177_/Y
 m.u_conv2._3178_/Y
 m.u_conv2._3179_/Y
 m.u_conv2._3180_/Y
 m.u_conv2._3181_/Y
 m.u_conv2._3182_/Y
 m.u_conv2._3183_/Y
 m.u_conv2._3184_/Y
 m.u_conv2._3185_/Y
 m.u_conv2._3186_/Y
 m.u_conv2._3187_/Y
 m.u_conv2._3188_/Y
 m.u_conv2._3189_/Y
 m.u_conv2._3190_/Y
 m.u_conv2._3191_/Y
 m.u_conv2._3192_/Y
 m.u_conv2._3193_/Y
 m.u_conv2._3194_/Y
 m.u_conv2._3195_/Y
 m.u_conv2._3196_/Y
 m.u_conv2._3197_/Y
 m.u_conv2._3198_/Y
 m.u_conv2._3199_/Y
 m.u_conv2._3200_/Y
 m.u_conv2._3201_/Y
 m.u_conv2._3202_/X
 m.u_conv2._3203_/X
 m.u_conv2._3204_/X
 m.u_conv2._3205_/X
 m.u_conv2._3206_/X
 m.u_conv2._3207_/X
 m.u_conv2._3208_/X
 m.u_conv2._3209_/X
 m.u_conv2._3210_/X
 m.u_conv2._3211_/X
 m.u_conv2._3212_/X
 m.u_conv2._3213_/X
 m.u_conv2._3214_/X
 m.u_conv2._3215_/X
 m.u_conv2._3216_/X
 m.u_conv2._3217_/X
 m.u_conv2._3218_/X
 m.u_conv2._3219_/X
 m.u_conv2._3220_/Q
 m.u_conv2._3221_/Q
 m.u_conv2._3222_/Q
 m.u_conv2._3223_/Q
 m.u_conv2._3224_/Q
 m.u_conv2._3225_/Q
 m.u_conv2._3226_/Q
 m.u_conv2._3227_/Q
 m.u_conv2._3228_/Q
 m.u_conv2._3229_/Q
 m.u_conv2._3230_/Q
 m.u_conv2._3231_/Q
 m.u_conv2._3232_/Q
 m.u_conv2._3233_/Q
 m.u_conv2._3234_/Q
 m.u_conv2._3235_/Q
 m.u_conv2._3236_/Q
 m.u_conv2._3237_/Q
 m.u_conv2._3238_/Q
 m.u_conv2._3239_/Q
 m.u_conv2._3240_/Q
 m.u_conv2._3241_/Q
 m.u_conv2._3242_/Q
 m.u_conv2._3243_/Q
 m.u_conv2._3244_/Q
 m.u_conv2._3245_/Q
 m.u_conv2._3246_/Q
 m.u_conv2._3247_/Q
 m.u_conv2._3248_/Q
 m.u_conv2._3249_/Q
 m.u_conv2._3250_/Q
 m.u_conv2._3251_/Q
 m.u_conv2._3252_/Q
 m.u_conv2._3253_/Q
 m.u_conv2._3254_/Q
 m.u_conv2._3255_/Q
 m.u_conv2._3256_/Q
 m.u_conv2._3257_/Q
 m.u_conv2._3258_/Q
 m.u_conv2._3259_/Q
 m.u_conv2._3260_/Q
 m.u_conv2._3261_/Q
 m.u_conv2._3262_/Q
 m.u_conv2._3263_/Q
 m.u_conv2._3264_/Q
 m.u_conv2._3265_/Q
 m.u_conv2._3266_/Q
 m.u_conv2._3267_/Q
 m.u_conv2._3268_/Q
 m.u_conv2._3269_/Q
 m.u_conv2._3270_/Q
 m.u_conv2._3271_/Q
 m.u_conv2._3272_/Q
 m.u_conv2._3273_/Q
 m.u_conv2._3274_/Q
 m.u_conv2._3275_/Q
 m.u_conv2._3276_/Q
 m.u_conv2._3277_/Q
 m.u_conv2._3278_/Q
 m.u_conv2._3279_/Q
 m.u_conv2._3280_/Q
 m.u_conv2._3281_/Q
 m.u_conv2._3282_/Q
 m.u_conv2._3283_/Q
 m.u_conv2._3284_/Q
 m.u_conv2._3285_/Q
 m.u_conv2._3286_/Q
 m.u_conv2._3287_/Q
 m.u_conv2._3288_/Q
 m.u_conv2._3289_/Q
 m.u_conv2._3290_/Q
 m.u_conv2._3291_/Q
 m.u_conv2._3292_/Q
 m.u_conv2._3293_/Q
 m.u_conv2._3294_/Q
 m.u_conv2._3295_/Q
 m.u_conv2._3296_/Q
 m.u_conv2._3297_/Q
 m.u_conv2._3298_/Q
 m.u_conv2._3299_/Q
 m.u_conv2._3300_/Q
 m.u_conv2._3301_/Q
 m.u_conv2._3302_/Q
 m.u_conv2._3303_/Q
 m.u_conv2._3304_/Q
 m.u_conv2._3305_/Q
 m.u_conv2._3306_/Q
 m.u_conv2._3307_/Q
 m.u_conv2._3308_/Q
 m.u_conv2._3309_/Q
 m.u_conv2._3310_/Q
 m.u_conv2._3311_/Q
 m.u_conv2._3312_/Q
 m.u_conv2._3313_/Q
 m.u_conv2._3314_/Q
 m.u_conv2._3315_/Q
 m.u_conv2._3316_/Q
 m.u_conv2._3317_/Q
 m.u_conv2._3318_/Q
 m.u_conv2._3319_/Q
 m.u_conv2._3320_/Q
 m.u_conv2._3321_/Q
 m.u_conv2._3322_/Q
 m.u_conv2._3323_/Q
 m.u_conv2._3324_/Q
 m.u_conv2._3325_/Q
 m.u_conv2._3326_/Q
 m.u_conv2._3327_/Q
 m.u_conv2._3328_/Q
 m.u_conv2._3329_/Q
 m.u_conv2._3330_/Q
 m.u_conv2._3331_/Q
 m.u_conv2._3332_/Q
 m.u_conv2._3333_/Q
 m.u_conv2._3334_/Q
 m.u_conv2._3335_/Q
 m.u_conv2._3336_/Q
 m.u_conv2._3337_/Q
 m.u_conv2._3338_/Q
 m.u_conv2._3339_/Q
 m.u_conv2._3340_/Q
 m.u_conv2._3341_/Q
 m.u_conv2._3342_/Q
 m.u_conv2._3343_/Q
 m.u_conv2._3344_/Q
 m.u_conv2._3345_/Q
 m.u_conv2._3346_/Q
 m.u_conv2._3347_/Q
 m.u_conv2._3348_/Q
 m.u_conv2._3349_/Q
 m.u_conv2._3350_/Q
 m.u_conv2._3351_/Q
 m.u_conv2._3352_/Q
 m.u_conv2._3353_/Q
 m.u_conv2._3354_/Q
 m.u_conv2._3355_/Q
 m.u_conv2._3356_/Q
 m.u_conv2._3357_/Q
 m.u_conv2._3358_/Q
 m.u_conv2._3359_/Q
 m.u_conv2._3360_/Q
 m.u_conv2._3361_/Q
 m.u_conv2._3362_/Q
 m.u_conv2._3363_/Q
 m.u_conv2._3364_/Q
 m.u_conv2._3365_/Q
 m.u_conv2._3366_/Q
 m.u_conv2._3367_/Q
 m.u_conv2._3368_/Q
 m.u_conv2._3369_/Q
 m.u_conv2._3370_/Q
 m.u_conv2._3371_/Q
 m.u_conv2._3372_/Q
 m.u_conv2._3373_/Q
 m.u_conv2._3374_/Q
 m.u_conv2._3375_/Q
 m.u_conv2._3376_/Q
 m.u_conv2._3377_/Q
 m.u_conv2._3378_/Q
 m.u_conv2._3379_/Q
 m.u_conv2._3380_/Q
 m.u_conv2._3381_/Q
 m.u_conv2._3382_/Q
 m.u_conv2._3383_/Q
 m.u_conv2._3384_/Q
 m.u_conv2._3385_/Q
 m.u_conv2._3386_/Q
 m.u_conv2._3387_/Q
 m.u_conv2._3388_/Q
 m.u_conv2._3389_/Q
 m.u_conv2._3390_/Q
 m.u_conv2._3391_/Q
 m.u_conv2._3392_/Q
 m.u_conv2._3393_/Q
 m.u_conv2._3394_/Q
 m.u_conv2._3395_/Q
 m.u_conv2._3396_/Q
 m.u_conv2._3397_/Q
 m.u_conv2._3398_/Q
 m.u_conv2._3399_/Q
 m.u_conv2._3400_/Q
 m.u_conv2._3401_/Q
 m.u_conv2._3402_/Q
 m.u_conv2._3403_/Q
 m.u_conv2._3404_/Q
 m.u_conv2._3405_/Q
 m.u_conv2._3406_/Q
 m.u_conv2._3407_/Q
 m.u_conv2._3408_/Q
 m.u_conv2._3409_/Q
 m.u_conv2._3410_/Q
 m.u_conv2._3411_/Q
 m.u_conv2._3412_/Q
 m.u_conv2._3413_/Q
 m.u_conv2._3414_/Q
 m.u_conv2._3415_/Q
 m.u_conv2._3416_/Q
 m.u_conv2._3417_/Q
 m.u_conv2._3418_/Q
 m.u_conv2._3419_/Q
 m.u_conv2._3420_/Q
 m.u_conv2._3421_/Q
 m.u_conv2._3422_/Q
 m.u_conv2._3423_/Q
 m.u_conv2._3424_/Q
 m.u_conv2._3425_/Q
 m.u_conv2._3426_/Q
 m.u_conv2._3427_/Q
 m.u_conv2._3428_/Q
 m.u_conv2._3429_/Q
 m.u_conv2._3430_/Q
 m.u_conv2._3431_/Q
 m.u_conv2._3432_/Q
 m.u_conv2._3433_/Q
 m.u_conv2._3434_/Q
 m.u_conv2._3435_/Q
 m.u_conv2._3436_/Q
 m.u_conv2._3437_/Q
 m.u_conv2._3438_/Q
 m.u_conv2._3439_/Q
 m.u_conv2._3440_/Q
 m.u_conv2._3441_/Q
 m.u_conv2._3442_/Q
 m.u_conv2._3443_/Q
 m.u_conv2._3444_/Q
 m.u_conv2._3445_/Q
 m.u_conv2._3446_/Q
 m.u_conv2._3447_/Q
 m.u_conv2._3448_/Q
 m.u_conv2._3449_/Q
 m.u_conv2._3450_/Q
 m.u_conv2._3451_/Q
 m.u_conv2._3452_/Q
 m.u_conv2._3453_/Q
 m.u_conv2._3454_/Q
 m.u_conv2._3455_/Q
 m.u_conv2._3456_/Q
 m.u_conv2._3457_/Q
 m.u_conv2._3458_/Q
 m.u_conv2._3459_/Q
 m.u_conv2._3460_/Q
 m.u_conv2._3461_/Q
 m.u_conv2._3462_/Q
 m.u_conv2._3463_/Q
 m.u_conv2._3464_/Q
 m.u_conv2._3465_/Q
 m.u_conv2._3466_/Q
 m.u_conv2._3467_/Q
 m.u_conv2._3468_/Q
 m.u_conv2._3469_/Q
 m.u_conv2._3470_/Q
 m.u_conv2._3471_/Q
 m.u_conv2._3472_/Q
 m.u_conv2._3473_/Q
 m.u_conv2._3474_/Q
 m.u_conv2._3475_/Q
 m.u_conv2._3476_/Q
 m.u_conv2._3477_/Q
 m.u_conv2._3478_/Q
 m.u_conv2._3479_/Q
 m.u_conv2._3480_/Q
 m.u_conv2._3481_/Q
 m.u_conv2._3482_/Q
 m.u_conv2._3483_/Q
 m.u_conv2._3484_/Q
 m.u_conv2._3485_/Q
 m.u_conv2._3486_/Q
 m.u_conv2._3487_/Q
 m.u_conv2._3488_/Q
 m.u_conv2._3489_/Q
 m.u_conv2._3490_/Q
 m.u_conv2._3491_/Q
 m.u_conv2._3492_/Q
 m.u_conv2._3493_/Q
 m.u_conv2._3494_/Q
 m.u_conv2._3495_/Q
 m.u_conv2._3496_/Q
 m.u_conv2._3497_/Q
 m.u_conv2._3498_/Q
 m.u_conv2._3499_/Q
 m.u_conv2._3500_/Q
 m.u_conv2._3501_/Q
 m.u_conv2._3502_/Q
 m.u_conv2._3503_/Q
 m.u_conv2._3504_/Q
 m.u_conv2._3505_/Q
 m.u_conv2._3506_/Q
 m.u_conv2._3507_/Q
 m.u_conv2._3508_/Q
 m.u_conv2._3509_/Q
 m.u_conv2._3510_/Q
 m.u_conv2._3511_/Q
 m.u_conv2._3512_/Q
 m.u_conv2._3513_/Q
 m.u_conv2._3514_/Q
 m.u_conv2._3515_/Q
 m.u_conv2._3516_/Q
 m.u_conv2._3517_/Q
 m.u_conv2._3518_/Q
 m.u_conv2._3519_/Q
 m.u_conv2._3520_/Q
 m.u_conv2._3521_/Q
 m.u_conv2._3522_/Q
 m.u_conv2._3523_/Q
 m.u_conv2._3524_/Q
 m.u_conv2._3525_/Q
 m.u_conv2._3526_/Q
 m.u_conv2._3527_/Q
 m.u_conv2._3528_/Q
 m.u_conv2._3529_/Q
 m.u_conv2._3530_/Q
 m.u_conv2._3531_/Q
 m.u_conv2._3532_/Q
 m.u_conv2._3533_/Q
 m.u_conv2._3534_/Q
 m.u_conv2._3535_/Q
 m.u_conv2._3536_/Q
 m.u_conv2._3537_/Q
 m.u_conv2._3538_/Q
 m.u_conv2._3539_/Q
 m.u_conv2._3540_/Q
 m.u_conv2._3541_/Q
 m.u_conv2._3542_/Q
 m.u_conv2._3543_/Q
 m.u_conv2._3544_/Q
 m.u_conv2._3545_/Q
 m.u_conv2._3546_/Q
 m.u_conv2._3547_/Q
 m.u_conv2._3548_/Q
 m.u_conv2._3549_/Q
 m.u_conv2._3550_/Q
 m.u_conv2._3551_/Q
 m.u_conv2._3552_/Q
 m.u_conv2._3553_/Q
 m.u_conv2._3554_/Q
 m.u_conv2._3555_/Q
 m.u_conv2._3556_/Q
 m.u_conv2._3557_/Q
 m.u_conv2._3558_/Q
 m.u_conv2._3559_/Q
 m.u_conv2._3560_/Q
 m.u_conv2._3561_/Q
 m.u_conv2._3562_/Q
 m.u_conv2._3563_/Q
 m.u_conv2._3564_/Q
 m.u_conv2._3565_/Q
 m.u_conv2._3566_/Q
 m.u_conv2._3567_/Q
 m.u_conv2._3568_/Q
 m.u_conv2._3569_/Q
 m.u_conv2._3570_/Q
 m.u_conv2._3571_/Q
 m.u_conv2._3572_/Q
 m.u_conv2._3573_/Q
 m.u_conv2._3574_/Q
 m.u_conv2._3575_/Q
 m.u_conv2._3576_/Q
 m.u_conv2._3577_/Q
 m.u_conv2._3578_/Q
 m.u_conv2._3579_/Q
 m.u_conv2._3580_/Q
 m.u_conv2._3581_/Q
 m.u_conv2._3582_/Q
 m.u_conv2._3583_/Q
 m.u_conv2._3584_/Q
 m.u_conv2._3585_/Q
 m.u_conv2._3586_/Q
 m.u_conv2._3587_/Q
 m.u_conv2._3588_/Q
 m.u_conv2._3589_/Q
 m.u_conv2._3590_/Q
 m.u_conv2._3591_/Q
 m.u_conv2._3592_/Q
 m.u_conv2._3593_/Q
 m.u_conv2._3594_/Q
 m.u_conv2._3595_/Q
 m.u_conv2._3596_/Q
 m.u_conv2._3597_/Q
 m.u_conv2._3598_/Q
 m.u_conv2._3599_/Q
 m.u_conv2._3600_/Q
 m.u_conv2._3601_/Q
 m.u_conv2._3602_/Q
 m.u_conv2._3603_/Q
 m.u_conv2._3604_/Q
 m.u_conv2._3605_/Q
 m.u_conv2._3606_/Q
 m.u_conv2._3607_/Q
 m.u_conv2._3608_/Q
 m.u_conv2._3609_/Q
 m.u_conv2._3610_/Q
 m.u_conv2._3611_/Q
 m.u_conv2._3612_/Q
 m.u_conv2._3613_/Q
 m.u_conv2._3614_/Q
 m.u_conv2._3615_/Q
 m.u_conv2._3616_/Q
 m.u_conv2._3617_/Q
 m.u_conv2._3618_/Q
 m.u_conv2._3619_/Q
 m.u_conv2._3620_/Q
 m.u_conv2._3621_/Q
 m.u_conv2._3622_/Q
 m.u_conv2._3623_/Q
 m.u_conv2._3624_/Q
 m.u_conv2._3625_/Q
 m.u_conv2._3626_/Q
 m.u_conv2._3627_/Q
 m.u_conv2._3628_/Q
 m.u_conv2._3629_/Q
 m.u_conv2._3630_/Q
 m.u_conv2._3631_/Q
 m.u_conv2._3632_/Q
 m.u_conv2._3633_/Q
 m.u_conv2._3634_/Q
 m.u_conv2._3635_/Q
 m.u_conv2._3636_/Q
 m.u_conv2._3637_/Q
 m.u_conv2._3638_/Q
 m.u_conv2._3639_/Q
 m.u_conv2._3640_/Q
 m.u_conv2._3641_/Q
 m.u_conv2._3642_/Q
 m.u_conv2._3643_/Q
 m.u_conv2._3644_/Q
 m.u_conv2._3645_/Q
 m.u_conv2._3646_/Q
 m.u_conv2._3647_/Q
 m.u_conv2._3648_/Q
 m.u_conv2._3649_/Q
 m.u_conv2._3650_/Q
 m.u_conv2._3651_/Q
 m.u_conv2._3652_/Q
 m.u_conv2._3653_/Q
 m.u_conv2._3654_/Q
 m.u_conv2._3655_/Q
 m.u_conv2._3656_/Q
 m.u_conv2._3657_/Q
 m.u_conv2._3658_/Q
 m.u_conv2._3659_/Q
 m.u_conv2._3660_/Q
 m.u_conv2._3661_/Q
 m.u_conv2._3662_/Q
 m.u_conv2._3663_/Q
 m.u_conv2._3664_/Q
 m.u_conv2._3665_/Q
 m.u_conv2._3666_/Q
 m.u_conv2._3667_/Q
 m.u_conv2._3668_/Q
 m.u_conv2._3669_/Q
 m.u_conv2._3670_/Q
 m.u_conv2._3671_/Q
 m.u_conv2._3672_/Q
 m.u_conv2._3673_/Q
 m.u_conv2._3674_/Q
 m.u_conv2._3675_/Q
 m.u_conv2._3676_/Q
 m.u_conv2._3677_/Q
 m.u_conv2._3678_/Q
 m.u_conv2._3679_/Q
 m.u_conv2._3680_/Q
 m.u_conv2._3681_/Q
 m.u_conv2._3682_/Q
 m.u_conv2._3683_/Q
 m.u_conv2._3684_/Q
 m.u_conv2._3685_/Q
 m.u_conv2._3686_/Q
 m.u_conv2._3687_/Q
 m.u_conv2._3688_/Q
 m.u_conv2._3689_/Q
 m.u_conv2._3690_/Q
 m.u_conv2._3691_/Q
 m.u_conv2._3692_/Q
 m.u_conv2._3693_/Q
 m.u_conv2._3694_/Q
 m.u_conv2._3695_/Q
 m.u_conv2._3696_/Q
 m.u_conv2._3697_/Q
 m.u_conv2._3698_/Q
 m.u_conv2._3699_/Q
 m.u_conv2._3700_/Q
 m.u_conv2._3701_/Q
 m.u_conv2._3702_/Q
 m.u_conv2._3703_/Q
 m.u_conv2._3704_/L_HI
 m.u_conv2._3705_/L_HI
 m.u_conv2._3706_/L_HI
 m.u_conv2._3707_/L_HI
 m.u_conv2._3708_/L_HI
 m.u_conv2._3709_/L_HI
 m.u_conv2._3710_/L_HI
 m.u_conv2._3711_/L_HI
 m.u_conv2._3712_/L_HI
 m.u_conv2._3713_/L_HI
 m.u_conv2._3714_/L_HI
 m.u_conv2._3715_/L_HI
 m.u_conv2._3716_/L_HI
 m.u_conv2._3717_/L_HI
 m.u_conv2._3718_/L_HI
 m.u_conv2._3719_/L_HI
 m.u_conv2._3720_/L_HI
 m.u_conv2._3721_/L_HI
 m.u_conv2._3722_/L_HI
 m.u_conv2._3723_/L_HI
 m.u_conv2._3724_/L_HI
 m.u_conv2._3725_/L_LO
 m.u_conv2._3726_/L_LO
 m.u_conv2._3727_/L_LO
 m.u_conv2._3728_/L_LO
 m.u_conv2._3729_/L_LO
 m.u_conv2._3730_/L_LO
 m.u_conv2._3731_/L_LO
 m.u_conv2._3732_/L_LO
 m.u_conv2._3733_/L_LO
 m.u_conv2._3734_/L_LO
 m.u_conv2._3735_/L_LO
 m.u_conv2._3736_/L_LO
 m.u_conv2._3737_/L_LO
 m.u_conv2._3738_/L_LO
 m.u_conv2.u_loader._446_/Y
 m.u_conv2.u_loader._447_/Y
 m.u_conv2.u_loader._448_/Y
 m.u_conv2.u_loader._449_/Y
 m.u_conv2.u_loader._450_/Y
 m.u_conv2.u_loader._451_/Y
 m.u_conv2.u_loader._452_/Y
 m.u_conv2.u_loader._453_/Y
 m.u_conv2.u_loader._454_/Y
 m.u_conv2.u_loader._455_/Y
 m.u_conv2.u_loader._456_/Y
 m.u_conv2.u_loader._457_/Y
 m.u_conv2.u_loader._458_/Y
 m.u_conv2.u_loader._459_/Y
 m.u_conv2.u_loader._460_/Y
 m.u_conv2.u_loader._461_/Y
 m.u_conv2.u_loader._462_/Y
 m.u_conv2.u_loader._463_/Y
 m.u_conv2.u_loader._464_/Y
 m.u_conv2.u_loader._465_/Y
 m.u_conv2.u_loader._466_/Y
 m.u_conv2.u_loader._467_/Y
 m.u_conv2.u_loader._468_/Y
 m.u_conv2.u_loader._469_/Y
 m.u_conv2.u_loader._470_/Y
 m.u_conv2.u_loader._471_/X
 m.u_conv2.u_loader._472_/Y
 m.u_conv2.u_loader._473_/Y
 m.u_conv2.u_loader._474_/Y
 m.u_conv2.u_loader._475_/X
 m.u_conv2.u_loader._476_/Y
 m.u_conv2.u_loader._477_/Y
 m.u_conv2.u_loader._478_/X
 m.u_conv2.u_loader._479_/Y
 m.u_conv2.u_loader._480_/Y
 m.u_conv2.u_loader._481_/X
 m.u_conv2.u_loader._482_/Y
 m.u_conv2.u_loader._483_/Y
 m.u_conv2.u_loader._484_/X
 m.u_conv2.u_loader._485_/Y
 m.u_conv2.u_loader._486_/X
 m.u_conv2.u_loader._487_/X
 m.u_conv2.u_loader._488_/X
 m.u_conv2.u_loader._489_/X
 m.u_conv2.u_loader._490_/Y
 m.u_conv2.u_loader._491_/X
 m.u_conv2.u_loader._492_/X
 m.u_conv2.u_loader._493_/Y
 m.u_conv2.u_loader._494_/Y
 m.u_conv2.u_loader._495_/Y
 m.u_conv2.u_loader._496_/X
 m.u_conv2.u_loader._497_/X
 m.u_conv2.u_loader._498_/Y
 m.u_conv2.u_loader._499_/Y
 m.u_conv2.u_loader._500_/Y
 m.u_conv2.u_loader._501_/Y
 m.u_conv2.u_loader._502_/Y
 m.u_conv2.u_loader._503_/Y
 m.u_conv2.u_loader._504_/Y
 m.u_conv2.u_loader._505_/Y
 m.u_conv2.u_loader._506_/Y
 m.u_conv2.u_loader._507_/Y
 m.u_conv2.u_loader._508_/Y
 m.u_conv2.u_loader._509_/X
 m.u_conv2.u_loader._510_/Y
 m.u_conv2.u_loader._511_/X
 m.u_conv2.u_loader._512_/Y
 m.u_conv2.u_loader._513_/Y
 m.u_conv2.u_loader._514_/X
 m.u_conv2.u_loader._515_/Y
 m.u_conv2.u_loader._516_/X
 m.u_conv2.u_loader._517_/Y
 m.u_conv2.u_loader._518_/X
 m.u_conv2.u_loader._519_/X
 m.u_conv2.u_loader._520_/Y
 m.u_conv2.u_loader._521_/Y
 m.u_conv2.u_loader._522_/X
 m.u_conv2.u_loader._523_/Y
 m.u_conv2.u_loader._524_/X
 m.u_conv2.u_loader._525_/Y
 m.u_conv2.u_loader._526_/Y
 m.u_conv2.u_loader._527_/Y
 m.u_conv2.u_loader._528_/Y
 m.u_conv2.u_loader._529_/Y
 m.u_conv2.u_loader._530_/Y
 m.u_conv2.u_loader._531_/Y
 m.u_conv2.u_loader._532_/Y
 m.u_conv2.u_loader._533_/Y
 m.u_conv2.u_loader._534_/Y
 m.u_conv2.u_loader._535_/X
 m.u_conv2.u_loader._536_/Y
 m.u_conv2.u_loader._537_/X
 m.u_conv2.u_loader._538_/X
 m.u_conv2.u_loader._539_/Y
 m.u_conv2.u_loader._540_/Y
 m.u_conv2.u_loader._541_/X
 m.u_conv2.u_loader._542_/Y
 m.u_conv2.u_loader._543_/X
 m.u_conv2.u_loader._544_/Y
 m.u_conv2.u_loader._545_/Y
 m.u_conv2.u_loader._546_/Y
 m.u_conv2.u_loader._547_/Y
 m.u_conv2.u_loader._548_/Y
 m.u_conv2.u_loader._549_/Y
 m.u_conv2.u_loader._550_/Y
 m.u_conv2.u_loader._551_/X
 m.u_conv2.u_loader._552_/Y
 m.u_conv2.u_loader._553_/Y
 m.u_conv2.u_loader._554_/Y
 m.u_conv2.u_loader._555_/Y
 m.u_conv2.u_loader._556_/X
 m.u_conv2.u_loader._557_/X
 m.u_conv2.u_loader._558_/Y
 m.u_conv2.u_loader._559_/X
 m.u_conv2.u_loader._560_/X
 m.u_conv2.u_loader._561_/Y
 m.u_conv2.u_loader._562_/Y
 m.u_conv2.u_loader._563_/Y
 m.u_conv2.u_loader._564_/X
 m.u_conv2.u_loader._565_/Y
 m.u_conv2.u_loader._566_/X
 m.u_conv2.u_loader._567_/X
 m.u_conv2.u_loader._568_/X
 m.u_conv2.u_loader._569_/X
 m.u_conv2.u_loader._570_/Y
 m.u_conv2.u_loader._571_/Y
 m.u_conv2.u_loader._572_/Y
 m.u_conv2.u_loader._573_/Y
 m.u_conv2.u_loader._574_/Y
 m.u_conv2.u_loader._575_/Y
 m.u_conv2.u_loader._576_/X
 m.u_conv2.u_loader._577_/Y
 m.u_conv2.u_loader._578_/Y
 m.u_conv2.u_loader._579_/Y
 m.u_conv2.u_loader._580_/Y
 m.u_conv2.u_loader._581_/Y
 m.u_conv2.u_loader._582_/Y
 m.u_conv2.u_loader._583_/Y
 m.u_conv2.u_loader._584_/Y
 m.u_conv2.u_loader._585_/Y
 m.u_conv2.u_loader._586_/Y
 m.u_conv2.u_loader._587_/X
 m.u_conv2.u_loader._588_/Y
 m.u_conv2.u_loader._589_/Y
 m.u_conv2.u_loader._590_/Y
 m.u_conv2.u_loader._591_/X
 m.u_conv2.u_loader._592_/Y
 m.u_conv2.u_loader._593_/Y
 m.u_conv2.u_loader._594_/Y
 m.u_conv2.u_loader._595_/Y
 m.u_conv2.u_loader._596_/Y
 m.u_conv2.u_loader._597_/X
 m.u_conv2.u_loader._598_/Y
 m.u_conv2.u_loader._599_/Y
 m.u_conv2.u_loader._600_/Y
 m.u_conv2.u_loader._601_/Y
 m.u_conv2.u_loader._602_/Y
 m.u_conv2.u_loader._603_/X
 m.u_conv2.u_loader._604_/Y
 m.u_conv2.u_loader._605_/X
 m.u_conv2.u_loader._606_/X
 m.u_conv2.u_loader._607_/Y
 m.u_conv2.u_loader._608_/X
 m.u_conv2.u_loader._609_/Y
 m.u_conv2.u_loader._610_/Y
 m.u_conv2.u_loader._611_/X
 m.u_conv2.u_loader._612_/X
 m.u_conv2.u_loader._613_/X
 m.u_conv2.u_loader._614_/Y
 m.u_conv2.u_loader._615_/Y
 m.u_conv2.u_loader._616_/Y
 m.u_conv2.u_loader._617_/X
 m.u_conv2.u_loader._618_/X
 m.u_conv2.u_loader._619_/Y
 m.u_conv2.u_loader._620_/Y
 m.u_conv2.u_loader._621_/Y
 m.u_conv2.u_loader._622_/X
 m.u_conv2.u_loader._623_/Y
 m.u_conv2.u_loader._624_/Y
 m.u_conv2.u_loader._625_/Y
 m.u_conv2.u_loader._626_/Y
 m.u_conv2.u_loader._627_/X
 m.u_conv2.u_loader._628_/Y
 m.u_conv2.u_loader._629_/X
 m.u_conv2.u_loader._630_/X
 m.u_conv2.u_loader._631_/Y
 m.u_conv2.u_loader._632_/Y
 m.u_conv2.u_loader._633_/X
 m.u_conv2.u_loader._634_/Y
 m.u_conv2.u_loader._635_/Y
 m.u_conv2.u_loader._636_/Y
 m.u_conv2.u_loader._637_/Y
 m.u_conv2.u_loader._638_/Y
 m.u_conv2.u_loader._639_/X
 m.u_conv2.u_loader._640_/X
 m.u_conv2.u_loader._641_/Y
 m.u_conv2.u_loader._642_/X
 m.u_conv2.u_loader._643_/Y
 m.u_conv2.u_loader._644_/X
 m.u_conv2.u_loader._645_/X
 m.u_conv2.u_loader._646_/Y
 m.u_conv2.u_loader._647_/Y
 m.u_conv2.u_loader._648_/X
 m.u_conv2.u_loader._649_/Y
 m.u_conv2.u_loader._650_/Y
 m.u_conv2.u_loader._651_/X
 m.u_conv2.u_loader._652_/Y
 m.u_conv2.u_loader._653_/X
 m.u_conv2.u_loader._654_/X
 m.u_conv2.u_loader._655_/Y
 m.u_conv2.u_loader._656_/X
 m.u_conv2.u_loader._657_/Y
 m.u_conv2.u_loader._658_/Y
 m.u_conv2.u_loader._659_/Y
 m.u_conv2.u_loader._660_/Y
 m.u_conv2.u_loader._661_/Y
 m.u_conv2.u_loader._662_/Y
 m.u_conv2.u_loader._663_/Y
 m.u_conv2.u_loader._664_/Y
 m.u_conv2.u_loader._665_/Y
 m.u_conv2.u_loader._666_/Y
 m.u_conv2.u_loader._667_/X
 m.u_conv2.u_loader._668_/Y
 m.u_conv2.u_loader._669_/Y
 m.u_conv2.u_loader._670_/Y
 m.u_conv2.u_loader._671_/Y
 m.u_conv2.u_loader._672_/Y
 m.u_conv2.u_loader._673_/X
 m.u_conv2.u_loader._674_/X
 m.u_conv2.u_loader._675_/Y
 m.u_conv2.u_loader._676_/Y
 m.u_conv2.u_loader._677_/Y
 m.u_conv2.u_loader._678_/Y
 m.u_conv2.u_loader._679_/Y
 m.u_conv2.u_loader._680_/Y
 m.u_conv2.u_loader._681_/Y
 m.u_conv2.u_loader._682_/X
 m.u_conv2.u_loader._683_/Y
 m.u_conv2.u_loader._684_/Y
 m.u_conv2.u_loader._685_/X
 m.u_conv2.u_loader._686_/Y
 m.u_conv2.u_loader._687_/X
 m.u_conv2.u_loader._688_/Y
 m.u_conv2.u_loader._689_/Y
 m.u_conv2.u_loader._690_/Y
 m.u_conv2.u_loader._691_/Y
 m.u_conv2.u_loader._692_/Y
 m.u_conv2.u_loader._693_/X
 m.u_conv2.u_loader._694_/Y
 m.u_conv2.u_loader._695_/X
 m.u_conv2.u_loader._696_/Y
 m.u_conv2.u_loader._697_/Y
 m.u_conv2.u_loader._698_/X
 m.u_conv2.u_loader._699_/Y
 m.u_conv2.u_loader._700_/X
 m.u_conv2.u_loader._701_/Y
 m.u_conv2.u_loader._702_/Y
 m.u_conv2.u_loader._703_/Y
 m.u_conv2.u_loader._704_/Y
 m.u_conv2.u_loader._705_/X
 m.u_conv2.u_loader._706_/Y
 m.u_conv2.u_loader._707_/Y
 m.u_conv2.u_loader._708_/X
 m.u_conv2.u_loader._709_/Y
 m.u_conv2.u_loader._710_/Y
 m.u_conv2.u_loader._711_/Y
 m.u_conv2.u_loader._712_/Y
 m.u_conv2.u_loader._713_/X
 m.u_conv2.u_loader._714_/Y
 m.u_conv2.u_loader._715_/Y
 m.u_conv2.u_loader._716_/X
 m.u_conv2.u_loader._717_/Y
 m.u_conv2.u_loader._718_/Y
 m.u_conv2.u_loader._719_/Y
 m.u_conv2.u_loader._720_/Y
 m.u_conv2.u_loader._721_/Y
 m.u_conv2.u_loader._722_/Y
 m.u_conv2.u_loader._723_/Y
 m.u_conv2.u_loader._724_/Y
 m.u_conv2.u_loader._725_/Y
 m.u_conv2.u_loader._726_/Y
 m.u_conv2.u_loader._727_/Y
 m.u_conv2.u_loader._728_/X
 m.u_conv2.u_loader._729_/Y
 m.u_conv2.u_loader._730_/Y
 m.u_conv2.u_loader._731_/Y
 m.u_conv2.u_loader._732_/Y
 m.u_conv2.u_loader._733_/Y
 m.u_conv2.u_loader._734_/X
 m.u_conv2.u_loader._735_/X
 m.u_conv2.u_loader._736_/X
 m.u_conv2.u_loader._737_/Y
 m.u_conv2.u_loader._738_/Y
 m.u_conv2.u_loader._739_/Y
 m.u_conv2.u_loader._740_/Y
 m.u_conv2.u_loader._741_/Y
 m.u_conv2.u_loader._742_/Y
 m.u_conv2.u_loader._743_/Y
 m.u_conv2.u_loader._744_/Y
 m.u_conv2.u_loader._745_/Y
 m.u_conv2.u_loader._746_/X
 m.u_conv2.u_loader._747_/Y
 m.u_conv2.u_loader._748_/Y
 m.u_conv2.u_loader._749_/Y
 m.u_conv2.u_loader._750_/Y
 m.u_conv2.u_loader._751_/Y
 m.u_conv2.u_loader._752_/Y
 m.u_conv2.u_loader._753_/Y
 m.u_conv2.u_loader._754_/X
 m.u_conv2.u_loader._755_/Y
 m.u_conv2.u_loader._756_/Y
 m.u_conv2.u_loader._757_/Y
 m.u_conv2.u_loader._758_/Y
 m.u_conv2.u_loader._759_/Y
 m.u_conv2.u_loader._760_/Y
 m.u_conv2.u_loader._761_/Y
 m.u_conv2.u_loader._762_/X
 m.u_conv2.u_loader._763_/Y
 m.u_conv2.u_loader._764_/Y
 m.u_conv2.u_loader._765_/Y
 m.u_conv2.u_loader._766_/Y
 m.u_conv2.u_loader._767_/Y
 m.u_conv2.u_loader._768_/Y
 m.u_conv2.u_loader._769_/Y
 m.u_conv2.u_loader._770_/Y
 m.u_conv2.u_loader._771_/Y
 m.u_conv2.u_loader._772_/Y
 m.u_conv2.u_loader._773_/Y
 m.u_conv2.u_loader._774_/X
 m.u_conv2.u_loader._775_/X
 m.u_conv2.u_loader._776_/Y
 m.u_conv2.u_loader._777_/Y
 m.u_conv2.u_loader._778_/Y
 m.u_conv2.u_loader._779_/Y
 m.u_conv2.u_loader._780_/Y
 m.u_conv2.u_loader._781_/Y
 m.u_conv2.u_loader._782_/Y
 m.u_conv2.u_loader._783_/Y
 m.u_conv2.u_loader._784_/X
 m.u_conv2.u_loader._785_/Y
 m.u_conv2.u_loader._786_/Y
 m.u_conv2.u_loader._787_/Y
 m.u_conv2.u_loader._788_/Y
 m.u_conv2.u_loader._789_/Y
 m.u_conv2.u_loader._790_/Y
 m.u_conv2.u_loader._791_/X
 m.u_conv2.u_loader._792_/Y
 m.u_conv2.u_loader._793_/Y
 m.u_conv2.u_loader._794_/X
 m.u_conv2.u_loader._795_/Y
 m.u_conv2.u_loader._796_/Y
 m.u_conv2.u_loader._797_/Y
 m.u_conv2.u_loader._798_/Y
 m.u_conv2.u_loader._799_/Y
 m.u_conv2.u_loader._800_/Y
 m.u_conv2.u_loader._801_/Y
 m.u_conv2.u_loader._802_/Y
 m.u_conv2.u_loader._803_/Y
 m.u_conv2.u_loader._804_/Y
 m.u_conv2.u_loader._805_/Y
 m.u_conv2.u_loader._806_/Y
 m.u_conv2.u_loader._807_/Y
 m.u_conv2.u_loader._808_/Y
 m.u_conv2.u_loader._809_/Y
 m.u_conv2.u_loader._810_/Y
 m.u_conv2.u_loader._811_/Y
 m.u_conv2.u_loader._812_/Y
 m.u_conv2.u_loader._813_/Y
 m.u_conv2.u_loader._814_/Y
 m.u_conv2.u_loader._815_/Y
 m.u_conv2.u_loader._816_/Y
 m.u_conv2.u_loader._817_/Y
 m.u_conv2.u_loader._818_/Y
 m.u_conv2.u_loader._819_/Y
 m.u_conv2.u_loader._820_/Y
 m.u_conv2.u_loader._821_/Y
 m.u_conv2.u_loader._822_/X
 m.u_conv2.u_loader._823_/Y
 m.u_conv2.u_loader._824_/Y
 m.u_conv2.u_loader._825_/Y
 m.u_conv2.u_loader._826_/Y
 m.u_conv2.u_loader._827_/X
 m.u_conv2.u_loader._828_/X
 m.u_conv2.u_loader._829_/Y
 m.u_conv2.u_loader._830_/Y
 m.u_conv2.u_loader._831_/X
 m.u_conv2.u_loader._832_/Y
 m.u_conv2.u_loader._833_/Y
 m.u_conv2.u_loader._834_/Y
 m.u_conv2.u_loader._835_/Y
 m.u_conv2.u_loader._836_/X
 m.u_conv2.u_loader._837_/Y
 m.u_conv2.u_loader._838_/Y
 m.u_conv2.u_loader._839_/Y
 m.u_conv2.u_loader._840_/Y
 m.u_conv2.u_loader._841_/Y
 m.u_conv2.u_loader._842_/X
 m.u_conv2.u_loader._843_/X
 m.u_conv2.u_loader._844_/X
 m.u_conv2.u_loader._845_/Y
 m.u_conv2.u_loader._846_/Y
 m.u_conv2.u_loader._847_/Y
 m.u_conv2.u_loader._848_/Y
 m.u_conv2.u_loader._849_/X
 m.u_conv2.u_loader._850_/Y
 m.u_conv2.u_loader._851_/Y
 m.u_conv2.u_loader._852_/Y
 m.u_conv2.u_loader._853_/Y
 m.u_conv2.u_loader._854_/Y
 m.u_conv2.u_loader._855_/X
 m.u_conv2.u_loader._856_/X
 m.u_conv2.u_loader._857_/X
 m.u_conv2.u_loader._858_/Y
 m.u_conv2.u_loader._859_/Y
 m.u_conv2.u_loader._860_/Y
 m.u_conv2.u_loader._861_/Y
 m.u_conv2.u_loader._862_/X
 m.u_conv2.u_loader._863_/Y
 m.u_conv2.u_loader._864_/Y
 m.u_conv2.u_loader._865_/X
 m.u_conv2.u_loader._866_/X
 m.u_conv2.u_loader._867_/Y
 m.u_conv2.u_loader._868_/Y
 m.u_conv2.u_loader._869_/Y
 m.u_conv2.u_loader._870_/Y
 m.u_conv2.u_loader._871_/X
 m.u_conv2.u_loader._872_/Y
 m.u_conv2.u_loader._873_/Y
 m.u_conv2.u_loader._874_/Y
 m.u_conv2.u_loader._875_/Y
 m.u_conv2.u_loader._876_/X
 m.u_conv2.u_loader._877_/Y
 m.u_conv2.u_loader._878_/Y
 m.u_conv2.u_loader._879_/Y
 m.u_conv2.u_loader._880_/Y
 m.u_conv2.u_loader._881_/Y
 m.u_conv2.u_loader._882_/Y
 m.u_conv2.u_loader._883_/Y
 m.u_conv2.u_loader._884_/X
 m.u_conv2.u_loader._885_/X
 m.u_conv2.u_loader._886_/Y
 m.u_conv2.u_loader._887_/Y
 m.u_conv2.u_loader._888_/Y
 m.u_conv2.u_loader._889_/Y
 m.u_conv2.u_loader._890_/X
 m.u_conv2.u_loader._891_/X
 m.u_conv2.u_loader._892_/X
 m.u_conv2.u_loader._893_/Y
 m.u_conv2.u_loader._894_/Y
 m.u_conv2.u_loader._895_/X
 m.u_conv2.u_loader._896_/X
 m.u_conv2.u_loader._897_/Y
 m.u_conv2.u_loader._898_/Y
 m.u_conv2.u_loader._899_/X
 m.u_conv2.u_loader._900_/Q
 m.u_conv2.u_loader._901_/Q
 m.u_conv2.u_loader._902_/Q
 m.u_conv2.u_loader._903_/Q
 m.u_conv2.u_loader._904_/Q
 m.u_conv2.u_loader._905_/Q
 m.u_conv2.u_loader._906_/Q
 m.u_conv2.u_loader._907_/Q
 m.u_conv2.u_loader._908_/Q
 m.u_conv2.u_loader._909_/Q
 m.u_conv2.u_loader._910_/Q
 m.u_conv2.u_loader._911_/Q
 m.u_conv2.u_loader._912_/Q
 m.u_conv2.u_loader._913_/Q
 m.u_conv2.u_loader._914_/Q
 m.u_conv2.u_loader._915_/Q
 m.u_conv2.u_loader._916_/Q
 m.u_conv2.u_loader._917_/Q
 m.u_conv2.u_loader._918_/Q
 m.u_conv2.u_loader._919_/Q
 m.u_conv2.u_loader._920_/Q
 m.u_conv2.u_loader._921_/Q
 m.u_conv2.u_loader._922_/Q
 m.u_conv2.u_loader._923_/Q
 m.u_conv2.u_loader._924_/Q
 m.u_conv2.u_loader._925_/Q
 m.u_conv2.u_loader._926_/Q
 m.u_conv2.u_loader._927_/Q
 m.u_conv2.u_loader._928_/Q
 m.u_conv2.u_loader._929_/Q
 m.u_conv2.u_loader._930_/Q
 m.u_conv2.u_loader._931_/Q
 m.u_conv2.u_loader._932_/Q
 m.u_conv2.u_loader._933_/Q
 m.u_conv2.u_loader._934_/Q
 m.u_conv2.u_loader._935_/L_HI
 m.u_conv2.u_loader._936_/L_HI
 m.u_conv2.u_loader._937_/L_HI
 m.u_conv2.u_loader._938_/L_HI
 m.u_conv2.u_loader._939_/L_HI
 m.u_conv2.u_loader._940_/L_HI
 m.u_conv2.u_loader._941_/L_HI
 m.u_conv2.u_loader._942_/L_HI
 m.u_conv2.u_loader._943_/L_LO
 m.u_conv2.u_loader._944_/L_LO
 m.u_conv2.u_loader._945_/L_LO
 m.u_conv2.u_loader._946_/L_LO
 m.u_conv2.u_loader._947_/L_LO
 m.u_conv2.u_loader._948_/L_LO
 m.u_conv2.u_loader._949_/L_LO
 m.u_conv2.u_loader._950_/L_LO
 m.u_conv2.u_loader._951_/L_LO
 m.u_conv2.u_weights._403_/Y
 m.u_conv2.u_weights._404_/Y
 m.u_conv2.u_weights._405_/Y
 m.u_conv2.u_weights._406_/Y
 m.u_conv2.u_weights._407_/Y
 m.u_conv2.u_weights._408_/Y
 m.u_conv2.u_weights._409_/Y
 m.u_conv2.u_weights._410_/Y
 m.u_conv2.u_weights._411_/Y
 m.u_conv2.u_weights._412_/X
 m.u_conv2.u_weights._413_/Y
 m.u_conv2.u_weights._414_/Y
 m.u_conv2.u_weights._415_/Y
 m.u_conv2.u_weights._416_/Y
 m.u_conv2.u_weights._417_/Y
 m.u_conv2.u_weights._418_/Y
 m.u_conv2.u_weights._419_/X
 m.u_conv2.u_weights._420_/Y
 m.u_conv2.u_weights._421_/Y
 m.u_conv2.u_weights._422_/Y
 m.u_conv2.u_weights._423_/Y
 m.u_conv2.u_weights._424_/X
 m.u_conv2.u_weights._425_/Y
 m.u_conv2.u_weights._426_/Y
 m.u_conv2.u_weights._427_/Y
 m.u_conv2.u_weights._428_/Y
 m.u_conv2.u_weights._429_/X
 m.u_conv2.u_weights._430_/Y
 m.u_conv2.u_weights._431_/Y
 m.u_conv2.u_weights._432_/Y
 m.u_conv2.u_weights._433_/Y
 m.u_conv2.u_weights._434_/Y
 m.u_conv2.u_weights._435_/Y
 m.u_conv2.u_weights._436_/X
 m.u_conv2.u_weights._437_/Y
 m.u_conv2.u_weights._438_/Y
 m.u_conv2.u_weights._439_/Y
 m.u_conv2.u_weights._440_/Y
 m.u_conv2.u_weights._441_/Y
 m.u_conv2.u_weights._442_/Y
 m.u_conv2.u_weights._443_/Y
 m.u_conv2.u_weights._444_/Y
 m.u_conv2.u_weights._445_/Y
 m.u_conv2.u_weights._446_/Y
 m.u_conv2.u_weights._447_/Y
 m.u_conv2.u_weights._448_/Y
 m.u_conv2.u_weights._449_/Y
 m.u_conv2.u_weights._450_/Y
 m.u_conv2.u_weights._451_/X
 m.u_conv2.u_weights._452_/Y
 m.u_conv2.u_weights._453_/Y
 m.u_conv2.u_weights._454_/Y
 m.u_conv2.u_weights._455_/Y
 m.u_conv2.u_weights._456_/Y
 m.u_conv2.u_weights._457_/Y
 m.u_conv2.u_weights._458_/Y
 m.u_conv2.u_weights._459_/X
 m.u_conv2.u_weights._460_/Y
 m.u_conv2.u_weights._461_/Y
 m.u_conv2.u_weights._462_/Y
 m.u_conv2.u_weights._463_/Y
 m.u_conv2.u_weights._464_/Y
 m.u_conv2.u_weights._465_/Y
 m.u_conv2.u_weights._466_/Y
 m.u_conv2.u_weights._467_/Y
 m.u_conv2.u_weights._468_/Y
 m.u_conv2.u_weights._469_/Y
 m.u_conv2.u_weights._470_/Y
 m.u_conv2.u_weights._471_/Y
 m.u_conv2.u_weights._472_/X
 m.u_conv2.u_weights._473_/Y
 m.u_conv2.u_weights._474_/Y
 m.u_conv2.u_weights._475_/X
 m.u_conv2.u_weights._476_/Y
 m.u_conv2.u_weights._477_/Y
 m.u_conv2.u_weights._478_/Y
 m.u_conv2.u_weights._479_/Y
 m.u_conv2.u_weights._480_/X
 m.u_conv2.u_weights._481_/Y
 m.u_conv2.u_weights._482_/Y
 m.u_conv2.u_weights._483_/Y
 m.u_conv2.u_weights._484_/Y
 m.u_conv2.u_weights._485_/Y
 m.u_conv2.u_weights._486_/Y
 m.u_conv2.u_weights._487_/Y
 m.u_conv2.u_weights._488_/X
 m.u_conv2.u_weights._489_/Y
 m.u_conv2.u_weights._490_/Y
 m.u_conv2.u_weights._491_/X
 m.u_conv2.u_weights._492_/Y
 m.u_conv2.u_weights._493_/Y
 m.u_conv2.u_weights._494_/Y
 m.u_conv2.u_weights._495_/Y
 m.u_conv2.u_weights._496_/Y
 m.u_conv2.u_weights._497_/Y
 m.u_conv2.u_weights._498_/Y
 m.u_conv2.u_weights._499_/Y
 m.u_conv2.u_weights._500_/Y
 m.u_conv2.u_weights._501_/Y
 m.u_conv2.u_weights._502_/Y
 m.u_conv2.u_weights._503_/Y
 m.u_conv2.u_weights._504_/Y
 m.u_conv2.u_weights._505_/X
 m.u_conv2.u_weights._506_/Y
 m.u_conv2.u_weights._507_/Y
 m.u_conv2.u_weights._508_/Y
 m.u_conv2.u_weights._509_/Y
 m.u_conv2.u_weights._510_/Y
 m.u_conv2.u_weights._511_/Y
 m.u_conv2.u_weights._512_/Y
 m.u_conv2.u_weights._513_/Y
 m.u_conv2.u_weights._514_/Y
 m.u_conv2.u_weights._515_/Y
 m.u_conv2.u_weights._516_/Y
 m.u_conv2.u_weights._517_/Y
 m.u_conv2.u_weights._518_/Y
 m.u_conv2.u_weights._519_/Y
 m.u_conv2.u_weights._520_/Y
 m.u_conv2.u_weights._521_/Y
 m.u_conv2.u_weights._522_/Y
 m.u_conv2.u_weights._523_/Y
 m.u_conv2.u_weights._524_/Y
 m.u_conv2.u_weights._525_/Y
 m.u_conv2.u_weights._526_/Y
 m.u_conv2.u_weights._527_/X
 m.u_conv2.u_weights._528_/Y
 m.u_conv2.u_weights._529_/Y
 m.u_conv2.u_weights._530_/Y
 m.u_conv2.u_weights._531_/Y
 m.u_conv2.u_weights._532_/Y
 m.u_conv2.u_weights._533_/Y
 m.u_conv2.u_weights._534_/Y
 m.u_conv2.u_weights._535_/Y
 m.u_conv2.u_weights._536_/Y
 m.u_conv2.u_weights._537_/X
 m.u_conv2.u_weights._538_/Y
 m.u_conv2.u_weights._539_/X
 m.u_conv2.u_weights._540_/Y
 m.u_conv2.u_weights._541_/Y
 m.u_conv2.u_weights._542_/Y
 m.u_conv2.u_weights._543_/Y
 m.u_conv2.u_weights._544_/Y
 m.u_conv2.u_weights._545_/Y
 m.u_conv2.u_weights._546_/Y
 m.u_conv2.u_weights._547_/X
 m.u_conv2.u_weights._548_/X
 m.u_conv2.u_weights._549_/Y
 m.u_conv2.u_weights._550_/Y
 m.u_conv2.u_weights._551_/Y
 m.u_conv2.u_weights._552_/Y
 m.u_conv2.u_weights._553_/Y
 m.u_conv2.u_weights._554_/Y
 m.u_conv2.u_weights._555_/Y
 m.u_conv2.u_weights._556_/Y
 m.u_conv2.u_weights._557_/Y
 m.u_conv2.u_weights._558_/X
 m.u_conv2.u_weights._559_/Y
 m.u_conv2.u_weights._560_/Y
 m.u_conv2.u_weights._561_/Y
 m.u_conv2.u_weights._562_/X
 m.u_conv2.u_weights._563_/Y
 m.u_conv2.u_weights._564_/Y
 m.u_conv2.u_weights._565_/Y
 m.u_conv2.u_weights._566_/Y
 m.u_conv2.u_weights._567_/Y
 m.u_conv2.u_weights._568_/Y
 m.u_conv2.u_weights._569_/Y
 m.u_conv2.u_weights._570_/Y
 m.u_conv2.u_weights._571_/Y
 m.u_conv2.u_weights._572_/Y
 m.u_conv2.u_weights._573_/Y
 m.u_conv2.u_weights._574_/Y
 m.u_conv2.u_weights._575_/Y
 m.u_conv2.u_weights._576_/Y
 m.u_conv2.u_weights._577_/X
 m.u_conv2.u_weights._578_/Y
 m.u_conv2.u_weights._579_/Y
 m.u_conv2.u_weights._580_/Y
 m.u_conv2.u_weights._581_/Y
 m.u_conv2.u_weights._582_/Y
 m.u_conv2.u_weights._583_/Y
 m.u_conv2.u_weights._584_/Y
 m.u_conv2.u_weights._585_/Y
 m.u_conv2.u_weights._586_/Y
 m.u_conv2.u_weights._587_/Y
 m.u_conv2.u_weights._588_/Y
 m.u_conv2.u_weights._589_/Y
 m.u_conv2.u_weights._590_/Y
 m.u_conv2.u_weights._591_/Y
 m.u_conv2.u_weights._592_/Y
 m.u_conv2.u_weights._593_/Y
 m.u_conv2.u_weights._594_/Y
 m.u_conv2.u_weights._595_/Y
 m.u_conv2.u_weights._596_/Y
 m.u_conv2.u_weights._597_/X
 m.u_conv2.u_weights._598_/Y
 m.u_conv2.u_weights._599_/Y
 m.u_conv2.u_weights._600_/Y
 m.u_conv2.u_weights._601_/Y
 m.u_conv2.u_weights._602_/X
 m.u_conv2.u_weights._603_/Y
 m.u_conv2.u_weights._604_/Y
 m.u_conv2.u_weights._605_/Y
 m.u_conv2.u_weights._606_/Y
 m.u_conv2.u_weights._607_/Y
 m.u_conv2.u_weights._608_/Y
 m.u_conv2.u_weights._609_/Y
 m.u_conv2.u_weights._610_/Y
 m.u_conv2.u_weights._611_/Y
 m.u_conv2.u_weights._612_/Y
 m.u_conv2.u_weights._613_/Y
 m.u_conv2.u_weights._614_/Y
 m.u_conv2.u_weights._615_/Y
 m.u_conv2.u_weights._616_/Y
 m.u_conv2.u_weights._617_/Y
 m.u_conv2.u_weights._618_/Y
 m.u_conv2.u_weights._619_/Y
 m.u_conv2.u_weights._620_/Y
 m.u_conv2.u_weights._621_/Y
 m.u_conv2.u_weights._622_/Y
 m.u_conv2.u_weights._623_/Y
 m.u_conv2.u_weights._624_/X
 m.u_conv2.u_weights._625_/Y
 m.u_conv2.u_weights._626_/Y
 m.u_conv2.u_weights._627_/Y
 m.u_conv2.u_weights._628_/X
 m.u_conv2.u_weights._629_/Y
 m.u_conv2.u_weights._630_/X
 m.u_conv2.u_weights._631_/Y
 m.u_conv2.u_weights._632_/Y
 m.u_conv2.u_weights._633_/Y
 m.u_conv2.u_weights._634_/Y
 m.u_conv2.u_weights._635_/Y
 m.u_conv2.u_weights._636_/Y
 m.u_conv2.u_weights._637_/Y
 m.u_conv2.u_weights._638_/Y
 m.u_conv2.u_weights._639_/Y
 m.u_conv2.u_weights._640_/Y
 m.u_conv2.u_weights._641_/Y
 m.u_conv2.u_weights._642_/Y
 m.u_conv2.u_weights._643_/Y
 m.u_conv2.u_weights._644_/Y
 m.u_conv2.u_weights._645_/Y
 m.u_conv2.u_weights._646_/X
 m.u_conv2.u_weights._647_/Y
 m.u_conv2.u_weights._648_/Y
 m.u_conv2.u_weights._649_/Y
 m.u_conv2.u_weights._650_/X
 m.u_conv2.u_weights._651_/Y
 m.u_conv2.u_weights._652_/X
 m.u_conv2.u_weights._653_/Y
 m.u_conv2.u_weights._654_/Y
 m.u_conv2.u_weights._655_/Y
 m.u_conv2.u_weights._656_/Y
 m.u_conv2.u_weights._657_/Y
 m.u_conv2.u_weights._658_/Y
 m.u_conv2.u_weights._659_/X
 m.u_conv2.u_weights._660_/Y
 m.u_conv2.u_weights._661_/Y
 m.u_conv2.u_weights._662_/Y
 m.u_conv2.u_weights._663_/Y
 m.u_conv2.u_weights._664_/Y
 m.u_conv2.u_weights._665_/Y
 m.u_conv2.u_weights._666_/Y
 m.u_conv2.u_weights._667_/Y
 m.u_conv2.u_weights._668_/X
 m.u_conv2.u_weights._669_/Y
 m.u_conv2.u_weights._670_/Y
 m.u_conv2.u_weights._671_/X
 m.u_conv2.u_weights._672_/X
 m.u_conv2.u_weights._673_/X
 m.u_conv2.u_weights._674_/Y
 m.u_conv2.u_weights._675_/Y
 m.u_conv2.u_weights._676_/Y
 m.u_conv2.u_weights._677_/Y
 m.u_conv2.u_weights._678_/Y
 m.u_conv2.u_weights._679_/Y
 m.u_conv2.u_weights._680_/Y
 m.u_conv2.u_weights._681_/Y
 m.u_conv2.u_weights._682_/Y
 m.u_conv2.u_weights._683_/X
 m.u_conv2.u_weights._684_/Y
 m.u_conv2.u_weights._685_/X
 m.u_conv2.u_weights._686_/Y
 m.u_conv2.u_weights._687_/Y
 m.u_conv2.u_weights._688_/Y
 m.u_conv2.u_weights._689_/Y
 m.u_conv2.u_weights._690_/Y
 m.u_conv2.u_weights._691_/Y
 m.u_conv2.u_weights._692_/Y
 m.u_conv2.u_weights._693_/X
 m.u_conv2.u_weights._694_/Y
 m.u_conv2.u_weights._695_/Y
 m.u_conv2.u_weights._696_/Y
 m.u_conv2.u_weights._697_/Y
 m.u_conv2.u_weights._698_/Y
 m.u_conv2.u_weights._699_/Y
 m.u_conv2.u_weights._700_/Y
 m.u_conv2.u_weights._701_/Y
 m.u_conv2.u_weights._702_/Y
 m.u_conv2.u_weights._703_/Y
 m.u_conv2.u_weights._704_/X
 m.u_conv2.u_weights._705_/Y
 m.u_conv2.u_weights._706_/X
 m.u_conv2.u_weights._707_/X
 m.u_conv2.u_weights._708_/Y
 m.u_conv2.u_weights._709_/Y
 m.u_conv2.u_weights._710_/Y
 m.u_conv2.u_weights._711_/X
 m.u_conv2.u_weights._712_/X
 m.u_conv2.u_weights._713_/Y
 m.u_conv2.u_weights._714_/X
 m.u_conv2.u_weights._715_/X
 m.u_conv2.u_weights._716_/Y
 m.u_conv2.u_weights._717_/Y
 m.u_conv2.u_weights._718_/X
 m.u_conv2.u_weights._719_/X
 m.u_conv2.u_weights._720_/X
 m.u_conv2.u_weights._721_/Y
 m.u_conv2.u_weights._722_/X
 m.u_conv2.u_weights._723_/X
 m.u_conv2.u_weights._724_/Y
 m.u_conv2.u_weights._725_/Y
 m.u_conv2.u_weights._726_/X
 m.u_conv2.u_weights._727_/Y
 m.u_conv2.u_weights._728_/Y
 m.u_conv2.u_weights._729_/Y
 m.u_conv2.u_weights._730_/Y
 m.u_conv2.u_weights._731_/Y
 m.u_conv2.u_weights._732_/Y
 m.u_conv2.u_weights._733_/Y
 m.u_conv2.u_weights._734_/Y
 m.u_conv2.u_weights._735_/Y
 m.u_conv2.u_weights._736_/Y
 m.u_conv2.u_weights._737_/Y
 m.u_conv2.u_weights._738_/Y
 m.u_conv2.u_weights._739_/Y
 m.u_conv2.u_weights._740_/Y
 m.u_conv2.u_weights._741_/X
 m.u_conv2.u_weights._742_/X
 m.u_conv2.u_weights._743_/Y
 m.u_conv2.u_weights._744_/Y
 m.u_conv2.u_weights._745_/Y
 m.u_conv2.u_weights._746_/Y
 m.u_conv2.u_weights._747_/Y
 m.u_conv2.u_weights._748_/Y
 m.u_conv2.u_weights._749_/X
 m.u_conv2.u_weights._750_/X
 m.u_conv2.u_weights._751_/Y
 m.u_conv2.u_weights._752_/X
 m.u_conv2.u_weights._753_/X
 m.u_conv2.u_weights._754_/Y
 m.u_conv2.u_weights._755_/Y
 m.u_conv2.u_weights._756_/X
 m.u_conv2.u_weights._757_/X
 m.u_conv2.u_weights._758_/X
 m.u_conv2.u_weights._759_/Y
 m.u_conv2.u_weights._760_/X
 m.u_conv2.u_weights._761_/X
 m.u_conv2.u_weights._762_/Y
 m.u_conv2.u_weights._763_/Y
 m.u_conv2.u_weights._764_/X
 m.u_conv2.u_weights._765_/Y
 m.u_conv2.u_weights._766_/Y
 m.u_conv2.u_weights._767_/Y
 m.u_conv2.u_weights._768_/Y
 m.u_conv2.u_weights._769_/Y
 m.u_conv2.u_weights._770_/Y
 m.u_conv2.u_weights._771_/Y
 m.u_conv2.u_weights._772_/Y
 m.u_conv2.u_weights._773_/Y
 m.u_conv2.u_weights._774_/Y
 m.u_conv2.u_weights._775_/Y
 m.u_conv2.u_weights._776_/Y
 m.u_conv2.u_weights._777_/Y
 m.u_conv2.u_weights._778_/Y
 m.u_conv2.u_weights._779_/X
 m.u_conv2.u_weights._780_/X
 m.u_conv2.u_weights._781_/Y
 m.u_conv2.u_weights._782_/Y
 m.u_conv2.u_weights._783_/Y
 m.u_conv2.u_weights._784_/Y
 m.u_conv2.u_weights._785_/Y
 m.u_conv2.u_weights._786_/Y
 m.u_conv2.u_weights._787_/X
 m.u_conv2.u_weights._788_/X
 m.u_conv2.u_weights._789_/Y
 m.u_conv2.u_weights._790_/Y
 m.u_conv2.u_weights._791_/X
 m.u_conv2.u_weights._792_/Y
 m.u_conv2.u_weights._793_/Y
 m.u_conv2.u_weights._794_/Y
 m.u_conv2.u_weights._795_/X
 m.u_conv2.u_weights._796_/Y
 m.u_conv2.u_weights._797_/X
 m.u_conv2.u_weights._798_/Y
 m.u_conv2.u_weights._799_/X
 m.u_conv2.u_weights._800_/X
 m.u_conv2.u_weights._801_/Y
 m.u_conv2.u_weights._802_/X
 m.u_conv2.u_weights._803_/X
 m.u_conv2.u_weights._804_/X
 m.u_conv2.u_weights._805_/X
 m.u_conv2.u_weights._806_/Y
 m.u_conv2.u_weights._807_/X
 m.u_conv2.u_weights._808_/Y
 m.u_conv2.u_weights._809_/Y
 m.u_conv2.u_weights._810_/Y
 m.u_conv2.u_weights._811_/Y
 m.u_conv2.u_weights._812_/Y
 m.u_conv2.u_weights._813_/Y
 m.u_conv2.u_weights._814_/Y
 m.u_conv2.u_weights._815_/Y
 m.u_conv2.u_weights._816_/Y
 m.u_conv2.u_weights._817_/Y
 m.u_conv2.u_weights._818_/X
 m.u_conv2.u_weights._819_/Y
 m.u_conv2.u_weights._820_/X
 m.u_conv2.u_weights._821_/X
 m.u_conv2.u_weights._822_/L_LO
 m.u_conv2.u_weights._823_/L_LO
 m.u_conv2.u_weights._824_/L_LO
 m.u_conv2.u_weights._825_/L_LO
 m.u_conv3._250_/Y
 m.u_conv3._251_/Y
 m.u_conv3._252_/Y
 m.u_conv3._253_/Y
 m.u_conv3._254_/Y
 m.u_conv3._255_/Y
 m.u_conv3._256_/Y
 m.u_conv3._257_/Y
 m.u_conv3._258_/Y
 m.u_conv3._259_/Y
 m.u_conv3._260_/Y
 m.u_conv3._261_/Y
 m.u_conv3._262_/Y
 m.u_conv3._263_/Y
 m.u_conv3._264_/Y
 m.u_conv3._265_/Y
 m.u_conv3._266_/Y
 m.u_conv3._267_/Y
 m.u_conv3._268_/Y
 m.u_conv3._269_/Y
 m.u_conv3._270_/Y
 m.u_conv3._271_/Y
 m.u_conv3._272_/Y
 m.u_conv3._273_/Y
 m.u_conv3._274_/X
 m.u_conv3._275_/Y
 m.u_conv3._276_/X
 m.u_conv3._277_/Y
 m.u_conv3._278_/Y
 m.u_conv3._279_/X
 m.u_conv3._280_/Y
 m.u_conv3._281_/Y
 m.u_conv3._282_/Y
 m.u_conv3._283_/Y
 m.u_conv3._284_/Y
 m.u_conv3._285_/Y
 m.u_conv3._286_/Y
 m.u_conv3._287_/Y
 m.u_conv3._288_/Y
 m.u_conv3._289_/Y
 m.u_conv3._290_/Y
 m.u_conv3._291_/Y
 m.u_conv3._292_/Y
 m.u_conv3._293_/Y
 m.u_conv3._294_/X
 m.u_conv3._295_/X
 m.u_conv3._296_/Y
 m.u_conv3._297_/Y
 m.u_conv3._298_/X
 m.u_conv3._299_/Y
 m.u_conv3._300_/Y
 m.u_conv3._301_/Y
 m.u_conv3._302_/X
 m.u_conv3._303_/Y
 m.u_conv3._304_/Y
 m.u_conv3._305_/Y
 m.u_conv3._306_/X
 m.u_conv3._307_/Y
 m.u_conv3._308_/Y
 m.u_conv3._309_/Y
 m.u_conv3._310_/Y
 m.u_conv3._311_/Y
 m.u_conv3._312_/Y
 m.u_conv3._313_/Y
 m.u_conv3._314_/Y
 m.u_conv3._315_/Y
 m.u_conv3._316_/Y
 m.u_conv3._317_/Y
 m.u_conv3._318_/X
 m.u_conv3._319_/Y
 m.u_conv3._320_/Y
 m.u_conv3._321_/Y
 m.u_conv3._322_/X
 m.u_conv3._323_/Y
 m.u_conv3._324_/Y
 m.u_conv3._325_/Y
 m.u_conv3._326_/Y
 m.u_conv3._327_/X
 m.u_conv3._328_/Y
 m.u_conv3._329_/Y
 m.u_conv3._330_/Y
 m.u_conv3._331_/X
 m.u_conv3._332_/Y
 m.u_conv3._333_/Y
 m.u_conv3._334_/Y
 m.u_conv3._335_/Y
 m.u_conv3._336_/X
 m.u_conv3._337_/Y
 m.u_conv3._338_/Y
 m.u_conv3._339_/Y
 m.u_conv3._340_/X
 m.u_conv3._341_/Y
 m.u_conv3._342_/Y
 m.u_conv3._343_/Y
 m.u_conv3._344_/Y
 m.u_conv3._345_/X
 m.u_conv3._346_/Y
 m.u_conv3._347_/X
 m.u_conv3._348_/Y
 m.u_conv3._349_/Y
 m.u_conv3._350_/Y
 m.u_conv3._351_/Y
 m.u_conv3._352_/Y
 m.u_conv3._353_/Y
 m.u_conv3._354_/Y
 m.u_conv3._355_/Y
 m.u_conv3._356_/X
 m.u_conv3._357_/Y
 m.u_conv3._358_/X
 m.u_conv3._359_/Y
 m.u_conv3._360_/Y
 m.u_conv3._361_/Y
 m.u_conv3._362_/Y
 m.u_conv3._363_/Y
 m.u_conv3._364_/Y
 m.u_conv3._365_/Y
 m.u_conv3._366_/Y
 m.u_conv3._367_/X
 m.u_conv3._368_/Y
 m.u_conv3._369_/Y
 m.u_conv3._370_/Y
 m.u_conv3._371_/Y
 m.u_conv3._372_/Y
 m.u_conv3._373_/Y
 m.u_conv3._374_/Y
 m.u_conv3._375_/Y
 m.u_conv3._376_/X
 m.u_conv3._377_/Y
 m.u_conv3._378_/Y
 m.u_conv3._379_/Y
 m.u_conv3._380_/X
 m.u_conv3._381_/Y
 m.u_conv3._382_/X
 m.u_conv3._383_/X
 m.u_conv3._384_/Y
 m.u_conv3._385_/Y
 m.u_conv3._386_/X
 m.u_conv3._387_/Y
 m.u_conv3._388_/Y
 m.u_conv3._389_/Y
 m.u_conv3._390_/X
 m.u_conv3._391_/Y
 m.u_conv3._392_/Y
 m.u_conv3._393_/Y
 m.u_conv3._394_/X
 m.u_conv3._395_/Y
 m.u_conv3._396_/Y
 m.u_conv3._397_/Y
 m.u_conv3._398_/X
 m.u_conv3._399_/Y
 m.u_conv3._400_/Y
 m.u_conv3._401_/Y
 m.u_conv3._402_/X
 m.u_conv3._403_/Y
 m.u_conv3._404_/Y
 m.u_conv3._405_/Y
 m.u_conv3._406_/X
 m.u_conv3._407_/Y
 m.u_conv3._408_/Y
 m.u_conv3._409_/Y
 m.u_conv3._410_/X
 m.u_conv3._411_/Y
 m.u_conv3._412_/Y
 m.u_conv3._413_/Y
 m.u_conv3._414_/X
 m.u_conv3._415_/Y
 m.u_conv3._416_/Y
 m.u_conv3._417_/Y
 m.u_conv3._418_/Y
 m.u_conv3._419_/X
 m.u_conv3._420_/X
 m.u_conv3._421_/X
 m.u_conv3._422_/X
 m.u_conv3._423_/X
 m.u_conv3._424_/X
 m.u_conv3._425_/X
 m.u_conv3._426_/X
 m.u_conv3._427_/Y
 m.u_conv3._428_/X
 m.u_conv3._429_/X
 m.u_conv3._430_/X
 m.u_conv3._431_/X
 m.u_conv3._432_/X
 m.u_conv3._433_/X
 m.u_conv3._434_/X
 m.u_conv3._435_/X
 m.u_conv3._436_/Y
 m.u_conv3._437_/Y
 m.u_conv3._438_/Y
 m.u_conv3._439_/Y
 m.u_conv3._440_/Y
 m.u_conv3._441_/Y
 m.u_conv3._442_/Y
 m.u_conv3._443_/Y
 m.u_conv3._444_/Y
 m.u_conv3._445_/Y
 m.u_conv3._446_/Y
 m.u_conv3._447_/Y
 m.u_conv3._448_/Y
 m.u_conv3._449_/Y
 m.u_conv3._450_/Y
 m.u_conv3._451_/Y
 m.u_conv3._452_/Y
 m.u_conv3._453_/Y
 m.u_conv3._454_/X
 m.u_conv3._455_/X
 m.u_conv3._456_/X
 m.u_conv3._457_/X
 m.u_conv3._458_/X
 m.u_conv3._459_/X
 m.u_conv3._460_/X
 m.u_conv3._461_/X
 m.u_conv3._462_/Y
 m.u_conv3._463_/Y
 m.u_conv3._464_/Y
 m.u_conv3._465_/Y
 m.u_conv3._466_/Y
 m.u_conv3._467_/Y
 m.u_conv3._468_/Y
 m.u_conv3._469_/Y
 m.u_conv3._470_/Y
 m.u_conv3._471_/Y
 m.u_conv3._472_/Y
 m.u_conv3._473_/Y
 m.u_conv3._474_/Y
 m.u_conv3._475_/Y
 m.u_conv3._476_/Y
 m.u_conv3._477_/Y
 m.u_conv3._478_/Y
 m.u_conv3._479_/Y
 m.u_conv3._480_/Y
 m.u_conv3._481_/Y
 m.u_conv3._482_/Y
 m.u_conv3._483_/Y
 m.u_conv3._484_/Y
 m.u_conv3._485_/Y
 m.u_conv3._486_/Y
 m.u_conv3._487_/Y
 m.u_conv3._488_/Y
 m.u_conv3._489_/Y
 m.u_conv3._490_/Y
 m.u_conv3._491_/Y
 m.u_conv3._492_/Y
 m.u_conv3._493_/Y
 m.u_conv3._494_/Y
 m.u_conv3._495_/Y
 m.u_conv3._496_/Y
 m.u_conv3._497_/Y
 m.u_conv3._498_/Y
 m.u_conv3._499_/Y
 m.u_conv3._500_/Y
 m.u_conv3._501_/Y
 m.u_conv3._502_/Y
 m.u_conv3._503_/Y
 m.u_conv3._504_/Y
 m.u_conv3._505_/Y
 m.u_conv3._506_/Y
 m.u_conv3._507_/Y
 m.u_conv3._508_/Y
 m.u_conv3._509_/Y
 m.u_conv3._510_/Y
 m.u_conv3._511_/Y
 m.u_conv3._512_/Y
 m.u_conv3._513_/Q
 m.u_conv3._514_/Q
 m.u_conv3._515_/Q
 m.u_conv3._516_/Q
 m.u_conv3._517_/Q
 m.u_conv3._518_/Q
 m.u_conv3._519_/Q
 m.u_conv3._520_/Q
 m.u_conv3._521_/Q
 m.u_conv3._522_/Q
 m.u_conv3._523_/Q
 m.u_conv3._524_/Q
 m.u_conv3._525_/Q
 m.u_conv3._526_/Q
 m.u_conv3._527_/Q
 m.u_conv3._528_/Q
 m.u_conv3._529_/Q
 m.u_conv3._530_/Q
 m.u_conv3._531_/Q
 m.u_conv3._532_/Q
 m.u_conv3._533_/Q
 m.u_conv3._534_/Q
 m.u_conv3._535_/Q
 m.u_conv3._536_/Q
 m.u_conv3._537_/Q
 m.u_conv3._538_/Q
 m.u_conv3._539_/Q
 m.u_conv3._540_/Q
 m.u_conv3._541_/Q
 m.u_conv3._542_/Q
 m.u_conv3._543_/Q
 m.u_conv3._544_/Q
 m.u_conv3._545_/Q
 m.u_conv3._546_/Q
 m.u_conv3._547_/Q
 m.u_conv3._548_/Q
 m.u_conv3._549_/Q
 m.u_conv3._550_/Q
 m.u_conv3._551_/Q
 m.u_conv3._552_/Q
 m.u_conv3._553_/Q
 m.u_conv3._554_/Q
 m.u_conv3._555_/Q
 m.u_conv3._556_/Q
 m.u_conv3._557_/Q
 m.u_conv3._558_/Q
 m.u_conv3._559_/Q
 m.u_conv3._560_/Q
 m.u_conv3._561_/Q
 m.u_conv3._562_/Q
 m.u_conv3._563_/Q
 m.u_conv3._564_/Q
 m.u_conv3._565_/Q
 m.u_conv3._566_/Q
 m.u_conv3._567_/Q
 m.u_conv3._568_/Q
 m.u_conv3._569_/Q
 m.u_conv3._570_/Q
 m.u_conv3._571_/Q
 m.u_conv3._572_/Q
 m.u_conv3._573_/Q
 m.u_conv3._574_/Q
 m.u_conv3._575_/Q
 m.u_conv3._576_/Q
 m.u_conv3._577_/Q
 m.u_conv3._578_/Q
 m.u_conv3._579_/Q
 m.u_conv3._580_/Q
 m.u_conv3._581_/Q
 m.u_conv3._582_/Q
 m.u_conv3._583_/Q
 m.u_conv3._584_/Q
 m.u_conv3._585_/X
 m.u_conv3._586_/X
 m.u_conv3._587_/X
 m.u_conv3._588_/X
 m.u_conv3._589_/X
 m.u_conv3._590_/X
 m.u_conv3._591_/X
 m.u_conv3._592_/X
 m.u_conv3._593_/X
 m.u_conv3._594_/X
 m.u_conv3._595_/X
 m.u_conv3._596_/X
 m.u_conv3.u_weights._15768_/Y
 m.u_conv3.u_weights._15769_/Y
 m.u_conv3.u_weights._15770_/Y
 m.u_conv3.u_weights._15771_/Y
 m.u_conv3.u_weights._15772_/Y
 m.u_conv3.u_weights._15773_/Y
 m.u_conv3.u_weights._15774_/Y
 m.u_conv3.u_weights._15775_/Y
 m.u_conv3.u_weights._15776_/Y
 m.u_conv3.u_weights._15777_/Y
 m.u_conv3.u_weights._15778_/Y
 m.u_conv3.u_weights._15779_/Y
 m.u_conv3.u_weights._15780_/Y
 m.u_conv3.u_weights._15781_/Y
 m.u_conv3.u_weights._15782_/Y
 m.u_conv3.u_weights._15783_/Y
 m.u_conv3.u_weights._15784_/Y
 m.u_conv3.u_weights._15785_/Y
 m.u_conv3.u_weights._15786_/Y
 m.u_conv3.u_weights._15787_/Y
 m.u_conv3.u_weights._15788_/Y
 m.u_conv3.u_weights._15789_/Y
 m.u_conv3.u_weights._15790_/Y
 m.u_conv3.u_weights._15791_/Y
 m.u_conv3.u_weights._15792_/Y
 m.u_conv3.u_weights._15793_/Y
 m.u_conv3.u_weights._15794_/Y
 m.u_conv3.u_weights._15795_/Y
 m.u_conv3.u_weights._15796_/Y
 m.u_conv3.u_weights._15797_/Y
 m.u_conv3.u_weights._15798_/Y
 m.u_conv3.u_weights._15799_/Y
 m.u_conv3.u_weights._15800_/Y
 m.u_conv3.u_weights._15801_/Y
 m.u_conv3.u_weights._15802_/Y
 m.u_conv3.u_weights._15803_/Y
 m.u_conv3.u_weights._15804_/Y
 m.u_conv3.u_weights._15805_/Y
 m.u_conv3.u_weights._15806_/Y
 m.u_conv3.u_weights._15807_/Y
 m.u_conv3.u_weights._15808_/Y
 m.u_conv3.u_weights._15809_/Y
 m.u_conv3.u_weights._15810_/Y
 m.u_conv3.u_weights._15811_/Y
 m.u_conv3.u_weights._15812_/Y
 m.u_conv3.u_weights._15813_/Y
 m.u_conv3.u_weights._15814_/Y
 m.u_conv3.u_weights._15815_/Y
 m.u_conv3.u_weights._15816_/Y
 m.u_conv3.u_weights._15817_/Y
 m.u_conv3.u_weights._15818_/Y
 m.u_conv3.u_weights._15819_/Y
 m.u_conv3.u_weights._15820_/Y
 m.u_conv3.u_weights._15821_/Y
 m.u_conv3.u_weights._15822_/Y
 m.u_conv3.u_weights._15823_/Y
 m.u_conv3.u_weights._15824_/Y
 m.u_conv3.u_weights._15825_/Y
 m.u_conv3.u_weights._15826_/Y
 m.u_conv3.u_weights._15827_/Y
 m.u_conv3.u_weights._15828_/Y
 m.u_conv3.u_weights._15829_/Y
 m.u_conv3.u_weights._15830_/X
 m.u_conv3.u_weights._15831_/Y
 m.u_conv3.u_weights._15832_/Y
 m.u_conv3.u_weights._15833_/Y
 m.u_conv3.u_weights._15834_/Y
 m.u_conv3.u_weights._15835_/X
 m.u_conv3.u_weights._15836_/Y
 m.u_conv3.u_weights._15837_/Y
 m.u_conv3.u_weights._15838_/Y
 m.u_conv3.u_weights._15839_/Y
 m.u_conv3.u_weights._15840_/Y
 m.u_conv3.u_weights._15841_/Y
 m.u_conv3.u_weights._15842_/Y
 m.u_conv3.u_weights._15843_/Y
 m.u_conv3.u_weights._15844_/Y
 m.u_conv3.u_weights._15845_/Y
 m.u_conv3.u_weights._15846_/Y
 m.u_conv3.u_weights._15847_/Y
 m.u_conv3.u_weights._15848_/Y
 m.u_conv3.u_weights._15849_/Y
 m.u_conv3.u_weights._15850_/X
 m.u_conv3.u_weights._15851_/Y
 m.u_conv3.u_weights._15852_/Y
 m.u_conv3.u_weights._15853_/Y
 m.u_conv3.u_weights._15854_/Y
 m.u_conv3.u_weights._15855_/Y
 m.u_conv3.u_weights._15856_/X
 m.u_conv3.u_weights._15857_/Y
 m.u_conv3.u_weights._15858_/Y
 m.u_conv3.u_weights._15859_/Y
 m.u_conv3.u_weights._15860_/Y
 m.u_conv3.u_weights._15861_/Y
 m.u_conv3.u_weights._15862_/Y
 m.u_conv3.u_weights._15863_/Y
 m.u_conv3.u_weights._15864_/Y
 m.u_conv3.u_weights._15865_/Y
 m.u_conv3.u_weights._15866_/Y
 m.u_conv3.u_weights._15867_/Y
 m.u_conv3.u_weights._15868_/Y
 m.u_conv3.u_weights._15869_/Y
 m.u_conv3.u_weights._15870_/Y
 m.u_conv3.u_weights._15871_/X
 m.u_conv3.u_weights._15872_/Y
 m.u_conv3.u_weights._15873_/Y
 m.u_conv3.u_weights._15874_/X
 m.u_conv3.u_weights._15875_/Y
 m.u_conv3.u_weights._15876_/Y
 m.u_conv3.u_weights._15877_/Y
 m.u_conv3.u_weights._15878_/Y
 m.u_conv3.u_weights._15879_/Y
 m.u_conv3.u_weights._15880_/X
 m.u_conv3.u_weights._15881_/Y
 m.u_conv3.u_weights._15882_/X
 m.u_conv3.u_weights._15883_/Y
 m.u_conv3.u_weights._15884_/Y
 m.u_conv3.u_weights._15885_/Y
 m.u_conv3.u_weights._15886_/Y
 m.u_conv3.u_weights._15887_/Y
 m.u_conv3.u_weights._15888_/Y
 m.u_conv3.u_weights._15889_/Y
 m.u_conv3.u_weights._15890_/Y
 m.u_conv3.u_weights._15891_/Y
 m.u_conv3.u_weights._15892_/Y
 m.u_conv3.u_weights._15893_/Y
 m.u_conv3.u_weights._15894_/X
 m.u_conv3.u_weights._15895_/Y
 m.u_conv3.u_weights._15896_/Y
 m.u_conv3.u_weights._15897_/Y
 m.u_conv3.u_weights._15898_/Y
 m.u_conv3.u_weights._15899_/Y
 m.u_conv3.u_weights._15900_/Y
 m.u_conv3.u_weights._15901_/X
 m.u_conv3.u_weights._15902_/X
 m.u_conv3.u_weights._15903_/X
 m.u_conv3.u_weights._15904_/X
 m.u_conv3.u_weights._15905_/Y
 m.u_conv3.u_weights._15906_/X
 m.u_conv3.u_weights._15907_/Y
 m.u_conv3.u_weights._15908_/Y
 m.u_conv3.u_weights._15909_/Y
 m.u_conv3.u_weights._15910_/X
 m.u_conv3.u_weights._15911_/X
 m.u_conv3.u_weights._15912_/Y
 m.u_conv3.u_weights._15913_/Y
 m.u_conv3.u_weights._15914_/Y
 m.u_conv3.u_weights._15915_/Y
 m.u_conv3.u_weights._15916_/Y
 m.u_conv3.u_weights._15917_/Y
 m.u_conv3.u_weights._15918_/Y
 m.u_conv3.u_weights._15919_/Y
 m.u_conv3.u_weights._15920_/Y
 m.u_conv3.u_weights._15921_/Y
 m.u_conv3.u_weights._15922_/Y
 m.u_conv3.u_weights._15923_/Y
 m.u_conv3.u_weights._15924_/Y
 m.u_conv3.u_weights._15925_/Y
 m.u_conv3.u_weights._15926_/X
 m.u_conv3.u_weights._15927_/Y
 m.u_conv3.u_weights._15928_/X
 m.u_conv3.u_weights._15929_/Y
 m.u_conv3.u_weights._15930_/X
 m.u_conv3.u_weights._15931_/Y
 m.u_conv3.u_weights._15932_/Y
 m.u_conv3.u_weights._15933_/Y
 m.u_conv3.u_weights._15934_/Y
 m.u_conv3.u_weights._15935_/Y
 m.u_conv3.u_weights._15936_/Y
 m.u_conv3.u_weights._15937_/Y
 m.u_conv3.u_weights._15938_/Y
 m.u_conv3.u_weights._15939_/Y
 m.u_conv3.u_weights._15940_/Y
 m.u_conv3.u_weights._15941_/Y
 m.u_conv3.u_weights._15942_/Y
 m.u_conv3.u_weights._15943_/Y
 m.u_conv3.u_weights._15944_/Y
 m.u_conv3.u_weights._15945_/Y
 m.u_conv3.u_weights._15946_/Y
 m.u_conv3.u_weights._15947_/Y
 m.u_conv3.u_weights._15948_/Y
 m.u_conv3.u_weights._15949_/Y
 m.u_conv3.u_weights._15950_/Y
 m.u_conv3.u_weights._15951_/Y
 m.u_conv3.u_weights._15952_/Y
 m.u_conv3.u_weights._15953_/Y
 m.u_conv3.u_weights._15954_/Y
 m.u_conv3.u_weights._15955_/Y
 m.u_conv3.u_weights._15956_/Y
 m.u_conv3.u_weights._15957_/Y
 m.u_conv3.u_weights._15958_/Y
 m.u_conv3.u_weights._15959_/Y
 m.u_conv3.u_weights._15960_/Y
 m.u_conv3.u_weights._15961_/Y
 m.u_conv3.u_weights._15962_/Y
 m.u_conv3.u_weights._15963_/Y
 m.u_conv3.u_weights._15964_/X
 m.u_conv3.u_weights._15965_/Y
 m.u_conv3.u_weights._15966_/Y
 m.u_conv3.u_weights._15967_/Y
 m.u_conv3.u_weights._15968_/Y
 m.u_conv3.u_weights._15969_/X
 m.u_conv3.u_weights._15970_/Y
 m.u_conv3.u_weights._15971_/Y
 m.u_conv3.u_weights._15972_/Y
 m.u_conv3.u_weights._15973_/Y
 m.u_conv3.u_weights._15974_/X
 m.u_conv3.u_weights._15975_/Y
 m.u_conv3.u_weights._15976_/Y
 m.u_conv3.u_weights._15977_/X
 m.u_conv3.u_weights._15978_/X
 m.u_conv3.u_weights._15979_/Y
 m.u_conv3.u_weights._15980_/Y
 m.u_conv3.u_weights._15981_/Y
 m.u_conv3.u_weights._15982_/Y
 m.u_conv3.u_weights._15983_/Y
 m.u_conv3.u_weights._15984_/Y
 m.u_conv3.u_weights._15985_/Y
 m.u_conv3.u_weights._15986_/Y
 m.u_conv3.u_weights._15987_/Y
 m.u_conv3.u_weights._15988_/Y
 m.u_conv3.u_weights._15989_/X
 m.u_conv3.u_weights._15990_/Y
 m.u_conv3.u_weights._15991_/X
 m.u_conv3.u_weights._15992_/Y
 m.u_conv3.u_weights._15993_/X
 m.u_conv3.u_weights._15994_/Y
 m.u_conv3.u_weights._15995_/Y
 m.u_conv3.u_weights._15996_/Y
 m.u_conv3.u_weights._15997_/Y
 m.u_conv3.u_weights._15998_/Y
 m.u_conv3.u_weights._15999_/X
 m.u_conv3.u_weights._16000_/Y
 m.u_conv3.u_weights._16001_/Y
 m.u_conv3.u_weights._16002_/Y
 m.u_conv3.u_weights._16003_/X
 m.u_conv3.u_weights._16004_/Y
 m.u_conv3.u_weights._16005_/Y
 m.u_conv3.u_weights._16006_/Y
 m.u_conv3.u_weights._16007_/Y
 m.u_conv3.u_weights._16008_/Y
 m.u_conv3.u_weights._16009_/Y
 m.u_conv3.u_weights._16010_/Y
 m.u_conv3.u_weights._16011_/X
 m.u_conv3.u_weights._16012_/Y
 m.u_conv3.u_weights._16013_/Y
 m.u_conv3.u_weights._16014_/Y
 m.u_conv3.u_weights._16015_/X
 m.u_conv3.u_weights._16016_/Y
 m.u_conv3.u_weights._16017_/Y
 m.u_conv3.u_weights._16018_/Y
 m.u_conv3.u_weights._16019_/Y
 m.u_conv3.u_weights._16020_/Y
 m.u_conv3.u_weights._16021_/Y
 m.u_conv3.u_weights._16022_/Y
 m.u_conv3.u_weights._16023_/Y
 m.u_conv3.u_weights._16024_/Y
 m.u_conv3.u_weights._16025_/Y
 m.u_conv3.u_weights._16026_/Y
 m.u_conv3.u_weights._16027_/Y
 m.u_conv3.u_weights._16028_/Y
 m.u_conv3.u_weights._16029_/Y
 m.u_conv3.u_weights._16030_/Y
 m.u_conv3.u_weights._16031_/Y
 m.u_conv3.u_weights._16032_/Y
 m.u_conv3.u_weights._16033_/Y
 m.u_conv3.u_weights._16034_/Y
 m.u_conv3.u_weights._16035_/Y
 m.u_conv3.u_weights._16036_/Y
 m.u_conv3.u_weights._16037_/X
 m.u_conv3.u_weights._16038_/Y
 m.u_conv3.u_weights._16039_/X
 m.u_conv3.u_weights._16040_/Y
 m.u_conv3.u_weights._16041_/Y
 m.u_conv3.u_weights._16042_/Y
 m.u_conv3.u_weights._16043_/Y
 m.u_conv3.u_weights._16044_/Y
 m.u_conv3.u_weights._16045_/X
 m.u_conv3.u_weights._16046_/Y
 m.u_conv3.u_weights._16047_/Y
 m.u_conv3.u_weights._16048_/Y
 m.u_conv3.u_weights._16049_/X
 m.u_conv3.u_weights._16050_/Y
 m.u_conv3.u_weights._16051_/Y
 m.u_conv3.u_weights._16052_/X
 m.u_conv3.u_weights._16053_/X
 m.u_conv3.u_weights._16054_/Y
 m.u_conv3.u_weights._16055_/Y
 m.u_conv3.u_weights._16056_/X
 m.u_conv3.u_weights._16057_/Y
 m.u_conv3.u_weights._16058_/Y
 m.u_conv3.u_weights._16059_/Y
 m.u_conv3.u_weights._16060_/Y
 m.u_conv3.u_weights._16061_/Y
 m.u_conv3.u_weights._16062_/Y
 m.u_conv3.u_weights._16063_/X
 m.u_conv3.u_weights._16064_/Y
 m.u_conv3.u_weights._16065_/Y
 m.u_conv3.u_weights._16066_/Y
 m.u_conv3.u_weights._16067_/Y
 m.u_conv3.u_weights._16068_/Y
 m.u_conv3.u_weights._16069_/Y
 m.u_conv3.u_weights._16070_/Y
 m.u_conv3.u_weights._16071_/Y
 m.u_conv3.u_weights._16072_/X
 m.u_conv3.u_weights._16073_/Y
 m.u_conv3.u_weights._16074_/Y
 m.u_conv3.u_weights._16075_/Y
 m.u_conv3.u_weights._16076_/Y
 m.u_conv3.u_weights._16077_/Y
 m.u_conv3.u_weights._16078_/X
 m.u_conv3.u_weights._16079_/Y
 m.u_conv3.u_weights._16080_/Y
 m.u_conv3.u_weights._16081_/Y
 m.u_conv3.u_weights._16082_/Y
 m.u_conv3.u_weights._16083_/Y
 m.u_conv3.u_weights._16084_/X
 m.u_conv3.u_weights._16085_/Y
 m.u_conv3.u_weights._16086_/Y
 m.u_conv3.u_weights._16087_/X
 m.u_conv3.u_weights._16088_/Y
 m.u_conv3.u_weights._16089_/X
 m.u_conv3.u_weights._16090_/Y
 m.u_conv3.u_weights._16091_/Y
 m.u_conv3.u_weights._16092_/Y
 m.u_conv3.u_weights._16093_/X
 m.u_conv3.u_weights._16094_/Y
 m.u_conv3.u_weights._16095_/Y
 m.u_conv3.u_weights._16096_/Y
 m.u_conv3.u_weights._16097_/Y
 m.u_conv3.u_weights._16098_/X
 m.u_conv3.u_weights._16099_/Y
 m.u_conv3.u_weights._16100_/Y
 m.u_conv3.u_weights._16101_/Y
 m.u_conv3.u_weights._16102_/Y
 m.u_conv3.u_weights._16103_/Y
 m.u_conv3.u_weights._16104_/Y
 m.u_conv3.u_weights._16105_/Y
 m.u_conv3.u_weights._16106_/X
 m.u_conv3.u_weights._16107_/Y
 m.u_conv3.u_weights._16108_/Y
 m.u_conv3.u_weights._16109_/Y
 m.u_conv3.u_weights._16110_/Y
 m.u_conv3.u_weights._16111_/Y
 m.u_conv3.u_weights._16112_/X
 m.u_conv3.u_weights._16113_/Y
 m.u_conv3.u_weights._16114_/Y
 m.u_conv3.u_weights._16115_/Y
 m.u_conv3.u_weights._16116_/X
 m.u_conv3.u_weights._16117_/X
 m.u_conv3.u_weights._16118_/Y
 m.u_conv3.u_weights._16119_/Y
 m.u_conv3.u_weights._16120_/Y
 m.u_conv3.u_weights._16121_/Y
 m.u_conv3.u_weights._16122_/Y
 m.u_conv3.u_weights._16123_/Y
 m.u_conv3.u_weights._16124_/X
 m.u_conv3.u_weights._16125_/Y
 m.u_conv3.u_weights._16126_/X
 m.u_conv3.u_weights._16127_/Y
 m.u_conv3.u_weights._16128_/Y
 m.u_conv3.u_weights._16129_/Y
 m.u_conv3.u_weights._16130_/Y
 m.u_conv3.u_weights._16131_/Y
 m.u_conv3.u_weights._16132_/X
 m.u_conv3.u_weights._16133_/Y
 m.u_conv3.u_weights._16134_/Y
 m.u_conv3.u_weights._16135_/Y
 m.u_conv3.u_weights._16136_/Y
 m.u_conv3.u_weights._16137_/Y
 m.u_conv3.u_weights._16138_/Y
 m.u_conv3.u_weights._16139_/Y
 m.u_conv3.u_weights._16140_/Y
 m.u_conv3.u_weights._16141_/Y
 m.u_conv3.u_weights._16142_/Y
 m.u_conv3.u_weights._16143_/Y
 m.u_conv3.u_weights._16144_/Y
 m.u_conv3.u_weights._16145_/Y
 m.u_conv3.u_weights._16146_/Y
 m.u_conv3.u_weights._16147_/Y
 m.u_conv3.u_weights._16148_/Y
 m.u_conv3.u_weights._16149_/Y
 m.u_conv3.u_weights._16150_/Y
 m.u_conv3.u_weights._16151_/Y
 m.u_conv3.u_weights._16152_/Y
 m.u_conv3.u_weights._16153_/Y
 m.u_conv3.u_weights._16154_/Y
 m.u_conv3.u_weights._16155_/Y
 m.u_conv3.u_weights._16156_/X
 m.u_conv3.u_weights._16157_/Y
 m.u_conv3.u_weights._16158_/X
 m.u_conv3.u_weights._16159_/X
 m.u_conv3.u_weights._16160_/Y
 m.u_conv3.u_weights._16161_/Y
 m.u_conv3.u_weights._16162_/X
 m.u_conv3.u_weights._16163_/Y
 m.u_conv3.u_weights._16164_/Y
 m.u_conv3.u_weights._16165_/Y
 m.u_conv3.u_weights._16166_/Y
 m.u_conv3.u_weights._16167_/X
 m.u_conv3.u_weights._16168_/Y
 m.u_conv3.u_weights._16169_/Y
 m.u_conv3.u_weights._16170_/X
 m.u_conv3.u_weights._16171_/Y
 m.u_conv3.u_weights._16172_/X
 m.u_conv3.u_weights._16173_/Y
 m.u_conv3.u_weights._16174_/Y
 m.u_conv3.u_weights._16175_/Y
 m.u_conv3.u_weights._16176_/Y
 m.u_conv3.u_weights._16177_/X
 m.u_conv3.u_weights._16178_/Y
 m.u_conv3.u_weights._16179_/Y
 m.u_conv3.u_weights._16180_/Y
 m.u_conv3.u_weights._16181_/X
 m.u_conv3.u_weights._16182_/Y
 m.u_conv3.u_weights._16183_/Y
 m.u_conv3.u_weights._16184_/Y
 m.u_conv3.u_weights._16185_/Y
 m.u_conv3.u_weights._16186_/Y
 m.u_conv3.u_weights._16187_/Y
 m.u_conv3.u_weights._16188_/X
 m.u_conv3.u_weights._16189_/Y
 m.u_conv3.u_weights._16190_/X
 m.u_conv3.u_weights._16191_/Y
 m.u_conv3.u_weights._16192_/Y
 m.u_conv3.u_weights._16193_/Y
 m.u_conv3.u_weights._16194_/Y
 m.u_conv3.u_weights._16195_/Y
 m.u_conv3.u_weights._16196_/Y
 m.u_conv3.u_weights._16197_/Y
 m.u_conv3.u_weights._16198_/Y
 m.u_conv3.u_weights._16199_/Y
 m.u_conv3.u_weights._16200_/X
 m.u_conv3.u_weights._16201_/Y
 m.u_conv3.u_weights._16202_/Y
 m.u_conv3.u_weights._16203_/Y
 m.u_conv3.u_weights._16204_/X
 m.u_conv3.u_weights._16205_/X
 m.u_conv3.u_weights._16206_/Y
 m.u_conv3.u_weights._16207_/X
 m.u_conv3.u_weights._16208_/Y
 m.u_conv3.u_weights._16209_/X
 m.u_conv3.u_weights._16210_/Y
 m.u_conv3.u_weights._16211_/Y
 m.u_conv3.u_weights._16212_/Y
 m.u_conv3.u_weights._16213_/X
 m.u_conv3.u_weights._16214_/Y
 m.u_conv3.u_weights._16215_/Y
 m.u_conv3.u_weights._16216_/Y
 m.u_conv3.u_weights._16217_/Y
 m.u_conv3.u_weights._16218_/Y
 m.u_conv3.u_weights._16219_/Y
 m.u_conv3.u_weights._16220_/Y
 m.u_conv3.u_weights._16221_/Y
 m.u_conv3.u_weights._16222_/Y
 m.u_conv3.u_weights._16223_/Y
 m.u_conv3.u_weights._16224_/Y
 m.u_conv3.u_weights._16225_/X
 m.u_conv3.u_weights._16226_/Y
 m.u_conv3.u_weights._16227_/Y
 m.u_conv3.u_weights._16228_/Y
 m.u_conv3.u_weights._16229_/Y
 m.u_conv3.u_weights._16230_/Y
 m.u_conv3.u_weights._16231_/Y
 m.u_conv3.u_weights._16232_/X
 m.u_conv3.u_weights._16233_/Y
 m.u_conv3.u_weights._16234_/Y
 m.u_conv3.u_weights._16235_/Y
 m.u_conv3.u_weights._16236_/Y
 m.u_conv3.u_weights._16237_/Y
 m.u_conv3.u_weights._16238_/Y
 m.u_conv3.u_weights._16239_/Y
 m.u_conv3.u_weights._16240_/Y
 m.u_conv3.u_weights._16241_/X
 m.u_conv3.u_weights._16242_/Y
 m.u_conv3.u_weights._16243_/Y
 m.u_conv3.u_weights._16244_/Y
 m.u_conv3.u_weights._16245_/Y
 m.u_conv3.u_weights._16246_/Y
 m.u_conv3.u_weights._16247_/Y
 m.u_conv3.u_weights._16248_/Y
 m.u_conv3.u_weights._16249_/X
 m.u_conv3.u_weights._16250_/Y
 m.u_conv3.u_weights._16251_/Y
 m.u_conv3.u_weights._16252_/Y
 m.u_conv3.u_weights._16253_/Y
 m.u_conv3.u_weights._16254_/Y
 m.u_conv3.u_weights._16255_/Y
 m.u_conv3.u_weights._16256_/Y
 m.u_conv3.u_weights._16257_/Y
 m.u_conv3.u_weights._16258_/Y
 m.u_conv3.u_weights._16259_/Y
 m.u_conv3.u_weights._16260_/X
 m.u_conv3.u_weights._16261_/X
 m.u_conv3.u_weights._16262_/Y
 m.u_conv3.u_weights._16263_/Y
 m.u_conv3.u_weights._16264_/Y
 m.u_conv3.u_weights._16265_/Y
 m.u_conv3.u_weights._16266_/Y
 m.u_conv3.u_weights._16267_/X
 m.u_conv3.u_weights._16268_/Y
 m.u_conv3.u_weights._16269_/Y
 m.u_conv3.u_weights._16270_/Y
 m.u_conv3.u_weights._16271_/Y
 m.u_conv3.u_weights._16272_/Y
 m.u_conv3.u_weights._16273_/Y
 m.u_conv3.u_weights._16274_/Y
 m.u_conv3.u_weights._16275_/Y
 m.u_conv3.u_weights._16276_/Y
 m.u_conv3.u_weights._16277_/X
 m.u_conv3.u_weights._16278_/X
 m.u_conv3.u_weights._16279_/Y
 m.u_conv3.u_weights._16280_/Y
 m.u_conv3.u_weights._16281_/X
 m.u_conv3.u_weights._16282_/Y
 m.u_conv3.u_weights._16283_/X
 m.u_conv3.u_weights._16284_/Y
 m.u_conv3.u_weights._16285_/Y
 m.u_conv3.u_weights._16286_/Y
 m.u_conv3.u_weights._16287_/X
 m.u_conv3.u_weights._16288_/Y
 m.u_conv3.u_weights._16289_/Y
 m.u_conv3.u_weights._16290_/Y
 m.u_conv3.u_weights._16291_/Y
 m.u_conv3.u_weights._16292_/Y
 m.u_conv3.u_weights._16293_/X
 m.u_conv3.u_weights._16294_/Y
 m.u_conv3.u_weights._16295_/Y
 m.u_conv3.u_weights._16296_/X
 m.u_conv3.u_weights._16297_/Y
 m.u_conv3.u_weights._16298_/X
 m.u_conv3.u_weights._16299_/Y
 m.u_conv3.u_weights._16300_/Y
 m.u_conv3.u_weights._16301_/Y
 m.u_conv3.u_weights._16302_/X
 m.u_conv3.u_weights._16303_/X
 m.u_conv3.u_weights._16304_/Y
 m.u_conv3.u_weights._16305_/Y
 m.u_conv3.u_weights._16306_/X
 m.u_conv3.u_weights._16307_/Y
 m.u_conv3.u_weights._16308_/Y
 m.u_conv3.u_weights._16309_/X
 m.u_conv3.u_weights._16310_/Y
 m.u_conv3.u_weights._16311_/X
 m.u_conv3.u_weights._16312_/Y
 m.u_conv3.u_weights._16313_/X
 m.u_conv3.u_weights._16314_/Y
 m.u_conv3.u_weights._16315_/Y
 m.u_conv3.u_weights._16316_/Y
 m.u_conv3.u_weights._16317_/Y
 m.u_conv3.u_weights._16318_/Y
 m.u_conv3.u_weights._16319_/Y
 m.u_conv3.u_weights._16320_/Y
 m.u_conv3.u_weights._16321_/Y
 m.u_conv3.u_weights._16322_/Y
 m.u_conv3.u_weights._16323_/Y
 m.u_conv3.u_weights._16324_/Y
 m.u_conv3.u_weights._16325_/Y
 m.u_conv3.u_weights._16326_/Y
 m.u_conv3.u_weights._16327_/X
 m.u_conv3.u_weights._16328_/Y
 m.u_conv3.u_weights._16329_/Y
 m.u_conv3.u_weights._16330_/Y
 m.u_conv3.u_weights._16331_/Y
 m.u_conv3.u_weights._16332_/X
 m.u_conv3.u_weights._16333_/Y
 m.u_conv3.u_weights._16334_/Y
 m.u_conv3.u_weights._16335_/Y
 m.u_conv3.u_weights._16336_/Y
 m.u_conv3.u_weights._16337_/Y
 m.u_conv3.u_weights._16338_/X
 m.u_conv3.u_weights._16339_/X
 m.u_conv3.u_weights._16340_/Y
 m.u_conv3.u_weights._16341_/Y
 m.u_conv3.u_weights._16342_/X
 m.u_conv3.u_weights._16343_/Y
 m.u_conv3.u_weights._16344_/X
 m.u_conv3.u_weights._16345_/Y
 m.u_conv3.u_weights._16346_/Y
 m.u_conv3.u_weights._16347_/Y
 m.u_conv3.u_weights._16348_/X
 m.u_conv3.u_weights._16349_/Y
 m.u_conv3.u_weights._16350_/Y
 m.u_conv3.u_weights._16351_/Y
 m.u_conv3.u_weights._16352_/Y
 m.u_conv3.u_weights._16353_/X
 m.u_conv3.u_weights._16354_/Y
 m.u_conv3.u_weights._16355_/X
 m.u_conv3.u_weights._16356_/X
 m.u_conv3.u_weights._16357_/Y
 m.u_conv3.u_weights._16358_/Y
 m.u_conv3.u_weights._16359_/Y
 m.u_conv3.u_weights._16360_/Y
 m.u_conv3.u_weights._16361_/Y
 m.u_conv3.u_weights._16362_/Y
 m.u_conv3.u_weights._16363_/Y
 m.u_conv3.u_weights._16364_/Y
 m.u_conv3.u_weights._16365_/X
 m.u_conv3.u_weights._16366_/Y
 m.u_conv3.u_weights._16367_/Y
 m.u_conv3.u_weights._16368_/Y
 m.u_conv3.u_weights._16369_/Y
 m.u_conv3.u_weights._16370_/Y
 m.u_conv3.u_weights._16371_/Y
 m.u_conv3.u_weights._16372_/Y
 m.u_conv3.u_weights._16373_/X
 m.u_conv3.u_weights._16374_/Y
 m.u_conv3.u_weights._16375_/Y
 m.u_conv3.u_weights._16376_/Y
 m.u_conv3.u_weights._16377_/X
 m.u_conv3.u_weights._16378_/Y
 m.u_conv3.u_weights._16379_/Y
 m.u_conv3.u_weights._16380_/X
 m.u_conv3.u_weights._16381_/Y
 m.u_conv3.u_weights._16382_/Y
 m.u_conv3.u_weights._16383_/Y
 m.u_conv3.u_weights._16384_/Y
 m.u_conv3.u_weights._16385_/Y
 m.u_conv3.u_weights._16386_/Y
 m.u_conv3.u_weights._16387_/Y
 m.u_conv3.u_weights._16388_/Y
 m.u_conv3.u_weights._16389_/Y
 m.u_conv3.u_weights._16390_/Y
 m.u_conv3.u_weights._16391_/Y
 m.u_conv3.u_weights._16392_/Y
 m.u_conv3.u_weights._16393_/Y
 m.u_conv3.u_weights._16394_/Y
 m.u_conv3.u_weights._16395_/Y
 m.u_conv3.u_weights._16396_/Y
 m.u_conv3.u_weights._16397_/Y
 m.u_conv3.u_weights._16398_/Y
 m.u_conv3.u_weights._16399_/Y
 m.u_conv3.u_weights._16400_/Y
 m.u_conv3.u_weights._16401_/Y
 m.u_conv3.u_weights._16402_/Y
 m.u_conv3.u_weights._16403_/Y
 m.u_conv3.u_weights._16404_/X
 m.u_conv3.u_weights._16405_/Y
 m.u_conv3.u_weights._16406_/Y
 m.u_conv3.u_weights._16407_/Y
 m.u_conv3.u_weights._16408_/Y
 m.u_conv3.u_weights._16409_/X
 m.u_conv3.u_weights._16410_/Y
 m.u_conv3.u_weights._16411_/X
 m.u_conv3.u_weights._16412_/Y
 m.u_conv3.u_weights._16413_/Y
 m.u_conv3.u_weights._16414_/X
 m.u_conv3.u_weights._16415_/X
 m.u_conv3.u_weights._16416_/Y
 m.u_conv3.u_weights._16417_/X
 m.u_conv3.u_weights._16418_/Y
 m.u_conv3.u_weights._16419_/X
 m.u_conv3.u_weights._16420_/X
 m.u_conv3.u_weights._16421_/X
 m.u_conv3.u_weights._16422_/X
 m.u_conv3.u_weights._16423_/Y
 m.u_conv3.u_weights._16424_/Y
 m.u_conv3.u_weights._16425_/Y
 m.u_conv3.u_weights._16426_/Y
 m.u_conv3.u_weights._16427_/Y
 m.u_conv3.u_weights._16428_/Y
 m.u_conv3.u_weights._16429_/Y
 m.u_conv3.u_weights._16430_/X
 m.u_conv3.u_weights._16431_/Y
 m.u_conv3.u_weights._16432_/Y
 m.u_conv3.u_weights._16433_/Y
 m.u_conv3.u_weights._16434_/Y
 m.u_conv3.u_weights._16435_/Y
 m.u_conv3.u_weights._16436_/Y
 m.u_conv3.u_weights._16437_/X
 m.u_conv3.u_weights._16438_/Y
 m.u_conv3.u_weights._16439_/Y
 m.u_conv3.u_weights._16440_/Y
 m.u_conv3.u_weights._16441_/X
 m.u_conv3.u_weights._16442_/Y
 m.u_conv3.u_weights._16443_/X
 m.u_conv3.u_weights._16444_/Y
 m.u_conv3.u_weights._16445_/Y
 m.u_conv3.u_weights._16446_/Y
 m.u_conv3.u_weights._16447_/Y
 m.u_conv3.u_weights._16448_/X
 m.u_conv3.u_weights._16449_/Y
 m.u_conv3.u_weights._16450_/X
 m.u_conv3.u_weights._16451_/Y
 m.u_conv3.u_weights._16452_/Y
 m.u_conv3.u_weights._16453_/Y
 m.u_conv3.u_weights._16454_/Y
 m.u_conv3.u_weights._16455_/Y
 m.u_conv3.u_weights._16456_/Y
 m.u_conv3.u_weights._16457_/Y
 m.u_conv3.u_weights._16458_/X
 m.u_conv3.u_weights._16459_/Y
 m.u_conv3.u_weights._16460_/Y
 m.u_conv3.u_weights._16461_/Y
 m.u_conv3.u_weights._16462_/Y
 m.u_conv3.u_weights._16463_/Y
 m.u_conv3.u_weights._16464_/Y
 m.u_conv3.u_weights._16465_/Y
 m.u_conv3.u_weights._16466_/X
 m.u_conv3.u_weights._16467_/Y
 m.u_conv3.u_weights._16468_/Y
 m.u_conv3.u_weights._16469_/Y
 m.u_conv3.u_weights._16470_/Y
 m.u_conv3.u_weights._16471_/Y
 m.u_conv3.u_weights._16472_/Y
 m.u_conv3.u_weights._16473_/Y
 m.u_conv3.u_weights._16474_/X
 m.u_conv3.u_weights._16475_/Y
 m.u_conv3.u_weights._16476_/Y
 m.u_conv3.u_weights._16477_/Y
 m.u_conv3.u_weights._16478_/X
 m.u_conv3.u_weights._16479_/Y
 m.u_conv3.u_weights._16480_/Y
 m.u_conv3.u_weights._16481_/X
 m.u_conv3.u_weights._16482_/Y
 m.u_conv3.u_weights._16483_/Y
 m.u_conv3.u_weights._16484_/Y
 m.u_conv3.u_weights._16485_/Y
 m.u_conv3.u_weights._16486_/Y
 m.u_conv3.u_weights._16487_/Y
 m.u_conv3.u_weights._16488_/X
 m.u_conv3.u_weights._16489_/Y
 m.u_conv3.u_weights._16490_/Y
 m.u_conv3.u_weights._16491_/Y
 m.u_conv3.u_weights._16492_/Y
 m.u_conv3.u_weights._16493_/X
 m.u_conv3.u_weights._16494_/Y
 m.u_conv3.u_weights._16495_/Y
 m.u_conv3.u_weights._16496_/Y
 m.u_conv3.u_weights._16497_/Y
 m.u_conv3.u_weights._16498_/Y
 m.u_conv3.u_weights._16499_/Y
 m.u_conv3.u_weights._16500_/Y
 m.u_conv3.u_weights._16501_/Y
 m.u_conv3.u_weights._16502_/Y
 m.u_conv3.u_weights._16503_/Y
 m.u_conv3.u_weights._16504_/Y
 m.u_conv3.u_weights._16505_/Y
 m.u_conv3.u_weights._16506_/X
 m.u_conv3.u_weights._16507_/Y
 m.u_conv3.u_weights._16508_/Y
 m.u_conv3.u_weights._16509_/Y
 m.u_conv3.u_weights._16510_/Y
 m.u_conv3.u_weights._16511_/X
 m.u_conv3.u_weights._16512_/Y
 m.u_conv3.u_weights._16513_/Y
 m.u_conv3.u_weights._16514_/Y
 m.u_conv3.u_weights._16515_/Y
 m.u_conv3.u_weights._16516_/Y
 m.u_conv3.u_weights._16517_/Y
 m.u_conv3.u_weights._16518_/Y
 m.u_conv3.u_weights._16519_/Y
 m.u_conv3.u_weights._16520_/Y
 m.u_conv3.u_weights._16521_/Y
 m.u_conv3.u_weights._16522_/Y
 m.u_conv3.u_weights._16523_/X
 m.u_conv3.u_weights._16524_/Y
 m.u_conv3.u_weights._16525_/Y
 m.u_conv3.u_weights._16526_/Y
 m.u_conv3.u_weights._16527_/Y
 m.u_conv3.u_weights._16528_/Y
 m.u_conv3.u_weights._16529_/Y
 m.u_conv3.u_weights._16530_/Y
 m.u_conv3.u_weights._16531_/Y
 m.u_conv3.u_weights._16532_/Y
 m.u_conv3.u_weights._16533_/Y
 m.u_conv3.u_weights._16534_/X
 m.u_conv3.u_weights._16535_/X
 m.u_conv3.u_weights._16536_/Y
 m.u_conv3.u_weights._16537_/Y
 m.u_conv3.u_weights._16538_/Y
 m.u_conv3.u_weights._16539_/X
 m.u_conv3.u_weights._16540_/Y
 m.u_conv3.u_weights._16541_/X
 m.u_conv3.u_weights._16542_/Y
 m.u_conv3.u_weights._16543_/X
 m.u_conv3.u_weights._16544_/Y
 m.u_conv3.u_weights._16545_/Y
 m.u_conv3.u_weights._16546_/Y
 m.u_conv3.u_weights._16547_/X
 m.u_conv3.u_weights._16548_/Y
 m.u_conv3.u_weights._16549_/Y
 m.u_conv3.u_weights._16550_/Y
 m.u_conv3.u_weights._16551_/Y
 m.u_conv3.u_weights._16552_/Y
 m.u_conv3.u_weights._16553_/Y
 m.u_conv3.u_weights._16554_/X
 m.u_conv3.u_weights._16555_/Y
 m.u_conv3.u_weights._16556_/Y
 m.u_conv3.u_weights._16557_/Y
 m.u_conv3.u_weights._16558_/X
 m.u_conv3.u_weights._16559_/Y
 m.u_conv3.u_weights._16560_/Y
 m.u_conv3.u_weights._16561_/Y
 m.u_conv3.u_weights._16562_/Y
 m.u_conv3.u_weights._16563_/Y
 m.u_conv3.u_weights._16564_/X
 m.u_conv3.u_weights._16565_/Y
 m.u_conv3.u_weights._16566_/Y
 m.u_conv3.u_weights._16567_/X
 m.u_conv3.u_weights._16568_/Y
 m.u_conv3.u_weights._16569_/Y
 m.u_conv3.u_weights._16570_/Y
 m.u_conv3.u_weights._16571_/X
 m.u_conv3.u_weights._16572_/Y
 m.u_conv3.u_weights._16573_/Y
 m.u_conv3.u_weights._16574_/Y
 m.u_conv3.u_weights._16575_/Y
 m.u_conv3.u_weights._16576_/Y
 m.u_conv3.u_weights._16577_/Y
 m.u_conv3.u_weights._16578_/X
 m.u_conv3.u_weights._16579_/Y
 m.u_conv3.u_weights._16580_/Y
 m.u_conv3.u_weights._16581_/X
 m.u_conv3.u_weights._16582_/X
 m.u_conv3.u_weights._16583_/Y
 m.u_conv3.u_weights._16584_/Y
 m.u_conv3.u_weights._16585_/Y
 m.u_conv3.u_weights._16586_/X
 m.u_conv3.u_weights._16587_/Y
 m.u_conv3.u_weights._16588_/Y
 m.u_conv3.u_weights._16589_/Y
 m.u_conv3.u_weights._16590_/X
 m.u_conv3.u_weights._16591_/Y
 m.u_conv3.u_weights._16592_/Y
 m.u_conv3.u_weights._16593_/Y
 m.u_conv3.u_weights._16594_/Y
 m.u_conv3.u_weights._16595_/X
 m.u_conv3.u_weights._16596_/Y
 m.u_conv3.u_weights._16597_/Y
 m.u_conv3.u_weights._16598_/Y
 m.u_conv3.u_weights._16599_/X
 m.u_conv3.u_weights._16600_/X
 m.u_conv3.u_weights._16601_/X
 m.u_conv3.u_weights._16602_/Y
 m.u_conv3.u_weights._16603_/X
 m.u_conv3.u_weights._16604_/Y
 m.u_conv3.u_weights._16605_/X
 m.u_conv3.u_weights._16606_/Y
 m.u_conv3.u_weights._16607_/Y
 m.u_conv3.u_weights._16608_/Y
 m.u_conv3.u_weights._16609_/Y
 m.u_conv3.u_weights._16610_/Y
 m.u_conv3.u_weights._16611_/Y
 m.u_conv3.u_weights._16612_/X
 m.u_conv3.u_weights._16613_/Y
 m.u_conv3.u_weights._16614_/Y
 m.u_conv3.u_weights._16615_/Y
 m.u_conv3.u_weights._16616_/Y
 m.u_conv3.u_weights._16617_/Y
 m.u_conv3.u_weights._16618_/Y
 m.u_conv3.u_weights._16619_/X
 m.u_conv3.u_weights._16620_/Y
 m.u_conv3.u_weights._16621_/X
 m.u_conv3.u_weights._16622_/Y
 m.u_conv3.u_weights._16623_/Y
 m.u_conv3.u_weights._16624_/X
 m.u_conv3.u_weights._16625_/Y
 m.u_conv3.u_weights._16626_/Y
 m.u_conv3.u_weights._16627_/Y
 m.u_conv3.u_weights._16628_/X
 m.u_conv3.u_weights._16629_/Y
 m.u_conv3.u_weights._16630_/Y
 m.u_conv3.u_weights._16631_/Y
 m.u_conv3.u_weights._16632_/X
 m.u_conv3.u_weights._16633_/X
 m.u_conv3.u_weights._16634_/Y
 m.u_conv3.u_weights._16635_/Y
 m.u_conv3.u_weights._16636_/Y
 m.u_conv3.u_weights._16637_/Y
 m.u_conv3.u_weights._16638_/X
 m.u_conv3.u_weights._16639_/Y
 m.u_conv3.u_weights._16640_/Y
 m.u_conv3.u_weights._16641_/Y
 m.u_conv3.u_weights._16642_/Y
 m.u_conv3.u_weights._16643_/Y
 m.u_conv3.u_weights._16644_/Y
 m.u_conv3.u_weights._16645_/Y
 m.u_conv3.u_weights._16646_/Y
 m.u_conv3.u_weights._16647_/Y
 m.u_conv3.u_weights._16648_/Y
 m.u_conv3.u_weights._16649_/Y
 m.u_conv3.u_weights._16650_/Y
 m.u_conv3.u_weights._16651_/Y
 m.u_conv3.u_weights._16652_/X
 m.u_conv3.u_weights._16653_/X
 m.u_conv3.u_weights._16654_/Y
 m.u_conv3.u_weights._16655_/X
 m.u_conv3.u_weights._16656_/Y
 m.u_conv3.u_weights._16657_/Y
 m.u_conv3.u_weights._16658_/Y
 m.u_conv3.u_weights._16659_/X
 m.u_conv3.u_weights._16660_/X
 m.u_conv3.u_weights._16661_/Y
 m.u_conv3.u_weights._16662_/X
 m.u_conv3.u_weights._16663_/X
 m.u_conv3.u_weights._16664_/X
 m.u_conv3.u_weights._16665_/Y
 m.u_conv3.u_weights._16666_/X
 m.u_conv3.u_weights._16667_/Y
 m.u_conv3.u_weights._16668_/Y
 m.u_conv3.u_weights._16669_/Y
 m.u_conv3.u_weights._16670_/Y
 m.u_conv3.u_weights._16671_/X
 m.u_conv3.u_weights._16672_/Y
 m.u_conv3.u_weights._16673_/X
 m.u_conv3.u_weights._16674_/Y
 m.u_conv3.u_weights._16675_/X
 m.u_conv3.u_weights._16676_/Y
 m.u_conv3.u_weights._16677_/Y
 m.u_conv3.u_weights._16678_/Y
 m.u_conv3.u_weights._16679_/Y
 m.u_conv3.u_weights._16680_/Y
 m.u_conv3.u_weights._16681_/Y
 m.u_conv3.u_weights._16682_/Y
 m.u_conv3.u_weights._16683_/Y
 m.u_conv3.u_weights._16684_/Y
 m.u_conv3.u_weights._16685_/Y
 m.u_conv3.u_weights._16686_/Y
 m.u_conv3.u_weights._16687_/Y
 m.u_conv3.u_weights._16688_/Y
 m.u_conv3.u_weights._16689_/X
 m.u_conv3.u_weights._16690_/Y
 m.u_conv3.u_weights._16691_/Y
 m.u_conv3.u_weights._16692_/Y
 m.u_conv3.u_weights._16693_/Y
 m.u_conv3.u_weights._16694_/Y
 m.u_conv3.u_weights._16695_/Y
 m.u_conv3.u_weights._16696_/Y
 m.u_conv3.u_weights._16697_/X
 m.u_conv3.u_weights._16698_/Y
 m.u_conv3.u_weights._16699_/Y
 m.u_conv3.u_weights._16700_/Y
 m.u_conv3.u_weights._16701_/Y
 m.u_conv3.u_weights._16702_/Y
 m.u_conv3.u_weights._16703_/Y
 m.u_conv3.u_weights._16704_/Y
 m.u_conv3.u_weights._16705_/X
 m.u_conv3.u_weights._16706_/Y
 m.u_conv3.u_weights._16707_/Y
 m.u_conv3.u_weights._16708_/X
 m.u_conv3.u_weights._16709_/Y
 m.u_conv3.u_weights._16710_/Y
 m.u_conv3.u_weights._16711_/X
 m.u_conv3.u_weights._16712_/Y
 m.u_conv3.u_weights._16713_/Y
 m.u_conv3.u_weights._16714_/X
 m.u_conv3.u_weights._16715_/Y
 m.u_conv3.u_weights._16716_/Y
 m.u_conv3.u_weights._16717_/Y
 m.u_conv3.u_weights._16718_/Y
 m.u_conv3.u_weights._16719_/Y
 m.u_conv3.u_weights._16720_/Y
 m.u_conv3.u_weights._16721_/Y
 m.u_conv3.u_weights._16722_/Y
 m.u_conv3.u_weights._16723_/Y
 m.u_conv3.u_weights._16724_/X
 m.u_conv3.u_weights._16725_/Y
 m.u_conv3.u_weights._16726_/Y
 m.u_conv3.u_weights._16727_/Y
 m.u_conv3.u_weights._16728_/Y
 m.u_conv3.u_weights._16729_/Y
 m.u_conv3.u_weights._16730_/Y
 m.u_conv3.u_weights._16731_/Y
 m.u_conv3.u_weights._16732_/Y
 m.u_conv3.u_weights._16733_/Y
 m.u_conv3.u_weights._16734_/Y
 m.u_conv3.u_weights._16735_/X
 m.u_conv3.u_weights._16736_/Y
 m.u_conv3.u_weights._16737_/X
 m.u_conv3.u_weights._16738_/Y
 m.u_conv3.u_weights._16739_/Y
 m.u_conv3.u_weights._16740_/Y
 m.u_conv3.u_weights._16741_/Y
 m.u_conv3.u_weights._16742_/Y
 m.u_conv3.u_weights._16743_/X
 m.u_conv3.u_weights._16744_/Y
 m.u_conv3.u_weights._16745_/Y
 m.u_conv3.u_weights._16746_/Y
 m.u_conv3.u_weights._16747_/X
 m.u_conv3.u_weights._16748_/Y
 m.u_conv3.u_weights._16749_/Y
 m.u_conv3.u_weights._16750_/Y
 m.u_conv3.u_weights._16751_/X
 m.u_conv3.u_weights._16752_/Y
 m.u_conv3.u_weights._16753_/Y
 m.u_conv3.u_weights._16754_/Y
 m.u_conv3.u_weights._16755_/Y
 m.u_conv3.u_weights._16756_/Y
 m.u_conv3.u_weights._16757_/Y
 m.u_conv3.u_weights._16758_/Y
 m.u_conv3.u_weights._16759_/Y
 m.u_conv3.u_weights._16760_/Y
 m.u_conv3.u_weights._16761_/Y
 m.u_conv3.u_weights._16762_/Y
 m.u_conv3.u_weights._16763_/Y
 m.u_conv3.u_weights._16764_/Y
 m.u_conv3.u_weights._16765_/Y
 m.u_conv3.u_weights._16766_/Y
 m.u_conv3.u_weights._16767_/Y
 m.u_conv3.u_weights._16768_/Y
 m.u_conv3.u_weights._16769_/Y
 m.u_conv3.u_weights._16770_/Y
 m.u_conv3.u_weights._16771_/Y
 m.u_conv3.u_weights._16772_/X
 m.u_conv3.u_weights._16773_/Y
 m.u_conv3.u_weights._16774_/Y
 m.u_conv3.u_weights._16775_/Y
 m.u_conv3.u_weights._16776_/X
 m.u_conv3.u_weights._16777_/Y
 m.u_conv3.u_weights._16778_/Y
 m.u_conv3.u_weights._16779_/Y
 m.u_conv3.u_weights._16780_/Y
 m.u_conv3.u_weights._16781_/Y
 m.u_conv3.u_weights._16782_/Y
 m.u_conv3.u_weights._16783_/Y
 m.u_conv3.u_weights._16784_/X
 m.u_conv3.u_weights._16785_/Y
 m.u_conv3.u_weights._16786_/Y
 m.u_conv3.u_weights._16787_/Y
 m.u_conv3.u_weights._16788_/Y
 m.u_conv3.u_weights._16789_/Y
 m.u_conv3.u_weights._16790_/X
 m.u_conv3.u_weights._16791_/Y
 m.u_conv3.u_weights._16792_/Y
 m.u_conv3.u_weights._16793_/Y
 m.u_conv3.u_weights._16794_/X
 m.u_conv3.u_weights._16795_/Y
 m.u_conv3.u_weights._16796_/Y
 m.u_conv3.u_weights._16797_/X
 m.u_conv3.u_weights._16798_/Y
 m.u_conv3.u_weights._16799_/Y
 m.u_conv3.u_weights._16800_/Y
 m.u_conv3.u_weights._16801_/X
 m.u_conv3.u_weights._16802_/Y
 m.u_conv3.u_weights._16803_/X
 m.u_conv3.u_weights._16804_/Y
 m.u_conv3.u_weights._16805_/X
 m.u_conv3.u_weights._16806_/Y
 m.u_conv3.u_weights._16807_/X
 m.u_conv3.u_weights._16808_/Y
 m.u_conv3.u_weights._16809_/Y
 m.u_conv3.u_weights._16810_/X
 m.u_conv3.u_weights._16811_/X
 m.u_conv3.u_weights._16812_/Y
 m.u_conv3.u_weights._16813_/Y
 m.u_conv3.u_weights._16814_/X
 m.u_conv3.u_weights._16815_/X
 m.u_conv3.u_weights._16816_/X
 m.u_conv3.u_weights._16817_/X
 m.u_conv3.u_weights._16818_/Y
 m.u_conv3.u_weights._16819_/Y
 m.u_conv3.u_weights._16820_/Y
 m.u_conv3.u_weights._16821_/Y
 m.u_conv3.u_weights._16822_/Y
 m.u_conv3.u_weights._16823_/Y
 m.u_conv3.u_weights._16824_/Y
 m.u_conv3.u_weights._16825_/X
 m.u_conv3.u_weights._16826_/X
 m.u_conv3.u_weights._16827_/X
 m.u_conv3.u_weights._16828_/Y
 m.u_conv3.u_weights._16829_/Y
 m.u_conv3.u_weights._16830_/Y
 m.u_conv3.u_weights._16831_/Y
 m.u_conv3.u_weights._16832_/X
 m.u_conv3.u_weights._16833_/Y
 m.u_conv3.u_weights._16834_/X
 m.u_conv3.u_weights._16835_/X
 m.u_conv3.u_weights._16836_/Y
 m.u_conv3.u_weights._16837_/Y
 m.u_conv3.u_weights._16838_/Y
 m.u_conv3.u_weights._16839_/Y
 m.u_conv3.u_weights._16840_/Y
 m.u_conv3.u_weights._16841_/Y
 m.u_conv3.u_weights._16842_/Y
 m.u_conv3.u_weights._16843_/Y
 m.u_conv3.u_weights._16844_/Y
 m.u_conv3.u_weights._16845_/Y
 m.u_conv3.u_weights._16846_/Y
 m.u_conv3.u_weights._16847_/Y
 m.u_conv3.u_weights._16848_/Y
 m.u_conv3.u_weights._16849_/Y
 m.u_conv3.u_weights._16850_/Y
 m.u_conv3.u_weights._16851_/Y
 m.u_conv3.u_weights._16852_/Y
 m.u_conv3.u_weights._16853_/Y
 m.u_conv3.u_weights._16854_/Y
 m.u_conv3.u_weights._16855_/Y
 m.u_conv3.u_weights._16856_/X
 m.u_conv3.u_weights._16857_/Y
 m.u_conv3.u_weights._16858_/Y
 m.u_conv3.u_weights._16859_/Y
 m.u_conv3.u_weights._16860_/Y
 m.u_conv3.u_weights._16861_/Y
 m.u_conv3.u_weights._16862_/Y
 m.u_conv3.u_weights._16863_/Y
 m.u_conv3.u_weights._16864_/Y
 m.u_conv3.u_weights._16865_/Y
 m.u_conv3.u_weights._16866_/Y
 m.u_conv3.u_weights._16867_/Y
 m.u_conv3.u_weights._16868_/Y
 m.u_conv3.u_weights._16869_/Y
 m.u_conv3.u_weights._16870_/Y
 m.u_conv3.u_weights._16871_/Y
 m.u_conv3.u_weights._16872_/X
 m.u_conv3.u_weights._16873_/Y
 m.u_conv3.u_weights._16874_/X
 m.u_conv3.u_weights._16875_/Y
 m.u_conv3.u_weights._16876_/Y
 m.u_conv3.u_weights._16877_/X
 m.u_conv3.u_weights._16878_/X
 m.u_conv3.u_weights._16879_/Y
 m.u_conv3.u_weights._16880_/Y
 m.u_conv3.u_weights._16881_/Y
 m.u_conv3.u_weights._16882_/X
 m.u_conv3.u_weights._16883_/Y
 m.u_conv3.u_weights._16884_/Y
 m.u_conv3.u_weights._16885_/X
 m.u_conv3.u_weights._16886_/Y
 m.u_conv3.u_weights._16887_/Y
 m.u_conv3.u_weights._16888_/Y
 m.u_conv3.u_weights._16889_/Y
 m.u_conv3.u_weights._16890_/Y
 m.u_conv3.u_weights._16891_/X
 m.u_conv3.u_weights._16892_/Y
 m.u_conv3.u_weights._16893_/Y
 m.u_conv3.u_weights._16894_/X
 m.u_conv3.u_weights._16895_/Y
 m.u_conv3.u_weights._16896_/Y
 m.u_conv3.u_weights._16897_/X
 m.u_conv3.u_weights._16898_/Y
 m.u_conv3.u_weights._16899_/Y
 m.u_conv3.u_weights._16900_/Y
 m.u_conv3.u_weights._16901_/Y
 m.u_conv3.u_weights._16902_/X
 m.u_conv3.u_weights._16903_/Y
 m.u_conv3.u_weights._16904_/X
 m.u_conv3.u_weights._16905_/Y
 m.u_conv3.u_weights._16906_/Y
 m.u_conv3.u_weights._16907_/Y
 m.u_conv3.u_weights._16908_/Y
 m.u_conv3.u_weights._16909_/X
 m.u_conv3.u_weights._16910_/Y
 m.u_conv3.u_weights._16911_/Y
 m.u_conv3.u_weights._16912_/Y
 m.u_conv3.u_weights._16913_/Y
 m.u_conv3.u_weights._16914_/Y
 m.u_conv3.u_weights._16915_/Y
 m.u_conv3.u_weights._16916_/Y
 m.u_conv3.u_weights._16917_/Y
 m.u_conv3.u_weights._16918_/Y
 m.u_conv3.u_weights._16919_/X
 m.u_conv3.u_weights._16920_/Y
 m.u_conv3.u_weights._16921_/X
 m.u_conv3.u_weights._16922_/Y
 m.u_conv3.u_weights._16923_/Y
 m.u_conv3.u_weights._16924_/Y
 m.u_conv3.u_weights._16925_/Y
 m.u_conv3.u_weights._16926_/X
 m.u_conv3.u_weights._16927_/Y
 m.u_conv3.u_weights._16928_/Y
 m.u_conv3.u_weights._16929_/Y
 m.u_conv3.u_weights._16930_/Y
 m.u_conv3.u_weights._16931_/Y
 m.u_conv3.u_weights._16932_/Y
 m.u_conv3.u_weights._16933_/Y
 m.u_conv3.u_weights._16934_/Y
 m.u_conv3.u_weights._16935_/X
 m.u_conv3.u_weights._16936_/Y
 m.u_conv3.u_weights._16937_/Y
 m.u_conv3.u_weights._16938_/Y
 m.u_conv3.u_weights._16939_/Y
 m.u_conv3.u_weights._16940_/Y
 m.u_conv3.u_weights._16941_/Y
 m.u_conv3.u_weights._16942_/X
 m.u_conv3.u_weights._16943_/Y
 m.u_conv3.u_weights._16944_/Y
 m.u_conv3.u_weights._16945_/Y
 m.u_conv3.u_weights._16946_/X
 m.u_conv3.u_weights._16947_/Y
 m.u_conv3.u_weights._16948_/Y
 m.u_conv3.u_weights._16949_/Y
 m.u_conv3.u_weights._16950_/X
 m.u_conv3.u_weights._16951_/Y
 m.u_conv3.u_weights._16952_/Y
 m.u_conv3.u_weights._16953_/X
 m.u_conv3.u_weights._16954_/Y
 m.u_conv3.u_weights._16955_/X
 m.u_conv3.u_weights._16956_/Y
 m.u_conv3.u_weights._16957_/Y
 m.u_conv3.u_weights._16958_/X
 m.u_conv3.u_weights._16959_/Y
 m.u_conv3.u_weights._16960_/Y
 m.u_conv3.u_weights._16961_/Y
 m.u_conv3.u_weights._16962_/Y
 m.u_conv3.u_weights._16963_/Y
 m.u_conv3.u_weights._16964_/Y
 m.u_conv3.u_weights._16965_/X
 m.u_conv3.u_weights._16966_/Y
 m.u_conv3.u_weights._16967_/Y
 m.u_conv3.u_weights._16968_/Y
 m.u_conv3.u_weights._16969_/X
 m.u_conv3.u_weights._16970_/Y
 m.u_conv3.u_weights._16971_/Y
 m.u_conv3.u_weights._16972_/Y
 m.u_conv3.u_weights._16973_/Y
 m.u_conv3.u_weights._16974_/Y
 m.u_conv3.u_weights._16975_/Y
 m.u_conv3.u_weights._16976_/Y
 m.u_conv3.u_weights._16977_/Y
 m.u_conv3.u_weights._16978_/Y
 m.u_conv3.u_weights._16979_/Y
 m.u_conv3.u_weights._16980_/Y
 m.u_conv3.u_weights._16981_/Y
 m.u_conv3.u_weights._16982_/Y
 m.u_conv3.u_weights._16983_/Y
 m.u_conv3.u_weights._16984_/Y
 m.u_conv3.u_weights._16985_/Y
 m.u_conv3.u_weights._16986_/Y
 m.u_conv3.u_weights._16987_/Y
 m.u_conv3.u_weights._16988_/Y
 m.u_conv3.u_weights._16989_/Y
 m.u_conv3.u_weights._16990_/X
 m.u_conv3.u_weights._16991_/Y
 m.u_conv3.u_weights._16992_/Y
 m.u_conv3.u_weights._16993_/X
 m.u_conv3.u_weights._16994_/X
 m.u_conv3.u_weights._16995_/X
 m.u_conv3.u_weights._16996_/Y
 m.u_conv3.u_weights._16997_/X
 m.u_conv3.u_weights._16998_/Y
 m.u_conv3.u_weights._16999_/Y
 m.u_conv3.u_weights._17000_/Y
 m.u_conv3.u_weights._17001_/X
 m.u_conv3.u_weights._17002_/Y
 m.u_conv3.u_weights._17003_/X
 m.u_conv3.u_weights._17004_/X
 m.u_conv3.u_weights._17005_/Y
 m.u_conv3.u_weights._17006_/Y
 m.u_conv3.u_weights._17007_/X
 m.u_conv3.u_weights._17008_/Y
 m.u_conv3.u_weights._17009_/Y
 m.u_conv3.u_weights._17010_/Y
 m.u_conv3.u_weights._17011_/Y
 m.u_conv3.u_weights._17012_/X
 m.u_conv3.u_weights._17013_/Y
 m.u_conv3.u_weights._17014_/Y
 m.u_conv3.u_weights._17015_/Y
 m.u_conv3.u_weights._17016_/Y
 m.u_conv3.u_weights._17017_/Y
 m.u_conv3.u_weights._17018_/Y
 m.u_conv3.u_weights._17019_/Y
 m.u_conv3.u_weights._17020_/Y
 m.u_conv3.u_weights._17021_/Y
 m.u_conv3.u_weights._17022_/Y
 m.u_conv3.u_weights._17023_/Y
 m.u_conv3.u_weights._17024_/Y
 m.u_conv3.u_weights._17025_/X
 m.u_conv3.u_weights._17026_/Y
 m.u_conv3.u_weights._17027_/Y
 m.u_conv3.u_weights._17028_/Y
 m.u_conv3.u_weights._17029_/Y
 m.u_conv3.u_weights._17030_/Y
 m.u_conv3.u_weights._17031_/Y
 m.u_conv3.u_weights._17032_/X
 m.u_conv3.u_weights._17033_/X
 m.u_conv3.u_weights._17034_/X
 m.u_conv3.u_weights._17035_/X
 m.u_conv3.u_weights._17036_/Y
 m.u_conv3.u_weights._17037_/Y
 m.u_conv3.u_weights._17038_/Y
 m.u_conv3.u_weights._17039_/Y
 m.u_conv3.u_weights._17040_/X
 m.u_conv3.u_weights._17041_/Y
 m.u_conv3.u_weights._17042_/Y
 m.u_conv3.u_weights._17043_/Y
 m.u_conv3.u_weights._17044_/Y
 m.u_conv3.u_weights._17045_/Y
 m.u_conv3.u_weights._17046_/Y
 m.u_conv3.u_weights._17047_/Y
 m.u_conv3.u_weights._17048_/X
 m.u_conv3.u_weights._17049_/X
 m.u_conv3.u_weights._17050_/Y
 m.u_conv3.u_weights._17051_/Y
 m.u_conv3.u_weights._17052_/Y
 m.u_conv3.u_weights._17053_/Y
 m.u_conv3.u_weights._17054_/Y
 m.u_conv3.u_weights._17055_/Y
 m.u_conv3.u_weights._17056_/Y
 m.u_conv3.u_weights._17057_/Y
 m.u_conv3.u_weights._17058_/Y
 m.u_conv3.u_weights._17059_/X
 m.u_conv3.u_weights._17060_/Y
 m.u_conv3.u_weights._17061_/X
 m.u_conv3.u_weights._17062_/Y
 m.u_conv3.u_weights._17063_/Y
 m.u_conv3.u_weights._17064_/Y
 m.u_conv3.u_weights._17065_/Y
 m.u_conv3.u_weights._17066_/Y
 m.u_conv3.u_weights._17067_/X
 m.u_conv3.u_weights._17068_/Y
 m.u_conv3.u_weights._17069_/Y
 m.u_conv3.u_weights._17070_/Y
 m.u_conv3.u_weights._17071_/Y
 m.u_conv3.u_weights._17072_/Y
 m.u_conv3.u_weights._17073_/Y
 m.u_conv3.u_weights._17074_/Y
 m.u_conv3.u_weights._17075_/Y
 m.u_conv3.u_weights._17076_/Y
 m.u_conv3.u_weights._17077_/Y
 m.u_conv3.u_weights._17078_/Y
 m.u_conv3.u_weights._17079_/X
 m.u_conv3.u_weights._17080_/Y
 m.u_conv3.u_weights._17081_/X
 m.u_conv3.u_weights._17082_/Y
 m.u_conv3.u_weights._17083_/Y
 m.u_conv3.u_weights._17084_/X
 m.u_conv3.u_weights._17085_/Y
 m.u_conv3.u_weights._17086_/Y
 m.u_conv3.u_weights._17087_/X
 m.u_conv3.u_weights._17088_/Y
 m.u_conv3.u_weights._17089_/Y
 m.u_conv3.u_weights._17090_/Y
 m.u_conv3.u_weights._17091_/Y
 m.u_conv3.u_weights._17092_/Y
 m.u_conv3.u_weights._17093_/Y
 m.u_conv3.u_weights._17094_/X
 m.u_conv3.u_weights._17095_/X
 m.u_conv3.u_weights._17096_/X
 m.u_conv3.u_weights._17097_/Y
 m.u_conv3.u_weights._17098_/Y
 m.u_conv3.u_weights._17099_/Y
 m.u_conv3.u_weights._17100_/Y
 m.u_conv3.u_weights._17101_/Y
 m.u_conv3.u_weights._17102_/Y
 m.u_conv3.u_weights._17103_/Y
 m.u_conv3.u_weights._17104_/Y
 m.u_conv3.u_weights._17105_/Y
 m.u_conv3.u_weights._17106_/Y
 m.u_conv3.u_weights._17107_/Y
 m.u_conv3.u_weights._17108_/Y
 m.u_conv3.u_weights._17109_/Y
 m.u_conv3.u_weights._17110_/Y
 m.u_conv3.u_weights._17111_/Y
 m.u_conv3.u_weights._17112_/X
 m.u_conv3.u_weights._17113_/Y
 m.u_conv3.u_weights._17114_/X
 m.u_conv3.u_weights._17115_/Y
 m.u_conv3.u_weights._17116_/Y
 m.u_conv3.u_weights._17117_/Y
 m.u_conv3.u_weights._17118_/Y
 m.u_conv3.u_weights._17119_/Y
 m.u_conv3.u_weights._17120_/X
 m.u_conv3.u_weights._17121_/Y
 m.u_conv3.u_weights._17122_/Y
 m.u_conv3.u_weights._17123_/Y
 m.u_conv3.u_weights._17124_/X
 m.u_conv3.u_weights._17125_/X
 m.u_conv3.u_weights._17126_/Y
 m.u_conv3.u_weights._17127_/Y
 m.u_conv3.u_weights._17128_/X
 m.u_conv3.u_weights._17129_/Y
 m.u_conv3.u_weights._17130_/X
 m.u_conv3.u_weights._17131_/X
 m.u_conv3.u_weights._17132_/Y
 m.u_conv3.u_weights._17133_/Y
 m.u_conv3.u_weights._17134_/Y
 m.u_conv3.u_weights._17135_/Y
 m.u_conv3.u_weights._17136_/X
 m.u_conv3.u_weights._17137_/X
 m.u_conv3.u_weights._17138_/Y
 m.u_conv3.u_weights._17139_/Y
 m.u_conv3.u_weights._17140_/Y
 m.u_conv3.u_weights._17141_/X
 m.u_conv3.u_weights._17142_/Y
 m.u_conv3.u_weights._17143_/Y
 m.u_conv3.u_weights._17144_/Y
 m.u_conv3.u_weights._17145_/Y
 m.u_conv3.u_weights._17146_/X
 m.u_conv3.u_weights._17147_/Y
 m.u_conv3.u_weights._17148_/Y
 m.u_conv3.u_weights._17149_/Y
 m.u_conv3.u_weights._17150_/X
 m.u_conv3.u_weights._17151_/X
 m.u_conv3.u_weights._17152_/Y
 m.u_conv3.u_weights._17153_/Y
 m.u_conv3.u_weights._17154_/X
 m.u_conv3.u_weights._17155_/Y
 m.u_conv3.u_weights._17156_/Y
 m.u_conv3.u_weights._17157_/Y
 m.u_conv3.u_weights._17158_/Y
 m.u_conv3.u_weights._17159_/X
 m.u_conv3.u_weights._17160_/X
 m.u_conv3.u_weights._17161_/Y
 m.u_conv3.u_weights._17162_/Y
 m.u_conv3.u_weights._17163_/Y
 m.u_conv3.u_weights._17164_/X
 m.u_conv3.u_weights._17165_/Y
 m.u_conv3.u_weights._17166_/X
 m.u_conv3.u_weights._17167_/X
 m.u_conv3.u_weights._17168_/Y
 m.u_conv3.u_weights._17169_/Y
 m.u_conv3.u_weights._17170_/Y
 m.u_conv3.u_weights._17171_/Y
 m.u_conv3.u_weights._17172_/Y
 m.u_conv3.u_weights._17173_/Y
 m.u_conv3.u_weights._17174_/Y
 m.u_conv3.u_weights._17175_/Y
 m.u_conv3.u_weights._17176_/Y
 m.u_conv3.u_weights._17177_/Y
 m.u_conv3.u_weights._17178_/X
 m.u_conv3.u_weights._17179_/Y
 m.u_conv3.u_weights._17180_/X
 m.u_conv3.u_weights._17181_/Y
 m.u_conv3.u_weights._17182_/Y
 m.u_conv3.u_weights._17183_/X
 m.u_conv3.u_weights._17184_/X
 m.u_conv3.u_weights._17185_/Y
 m.u_conv3.u_weights._17186_/Y
 m.u_conv3.u_weights._17187_/X
 m.u_conv3.u_weights._17188_/X
 m.u_conv3.u_weights._17189_/Y
 m.u_conv3.u_weights._17190_/Y
 m.u_conv3.u_weights._17191_/Y
 m.u_conv3.u_weights._17192_/Y
 m.u_conv3.u_weights._17193_/X
 m.u_conv3.u_weights._17194_/Y
 m.u_conv3.u_weights._17195_/Y
 m.u_conv3.u_weights._17196_/X
 m.u_conv3.u_weights._17197_/Y
 m.u_conv3.u_weights._17198_/Y
 m.u_conv3.u_weights._17199_/X
 m.u_conv3.u_weights._17200_/Y
 m.u_conv3.u_weights._17201_/Y
 m.u_conv3.u_weights._17202_/Y
 m.u_conv3.u_weights._17203_/Y
 m.u_conv3.u_weights._17204_/X
 m.u_conv3.u_weights._17205_/Y
 m.u_conv3.u_weights._17206_/Y
 m.u_conv3.u_weights._17207_/Y
 m.u_conv3.u_weights._17208_/Y
 m.u_conv3.u_weights._17209_/X
 m.u_conv3.u_weights._17210_/Y
 m.u_conv3.u_weights._17211_/X
 m.u_conv3.u_weights._17212_/Y
 m.u_conv3.u_weights._17213_/X
 m.u_conv3.u_weights._17214_/Y
 m.u_conv3.u_weights._17215_/X
 m.u_conv3.u_weights._17216_/Y
 m.u_conv3.u_weights._17217_/Y
 m.u_conv3.u_weights._17218_/X
 m.u_conv3.u_weights._17219_/X
 m.u_conv3.u_weights._17220_/Y
 m.u_conv3.u_weights._17221_/Y
 m.u_conv3.u_weights._17222_/Y
 m.u_conv3.u_weights._17223_/Y
 m.u_conv3.u_weights._17224_/X
 m.u_conv3.u_weights._17225_/X
 m.u_conv3.u_weights._17226_/Y
 m.u_conv3.u_weights._17227_/Y
 m.u_conv3.u_weights._17228_/Y
 m.u_conv3.u_weights._17229_/X
 m.u_conv3.u_weights._17230_/X
 m.u_conv3.u_weights._17231_/Y
 m.u_conv3.u_weights._17232_/Y
 m.u_conv3.u_weights._17233_/X
 m.u_conv3.u_weights._17234_/Y
 m.u_conv3.u_weights._17235_/X
 m.u_conv3.u_weights._17236_/Y
 m.u_conv3.u_weights._17237_/X
 m.u_conv3.u_weights._17238_/Y
 m.u_conv3.u_weights._17239_/X
 m.u_conv3.u_weights._17240_/Y
 m.u_conv3.u_weights._17241_/Y
 m.u_conv3.u_weights._17242_/Y
 m.u_conv3.u_weights._17243_/Y
 m.u_conv3.u_weights._17244_/Y
 m.u_conv3.u_weights._17245_/Y
 m.u_conv3.u_weights._17246_/Y
 m.u_conv3.u_weights._17247_/Y
 m.u_conv3.u_weights._17248_/Y
 m.u_conv3.u_weights._17249_/Y
 m.u_conv3.u_weights._17250_/Y
 m.u_conv3.u_weights._17251_/Y
 m.u_conv3.u_weights._17252_/X
 m.u_conv3.u_weights._17253_/Y
 m.u_conv3.u_weights._17254_/X
 m.u_conv3.u_weights._17255_/X
 m.u_conv3.u_weights._17256_/X
 m.u_conv3.u_weights._17257_/X
 m.u_conv3.u_weights._17258_/Y
 m.u_conv3.u_weights._17259_/X
 m.u_conv3.u_weights._17260_/Y
 m.u_conv3.u_weights._17261_/Y
 m.u_conv3.u_weights._17262_/Y
 m.u_conv3.u_weights._17263_/X
 m.u_conv3.u_weights._17264_/Y
 m.u_conv3.u_weights._17265_/Y
 m.u_conv3.u_weights._17266_/Y
 m.u_conv3.u_weights._17267_/Y
 m.u_conv3.u_weights._17268_/X
 m.u_conv3.u_weights._17269_/Y
 m.u_conv3.u_weights._17270_/Y
 m.u_conv3.u_weights._17271_/Y
 m.u_conv3.u_weights._17272_/Y
 m.u_conv3.u_weights._17273_/Y
 m.u_conv3.u_weights._17274_/Y
 m.u_conv3.u_weights._17275_/Y
 m.u_conv3.u_weights._17276_/Y
 m.u_conv3.u_weights._17277_/X
 m.u_conv3.u_weights._17278_/Y
 m.u_conv3.u_weights._17279_/Y
 m.u_conv3.u_weights._17280_/Y
 m.u_conv3.u_weights._17281_/Y
 m.u_conv3.u_weights._17282_/Y
 m.u_conv3.u_weights._17283_/X
 m.u_conv3.u_weights._17284_/Y
 m.u_conv3.u_weights._17285_/Y
 m.u_conv3.u_weights._17286_/Y
 m.u_conv3.u_weights._17287_/X
 m.u_conv3.u_weights._17288_/Y
 m.u_conv3.u_weights._17289_/Y
 m.u_conv3.u_weights._17290_/Y
 m.u_conv3.u_weights._17291_/Y
 m.u_conv3.u_weights._17292_/Y
 m.u_conv3.u_weights._17293_/X
 m.u_conv3.u_weights._17294_/Y
 m.u_conv3.u_weights._17295_/Y
 m.u_conv3.u_weights._17296_/Y
 m.u_conv3.u_weights._17297_/X
 m.u_conv3.u_weights._17298_/X
 m.u_conv3.u_weights._17299_/X
 m.u_conv3.u_weights._17300_/Y
 m.u_conv3.u_weights._17301_/Y
 m.u_conv3.u_weights._17302_/X
 m.u_conv3.u_weights._17303_/Y
 m.u_conv3.u_weights._17304_/X
 m.u_conv3.u_weights._17305_/X
 m.u_conv3.u_weights._17306_/Y
 m.u_conv3.u_weights._17307_/Y
 m.u_conv3.u_weights._17308_/Y
 m.u_conv3.u_weights._17309_/X
 m.u_conv3.u_weights._17310_/X
 m.u_conv3.u_weights._17311_/Y
 m.u_conv3.u_weights._17312_/Y
 m.u_conv3.u_weights._17313_/Y
 m.u_conv3.u_weights._17314_/Y
 m.u_conv3.u_weights._17315_/Y
 m.u_conv3.u_weights._17316_/Y
 m.u_conv3.u_weights._17317_/Y
 m.u_conv3.u_weights._17318_/Y
 m.u_conv3.u_weights._17319_/Y
 m.u_conv3.u_weights._17320_/Y
 m.u_conv3.u_weights._17321_/X
 m.u_conv3.u_weights._17322_/Y
 m.u_conv3.u_weights._17323_/Y
 m.u_conv3.u_weights._17324_/Y
 m.u_conv3.u_weights._17325_/Y
 m.u_conv3.u_weights._17326_/Y
 m.u_conv3.u_weights._17327_/Y
 m.u_conv3.u_weights._17328_/X
 m.u_conv3.u_weights._17329_/Y
 m.u_conv3.u_weights._17330_/Y
 m.u_conv3.u_weights._17331_/Y
 m.u_conv3.u_weights._17332_/Y
 m.u_conv3.u_weights._17333_/Y
 m.u_conv3.u_weights._17334_/Y
 m.u_conv3.u_weights._17335_/Y
 m.u_conv3.u_weights._17336_/Y
 m.u_conv3.u_weights._17337_/Y
 m.u_conv3.u_weights._17338_/Y
 m.u_conv3.u_weights._17339_/X
 m.u_conv3.u_weights._17340_/Y
 m.u_conv3.u_weights._17341_/Y
 m.u_conv3.u_weights._17342_/Y
 m.u_conv3.u_weights._17343_/Y
 m.u_conv3.u_weights._17344_/X
 m.u_conv3.u_weights._17345_/Y
 m.u_conv3.u_weights._17346_/X
 m.u_conv3.u_weights._17347_/Y
 m.u_conv3.u_weights._17348_/Y
 m.u_conv3.u_weights._17349_/Y
 m.u_conv3.u_weights._17350_/Y
 m.u_conv3.u_weights._17351_/X
 m.u_conv3.u_weights._17352_/X
 m.u_conv3.u_weights._17353_/Y
 m.u_conv3.u_weights._17354_/Y
 m.u_conv3.u_weights._17355_/Y
 m.u_conv3.u_weights._17356_/Y
 m.u_conv3.u_weights._17357_/X
 m.u_conv3.u_weights._17358_/Y
 m.u_conv3.u_weights._17359_/Y
 m.u_conv3.u_weights._17360_/Y
 m.u_conv3.u_weights._17361_/Y
 m.u_conv3.u_weights._17362_/Y
 m.u_conv3.u_weights._17363_/Y
 m.u_conv3.u_weights._17364_/Y
 m.u_conv3.u_weights._17365_/Y
 m.u_conv3.u_weights._17366_/Y
 m.u_conv3.u_weights._17367_/Y
 m.u_conv3.u_weights._17368_/X
 m.u_conv3.u_weights._17369_/Y
 m.u_conv3.u_weights._17370_/Y
 m.u_conv3.u_weights._17371_/Y
 m.u_conv3.u_weights._17372_/Y
 m.u_conv3.u_weights._17373_/Y
 m.u_conv3.u_weights._17374_/Y
 m.u_conv3.u_weights._17375_/Y
 m.u_conv3.u_weights._17376_/Y
 m.u_conv3.u_weights._17377_/Y
 m.u_conv3.u_weights._17378_/X
 m.u_conv3.u_weights._17379_/Y
 m.u_conv3.u_weights._17380_/Y
 m.u_conv3.u_weights._17381_/Y
 m.u_conv3.u_weights._17382_/Y
 m.u_conv3.u_weights._17383_/Y
 m.u_conv3.u_weights._17384_/X
 m.u_conv3.u_weights._17385_/Y
 m.u_conv3.u_weights._17386_/Y
 m.u_conv3.u_weights._17387_/Y
 m.u_conv3.u_weights._17388_/Y
 m.u_conv3.u_weights._17389_/Y
 m.u_conv3.u_weights._17390_/Y
 m.u_conv3.u_weights._17391_/Y
 m.u_conv3.u_weights._17392_/Y
 m.u_conv3.u_weights._17393_/Y
 m.u_conv3.u_weights._17394_/X
 m.u_conv3.u_weights._17395_/Y
 m.u_conv3.u_weights._17396_/Y
 m.u_conv3.u_weights._17397_/Y
 m.u_conv3.u_weights._17398_/Y
 m.u_conv3.u_weights._17399_/X
 m.u_conv3.u_weights._17400_/Y
 m.u_conv3.u_weights._17401_/Y
 m.u_conv3.u_weights._17402_/Y
 m.u_conv3.u_weights._17403_/X
 m.u_conv3.u_weights._17404_/Y
 m.u_conv3.u_weights._17405_/Y
 m.u_conv3.u_weights._17406_/Y
 m.u_conv3.u_weights._17407_/X
 m.u_conv3.u_weights._17408_/X
 m.u_conv3.u_weights._17409_/Y
 m.u_conv3.u_weights._17410_/Y
 m.u_conv3.u_weights._17411_/Y
 m.u_conv3.u_weights._17412_/Y
 m.u_conv3.u_weights._17413_/Y
 m.u_conv3.u_weights._17414_/Y
 m.u_conv3.u_weights._17415_/X
 m.u_conv3.u_weights._17416_/Y
 m.u_conv3.u_weights._17417_/X
 m.u_conv3.u_weights._17418_/Y
 m.u_conv3.u_weights._17419_/X
 m.u_conv3.u_weights._17420_/Y
 m.u_conv3.u_weights._17421_/Y
 m.u_conv3.u_weights._17422_/Y
 m.u_conv3.u_weights._17423_/Y
 m.u_conv3.u_weights._17424_/X
 m.u_conv3.u_weights._17425_/Y
 m.u_conv3.u_weights._17426_/Y
 m.u_conv3.u_weights._17427_/X
 m.u_conv3.u_weights._17428_/Y
 m.u_conv3.u_weights._17429_/X
 m.u_conv3.u_weights._17430_/Y
 m.u_conv3.u_weights._17431_/Y
 m.u_conv3.u_weights._17432_/Y
 m.u_conv3.u_weights._17433_/Y
 m.u_conv3.u_weights._17434_/Y
 m.u_conv3.u_weights._17435_/Y
 m.u_conv3.u_weights._17436_/Y
 m.u_conv3.u_weights._17437_/Y
 m.u_conv3.u_weights._17438_/Y
 m.u_conv3.u_weights._17439_/X
 m.u_conv3.u_weights._17440_/Y
 m.u_conv3.u_weights._17441_/X
 m.u_conv3.u_weights._17442_/Y
 m.u_conv3.u_weights._17443_/Y
 m.u_conv3.u_weights._17444_/Y
 m.u_conv3.u_weights._17445_/Y
 m.u_conv3.u_weights._17446_/Y
 m.u_conv3.u_weights._17447_/Y
 m.u_conv3.u_weights._17448_/Y
 m.u_conv3.u_weights._17449_/X
 m.u_conv3.u_weights._17450_/X
 m.u_conv3.u_weights._17451_/Y
 m.u_conv3.u_weights._17452_/Y
 m.u_conv3.u_weights._17453_/Y
 m.u_conv3.u_weights._17454_/Y
 m.u_conv3.u_weights._17455_/Y
 m.u_conv3.u_weights._17456_/X
 m.u_conv3.u_weights._17457_/Y
 m.u_conv3.u_weights._17458_/Y
 m.u_conv3.u_weights._17459_/Y
 m.u_conv3.u_weights._17460_/X
 m.u_conv3.u_weights._17461_/Y
 m.u_conv3.u_weights._17462_/Y
 m.u_conv3.u_weights._17463_/X
 m.u_conv3.u_weights._17464_/Y
 m.u_conv3.u_weights._17465_/Y
 m.u_conv3.u_weights._17466_/X
 m.u_conv3.u_weights._17467_/Y
 m.u_conv3.u_weights._17468_/Y
 m.u_conv3.u_weights._17469_/Y
 m.u_conv3.u_weights._17470_/Y
 m.u_conv3.u_weights._17471_/Y
 m.u_conv3.u_weights._17472_/Y
 m.u_conv3.u_weights._17473_/Y
 m.u_conv3.u_weights._17474_/Y
 m.u_conv3.u_weights._17475_/Y
 m.u_conv3.u_weights._17476_/Y
 m.u_conv3.u_weights._17477_/Y
 m.u_conv3.u_weights._17478_/Y
 m.u_conv3.u_weights._17479_/Y
 m.u_conv3.u_weights._17480_/X
 m.u_conv3.u_weights._17481_/Y
 m.u_conv3.u_weights._17482_/Y
 m.u_conv3.u_weights._17483_/X
 m.u_conv3.u_weights._17484_/X
 m.u_conv3.u_weights._17485_/X
 m.u_conv3.u_weights._17486_/Y
 m.u_conv3.u_weights._17487_/Y
 m.u_conv3.u_weights._17488_/Y
 m.u_conv3.u_weights._17489_/Y
 m.u_conv3.u_weights._17490_/X
 m.u_conv3.u_weights._17491_/Y
 m.u_conv3.u_weights._17492_/Y
 m.u_conv3.u_weights._17493_/Y
 m.u_conv3.u_weights._17494_/Y
 m.u_conv3.u_weights._17495_/Y
 m.u_conv3.u_weights._17496_/Y
 m.u_conv3.u_weights._17497_/X
 m.u_conv3.u_weights._17498_/X
 m.u_conv3.u_weights._17499_/Y
 m.u_conv3.u_weights._17500_/Y
 m.u_conv3.u_weights._17501_/X
 m.u_conv3.u_weights._17502_/Y
 m.u_conv3.u_weights._17503_/Y
 m.u_conv3.u_weights._17504_/Y
 m.u_conv3.u_weights._17505_/Y
 m.u_conv3.u_weights._17506_/Y
 m.u_conv3.u_weights._17507_/Y
 m.u_conv3.u_weights._17508_/Y
 m.u_conv3.u_weights._17509_/X
 m.u_conv3.u_weights._17510_/X
 m.u_conv3.u_weights._17511_/Y
 m.u_conv3.u_weights._17512_/X
 m.u_conv3.u_weights._17513_/Y
 m.u_conv3.u_weights._17514_/X
 m.u_conv3.u_weights._17515_/X
 m.u_conv3.u_weights._17516_/Y
 m.u_conv3.u_weights._17517_/X
 m.u_conv3.u_weights._17518_/Y
 m.u_conv3.u_weights._17519_/X
 m.u_conv3.u_weights._17520_/Y
 m.u_conv3.u_weights._17521_/Y
 m.u_conv3.u_weights._17522_/Y
 m.u_conv3.u_weights._17523_/Y
 m.u_conv3.u_weights._17524_/Y
 m.u_conv3.u_weights._17525_/Y
 m.u_conv3.u_weights._17526_/Y
 m.u_conv3.u_weights._17527_/X
 m.u_conv3.u_weights._17528_/Y
 m.u_conv3.u_weights._17529_/Y
 m.u_conv3.u_weights._17530_/Y
 m.u_conv3.u_weights._17531_/Y
 m.u_conv3.u_weights._17532_/Y
 m.u_conv3.u_weights._17533_/Y
 m.u_conv3.u_weights._17534_/X
 m.u_conv3.u_weights._17535_/Y
 m.u_conv3.u_weights._17536_/Y
 m.u_conv3.u_weights._17537_/Y
 m.u_conv3.u_weights._17538_/Y
 m.u_conv3.u_weights._17539_/Y
 m.u_conv3.u_weights._17540_/Y
 m.u_conv3.u_weights._17541_/Y
 m.u_conv3.u_weights._17542_/Y
 m.u_conv3.u_weights._17543_/Y
 m.u_conv3.u_weights._17544_/Y
 m.u_conv3.u_weights._17545_/Y
 m.u_conv3.u_weights._17546_/Y
 m.u_conv3.u_weights._17547_/X
 m.u_conv3.u_weights._17548_/X
 m.u_conv3.u_weights._17549_/X
 m.u_conv3.u_weights._17550_/Y
 m.u_conv3.u_weights._17551_/Y
 m.u_conv3.u_weights._17552_/Y
 m.u_conv3.u_weights._17553_/X
 m.u_conv3.u_weights._17554_/Y
 m.u_conv3.u_weights._17555_/Y
 m.u_conv3.u_weights._17556_/Y
 m.u_conv3.u_weights._17557_/Y
 m.u_conv3.u_weights._17558_/Y
 m.u_conv3.u_weights._17559_/X
 m.u_conv3.u_weights._17560_/Y
 m.u_conv3.u_weights._17561_/Y
 m.u_conv3.u_weights._17562_/Y
 m.u_conv3.u_weights._17563_/X
 m.u_conv3.u_weights._17564_/X
 m.u_conv3.u_weights._17565_/X
 m.u_conv3.u_weights._17566_/Y
 m.u_conv3.u_weights._17567_/X
 m.u_conv3.u_weights._17568_/Y
 m.u_conv3.u_weights._17569_/X
 m.u_conv3.u_weights._17570_/Y
 m.u_conv3.u_weights._17571_/Y
 m.u_conv3.u_weights._17572_/X
 m.u_conv3.u_weights._17573_/X
 m.u_conv3.u_weights._17574_/Y
 m.u_conv3.u_weights._17575_/Y
 m.u_conv3.u_weights._17576_/Y
 m.u_conv3.u_weights._17577_/Y
 m.u_conv3.u_weights._17578_/Y
 m.u_conv3.u_weights._17579_/Y
 m.u_conv3.u_weights._17580_/Y
 m.u_conv3.u_weights._17581_/Y
 m.u_conv3.u_weights._17582_/Y
 m.u_conv3.u_weights._17583_/X
 m.u_conv3.u_weights._17584_/Y
 m.u_conv3.u_weights._17585_/X
 m.u_conv3.u_weights._17586_/Y
 m.u_conv3.u_weights._17587_/Y
 m.u_conv3.u_weights._17588_/X
 m.u_conv3.u_weights._17589_/X
 m.u_conv3.u_weights._17590_/Y
 m.u_conv3.u_weights._17591_/Y
 m.u_conv3.u_weights._17592_/X
 m.u_conv3.u_weights._17593_/Y
 m.u_conv3.u_weights._17594_/Y
 m.u_conv3.u_weights._17595_/Y
 m.u_conv3.u_weights._17596_/Y
 m.u_conv3.u_weights._17597_/Y
 m.u_conv3.u_weights._17598_/X
 m.u_conv3.u_weights._17599_/X
 m.u_conv3.u_weights._17600_/Y
 m.u_conv3.u_weights._17601_/Y
 m.u_conv3.u_weights._17602_/Y
 m.u_conv3.u_weights._17603_/Y
 m.u_conv3.u_weights._17604_/Y
 m.u_conv3.u_weights._17605_/Y
 m.u_conv3.u_weights._17606_/Y
 m.u_conv3.u_weights._17607_/Y
 m.u_conv3.u_weights._17608_/Y
 m.u_conv3.u_weights._17609_/X
 m.u_conv3.u_weights._17610_/Y
 m.u_conv3.u_weights._17611_/Y
 m.u_conv3.u_weights._17612_/Y
 m.u_conv3.u_weights._17613_/Y
 m.u_conv3.u_weights._17614_/Y
 m.u_conv3.u_weights._17615_/X
 m.u_conv3.u_weights._17616_/Y
 m.u_conv3.u_weights._17617_/Y
 m.u_conv3.u_weights._17618_/X
 m.u_conv3.u_weights._17619_/Y
 m.u_conv3.u_weights._17620_/Y
 m.u_conv3.u_weights._17621_/X
 m.u_conv3.u_weights._17622_/Y
 m.u_conv3.u_weights._17623_/Y
 m.u_conv3.u_weights._17624_/Y
 m.u_conv3.u_weights._17625_/Y
 m.u_conv3.u_weights._17626_/Y
 m.u_conv3.u_weights._17627_/X
 m.u_conv3.u_weights._17628_/Y
 m.u_conv3.u_weights._17629_/Y
 m.u_conv3.u_weights._17630_/Y
 m.u_conv3.u_weights._17631_/Y
 m.u_conv3.u_weights._17632_/Y
 m.u_conv3.u_weights._17633_/Y
 m.u_conv3.u_weights._17634_/Y
 m.u_conv3.u_weights._17635_/Y
 m.u_conv3.u_weights._17636_/Y
 m.u_conv3.u_weights._17637_/Y
 m.u_conv3.u_weights._17638_/Y
 m.u_conv3.u_weights._17639_/X
 m.u_conv3.u_weights._17640_/Y
 m.u_conv3.u_weights._17641_/Y
 m.u_conv3.u_weights._17642_/X
 m.u_conv3.u_weights._17643_/Y
 m.u_conv3.u_weights._17644_/Y
 m.u_conv3.u_weights._17645_/Y
 m.u_conv3.u_weights._17646_/Y
 m.u_conv3.u_weights._17647_/Y
 m.u_conv3.u_weights._17648_/X
 m.u_conv3.u_weights._17649_/Y
 m.u_conv3.u_weights._17650_/Y
 m.u_conv3.u_weights._17651_/Y
 m.u_conv3.u_weights._17652_/X
 m.u_conv3.u_weights._17653_/Y
 m.u_conv3.u_weights._17654_/Y
 m.u_conv3.u_weights._17655_/Y
 m.u_conv3.u_weights._17656_/Y
 m.u_conv3.u_weights._17657_/Y
 m.u_conv3.u_weights._17658_/Y
 m.u_conv3.u_weights._17659_/Y
 m.u_conv3.u_weights._17660_/Y
 m.u_conv3.u_weights._17661_/Y
 m.u_conv3.u_weights._17662_/Y
 m.u_conv3.u_weights._17663_/Y
 m.u_conv3.u_weights._17664_/X
 m.u_conv3.u_weights._17665_/Y
 m.u_conv3.u_weights._17666_/Y
 m.u_conv3.u_weights._17667_/Y
 m.u_conv3.u_weights._17668_/Y
 m.u_conv3.u_weights._17669_/Y
 m.u_conv3.u_weights._17670_/Y
 m.u_conv3.u_weights._17671_/Y
 m.u_conv3.u_weights._17672_/Y
 m.u_conv3.u_weights._17673_/Y
 m.u_conv3.u_weights._17674_/Y
 m.u_conv3.u_weights._17675_/X
 m.u_conv3.u_weights._17676_/Y
 m.u_conv3.u_weights._17677_/Y
 m.u_conv3.u_weights._17678_/X
 m.u_conv3.u_weights._17679_/Y
 m.u_conv3.u_weights._17680_/X
 m.u_conv3.u_weights._17681_/Y
 m.u_conv3.u_weights._17682_/X
 m.u_conv3.u_weights._17683_/X
 m.u_conv3.u_weights._17684_/Y
 m.u_conv3.u_weights._17685_/X
 m.u_conv3.u_weights._17686_/X
 m.u_conv3.u_weights._17687_/X
 m.u_conv3.u_weights._17688_/Y
 m.u_conv3.u_weights._17689_/Y
 m.u_conv3.u_weights._17690_/Y
 m.u_conv3.u_weights._17691_/Y
 m.u_conv3.u_weights._17692_/Y
 m.u_conv3.u_weights._17693_/Y
 m.u_conv3.u_weights._17694_/Y
 m.u_conv3.u_weights._17695_/Y
 m.u_conv3.u_weights._17696_/Y
 m.u_conv3.u_weights._17697_/Y
 m.u_conv3.u_weights._17698_/Y
 m.u_conv3.u_weights._17699_/X
 m.u_conv3.u_weights._17700_/Y
 m.u_conv3.u_weights._17701_/Y
 m.u_conv3.u_weights._17702_/Y
 m.u_conv3.u_weights._17703_/Y
 m.u_conv3.u_weights._17704_/Y
 m.u_conv3.u_weights._17705_/Y
 m.u_conv3.u_weights._17706_/Y
 m.u_conv3.u_weights._17707_/Y
 m.u_conv3.u_weights._17708_/Y
 m.u_conv3.u_weights._17709_/Y
 m.u_conv3.u_weights._17710_/Y
 m.u_conv3.u_weights._17711_/Y
 m.u_conv3.u_weights._17712_/Y
 m.u_conv3.u_weights._17713_/Y
 m.u_conv3.u_weights._17714_/X
 m.u_conv3.u_weights._17715_/Y
 m.u_conv3.u_weights._17716_/Y
 m.u_conv3.u_weights._17717_/X
 m.u_conv3.u_weights._17718_/Y
 m.u_conv3.u_weights._17719_/Y
 m.u_conv3.u_weights._17720_/X
 m.u_conv3.u_weights._17721_/Y
 m.u_conv3.u_weights._17722_/Y
 m.u_conv3.u_weights._17723_/Y
 m.u_conv3.u_weights._17724_/Y
 m.u_conv3.u_weights._17725_/Y
 m.u_conv3.u_weights._17726_/X
 m.u_conv3.u_weights._17727_/Y
 m.u_conv3.u_weights._17728_/Y
 m.u_conv3.u_weights._17729_/Y
 m.u_conv3.u_weights._17730_/Y
 m.u_conv3.u_weights._17731_/Y
 m.u_conv3.u_weights._17732_/Y
 m.u_conv3.u_weights._17733_/Y
 m.u_conv3.u_weights._17734_/X
 m.u_conv3.u_weights._17735_/Y
 m.u_conv3.u_weights._17736_/Y
 m.u_conv3.u_weights._17737_/Y
 m.u_conv3.u_weights._17738_/Y
 m.u_conv3.u_weights._17739_/Y
 m.u_conv3.u_weights._17740_/X
 m.u_conv3.u_weights._17741_/Y
 m.u_conv3.u_weights._17742_/Y
 m.u_conv3.u_weights._17743_/Y
 m.u_conv3.u_weights._17744_/X
 m.u_conv3.u_weights._17745_/Y
 m.u_conv3.u_weights._17746_/Y
 m.u_conv3.u_weights._17747_/Y
 m.u_conv3.u_weights._17748_/Y
 m.u_conv3.u_weights._17749_/Y
 m.u_conv3.u_weights._17750_/Y
 m.u_conv3.u_weights._17751_/Y
 m.u_conv3.u_weights._17752_/Y
 m.u_conv3.u_weights._17753_/Y
 m.u_conv3.u_weights._17754_/Y
 m.u_conv3.u_weights._17755_/Y
 m.u_conv3.u_weights._17756_/Y
 m.u_conv3.u_weights._17757_/Y
 m.u_conv3.u_weights._17758_/Y
 m.u_conv3.u_weights._17759_/Y
 m.u_conv3.u_weights._17760_/Y
 m.u_conv3.u_weights._17761_/X
 m.u_conv3.u_weights._17762_/Y
 m.u_conv3.u_weights._17763_/Y
 m.u_conv3.u_weights._17764_/X
 m.u_conv3.u_weights._17765_/Y
 m.u_conv3.u_weights._17766_/Y
 m.u_conv3.u_weights._17767_/Y
 m.u_conv3.u_weights._17768_/Y
 m.u_conv3.u_weights._17769_/Y
 m.u_conv3.u_weights._17770_/X
 m.u_conv3.u_weights._17771_/Y
 m.u_conv3.u_weights._17772_/Y
 m.u_conv3.u_weights._17773_/X
 m.u_conv3.u_weights._17774_/X
 m.u_conv3.u_weights._17775_/Y
 m.u_conv3.u_weights._17776_/X
 m.u_conv3.u_weights._17777_/Y
 m.u_conv3.u_weights._17778_/Y
 m.u_conv3.u_weights._17779_/Y
 m.u_conv3.u_weights._17780_/Y
 m.u_conv3.u_weights._17781_/Y
 m.u_conv3.u_weights._17782_/Y
 m.u_conv3.u_weights._17783_/Y
 m.u_conv3.u_weights._17784_/Y
 m.u_conv3.u_weights._17785_/Y
 m.u_conv3.u_weights._17786_/Y
 m.u_conv3.u_weights._17787_/Y
 m.u_conv3.u_weights._17788_/Y
 m.u_conv3.u_weights._17789_/Y
 m.u_conv3.u_weights._17790_/Y
 m.u_conv3.u_weights._17791_/Y
 m.u_conv3.u_weights._17792_/Y
 m.u_conv3.u_weights._17793_/X
 m.u_conv3.u_weights._17794_/X
 m.u_conv3.u_weights._17795_/X
 m.u_conv3.u_weights._17796_/Y
 m.u_conv3.u_weights._17797_/X
 m.u_conv3.u_weights._17798_/Y
 m.u_conv3.u_weights._17799_/Y
 m.u_conv3.u_weights._17800_/X
 m.u_conv3.u_weights._17801_/Y
 m.u_conv3.u_weights._17802_/Y
 m.u_conv3.u_weights._17803_/X
 m.u_conv3.u_weights._17804_/Y
 m.u_conv3.u_weights._17805_/Y
 m.u_conv3.u_weights._17806_/X
 m.u_conv3.u_weights._17807_/Y
 m.u_conv3.u_weights._17808_/Y
 m.u_conv3.u_weights._17809_/Y
 m.u_conv3.u_weights._17810_/Y
 m.u_conv3.u_weights._17811_/Y
 m.u_conv3.u_weights._17812_/Y
 m.u_conv3.u_weights._17813_/X
 m.u_conv3.u_weights._17814_/Y
 m.u_conv3.u_weights._17815_/Y
 m.u_conv3.u_weights._17816_/Y
 m.u_conv3.u_weights._17817_/Y
 m.u_conv3.u_weights._17818_/Y
 m.u_conv3.u_weights._17819_/Y
 m.u_conv3.u_weights._17820_/X
 m.u_conv3.u_weights._17821_/X
 m.u_conv3.u_weights._17822_/Y
 m.u_conv3.u_weights._17823_/X
 m.u_conv3.u_weights._17824_/X
 m.u_conv3.u_weights._17825_/Y
 m.u_conv3.u_weights._17826_/X
 m.u_conv3.u_weights._17827_/X
 m.u_conv3.u_weights._17828_/Y
 m.u_conv3.u_weights._17829_/X
 m.u_conv3.u_weights._17830_/X
 m.u_conv3.u_weights._17831_/Y
 m.u_conv3.u_weights._17832_/X
 m.u_conv3.u_weights._17833_/Y
 m.u_conv3.u_weights._17834_/X
 m.u_conv3.u_weights._17835_/Y
 m.u_conv3.u_weights._17836_/X
 m.u_conv3.u_weights._17837_/Y
 m.u_conv3.u_weights._17838_/Y
 m.u_conv3.u_weights._17839_/X
 m.u_conv3.u_weights._17840_/Y
 m.u_conv3.u_weights._17841_/X
 m.u_conv3.u_weights._17842_/X
 m.u_conv3.u_weights._17843_/X
 m.u_conv3.u_weights._17844_/Y
 m.u_conv3.u_weights._17845_/Y
 m.u_conv3.u_weights._17846_/X
 m.u_conv3.u_weights._17847_/Y
 m.u_conv3.u_weights._17848_/Y
 m.u_conv3.u_weights._17849_/Y
 m.u_conv3.u_weights._17850_/Y
 m.u_conv3.u_weights._17851_/Y
 m.u_conv3.u_weights._17852_/Y
 m.u_conv3.u_weights._17853_/Y
 m.u_conv3.u_weights._17854_/Y
 m.u_conv3.u_weights._17855_/Y
 m.u_conv3.u_weights._17856_/Y
 m.u_conv3.u_weights._17857_/Y
 m.u_conv3.u_weights._17858_/Y
 m.u_conv3.u_weights._17859_/Y
 m.u_conv3.u_weights._17860_/Y
 m.u_conv3.u_weights._17861_/Y
 m.u_conv3.u_weights._17862_/Y
 m.u_conv3.u_weights._17863_/Y
 m.u_conv3.u_weights._17864_/X
 m.u_conv3.u_weights._17865_/Y
 m.u_conv3.u_weights._17866_/Y
 m.u_conv3.u_weights._17867_/Y
 m.u_conv3.u_weights._17868_/X
 m.u_conv3.u_weights._17869_/Y
 m.u_conv3.u_weights._17870_/Y
 m.u_conv3.u_weights._17871_/Y
 m.u_conv3.u_weights._17872_/X
 m.u_conv3.u_weights._17873_/Y
 m.u_conv3.u_weights._17874_/Y
 m.u_conv3.u_weights._17875_/X
 m.u_conv3.u_weights._17876_/Y
 m.u_conv3.u_weights._17877_/X
 m.u_conv3.u_weights._17878_/X
 m.u_conv3.u_weights._17879_/X
 m.u_conv3.u_weights._17880_/Y
 m.u_conv3.u_weights._17881_/Y
 m.u_conv3.u_weights._17882_/Y
 m.u_conv3.u_weights._17883_/Y
 m.u_conv3.u_weights._17884_/Y
 m.u_conv3.u_weights._17885_/X
 m.u_conv3.u_weights._17886_/X
 m.u_conv3.u_weights._17887_/X
 m.u_conv3.u_weights._17888_/Y
 m.u_conv3.u_weights._17889_/Y
 m.u_conv3.u_weights._17890_/Y
 m.u_conv3.u_weights._17891_/Y
 m.u_conv3.u_weights._17892_/Y
 m.u_conv3.u_weights._17893_/Y
 m.u_conv3.u_weights._17894_/Y
 m.u_conv3.u_weights._17895_/Y
 m.u_conv3.u_weights._17896_/Y
 m.u_conv3.u_weights._17897_/Y
 m.u_conv3.u_weights._17898_/X
 m.u_conv3.u_weights._17899_/X
 m.u_conv3.u_weights._17900_/X
 m.u_conv3.u_weights._17901_/Y
 m.u_conv3.u_weights._17902_/Y
 m.u_conv3.u_weights._17903_/Y
 m.u_conv3.u_weights._17904_/Y
 m.u_conv3.u_weights._17905_/Y
 m.u_conv3.u_weights._17906_/X
 m.u_conv3.u_weights._17907_/X
 m.u_conv3.u_weights._17908_/X
 m.u_conv3.u_weights._17909_/Y
 m.u_conv3.u_weights._17910_/Y
 m.u_conv3.u_weights._17911_/Y
 m.u_conv3.u_weights._17912_/Y
 m.u_conv3.u_weights._17913_/X
 m.u_conv3.u_weights._17914_/X
 m.u_conv3.u_weights._17915_/Y
 m.u_conv3.u_weights._17916_/X
 m.u_conv3.u_weights._17917_/Y
 m.u_conv3.u_weights._17918_/X
 m.u_conv3.u_weights._17919_/Y
 m.u_conv3.u_weights._17920_/Y
 m.u_conv3.u_weights._17921_/X
 m.u_conv3.u_weights._17922_/Y
 m.u_conv3.u_weights._17923_/Y
 m.u_conv3.u_weights._17924_/Y
 m.u_conv3.u_weights._17925_/Y
 m.u_conv3.u_weights._17926_/Y
 m.u_conv3.u_weights._17927_/Y
 m.u_conv3.u_weights._17928_/Y
 m.u_conv3.u_weights._17929_/Y
 m.u_conv3.u_weights._17930_/X
 m.u_conv3.u_weights._17931_/Y
 m.u_conv3.u_weights._17932_/Y
 m.u_conv3.u_weights._17933_/Y
 m.u_conv3.u_weights._17934_/Y
 m.u_conv3.u_weights._17935_/Y
 m.u_conv3.u_weights._17936_/Y
 m.u_conv3.u_weights._17937_/X
 m.u_conv3.u_weights._17938_/X
 m.u_conv3.u_weights._17939_/Y
 m.u_conv3.u_weights._17940_/X
 m.u_conv3.u_weights._17941_/Y
 m.u_conv3.u_weights._17942_/Y
 m.u_conv3.u_weights._17943_/Y
 m.u_conv3.u_weights._17944_/Y
 m.u_conv3.u_weights._17945_/X
 m.u_conv3.u_weights._17946_/Y
 m.u_conv3.u_weights._17947_/X
 m.u_conv3.u_weights._17948_/Y
 m.u_conv3.u_weights._17949_/Y
 m.u_conv3.u_weights._17950_/X
 m.u_conv3.u_weights._17951_/X
 m.u_conv3.u_weights._17952_/Y
 m.u_conv3.u_weights._17953_/Y
 m.u_conv3.u_weights._17954_/Y
 m.u_conv3.u_weights._17955_/Y
 m.u_conv3.u_weights._17956_/Y
 m.u_conv3.u_weights._17957_/Y
 m.u_conv3.u_weights._17958_/Y
 m.u_conv3.u_weights._17959_/Y
 m.u_conv3.u_weights._17960_/Y
 m.u_conv3.u_weights._17961_/Y
 m.u_conv3.u_weights._17962_/X
 m.u_conv3.u_weights._17963_/Y
 m.u_conv3.u_weights._17964_/Y
 m.u_conv3.u_weights._17965_/Y
 m.u_conv3.u_weights._17966_/Y
 m.u_conv3.u_weights._17967_/Y
 m.u_conv3.u_weights._17968_/Y
 m.u_conv3.u_weights._17969_/X
 m.u_conv3.u_weights._17970_/X
 m.u_conv3.u_weights._17971_/X
 m.u_conv3.u_weights._17972_/Y
 m.u_conv3.u_weights._17973_/Y
 m.u_conv3.u_weights._17974_/X
 m.u_conv3.u_weights._17975_/Y
 m.u_conv3.u_weights._17976_/X
 m.u_conv3.u_weights._17977_/Y
 m.u_conv3.u_weights._17978_/Y
 m.u_conv3.u_weights._17979_/X
 m.u_conv3.u_weights._17980_/X
 m.u_conv3.u_weights._17981_/Y
 m.u_conv3.u_weights._17982_/X
 m.u_conv3.u_weights._17983_/Y
 m.u_conv3.u_weights._17984_/X
 m.u_conv3.u_weights._17985_/Y
 m.u_conv3.u_weights._17986_/Y
 m.u_conv3.u_weights._17987_/X
 m.u_conv3.u_weights._17988_/Y
 m.u_conv3.u_weights._17989_/Y
 m.u_conv3.u_weights._17990_/Y
 m.u_conv3.u_weights._17991_/Y
 m.u_conv3.u_weights._17992_/Y
 m.u_conv3.u_weights._17993_/X
 m.u_conv3.u_weights._17994_/Y
 m.u_conv3.u_weights._17995_/Y
 m.u_conv3.u_weights._17996_/Y
 m.u_conv3.u_weights._17997_/Y
 m.u_conv3.u_weights._17998_/X
 m.u_conv3.u_weights._17999_/Y
 m.u_conv3.u_weights._18000_/X
 m.u_conv3.u_weights._18001_/Y
 m.u_conv3.u_weights._18002_/Y
 m.u_conv3.u_weights._18003_/X
 m.u_conv3.u_weights._18004_/Y
 m.u_conv3.u_weights._18005_/Y
 m.u_conv3.u_weights._18006_/Y
 m.u_conv3.u_weights._18007_/Y
 m.u_conv3.u_weights._18008_/Y
 m.u_conv3.u_weights._18009_/X
 m.u_conv3.u_weights._18010_/Y
 m.u_conv3.u_weights._18011_/Y
 m.u_conv3.u_weights._18012_/Y
 m.u_conv3.u_weights._18013_/Y
 m.u_conv3.u_weights._18014_/Y
 m.u_conv3.u_weights._18015_/Y
 m.u_conv3.u_weights._18016_/X
 m.u_conv3.u_weights._18017_/Y
 m.u_conv3.u_weights._18018_/Y
 m.u_conv3.u_weights._18019_/Y
 m.u_conv3.u_weights._18020_/Y
 m.u_conv3.u_weights._18021_/Y
 m.u_conv3.u_weights._18022_/Y
 m.u_conv3.u_weights._18023_/Y
 m.u_conv3.u_weights._18024_/Y
 m.u_conv3.u_weights._18025_/Y
 m.u_conv3.u_weights._18026_/Y
 m.u_conv3.u_weights._18027_/X
 m.u_conv3.u_weights._18028_/Y
 m.u_conv3.u_weights._18029_/Y
 m.u_conv3.u_weights._18030_/Y
 m.u_conv3.u_weights._18031_/Y
 m.u_conv3.u_weights._18032_/Y
 m.u_conv3.u_weights._18033_/Y
 m.u_conv3.u_weights._18034_/Y
 m.u_conv3.u_weights._18035_/X
 m.u_conv3.u_weights._18036_/Y
 m.u_conv3.u_weights._18037_/X
 m.u_conv3.u_weights._18038_/Y
 m.u_conv3.u_weights._18039_/X
 m.u_conv3.u_weights._18040_/X
 m.u_conv3.u_weights._18041_/X
 m.u_conv3.u_weights._18042_/X
 m.u_conv3.u_weights._18043_/Y
 m.u_conv3.u_weights._18044_/X
 m.u_conv3.u_weights._18045_/Y
 m.u_conv3.u_weights._18046_/Y
 m.u_conv3.u_weights._18047_/Y
 m.u_conv3.u_weights._18048_/Y
 m.u_conv3.u_weights._18049_/Y
 m.u_conv3.u_weights._18050_/Y
 m.u_conv3.u_weights._18051_/Y
 m.u_conv3.u_weights._18052_/Y
 m.u_conv3.u_weights._18053_/Y
 m.u_conv3.u_weights._18054_/X
 m.u_conv3.u_weights._18055_/Y
 m.u_conv3.u_weights._18056_/X
 m.u_conv3.u_weights._18057_/Y
 m.u_conv3.u_weights._18058_/Y
 m.u_conv3.u_weights._18059_/X
 m.u_conv3.u_weights._18060_/Y
 m.u_conv3.u_weights._18061_/X
 m.u_conv3.u_weights._18062_/Y
 m.u_conv3.u_weights._18063_/Y
 m.u_conv3.u_weights._18064_/Y
 m.u_conv3.u_weights._18065_/Y
 m.u_conv3.u_weights._18066_/Y
 m.u_conv3.u_weights._18067_/X
 m.u_conv3.u_weights._18068_/Y
 m.u_conv3.u_weights._18069_/X
 m.u_conv3.u_weights._18070_/Y
 m.u_conv3.u_weights._18071_/Y
 m.u_conv3.u_weights._18072_/Y
 m.u_conv3.u_weights._18073_/Y
 m.u_conv3.u_weights._18074_/X
 m.u_conv3.u_weights._18075_/Y
 m.u_conv3.u_weights._18076_/Y
 m.u_conv3.u_weights._18077_/Y
 m.u_conv3.u_weights._18078_/Y
 m.u_conv3.u_weights._18079_/X
 m.u_conv3.u_weights._18080_/Y
 m.u_conv3.u_weights._18081_/Y
 m.u_conv3.u_weights._18082_/Y
 m.u_conv3.u_weights._18083_/Y
 m.u_conv3.u_weights._18084_/Y
 m.u_conv3.u_weights._18085_/Y
 m.u_conv3.u_weights._18086_/Y
 m.u_conv3.u_weights._18087_/X
 m.u_conv3.u_weights._18088_/Y
 m.u_conv3.u_weights._18089_/Y
 m.u_conv3.u_weights._18090_/Y
 m.u_conv3.u_weights._18091_/X
 m.u_conv3.u_weights._18092_/X
 m.u_conv3.u_weights._18093_/Y
 m.u_conv3.u_weights._18094_/Y
 m.u_conv3.u_weights._18095_/Y
 m.u_conv3.u_weights._18096_/Y
 m.u_conv3.u_weights._18097_/X
 m.u_conv3.u_weights._18098_/Y
 m.u_conv3.u_weights._18099_/Y
 m.u_conv3.u_weights._18100_/Y
 m.u_conv3.u_weights._18101_/Y
 m.u_conv3.u_weights._18102_/Y
 m.u_conv3.u_weights._18103_/Y
 m.u_conv3.u_weights._18104_/X
 m.u_conv3.u_weights._18105_/Y
 m.u_conv3.u_weights._18106_/Y
 m.u_conv3.u_weights._18107_/Y
 m.u_conv3.u_weights._18108_/X
 m.u_conv3.u_weights._18109_/Y
 m.u_conv3.u_weights._18110_/Y
 m.u_conv3.u_weights._18111_/Y
 m.u_conv3.u_weights._18112_/Y
 m.u_conv3.u_weights._18113_/Y
 m.u_conv3.u_weights._18114_/Y
 m.u_conv3.u_weights._18115_/X
 m.u_conv3.u_weights._18116_/Y
 m.u_conv3.u_weights._18117_/Y
 m.u_conv3.u_weights._18118_/Y
 m.u_conv3.u_weights._18119_/Y
 m.u_conv3.u_weights._18120_/Y
 m.u_conv3.u_weights._18121_/Y
 m.u_conv3.u_weights._18122_/Y
 m.u_conv3.u_weights._18123_/X
 m.u_conv3.u_weights._18124_/Y
 m.u_conv3.u_weights._18125_/X
 m.u_conv3.u_weights._18126_/Y
 m.u_conv3.u_weights._18127_/Y
 m.u_conv3.u_weights._18128_/X
 m.u_conv3.u_weights._18129_/Y
 m.u_conv3.u_weights._18130_/Y
 m.u_conv3.u_weights._18131_/X
 m.u_conv3.u_weights._18132_/Y
 m.u_conv3.u_weights._18133_/Y
 m.u_conv3.u_weights._18134_/X
 m.u_conv3.u_weights._18135_/Y
 m.u_conv3.u_weights._18136_/Y
 m.u_conv3.u_weights._18137_/X
 m.u_conv3.u_weights._18138_/Y
 m.u_conv3.u_weights._18139_/Y
 m.u_conv3.u_weights._18140_/Y
 m.u_conv3.u_weights._18141_/X
 m.u_conv3.u_weights._18142_/Y
 m.u_conv3.u_weights._18143_/Y
 m.u_conv3.u_weights._18144_/Y
 m.u_conv3.u_weights._18145_/Y
 m.u_conv3.u_weights._18146_/Y
 m.u_conv3.u_weights._18147_/X
 m.u_conv3.u_weights._18148_/Y
 m.u_conv3.u_weights._18149_/Y
 m.u_conv3.u_weights._18150_/Y
 m.u_conv3.u_weights._18151_/Y
 m.u_conv3.u_weights._18152_/Y
 m.u_conv3.u_weights._18153_/Y
 m.u_conv3.u_weights._18154_/Y
 m.u_conv3.u_weights._18155_/Y
 m.u_conv3.u_weights._18156_/Y
 m.u_conv3.u_weights._18157_/Y
 m.u_conv3.u_weights._18158_/Y
 m.u_conv3.u_weights._18159_/Y
 m.u_conv3.u_weights._18160_/Y
 m.u_conv3.u_weights._18161_/X
 m.u_conv3.u_weights._18162_/Y
 m.u_conv3.u_weights._18163_/Y
 m.u_conv3.u_weights._18164_/Y
 m.u_conv3.u_weights._18165_/X
 m.u_conv3.u_weights._18166_/Y
 m.u_conv3.u_weights._18167_/Y
 m.u_conv3.u_weights._18168_/Y
 m.u_conv3.u_weights._18169_/X
 m.u_conv3.u_weights._18170_/Y
 m.u_conv3.u_weights._18171_/Y
 m.u_conv3.u_weights._18172_/Y
 m.u_conv3.u_weights._18173_/Y
 m.u_conv3.u_weights._18174_/Y
 m.u_conv3.u_weights._18175_/Y
 m.u_conv3.u_weights._18176_/Y
 m.u_conv3.u_weights._18177_/X
 m.u_conv3.u_weights._18178_/X
 m.u_conv3.u_weights._18179_/Y
 m.u_conv3.u_weights._18180_/Y
 m.u_conv3.u_weights._18181_/Y
 m.u_conv3.u_weights._18182_/Y
 m.u_conv3.u_weights._18183_/Y
 m.u_conv3.u_weights._18184_/X
 m.u_conv3.u_weights._18185_/Y
 m.u_conv3.u_weights._18186_/Y
 m.u_conv3.u_weights._18187_/Y
 m.u_conv3.u_weights._18188_/Y
 m.u_conv3.u_weights._18189_/Y
 m.u_conv3.u_weights._18190_/Y
 m.u_conv3.u_weights._18191_/Y
 m.u_conv3.u_weights._18192_/X
 m.u_conv3.u_weights._18193_/Y
 m.u_conv3.u_weights._18194_/Y
 m.u_conv3.u_weights._18195_/Y
 m.u_conv3.u_weights._18196_/X
 m.u_conv3.u_weights._18197_/Y
 m.u_conv3.u_weights._18198_/X
 m.u_conv3.u_weights._18199_/Y
 m.u_conv3.u_weights._18200_/X
 m.u_conv3.u_weights._18201_/Y
 m.u_conv3.u_weights._18202_/Y
 m.u_conv3.u_weights._18203_/Y
 m.u_conv3.u_weights._18204_/X
 m.u_conv3.u_weights._18205_/Y
 m.u_conv3.u_weights._18206_/Y
 m.u_conv3.u_weights._18207_/Y
 m.u_conv3.u_weights._18208_/Y
 m.u_conv3.u_weights._18209_/Y
 m.u_conv3.u_weights._18210_/Y
 m.u_conv3.u_weights._18211_/Y
 m.u_conv3.u_weights._18212_/Y
 m.u_conv3.u_weights._18213_/Y
 m.u_conv3.u_weights._18214_/Y
 m.u_conv3.u_weights._18215_/Y
 m.u_conv3.u_weights._18216_/Y
 m.u_conv3.u_weights._18217_/Y
 m.u_conv3.u_weights._18218_/Y
 m.u_conv3.u_weights._18219_/Y
 m.u_conv3.u_weights._18220_/Y
 m.u_conv3.u_weights._18221_/Y
 m.u_conv3.u_weights._18222_/Y
 m.u_conv3.u_weights._18223_/X
 m.u_conv3.u_weights._18224_/Y
 m.u_conv3.u_weights._18225_/Y
 m.u_conv3.u_weights._18226_/Y
 m.u_conv3.u_weights._18227_/X
 m.u_conv3.u_weights._18228_/Y
 m.u_conv3.u_weights._18229_/Y
 m.u_conv3.u_weights._18230_/Y
 m.u_conv3.u_weights._18231_/Y
 m.u_conv3.u_weights._18232_/X
 m.u_conv3.u_weights._18233_/Y
 m.u_conv3.u_weights._18234_/Y
 m.u_conv3.u_weights._18235_/X
 m.u_conv3.u_weights._18236_/Y
 m.u_conv3.u_weights._18237_/Y
 m.u_conv3.u_weights._18238_/Y
 m.u_conv3.u_weights._18239_/Y
 m.u_conv3.u_weights._18240_/Y
 m.u_conv3.u_weights._18241_/Y
 m.u_conv3.u_weights._18242_/X
 m.u_conv3.u_weights._18243_/Y
 m.u_conv3.u_weights._18244_/Y
 m.u_conv3.u_weights._18245_/Y
 m.u_conv3.u_weights._18246_/Y
 m.u_conv3.u_weights._18247_/X
 m.u_conv3.u_weights._18248_/Y
 m.u_conv3.u_weights._18249_/Y
 m.u_conv3.u_weights._18250_/Y
 m.u_conv3.u_weights._18251_/Y
 m.u_conv3.u_weights._18252_/Y
 m.u_conv3.u_weights._18253_/X
 m.u_conv3.u_weights._18254_/Y
 m.u_conv3.u_weights._18255_/Y
 m.u_conv3.u_weights._18256_/Y
 m.u_conv3.u_weights._18257_/Y
 m.u_conv3.u_weights._18258_/Y
 m.u_conv3.u_weights._18259_/Y
 m.u_conv3.u_weights._18260_/Y
 m.u_conv3.u_weights._18261_/X
 m.u_conv3.u_weights._18262_/X
 m.u_conv3.u_weights._18263_/Y
 m.u_conv3.u_weights._18264_/Y
 m.u_conv3.u_weights._18265_/Y
 m.u_conv3.u_weights._18266_/Y
 m.u_conv3.u_weights._18267_/Y
 m.u_conv3.u_weights._18268_/Y
 m.u_conv3.u_weights._18269_/Y
 m.u_conv3.u_weights._18270_/Y
 m.u_conv3.u_weights._18271_/Y
 m.u_conv3.u_weights._18272_/Y
 m.u_conv3.u_weights._18273_/Y
 m.u_conv3.u_weights._18274_/X
 m.u_conv3.u_weights._18275_/Y
 m.u_conv3.u_weights._18276_/Y
 m.u_conv3.u_weights._18277_/Y
 m.u_conv3.u_weights._18278_/Y
 m.u_conv3.u_weights._18279_/Y
 m.u_conv3.u_weights._18280_/X
 m.u_conv3.u_weights._18281_/Y
 m.u_conv3.u_weights._18282_/X
 m.u_conv3.u_weights._18283_/Y
 m.u_conv3.u_weights._18284_/Y
 m.u_conv3.u_weights._18285_/Y
 m.u_conv3.u_weights._18286_/Y
 m.u_conv3.u_weights._18287_/Y
 m.u_conv3.u_weights._18288_/Y
 m.u_conv3.u_weights._18289_/Y
 m.u_conv3.u_weights._18290_/Y
 m.u_conv3.u_weights._18291_/Y
 m.u_conv3.u_weights._18292_/Y
 m.u_conv3.u_weights._18293_/Y
 m.u_conv3.u_weights._18294_/Y
 m.u_conv3.u_weights._18295_/X
 m.u_conv3.u_weights._18296_/Y
 m.u_conv3.u_weights._18297_/X
 m.u_conv3.u_weights._18298_/X
 m.u_conv3.u_weights._18299_/Y
 m.u_conv3.u_weights._18300_/X
 m.u_conv3.u_weights._18301_/X
 m.u_conv3.u_weights._18302_/X
 m.u_conv3.u_weights._18303_/Y
 m.u_conv3.u_weights._18304_/Y
 m.u_conv3.u_weights._18305_/Y
 m.u_conv3.u_weights._18306_/Y
 m.u_conv3.u_weights._18307_/Y
 m.u_conv3.u_weights._18308_/Y
 m.u_conv3.u_weights._18309_/Y
 m.u_conv3.u_weights._18310_/Y
 m.u_conv3.u_weights._18311_/Y
 m.u_conv3.u_weights._18312_/Y
 m.u_conv3.u_weights._18313_/Y
 m.u_conv3.u_weights._18314_/Y
 m.u_conv3.u_weights._18315_/X
 m.u_conv3.u_weights._18316_/Y
 m.u_conv3.u_weights._18317_/Y
 m.u_conv3.u_weights._18318_/Y
 m.u_conv3.u_weights._18319_/Y
 m.u_conv3.u_weights._18320_/Y
 m.u_conv3.u_weights._18321_/Y
 m.u_conv3.u_weights._18322_/Y
 m.u_conv3.u_weights._18323_/Y
 m.u_conv3.u_weights._18324_/Y
 m.u_conv3.u_weights._18325_/Y
 m.u_conv3.u_weights._18326_/Y
 m.u_conv3.u_weights._18327_/Y
 m.u_conv3.u_weights._18328_/Y
 m.u_conv3.u_weights._18329_/X
 m.u_conv3.u_weights._18330_/Y
 m.u_conv3.u_weights._18331_/Y
 m.u_conv3.u_weights._18332_/Y
 m.u_conv3.u_weights._18333_/Y
 m.u_conv3.u_weights._18334_/Y
 m.u_conv3.u_weights._18335_/Y
 m.u_conv3.u_weights._18336_/Y
 m.u_conv3.u_weights._18337_/Y
 m.u_conv3.u_weights._18338_/Y
 m.u_conv3.u_weights._18339_/X
 m.u_conv3.u_weights._18340_/Y
 m.u_conv3.u_weights._18341_/Y
 m.u_conv3.u_weights._18342_/X
 m.u_conv3.u_weights._18343_/Y
 m.u_conv3.u_weights._18344_/X
 m.u_conv3.u_weights._18345_/X
 m.u_conv3.u_weights._18346_/Y
 m.u_conv3.u_weights._18347_/Y
 m.u_conv3.u_weights._18348_/Y
 m.u_conv3.u_weights._18349_/X
 m.u_conv3.u_weights._18350_/X
 m.u_conv3.u_weights._18351_/Y
 m.u_conv3.u_weights._18352_/Y
 m.u_conv3.u_weights._18353_/Y
 m.u_conv3.u_weights._18354_/Y
 m.u_conv3.u_weights._18355_/Y
 m.u_conv3.u_weights._18356_/X
 m.u_conv3.u_weights._18357_/Y
 m.u_conv3.u_weights._18358_/Y
 m.u_conv3.u_weights._18359_/Y
 m.u_conv3.u_weights._18360_/Y
 m.u_conv3.u_weights._18361_/Y
 m.u_conv3.u_weights._18362_/Y
 m.u_conv3.u_weights._18363_/Y
 m.u_conv3.u_weights._18364_/Y
 m.u_conv3.u_weights._18365_/Y
 m.u_conv3.u_weights._18366_/Y
 m.u_conv3.u_weights._18367_/Y
 m.u_conv3.u_weights._18368_/X
 m.u_conv3.u_weights._18369_/Y
 m.u_conv3.u_weights._18370_/Y
 m.u_conv3.u_weights._18371_/Y
 m.u_conv3.u_weights._18372_/Y
 m.u_conv3.u_weights._18373_/Y
 m.u_conv3.u_weights._18374_/Y
 m.u_conv3.u_weights._18375_/X
 m.u_conv3.u_weights._18376_/Y
 m.u_conv3.u_weights._18377_/Y
 m.u_conv3.u_weights._18378_/Y
 m.u_conv3.u_weights._18379_/Y
 m.u_conv3.u_weights._18380_/Y
 m.u_conv3.u_weights._18381_/Y
 m.u_conv3.u_weights._18382_/Y
 m.u_conv3.u_weights._18383_/Y
 m.u_conv3.u_weights._18384_/Y
 m.u_conv3.u_weights._18385_/Y
 m.u_conv3.u_weights._18386_/X
 m.u_conv3.u_weights._18387_/Y
 m.u_conv3.u_weights._18388_/Y
 m.u_conv3.u_weights._18389_/X
 m.u_conv3.u_weights._18390_/Y
 m.u_conv3.u_weights._18391_/Y
 m.u_conv3.u_weights._18392_/X
 m.u_conv3.u_weights._18393_/Y
 m.u_conv3.u_weights._18394_/X
 m.u_conv3.u_weights._18395_/Y
 m.u_conv3.u_weights._18396_/Y
 m.u_conv3.u_weights._18397_/X
 m.u_conv3.u_weights._18398_/Y
 m.u_conv3.u_weights._18399_/Y
 m.u_conv3.u_weights._18400_/Y
 m.u_conv3.u_weights._18401_/Y
 m.u_conv3.u_weights._18402_/Y
 m.u_conv3.u_weights._18403_/Y
 m.u_conv3.u_weights._18404_/Y
 m.u_conv3.u_weights._18405_/X
 m.u_conv3.u_weights._18406_/Y
 m.u_conv3.u_weights._18407_/Y
 m.u_conv3.u_weights._18408_/Y
 m.u_conv3.u_weights._18409_/Y
 m.u_conv3.u_weights._18410_/X
 m.u_conv3.u_weights._18411_/Y
 m.u_conv3.u_weights._18412_/Y
 m.u_conv3.u_weights._18413_/Y
 m.u_conv3.u_weights._18414_/X
 m.u_conv3.u_weights._18415_/Y
 m.u_conv3.u_weights._18416_/Y
 m.u_conv3.u_weights._18417_/Y
 m.u_conv3.u_weights._18418_/Y
 m.u_conv3.u_weights._18419_/Y
 m.u_conv3.u_weights._18420_/Y
 m.u_conv3.u_weights._18421_/Y
 m.u_conv3.u_weights._18422_/Y
 m.u_conv3.u_weights._18423_/Y
 m.u_conv3.u_weights._18424_/Y
 m.u_conv3.u_weights._18425_/X
 m.u_conv3.u_weights._18426_/Y
 m.u_conv3.u_weights._18427_/Y
 m.u_conv3.u_weights._18428_/Y
 m.u_conv3.u_weights._18429_/Y
 m.u_conv3.u_weights._18430_/Y
 m.u_conv3.u_weights._18431_/Y
 m.u_conv3.u_weights._18432_/Y
 m.u_conv3.u_weights._18433_/Y
 m.u_conv3.u_weights._18434_/X
 m.u_conv3.u_weights._18435_/Y
 m.u_conv3.u_weights._18436_/Y
 m.u_conv3.u_weights._18437_/Y
 m.u_conv3.u_weights._18438_/Y
 m.u_conv3.u_weights._18439_/Y
 m.u_conv3.u_weights._18440_/Y
 m.u_conv3.u_weights._18441_/X
 m.u_conv3.u_weights._18442_/Y
 m.u_conv3.u_weights._18443_/Y
 m.u_conv3.u_weights._18444_/X
 m.u_conv3.u_weights._18445_/Y
 m.u_conv3.u_weights._18446_/Y
 m.u_conv3.u_weights._18447_/Y
 m.u_conv3.u_weights._18448_/Y
 m.u_conv3.u_weights._18449_/Y
 m.u_conv3.u_weights._18450_/Y
 m.u_conv3.u_weights._18451_/X
 m.u_conv3.u_weights._18452_/Y
 m.u_conv3.u_weights._18453_/Y
 m.u_conv3.u_weights._18454_/Y
 m.u_conv3.u_weights._18455_/X
 m.u_conv3.u_weights._18456_/Y
 m.u_conv3.u_weights._18457_/Y
 m.u_conv3.u_weights._18458_/X
 m.u_conv3.u_weights._18459_/Y
 m.u_conv3.u_weights._18460_/Y
 m.u_conv3.u_weights._18461_/Y
 m.u_conv3.u_weights._18462_/X
 m.u_conv3.u_weights._18463_/Y
 m.u_conv3.u_weights._18464_/Y
 m.u_conv3.u_weights._18465_/X
 m.u_conv3.u_weights._18466_/Y
 m.u_conv3.u_weights._18467_/Y
 m.u_conv3.u_weights._18468_/Y
 m.u_conv3.u_weights._18469_/X
 m.u_conv3.u_weights._18470_/X
 m.u_conv3.u_weights._18471_/Y
 m.u_conv3.u_weights._18472_/Y
 m.u_conv3.u_weights._18473_/Y
 m.u_conv3.u_weights._18474_/Y
 m.u_conv3.u_weights._18475_/X
 m.u_conv3.u_weights._18476_/Y
 m.u_conv3.u_weights._18477_/Y
 m.u_conv3.u_weights._18478_/Y
 m.u_conv3.u_weights._18479_/Y
 m.u_conv3.u_weights._18480_/X
 m.u_conv3.u_weights._18481_/Y
 m.u_conv3.u_weights._18482_/Y
 m.u_conv3.u_weights._18483_/Y
 m.u_conv3.u_weights._18484_/Y
 m.u_conv3.u_weights._18485_/Y
 m.u_conv3.u_weights._18486_/Y
 m.u_conv3.u_weights._18487_/Y
 m.u_conv3.u_weights._18488_/Y
 m.u_conv3.u_weights._18489_/Y
 m.u_conv3.u_weights._18490_/Y
 m.u_conv3.u_weights._18491_/Y
 m.u_conv3.u_weights._18492_/Y
 m.u_conv3.u_weights._18493_/Y
 m.u_conv3.u_weights._18494_/Y
 m.u_conv3.u_weights._18495_/Y
 m.u_conv3.u_weights._18496_/Y
 m.u_conv3.u_weights._18497_/Y
 m.u_conv3.u_weights._18498_/X
 m.u_conv3.u_weights._18499_/Y
 m.u_conv3.u_weights._18500_/Y
 m.u_conv3.u_weights._18501_/Y
 m.u_conv3.u_weights._18502_/Y
 m.u_conv3.u_weights._18503_/X
 m.u_conv3.u_weights._18504_/Y
 m.u_conv3.u_weights._18505_/Y
 m.u_conv3.u_weights._18506_/Y
 m.u_conv3.u_weights._18507_/Y
 m.u_conv3.u_weights._18508_/Y
 m.u_conv3.u_weights._18509_/Y
 m.u_conv3.u_weights._18510_/Y
 m.u_conv3.u_weights._18511_/Y
 m.u_conv3.u_weights._18512_/Y
 m.u_conv3.u_weights._18513_/Y
 m.u_conv3.u_weights._18514_/Y
 m.u_conv3.u_weights._18515_/Y
 m.u_conv3.u_weights._18516_/X
 m.u_conv3.u_weights._18517_/Y
 m.u_conv3.u_weights._18518_/Y
 m.u_conv3.u_weights._18519_/Y
 m.u_conv3.u_weights._18520_/Y
 m.u_conv3.u_weights._18521_/Y
 m.u_conv3.u_weights._18522_/Y
 m.u_conv3.u_weights._18523_/Y
 m.u_conv3.u_weights._18524_/Y
 m.u_conv3.u_weights._18525_/X
 m.u_conv3.u_weights._18526_/Y
 m.u_conv3.u_weights._18527_/Y
 m.u_conv3.u_weights._18528_/Y
 m.u_conv3.u_weights._18529_/Y
 m.u_conv3.u_weights._18530_/Y
 m.u_conv3.u_weights._18531_/Y
 m.u_conv3.u_weights._18532_/Y
 m.u_conv3.u_weights._18533_/Y
 m.u_conv3.u_weights._18534_/Y
 m.u_conv3.u_weights._18535_/Y
 m.u_conv3.u_weights._18536_/Y
 m.u_conv3.u_weights._18537_/Y
 m.u_conv3.u_weights._18538_/Y
 m.u_conv3.u_weights._18539_/X
 m.u_conv3.u_weights._18540_/Y
 m.u_conv3.u_weights._18541_/Y
 m.u_conv3.u_weights._18542_/X
 m.u_conv3.u_weights._18543_/Y
 m.u_conv3.u_weights._18544_/Y
 m.u_conv3.u_weights._18545_/Y
 m.u_conv3.u_weights._18546_/Y
 m.u_conv3.u_weights._18547_/Y
 m.u_conv3.u_weights._18548_/X
 m.u_conv3.u_weights._18549_/Y
 m.u_conv3.u_weights._18550_/X
 m.u_conv3.u_weights._18551_/Y
 m.u_conv3.u_weights._18552_/Y
 m.u_conv3.u_weights._18553_/X
 m.u_conv3.u_weights._18554_/Y
 m.u_conv3.u_weights._18555_/Y
 m.u_conv3.u_weights._18556_/Y
 m.u_conv3.u_weights._18557_/X
 m.u_conv3.u_weights._18558_/Y
 m.u_conv3.u_weights._18559_/Y
 m.u_conv3.u_weights._18560_/Y
 m.u_conv3.u_weights._18561_/X
 m.u_conv3.u_weights._18562_/Y
 m.u_conv3.u_weights._18563_/Y
 m.u_conv3.u_weights._18564_/X
 m.u_conv3.u_weights._18565_/Y
 m.u_conv3.u_weights._18566_/Y
 m.u_conv3.u_weights._18567_/Y
 m.u_conv3.u_weights._18568_/X
 m.u_conv3.u_weights._18569_/Y
 m.u_conv3.u_weights._18570_/Y
 m.u_conv3.u_weights._18571_/Y
 m.u_conv3.u_weights._18572_/Y
 m.u_conv3.u_weights._18573_/X
 m.u_conv3.u_weights._18574_/Y
 m.u_conv3.u_weights._18575_/Y
 m.u_conv3.u_weights._18576_/X
 m.u_conv3.u_weights._18577_/Y
 m.u_conv3.u_weights._18578_/Y
 m.u_conv3.u_weights._18579_/X
 m.u_conv3.u_weights._18580_/Y
 m.u_conv3.u_weights._18581_/Y
 m.u_conv3.u_weights._18582_/Y
 m.u_conv3.u_weights._18583_/Y
 m.u_conv3.u_weights._18584_/X
 m.u_conv3.u_weights._18585_/Y
 m.u_conv3.u_weights._18586_/Y
 m.u_conv3.u_weights._18587_/X
 m.u_conv3.u_weights._18588_/Y
 m.u_conv3.u_weights._18589_/Y
 m.u_conv3.u_weights._18590_/X
 m.u_conv3.u_weights._18591_/Y
 m.u_conv3.u_weights._18592_/X
 m.u_conv3.u_weights._18593_/Y
 m.u_conv3.u_weights._18594_/X
 m.u_conv3.u_weights._18595_/Y
 m.u_conv3.u_weights._18596_/Y
 m.u_conv3.u_weights._18597_/Y
 m.u_conv3.u_weights._18598_/Y
 m.u_conv3.u_weights._18599_/Y
 m.u_conv3.u_weights._18600_/Y
 m.u_conv3.u_weights._18601_/Y
 m.u_conv3.u_weights._18602_/Y
 m.u_conv3.u_weights._18603_/Y
 m.u_conv3.u_weights._18604_/X
 m.u_conv3.u_weights._18605_/Y
 m.u_conv3.u_weights._18606_/Y
 m.u_conv3.u_weights._18607_/Y
 m.u_conv3.u_weights._18608_/Y
 m.u_conv3.u_weights._18609_/Y
 m.u_conv3.u_weights._18610_/Y
 m.u_conv3.u_weights._18611_/X
 m.u_conv3.u_weights._18612_/Y
 m.u_conv3.u_weights._18613_/X
 m.u_conv3.u_weights._18614_/Y
 m.u_conv3.u_weights._18615_/X
 m.u_conv3.u_weights._18616_/X
 m.u_conv3.u_weights._18617_/Y
 m.u_conv3.u_weights._18618_/Y
 m.u_conv3.u_weights._18619_/Y
 m.u_conv3.u_weights._18620_/Y
 m.u_conv3.u_weights._18621_/Y
 m.u_conv3.u_weights._18622_/Y
 m.u_conv3.u_weights._18623_/Y
 m.u_conv3.u_weights._18624_/Y
 m.u_conv3.u_weights._18625_/X
 m.u_conv3.u_weights._18626_/Y
 m.u_conv3.u_weights._18627_/X
 m.u_conv3.u_weights._18628_/Y
 m.u_conv3.u_weights._18629_/Y
 m.u_conv3.u_weights._18630_/X
 m.u_conv3.u_weights._18631_/Y
 m.u_conv3.u_weights._18632_/Y
 m.u_conv3.u_weights._18633_/Y
 m.u_conv3.u_weights._18634_/Y
 m.u_conv3.u_weights._18635_/Y
 m.u_conv3.u_weights._18636_/X
 m.u_conv3.u_weights._18637_/Y
 m.u_conv3.u_weights._18638_/X
 m.u_conv3.u_weights._18639_/Y
 m.u_conv3.u_weights._18640_/Y
 m.u_conv3.u_weights._18641_/Y
 m.u_conv3.u_weights._18642_/Y
 m.u_conv3.u_weights._18643_/Y
 m.u_conv3.u_weights._18644_/Y
 m.u_conv3.u_weights._18645_/Y
 m.u_conv3.u_weights._18646_/Y
 m.u_conv3.u_weights._18647_/Y
 m.u_conv3.u_weights._18648_/X
 m.u_conv3.u_weights._18649_/Y
 m.u_conv3.u_weights._18650_/Y
 m.u_conv3.u_weights._18651_/X
 m.u_conv3.u_weights._18652_/X
 m.u_conv3.u_weights._18653_/Y
 m.u_conv3.u_weights._18654_/X
 m.u_conv3.u_weights._18655_/Y
 m.u_conv3.u_weights._18656_/Y
 m.u_conv3.u_weights._18657_/X
 m.u_conv3.u_weights._18658_/Y
 m.u_conv3.u_weights._18659_/Y
 m.u_conv3.u_weights._18660_/Y
 m.u_conv3.u_weights._18661_/X
 m.u_conv3.u_weights._18662_/Y
 m.u_conv3.u_weights._18663_/Y
 m.u_conv3.u_weights._18664_/Y
 m.u_conv3.u_weights._18665_/Y
 m.u_conv3.u_weights._18666_/Y
 m.u_conv3.u_weights._18667_/Y
 m.u_conv3.u_weights._18668_/Y
 m.u_conv3.u_weights._18669_/Y
 m.u_conv3.u_weights._18670_/Y
 m.u_conv3.u_weights._18671_/Y
 m.u_conv3.u_weights._18672_/Y
 m.u_conv3.u_weights._18673_/Y
 m.u_conv3.u_weights._18674_/Y
 m.u_conv3.u_weights._18675_/X
 m.u_conv3.u_weights._18676_/X
 m.u_conv3.u_weights._18677_/Y
 m.u_conv3.u_weights._18678_/Y
 m.u_conv3.u_weights._18679_/Y
 m.u_conv3.u_weights._18680_/X
 m.u_conv3.u_weights._18681_/Y
 m.u_conv3.u_weights._18682_/X
 m.u_conv3.u_weights._18683_/Y
 m.u_conv3.u_weights._18684_/Y
 m.u_conv3.u_weights._18685_/Y
 m.u_conv3.u_weights._18686_/Y
 m.u_conv3.u_weights._18687_/Y
 m.u_conv3.u_weights._18688_/Y
 m.u_conv3.u_weights._18689_/Y
 m.u_conv3.u_weights._18690_/X
 m.u_conv3.u_weights._18691_/Y
 m.u_conv3.u_weights._18692_/Y
 m.u_conv3.u_weights._18693_/X
 m.u_conv3.u_weights._18694_/X
 m.u_conv3.u_weights._18695_/X
 m.u_conv3.u_weights._18696_/Y
 m.u_conv3.u_weights._18697_/Y
 m.u_conv3.u_weights._18698_/Y
 m.u_conv3.u_weights._18699_/X
 m.u_conv3.u_weights._18700_/X
 m.u_conv3.u_weights._18701_/X
 m.u_conv3.u_weights._18702_/Y
 m.u_conv3.u_weights._18703_/Y
 m.u_conv3.u_weights._18704_/Y
 m.u_conv3.u_weights._18705_/Y
 m.u_conv3.u_weights._18706_/Y
 m.u_conv3.u_weights._18707_/Y
 m.u_conv3.u_weights._18708_/X
 m.u_conv3.u_weights._18709_/Y
 m.u_conv3.u_weights._18710_/X
 m.u_conv3.u_weights._18711_/Y
 m.u_conv3.u_weights._18712_/Y
 m.u_conv3.u_weights._18713_/Y
 m.u_conv3.u_weights._18714_/X
 m.u_conv3.u_weights._18715_/X
 m.u_conv3.u_weights._18716_/Y
 m.u_conv3.u_weights._18717_/X
 m.u_conv3.u_weights._18718_/Y
 m.u_conv3.u_weights._18719_/Y
 m.u_conv3.u_weights._18720_/Y
 m.u_conv3.u_weights._18721_/X
 m.u_conv3.u_weights._18722_/X
 m.u_conv3.u_weights._18723_/X
 m.u_conv3.u_weights._18724_/Y
 m.u_conv3.u_weights._18725_/Y
 m.u_conv3.u_weights._18726_/Y
 m.u_conv3.u_weights._18727_/Y
 m.u_conv3.u_weights._18728_/Y
 m.u_conv3.u_weights._18729_/Y
 m.u_conv3.u_weights._18730_/X
 m.u_conv3.u_weights._18731_/Y
 m.u_conv3.u_weights._18732_/Y
 m.u_conv3.u_weights._18733_/Y
 m.u_conv3.u_weights._18734_/Y
 m.u_conv3.u_weights._18735_/Y
 m.u_conv3.u_weights._18736_/Y
 m.u_conv3.u_weights._18737_/Y
 m.u_conv3.u_weights._18738_/Y
 m.u_conv3.u_weights._18739_/Y
 m.u_conv3.u_weights._18740_/Y
 m.u_conv3.u_weights._18741_/Y
 m.u_conv3.u_weights._18742_/Y
 m.u_conv3.u_weights._18743_/X
 m.u_conv3.u_weights._18744_/Y
 m.u_conv3.u_weights._18745_/Y
 m.u_conv3.u_weights._18746_/Y
 m.u_conv3.u_weights._18747_/Y
 m.u_conv3.u_weights._18748_/Y
 m.u_conv3.u_weights._18749_/X
 m.u_conv3.u_weights._18750_/X
 m.u_conv3.u_weights._18751_/Y
 m.u_conv3.u_weights._18752_/Y
 m.u_conv3.u_weights._18753_/Y
 m.u_conv3.u_weights._18754_/Y
 m.u_conv3.u_weights._18755_/Y
 m.u_conv3.u_weights._18756_/Y
 m.u_conv3.u_weights._18757_/Y
 m.u_conv3.u_weights._18758_/Y
 m.u_conv3.u_weights._18759_/X
 m.u_conv3.u_weights._18760_/Y
 m.u_conv3.u_weights._18761_/X
 m.u_conv3.u_weights._18762_/Y
 m.u_conv3.u_weights._18763_/Y
 m.u_conv3.u_weights._18764_/Y
 m.u_conv3.u_weights._18765_/Y
 m.u_conv3.u_weights._18766_/Y
 m.u_conv3.u_weights._18767_/Y
 m.u_conv3.u_weights._18768_/X
 m.u_conv3.u_weights._18769_/Y
 m.u_conv3.u_weights._18770_/Y
 m.u_conv3.u_weights._18771_/Y
 m.u_conv3.u_weights._18772_/Y
 m.u_conv3.u_weights._18773_/Y
 m.u_conv3.u_weights._18774_/Y
 m.u_conv3.u_weights._18775_/Y
 m.u_conv3.u_weights._18776_/Y
 m.u_conv3.u_weights._18777_/Y
 m.u_conv3.u_weights._18778_/Y
 m.u_conv3.u_weights._18779_/Y
 m.u_conv3.u_weights._18780_/X
 m.u_conv3.u_weights._18781_/Y
 m.u_conv3.u_weights._18782_/Y
 m.u_conv3.u_weights._18783_/X
 m.u_conv3.u_weights._18784_/Y
 m.u_conv3.u_weights._18785_/Y
 m.u_conv3.u_weights._18786_/X
 m.u_conv3.u_weights._18787_/Y
 m.u_conv3.u_weights._18788_/X
 m.u_conv3.u_weights._18789_/Y
 m.u_conv3.u_weights._18790_/Y
 m.u_conv3.u_weights._18791_/Y
 m.u_conv3.u_weights._18792_/Y
 m.u_conv3.u_weights._18793_/X
 m.u_conv3.u_weights._18794_/Y
 m.u_conv3.u_weights._18795_/X
 m.u_conv3.u_weights._18796_/Y
 m.u_conv3.u_weights._18797_/Y
 m.u_conv3.u_weights._18798_/Y
 m.u_conv3.u_weights._18799_/Y
 m.u_conv3.u_weights._18800_/Y
 m.u_conv3.u_weights._18801_/Y
 m.u_conv3.u_weights._18802_/Y
 m.u_conv3.u_weights._18803_/Y
 m.u_conv3.u_weights._18804_/Y
 m.u_conv3.u_weights._18805_/Y
 m.u_conv3.u_weights._18806_/X
 m.u_conv3.u_weights._18807_/Y
 m.u_conv3.u_weights._18808_/Y
 m.u_conv3.u_weights._18809_/Y
 m.u_conv3.u_weights._18810_/Y
 m.u_conv3.u_weights._18811_/X
 m.u_conv3.u_weights._18812_/X
 m.u_conv3.u_weights._18813_/X
 m.u_conv3.u_weights._18814_/Y
 m.u_conv3.u_weights._18815_/X
 m.u_conv3.u_weights._18816_/Y
 m.u_conv3.u_weights._18817_/X
 m.u_conv3.u_weights._18818_/X
 m.u_conv3.u_weights._18819_/Y
 m.u_conv3.u_weights._18820_/Y
 m.u_conv3.u_weights._18821_/Y
 m.u_conv3.u_weights._18822_/Y
 m.u_conv3.u_weights._18823_/Y
 m.u_conv3.u_weights._18824_/Y
 m.u_conv3.u_weights._18825_/Y
 m.u_conv3.u_weights._18826_/Y
 m.u_conv3.u_weights._18827_/Y
 m.u_conv3.u_weights._18828_/Y
 m.u_conv3.u_weights._18829_/Y
 m.u_conv3.u_weights._18830_/Y
 m.u_conv3.u_weights._18831_/Y
 m.u_conv3.u_weights._18832_/Y
 m.u_conv3.u_weights._18833_/X
 m.u_conv3.u_weights._18834_/X
 m.u_conv3.u_weights._18835_/Y
 m.u_conv3.u_weights._18836_/X
 m.u_conv3.u_weights._18837_/X
 m.u_conv3.u_weights._18838_/Y
 m.u_conv3.u_weights._18839_/Y
 m.u_conv3.u_weights._18840_/Y
 m.u_conv3.u_weights._18841_/Y
 m.u_conv3.u_weights._18842_/Y
 m.u_conv3.u_weights._18843_/X
 m.u_conv3.u_weights._18844_/Y
 m.u_conv3.u_weights._18845_/Y
 m.u_conv3.u_weights._18846_/X
 m.u_conv3.u_weights._18847_/Y
 m.u_conv3.u_weights._18848_/Y
 m.u_conv3.u_weights._18849_/Y
 m.u_conv3.u_weights._18850_/X
 m.u_conv3.u_weights._18851_/Y
 m.u_conv3.u_weights._18852_/Y
 m.u_conv3.u_weights._18853_/Y
 m.u_conv3.u_weights._18854_/X
 m.u_conv3.u_weights._18855_/Y
 m.u_conv3.u_weights._18856_/X
 m.u_conv3.u_weights._18857_/Y
 m.u_conv3.u_weights._18858_/Y
 m.u_conv3.u_weights._18859_/X
 m.u_conv3.u_weights._18860_/Y
 m.u_conv3.u_weights._18861_/Y
 m.u_conv3.u_weights._18862_/Y
 m.u_conv3.u_weights._18863_/Y
 m.u_conv3.u_weights._18864_/Y
 m.u_conv3.u_weights._18865_/Y
 m.u_conv3.u_weights._18866_/X
 m.u_conv3.u_weights._18867_/Y
 m.u_conv3.u_weights._18868_/X
 m.u_conv3.u_weights._18869_/Y
 m.u_conv3.u_weights._18870_/Y
 m.u_conv3.u_weights._18871_/X
 m.u_conv3.u_weights._18872_/Y
 m.u_conv3.u_weights._18873_/Y
 m.u_conv3.u_weights._18874_/Y
 m.u_conv3.u_weights._18875_/Y
 m.u_conv3.u_weights._18876_/X
 m.u_conv3.u_weights._18877_/Y
 m.u_conv3.u_weights._18878_/X
 m.u_conv3.u_weights._18879_/X
 m.u_conv3.u_weights._18880_/Y
 m.u_conv3.u_weights._18881_/Y
 m.u_conv3.u_weights._18882_/Y
 m.u_conv3.u_weights._18883_/Y
 m.u_conv3.u_weights._18884_/Y
 m.u_conv3.u_weights._18885_/Y
 m.u_conv3.u_weights._18886_/Y
 m.u_conv3.u_weights._18887_/Y
 m.u_conv3.u_weights._18888_/Y
 m.u_conv3.u_weights._18889_/X
 m.u_conv3.u_weights._18890_/X
 m.u_conv3.u_weights._18891_/Y
 m.u_conv3.u_weights._18892_/Y
 m.u_conv3.u_weights._18893_/Y
 m.u_conv3.u_weights._18894_/Y
 m.u_conv3.u_weights._18895_/Y
 m.u_conv3.u_weights._18896_/Y
 m.u_conv3.u_weights._18897_/X
 m.u_conv3.u_weights._18898_/Y
 m.u_conv3.u_weights._18899_/Y
 m.u_conv3.u_weights._18900_/Y
 m.u_conv3.u_weights._18901_/Y
 m.u_conv3.u_weights._18902_/X
 m.u_conv3.u_weights._18903_/Y
 m.u_conv3.u_weights._18904_/Y
 m.u_conv3.u_weights._18905_/Y
 m.u_conv3.u_weights._18906_/Y
 m.u_conv3.u_weights._18907_/Y
 m.u_conv3.u_weights._18908_/Y
 m.u_conv3.u_weights._18909_/X
 m.u_conv3.u_weights._18910_/Y
 m.u_conv3.u_weights._18911_/Y
 m.u_conv3.u_weights._18912_/X
 m.u_conv3.u_weights._18913_/Y
 m.u_conv3.u_weights._18914_/Y
 m.u_conv3.u_weights._18915_/Y
 m.u_conv3.u_weights._18916_/Y
 m.u_conv3.u_weights._18917_/Y
 m.u_conv3.u_weights._18918_/Y
 m.u_conv3.u_weights._18919_/Y
 m.u_conv3.u_weights._18920_/Y
 m.u_conv3.u_weights._18921_/Y
 m.u_conv3.u_weights._18922_/X
 m.u_conv3.u_weights._18923_/X
 m.u_conv3.u_weights._18924_/Y
 m.u_conv3.u_weights._18925_/Y
 m.u_conv3.u_weights._18926_/X
 m.u_conv3.u_weights._18927_/X
 m.u_conv3.u_weights._18928_/Y
 m.u_conv3.u_weights._18929_/Y
 m.u_conv3.u_weights._18930_/X
 m.u_conv3.u_weights._18931_/X
 m.u_conv3.u_weights._18932_/Y
 m.u_conv3.u_weights._18933_/Y
 m.u_conv3.u_weights._18934_/Y
 m.u_conv3.u_weights._18935_/Y
 m.u_conv3.u_weights._18936_/Y
 m.u_conv3.u_weights._18937_/Y
 m.u_conv3.u_weights._18938_/Y
 m.u_conv3.u_weights._18939_/Y
 m.u_conv3.u_weights._18940_/Y
 m.u_conv3.u_weights._18941_/Y
 m.u_conv3.u_weights._18942_/Y
 m.u_conv3.u_weights._18943_/Y
 m.u_conv3.u_weights._18944_/X
 m.u_conv3.u_weights._18945_/X
 m.u_conv3.u_weights._18946_/X
 m.u_conv3.u_weights._18947_/Y
 m.u_conv3.u_weights._18948_/Y
 m.u_conv3.u_weights._18949_/Y
 m.u_conv3.u_weights._18950_/X
 m.u_conv3.u_weights._18951_/Y
 m.u_conv3.u_weights._18952_/Y
 m.u_conv3.u_weights._18953_/X
 m.u_conv3.u_weights._18954_/Y
 m.u_conv3.u_weights._18955_/Y
 m.u_conv3.u_weights._18956_/X
 m.u_conv3.u_weights._18957_/X
 m.u_conv3.u_weights._18958_/Y
 m.u_conv3.u_weights._18959_/X
 m.u_conv3.u_weights._18960_/X
 m.u_conv3.u_weights._18961_/Y
 m.u_conv3.u_weights._18962_/Y
 m.u_conv3.u_weights._18963_/X
 m.u_conv3.u_weights._18964_/Y
 m.u_conv3.u_weights._18965_/Y
 m.u_conv3.u_weights._18966_/Y
 m.u_conv3.u_weights._18967_/Y
 m.u_conv3.u_weights._18968_/Y
 m.u_conv3.u_weights._18969_/Y
 m.u_conv3.u_weights._18970_/Y
 m.u_conv3.u_weights._18971_/Y
 m.u_conv3.u_weights._18972_/Y
 m.u_conv3.u_weights._18973_/X
 m.u_conv3.u_weights._18974_/Y
 m.u_conv3.u_weights._18975_/X
 m.u_conv3.u_weights._18976_/X
 m.u_conv3.u_weights._18977_/Y
 m.u_conv3.u_weights._18978_/Y
 m.u_conv3.u_weights._18979_/Y
 m.u_conv3.u_weights._18980_/X
 m.u_conv3.u_weights._18981_/Y
 m.u_conv3.u_weights._18982_/Y
 m.u_conv3.u_weights._18983_/X
 m.u_conv3.u_weights._18984_/X
 m.u_conv3.u_weights._18985_/Y
 m.u_conv3.u_weights._18986_/X
 m.u_conv3.u_weights._18987_/Y
 m.u_conv3.u_weights._18988_/Y
 m.u_conv3.u_weights._18989_/Y
 m.u_conv3.u_weights._18990_/X
 m.u_conv3.u_weights._18991_/X
 m.u_conv3.u_weights._18992_/Y
 m.u_conv3.u_weights._18993_/Y
 m.u_conv3.u_weights._18994_/X
 m.u_conv3.u_weights._18995_/X
 m.u_conv3.u_weights._18996_/X
 m.u_conv3.u_weights._18997_/X
 m.u_conv3.u_weights._18998_/Y
 m.u_conv3.u_weights._18999_/Y
 m.u_conv3.u_weights._19000_/X
 m.u_conv3.u_weights._19001_/Y
 m.u_conv3.u_weights._19002_/Y
 m.u_conv3.u_weights._19003_/Y
 m.u_conv3.u_weights._19004_/Y
 m.u_conv3.u_weights._19005_/Y
 m.u_conv3.u_weights._19006_/Y
 m.u_conv3.u_weights._19007_/X
 m.u_conv3.u_weights._19008_/Y
 m.u_conv3.u_weights._19009_/Y
 m.u_conv3.u_weights._19010_/X
 m.u_conv3.u_weights._19011_/Y
 m.u_conv3.u_weights._19012_/Y
 m.u_conv3.u_weights._19013_/Y
 m.u_conv3.u_weights._19014_/Y
 m.u_conv3.u_weights._19015_/Y
 m.u_conv3.u_weights._19016_/Y
 m.u_conv3.u_weights._19017_/Y
 m.u_conv3.u_weights._19018_/Y
 m.u_conv3.u_weights._19019_/X
 m.u_conv3.u_weights._19020_/Y
 m.u_conv3.u_weights._19021_/Y
 m.u_conv3.u_weights._19022_/Y
 m.u_conv3.u_weights._19023_/Y
 m.u_conv3.u_weights._19024_/Y
 m.u_conv3.u_weights._19025_/Y
 m.u_conv3.u_weights._19026_/Y
 m.u_conv3.u_weights._19027_/Y
 m.u_conv3.u_weights._19028_/Y
 m.u_conv3.u_weights._19029_/Y
 m.u_conv3.u_weights._19030_/Y
 m.u_conv3.u_weights._19031_/X
 m.u_conv3.u_weights._19032_/Y
 m.u_conv3.u_weights._19033_/Y
 m.u_conv3.u_weights._19034_/Y
 m.u_conv3.u_weights._19035_/Y
 m.u_conv3.u_weights._19036_/Y
 m.u_conv3.u_weights._19037_/Y
 m.u_conv3.u_weights._19038_/Y
 m.u_conv3.u_weights._19039_/Y
 m.u_conv3.u_weights._19040_/Y
 m.u_conv3.u_weights._19041_/Y
 m.u_conv3.u_weights._19042_/Y
 m.u_conv3.u_weights._19043_/Y
 m.u_conv3.u_weights._19044_/Y
 m.u_conv3.u_weights._19045_/X
 m.u_conv3.u_weights._19046_/Y
 m.u_conv3.u_weights._19047_/Y
 m.u_conv3.u_weights._19048_/X
 m.u_conv3.u_weights._19049_/Y
 m.u_conv3.u_weights._19050_/Y
 m.u_conv3.u_weights._19051_/Y
 m.u_conv3.u_weights._19052_/Y
 m.u_conv3.u_weights._19053_/Y
 m.u_conv3.u_weights._19054_/Y
 m.u_conv3.u_weights._19055_/Y
 m.u_conv3.u_weights._19056_/Y
 m.u_conv3.u_weights._19057_/Y
 m.u_conv3.u_weights._19058_/X
 m.u_conv3.u_weights._19059_/Y
 m.u_conv3.u_weights._19060_/Y
 m.u_conv3.u_weights._19061_/Y
 m.u_conv3.u_weights._19062_/X
 m.u_conv3.u_weights._19063_/Y
 m.u_conv3.u_weights._19064_/Y
 m.u_conv3.u_weights._19065_/X
 m.u_conv3.u_weights._19066_/Y
 m.u_conv3.u_weights._19067_/Y
 m.u_conv3.u_weights._19068_/Y
 m.u_conv3.u_weights._19069_/Y
 m.u_conv3.u_weights._19070_/Y
 m.u_conv3.u_weights._19071_/Y
 m.u_conv3.u_weights._19072_/Y
 m.u_conv3.u_weights._19073_/Y
 m.u_conv3.u_weights._19074_/Y
 m.u_conv3.u_weights._19075_/Y
 m.u_conv3.u_weights._19076_/X
 m.u_conv3.u_weights._19077_/Y
 m.u_conv3.u_weights._19078_/Y
 m.u_conv3.u_weights._19079_/Y
 m.u_conv3.u_weights._19080_/Y
 m.u_conv3.u_weights._19081_/Y
 m.u_conv3.u_weights._19082_/Y
 m.u_conv3.u_weights._19083_/Y
 m.u_conv3.u_weights._19084_/Y
 m.u_conv3.u_weights._19085_/Y
 m.u_conv3.u_weights._19086_/Y
 m.u_conv3.u_weights._19087_/X
 m.u_conv3.u_weights._19088_/X
 m.u_conv3.u_weights._19089_/X
 m.u_conv3.u_weights._19090_/Y
 m.u_conv3.u_weights._19091_/Y
 m.u_conv3.u_weights._19092_/Y
 m.u_conv3.u_weights._19093_/X
 m.u_conv3.u_weights._19094_/Y
 m.u_conv3.u_weights._19095_/Y
 m.u_conv3.u_weights._19096_/Y
 m.u_conv3.u_weights._19097_/Y
 m.u_conv3.u_weights._19098_/Y
 m.u_conv3.u_weights._19099_/Y
 m.u_conv3.u_weights._19100_/Y
 m.u_conv3.u_weights._19101_/Y
 m.u_conv3.u_weights._19102_/Y
 m.u_conv3.u_weights._19103_/Y
 m.u_conv3.u_weights._19104_/Y
 m.u_conv3.u_weights._19105_/Y
 m.u_conv3.u_weights._19106_/Y
 m.u_conv3.u_weights._19107_/Y
 m.u_conv3.u_weights._19108_/Y
 m.u_conv3.u_weights._19109_/Y
 m.u_conv3.u_weights._19110_/Y
 m.u_conv3.u_weights._19111_/Y
 m.u_conv3.u_weights._19112_/Y
 m.u_conv3.u_weights._19113_/Y
 m.u_conv3.u_weights._19114_/Y
 m.u_conv3.u_weights._19115_/Y
 m.u_conv3.u_weights._19116_/X
 m.u_conv3.u_weights._19117_/Y
 m.u_conv3.u_weights._19118_/Y
 m.u_conv3.u_weights._19119_/Y
 m.u_conv3.u_weights._19120_/Y
 m.u_conv3.u_weights._19121_/Y
 m.u_conv3.u_weights._19122_/Y
 m.u_conv3.u_weights._19123_/Y
 m.u_conv3.u_weights._19124_/X
 m.u_conv3.u_weights._19125_/Y
 m.u_conv3.u_weights._19126_/X
 m.u_conv3.u_weights._19127_/Y
 m.u_conv3.u_weights._19128_/Y
 m.u_conv3.u_weights._19129_/Y
 m.u_conv3.u_weights._19130_/Y
 m.u_conv3.u_weights._19131_/X
 m.u_conv3.u_weights._19132_/Y
 m.u_conv3.u_weights._19133_/Y
 m.u_conv3.u_weights._19134_/Y
 m.u_conv3.u_weights._19135_/Y
 m.u_conv3.u_weights._19136_/Y
 m.u_conv3.u_weights._19137_/X
 m.u_conv3.u_weights._19138_/Y
 m.u_conv3.u_weights._19139_/X
 m.u_conv3.u_weights._19140_/Y
 m.u_conv3.u_weights._19141_/Y
 m.u_conv3.u_weights._19142_/X
 m.u_conv3.u_weights._19143_/Y
 m.u_conv3.u_weights._19144_/Y
 m.u_conv3.u_weights._19145_/Y
 m.u_conv3.u_weights._19146_/X
 m.u_conv3.u_weights._19147_/X
 m.u_conv3.u_weights._19148_/Y
 m.u_conv3.u_weights._19149_/X
 m.u_conv3.u_weights._19150_/X
 m.u_conv3.u_weights._19151_/Y
 m.u_conv3.u_weights._19152_/Y
 m.u_conv3.u_weights._19153_/Y
 m.u_conv3.u_weights._19154_/Y
 m.u_conv3.u_weights._19155_/Y
 m.u_conv3.u_weights._19156_/Y
 m.u_conv3.u_weights._19157_/Y
 m.u_conv3.u_weights._19158_/Y
 m.u_conv3.u_weights._19159_/Y
 m.u_conv3.u_weights._19160_/Y
 m.u_conv3.u_weights._19161_/X
 m.u_conv3.u_weights._19162_/Y
 m.u_conv3.u_weights._19163_/Y
 m.u_conv3.u_weights._19164_/Y
 m.u_conv3.u_weights._19165_/X
 m.u_conv3.u_weights._19166_/Y
 m.u_conv3.u_weights._19167_/Y
 m.u_conv3.u_weights._19168_/Y
 m.u_conv3.u_weights._19169_/X
 m.u_conv3.u_weights._19170_/Y
 m.u_conv3.u_weights._19171_/Y
 m.u_conv3.u_weights._19172_/Y
 m.u_conv3.u_weights._19173_/X
 m.u_conv3.u_weights._19174_/Y
 m.u_conv3.u_weights._19175_/Y
 m.u_conv3.u_weights._19176_/Y
 m.u_conv3.u_weights._19177_/Y
 m.u_conv3.u_weights._19178_/Y
 m.u_conv3.u_weights._19179_/X
 m.u_conv3.u_weights._19180_/X
 m.u_conv3.u_weights._19181_/Y
 m.u_conv3.u_weights._19182_/Y
 m.u_conv3.u_weights._19183_/Y
 m.u_conv3.u_weights._19184_/Y
 m.u_conv3.u_weights._19185_/Y
 m.u_conv3.u_weights._19186_/Y
 m.u_conv3.u_weights._19187_/Y
 m.u_conv3.u_weights._19188_/X
 m.u_conv3.u_weights._19189_/Y
 m.u_conv3.u_weights._19190_/Y
 m.u_conv3.u_weights._19191_/Y
 m.u_conv3.u_weights._19192_/Y
 m.u_conv3.u_weights._19193_/Y
 m.u_conv3.u_weights._19194_/Y
 m.u_conv3.u_weights._19195_/Y
 m.u_conv3.u_weights._19196_/Y
 m.u_conv3.u_weights._19197_/X
 m.u_conv3.u_weights._19198_/Y
 m.u_conv3.u_weights._19199_/Y
 m.u_conv3.u_weights._19200_/Y
 m.u_conv3.u_weights._19201_/Y
 m.u_conv3.u_weights._19202_/Y
 m.u_conv3.u_weights._19203_/Y
 m.u_conv3.u_weights._19204_/X
 m.u_conv3.u_weights._19205_/Y
 m.u_conv3.u_weights._19206_/X
 m.u_conv3.u_weights._19207_/Y
 m.u_conv3.u_weights._19208_/Y
 m.u_conv3.u_weights._19209_/Y
 m.u_conv3.u_weights._19210_/X
 m.u_conv3.u_weights._19211_/Y
 m.u_conv3.u_weights._19212_/Y
 m.u_conv3.u_weights._19213_/Y
 m.u_conv3.u_weights._19214_/X
 m.u_conv3.u_weights._19215_/X
 m.u_conv3.u_weights._19216_/X
 m.u_conv3.u_weights._19217_/Y
 m.u_conv3.u_weights._19218_/Y
 m.u_conv3.u_weights._19219_/Y
 m.u_conv3.u_weights._19220_/X
 m.u_conv3.u_weights._19221_/Y
 m.u_conv3.u_weights._19222_/Y
 m.u_conv3.u_weights._19223_/X
 m.u_conv3.u_weights._19224_/Y
 m.u_conv3.u_weights._19225_/Y
 m.u_conv3.u_weights._19226_/Y
 m.u_conv3.u_weights._19227_/X
 m.u_conv3.u_weights._19228_/Y
 m.u_conv3.u_weights._19229_/X
 m.u_conv3.u_weights._19230_/Y
 m.u_conv3.u_weights._19231_/Y
 m.u_conv3.u_weights._19232_/Y
 m.u_conv3.u_weights._19233_/Y
 m.u_conv3.u_weights._19234_/Y
 m.u_conv3.u_weights._19235_/Y
 m.u_conv3.u_weights._19236_/X
 m.u_conv3.u_weights._19237_/Y
 m.u_conv3.u_weights._19238_/X
 m.u_conv3.u_weights._19239_/Y
 m.u_conv3.u_weights._19240_/Y
 m.u_conv3.u_weights._19241_/Y
 m.u_conv3.u_weights._19242_/X
 m.u_conv3.u_weights._19243_/X
 m.u_conv3.u_weights._19244_/Y
 m.u_conv3.u_weights._19245_/X
 m.u_conv3.u_weights._19246_/X
 m.u_conv3.u_weights._19247_/Y
 m.u_conv3.u_weights._19248_/X
 m.u_conv3.u_weights._19249_/Y
 m.u_conv3.u_weights._19250_/Y
 m.u_conv3.u_weights._19251_/X
 m.u_conv3.u_weights._19252_/X
 m.u_conv3.u_weights._19253_/Y
 m.u_conv3.u_weights._19254_/Y
 m.u_conv3.u_weights._19255_/Y
 m.u_conv3.u_weights._19256_/Y
 m.u_conv3.u_weights._19257_/Y
 m.u_conv3.u_weights._19258_/Y
 m.u_conv3.u_weights._19259_/Y
 m.u_conv3.u_weights._19260_/Y
 m.u_conv3.u_weights._19261_/Y
 m.u_conv3.u_weights._19262_/Y
 m.u_conv3.u_weights._19263_/Y
 m.u_conv3.u_weights._19264_/Y
 m.u_conv3.u_weights._19265_/Y
 m.u_conv3.u_weights._19266_/Y
 m.u_conv3.u_weights._19267_/Y
 m.u_conv3.u_weights._19268_/Y
 m.u_conv3.u_weights._19269_/X
 m.u_conv3.u_weights._19270_/Y
 m.u_conv3.u_weights._19271_/Y
 m.u_conv3.u_weights._19272_/Y
 m.u_conv3.u_weights._19273_/Y
 m.u_conv3.u_weights._19274_/Y
 m.u_conv3.u_weights._19275_/Y
 m.u_conv3.u_weights._19276_/Y
 m.u_conv3.u_weights._19277_/Y
 m.u_conv3.u_weights._19278_/Y
 m.u_conv3.u_weights._19279_/Y
 m.u_conv3.u_weights._19280_/Y
 m.u_conv3.u_weights._19281_/Y
 m.u_conv3.u_weights._19282_/Y
 m.u_conv3.u_weights._19283_/Y
 m.u_conv3.u_weights._19284_/X
 m.u_conv3.u_weights._19285_/X
 m.u_conv3.u_weights._19286_/Y
 m.u_conv3.u_weights._19287_/Y
 m.u_conv3.u_weights._19288_/Y
 m.u_conv3.u_weights._19289_/Y
 m.u_conv3.u_weights._19290_/Y
 m.u_conv3.u_weights._19291_/Y
 m.u_conv3.u_weights._19292_/X
 m.u_conv3.u_weights._19293_/Y
 m.u_conv3.u_weights._19294_/X
 m.u_conv3.u_weights._19295_/Y
 m.u_conv3.u_weights._19296_/Y
 m.u_conv3.u_weights._19297_/X
 m.u_conv3.u_weights._19298_/Y
 m.u_conv3.u_weights._19299_/Y
 m.u_conv3.u_weights._19300_/Y
 m.u_conv3.u_weights._19301_/Y
 m.u_conv3.u_weights._19302_/X
 m.u_conv3.u_weights._19303_/Y
 m.u_conv3.u_weights._19304_/Y
 m.u_conv3.u_weights._19305_/Y
 m.u_conv3.u_weights._19306_/X
 m.u_conv3.u_weights._19307_/Y
 m.u_conv3.u_weights._19308_/Y
 m.u_conv3.u_weights._19309_/Y
 m.u_conv3.u_weights._19310_/X
 m.u_conv3.u_weights._19311_/Y
 m.u_conv3.u_weights._19312_/Y
 m.u_conv3.u_weights._19313_/Y
 m.u_conv3.u_weights._19314_/Y
 m.u_conv3.u_weights._19315_/Y
 m.u_conv3.u_weights._19316_/Y
 m.u_conv3.u_weights._19317_/Y
 m.u_conv3.u_weights._19318_/Y
 m.u_conv3.u_weights._19319_/Y
 m.u_conv3.u_weights._19320_/Y
 m.u_conv3.u_weights._19321_/Y
 m.u_conv3.u_weights._19322_/Y
 m.u_conv3.u_weights._19323_/Y
 m.u_conv3.u_weights._19324_/Y
 m.u_conv3.u_weights._19325_/X
 m.u_conv3.u_weights._19326_/Y
 m.u_conv3.u_weights._19327_/Y
 m.u_conv3.u_weights._19328_/Y
 m.u_conv3.u_weights._19329_/Y
 m.u_conv3.u_weights._19330_/X
 m.u_conv3.u_weights._19331_/X
 m.u_conv3.u_weights._19332_/X
 m.u_conv3.u_weights._19333_/Y
 m.u_conv3.u_weights._19334_/Y
 m.u_conv3.u_weights._19335_/Y
 m.u_conv3.u_weights._19336_/Y
 m.u_conv3.u_weights._19337_/Y
 m.u_conv3.u_weights._19338_/Y
 m.u_conv3.u_weights._19339_/Y
 m.u_conv3.u_weights._19340_/Y
 m.u_conv3.u_weights._19341_/Y
 m.u_conv3.u_weights._19342_/Y
 m.u_conv3.u_weights._19343_/Y
 m.u_conv3.u_weights._19344_/Y
 m.u_conv3.u_weights._19345_/Y
 m.u_conv3.u_weights._19346_/Y
 m.u_conv3.u_weights._19347_/Y
 m.u_conv3.u_weights._19348_/Y
 m.u_conv3.u_weights._19349_/Y
 m.u_conv3.u_weights._19350_/Y
 m.u_conv3.u_weights._19351_/Y
 m.u_conv3.u_weights._19352_/Y
 m.u_conv3.u_weights._19353_/Y
 m.u_conv3.u_weights._19354_/Y
 m.u_conv3.u_weights._19355_/Y
 m.u_conv3.u_weights._19356_/Y
 m.u_conv3.u_weights._19357_/Y
 m.u_conv3.u_weights._19358_/Y
 m.u_conv3.u_weights._19359_/Y
 m.u_conv3.u_weights._19360_/Y
 m.u_conv3.u_weights._19361_/X
 m.u_conv3.u_weights._19362_/Y
 m.u_conv3.u_weights._19363_/Y
 m.u_conv3.u_weights._19364_/X
 m.u_conv3.u_weights._19365_/X
 m.u_conv3.u_weights._19366_/Y
 m.u_conv3.u_weights._19367_/X
 m.u_conv3.u_weights._19368_/Y
 m.u_conv3.u_weights._19369_/Y
 m.u_conv3.u_weights._19370_/X
 m.u_conv3.u_weights._19371_/Y
 m.u_conv3.u_weights._19372_/Y
 m.u_conv3.u_weights._19373_/Y
 m.u_conv3.u_weights._19374_/Y
 m.u_conv3.u_weights._19375_/Y
 m.u_conv3.u_weights._19376_/Y
 m.u_conv3.u_weights._19377_/Y
 m.u_conv3.u_weights._19378_/Y
 m.u_conv3.u_weights._19379_/Y
 m.u_conv3.u_weights._19380_/Y
 m.u_conv3.u_weights._19381_/Y
 m.u_conv3.u_weights._19382_/Y
 m.u_conv3.u_weights._19383_/Y
 m.u_conv3.u_weights._19384_/Y
 m.u_conv3.u_weights._19385_/Y
 m.u_conv3.u_weights._19386_/X
 m.u_conv3.u_weights._19387_/Y
 m.u_conv3.u_weights._19388_/Y
 m.u_conv3.u_weights._19389_/Y
 m.u_conv3.u_weights._19390_/Y
 m.u_conv3.u_weights._19391_/X
 m.u_conv3.u_weights._19392_/Y
 m.u_conv3.u_weights._19393_/Y
 m.u_conv3.u_weights._19394_/Y
 m.u_conv3.u_weights._19395_/Y
 m.u_conv3.u_weights._19396_/X
 m.u_conv3.u_weights._19397_/Y
 m.u_conv3.u_weights._19398_/Y
 m.u_conv3.u_weights._19399_/Y
 m.u_conv3.u_weights._19400_/Y
 m.u_conv3.u_weights._19401_/Y
 m.u_conv3.u_weights._19402_/Y
 m.u_conv3.u_weights._19403_/Y
 m.u_conv3.u_weights._19404_/Y
 m.u_conv3.u_weights._19405_/Y
 m.u_conv3.u_weights._19406_/X
 m.u_conv3.u_weights._19407_/Y
 m.u_conv3.u_weights._19408_/Y
 m.u_conv3.u_weights._19409_/Y
 m.u_conv3.u_weights._19410_/Y
 m.u_conv3.u_weights._19411_/Y
 m.u_conv3.u_weights._19412_/Y
 m.u_conv3.u_weights._19413_/X
 m.u_conv3.u_weights._19414_/X
 m.u_conv3.u_weights._19415_/Y
 m.u_conv3.u_weights._19416_/Y
 m.u_conv3.u_weights._19417_/Y
 m.u_conv3.u_weights._19418_/Y
 m.u_conv3.u_weights._19419_/Y
 m.u_conv3.u_weights._19420_/Y
 m.u_conv3.u_weights._19421_/Y
 m.u_conv3.u_weights._19422_/X
 m.u_conv3.u_weights._19423_/Y
 m.u_conv3.u_weights._19424_/Y
 m.u_conv3.u_weights._19425_/X
 m.u_conv3.u_weights._19426_/Y
 m.u_conv3.u_weights._19427_/Y
 m.u_conv3.u_weights._19428_/X
 m.u_conv3.u_weights._19429_/X
 m.u_conv3.u_weights._19430_/Y
 m.u_conv3.u_weights._19431_/Y
 m.u_conv3.u_weights._19432_/Y
 m.u_conv3.u_weights._19433_/Y
 m.u_conv3.u_weights._19434_/Y
 m.u_conv3.u_weights._19435_/Y
 m.u_conv3.u_weights._19436_/Y
 m.u_conv3.u_weights._19437_/Y
 m.u_conv3.u_weights._19438_/X
 m.u_conv3.u_weights._19439_/Y
 m.u_conv3.u_weights._19440_/Y
 m.u_conv3.u_weights._19441_/Y
 m.u_conv3.u_weights._19442_/Y
 m.u_conv3.u_weights._19443_/X
 m.u_conv3.u_weights._19444_/X
 m.u_conv3.u_weights._19445_/Y
 m.u_conv3.u_weights._19446_/Y
 m.u_conv3.u_weights._19447_/Y
 m.u_conv3.u_weights._19448_/Y
 m.u_conv3.u_weights._19449_/Y
 m.u_conv3.u_weights._19450_/Y
 m.u_conv3.u_weights._19451_/Y
 m.u_conv3.u_weights._19452_/X
 m.u_conv3.u_weights._19453_/Y
 m.u_conv3.u_weights._19454_/Y
 m.u_conv3.u_weights._19455_/Y
 m.u_conv3.u_weights._19456_/Y
 m.u_conv3.u_weights._19457_/X
 m.u_conv3.u_weights._19458_/Y
 m.u_conv3.u_weights._19459_/Y
 m.u_conv3.u_weights._19460_/Y
 m.u_conv3.u_weights._19461_/Y
 m.u_conv3.u_weights._19462_/Y
 m.u_conv3.u_weights._19463_/Y
 m.u_conv3.u_weights._19464_/X
 m.u_conv3.u_weights._19465_/Y
 m.u_conv3.u_weights._19466_/Y
 m.u_conv3.u_weights._19467_/Y
 m.u_conv3.u_weights._19468_/Y
 m.u_conv3.u_weights._19469_/Y
 m.u_conv3.u_weights._19470_/Y
 m.u_conv3.u_weights._19471_/Y
 m.u_conv3.u_weights._19472_/Y
 m.u_conv3.u_weights._19473_/Y
 m.u_conv3.u_weights._19474_/Y
 m.u_conv3.u_weights._19475_/Y
 m.u_conv3.u_weights._19476_/Y
 m.u_conv3.u_weights._19477_/X
 m.u_conv3.u_weights._19478_/Y
 m.u_conv3.u_weights._19479_/X
 m.u_conv3.u_weights._19480_/Y
 m.u_conv3.u_weights._19481_/X
 m.u_conv3.u_weights._19482_/Y
 m.u_conv3.u_weights._19483_/Y
 m.u_conv3.u_weights._19484_/X
 m.u_conv3.u_weights._19485_/X
 m.u_conv3.u_weights._19486_/Y
 m.u_conv3.u_weights._19487_/Y
 m.u_conv3.u_weights._19488_/Y
 m.u_conv3.u_weights._19489_/Y
 m.u_conv3.u_weights._19490_/X
 m.u_conv3.u_weights._19491_/Y
 m.u_conv3.u_weights._19492_/X
 m.u_conv3.u_weights._19493_/Y
 m.u_conv3.u_weights._19494_/Y
 m.u_conv3.u_weights._19495_/Y
 m.u_conv3.u_weights._19496_/X
 m.u_conv3.u_weights._19497_/X
 m.u_conv3.u_weights._19498_/Y
 m.u_conv3.u_weights._19499_/X
 m.u_conv3.u_weights._19500_/Y
 m.u_conv3.u_weights._19501_/Y
 m.u_conv3.u_weights._19502_/Y
 m.u_conv3.u_weights._19503_/Y
 m.u_conv3.u_weights._19504_/Y
 m.u_conv3.u_weights._19505_/Y
 m.u_conv3.u_weights._19506_/Y
 m.u_conv3.u_weights._19507_/X
 m.u_conv3.u_weights._19508_/X
 m.u_conv3.u_weights._19509_/Y
 m.u_conv3.u_weights._19510_/Y
 m.u_conv3.u_weights._19511_/Y
 m.u_conv3.u_weights._19512_/Y
 m.u_conv3.u_weights._19513_/X
 m.u_conv3.u_weights._19514_/Y
 m.u_conv3.u_weights._19515_/X
 m.u_conv3.u_weights._19516_/Y
 m.u_conv3.u_weights._19517_/Y
 m.u_conv3.u_weights._19518_/Y
 m.u_conv3.u_weights._19519_/X
 m.u_conv3.u_weights._19520_/Y
 m.u_conv3.u_weights._19521_/Y
 m.u_conv3.u_weights._19522_/X
 m.u_conv3.u_weights._19523_/Y
 m.u_conv3.u_weights._19524_/Y
 m.u_conv3.u_weights._19525_/Y
 m.u_conv3.u_weights._19526_/X
 m.u_conv3.u_weights._19527_/Y
 m.u_conv3.u_weights._19528_/Y
 m.u_conv3.u_weights._19529_/X
 m.u_conv3.u_weights._19530_/Y
 m.u_conv3.u_weights._19531_/X
 m.u_conv3.u_weights._19532_/Y
 m.u_conv3.u_weights._19533_/Y
 m.u_conv3.u_weights._19534_/Y
 m.u_conv3.u_weights._19535_/Y
 m.u_conv3.u_weights._19536_/Y
 m.u_conv3.u_weights._19537_/Y
 m.u_conv3.u_weights._19538_/Y
 m.u_conv3.u_weights._19539_/Y
 m.u_conv3.u_weights._19540_/X
 m.u_conv3.u_weights._19541_/Y
 m.u_conv3.u_weights._19542_/X
 m.u_conv3.u_weights._19543_/Y
 m.u_conv3.u_weights._19544_/Y
 m.u_conv3.u_weights._19545_/Y
 m.u_conv3.u_weights._19546_/Y
 m.u_conv3.u_weights._19547_/Y
 m.u_conv3.u_weights._19548_/Y
 m.u_conv3.u_weights._19549_/Y
 m.u_conv3.u_weights._19550_/Y
 m.u_conv3.u_weights._19551_/Y
 m.u_conv3.u_weights._19552_/Y
 m.u_conv3.u_weights._19553_/Y
 m.u_conv3.u_weights._19554_/X
 m.u_conv3.u_weights._19555_/Y
 m.u_conv3.u_weights._19556_/Y
 m.u_conv3.u_weights._19557_/X
 m.u_conv3.u_weights._19558_/Y
 m.u_conv3.u_weights._19559_/Y
 m.u_conv3.u_weights._19560_/Y
 m.u_conv3.u_weights._19561_/Y
 m.u_conv3.u_weights._19562_/Y
 m.u_conv3.u_weights._19563_/X
 m.u_conv3.u_weights._19564_/Y
 m.u_conv3.u_weights._19565_/X
 m.u_conv3.u_weights._19566_/Y
 m.u_conv3.u_weights._19567_/X
 m.u_conv3.u_weights._19568_/X
 m.u_conv3.u_weights._19569_/Y
 m.u_conv3.u_weights._19570_/X
 m.u_conv3.u_weights._19571_/Y
 m.u_conv3.u_weights._19572_/Y
 m.u_conv3.u_weights._19573_/Y
 m.u_conv3.u_weights._19574_/Y
 m.u_conv3.u_weights._19575_/Y
 m.u_conv3.u_weights._19576_/X
 m.u_conv3.u_weights._19577_/Y
 m.u_conv3.u_weights._19578_/Y
 m.u_conv3.u_weights._19579_/Y
 m.u_conv3.u_weights._19580_/X
 m.u_conv3.u_weights._19581_/X
 m.u_conv3.u_weights._19582_/Y
 m.u_conv3.u_weights._19583_/Y
 m.u_conv3.u_weights._19584_/Y
 m.u_conv3.u_weights._19585_/Y
 m.u_conv3.u_weights._19586_/X
 m.u_conv3.u_weights._19587_/Y
 m.u_conv3.u_weights._19588_/Y
 m.u_conv3.u_weights._19589_/X
 m.u_conv3.u_weights._19590_/Y
 m.u_conv3.u_weights._19591_/Y
 m.u_conv3.u_weights._19592_/Y
 m.u_conv3.u_weights._19593_/Y
 m.u_conv3.u_weights._19594_/Y
 m.u_conv3.u_weights._19595_/Y
 m.u_conv3.u_weights._19596_/Y
 m.u_conv3.u_weights._19597_/Y
 m.u_conv3.u_weights._19598_/Y
 m.u_conv3.u_weights._19599_/X
 m.u_conv3.u_weights._19600_/Y
 m.u_conv3.u_weights._19601_/Y
 m.u_conv3.u_weights._19602_/Y
 m.u_conv3.u_weights._19603_/Y
 m.u_conv3.u_weights._19604_/Y
 m.u_conv3.u_weights._19605_/Y
 m.u_conv3.u_weights._19606_/Y
 m.u_conv3.u_weights._19607_/Y
 m.u_conv3.u_weights._19608_/X
 m.u_conv3.u_weights._19609_/X
 m.u_conv3.u_weights._19610_/Y
 m.u_conv3.u_weights._19611_/Y
 m.u_conv3.u_weights._19612_/X
 m.u_conv3.u_weights._19613_/Y
 m.u_conv3.u_weights._19614_/Y
 m.u_conv3.u_weights._19615_/X
 m.u_conv3.u_weights._19616_/X
 m.u_conv3.u_weights._19617_/X
 m.u_conv3.u_weights._19618_/Y
 m.u_conv3.u_weights._19619_/Y
 m.u_conv3.u_weights._19620_/Y
 m.u_conv3.u_weights._19621_/X
 m.u_conv3.u_weights._19622_/Y
 m.u_conv3.u_weights._19623_/Y
 m.u_conv3.u_weights._19624_/Y
 m.u_conv3.u_weights._19625_/X
 m.u_conv3.u_weights._19626_/X
 m.u_conv3.u_weights._19627_/Y
 m.u_conv3.u_weights._19628_/X
 m.u_conv3.u_weights._19629_/Y
 m.u_conv3.u_weights._19630_/X
 m.u_conv3.u_weights._19631_/X
 m.u_conv3.u_weights._19632_/Y
 m.u_conv3.u_weights._19633_/Y
 m.u_conv3.u_weights._19634_/X
 m.u_conv3.u_weights._19635_/Y
 m.u_conv3.u_weights._19636_/Y
 m.u_conv3.u_weights._19637_/X
 m.u_conv3.u_weights._19638_/Y
 m.u_conv3.u_weights._19639_/Y
 m.u_conv3.u_weights._19640_/X
 m.u_conv3.u_weights._19641_/Y
 m.u_conv3.u_weights._19642_/Y
 m.u_conv3.u_weights._19643_/X
 m.u_conv3.u_weights._19644_/X
 m.u_conv3.u_weights._19645_/Y
 m.u_conv3.u_weights._19646_/Y
 m.u_conv3.u_weights._19647_/Y
 m.u_conv3.u_weights._19648_/Y
 m.u_conv3.u_weights._19649_/Y
 m.u_conv3.u_weights._19650_/Y
 m.u_conv3.u_weights._19651_/Y
 m.u_conv3.u_weights._19652_/X
 m.u_conv3.u_weights._19653_/Y
 m.u_conv3.u_weights._19654_/Y
 m.u_conv3.u_weights._19655_/Y
 m.u_conv3.u_weights._19656_/Y
 m.u_conv3.u_weights._19657_/X
 m.u_conv3.u_weights._19658_/Y
 m.u_conv3.u_weights._19659_/Y
 m.u_conv3.u_weights._19660_/Y
 m.u_conv3.u_weights._19661_/Y
 m.u_conv3.u_weights._19662_/Y
 m.u_conv3.u_weights._19663_/Y
 m.u_conv3.u_weights._19664_/X
 m.u_conv3.u_weights._19665_/Y
 m.u_conv3.u_weights._19666_/Y
 m.u_conv3.u_weights._19667_/Y
 m.u_conv3.u_weights._19668_/Y
 m.u_conv3.u_weights._19669_/Y
 m.u_conv3.u_weights._19670_/X
 m.u_conv3.u_weights._19671_/Y
 m.u_conv3.u_weights._19672_/X
 m.u_conv3.u_weights._19673_/Y
 m.u_conv3.u_weights._19674_/Y
 m.u_conv3.u_weights._19675_/Y
 m.u_conv3.u_weights._19676_/Y
 m.u_conv3.u_weights._19677_/Y
 m.u_conv3.u_weights._19678_/Y
 m.u_conv3.u_weights._19679_/Y
 m.u_conv3.u_weights._19680_/Y
 m.u_conv3.u_weights._19681_/X
 m.u_conv3.u_weights._19682_/Y
 m.u_conv3.u_weights._19683_/Y
 m.u_conv3.u_weights._19684_/Y
 m.u_conv3.u_weights._19685_/X
 m.u_conv3.u_weights._19686_/X
 m.u_conv3.u_weights._19687_/Y
 m.u_conv3.u_weights._19688_/Y
 m.u_conv3.u_weights._19689_/Y
 m.u_conv3.u_weights._19690_/Y
 m.u_conv3.u_weights._19691_/Y
 m.u_conv3.u_weights._19692_/Y
 m.u_conv3.u_weights._19693_/Y
 m.u_conv3.u_weights._19694_/Y
 m.u_conv3.u_weights._19695_/Y
 m.u_conv3.u_weights._19696_/Y
 m.u_conv3.u_weights._19697_/Y
 m.u_conv3.u_weights._19698_/Y
 m.u_conv3.u_weights._19699_/Y
 m.u_conv3.u_weights._19700_/Y
 m.u_conv3.u_weights._19701_/Y
 m.u_conv3.u_weights._19702_/Y
 m.u_conv3.u_weights._19703_/Y
 m.u_conv3.u_weights._19704_/Y
 m.u_conv3.u_weights._19705_/Y
 m.u_conv3.u_weights._19706_/X
 m.u_conv3.u_weights._19707_/X
 m.u_conv3.u_weights._19708_/Y
 m.u_conv3.u_weights._19709_/Y
 m.u_conv3.u_weights._19710_/Y
 m.u_conv3.u_weights._19711_/Y
 m.u_conv3.u_weights._19712_/Y
 m.u_conv3.u_weights._19713_/Y
 m.u_conv3.u_weights._19714_/Y
 m.u_conv3.u_weights._19715_/Y
 m.u_conv3.u_weights._19716_/Y
 m.u_conv3.u_weights._19717_/X
 m.u_conv3.u_weights._19718_/Y
 m.u_conv3.u_weights._19719_/Y
 m.u_conv3.u_weights._19720_/Y
 m.u_conv3.u_weights._19721_/Y
 m.u_conv3.u_weights._19722_/Y
 m.u_conv3.u_weights._19723_/X
 m.u_conv3.u_weights._19724_/Y
 m.u_conv3.u_weights._19725_/Y
 m.u_conv3.u_weights._19726_/Y
 m.u_conv3.u_weights._19727_/X
 m.u_conv3.u_weights._19728_/Y
 m.u_conv3.u_weights._19729_/Y
 m.u_conv3.u_weights._19730_/Y
 m.u_conv3.u_weights._19731_/X
 m.u_conv3.u_weights._19732_/X
 m.u_conv3.u_weights._19733_/Y
 m.u_conv3.u_weights._19734_/Y
 m.u_conv3.u_weights._19735_/Y
 m.u_conv3.u_weights._19736_/Y
 m.u_conv3.u_weights._19737_/X
 m.u_conv3.u_weights._19738_/Y
 m.u_conv3.u_weights._19739_/X
 m.u_conv3.u_weights._19740_/Y
 m.u_conv3.u_weights._19741_/Y
 m.u_conv3.u_weights._19742_/Y
 m.u_conv3.u_weights._19743_/Y
 m.u_conv3.u_weights._19744_/Y
 m.u_conv3.u_weights._19745_/Y
 m.u_conv3.u_weights._19746_/Y
 m.u_conv3.u_weights._19747_/Y
 m.u_conv3.u_weights._19748_/Y
 m.u_conv3.u_weights._19749_/Y
 m.u_conv3.u_weights._19750_/Y
 m.u_conv3.u_weights._19751_/Y
 m.u_conv3.u_weights._19752_/X
 m.u_conv3.u_weights._19753_/Y
 m.u_conv3.u_weights._19754_/Y
 m.u_conv3.u_weights._19755_/Y
 m.u_conv3.u_weights._19756_/Y
 m.u_conv3.u_weights._19757_/Y
 m.u_conv3.u_weights._19758_/Y
 m.u_conv3.u_weights._19759_/X
 m.u_conv3.u_weights._19760_/Y
 m.u_conv3.u_weights._19761_/Y
 m.u_conv3.u_weights._19762_/Y
 m.u_conv3.u_weights._19763_/Y
 m.u_conv3.u_weights._19764_/Y
 m.u_conv3.u_weights._19765_/X
 m.u_conv3.u_weights._19766_/Y
 m.u_conv3.u_weights._19767_/Y
 m.u_conv3.u_weights._19768_/Y
 m.u_conv3.u_weights._19769_/Y
 m.u_conv3.u_weights._19770_/Y
 m.u_conv3.u_weights._19771_/Y
 m.u_conv3.u_weights._19772_/Y
 m.u_conv3.u_weights._19773_/Y
 m.u_conv3.u_weights._19774_/Y
 m.u_conv3.u_weights._19775_/Y
 m.u_conv3.u_weights._19776_/Y
 m.u_conv3.u_weights._19777_/Y
 m.u_conv3.u_weights._19778_/Y
 m.u_conv3.u_weights._19779_/Y
 m.u_conv3.u_weights._19780_/Y
 m.u_conv3.u_weights._19781_/Y
 m.u_conv3.u_weights._19782_/Y
 m.u_conv3.u_weights._19783_/Y
 m.u_conv3.u_weights._19784_/Y
 m.u_conv3.u_weights._19785_/X
 m.u_conv3.u_weights._19786_/Y
 m.u_conv3.u_weights._19787_/Y
 m.u_conv3.u_weights._19788_/Y
 m.u_conv3.u_weights._19789_/Y
 m.u_conv3.u_weights._19790_/Y
 m.u_conv3.u_weights._19791_/Y
 m.u_conv3.u_weights._19792_/Y
 m.u_conv3.u_weights._19793_/X
 m.u_conv3.u_weights._19794_/Y
 m.u_conv3.u_weights._19795_/Y
 m.u_conv3.u_weights._19796_/Y
 m.u_conv3.u_weights._19797_/Y
 m.u_conv3.u_weights._19798_/Y
 m.u_conv3.u_weights._19799_/X
 m.u_conv3.u_weights._19800_/Y
 m.u_conv3.u_weights._19801_/Y
 m.u_conv3.u_weights._19802_/Y
 m.u_conv3.u_weights._19803_/Y
 m.u_conv3.u_weights._19804_/Y
 m.u_conv3.u_weights._19805_/Y
 m.u_conv3.u_weights._19806_/Y
 m.u_conv3.u_weights._19807_/Y
 m.u_conv3.u_weights._19808_/Y
 m.u_conv3.u_weights._19809_/Y
 m.u_conv3.u_weights._19810_/Y
 m.u_conv3.u_weights._19811_/X
 m.u_conv3.u_weights._19812_/Y
 m.u_conv3.u_weights._19813_/Y
 m.u_conv3.u_weights._19814_/Y
 m.u_conv3.u_weights._19815_/Y
 m.u_conv3.u_weights._19816_/Y
 m.u_conv3.u_weights._19817_/X
 m.u_conv3.u_weights._19818_/Y
 m.u_conv3.u_weights._19819_/Y
 m.u_conv3.u_weights._19820_/X
 m.u_conv3.u_weights._19821_/Y
 m.u_conv3.u_weights._19822_/X
 m.u_conv3.u_weights._19823_/Y
 m.u_conv3.u_weights._19824_/Y
 m.u_conv3.u_weights._19825_/Y
 m.u_conv3.u_weights._19826_/X
 m.u_conv3.u_weights._19827_/Y
 m.u_conv3.u_weights._19828_/Y
 m.u_conv3.u_weights._19829_/X
 m.u_conv3.u_weights._19830_/Y
 m.u_conv3.u_weights._19831_/Y
 m.u_conv3.u_weights._19832_/Y
 m.u_conv3.u_weights._19833_/Y
 m.u_conv3.u_weights._19834_/Y
 m.u_conv3.u_weights._19835_/Y
 m.u_conv3.u_weights._19836_/Y
 m.u_conv3.u_weights._19837_/Y
 m.u_conv3.u_weights._19838_/Y
 m.u_conv3.u_weights._19839_/Y
 m.u_conv3.u_weights._19840_/Y
 m.u_conv3.u_weights._19841_/Y
 m.u_conv3.u_weights._19842_/Y
 m.u_conv3.u_weights._19843_/Y
 m.u_conv3.u_weights._19844_/Y
 m.u_conv3.u_weights._19845_/Y
 m.u_conv3.u_weights._19846_/Y
 m.u_conv3.u_weights._19847_/X
 m.u_conv3.u_weights._19848_/X
 m.u_conv3.u_weights._19849_/X
 m.u_conv3.u_weights._19850_/Y
 m.u_conv3.u_weights._19851_/Y
 m.u_conv3.u_weights._19852_/Y
 m.u_conv3.u_weights._19853_/X
 m.u_conv3.u_weights._19854_/Y
 m.u_conv3.u_weights._19855_/X
 m.u_conv3.u_weights._19856_/Y
 m.u_conv3.u_weights._19857_/X
 m.u_conv3.u_weights._19858_/Y
 m.u_conv3.u_weights._19859_/X
 m.u_conv3.u_weights._19860_/Y
 m.u_conv3.u_weights._19861_/Y
 m.u_conv3.u_weights._19862_/Y
 m.u_conv3.u_weights._19863_/Y
 m.u_conv3.u_weights._19864_/Y
 m.u_conv3.u_weights._19865_/Y
 m.u_conv3.u_weights._19866_/Y
 m.u_conv3.u_weights._19867_/X
 m.u_conv3.u_weights._19868_/Y
 m.u_conv3.u_weights._19869_/Y
 m.u_conv3.u_weights._19870_/Y
 m.u_conv3.u_weights._19871_/Y
 m.u_conv3.u_weights._19872_/Y
 m.u_conv3.u_weights._19873_/Y
 m.u_conv3.u_weights._19874_/X
 m.u_conv3.u_weights._19875_/Y
 m.u_conv3.u_weights._19876_/X
 m.u_conv3.u_weights._19877_/Y
 m.u_conv3.u_weights._19878_/X
 m.u_conv3.u_weights._19879_/X
 m.u_conv3.u_weights._19880_/Y
 m.u_conv3.u_weights._19881_/X
 m.u_conv3.u_weights._19882_/Y
 m.u_conv3.u_weights._19883_/X
 m.u_conv3.u_weights._19884_/Y
 m.u_conv3.u_weights._19885_/X
 m.u_conv3.u_weights._19886_/X
 m.u_conv3.u_weights._19887_/Y
 m.u_conv3.u_weights._19888_/X
 m.u_conv3.u_weights._19889_/Y
 m.u_conv3.u_weights._19890_/X
 m.u_conv3.u_weights._19891_/Y
 m.u_conv3.u_weights._19892_/Y
 m.u_conv3.u_weights._19893_/X
 m.u_conv3.u_weights._19894_/Y
 m.u_conv3.u_weights._19895_/Y
 m.u_conv3.u_weights._19896_/X
 m.u_conv3.u_weights._19897_/Y
 m.u_conv3.u_weights._19898_/Y
 m.u_conv3.u_weights._19899_/Y
 m.u_conv3.u_weights._19900_/Y
 m.u_conv3.u_weights._19901_/Y
 m.u_conv3.u_weights._19902_/Y
 m.u_conv3.u_weights._19903_/Y
 m.u_conv3.u_weights._19904_/X
 m.u_conv3.u_weights._19905_/Y
 m.u_conv3.u_weights._19906_/Y
 m.u_conv3.u_weights._19907_/X
 m.u_conv3.u_weights._19908_/Y
 m.u_conv3.u_weights._19909_/Y
 m.u_conv3.u_weights._19910_/Y
 m.u_conv3.u_weights._19911_/Y
 m.u_conv3.u_weights._19912_/Y
 m.u_conv3.u_weights._19913_/Y
 m.u_conv3.u_weights._19914_/X
 m.u_conv3.u_weights._19915_/Y
 m.u_conv3.u_weights._19916_/Y
 m.u_conv3.u_weights._19917_/Y
 m.u_conv3.u_weights._19918_/X
 m.u_conv3.u_weights._19919_/Y
 m.u_conv3.u_weights._19920_/Y
 m.u_conv3.u_weights._19921_/X
 m.u_conv3.u_weights._19922_/X
 m.u_conv3.u_weights._19923_/Y
 m.u_conv3.u_weights._19924_/X
 m.u_conv3.u_weights._19925_/X
 m.u_conv3.u_weights._19926_/Y
 m.u_conv3.u_weights._19927_/Y
 m.u_conv3.u_weights._19928_/Y
 m.u_conv3.u_weights._19929_/Y
 m.u_conv3.u_weights._19930_/Y
 m.u_conv3.u_weights._19931_/Y
 m.u_conv3.u_weights._19932_/Y
 m.u_conv3.u_weights._19933_/X
 m.u_conv3.u_weights._19934_/X
 m.u_conv3.u_weights._19935_/Y
 m.u_conv3.u_weights._19936_/X
 m.u_conv3.u_weights._19937_/Y
 m.u_conv3.u_weights._19938_/X
 m.u_conv3.u_weights._19939_/X
 m.u_conv3.u_weights._19940_/Y
 m.u_conv3.u_weights._19941_/X
 m.u_conv3.u_weights._19942_/Y
 m.u_conv3.u_weights._19943_/Y
 m.u_conv3.u_weights._19944_/Y
 m.u_conv3.u_weights._19945_/Y
 m.u_conv3.u_weights._19946_/Y
 m.u_conv3.u_weights._19947_/Y
 m.u_conv3.u_weights._19948_/Y
 m.u_conv3.u_weights._19949_/Y
 m.u_conv3.u_weights._19950_/Y
 m.u_conv3.u_weights._19951_/X
 m.u_conv3.u_weights._19952_/Y
 m.u_conv3.u_weights._19953_/Y
 m.u_conv3.u_weights._19954_/Y
 m.u_conv3.u_weights._19955_/X
 m.u_conv3.u_weights._19956_/Y
 m.u_conv3.u_weights._19957_/Y
 m.u_conv3.u_weights._19958_/Y
 m.u_conv3.u_weights._19959_/Y
 m.u_conv3.u_weights._19960_/X
 m.u_conv3.u_weights._19961_/Y
 m.u_conv3.u_weights._19962_/X
 m.u_conv3.u_weights._19963_/Y
 m.u_conv3.u_weights._19964_/Y
 m.u_conv3.u_weights._19965_/X
 m.u_conv3.u_weights._19966_/Y
 m.u_conv3.u_weights._19967_/Y
 m.u_conv3.u_weights._19968_/Y
 m.u_conv3.u_weights._19969_/Y
 m.u_conv3.u_weights._19970_/Y
 m.u_conv3.u_weights._19971_/X
 m.u_conv3.u_weights._19972_/Y
 m.u_conv3.u_weights._19973_/Y
 m.u_conv3.u_weights._19974_/Y
 m.u_conv3.u_weights._19975_/Y
 m.u_conv3.u_weights._19976_/Y
 m.u_conv3.u_weights._19977_/Y
 m.u_conv3.u_weights._19978_/X
 m.u_conv3.u_weights._19979_/Y
 m.u_conv3.u_weights._19980_/Y
 m.u_conv3.u_weights._19981_/Y
 m.u_conv3.u_weights._19982_/X
 m.u_conv3.u_weights._19983_/Y
 m.u_conv3.u_weights._19984_/Y
 m.u_conv3.u_weights._19985_/Y
 m.u_conv3.u_weights._19986_/X
 m.u_conv3.u_weights._19987_/Y
 m.u_conv3.u_weights._19988_/Y
 m.u_conv3.u_weights._19989_/X
 m.u_conv3.u_weights._19990_/Y
 m.u_conv3.u_weights._19991_/Y
 m.u_conv3.u_weights._19992_/Y
 m.u_conv3.u_weights._19993_/Y
 m.u_conv3.u_weights._19994_/Y
 m.u_conv3.u_weights._19995_/Y
 m.u_conv3.u_weights._19996_/Y
 m.u_conv3.u_weights._19997_/Y
 m.u_conv3.u_weights._19998_/Y
 m.u_conv3.u_weights._19999_/X
 m.u_conv3.u_weights._20000_/Y
 m.u_conv3.u_weights._20001_/X
 m.u_conv3.u_weights._20002_/Y
 m.u_conv3.u_weights._20003_/X
 m.u_conv3.u_weights._20004_/Y
 m.u_conv3.u_weights._20005_/X
 m.u_conv3.u_weights._20006_/Y
 m.u_conv3.u_weights._20007_/X
 m.u_conv3.u_weights._20008_/Y
 m.u_conv3.u_weights._20009_/X
 m.u_conv3.u_weights._20010_/X
 m.u_conv3.u_weights._20011_/Y
 m.u_conv3.u_weights._20012_/Y
 m.u_conv3.u_weights._20013_/X
 m.u_conv3.u_weights._20014_/Y
 m.u_conv3.u_weights._20015_/Y
 m.u_conv3.u_weights._20016_/X
 m.u_conv3.u_weights._20017_/Y
 m.u_conv3.u_weights._20018_/Y
 m.u_conv3.u_weights._20019_/Y
 m.u_conv3.u_weights._20020_/Y
 m.u_conv3.u_weights._20021_/Y
 m.u_conv3.u_weights._20022_/Y
 m.u_conv3.u_weights._20023_/X
 m.u_conv3.u_weights._20024_/X
 m.u_conv3.u_weights._20025_/Y
 m.u_conv3.u_weights._20026_/Y
 m.u_conv3.u_weights._20027_/X
 m.u_conv3.u_weights._20028_/X
 m.u_conv3.u_weights._20029_/X
 m.u_conv3.u_weights._20030_/Y
 m.u_conv3.u_weights._20031_/Y
 m.u_conv3.u_weights._20032_/X
 m.u_conv3.u_weights._20033_/Y
 m.u_conv3.u_weights._20034_/Y
 m.u_conv3.u_weights._20035_/Y
 m.u_conv3.u_weights._20036_/X
 m.u_conv3.u_weights._20037_/Y
 m.u_conv3.u_weights._20038_/X
 m.u_conv3.u_weights._20039_/Y
 m.u_conv3.u_weights._20040_/X
 m.u_conv3.u_weights._20041_/Y
 m.u_conv3.u_weights._20042_/X
 m.u_conv3.u_weights._20043_/Y
 m.u_conv3.u_weights._20044_/X
 m.u_conv3.u_weights._20045_/Y
 m.u_conv3.u_weights._20046_/X
 m.u_conv3.u_weights._20047_/Y
 m.u_conv3.u_weights._20048_/Y
 m.u_conv3.u_weights._20049_/Y
 m.u_conv3.u_weights._20050_/Y
 m.u_conv3.u_weights._20051_/X
 m.u_conv3.u_weights._20052_/Y
 m.u_conv3.u_weights._20053_/Y
 m.u_conv3.u_weights._20054_/X
 m.u_conv3.u_weights._20055_/Y
 m.u_conv3.u_weights._20056_/Y
 m.u_conv3.u_weights._20057_/X
 m.u_conv3.u_weights._20058_/Y
 m.u_conv3.u_weights._20059_/Y
 m.u_conv3.u_weights._20060_/Y
 m.u_conv3.u_weights._20061_/Y
 m.u_conv3.u_weights._20062_/Y
 m.u_conv3.u_weights._20063_/Y
 m.u_conv3.u_weights._20064_/Y
 m.u_conv3.u_weights._20065_/Y
 m.u_conv3.u_weights._20066_/Y
 m.u_conv3.u_weights._20067_/X
 m.u_conv3.u_weights._20068_/X
 m.u_conv3.u_weights._20069_/Y
 m.u_conv3.u_weights._20070_/Y
 m.u_conv3.u_weights._20071_/Y
 m.u_conv3.u_weights._20072_/Y
 m.u_conv3.u_weights._20073_/X
 m.u_conv3.u_weights._20074_/Y
 m.u_conv3.u_weights._20075_/Y
 m.u_conv3.u_weights._20076_/Y
 m.u_conv3.u_weights._20077_/Y
 m.u_conv3.u_weights._20078_/Y
 m.u_conv3.u_weights._20079_/X
 m.u_conv3.u_weights._20080_/Y
 m.u_conv3.u_weights._20081_/X
 m.u_conv3.u_weights._20082_/Y
 m.u_conv3.u_weights._20083_/Y
 m.u_conv3.u_weights._20084_/Y
 m.u_conv3.u_weights._20085_/Y
 m.u_conv3.u_weights._20086_/Y
 m.u_conv3.u_weights._20087_/Y
 m.u_conv3.u_weights._20088_/Y
 m.u_conv3.u_weights._20089_/Y
 m.u_conv3.u_weights._20090_/Y
 m.u_conv3.u_weights._20091_/Y
 m.u_conv3.u_weights._20092_/Y
 m.u_conv3.u_weights._20093_/Y
 m.u_conv3.u_weights._20094_/Y
 m.u_conv3.u_weights._20095_/Y
 m.u_conv3.u_weights._20096_/Y
 m.u_conv3.u_weights._20097_/Y
 m.u_conv3.u_weights._20098_/Y
 m.u_conv3.u_weights._20099_/Y
 m.u_conv3.u_weights._20100_/Y
 m.u_conv3.u_weights._20101_/Y
 m.u_conv3.u_weights._20102_/Y
 m.u_conv3.u_weights._20103_/Y
 m.u_conv3.u_weights._20104_/Y
 m.u_conv3.u_weights._20105_/Y
 m.u_conv3.u_weights._20106_/Y
 m.u_conv3.u_weights._20107_/Y
 m.u_conv3.u_weights._20108_/Y
 m.u_conv3.u_weights._20109_/Y
 m.u_conv3.u_weights._20110_/Y
 m.u_conv3.u_weights._20111_/Y
 m.u_conv3.u_weights._20112_/Y
 m.u_conv3.u_weights._20113_/Y
 m.u_conv3.u_weights._20114_/Y
 m.u_conv3.u_weights._20115_/Y
 m.u_conv3.u_weights._20116_/Y
 m.u_conv3.u_weights._20117_/Y
 m.u_conv3.u_weights._20118_/Y
 m.u_conv3.u_weights._20119_/Y
 m.u_conv3.u_weights._20120_/Y
 m.u_conv3.u_weights._20121_/Y
 m.u_conv3.u_weights._20122_/Y
 m.u_conv3.u_weights._20123_/Y
 m.u_conv3.u_weights._20124_/Y
 m.u_conv3.u_weights._20125_/Y
 m.u_conv3.u_weights._20126_/Y
 m.u_conv3.u_weights._20127_/Y
 m.u_conv3.u_weights._20128_/Y
 m.u_conv3.u_weights._20129_/Y
 m.u_conv3.u_weights._20130_/Y
 m.u_conv3.u_weights._20131_/Y
 m.u_conv3.u_weights._20132_/Y
 m.u_conv3.u_weights._20133_/X
 m.u_conv3.u_weights._20134_/Y
 m.u_conv3.u_weights._20135_/Y
 m.u_conv3.u_weights._20136_/Y
 m.u_conv3.u_weights._20137_/X
 m.u_conv3.u_weights._20138_/Y
 m.u_conv3.u_weights._20139_/Y
 m.u_conv3.u_weights._20140_/Y
 m.u_conv3.u_weights._20141_/Y
 m.u_conv3.u_weights._20142_/Y
 m.u_conv3.u_weights._20143_/Y
 m.u_conv3.u_weights._20144_/Y
 m.u_conv3.u_weights._20145_/X
 m.u_conv3.u_weights._20146_/Y
 m.u_conv3.u_weights._20147_/Y
 m.u_conv3.u_weights._20148_/Y
 m.u_conv3.u_weights._20149_/X
 m.u_conv3.u_weights._20150_/X
 m.u_conv3.u_weights._20151_/Y
 m.u_conv3.u_weights._20152_/Y
 m.u_conv3.u_weights._20153_/Y
 m.u_conv3.u_weights._20154_/X
 m.u_conv3.u_weights._20155_/Y
 m.u_conv3.u_weights._20156_/Y
 m.u_conv3.u_weights._20157_/Y
 m.u_conv3.u_weights._20158_/Y
 m.u_conv3.u_weights._20159_/Y
 m.u_conv3.u_weights._20160_/Y
 m.u_conv3.u_weights._20161_/Y
 m.u_conv3.u_weights._20162_/Y
 m.u_conv3.u_weights._20163_/Y
 m.u_conv3.u_weights._20164_/Y
 m.u_conv3.u_weights._20165_/Y
 m.u_conv3.u_weights._20166_/Y
 m.u_conv3.u_weights._20167_/Y
 m.u_conv3.u_weights._20168_/Y
 m.u_conv3.u_weights._20169_/Y
 m.u_conv3.u_weights._20170_/Y
 m.u_conv3.u_weights._20171_/Y
 m.u_conv3.u_weights._20172_/Y
 m.u_conv3.u_weights._20173_/X
 m.u_conv3.u_weights._20174_/X
 m.u_conv3.u_weights._20175_/Y
 m.u_conv3.u_weights._20176_/Y
 m.u_conv3.u_weights._20177_/Y
 m.u_conv3.u_weights._20178_/Y
 m.u_conv3.u_weights._20179_/Y
 m.u_conv3.u_weights._20180_/Y
 m.u_conv3.u_weights._20181_/Y
 m.u_conv3.u_weights._20182_/Y
 m.u_conv3.u_weights._20183_/Y
 m.u_conv3.u_weights._20184_/Y
 m.u_conv3.u_weights._20185_/Y
 m.u_conv3.u_weights._20186_/Y
 m.u_conv3.u_weights._20187_/X
 m.u_conv3.u_weights._20188_/Y
 m.u_conv3.u_weights._20189_/X
 m.u_conv3.u_weights._20190_/X
 m.u_conv3.u_weights._20191_/Y
 m.u_conv3.u_weights._20192_/Y
 m.u_conv3.u_weights._20193_/Y
 m.u_conv3.u_weights._20194_/Y
 m.u_conv3.u_weights._20195_/Y
 m.u_conv3.u_weights._20196_/Y
 m.u_conv3.u_weights._20197_/X
 m.u_conv3.u_weights._20198_/X
 m.u_conv3.u_weights._20199_/X
 m.u_conv3.u_weights._20200_/Y
 m.u_conv3.u_weights._20201_/Y
 m.u_conv3.u_weights._20202_/Y
 m.u_conv3.u_weights._20203_/Y
 m.u_conv3.u_weights._20204_/Y
 m.u_conv3.u_weights._20205_/X
 m.u_conv3.u_weights._20206_/Y
 m.u_conv3.u_weights._20207_/Y
 m.u_conv3.u_weights._20208_/Y
 m.u_conv3.u_weights._20209_/Y
 m.u_conv3.u_weights._20210_/X
 m.u_conv3.u_weights._20211_/Y
 m.u_conv3.u_weights._20212_/Y
 m.u_conv3.u_weights._20213_/X
 m.u_conv3.u_weights._20214_/Y
 m.u_conv3.u_weights._20215_/Y
 m.u_conv3.u_weights._20216_/X
 m.u_conv3.u_weights._20217_/Y
 m.u_conv3.u_weights._20218_/X
 m.u_conv3.u_weights._20219_/Y
 m.u_conv3.u_weights._20220_/X
 m.u_conv3.u_weights._20221_/Y
 m.u_conv3.u_weights._20222_/X
 m.u_conv3.u_weights._20223_/Y
 m.u_conv3.u_weights._20224_/Y
 m.u_conv3.u_weights._20225_/Y
 m.u_conv3.u_weights._20226_/Y
 m.u_conv3.u_weights._20227_/Y
 m.u_conv3.u_weights._20228_/Y
 m.u_conv3.u_weights._20229_/X
 m.u_conv3.u_weights._20230_/Y
 m.u_conv3.u_weights._20231_/Y
 m.u_conv3.u_weights._20232_/Y
 m.u_conv3.u_weights._20233_/Y
 m.u_conv3.u_weights._20234_/Y
 m.u_conv3.u_weights._20235_/X
 m.u_conv3.u_weights._20236_/Y
 m.u_conv3.u_weights._20237_/Y
 m.u_conv3.u_weights._20238_/Y
 m.u_conv3.u_weights._20239_/Y
 m.u_conv3.u_weights._20240_/X
 m.u_conv3.u_weights._20241_/X
 m.u_conv3.u_weights._20242_/Y
 m.u_conv3.u_weights._20243_/Y
 m.u_conv3.u_weights._20244_/Y
 m.u_conv3.u_weights._20245_/Y
 m.u_conv3.u_weights._20246_/Y
 m.u_conv3.u_weights._20247_/Y
 m.u_conv3.u_weights._20248_/X
 m.u_conv3.u_weights._20249_/Y
 m.u_conv3.u_weights._20250_/Y
 m.u_conv3.u_weights._20251_/Y
 m.u_conv3.u_weights._20252_/Y
 m.u_conv3.u_weights._20253_/Y
 m.u_conv3.u_weights._20254_/Y
 m.u_conv3.u_weights._20255_/Y
 m.u_conv3.u_weights._20256_/Y
 m.u_conv3.u_weights._20257_/Y
 m.u_conv3.u_weights._20258_/Y
 m.u_conv3.u_weights._20259_/X
 m.u_conv3.u_weights._20260_/Y
 m.u_conv3.u_weights._20261_/Y
 m.u_conv3.u_weights._20262_/X
 m.u_conv3.u_weights._20263_/Y
 m.u_conv3.u_weights._20264_/X
 m.u_conv3.u_weights._20265_/Y
 m.u_conv3.u_weights._20266_/X
 m.u_conv3.u_weights._20267_/Y
 m.u_conv3.u_weights._20268_/Y
 m.u_conv3.u_weights._20269_/Y
 m.u_conv3.u_weights._20270_/Y
 m.u_conv3.u_weights._20271_/Y
 m.u_conv3.u_weights._20272_/X
 m.u_conv3.u_weights._20273_/Y
 m.u_conv3.u_weights._20274_/Y
 m.u_conv3.u_weights._20275_/X
 m.u_conv3.u_weights._20276_/Y
 m.u_conv3.u_weights._20277_/Y
 m.u_conv3.u_weights._20278_/Y
 m.u_conv3.u_weights._20279_/X
 m.u_conv3.u_weights._20280_/Y
 m.u_conv3.u_weights._20281_/X
 m.u_conv3.u_weights._20282_/Y
 m.u_conv3.u_weights._20283_/Y
 m.u_conv3.u_weights._20284_/Y
 m.u_conv3.u_weights._20285_/Y
 m.u_conv3.u_weights._20286_/X
 m.u_conv3.u_weights._20287_/Y
 m.u_conv3.u_weights._20288_/Y
 m.u_conv3.u_weights._20289_/Y
 m.u_conv3.u_weights._20290_/Y
 m.u_conv3.u_weights._20291_/Y
 m.u_conv3.u_weights._20292_/Y
 m.u_conv3.u_weights._20293_/Y
 m.u_conv3.u_weights._20294_/Y
 m.u_conv3.u_weights._20295_/Y
 m.u_conv3.u_weights._20296_/Y
 m.u_conv3.u_weights._20297_/X
 m.u_conv3.u_weights._20298_/Y
 m.u_conv3.u_weights._20299_/Y
 m.u_conv3.u_weights._20300_/Y
 m.u_conv3.u_weights._20301_/X
 m.u_conv3.u_weights._20302_/Y
 m.u_conv3.u_weights._20303_/Y
 m.u_conv3.u_weights._20304_/Y
 m.u_conv3.u_weights._20305_/X
 m.u_conv3.u_weights._20306_/Y
 m.u_conv3.u_weights._20307_/Y
 m.u_conv3.u_weights._20308_/Y
 m.u_conv3.u_weights._20309_/Y
 m.u_conv3.u_weights._20310_/Y
 m.u_conv3.u_weights._20311_/X
 m.u_conv3.u_weights._20312_/Y
 m.u_conv3.u_weights._20313_/Y
 m.u_conv3.u_weights._20314_/Y
 m.u_conv3.u_weights._20315_/Y
 m.u_conv3.u_weights._20316_/Y
 m.u_conv3.u_weights._20317_/Y
 m.u_conv3.u_weights._20318_/Y
 m.u_conv3.u_weights._20319_/X
 m.u_conv3.u_weights._20320_/Y
 m.u_conv3.u_weights._20321_/Y
 m.u_conv3.u_weights._20322_/Y
 m.u_conv3.u_weights._20323_/Y
 m.u_conv3.u_weights._20324_/Y
 m.u_conv3.u_weights._20325_/Y
 m.u_conv3.u_weights._20326_/Y
 m.u_conv3.u_weights._20327_/Y
 m.u_conv3.u_weights._20328_/Y
 m.u_conv3.u_weights._20329_/Y
 m.u_conv3.u_weights._20330_/X
 m.u_conv3.u_weights._20331_/Y
 m.u_conv3.u_weights._20332_/Y
 m.u_conv3.u_weights._20333_/Y
 m.u_conv3.u_weights._20334_/Y
 m.u_conv3.u_weights._20335_/Y
 m.u_conv3.u_weights._20336_/X
 m.u_conv3.u_weights._20337_/Y
 m.u_conv3.u_weights._20338_/Y
 m.u_conv3.u_weights._20339_/X
 m.u_conv3.u_weights._20340_/Y
 m.u_conv3.u_weights._20341_/Y
 m.u_conv3.u_weights._20342_/Y
 m.u_conv3.u_weights._20343_/Y
 m.u_conv3.u_weights._20344_/Y
 m.u_conv3.u_weights._20345_/X
 m.u_conv3.u_weights._20346_/Y
 m.u_conv3.u_weights._20347_/Y
 m.u_conv3.u_weights._20348_/X
 m.u_conv3.u_weights._20349_/Y
 m.u_conv3.u_weights._20350_/Y
 m.u_conv3.u_weights._20351_/Y
 m.u_conv3.u_weights._20352_/Y
 m.u_conv3.u_weights._20353_/X
 m.u_conv3.u_weights._20354_/Y
 m.u_conv3.u_weights._20355_/Y
 m.u_conv3.u_weights._20356_/X
 m.u_conv3.u_weights._20357_/Y
 m.u_conv3.u_weights._20358_/Y
 m.u_conv3.u_weights._20359_/Y
 m.u_conv3.u_weights._20360_/Y
 m.u_conv3.u_weights._20361_/Y
 m.u_conv3.u_weights._20362_/Y
 m.u_conv3.u_weights._20363_/Y
 m.u_conv3.u_weights._20364_/Y
 m.u_conv3.u_weights._20365_/Y
 m.u_conv3.u_weights._20366_/Y
 m.u_conv3.u_weights._20367_/Y
 m.u_conv3.u_weights._20368_/Y
 m.u_conv3.u_weights._20369_/Y
 m.u_conv3.u_weights._20370_/Y
 m.u_conv3.u_weights._20371_/X
 m.u_conv3.u_weights._20372_/Y
 m.u_conv3.u_weights._20373_/X
 m.u_conv3.u_weights._20374_/Y
 m.u_conv3.u_weights._20375_/X
 m.u_conv3.u_weights._20376_/Y
 m.u_conv3.u_weights._20377_/Y
 m.u_conv3.u_weights._20378_/Y
 m.u_conv3.u_weights._20379_/Y
 m.u_conv3.u_weights._20380_/Y
 m.u_conv3.u_weights._20381_/Y
 m.u_conv3.u_weights._20382_/Y
 m.u_conv3.u_weights._20383_/Y
 m.u_conv3.u_weights._20384_/Y
 m.u_conv3.u_weights._20385_/X
 m.u_conv3.u_weights._20386_/Y
 m.u_conv3.u_weights._20387_/Y
 m.u_conv3.u_weights._20388_/Y
 m.u_conv3.u_weights._20389_/X
 m.u_conv3.u_weights._20390_/Y
 m.u_conv3.u_weights._20391_/Y
 m.u_conv3.u_weights._20392_/Y
 m.u_conv3.u_weights._20393_/Y
 m.u_conv3.u_weights._20394_/X
 m.u_conv3.u_weights._20395_/Y
 m.u_conv3.u_weights._20396_/Y
 m.u_conv3.u_weights._20397_/Y
 m.u_conv3.u_weights._20398_/X
 m.u_conv3.u_weights._20399_/Y
 m.u_conv3.u_weights._20400_/Y
 m.u_conv3.u_weights._20401_/Y
 m.u_conv3.u_weights._20402_/Y
 m.u_conv3.u_weights._20403_/Y
 m.u_conv3.u_weights._20404_/Y
 m.u_conv3.u_weights._20405_/Y
 m.u_conv3.u_weights._20406_/X
 m.u_conv3.u_weights._20407_/X
 m.u_conv3.u_weights._20408_/Y
 m.u_conv3.u_weights._20409_/X
 m.u_conv3.u_weights._20410_/Y
 m.u_conv3.u_weights._20411_/Y
 m.u_conv3.u_weights._20412_/Y
 m.u_conv3.u_weights._20413_/X
 m.u_conv3.u_weights._20414_/X
 m.u_conv3.u_weights._20415_/X
 m.u_conv3.u_weights._20416_/X
 m.u_conv3.u_weights._20417_/X
 m.u_conv3.u_weights._20418_/Y
 m.u_conv3.u_weights._20419_/Y
 m.u_conv3.u_weights._20420_/X
 m.u_conv3.u_weights._20421_/X
 m.u_conv3.u_weights._20422_/Y
 m.u_conv3.u_weights._20423_/Y
 m.u_conv3.u_weights._20424_/Y
 m.u_conv3.u_weights._20425_/Y
 m.u_conv3.u_weights._20426_/Y
 m.u_conv3.u_weights._20427_/Y
 m.u_conv3.u_weights._20428_/Y
 m.u_conv3.u_weights._20429_/Y
 m.u_conv3.u_weights._20430_/Y
 m.u_conv3.u_weights._20431_/Y
 m.u_conv3.u_weights._20432_/Y
 m.u_conv3.u_weights._20433_/X
 m.u_conv3.u_weights._20434_/Y
 m.u_conv3.u_weights._20435_/Y
 m.u_conv3.u_weights._20436_/Y
 m.u_conv3.u_weights._20437_/Y
 m.u_conv3.u_weights._20438_/X
 m.u_conv3.u_weights._20439_/Y
 m.u_conv3.u_weights._20440_/Y
 m.u_conv3.u_weights._20441_/Y
 m.u_conv3.u_weights._20442_/Y
 m.u_conv3.u_weights._20443_/Y
 m.u_conv3.u_weights._20444_/Y
 m.u_conv3.u_weights._20445_/Y
 m.u_conv3.u_weights._20446_/Y
 m.u_conv3.u_weights._20447_/X
 m.u_conv3.u_weights._20448_/Y
 m.u_conv3.u_weights._20449_/Y
 m.u_conv3.u_weights._20450_/Y
 m.u_conv3.u_weights._20451_/Y
 m.u_conv3.u_weights._20452_/Y
 m.u_conv3.u_weights._20453_/Y
 m.u_conv3.u_weights._20454_/X
 m.u_conv3.u_weights._20455_/Y
 m.u_conv3.u_weights._20456_/X
 m.u_conv3.u_weights._20457_/Y
 m.u_conv3.u_weights._20458_/Y
 m.u_conv3.u_weights._20459_/Y
 m.u_conv3.u_weights._20460_/Y
 m.u_conv3.u_weights._20461_/X
 m.u_conv3.u_weights._20462_/Y
 m.u_conv3.u_weights._20463_/Y
 m.u_conv3.u_weights._20464_/Y
 m.u_conv3.u_weights._20465_/Y
 m.u_conv3.u_weights._20466_/Y
 m.u_conv3.u_weights._20467_/Y
 m.u_conv3.u_weights._20468_/Y
 m.u_conv3.u_weights._20469_/Y
 m.u_conv3.u_weights._20470_/Y
 m.u_conv3.u_weights._20471_/Y
 m.u_conv3.u_weights._20472_/Y
 m.u_conv3.u_weights._20473_/X
 m.u_conv3.u_weights._20474_/Y
 m.u_conv3.u_weights._20475_/X
 m.u_conv3.u_weights._20476_/Y
 m.u_conv3.u_weights._20477_/Y
 m.u_conv3.u_weights._20478_/Y
 m.u_conv3.u_weights._20479_/Y
 m.u_conv3.u_weights._20480_/X
 m.u_conv3.u_weights._20481_/Y
 m.u_conv3.u_weights._20482_/X
 m.u_conv3.u_weights._20483_/Y
 m.u_conv3.u_weights._20484_/Y
 m.u_conv3.u_weights._20485_/Y
 m.u_conv3.u_weights._20486_/X
 m.u_conv3.u_weights._20487_/Y
 m.u_conv3.u_weights._20488_/Y
 m.u_conv3.u_weights._20489_/X
 m.u_conv3.u_weights._20490_/Y
 m.u_conv3.u_weights._20491_/X
 m.u_conv3.u_weights._20492_/Y
 m.u_conv3.u_weights._20493_/Y
 m.u_conv3.u_weights._20494_/X
 m.u_conv3.u_weights._20495_/Y
 m.u_conv3.u_weights._20496_/Y
 m.u_conv3.u_weights._20497_/X
 m.u_conv3.u_weights._20498_/Y
 m.u_conv3.u_weights._20499_/Y
 m.u_conv3.u_weights._20500_/Y
 m.u_conv3.u_weights._20501_/Y
 m.u_conv3.u_weights._20502_/Y
 m.u_conv3.u_weights._20503_/Y
 m.u_conv3.u_weights._20504_/Y
 m.u_conv3.u_weights._20505_/X
 m.u_conv3.u_weights._20506_/Y
 m.u_conv3.u_weights._20507_/Y
 m.u_conv3.u_weights._20508_/Y
 m.u_conv3.u_weights._20509_/Y
 m.u_conv3.u_weights._20510_/Y
 m.u_conv3.u_weights._20511_/Y
 m.u_conv3.u_weights._20512_/Y
 m.u_conv3.u_weights._20513_/Y
 m.u_conv3.u_weights._20514_/Y
 m.u_conv3.u_weights._20515_/X
 m.u_conv3.u_weights._20516_/Y
 m.u_conv3.u_weights._20517_/Y
 m.u_conv3.u_weights._20518_/Y
 m.u_conv3.u_weights._20519_/Y
 m.u_conv3.u_weights._20520_/Y
 m.u_conv3.u_weights._20521_/Y
 m.u_conv3.u_weights._20522_/Y
 m.u_conv3.u_weights._20523_/Y
 m.u_conv3.u_weights._20524_/Y
 m.u_conv3.u_weights._20525_/Y
 m.u_conv3.u_weights._20526_/Y
 m.u_conv3.u_weights._20527_/Y
 m.u_conv3.u_weights._20528_/Y
 m.u_conv3.u_weights._20529_/Y
 m.u_conv3.u_weights._20530_/Y
 m.u_conv3.u_weights._20531_/Y
 m.u_conv3.u_weights._20532_/Y
 m.u_conv3.u_weights._20533_/X
 m.u_conv3.u_weights._20534_/Y
 m.u_conv3.u_weights._20535_/Y
 m.u_conv3.u_weights._20536_/Y
 m.u_conv3.u_weights._20537_/Y
 m.u_conv3.u_weights._20538_/Y
 m.u_conv3.u_weights._20539_/Y
 m.u_conv3.u_weights._20540_/Y
 m.u_conv3.u_weights._20541_/Y
 m.u_conv3.u_weights._20542_/Y
 m.u_conv3.u_weights._20543_/Y
 m.u_conv3.u_weights._20544_/Y
 m.u_conv3.u_weights._20545_/Y
 m.u_conv3.u_weights._20546_/X
 m.u_conv3.u_weights._20547_/Y
 m.u_conv3.u_weights._20548_/Y
 m.u_conv3.u_weights._20549_/Y
 m.u_conv3.u_weights._20550_/Y
 m.u_conv3.u_weights._20551_/Y
 m.u_conv3.u_weights._20552_/Y
 m.u_conv3.u_weights._20553_/Y
 m.u_conv3.u_weights._20554_/Y
 m.u_conv3.u_weights._20555_/Y
 m.u_conv3.u_weights._20556_/Y
 m.u_conv3.u_weights._20557_/Y
 m.u_conv3.u_weights._20558_/Y
 m.u_conv3.u_weights._20559_/Y
 m.u_conv3.u_weights._20560_/X
 m.u_conv3.u_weights._20561_/Y
 m.u_conv3.u_weights._20562_/Y
 m.u_conv3.u_weights._20563_/Y
 m.u_conv3.u_weights._20564_/Y
 m.u_conv3.u_weights._20565_/X
 m.u_conv3.u_weights._20566_/Y
 m.u_conv3.u_weights._20567_/Y
 m.u_conv3.u_weights._20568_/Y
 m.u_conv3.u_weights._20569_/X
 m.u_conv3.u_weights._20570_/Y
 m.u_conv3.u_weights._20571_/Y
 m.u_conv3.u_weights._20572_/X
 m.u_conv3.u_weights._20573_/Y
 m.u_conv3.u_weights._20574_/Y
 m.u_conv3.u_weights._20575_/Y
 m.u_conv3.u_weights._20576_/Y
 m.u_conv3.u_weights._20577_/Y
 m.u_conv3.u_weights._20578_/X
 m.u_conv3.u_weights._20579_/Y
 m.u_conv3.u_weights._20580_/Y
 m.u_conv3.u_weights._20581_/Y
 m.u_conv3.u_weights._20582_/Y
 m.u_conv3.u_weights._20583_/X
 m.u_conv3.u_weights._20584_/Y
 m.u_conv3.u_weights._20585_/Y
 m.u_conv3.u_weights._20586_/Y
 m.u_conv3.u_weights._20587_/Y
 m.u_conv3.u_weights._20588_/X
 m.u_conv3.u_weights._20589_/Y
 m.u_conv3.u_weights._20590_/Y
 m.u_conv3.u_weights._20591_/Y
 m.u_conv3.u_weights._20592_/Y
 m.u_conv3.u_weights._20593_/Y
 m.u_conv3.u_weights._20594_/X
 m.u_conv3.u_weights._20595_/Y
 m.u_conv3.u_weights._20596_/Y
 m.u_conv3.u_weights._20597_/Y
 m.u_conv3.u_weights._20598_/Y
 m.u_conv3.u_weights._20599_/Y
 m.u_conv3.u_weights._20600_/Y
 m.u_conv3.u_weights._20601_/Y
 m.u_conv3.u_weights._20602_/Y
 m.u_conv3.u_weights._20603_/Y
 m.u_conv3.u_weights._20604_/X
 m.u_conv3.u_weights._20605_/X
 m.u_conv3.u_weights._20606_/Y
 m.u_conv3.u_weights._20607_/X
 m.u_conv3.u_weights._20608_/Y
 m.u_conv3.u_weights._20609_/X
 m.u_conv3.u_weights._20610_/X
 m.u_conv3.u_weights._20611_/Y
 m.u_conv3.u_weights._20612_/X
 m.u_conv3.u_weights._20613_/Y
 m.u_conv3.u_weights._20614_/Y
 m.u_conv3.u_weights._20615_/X
 m.u_conv3.u_weights._20616_/Y
 m.u_conv3.u_weights._20617_/Y
 m.u_conv3.u_weights._20618_/X
 m.u_conv3.u_weights._20619_/Y
 m.u_conv3.u_weights._20620_/Y
 m.u_conv3.u_weights._20621_/Y
 m.u_conv3.u_weights._20622_/Y
 m.u_conv3.u_weights._20623_/Y
 m.u_conv3.u_weights._20624_/Y
 m.u_conv3.u_weights._20625_/Y
 m.u_conv3.u_weights._20626_/Y
 m.u_conv3.u_weights._20627_/Y
 m.u_conv3.u_weights._20628_/Y
 m.u_conv3.u_weights._20629_/Y
 m.u_conv3.u_weights._20630_/Y
 m.u_conv3.u_weights._20631_/Y
 m.u_conv3.u_weights._20632_/Y
 m.u_conv3.u_weights._20633_/Y
 m.u_conv3.u_weights._20634_/Y
 m.u_conv3.u_weights._20635_/Y
 m.u_conv3.u_weights._20636_/Y
 m.u_conv3.u_weights._20637_/Y
 m.u_conv3.u_weights._20638_/Y
 m.u_conv3.u_weights._20639_/Y
 m.u_conv3.u_weights._20640_/X
 m.u_conv3.u_weights._20641_/X
 m.u_conv3.u_weights._20642_/Y
 m.u_conv3.u_weights._20643_/Y
 m.u_conv3.u_weights._20644_/Y
 m.u_conv3.u_weights._20645_/Y
 m.u_conv3.u_weights._20646_/Y
 m.u_conv3.u_weights._20647_/Y
 m.u_conv3.u_weights._20648_/Y
 m.u_conv3.u_weights._20649_/Y
 m.u_conv3.u_weights._20650_/Y
 m.u_conv3.u_weights._20651_/Y
 m.u_conv3.u_weights._20652_/Y
 m.u_conv3.u_weights._20653_/X
 m.u_conv3.u_weights._20654_/X
 m.u_conv3.u_weights._20655_/Y
 m.u_conv3.u_weights._20656_/Y
 m.u_conv3.u_weights._20657_/X
 m.u_conv3.u_weights._20658_/Y
 m.u_conv3.u_weights._20659_/Y
 m.u_conv3.u_weights._20660_/Y
 m.u_conv3.u_weights._20661_/Y
 m.u_conv3.u_weights._20662_/Y
 m.u_conv3.u_weights._20663_/Y
 m.u_conv3.u_weights._20664_/X
 m.u_conv3.u_weights._20665_/Y
 m.u_conv3.u_weights._20666_/X
 m.u_conv3.u_weights._20667_/X
 m.u_conv3.u_weights._20668_/Y
 m.u_conv3.u_weights._20669_/Y
 m.u_conv3.u_weights._20670_/Y
 m.u_conv3.u_weights._20671_/X
 m.u_conv3.u_weights._20672_/Y
 m.u_conv3.u_weights._20673_/Y
 m.u_conv3.u_weights._20674_/X
 m.u_conv3.u_weights._20675_/Y
 m.u_conv3.u_weights._20676_/Y
 m.u_conv3.u_weights._20677_/Y
 m.u_conv3.u_weights._20678_/X
 m.u_conv3.u_weights._20679_/Y
 m.u_conv3.u_weights._20680_/Y
 m.u_conv3.u_weights._20681_/Y
 m.u_conv3.u_weights._20682_/Y
 m.u_conv3.u_weights._20683_/X
 m.u_conv3.u_weights._20684_/Y
 m.u_conv3.u_weights._20685_/Y
 m.u_conv3.u_weights._20686_/X
 m.u_conv3.u_weights._20687_/Y
 m.u_conv3.u_weights._20688_/X
 m.u_conv3.u_weights._20689_/Y
 m.u_conv3.u_weights._20690_/Y
 m.u_conv3.u_weights._20691_/Y
 m.u_conv3.u_weights._20692_/Y
 m.u_conv3.u_weights._20693_/Y
 m.u_conv3.u_weights._20694_/Y
 m.u_conv3.u_weights._20695_/X
 m.u_conv3.u_weights._20696_/Y
 m.u_conv3.u_weights._20697_/X
 m.u_conv3.u_weights._20698_/Y
 m.u_conv3.u_weights._20699_/X
 m.u_conv3.u_weights._20700_/Y
 m.u_conv3.u_weights._20701_/X
 m.u_conv3.u_weights._20702_/Y
 m.u_conv3.u_weights._20703_/Y
 m.u_conv3.u_weights._20704_/Y
 m.u_conv3.u_weights._20705_/X
 m.u_conv3.u_weights._20706_/Y
 m.u_conv3.u_weights._20707_/Y
 m.u_conv3.u_weights._20708_/Y
 m.u_conv3.u_weights._20709_/X
 m.u_conv3.u_weights._20710_/Y
 m.u_conv3.u_weights._20711_/X
 m.u_conv3.u_weights._20712_/Y
 m.u_conv3.u_weights._20713_/X
 m.u_conv3.u_weights._20714_/X
 m.u_conv3.u_weights._20715_/X
 m.u_conv3.u_weights._20716_/Y
 m.u_conv3.u_weights._20717_/X
 m.u_conv3.u_weights._20718_/Y
 m.u_conv3.u_weights._20719_/X
 m.u_conv3.u_weights._20720_/Y
 m.u_conv3.u_weights._20721_/Y
 m.u_conv3.u_weights._20722_/Y
 m.u_conv3.u_weights._20723_/Y
 m.u_conv3.u_weights._20724_/Y
 m.u_conv3.u_weights._20725_/X
 m.u_conv3.u_weights._20726_/Y
 m.u_conv3.u_weights._20727_/Y
 m.u_conv3.u_weights._20728_/Y
 m.u_conv3.u_weights._20729_/X
 m.u_conv3.u_weights._20730_/Y
 m.u_conv3.u_weights._20731_/Y
 m.u_conv3.u_weights._20732_/Y
 m.u_conv3.u_weights._20733_/Y
 m.u_conv3.u_weights._20734_/Y
 m.u_conv3.u_weights._20735_/Y
 m.u_conv3.u_weights._20736_/Y
 m.u_conv3.u_weights._20737_/Y
 m.u_conv3.u_weights._20738_/Y
 m.u_conv3.u_weights._20739_/Y
 m.u_conv3.u_weights._20740_/Y
 m.u_conv3.u_weights._20741_/Y
 m.u_conv3.u_weights._20742_/Y
 m.u_conv3.u_weights._20743_/Y
 m.u_conv3.u_weights._20744_/Y
 m.u_conv3.u_weights._20745_/Y
 m.u_conv3.u_weights._20746_/Y
 m.u_conv3.u_weights._20747_/Y
 m.u_conv3.u_weights._20748_/X
 m.u_conv3.u_weights._20749_/Y
 m.u_conv3.u_weights._20750_/Y
 m.u_conv3.u_weights._20751_/Y
 m.u_conv3.u_weights._20752_/X
 m.u_conv3.u_weights._20753_/Y
 m.u_conv3.u_weights._20754_/Y
 m.u_conv3.u_weights._20755_/Y
 m.u_conv3.u_weights._20756_/Y
 m.u_conv3.u_weights._20757_/Y
 m.u_conv3.u_weights._20758_/Y
 m.u_conv3.u_weights._20759_/X
 m.u_conv3.u_weights._20760_/X
 m.u_conv3.u_weights._20761_/X
 m.u_conv3.u_weights._20762_/Y
 m.u_conv3.u_weights._20763_/Y
 m.u_conv3.u_weights._20764_/Y
 m.u_conv3.u_weights._20765_/Y
 m.u_conv3.u_weights._20766_/Y
 m.u_conv3.u_weights._20767_/Y
 m.u_conv3.u_weights._20768_/Y
 m.u_conv3.u_weights._20769_/X
 m.u_conv3.u_weights._20770_/Y
 m.u_conv3.u_weights._20771_/Y
 m.u_conv3.u_weights._20772_/Y
 m.u_conv3.u_weights._20773_/Y
 m.u_conv3.u_weights._20774_/X
 m.u_conv3.u_weights._20775_/Y
 m.u_conv3.u_weights._20776_/Y
 m.u_conv3.u_weights._20777_/Y
 m.u_conv3.u_weights._20778_/Y
 m.u_conv3.u_weights._20779_/X
 m.u_conv3.u_weights._20780_/Y
 m.u_conv3.u_weights._20781_/Y
 m.u_conv3.u_weights._20782_/Y
 m.u_conv3.u_weights._20783_/X
 m.u_conv3.u_weights._20784_/Y
 m.u_conv3.u_weights._20785_/Y
 m.u_conv3.u_weights._20786_/X
 m.u_conv3.u_weights._20787_/X
 m.u_conv3.u_weights._20788_/Y
 m.u_conv3.u_weights._20789_/Y
 m.u_conv3.u_weights._20790_/Y
 m.u_conv3.u_weights._20791_/Y
 m.u_conv3.u_weights._20792_/Y
 m.u_conv3.u_weights._20793_/Y
 m.u_conv3.u_weights._20794_/X
 m.u_conv3.u_weights._20795_/Y
 m.u_conv3.u_weights._20796_/X
 m.u_conv3.u_weights._20797_/X
 m.u_conv3.u_weights._20798_/X
 m.u_conv3.u_weights._20799_/Y
 m.u_conv3.u_weights._20800_/Y
 m.u_conv3.u_weights._20801_/Y
 m.u_conv3.u_weights._20802_/Y
 m.u_conv3.u_weights._20803_/Y
 m.u_conv3.u_weights._20804_/Y
 m.u_conv3.u_weights._20805_/Y
 m.u_conv3.u_weights._20806_/Y
 m.u_conv3.u_weights._20807_/Y
 m.u_conv3.u_weights._20808_/X
 m.u_conv3.u_weights._20809_/Y
 m.u_conv3.u_weights._20810_/Y
 m.u_conv3.u_weights._20811_/Y
 m.u_conv3.u_weights._20812_/Y
 m.u_conv3.u_weights._20813_/Y
 m.u_conv3.u_weights._20814_/Y
 m.u_conv3.u_weights._20815_/Y
 m.u_conv3.u_weights._20816_/Y
 m.u_conv3.u_weights._20817_/X
 m.u_conv3.u_weights._20818_/Y
 m.u_conv3.u_weights._20819_/Y
 m.u_conv3.u_weights._20820_/X
 m.u_conv3.u_weights._20821_/Y
 m.u_conv3.u_weights._20822_/Y
 m.u_conv3.u_weights._20823_/Y
 m.u_conv3.u_weights._20824_/Y
 m.u_conv3.u_weights._20825_/X
 m.u_conv3.u_weights._20826_/Y
 m.u_conv3.u_weights._20827_/Y
 m.u_conv3.u_weights._20828_/Y
 m.u_conv3.u_weights._20829_/Y
 m.u_conv3.u_weights._20830_/Y
 m.u_conv3.u_weights._20831_/X
 m.u_conv3.u_weights._20832_/Y
 m.u_conv3.u_weights._20833_/Y
 m.u_conv3.u_weights._20834_/Y
 m.u_conv3.u_weights._20835_/X
 m.u_conv3.u_weights._20836_/Y
 m.u_conv3.u_weights._20837_/Y
 m.u_conv3.u_weights._20838_/Y
 m.u_conv3.u_weights._20839_/Y
 m.u_conv3.u_weights._20840_/Y
 m.u_conv3.u_weights._20841_/Y
 m.u_conv3.u_weights._20842_/Y
 m.u_conv3.u_weights._20843_/Y
 m.u_conv3.u_weights._20844_/Y
 m.u_conv3.u_weights._20845_/X
 m.u_conv3.u_weights._20846_/Y
 m.u_conv3.u_weights._20847_/Y
 m.u_conv3.u_weights._20848_/Y
 m.u_conv3.u_weights._20849_/Y
 m.u_conv3.u_weights._20850_/Y
 m.u_conv3.u_weights._20851_/Y
 m.u_conv3.u_weights._20852_/Y
 m.u_conv3.u_weights._20853_/Y
 m.u_conv3.u_weights._20854_/Y
 m.u_conv3.u_weights._20855_/X
 m.u_conv3.u_weights._20856_/Y
 m.u_conv3.u_weights._20857_/Y
 m.u_conv3.u_weights._20858_/Y
 m.u_conv3.u_weights._20859_/Y
 m.u_conv3.u_weights._20860_/Y
 m.u_conv3.u_weights._20861_/X
 m.u_conv3.u_weights._20862_/Y
 m.u_conv3.u_weights._20863_/Y
 m.u_conv3.u_weights._20864_/X
 m.u_conv3.u_weights._20865_/Y
 m.u_conv3.u_weights._20866_/Y
 m.u_conv3.u_weights._20867_/Y
 m.u_conv3.u_weights._20868_/Y
 m.u_conv3.u_weights._20869_/Y
 m.u_conv3.u_weights._20870_/Y
 m.u_conv3.u_weights._20871_/Y
 m.u_conv3.u_weights._20872_/X
 m.u_conv3.u_weights._20873_/Y
 m.u_conv3.u_weights._20874_/Y
 m.u_conv3.u_weights._20875_/Y
 m.u_conv3.u_weights._20876_/Y
 m.u_conv3.u_weights._20877_/X
 m.u_conv3.u_weights._20878_/Y
 m.u_conv3.u_weights._20879_/Y
 m.u_conv3.u_weights._20880_/Y
 m.u_conv3.u_weights._20881_/Y
 m.u_conv3.u_weights._20882_/Y
 m.u_conv3.u_weights._20883_/Y
 m.u_conv3.u_weights._20884_/Y
 m.u_conv3.u_weights._20885_/Y
 m.u_conv3.u_weights._20886_/Y
 m.u_conv3.u_weights._20887_/Y
 m.u_conv3.u_weights._20888_/Y
 m.u_conv3.u_weights._20889_/Y
 m.u_conv3.u_weights._20890_/Y
 m.u_conv3.u_weights._20891_/Y
 m.u_conv3.u_weights._20892_/Y
 m.u_conv3.u_weights._20893_/Y
 m.u_conv3.u_weights._20894_/X
 m.u_conv3.u_weights._20895_/Y
 m.u_conv3.u_weights._20896_/X
 m.u_conv3.u_weights._20897_/X
 m.u_conv3.u_weights._20898_/Y
 m.u_conv3.u_weights._20899_/Y
 m.u_conv3.u_weights._20900_/Y
 m.u_conv3.u_weights._20901_/X
 m.u_conv3.u_weights._20902_/Y
 m.u_conv3.u_weights._20903_/Y
 m.u_conv3.u_weights._20904_/X
 m.u_conv3.u_weights._20905_/X
 m.u_conv3.u_weights._20906_/Y
 m.u_conv3.u_weights._20907_/Y
 m.u_conv3.u_weights._20908_/X
 m.u_conv3.u_weights._20909_/Y
 m.u_conv3.u_weights._20910_/X
 m.u_conv3.u_weights._20911_/X
 m.u_conv3.u_weights._20912_/Y
 m.u_conv3.u_weights._20913_/X
 m.u_conv3.u_weights._20914_/Y
 m.u_conv3.u_weights._20915_/Y
 m.u_conv3.u_weights._20916_/Y
 m.u_conv3.u_weights._20917_/Y
 m.u_conv3.u_weights._20918_/X
 m.u_conv3.u_weights._20919_/Y
 m.u_conv3.u_weights._20920_/Y
 m.u_conv3.u_weights._20921_/Y
 m.u_conv3.u_weights._20922_/Y
 m.u_conv3.u_weights._20923_/X
 m.u_conv3.u_weights._20924_/Y
 m.u_conv3.u_weights._20925_/Y
 m.u_conv3.u_weights._20926_/Y
 m.u_conv3.u_weights._20927_/Y
 m.u_conv3.u_weights._20928_/X
 m.u_conv3.u_weights._20929_/Y
 m.u_conv3.u_weights._20930_/Y
 m.u_conv3.u_weights._20931_/Y
 m.u_conv3.u_weights._20932_/X
 m.u_conv3.u_weights._20933_/Y
 m.u_conv3.u_weights._20934_/Y
 m.u_conv3.u_weights._20935_/X
 m.u_conv3.u_weights._20936_/Y
 m.u_conv3.u_weights._20937_/X
 m.u_conv3.u_weights._20938_/Y
 m.u_conv3.u_weights._20939_/Y
 m.u_conv3.u_weights._20940_/X
 m.u_conv3.u_weights._20941_/Y
 m.u_conv3.u_weights._20942_/Y
 m.u_conv3.u_weights._20943_/Y
 m.u_conv3.u_weights._20944_/Y
 m.u_conv3.u_weights._20945_/X
 m.u_conv3.u_weights._20946_/X
 m.u_conv3.u_weights._20947_/X
 m.u_conv3.u_weights._20948_/Y
 m.u_conv3.u_weights._20949_/Y
 m.u_conv3.u_weights._20950_/Y
 m.u_conv3.u_weights._20951_/Y
 m.u_conv3.u_weights._20952_/Y
 m.u_conv3.u_weights._20953_/Y
 m.u_conv3.u_weights._20954_/Y
 m.u_conv3.u_weights._20955_/Y
 m.u_conv3.u_weights._20956_/Y
 m.u_conv3.u_weights._20957_/X
 m.u_conv3.u_weights._20958_/Y
 m.u_conv3.u_weights._20959_/Y
 m.u_conv3.u_weights._20960_/X
 m.u_conv3.u_weights._20961_/Y
 m.u_conv3.u_weights._20962_/Y
 m.u_conv3.u_weights._20963_/Y
 m.u_conv3.u_weights._20964_/X
 m.u_conv3.u_weights._20965_/Y
 m.u_conv3.u_weights._20966_/Y
 m.u_conv3.u_weights._20967_/Y
 m.u_conv3.u_weights._20968_/Y
 m.u_conv3.u_weights._20969_/Y
 m.u_conv3.u_weights._20970_/Y
 m.u_conv3.u_weights._20971_/Y
 m.u_conv3.u_weights._20972_/Y
 m.u_conv3.u_weights._20973_/Y
 m.u_conv3.u_weights._20974_/Y
 m.u_conv3.u_weights._20975_/X
 m.u_conv3.u_weights._20976_/Y
 m.u_conv3.u_weights._20977_/Y
 m.u_conv3.u_weights._20978_/Y
 m.u_conv3.u_weights._20979_/X
 m.u_conv3.u_weights._20980_/Y
 m.u_conv3.u_weights._20981_/Y
 m.u_conv3.u_weights._20982_/X
 m.u_conv3.u_weights._20983_/Y
 m.u_conv3.u_weights._20984_/X
 m.u_conv3.u_weights._20985_/Y
 m.u_conv3.u_weights._20986_/Y
 m.u_conv3.u_weights._20987_/X
 m.u_conv3.u_weights._20988_/Y
 m.u_conv3.u_weights._20989_/X
 m.u_conv3.u_weights._20990_/Y
 m.u_conv3.u_weights._20991_/Y
 m.u_conv3.u_weights._20992_/Y
 m.u_conv3.u_weights._20993_/X
 m.u_conv3.u_weights._20994_/Y
 m.u_conv3.u_weights._20995_/X
 m.u_conv3.u_weights._20996_/X
 m.u_conv3.u_weights._20997_/Y
 m.u_conv3.u_weights._20998_/Y
 m.u_conv3.u_weights._20999_/X
 m.u_conv3.u_weights._21000_/X
 m.u_conv3.u_weights._21001_/Y
 m.u_conv3.u_weights._21002_/Y
 m.u_conv3.u_weights._21003_/Y
 m.u_conv3.u_weights._21004_/X
 m.u_conv3.u_weights._21005_/X
 m.u_conv3.u_weights._21006_/Y
 m.u_conv3.u_weights._21007_/Y
 m.u_conv3.u_weights._21008_/Y
 m.u_conv3.u_weights._21009_/Y
 m.u_conv3.u_weights._21010_/X
 m.u_conv3.u_weights._21011_/Y
 m.u_conv3.u_weights._21012_/Y
 m.u_conv3.u_weights._21013_/X
 m.u_conv3.u_weights._21014_/Y
 m.u_conv3.u_weights._21015_/Y
 m.u_conv3.u_weights._21016_/Y
 m.u_conv3.u_weights._21017_/Y
 m.u_conv3.u_weights._21018_/Y
 m.u_conv3.u_weights._21019_/Y
 m.u_conv3.u_weights._21020_/Y
 m.u_conv3.u_weights._21021_/Y
 m.u_conv3.u_weights._21022_/Y
 m.u_conv3.u_weights._21023_/Y
 m.u_conv3.u_weights._21024_/Y
 m.u_conv3.u_weights._21025_/Y
 m.u_conv3.u_weights._21026_/Y
 m.u_conv3.u_weights._21027_/X
 m.u_conv3.u_weights._21028_/Y
 m.u_conv3.u_weights._21029_/X
 m.u_conv3.u_weights._21030_/Y
 m.u_conv3.u_weights._21031_/Y
 m.u_conv3.u_weights._21032_/Y
 m.u_conv3.u_weights._21033_/X
 m.u_conv3.u_weights._21034_/Y
 m.u_conv3.u_weights._21035_/Y
 m.u_conv3.u_weights._21036_/Y
 m.u_conv3.u_weights._21037_/X
 m.u_conv3.u_weights._21038_/Y
 m.u_conv3.u_weights._21039_/X
 m.u_conv3.u_weights._21040_/X
 m.u_conv3.u_weights._21041_/X
 m.u_conv3.u_weights._21042_/X
 m.u_conv3.u_weights._21043_/Y
 m.u_conv3.u_weights._21044_/Y
 m.u_conv3.u_weights._21045_/Y
 m.u_conv3.u_weights._21046_/Y
 m.u_conv3.u_weights._21047_/X
 m.u_conv3.u_weights._21048_/X
 m.u_conv3.u_weights._21049_/Y
 m.u_conv3.u_weights._21050_/Y
 m.u_conv3.u_weights._21051_/Y
 m.u_conv3.u_weights._21052_/X
 m.u_conv3.u_weights._21053_/Y
 m.u_conv3.u_weights._21054_/Y
 m.u_conv3.u_weights._21055_/Y
 m.u_conv3.u_weights._21056_/X
 m.u_conv3.u_weights._21057_/Y
 m.u_conv3.u_weights._21058_/Y
 m.u_conv3.u_weights._21059_/X
 m.u_conv3.u_weights._21060_/Y
 m.u_conv3.u_weights._21061_/Y
 m.u_conv3.u_weights._21062_/X
 m.u_conv3.u_weights._21063_/Y
 m.u_conv3.u_weights._21064_/Y
 m.u_conv3.u_weights._21065_/X
 m.u_conv3.u_weights._21066_/Y
 m.u_conv3.u_weights._21067_/Y
 m.u_conv3.u_weights._21068_/Y
 m.u_conv3.u_weights._21069_/Y
 m.u_conv3.u_weights._21070_/Y
 m.u_conv3.u_weights._21071_/Y
 m.u_conv3.u_weights._21072_/Y
 m.u_conv3.u_weights._21073_/X
 m.u_conv3.u_weights._21074_/Y
 m.u_conv3.u_weights._21075_/Y
 m.u_conv3.u_weights._21076_/Y
 m.u_conv3.u_weights._21077_/Y
 m.u_conv3.u_weights._21078_/Y
 m.u_conv3.u_weights._21079_/X
 m.u_conv3.u_weights._21080_/Y
 m.u_conv3.u_weights._21081_/X
 m.u_conv3.u_weights._21082_/Y
 m.u_conv3.u_weights._21083_/X
 m.u_conv3.u_weights._21084_/Y
 m.u_conv3.u_weights._21085_/X
 m.u_conv3.u_weights._21086_/Y
 m.u_conv3.u_weights._21087_/Y
 m.u_conv3.u_weights._21088_/Y
 m.u_conv3.u_weights._21089_/Y
 m.u_conv3.u_weights._21090_/Y
 m.u_conv3.u_weights._21091_/Y
 m.u_conv3.u_weights._21092_/Y
 m.u_conv3.u_weights._21093_/X
 m.u_conv3.u_weights._21094_/Y
 m.u_conv3.u_weights._21095_/Y
 m.u_conv3.u_weights._21096_/Y
 m.u_conv3.u_weights._21097_/Y
 m.u_conv3.u_weights._21098_/Y
 m.u_conv3.u_weights._21099_/Y
 m.u_conv3.u_weights._21100_/Y
 m.u_conv3.u_weights._21101_/Y
 m.u_conv3.u_weights._21102_/Y
 m.u_conv3.u_weights._21103_/Y
 m.u_conv3.u_weights._21104_/Y
 m.u_conv3.u_weights._21105_/X
 m.u_conv3.u_weights._21106_/Y
 m.u_conv3.u_weights._21107_/X
 m.u_conv3.u_weights._21108_/Y
 m.u_conv3.u_weights._21109_/X
 m.u_conv3.u_weights._21110_/X
 m.u_conv3.u_weights._21111_/Y
 m.u_conv3.u_weights._21112_/X
 m.u_conv3.u_weights._21113_/Y
 m.u_conv3.u_weights._21114_/X
 m.u_conv3.u_weights._21115_/Y
 m.u_conv3.u_weights._21116_/Y
 m.u_conv3.u_weights._21117_/Y
 m.u_conv3.u_weights._21118_/Y
 m.u_conv3.u_weights._21119_/Y
 m.u_conv3.u_weights._21120_/Y
 m.u_conv3.u_weights._21121_/Y
 m.u_conv3.u_weights._21122_/Y
 m.u_conv3.u_weights._21123_/X
 m.u_conv3.u_weights._21124_/Y
 m.u_conv3.u_weights._21125_/Y
 m.u_conv3.u_weights._21126_/Y
 m.u_conv3.u_weights._21127_/Y
 m.u_conv3.u_weights._21128_/Y
 m.u_conv3.u_weights._21129_/Y
 m.u_conv3.u_weights._21130_/X
 m.u_conv3.u_weights._21131_/Y
 m.u_conv3.u_weights._21132_/X
 m.u_conv3.u_weights._21133_/Y
 m.u_conv3.u_weights._21134_/Y
 m.u_conv3.u_weights._21135_/Y
 m.u_conv3.u_weights._21136_/Y
 m.u_conv3.u_weights._21137_/Y
 m.u_conv3.u_weights._21138_/Y
 m.u_conv3.u_weights._21139_/Y
 m.u_conv3.u_weights._21140_/Y
 m.u_conv3.u_weights._21141_/Y
 m.u_conv3.u_weights._21142_/Y
 m.u_conv3.u_weights._21143_/Y
 m.u_conv3.u_weights._21144_/Y
 m.u_conv3.u_weights._21145_/Y
 m.u_conv3.u_weights._21146_/X
 m.u_conv3.u_weights._21147_/Y
 m.u_conv3.u_weights._21148_/Y
 m.u_conv3.u_weights._21149_/Y
 m.u_conv3.u_weights._21150_/Y
 m.u_conv3.u_weights._21151_/X
 m.u_conv3.u_weights._21152_/X
 m.u_conv3.u_weights._21153_/Y
 m.u_conv3.u_weights._21154_/Y
 m.u_conv3.u_weights._21155_/Y
 m.u_conv3.u_weights._21156_/Y
 m.u_conv3.u_weights._21157_/X
 m.u_conv3.u_weights._21158_/X
 m.u_conv3.u_weights._21159_/Y
 m.u_conv3.u_weights._21160_/Y
 m.u_conv3.u_weights._21161_/X
 m.u_conv3.u_weights._21162_/X
 m.u_conv3.u_weights._21163_/Y
 m.u_conv3.u_weights._21164_/X
 m.u_conv3.u_weights._21165_/Y
 m.u_conv3.u_weights._21166_/Y
 m.u_conv3.u_weights._21167_/Y
 m.u_conv3.u_weights._21168_/Y
 m.u_conv3.u_weights._21169_/Y
 m.u_conv3.u_weights._21170_/Y
 m.u_conv3.u_weights._21171_/Y
 m.u_conv3.u_weights._21172_/Y
 m.u_conv3.u_weights._21173_/Y
 m.u_conv3.u_weights._21174_/X
 m.u_conv3.u_weights._21175_/Y
 m.u_conv3.u_weights._21176_/Y
 m.u_conv3.u_weights._21177_/Y
 m.u_conv3.u_weights._21178_/Y
 m.u_conv3.u_weights._21179_/Y
 m.u_conv3.u_weights._21180_/Y
 m.u_conv3.u_weights._21181_/Y
 m.u_conv3.u_weights._21182_/X
 m.u_conv3.u_weights._21183_/Y
 m.u_conv3.u_weights._21184_/Y
 m.u_conv3.u_weights._21185_/Y
 m.u_conv3.u_weights._21186_/Y
 m.u_conv3.u_weights._21187_/Y
 m.u_conv3.u_weights._21188_/Y
 m.u_conv3.u_weights._21189_/Y
 m.u_conv3.u_weights._21190_/Y
 m.u_conv3.u_weights._21191_/Y
 m.u_conv3.u_weights._21192_/Y
 m.u_conv3.u_weights._21193_/Y
 m.u_conv3.u_weights._21194_/Y
 m.u_conv3.u_weights._21195_/Y
 m.u_conv3.u_weights._21196_/Y
 m.u_conv3.u_weights._21197_/Y
 m.u_conv3.u_weights._21198_/X
 m.u_conv3.u_weights._21199_/Y
 m.u_conv3.u_weights._21200_/X
 m.u_conv3.u_weights._21201_/Y
 m.u_conv3.u_weights._21202_/X
 m.u_conv3.u_weights._21203_/Y
 m.u_conv3.u_weights._21204_/Y
 m.u_conv3.u_weights._21205_/Y
 m.u_conv3.u_weights._21206_/Y
 m.u_conv3.u_weights._21207_/Y
 m.u_conv3.u_weights._21208_/Y
 m.u_conv3.u_weights._21209_/Y
 m.u_conv3.u_weights._21210_/Y
 m.u_conv3.u_weights._21211_/Y
 m.u_conv3.u_weights._21212_/Y
 m.u_conv3.u_weights._21213_/X
 m.u_conv3.u_weights._21214_/Y
 m.u_conv3.u_weights._21215_/Y
 m.u_conv3.u_weights._21216_/Y
 m.u_conv3.u_weights._21217_/Y
 m.u_conv3.u_weights._21218_/Y
 m.u_conv3.u_weights._21219_/Y
 m.u_conv3.u_weights._21220_/Y
 m.u_conv3.u_weights._21221_/Y
 m.u_conv3.u_weights._21222_/Y
 m.u_conv3.u_weights._21223_/Y
 m.u_conv3.u_weights._21224_/Y
 m.u_conv3.u_weights._21225_/Y
 m.u_conv3.u_weights._21226_/Y
 m.u_conv3.u_weights._21227_/Y
 m.u_conv3.u_weights._21228_/Y
 m.u_conv3.u_weights._21229_/X
 m.u_conv3.u_weights._21230_/X
 m.u_conv3.u_weights._21231_/X
 m.u_conv3.u_weights._21232_/Y
 m.u_conv3.u_weights._21233_/Y
 m.u_conv3.u_weights._21234_/Y
 m.u_conv3.u_weights._21235_/Y
 m.u_conv3.u_weights._21236_/Y
 m.u_conv3.u_weights._21237_/Y
 m.u_conv3.u_weights._21238_/Y
 m.u_conv3.u_weights._21239_/Y
 m.u_conv3.u_weights._21240_/Y
 m.u_conv3.u_weights._21241_/Y
 m.u_conv3.u_weights._21242_/X
 m.u_conv3.u_weights._21243_/Y
 m.u_conv3.u_weights._21244_/X
 m.u_conv3.u_weights._21245_/X
 m.u_conv3.u_weights._21246_/Y
 m.u_conv3.u_weights._21247_/Y
 m.u_conv3.u_weights._21248_/Y
 m.u_conv3.u_weights._21249_/X
 m.u_conv3.u_weights._21250_/Y
 m.u_conv3.u_weights._21251_/Y
 m.u_conv3.u_weights._21252_/Y
 m.u_conv3.u_weights._21253_/X
 m.u_conv3.u_weights._21254_/X
 m.u_conv3.u_weights._21255_/Y
 m.u_conv3.u_weights._21256_/Y
 m.u_conv3.u_weights._21257_/X
 m.u_conv3.u_weights._21258_/Y
 m.u_conv3.u_weights._21259_/X
 m.u_conv3.u_weights._21260_/Y
 m.u_conv3.u_weights._21261_/X
 m.u_conv3.u_weights._21262_/Y
 m.u_conv3.u_weights._21263_/Y
 m.u_conv3.u_weights._21264_/Y
 m.u_conv3.u_weights._21265_/X
 m.u_conv3.u_weights._21266_/Y
 m.u_conv3.u_weights._21267_/X
 m.u_conv3.u_weights._21268_/Y
 m.u_conv3.u_weights._21269_/Y
 m.u_conv3.u_weights._21270_/Y
 m.u_conv3.u_weights._21271_/Y
 m.u_conv3.u_weights._21272_/Y
 m.u_conv3.u_weights._21273_/Y
 m.u_conv3.u_weights._21274_/X
 m.u_conv3.u_weights._21275_/Y
 m.u_conv3.u_weights._21276_/X
 m.u_conv3.u_weights._21277_/Y
 m.u_conv3.u_weights._21278_/Y
 m.u_conv3.u_weights._21279_/Y
 m.u_conv3.u_weights._21280_/X
 m.u_conv3.u_weights._21281_/X
 m.u_conv3.u_weights._21282_/X
 m.u_conv3.u_weights._21283_/Y
 m.u_conv3.u_weights._21284_/X
 m.u_conv3.u_weights._21285_/Y
 m.u_conv3.u_weights._21286_/X
 m.u_conv3.u_weights._21287_/Y
 m.u_conv3.u_weights._21288_/Y
 m.u_conv3.u_weights._21289_/X
 m.u_conv3.u_weights._21290_/Y
 m.u_conv3.u_weights._21291_/Y
 m.u_conv3.u_weights._21292_/Y
 m.u_conv3.u_weights._21293_/Y
 m.u_conv3.u_weights._21294_/Y
 m.u_conv3.u_weights._21295_/Y
 m.u_conv3.u_weights._21296_/Y
 m.u_conv3.u_weights._21297_/Y
 m.u_conv3.u_weights._21298_/Y
 m.u_conv3.u_weights._21299_/Y
 m.u_conv3.u_weights._21300_/Y
 m.u_conv3.u_weights._21301_/Y
 m.u_conv3.u_weights._21302_/Y
 m.u_conv3.u_weights._21303_/Y
 m.u_conv3.u_weights._21304_/X
 m.u_conv3.u_weights._21305_/Y
 m.u_conv3.u_weights._21306_/X
 m.u_conv3.u_weights._21307_/Y
 m.u_conv3.u_weights._21308_/Y
 m.u_conv3.u_weights._21309_/X
 m.u_conv3.u_weights._21310_/Y
 m.u_conv3.u_weights._21311_/Y
 m.u_conv3.u_weights._21312_/X
 m.u_conv3.u_weights._21313_/Y
 m.u_conv3.u_weights._21314_/Y
 m.u_conv3.u_weights._21315_/Y
 m.u_conv3.u_weights._21316_/Y
 m.u_conv3.u_weights._21317_/X
 m.u_conv3.u_weights._21318_/Y
 m.u_conv3.u_weights._21319_/X
 m.u_conv3.u_weights._21320_/Y
 m.u_conv3.u_weights._21321_/Y
 m.u_conv3.u_weights._21322_/Y
 m.u_conv3.u_weights._21323_/Y
 m.u_conv3.u_weights._21324_/X
 m.u_conv3.u_weights._21325_/Y
 m.u_conv3.u_weights._21326_/Y
 m.u_conv3.u_weights._21327_/X
 m.u_conv3.u_weights._21328_/Y
 m.u_conv3.u_weights._21329_/Y
 m.u_conv3.u_weights._21330_/Y
 m.u_conv3.u_weights._21331_/Y
 m.u_conv3.u_weights._21332_/Y
 m.u_conv3.u_weights._21333_/Y
 m.u_conv3.u_weights._21334_/Y
 m.u_conv3.u_weights._21335_/Y
 m.u_conv3.u_weights._21336_/Y
 m.u_conv3.u_weights._21337_/X
 m.u_conv3.u_weights._21338_/Y
 m.u_conv3.u_weights._21339_/Y
 m.u_conv3.u_weights._21340_/Y
 m.u_conv3.u_weights._21341_/Y
 m.u_conv3.u_weights._21342_/Y
 m.u_conv3.u_weights._21343_/Y
 m.u_conv3.u_weights._21344_/Y
 m.u_conv3.u_weights._21345_/Y
 m.u_conv3.u_weights._21346_/Y
 m.u_conv3.u_weights._21347_/Y
 m.u_conv3.u_weights._21348_/Y
 m.u_conv3.u_weights._21349_/Y
 m.u_conv3.u_weights._21350_/Y
 m.u_conv3.u_weights._21351_/Y
 m.u_conv3.u_weights._21352_/X
 m.u_conv3.u_weights._21353_/Y
 m.u_conv3.u_weights._21354_/X
 m.u_conv3.u_weights._21355_/Y
 m.u_conv3.u_weights._21356_/Y
 m.u_conv3.u_weights._21357_/X
 m.u_conv3.u_weights._21358_/Y
 m.u_conv3.u_weights._21359_/Y
 m.u_conv3.u_weights._21360_/X
 m.u_conv3.u_weights._21361_/Y
 m.u_conv3.u_weights._21362_/Y
 m.u_conv3.u_weights._21363_/Y
 m.u_conv3.u_weights._21364_/X
 m.u_conv3.u_weights._21365_/Y
 m.u_conv3.u_weights._21366_/Y
 m.u_conv3.u_weights._21367_/Y
 m.u_conv3.u_weights._21368_/X
 m.u_conv3.u_weights._21369_/Y
 m.u_conv3.u_weights._21370_/X
 m.u_conv3.u_weights._21371_/Y
 m.u_conv3.u_weights._21372_/X
 m.u_conv3.u_weights._21373_/X
 m.u_conv3.u_weights._21374_/X
 m.u_conv3.u_weights._21375_/Y
 m.u_conv3.u_weights._21376_/Y
 m.u_conv3.u_weights._21377_/Y
 m.u_conv3.u_weights._21378_/Y
 m.u_conv3.u_weights._21379_/Y
 m.u_conv3.u_weights._21380_/Y
 m.u_conv3.u_weights._21381_/Y
 m.u_conv3.u_weights._21382_/Y
 m.u_conv3.u_weights._21383_/Y
 m.u_conv3.u_weights._21384_/Y
 m.u_conv3.u_weights._21385_/Y
 m.u_conv3.u_weights._21386_/X
 m.u_conv3.u_weights._21387_/Y
 m.u_conv3.u_weights._21388_/Y
 m.u_conv3.u_weights._21389_/Y
 m.u_conv3.u_weights._21390_/X
 m.u_conv3.u_weights._21391_/X
 m.u_conv3.u_weights._21392_/Y
 m.u_conv3.u_weights._21393_/Y
 m.u_conv3.u_weights._21394_/Y
 m.u_conv3.u_weights._21395_/Y
 m.u_conv3.u_weights._21396_/X
 m.u_conv3.u_weights._21397_/X
 m.u_conv3.u_weights._21398_/X
 m.u_conv3.u_weights._21399_/Y
 m.u_conv3.u_weights._21400_/Y
 m.u_conv3.u_weights._21401_/X
 m.u_conv3.u_weights._21402_/Y
 m.u_conv3.u_weights._21403_/Y
 m.u_conv3.u_weights._21404_/X
 m.u_conv3.u_weights._21405_/Y
 m.u_conv3.u_weights._21406_/Y
 m.u_conv3.u_weights._21407_/Y
 m.u_conv3.u_weights._21408_/Y
 m.u_conv3.u_weights._21409_/Y
 m.u_conv3.u_weights._21410_/Y
 m.u_conv3.u_weights._21411_/X
 m.u_conv3.u_weights._21412_/Y
 m.u_conv3.u_weights._21413_/Y
 m.u_conv3.u_weights._21414_/Y
 m.u_conv3.u_weights._21415_/X
 m.u_conv3.u_weights._21416_/Y
 m.u_conv3.u_weights._21417_/X
 m.u_conv3.u_weights._21418_/X
 m.u_conv3.u_weights._21419_/Y
 m.u_conv3.u_weights._21420_/Y
 m.u_conv3.u_weights._21421_/Y
 m.u_conv3.u_weights._21422_/Y
 m.u_conv3.u_weights._21423_/Y
 m.u_conv3.u_weights._21424_/Y
 m.u_conv3.u_weights._21425_/Y
 m.u_conv3.u_weights._21426_/Y
 m.u_conv3.u_weights._21427_/Y
 m.u_conv3.u_weights._21428_/Y
 m.u_conv3.u_weights._21429_/Y
 m.u_conv3.u_weights._21430_/Y
 m.u_conv3.u_weights._21431_/X
 m.u_conv3.u_weights._21432_/Y
 m.u_conv3.u_weights._21433_/X
 m.u_conv3.u_weights._21434_/Y
 m.u_conv3.u_weights._21435_/X
 m.u_conv3.u_weights._21436_/Y
 m.u_conv3.u_weights._21437_/X
 m.u_conv3.u_weights._21438_/X
 m.u_conv3.u_weights._21439_/Y
 m.u_conv3.u_weights._21440_/Y
 m.u_conv3.u_weights._21441_/Y
 m.u_conv3.u_weights._21442_/Y
 m.u_conv3.u_weights._21443_/Y
 m.u_conv3.u_weights._21444_/Y
 m.u_conv3.u_weights._21445_/X
 m.u_conv3.u_weights._21446_/X
 m.u_conv3.u_weights._21447_/Y
 m.u_conv3.u_weights._21448_/Y
 m.u_conv3.u_weights._21449_/X
 m.u_conv3.u_weights._21450_/Y
 m.u_conv3.u_weights._21451_/Y
 m.u_conv3.u_weights._21452_/Y
 m.u_conv3.u_weights._21453_/Y
 m.u_conv3.u_weights._21454_/Y
 m.u_conv3.u_weights._21455_/Y
 m.u_conv3.u_weights._21456_/Y
 m.u_conv3.u_weights._21457_/Y
 m.u_conv3.u_weights._21458_/Y
 m.u_conv3.u_weights._21459_/Y
 m.u_conv3.u_weights._21460_/X
 m.u_conv3.u_weights._21461_/Y
 m.u_conv3.u_weights._21462_/Y
 m.u_conv3.u_weights._21463_/Y
 m.u_conv3.u_weights._21464_/Y
 m.u_conv3.u_weights._21465_/Y
 m.u_conv3.u_weights._21466_/Y
 m.u_conv3.u_weights._21467_/Y
 m.u_conv3.u_weights._21468_/Y
 m.u_conv3.u_weights._21469_/Y
 m.u_conv3.u_weights._21470_/Y
 m.u_conv3.u_weights._21471_/Y
 m.u_conv3.u_weights._21472_/Y
 m.u_conv3.u_weights._21473_/Y
 m.u_conv3.u_weights._21474_/Y
 m.u_conv3.u_weights._21475_/Y
 m.u_conv3.u_weights._21476_/X
 m.u_conv3.u_weights._21477_/Y
 m.u_conv3.u_weights._21478_/Y
 m.u_conv3.u_weights._21479_/Y
 m.u_conv3.u_weights._21480_/Y
 m.u_conv3.u_weights._21481_/Y
 m.u_conv3.u_weights._21482_/Y
 m.u_conv3.u_weights._21483_/X
 m.u_conv3.u_weights._21484_/X
 m.u_conv3.u_weights._21485_/Y
 m.u_conv3.u_weights._21486_/Y
 m.u_conv3.u_weights._21487_/Y
 m.u_conv3.u_weights._21488_/X
 m.u_conv3.u_weights._21489_/X
 m.u_conv3.u_weights._21490_/Y
 m.u_conv3.u_weights._21491_/Y
 m.u_conv3.u_weights._21492_/Y
 m.u_conv3.u_weights._21493_/Y
 m.u_conv3.u_weights._21494_/X
 m.u_conv3.u_weights._21495_/X
 m.u_conv3.u_weights._21496_/Y
 m.u_conv3.u_weights._21497_/Y
 m.u_conv3.u_weights._21498_/Y
 m.u_conv3.u_weights._21499_/X
 m.u_conv3.u_weights._21500_/Y
 m.u_conv3.u_weights._21501_/Y
 m.u_conv3.u_weights._21502_/X
 m.u_conv3.u_weights._21503_/X
 m.u_conv3.u_weights._21504_/Y
 m.u_conv3.u_weights._21505_/X
 m.u_conv3.u_weights._21506_/Y
 m.u_conv3.u_weights._21507_/Y
 m.u_conv3.u_weights._21508_/X
 m.u_conv3.u_weights._21509_/Y
 m.u_conv3.u_weights._21510_/Y
 m.u_conv3.u_weights._21511_/X
 m.u_conv3.u_weights._21512_/Y
 m.u_conv3.u_weights._21513_/Y
 m.u_conv3.u_weights._21514_/Y
 m.u_conv3.u_weights._21515_/Y
 m.u_conv3.u_weights._21516_/Y
 m.u_conv3.u_weights._21517_/Y
 m.u_conv3.u_weights._21518_/Y
 m.u_conv3.u_weights._21519_/Y
 m.u_conv3.u_weights._21520_/Y
 m.u_conv3.u_weights._21521_/X
 m.u_conv3.u_weights._21522_/Y
 m.u_conv3.u_weights._21523_/X
 m.u_conv3.u_weights._21524_/Y
 m.u_conv3.u_weights._21525_/Y
 m.u_conv3.u_weights._21526_/Y
 m.u_conv3.u_weights._21527_/X
 m.u_conv3.u_weights._21528_/Y
 m.u_conv3.u_weights._21529_/Y
 m.u_conv3.u_weights._21530_/X
 m.u_conv3.u_weights._21531_/Y
 m.u_conv3.u_weights._21532_/Y
 m.u_conv3.u_weights._21533_/Y
 m.u_conv3.u_weights._21534_/Y
 m.u_conv3.u_weights._21535_/X
 m.u_conv3.u_weights._21536_/Y
 m.u_conv3.u_weights._21537_/Y
 m.u_conv3.u_weights._21538_/Y
 m.u_conv3.u_weights._21539_/Y
 m.u_conv3.u_weights._21540_/Y
 m.u_conv3.u_weights._21541_/X
 m.u_conv3.u_weights._21542_/Y
 m.u_conv3.u_weights._21543_/Y
 m.u_conv3.u_weights._21544_/X
 m.u_conv3.u_weights._21545_/X
 m.u_conv3.u_weights._21546_/Y
 m.u_conv3.u_weights._21547_/X
 m.u_conv3.u_weights._21548_/X
 m.u_conv3.u_weights._21549_/Y
 m.u_conv3.u_weights._21550_/Y
 m.u_conv3.u_weights._21551_/Y
 m.u_conv3.u_weights._21552_/Y
 m.u_conv3.u_weights._21553_/Y
 m.u_conv3.u_weights._21554_/Y
 m.u_conv3.u_weights._21555_/Y
 m.u_conv3.u_weights._21556_/Y
 m.u_conv3.u_weights._21557_/X
 m.u_conv3.u_weights._21558_/Y
 m.u_conv3.u_weights._21559_/X
 m.u_conv3.u_weights._21560_/Y
 m.u_conv3.u_weights._21561_/Y
 m.u_conv3.u_weights._21562_/X
 m.u_conv3.u_weights._21563_/Y
 m.u_conv3.u_weights._21564_/Y
 m.u_conv3.u_weights._21565_/X
 m.u_conv3.u_weights._21566_/Y
 m.u_conv3.u_weights._21567_/Y
 m.u_conv3.u_weights._21568_/Y
 m.u_conv3.u_weights._21569_/Y
 m.u_conv3.u_weights._21570_/Y
 m.u_conv3.u_weights._21571_/X
 m.u_conv3.u_weights._21572_/X
 m.u_conv3.u_weights._21573_/Y
 m.u_conv3.u_weights._21574_/Y
 m.u_conv3.u_weights._21575_/Y
 m.u_conv3.u_weights._21576_/Y
 m.u_conv3.u_weights._21577_/Y
 m.u_conv3.u_weights._21578_/Y
 m.u_conv3.u_weights._21579_/Y
 m.u_conv3.u_weights._21580_/Y
 m.u_conv3.u_weights._21581_/Y
 m.u_conv3.u_weights._21582_/Y
 m.u_conv3.u_weights._21583_/Y
 m.u_conv3.u_weights._21584_/Y
 m.u_conv3.u_weights._21585_/Y
 m.u_conv3.u_weights._21586_/Y
 m.u_conv3.u_weights._21587_/Y
 m.u_conv3.u_weights._21588_/Y
 m.u_conv3.u_weights._21589_/Y
 m.u_conv3.u_weights._21590_/Y
 m.u_conv3.u_weights._21591_/Y
 m.u_conv3.u_weights._21592_/X
 m.u_conv3.u_weights._21593_/Y
 m.u_conv3.u_weights._21594_/Y
 m.u_conv3.u_weights._21595_/X
 m.u_conv3.u_weights._21596_/Y
 m.u_conv3.u_weights._21597_/Y
 m.u_conv3.u_weights._21598_/X
 m.u_conv3.u_weights._21599_/Y
 m.u_conv3.u_weights._21600_/Y
 m.u_conv3.u_weights._21601_/Y
 m.u_conv3.u_weights._21602_/X
 m.u_conv3.u_weights._21603_/Y
 m.u_conv3.u_weights._21604_/X
 m.u_conv3.u_weights._21605_/Y
 m.u_conv3.u_weights._21606_/Y
 m.u_conv3.u_weights._21607_/Y
 m.u_conv3.u_weights._21608_/Y
 m.u_conv3.u_weights._21609_/Y
 m.u_conv3.u_weights._21610_/X
 m.u_conv3.u_weights._21611_/Y
 m.u_conv3.u_weights._21612_/Y
 m.u_conv3.u_weights._21613_/Y
 m.u_conv3.u_weights._21614_/Y
 m.u_conv3.u_weights._21615_/Y
 m.u_conv3.u_weights._21616_/X
 m.u_conv3.u_weights._21617_/Y
 m.u_conv3.u_weights._21618_/X
 m.u_conv3.u_weights._21619_/Y
 m.u_conv3.u_weights._21620_/Y
 m.u_conv3.u_weights._21621_/Y
 m.u_conv3.u_weights._21622_/Y
 m.u_conv3.u_weights._21623_/Y
 m.u_conv3.u_weights._21624_/Y
 m.u_conv3.u_weights._21625_/Y
 m.u_conv3.u_weights._21626_/Y
 m.u_conv3.u_weights._21627_/X
 m.u_conv3.u_weights._21628_/Y
 m.u_conv3.u_weights._21629_/Y
 m.u_conv3.u_weights._21630_/X
 m.u_conv3.u_weights._21631_/Y
 m.u_conv3.u_weights._21632_/Y
 m.u_conv3.u_weights._21633_/X
 m.u_conv3.u_weights._21634_/Y
 m.u_conv3.u_weights._21635_/Y
 m.u_conv3.u_weights._21636_/Y
 m.u_conv3.u_weights._21637_/Y
 m.u_conv3.u_weights._21638_/Y
 m.u_conv3.u_weights._21639_/Y
 m.u_conv3.u_weights._21640_/Y
 m.u_conv3.u_weights._21641_/Y
 m.u_conv3.u_weights._21642_/X
 m.u_conv3.u_weights._21643_/Y
 m.u_conv3.u_weights._21644_/Y
 m.u_conv3.u_weights._21645_/Y
 m.u_conv3.u_weights._21646_/Y
 m.u_conv3.u_weights._21647_/X
 m.u_conv3.u_weights._21648_/X
 m.u_conv3.u_weights._21649_/Y
 m.u_conv3.u_weights._21650_/Y
 m.u_conv3.u_weights._21651_/Y
 m.u_conv3.u_weights._21652_/Y
 m.u_conv3.u_weights._21653_/Y
 m.u_conv3.u_weights._21654_/X
 m.u_conv3.u_weights._21655_/Y
 m.u_conv3.u_weights._21656_/Y
 m.u_conv3.u_weights._21657_/X
 m.u_conv3.u_weights._21658_/Y
 m.u_conv3.u_weights._21659_/Y
 m.u_conv3.u_weights._21660_/Y
 m.u_conv3.u_weights._21661_/Y
 m.u_conv3.u_weights._21662_/Y
 m.u_conv3.u_weights._21663_/Y
 m.u_conv3.u_weights._21664_/Y
 m.u_conv3.u_weights._21665_/Y
 m.u_conv3.u_weights._21666_/Y
 m.u_conv3.u_weights._21667_/Y
 m.u_conv3.u_weights._21668_/Y
 m.u_conv3.u_weights._21669_/Y
 m.u_conv3.u_weights._21670_/Y
 m.u_conv3.u_weights._21671_/Y
 m.u_conv3.u_weights._21672_/X
 m.u_conv3.u_weights._21673_/Y
 m.u_conv3.u_weights._21674_/Y
 m.u_conv3.u_weights._21675_/Y
 m.u_conv3.u_weights._21676_/Y
 m.u_conv3.u_weights._21677_/Y
 m.u_conv3.u_weights._21678_/Y
 m.u_conv3.u_weights._21679_/Y
 m.u_conv3.u_weights._21680_/Y
 m.u_conv3.u_weights._21681_/Y
 m.u_conv3.u_weights._21682_/Y
 m.u_conv3.u_weights._21683_/X
 m.u_conv3.u_weights._21684_/Y
 m.u_conv3.u_weights._21685_/X
 m.u_conv3.u_weights._21686_/X
 m.u_conv3.u_weights._21687_/X
 m.u_conv3.u_weights._21688_/Y
 m.u_conv3.u_weights._21689_/Y
 m.u_conv3.u_weights._21690_/Y
 m.u_conv3.u_weights._21691_/Y
 m.u_conv3.u_weights._21692_/Y
 m.u_conv3.u_weights._21693_/X
 m.u_conv3.u_weights._21694_/Y
 m.u_conv3.u_weights._21695_/Y
 m.u_conv3.u_weights._21696_/Y
 m.u_conv3.u_weights._21697_/Y
 m.u_conv3.u_weights._21698_/Y
 m.u_conv3.u_weights._21699_/Y
 m.u_conv3.u_weights._21700_/Y
 m.u_conv3.u_weights._21701_/Y
 m.u_conv3.u_weights._21702_/Y
 m.u_conv3.u_weights._21703_/Y
 m.u_conv3.u_weights._21704_/X
 m.u_conv3.u_weights._21705_/X
 m.u_conv3.u_weights._21706_/Y
 m.u_conv3.u_weights._21707_/Y
 m.u_conv3.u_weights._21708_/X
 m.u_conv3.u_weights._21709_/Y
 m.u_conv3.u_weights._21710_/Y
 m.u_conv3.u_weights._21711_/Y
 m.u_conv3.u_weights._21712_/Y
 m.u_conv3.u_weights._21713_/Y
 m.u_conv3.u_weights._21714_/Y
 m.u_conv3.u_weights._21715_/Y
 m.u_conv3.u_weights._21716_/Y
 m.u_conv3.u_weights._21717_/Y
 m.u_conv3.u_weights._21718_/Y
 m.u_conv3.u_weights._21719_/Y
 m.u_conv3.u_weights._21720_/X
 m.u_conv3.u_weights._21721_/X
 m.u_conv3.u_weights._21722_/Y
 m.u_conv3.u_weights._21723_/Y
 m.u_conv3.u_weights._21724_/Y
 m.u_conv3.u_weights._21725_/Y
 m.u_conv3.u_weights._21726_/X
 m.u_conv3.u_weights._21727_/Y
 m.u_conv3.u_weights._21728_/Y
 m.u_conv3.u_weights._21729_/Y
 m.u_conv3.u_weights._21730_/Y
 m.u_conv3.u_weights._21731_/Y
 m.u_conv3.u_weights._21732_/Y
 m.u_conv3.u_weights._21733_/Y
 m.u_conv3.u_weights._21734_/Y
 m.u_conv3.u_weights._21735_/Y
 m.u_conv3.u_weights._21736_/Y
 m.u_conv3.u_weights._21737_/X
 m.u_conv3.u_weights._21738_/Y
 m.u_conv3.u_weights._21739_/X
 m.u_conv3.u_weights._21740_/Y
 m.u_conv3.u_weights._21741_/Y
 m.u_conv3.u_weights._21742_/Y
 m.u_conv3.u_weights._21743_/Y
 m.u_conv3.u_weights._21744_/Y
 m.u_conv3.u_weights._21745_/X
 m.u_conv3.u_weights._21746_/Y
 m.u_conv3.u_weights._21747_/Y
 m.u_conv3.u_weights._21748_/X
 m.u_conv3.u_weights._21749_/Y
 m.u_conv3.u_weights._21750_/Y
 m.u_conv3.u_weights._21751_/X
 m.u_conv3.u_weights._21752_/Y
 m.u_conv3.u_weights._21753_/Y
 m.u_conv3.u_weights._21754_/Y
 m.u_conv3.u_weights._21755_/Y
 m.u_conv3.u_weights._21756_/Y
 m.u_conv3.u_weights._21757_/Y
 m.u_conv3.u_weights._21758_/Y
 m.u_conv3.u_weights._21759_/Y
 m.u_conv3.u_weights._21760_/Y
 m.u_conv3.u_weights._21761_/Y
 m.u_conv3.u_weights._21762_/Y
 m.u_conv3.u_weights._21763_/Y
 m.u_conv3.u_weights._21764_/X
 m.u_conv3.u_weights._21765_/Y
 m.u_conv3.u_weights._21766_/X
 m.u_conv3.u_weights._21767_/Y
 m.u_conv3.u_weights._21768_/Y
 m.u_conv3.u_weights._21769_/Y
 m.u_conv3.u_weights._21770_/X
 m.u_conv3.u_weights._21771_/Y
 m.u_conv3.u_weights._21772_/Y
 m.u_conv3.u_weights._21773_/X
 m.u_conv3.u_weights._21774_/Y
 m.u_conv3.u_weights._21775_/Y
 m.u_conv3.u_weights._21776_/X
 m.u_conv3.u_weights._21777_/Y
 m.u_conv3.u_weights._21778_/X
 m.u_conv3.u_weights._21779_/Y
 m.u_conv3.u_weights._21780_/Y
 m.u_conv3.u_weights._21781_/Y
 m.u_conv3.u_weights._21782_/Y
 m.u_conv3.u_weights._21783_/X
 m.u_conv3.u_weights._21784_/Y
 m.u_conv3.u_weights._21785_/Y
 m.u_conv3.u_weights._21786_/Y
 m.u_conv3.u_weights._21787_/X
 m.u_conv3.u_weights._21788_/X
 m.u_conv3.u_weights._21789_/Y
 m.u_conv3.u_weights._21790_/Y
 m.u_conv3.u_weights._21791_/Y
 m.u_conv3.u_weights._21792_/X
 m.u_conv3.u_weights._21793_/Y
 m.u_conv3.u_weights._21794_/Y
 m.u_conv3.u_weights._21795_/Y
 m.u_conv3.u_weights._21796_/Y
 m.u_conv3.u_weights._21797_/Y
 m.u_conv3.u_weights._21798_/Y
 m.u_conv3.u_weights._21799_/Y
 m.u_conv3.u_weights._21800_/Y
 m.u_conv3.u_weights._21801_/Y
 m.u_conv3.u_weights._21802_/Y
 m.u_conv3.u_weights._21803_/X
 m.u_conv3.u_weights._21804_/Y
 m.u_conv3.u_weights._21805_/X
 m.u_conv3.u_weights._21806_/Y
 m.u_conv3.u_weights._21807_/Y
 m.u_conv3.u_weights._21808_/Y
 m.u_conv3.u_weights._21809_/X
 m.u_conv3.u_weights._21810_/Y
 m.u_conv3.u_weights._21811_/Y
 m.u_conv3.u_weights._21812_/X
 m.u_conv3.u_weights._21813_/X
 m.u_conv3.u_weights._21814_/Y
 m.u_conv3.u_weights._21815_/Y
 m.u_conv3.u_weights._21816_/Y
 m.u_conv3.u_weights._21817_/Y
 m.u_conv3.u_weights._21818_/Y
 m.u_conv3.u_weights._21819_/Y
 m.u_conv3.u_weights._21820_/Y
 m.u_conv3.u_weights._21821_/Y
 m.u_conv3.u_weights._21822_/X
 m.u_conv3.u_weights._21823_/Y
 m.u_conv3.u_weights._21824_/Y
 m.u_conv3.u_weights._21825_/Y
 m.u_conv3.u_weights._21826_/Y
 m.u_conv3.u_weights._21827_/Y
 m.u_conv3.u_weights._21828_/Y
 m.u_conv3.u_weights._21829_/X
 m.u_conv3.u_weights._21830_/X
 m.u_conv3.u_weights._21831_/Y
 m.u_conv3.u_weights._21832_/Y
 m.u_conv3.u_weights._21833_/Y
 m.u_conv3.u_weights._21834_/Y
 m.u_conv3.u_weights._21835_/Y
 m.u_conv3.u_weights._21836_/Y
 m.u_conv3.u_weights._21837_/Y
 m.u_conv3.u_weights._21838_/Y
 m.u_conv3.u_weights._21839_/Y
 m.u_conv3.u_weights._21840_/X
 m.u_conv3.u_weights._21841_/X
 m.u_conv3.u_weights._21842_/Y
 m.u_conv3.u_weights._21843_/X
 m.u_conv3.u_weights._21844_/X
 m.u_conv3.u_weights._21845_/Y
 m.u_conv3.u_weights._21846_/X
 m.u_conv3.u_weights._21847_/Y
 m.u_conv3.u_weights._21848_/Y
 m.u_conv3.u_weights._21849_/Y
 m.u_conv3.u_weights._21850_/Y
 m.u_conv3.u_weights._21851_/Y
 m.u_conv3.u_weights._21852_/X
 m.u_conv3.u_weights._21853_/Y
 m.u_conv3.u_weights._21854_/Y
 m.u_conv3.u_weights._21855_/Y
 m.u_conv3.u_weights._21856_/Y
 m.u_conv3.u_weights._21857_/Y
 m.u_conv3.u_weights._21858_/Y
 m.u_conv3.u_weights._21859_/Y
 m.u_conv3.u_weights._21860_/Y
 m.u_conv3.u_weights._21861_/Y
 m.u_conv3.u_weights._21862_/Y
 m.u_conv3.u_weights._21863_/Y
 m.u_conv3.u_weights._21864_/Y
 m.u_conv3.u_weights._21865_/Y
 m.u_conv3.u_weights._21866_/Y
 m.u_conv3.u_weights._21867_/Y
 m.u_conv3.u_weights._21868_/X
 m.u_conv3.u_weights._21869_/Y
 m.u_conv3.u_weights._21870_/Y
 m.u_conv3.u_weights._21871_/X
 m.u_conv3.u_weights._21872_/Y
 m.u_conv3.u_weights._21873_/Y
 m.u_conv3.u_weights._21874_/Y
 m.u_conv3.u_weights._21875_/Y
 m.u_conv3.u_weights._21876_/Y
 m.u_conv3.u_weights._21877_/X
 m.u_conv3.u_weights._21878_/Y
 m.u_conv3.u_weights._21879_/Y
 m.u_conv3.u_weights._21880_/Y
 m.u_conv3.u_weights._21881_/Y
 m.u_conv3.u_weights._21882_/Y
 m.u_conv3.u_weights._21883_/Y
 m.u_conv3.u_weights._21884_/Y
 m.u_conv3.u_weights._21885_/Y
 m.u_conv3.u_weights._21886_/X
 m.u_conv3.u_weights._21887_/X
 m.u_conv3.u_weights._21888_/Y
 m.u_conv3.u_weights._21889_/Y
 m.u_conv3.u_weights._21890_/Y
 m.u_conv3.u_weights._21891_/Y
 m.u_conv3.u_weights._21892_/Y
 m.u_conv3.u_weights._21893_/Y
 m.u_conv3.u_weights._21894_/X
 m.u_conv3.u_weights._21895_/Y
 m.u_conv3.u_weights._21896_/Y
 m.u_conv3.u_weights._21897_/Y
 m.u_conv3.u_weights._21898_/Y
 m.u_conv3.u_weights._21899_/Y
 m.u_conv3.u_weights._21900_/Y
 m.u_conv3.u_weights._21901_/Y
 m.u_conv3.u_weights._21902_/Y
 m.u_conv3.u_weights._21903_/Y
 m.u_conv3.u_weights._21904_/Y
 m.u_conv3.u_weights._21905_/X
 m.u_conv3.u_weights._21906_/Y
 m.u_conv3.u_weights._21907_/Y
 m.u_conv3.u_weights._21908_/Y
 m.u_conv3.u_weights._21909_/Y
 m.u_conv3.u_weights._21910_/X
 m.u_conv3.u_weights._21911_/Y
 m.u_conv3.u_weights._21912_/Y
 m.u_conv3.u_weights._21913_/Y
 m.u_conv3.u_weights._21914_/Y
 m.u_conv3.u_weights._21915_/Y
 m.u_conv3.u_weights._21916_/Y
 m.u_conv3.u_weights._21917_/X
 m.u_conv3.u_weights._21918_/Y
 m.u_conv3.u_weights._21919_/X
 m.u_conv3.u_weights._21920_/Y
 m.u_conv3.u_weights._21921_/Y
 m.u_conv3.u_weights._21922_/Y
 m.u_conv3.u_weights._21923_/X
 m.u_conv3.u_weights._21924_/Y
 m.u_conv3.u_weights._21925_/X
 m.u_conv3.u_weights._21926_/Y
 m.u_conv3.u_weights._21927_/X
 m.u_conv3.u_weights._21928_/Y
 m.u_conv3.u_weights._21929_/Y
 m.u_conv3.u_weights._21930_/Y
 m.u_conv3.u_weights._21931_/Y
 m.u_conv3.u_weights._21932_/X
 m.u_conv3.u_weights._21933_/X
 m.u_conv3.u_weights._21934_/X
 m.u_conv3.u_weights._21935_/Y
 m.u_conv3.u_weights._21936_/Y
 m.u_conv3.u_weights._21937_/X
 m.u_conv3.u_weights._21938_/Y
 m.u_conv3.u_weights._21939_/Y
 m.u_conv3.u_weights._21940_/X
 m.u_conv3.u_weights._21941_/Y
 m.u_conv3.u_weights._21942_/X
 m.u_conv3.u_weights._21943_/Y
 m.u_conv3.u_weights._21944_/X
 m.u_conv3.u_weights._21945_/Y
 m.u_conv3.u_weights._21946_/Y
 m.u_conv3.u_weights._21947_/Y
 m.u_conv3.u_weights._21948_/X
 m.u_conv3.u_weights._21949_/Y
 m.u_conv3.u_weights._21950_/Y
 m.u_conv3.u_weights._21951_/X
 m.u_conv3.u_weights._21952_/X
 m.u_conv3.u_weights._21953_/Y
 m.u_conv3.u_weights._21954_/Y
 m.u_conv3.u_weights._21955_/Y
 m.u_conv3.u_weights._21956_/Y
 m.u_conv3.u_weights._21957_/Y
 m.u_conv3.u_weights._21958_/Y
 m.u_conv3.u_weights._21959_/Y
 m.u_conv3.u_weights._21960_/Y
 m.u_conv3.u_weights._21961_/X
 m.u_conv3.u_weights._21962_/X
 m.u_conv3.u_weights._21963_/Y
 m.u_conv3.u_weights._21964_/Y
 m.u_conv3.u_weights._21965_/X
 m.u_conv3.u_weights._21966_/Y
 m.u_conv3.u_weights._21967_/Y
 m.u_conv3.u_weights._21968_/Y
 m.u_conv3.u_weights._21969_/Y
 m.u_conv3.u_weights._21970_/Y
 m.u_conv3.u_weights._21971_/Y
 m.u_conv3.u_weights._21972_/Y
 m.u_conv3.u_weights._21973_/Y
 m.u_conv3.u_weights._21974_/Y
 m.u_conv3.u_weights._21975_/Y
 m.u_conv3.u_weights._21976_/Y
 m.u_conv3.u_weights._21977_/Y
 m.u_conv3.u_weights._21978_/X
 m.u_conv3.u_weights._21979_/Y
 m.u_conv3.u_weights._21980_/Y
 m.u_conv3.u_weights._21981_/X
 m.u_conv3.u_weights._21982_/Y
 m.u_conv3.u_weights._21983_/Y
 m.u_conv3.u_weights._21984_/Y
 m.u_conv3.u_weights._21985_/Y
 m.u_conv3.u_weights._21986_/Y
 m.u_conv3.u_weights._21987_/X
 m.u_conv3.u_weights._21988_/Y
 m.u_conv3.u_weights._21989_/Y
 m.u_conv3.u_weights._21990_/Y
 m.u_conv3.u_weights._21991_/Y
 m.u_conv3.u_weights._21992_/X
 m.u_conv3.u_weights._21993_/Y
 m.u_conv3.u_weights._21994_/Y
 m.u_conv3.u_weights._21995_/Y
 m.u_conv3.u_weights._21996_/Y
 m.u_conv3.u_weights._21997_/Y
 m.u_conv3.u_weights._21998_/Y
 m.u_conv3.u_weights._21999_/X
 m.u_conv3.u_weights._22000_/Y
 m.u_conv3.u_weights._22001_/X
 m.u_conv3.u_weights._22002_/Y
 m.u_conv3.u_weights._22003_/Y
 m.u_conv3.u_weights._22004_/Y
 m.u_conv3.u_weights._22005_/X
 m.u_conv3.u_weights._22006_/Y
 m.u_conv3.u_weights._22007_/Y
 m.u_conv3.u_weights._22008_/Y
 m.u_conv3.u_weights._22009_/Y
 m.u_conv3.u_weights._22010_/X
 m.u_conv3.u_weights._22011_/X
 m.u_conv3.u_weights._22012_/X
 m.u_conv3.u_weights._22013_/Y
 m.u_conv3.u_weights._22014_/Y
 m.u_conv3.u_weights._22015_/Y
 m.u_conv3.u_weights._22016_/Y
 m.u_conv3.u_weights._22017_/Y
 m.u_conv3.u_weights._22018_/Y
 m.u_conv3.u_weights._22019_/Y
 m.u_conv3.u_weights._22020_/Y
 m.u_conv3.u_weights._22021_/Y
 m.u_conv3.u_weights._22022_/Y
 m.u_conv3.u_weights._22023_/Y
 m.u_conv3.u_weights._22024_/X
 m.u_conv3.u_weights._22025_/Y
 m.u_conv3.u_weights._22026_/Y
 m.u_conv3.u_weights._22027_/Y
 m.u_conv3.u_weights._22028_/Y
 m.u_conv3.u_weights._22029_/Y
 m.u_conv3.u_weights._22030_/X
 m.u_conv3.u_weights._22031_/Y
 m.u_conv3.u_weights._22032_/Y
 m.u_conv3.u_weights._22033_/Y
 m.u_conv3.u_weights._22034_/Y
 m.u_conv3.u_weights._22035_/Y
 m.u_conv3.u_weights._22036_/Y
 m.u_conv3.u_weights._22037_/Y
 m.u_conv3.u_weights._22038_/Y
 m.u_conv3.u_weights._22039_/Y
 m.u_conv3.u_weights._22040_/X
 m.u_conv3.u_weights._22041_/Y
 m.u_conv3.u_weights._22042_/X
 m.u_conv3.u_weights._22043_/X
 m.u_conv3.u_weights._22044_/Y
 m.u_conv3.u_weights._22045_/Y
 m.u_conv3.u_weights._22046_/Y
 m.u_conv3.u_weights._22047_/Y
 m.u_conv3.u_weights._22048_/X
 m.u_conv3.u_weights._22049_/Y
 m.u_conv3.u_weights._22050_/Y
 m.u_conv3.u_weights._22051_/X
 m.u_conv3.u_weights._22052_/Y
 m.u_conv3.u_weights._22053_/Y
 m.u_conv3.u_weights._22054_/Y
 m.u_conv3.u_weights._22055_/Y
 m.u_conv3.u_weights._22056_/Y
 m.u_conv3.u_weights._22057_/Y
 m.u_conv3.u_weights._22058_/Y
 m.u_conv3.u_weights._22059_/Y
 m.u_conv3.u_weights._22060_/Y
 m.u_conv3.u_weights._22061_/Y
 m.u_conv3.u_weights._22062_/Y
 m.u_conv3.u_weights._22063_/X
 m.u_conv3.u_weights._22064_/Y
 m.u_conv3.u_weights._22065_/Y
 m.u_conv3.u_weights._22066_/Y
 m.u_conv3.u_weights._22067_/Y
 m.u_conv3.u_weights._22068_/Y
 m.u_conv3.u_weights._22069_/Y
 m.u_conv3.u_weights._22070_/Y
 m.u_conv3.u_weights._22071_/Y
 m.u_conv3.u_weights._22072_/Y
 m.u_conv3.u_weights._22073_/Y
 m.u_conv3.u_weights._22074_/X
 m.u_conv3.u_weights._22075_/Y
 m.u_conv3.u_weights._22076_/X
 m.u_conv3.u_weights._22077_/X
 m.u_conv3.u_weights._22078_/Y
 m.u_conv3.u_weights._22079_/Y
 m.u_conv3.u_weights._22080_/Y
 m.u_conv3.u_weights._22081_/Y
 m.u_conv3.u_weights._22082_/X
 m.u_conv3.u_weights._22083_/X
 m.u_conv3.u_weights._22084_/Y
 m.u_conv3.u_weights._22085_/Y
 m.u_conv3.u_weights._22086_/X
 m.u_conv3.u_weights._22087_/Y
 m.u_conv3.u_weights._22088_/Y
 m.u_conv3.u_weights._22089_/Y
 m.u_conv3.u_weights._22090_/Y
 m.u_conv3.u_weights._22091_/X
 m.u_conv3.u_weights._22092_/Y
 m.u_conv3.u_weights._22093_/Y
 m.u_conv3.u_weights._22094_/X
 m.u_conv3.u_weights._22095_/X
 m.u_conv3.u_weights._22096_/Y
 m.u_conv3.u_weights._22097_/Y
 m.u_conv3.u_weights._22098_/Y
 m.u_conv3.u_weights._22099_/Y
 m.u_conv3.u_weights._22100_/Y
 m.u_conv3.u_weights._22101_/Y
 m.u_conv3.u_weights._22102_/Y
 m.u_conv3.u_weights._22103_/Y
 m.u_conv3.u_weights._22104_/Y
 m.u_conv3.u_weights._22105_/X
 m.u_conv3.u_weights._22106_/Y
 m.u_conv3.u_weights._22107_/Y
 m.u_conv3.u_weights._22108_/X
 m.u_conv3.u_weights._22109_/Y
 m.u_conv3.u_weights._22110_/Y
 m.u_conv3.u_weights._22111_/Y
 m.u_conv3.u_weights._22112_/X
 m.u_conv3.u_weights._22113_/X
 m.u_conv3.u_weights._22114_/Y
 m.u_conv3.u_weights._22115_/Y
 m.u_conv3.u_weights._22116_/X
 m.u_conv3.u_weights._22117_/Y
 m.u_conv3.u_weights._22118_/Y
 m.u_conv3.u_weights._22119_/Y
 m.u_conv3.u_weights._22120_/Y
 m.u_conv3.u_weights._22121_/Y
 m.u_conv3.u_weights._22122_/Y
 m.u_conv3.u_weights._22123_/X
 m.u_conv3.u_weights._22124_/Y
 m.u_conv3.u_weights._22125_/X
 m.u_conv3.u_weights._22126_/Y
 m.u_conv3.u_weights._22127_/Y
 m.u_conv3.u_weights._22128_/Y
 m.u_conv3.u_weights._22129_/X
 m.u_conv3.u_weights._22130_/Y
 m.u_conv3.u_weights._22131_/Y
 m.u_conv3.u_weights._22132_/Y
 m.u_conv3.u_weights._22133_/Y
 m.u_conv3.u_weights._22134_/Y
 m.u_conv3.u_weights._22135_/Y
 m.u_conv3.u_weights._22136_/Y
 m.u_conv3.u_weights._22137_/Y
 m.u_conv3.u_weights._22138_/X
 m.u_conv3.u_weights._22139_/Y
 m.u_conv3.u_weights._22140_/Y
 m.u_conv3.u_weights._22141_/Y
 m.u_conv3.u_weights._22142_/Y
 m.u_conv3.u_weights._22143_/X
 m.u_conv3.u_weights._22144_/X
 m.u_conv3.u_weights._22145_/Y
 m.u_conv3.u_weights._22146_/X
 m.u_conv3.u_weights._22147_/Y
 m.u_conv3.u_weights._22148_/X
 m.u_conv3.u_weights._22149_/X
 m.u_conv3.u_weights._22150_/Y
 m.u_conv3.u_weights._22151_/Y
 m.u_conv3.u_weights._22152_/Y
 m.u_conv3.u_weights._22153_/Y
 m.u_conv3.u_weights._22154_/X
 m.u_conv3.u_weights._22155_/Y
 m.u_conv3.u_weights._22156_/X
 m.u_conv3.u_weights._22157_/Y
 m.u_conv3.u_weights._22158_/X
 m.u_conv3.u_weights._22159_/Y
 m.u_conv3.u_weights._22160_/Y
 m.u_conv3.u_weights._22161_/Y
 m.u_conv3.u_weights._22162_/X
 m.u_conv3.u_weights._22163_/Y
 m.u_conv3.u_weights._22164_/Y
 m.u_conv3.u_weights._22165_/Y
 m.u_conv3.u_weights._22166_/X
 m.u_conv3.u_weights._22167_/Y
 m.u_conv3.u_weights._22168_/X
 m.u_conv3.u_weights._22169_/Y
 m.u_conv3.u_weights._22170_/X
 m.u_conv3.u_weights._22171_/Y
 m.u_conv3.u_weights._22172_/Y
 m.u_conv3.u_weights._22173_/Y
 m.u_conv3.u_weights._22174_/X
 m.u_conv3.u_weights._22175_/X
 m.u_conv3.u_weights._22176_/Y
 m.u_conv3.u_weights._22177_/Y
 m.u_conv3.u_weights._22178_/Y
 m.u_conv3.u_weights._22179_/Y
 m.u_conv3.u_weights._22180_/Y
 m.u_conv3.u_weights._22181_/Y
 m.u_conv3.u_weights._22182_/Y
 m.u_conv3.u_weights._22183_/X
 m.u_conv3.u_weights._22184_/Y
 m.u_conv3.u_weights._22185_/Y
 m.u_conv3.u_weights._22186_/Y
 m.u_conv3.u_weights._22187_/X
 m.u_conv3.u_weights._22188_/Y
 m.u_conv3.u_weights._22189_/Y
 m.u_conv3.u_weights._22190_/Y
 m.u_conv3.u_weights._22191_/Y
 m.u_conv3.u_weights._22192_/X
 m.u_conv3.u_weights._22193_/Y
 m.u_conv3.u_weights._22194_/Y
 m.u_conv3.u_weights._22195_/Y
 m.u_conv3.u_weights._22196_/Y
 m.u_conv3.u_weights._22197_/Y
 m.u_conv3.u_weights._22198_/Y
 m.u_conv3.u_weights._22199_/Y
 m.u_conv3.u_weights._22200_/Y
 m.u_conv3.u_weights._22201_/Y
 m.u_conv3.u_weights._22202_/Y
 m.u_conv3.u_weights._22203_/X
 m.u_conv3.u_weights._22204_/X
 m.u_conv3.u_weights._22205_/Y
 m.u_conv3.u_weights._22206_/X
 m.u_conv3.u_weights._22207_/Y
 m.u_conv3.u_weights._22208_/X
 m.u_conv3.u_weights._22209_/Y
 m.u_conv3.u_weights._22210_/X
 m.u_conv3.u_weights._22211_/Y
 m.u_conv3.u_weights._22212_/Y
 m.u_conv3.u_weights._22213_/Y
 m.u_conv3.u_weights._22214_/Y
 m.u_conv3.u_weights._22215_/Y
 m.u_conv3.u_weights._22216_/Y
 m.u_conv3.u_weights._22217_/Y
 m.u_conv3.u_weights._22218_/Y
 m.u_conv3.u_weights._22219_/X
 m.u_conv3.u_weights._22220_/X
 m.u_conv3.u_weights._22221_/Y
 m.u_conv3.u_weights._22222_/Y
 m.u_conv3.u_weights._22223_/Y
 m.u_conv3.u_weights._22224_/Y
 m.u_conv3.u_weights._22225_/Y
 m.u_conv3.u_weights._22226_/Y
 m.u_conv3.u_weights._22227_/Y
 m.u_conv3.u_weights._22228_/Y
 m.u_conv3.u_weights._22229_/Y
 m.u_conv3.u_weights._22230_/Y
 m.u_conv3.u_weights._22231_/Y
 m.u_conv3.u_weights._22232_/Y
 m.u_conv3.u_weights._22233_/Y
 m.u_conv3.u_weights._22234_/Y
 m.u_conv3.u_weights._22235_/Y
 m.u_conv3.u_weights._22236_/Y
 m.u_conv3.u_weights._22237_/Y
 m.u_conv3.u_weights._22238_/X
 m.u_conv3.u_weights._22239_/X
 m.u_conv3.u_weights._22240_/Y
 m.u_conv3.u_weights._22241_/Y
 m.u_conv3.u_weights._22242_/Y
 m.u_conv3.u_weights._22243_/Y
 m.u_conv3.u_weights._22244_/Y
 m.u_conv3.u_weights._22245_/X
 m.u_conv3.u_weights._22246_/Y
 m.u_conv3.u_weights._22247_/Y
 m.u_conv3.u_weights._22248_/Y
 m.u_conv3.u_weights._22249_/Y
 m.u_conv3.u_weights._22250_/Y
 m.u_conv3.u_weights._22251_/Y
 m.u_conv3.u_weights._22252_/Y
 m.u_conv3.u_weights._22253_/Y
 m.u_conv3.u_weights._22254_/X
 m.u_conv3.u_weights._22255_/Y
 m.u_conv3.u_weights._22256_/Y
 m.u_conv3.u_weights._22257_/Y
 m.u_conv3.u_weights._22258_/Y
 m.u_conv3.u_weights._22259_/Y
 m.u_conv3.u_weights._22260_/Y
 m.u_conv3.u_weights._22261_/Y
 m.u_conv3.u_weights._22262_/X
 m.u_conv3.u_weights._22263_/Y
 m.u_conv3.u_weights._22264_/Y
 m.u_conv3.u_weights._22265_/X
 m.u_conv3.u_weights._22266_/Y
 m.u_conv3.u_weights._22267_/Y
 m.u_conv3.u_weights._22268_/Y
 m.u_conv3.u_weights._22269_/Y
 m.u_conv3.u_weights._22270_/Y
 m.u_conv3.u_weights._22271_/X
 m.u_conv3.u_weights._22272_/X
 m.u_conv3.u_weights._22273_/X
 m.u_conv3.u_weights._22274_/Y
 m.u_conv3.u_weights._22275_/Y
 m.u_conv3.u_weights._22276_/Y
 m.u_conv3.u_weights._22277_/Y
 m.u_conv3.u_weights._22278_/Y
 m.u_conv3.u_weights._22279_/Y
 m.u_conv3.u_weights._22280_/Y
 m.u_conv3.u_weights._22281_/Y
 m.u_conv3.u_weights._22282_/Y
 m.u_conv3.u_weights._22283_/Y
 m.u_conv3.u_weights._22284_/X
 m.u_conv3.u_weights._22285_/Y
 m.u_conv3.u_weights._22286_/Y
 m.u_conv3.u_weights._22287_/X
 m.u_conv3.u_weights._22288_/Y
 m.u_conv3.u_weights._22289_/Y
 m.u_conv3.u_weights._22290_/Y
 m.u_conv3.u_weights._22291_/Y
 m.u_conv3.u_weights._22292_/X
 m.u_conv3.u_weights._22293_/X
 m.u_conv3.u_weights._22294_/Y
 m.u_conv3.u_weights._22295_/Y
 m.u_conv3.u_weights._22296_/Y
 m.u_conv3.u_weights._22297_/X
 m.u_conv3.u_weights._22298_/X
 m.u_conv3.u_weights._22299_/Y
 m.u_conv3.u_weights._22300_/Y
 m.u_conv3.u_weights._22301_/Y
 m.u_conv3.u_weights._22302_/Y
 m.u_conv3.u_weights._22303_/Y
 m.u_conv3.u_weights._22304_/Y
 m.u_conv3.u_weights._22305_/Y
 m.u_conv3.u_weights._22306_/X
 m.u_conv3.u_weights._22307_/Y
 m.u_conv3.u_weights._22308_/Y
 m.u_conv3.u_weights._22309_/Y
 m.u_conv3.u_weights._22310_/Y
 m.u_conv3.u_weights._22311_/Y
 m.u_conv3.u_weights._22312_/Y
 m.u_conv3.u_weights._22313_/Y
 m.u_conv3.u_weights._22314_/Y
 m.u_conv3.u_weights._22315_/Y
 m.u_conv3.u_weights._22316_/Y
 m.u_conv3.u_weights._22317_/Y
 m.u_conv3.u_weights._22318_/Y
 m.u_conv3.u_weights._22319_/Y
 m.u_conv3.u_weights._22320_/Y
 m.u_conv3.u_weights._22321_/Y
 m.u_conv3.u_weights._22322_/Y
 m.u_conv3.u_weights._22323_/X
 m.u_conv3.u_weights._22324_/Y
 m.u_conv3.u_weights._22325_/Y
 m.u_conv3.u_weights._22326_/X
 m.u_conv3.u_weights._22327_/Y
 m.u_conv3.u_weights._22328_/Y
 m.u_conv3.u_weights._22329_/Y
 m.u_conv3.u_weights._22330_/Y
 m.u_conv3.u_weights._22331_/Y
 m.u_conv3.u_weights._22332_/Y
 m.u_conv3.u_weights._22333_/Y
 m.u_conv3.u_weights._22334_/X
 m.u_conv3.u_weights._22335_/Y
 m.u_conv3.u_weights._22336_/Y
 m.u_conv3.u_weights._22337_/Y
 m.u_conv3.u_weights._22338_/Y
 m.u_conv3.u_weights._22339_/Y
 m.u_conv3.u_weights._22340_/Y
 m.u_conv3.u_weights._22341_/Y
 m.u_conv3.u_weights._22342_/Y
 m.u_conv3.u_weights._22343_/Y
 m.u_conv3.u_weights._22344_/Y
 m.u_conv3.u_weights._22345_/Y
 m.u_conv3.u_weights._22346_/X
 m.u_conv3.u_weights._22347_/Y
 m.u_conv3.u_weights._22348_/Y
 m.u_conv3.u_weights._22349_/Y
 m.u_conv3.u_weights._22350_/X
 m.u_conv3.u_weights._22351_/X
 m.u_conv3.u_weights._22352_/Y
 m.u_conv3.u_weights._22353_/Y
 m.u_conv3.u_weights._22354_/Y
 m.u_conv3.u_weights._22355_/Y
 m.u_conv3.u_weights._22356_/X
 m.u_conv3.u_weights._22357_/Y
 m.u_conv3.u_weights._22358_/X
 m.u_conv3.u_weights._22359_/Y
 m.u_conv3.u_weights._22360_/X
 m.u_conv3.u_weights._22361_/X
 m.u_conv3.u_weights._22362_/Y
 m.u_conv3.u_weights._22363_/Y
 m.u_conv3.u_weights._22364_/Y
 m.u_conv3.u_weights._22365_/Y
 m.u_conv3.u_weights._22366_/X
 m.u_conv3.u_weights._22367_/Y
 m.u_conv3.u_weights._22368_/Y
 m.u_conv3.u_weights._22369_/Y
 m.u_conv3.u_weights._22370_/Y
 m.u_conv3.u_weights._22371_/X
 m.u_conv3.u_weights._22372_/Y
 m.u_conv3.u_weights._22373_/Y
 m.u_conv3.u_weights._22374_/Y
 m.u_conv3.u_weights._22375_/Y
 m.u_conv3.u_weights._22376_/Y
 m.u_conv3.u_weights._22377_/X
 m.u_conv3.u_weights._22378_/Y
 m.u_conv3.u_weights._22379_/Y
 m.u_conv3.u_weights._22380_/Y
 m.u_conv3.u_weights._22381_/Y
 m.u_conv3.u_weights._22382_/X
 m.u_conv3.u_weights._22383_/Y
 m.u_conv3.u_weights._22384_/Y
 m.u_conv3.u_weights._22385_/Y
 m.u_conv3.u_weights._22386_/X
 m.u_conv3.u_weights._22387_/Y
 m.u_conv3.u_weights._22388_/Y
 m.u_conv3.u_weights._22389_/Y
 m.u_conv3.u_weights._22390_/X
 m.u_conv3.u_weights._22391_/X
 m.u_conv3.u_weights._22392_/Y
 m.u_conv3.u_weights._22393_/Y
 m.u_conv3.u_weights._22394_/Y
 m.u_conv3.u_weights._22395_/Y
 m.u_conv3.u_weights._22396_/Y
 m.u_conv3.u_weights._22397_/Y
 m.u_conv3.u_weights._22398_/Y
 m.u_conv3.u_weights._22399_/X
 m.u_conv3.u_weights._22400_/Y
 m.u_conv3.u_weights._22401_/X
 m.u_conv3.u_weights._22402_/Y
 m.u_conv3.u_weights._22403_/Y
 m.u_conv3.u_weights._22404_/X
 m.u_conv3.u_weights._22405_/X
 m.u_conv3.u_weights._22406_/Y
 m.u_conv3.u_weights._22407_/Y
 m.u_conv3.u_weights._22408_/Y
 m.u_conv3.u_weights._22409_/Y
 m.u_conv3.u_weights._22410_/X
 m.u_conv3.u_weights._22411_/X
 m.u_conv3.u_weights._22412_/Y
 m.u_conv3.u_weights._22413_/Y
 m.u_conv3.u_weights._22414_/X
 m.u_conv3.u_weights._22415_/X
 m.u_conv3.u_weights._22416_/Y
 m.u_conv3.u_weights._22417_/X
 m.u_conv3.u_weights._22418_/Y
 m.u_conv3.u_weights._22419_/Y
 m.u_conv3.u_weights._22420_/Y
 m.u_conv3.u_weights._22421_/Y
 m.u_conv3.u_weights._22422_/Y
 m.u_conv3.u_weights._22423_/Y
 m.u_conv3.u_weights._22424_/Y
 m.u_conv3.u_weights._22425_/X
 m.u_conv3.u_weights._22426_/Y
 m.u_conv3.u_weights._22427_/Y
 m.u_conv3.u_weights._22428_/Y
 m.u_conv3.u_weights._22429_/Y
 m.u_conv3.u_weights._22430_/Y
 m.u_conv3.u_weights._22431_/Y
 m.u_conv3.u_weights._22432_/Y
 m.u_conv3.u_weights._22433_/Y
 m.u_conv3.u_weights._22434_/Y
 m.u_conv3.u_weights._22435_/Y
 m.u_conv3.u_weights._22436_/Y
 m.u_conv3.u_weights._22437_/Y
 m.u_conv3.u_weights._22438_/Y
 m.u_conv3.u_weights._22439_/Y
 m.u_conv3.u_weights._22440_/X
 m.u_conv3.u_weights._22441_/Y
 m.u_conv3.u_weights._22442_/Y
 m.u_conv3.u_weights._22443_/Y
 m.u_conv3.u_weights._22444_/Y
 m.u_conv3.u_weights._22445_/X
 m.u_conv3.u_weights._22446_/X
 m.u_conv3.u_weights._22447_/X
 m.u_conv3.u_weights._22448_/Y
 m.u_conv3.u_weights._22449_/Y
 m.u_conv3.u_weights._22450_/Y
 m.u_conv3.u_weights._22451_/Y
 m.u_conv3.u_weights._22452_/X
 m.u_conv3.u_weights._22453_/X
 m.u_conv3.u_weights._22454_/Y
 m.u_conv3.u_weights._22455_/Y
 m.u_conv3.u_weights._22456_/X
 m.u_conv3.u_weights._22457_/Y
 m.u_conv3.u_weights._22458_/Y
 m.u_conv3.u_weights._22459_/X
 m.u_conv3.u_weights._22460_/Y
 m.u_conv3.u_weights._22461_/X
 m.u_conv3.u_weights._22462_/Y
 m.u_conv3.u_weights._22463_/Y
 m.u_conv3.u_weights._22464_/X
 m.u_conv3.u_weights._22465_/X
 m.u_conv3.u_weights._22466_/Y
 m.u_conv3.u_weights._22467_/Y
 m.u_conv3.u_weights._22468_/X
 m.u_conv3.u_weights._22469_/Y
 m.u_conv3.u_weights._22470_/Y
 m.u_conv3.u_weights._22471_/Y
 m.u_conv3.u_weights._22472_/X
 m.u_conv3.u_weights._22473_/Y
 m.u_conv3.u_weights._22474_/X
 m.u_conv3.u_weights._22475_/Y
 m.u_conv3.u_weights._22476_/Y
 m.u_conv3.u_weights._22477_/Y
 m.u_conv3.u_weights._22478_/X
 m.u_conv3.u_weights._22479_/Y
 m.u_conv3.u_weights._22480_/X
 m.u_conv3.u_weights._22481_/Y
 m.u_conv3.u_weights._22482_/Y
 m.u_conv3.u_weights._22483_/Y
 m.u_conv3.u_weights._22484_/X
 m.u_conv3.u_weights._22485_/Y
 m.u_conv3.u_weights._22486_/Y
 m.u_conv3.u_weights._22487_/Y
 m.u_conv3.u_weights._22488_/Y
 m.u_conv3.u_weights._22489_/X
 m.u_conv3.u_weights._22490_/X
 m.u_conv3.u_weights._22491_/Y
 m.u_conv3.u_weights._22492_/Y
 m.u_conv3.u_weights._22493_/Y
 m.u_conv3.u_weights._22494_/Y
 m.u_conv3.u_weights._22495_/X
 m.u_conv3.u_weights._22496_/Y
 m.u_conv3.u_weights._22497_/Y
 m.u_conv3.u_weights._22498_/X
 m.u_conv3.u_weights._22499_/Y
 m.u_conv3.u_weights._22500_/Y
 m.u_conv3.u_weights._22501_/X
 m.u_conv3.u_weights._22502_/X
 m.u_conv3.u_weights._22503_/Y
 m.u_conv3.u_weights._22504_/X
 m.u_conv3.u_weights._22505_/X
 m.u_conv3.u_weights._22506_/Y
 m.u_conv3.u_weights._22507_/Y
 m.u_conv3.u_weights._22508_/Y
 m.u_conv3.u_weights._22509_/Y
 m.u_conv3.u_weights._22510_/Y
 m.u_conv3.u_weights._22511_/Y
 m.u_conv3.u_weights._22512_/Y
 m.u_conv3.u_weights._22513_/X
 m.u_conv3.u_weights._22514_/Y
 m.u_conv3.u_weights._22515_/Y
 m.u_conv3.u_weights._22516_/X
 m.u_conv3.u_weights._22517_/Y
 m.u_conv3.u_weights._22518_/Y
 m.u_conv3.u_weights._22519_/Y
 m.u_conv3.u_weights._22520_/Y
 m.u_conv3.u_weights._22521_/Y
 m.u_conv3.u_weights._22522_/Y
 m.u_conv3.u_weights._22523_/Y
 m.u_conv3.u_weights._22524_/X
 m.u_conv3.u_weights._22525_/Y
 m.u_conv3.u_weights._22526_/Y
 m.u_conv3.u_weights._22527_/Y
 m.u_conv3.u_weights._22528_/Y
 m.u_conv3.u_weights._22529_/Y
 m.u_conv3.u_weights._22530_/Y
 m.u_conv3.u_weights._22531_/X
 m.u_conv3.u_weights._22532_/Y
 m.u_conv3.u_weights._22533_/Y
 m.u_conv3.u_weights._22534_/Y
 m.u_conv3.u_weights._22535_/Y
 m.u_conv3.u_weights._22536_/Y
 m.u_conv3.u_weights._22537_/X
 m.u_conv3.u_weights._22538_/Y
 m.u_conv3.u_weights._22539_/Y
 m.u_conv3.u_weights._22540_/Y
 m.u_conv3.u_weights._22541_/Y
 m.u_conv3.u_weights._22542_/Y
 m.u_conv3.u_weights._22543_/Y
 m.u_conv3.u_weights._22544_/X
 m.u_conv3.u_weights._22545_/Y
 m.u_conv3.u_weights._22546_/Y
 m.u_conv3.u_weights._22547_/Y
 m.u_conv3.u_weights._22548_/Y
 m.u_conv3.u_weights._22549_/Y
 m.u_conv3.u_weights._22550_/Y
 m.u_conv3.u_weights._22551_/Y
 m.u_conv3.u_weights._22552_/Y
 m.u_conv3.u_weights._22553_/Y
 m.u_conv3.u_weights._22554_/Y
 m.u_conv3.u_weights._22555_/Y
 m.u_conv3.u_weights._22556_/Y
 m.u_conv3.u_weights._22557_/Y
 m.u_conv3.u_weights._22558_/X
 m.u_conv3.u_weights._22559_/Y
 m.u_conv3.u_weights._22560_/Y
 m.u_conv3.u_weights._22561_/X
 m.u_conv3.u_weights._22562_/Y
 m.u_conv3.u_weights._22563_/Y
 m.u_conv3.u_weights._22564_/X
 m.u_conv3.u_weights._22565_/Y
 m.u_conv3.u_weights._22566_/Y
 m.u_conv3.u_weights._22567_/Y
 m.u_conv3.u_weights._22568_/Y
 m.u_conv3.u_weights._22569_/Y
 m.u_conv3.u_weights._22570_/Y
 m.u_conv3.u_weights._22571_/Y
 m.u_conv3.u_weights._22572_/X
 m.u_conv3.u_weights._22573_/Y
 m.u_conv3.u_weights._22574_/X
 m.u_conv3.u_weights._22575_/Y
 m.u_conv3.u_weights._22576_/Y
 m.u_conv3.u_weights._22577_/Y
 m.u_conv3.u_weights._22578_/Y
 m.u_conv3.u_weights._22579_/Y
 m.u_conv3.u_weights._22580_/Y
 m.u_conv3.u_weights._22581_/Y
 m.u_conv3.u_weights._22582_/Y
 m.u_conv3.u_weights._22583_/X
 m.u_conv3.u_weights._22584_/Y
 m.u_conv3.u_weights._22585_/Y
 m.u_conv3.u_weights._22586_/Y
 m.u_conv3.u_weights._22587_/Y
 m.u_conv3.u_weights._22588_/X
 m.u_conv3.u_weights._22589_/X
 m.u_conv3.u_weights._22590_/X
 m.u_conv3.u_weights._22591_/X
 m.u_conv3.u_weights._22592_/Y
 m.u_conv3.u_weights._22593_/Y
 m.u_conv3.u_weights._22594_/X
 m.u_conv3.u_weights._22595_/Y
 m.u_conv3.u_weights._22596_/Y
 m.u_conv3.u_weights._22597_/Y
 m.u_conv3.u_weights._22598_/X
 m.u_conv3.u_weights._22599_/Y
 m.u_conv3.u_weights._22600_/X
 m.u_conv3.u_weights._22601_/Y
 m.u_conv3.u_weights._22602_/Y
 m.u_conv3.u_weights._22603_/Y
 m.u_conv3.u_weights._22604_/Y
 m.u_conv3.u_weights._22605_/Y
 m.u_conv3.u_weights._22606_/Y
 m.u_conv3.u_weights._22607_/X
 m.u_conv3.u_weights._22608_/Y
 m.u_conv3.u_weights._22609_/Y
 m.u_conv3.u_weights._22610_/Y
 m.u_conv3.u_weights._22611_/Y
 m.u_conv3.u_weights._22612_/Y
 m.u_conv3.u_weights._22613_/Y
 m.u_conv3.u_weights._22614_/Y
 m.u_conv3.u_weights._22615_/X
 m.u_conv3.u_weights._22616_/Y
 m.u_conv3.u_weights._22617_/Y
 m.u_conv3.u_weights._22618_/Y
 m.u_conv3.u_weights._22619_/Y
 m.u_conv3.u_weights._22620_/Y
 m.u_conv3.u_weights._22621_/Y
 m.u_conv3.u_weights._22622_/X
 m.u_conv3.u_weights._22623_/Y
 m.u_conv3.u_weights._22624_/Y
 m.u_conv3.u_weights._22625_/Y
 m.u_conv3.u_weights._22626_/X
 m.u_conv3.u_weights._22627_/Y
 m.u_conv3.u_weights._22628_/X
 m.u_conv3.u_weights._22629_/Y
 m.u_conv3.u_weights._22630_/Y
 m.u_conv3.u_weights._22631_/X
 m.u_conv3.u_weights._22632_/Y
 m.u_conv3.u_weights._22633_/Y
 m.u_conv3.u_weights._22634_/Y
 m.u_conv3.u_weights._22635_/Y
 m.u_conv3.u_weights._22636_/Y
 m.u_conv3.u_weights._22637_/Y
 m.u_conv3.u_weights._22638_/Y
 m.u_conv3.u_weights._22639_/Y
 m.u_conv3.u_weights._22640_/Y
 m.u_conv3.u_weights._22641_/Y
 m.u_conv3.u_weights._22642_/Y
 m.u_conv3.u_weights._22643_/Y
 m.u_conv3.u_weights._22644_/Y
 m.u_conv3.u_weights._22645_/Y
 m.u_conv3.u_weights._22646_/Y
 m.u_conv3.u_weights._22647_/Y
 m.u_conv3.u_weights._22648_/Y
 m.u_conv3.u_weights._22649_/Y
 m.u_conv3.u_weights._22650_/Y
 m.u_conv3.u_weights._22651_/Y
 m.u_conv3.u_weights._22652_/X
 m.u_conv3.u_weights._22653_/Y
 m.u_conv3.u_weights._22654_/Y
 m.u_conv3.u_weights._22655_/X
 m.u_conv3.u_weights._22656_/X
 m.u_conv3.u_weights._22657_/Y
 m.u_conv3.u_weights._22658_/Y
 m.u_conv3.u_weights._22659_/Y
 m.u_conv3.u_weights._22660_/Y
 m.u_conv3.u_weights._22661_/Y
 m.u_conv3.u_weights._22662_/X
 m.u_conv3.u_weights._22663_/Y
 m.u_conv3.u_weights._22664_/X
 m.u_conv3.u_weights._22665_/Y
 m.u_conv3.u_weights._22666_/Y
 m.u_conv3.u_weights._22667_/Y
 m.u_conv3.u_weights._22668_/Y
 m.u_conv3.u_weights._22669_/Y
 m.u_conv3.u_weights._22670_/Y
 m.u_conv3.u_weights._22671_/Y
 m.u_conv3.u_weights._22672_/X
 m.u_conv3.u_weights._22673_/Y
 m.u_conv3.u_weights._22674_/X
 m.u_conv3.u_weights._22675_/X
 m.u_conv3.u_weights._22676_/Y
 m.u_conv3.u_weights._22677_/Y
 m.u_conv3.u_weights._22678_/Y
 m.u_conv3.u_weights._22679_/Y
 m.u_conv3.u_weights._22680_/Y
 m.u_conv3.u_weights._22681_/Y
 m.u_conv3.u_weights._22682_/Y
 m.u_conv3.u_weights._22683_/X
 m.u_conv3.u_weights._22684_/Y
 m.u_conv3.u_weights._22685_/Y
 m.u_conv3.u_weights._22686_/X
 m.u_conv3.u_weights._22687_/Y
 m.u_conv3.u_weights._22688_/Y
 m.u_conv3.u_weights._22689_/Y
 m.u_conv3.u_weights._22690_/X
 m.u_conv3.u_weights._22691_/Y
 m.u_conv3.u_weights._22692_/Y
 m.u_conv3.u_weights._22693_/Y
 m.u_conv3.u_weights._22694_/Y
 m.u_conv3.u_weights._22695_/Y
 m.u_conv3.u_weights._22696_/Y
 m.u_conv3.u_weights._22697_/Y
 m.u_conv3.u_weights._22698_/Y
 m.u_conv3.u_weights._22699_/Y
 m.u_conv3.u_weights._22700_/Y
 m.u_conv3.u_weights._22701_/Y
 m.u_conv3.u_weights._22702_/Y
 m.u_conv3.u_weights._22703_/Y
 m.u_conv3.u_weights._22704_/Y
 m.u_conv3.u_weights._22705_/Y
 m.u_conv3.u_weights._22706_/Y
 m.u_conv3.u_weights._22707_/X
 m.u_conv3.u_weights._22708_/Y
 m.u_conv3.u_weights._22709_/Y
 m.u_conv3.u_weights._22710_/Y
 m.u_conv3.u_weights._22711_/Y
 m.u_conv3.u_weights._22712_/Y
 m.u_conv3.u_weights._22713_/Y
 m.u_conv3.u_weights._22714_/Y
 m.u_conv3.u_weights._22715_/Y
 m.u_conv3.u_weights._22716_/Y
 m.u_conv3.u_weights._22717_/X
 m.u_conv3.u_weights._22718_/Y
 m.u_conv3.u_weights._22719_/Y
 m.u_conv3.u_weights._22720_/X
 m.u_conv3.u_weights._22721_/X
 m.u_conv3.u_weights._22722_/Y
 m.u_conv3.u_weights._22723_/Y
 m.u_conv3.u_weights._22724_/X
 m.u_conv3.u_weights._22725_/Y
 m.u_conv3.u_weights._22726_/Y
 m.u_conv3.u_weights._22727_/Y
 m.u_conv3.u_weights._22728_/X
 m.u_conv3.u_weights._22729_/Y
 m.u_conv3.u_weights._22730_/Y
 m.u_conv3.u_weights._22731_/X
 m.u_conv3.u_weights._22732_/Y
 m.u_conv3.u_weights._22733_/Y
 m.u_conv3.u_weights._22734_/Y
 m.u_conv3.u_weights._22735_/Y
 m.u_conv3.u_weights._22736_/X
 m.u_conv3.u_weights._22737_/Y
 m.u_conv3.u_weights._22738_/X
 m.u_conv3.u_weights._22739_/X
 m.u_conv3.u_weights._22740_/Y
 m.u_conv3.u_weights._22741_/Y
 m.u_conv3.u_weights._22742_/Y
 m.u_conv3.u_weights._22743_/Y
 m.u_conv3.u_weights._22744_/Y
 m.u_conv3.u_weights._22745_/Y
 m.u_conv3.u_weights._22746_/Y
 m.u_conv3.u_weights._22747_/Y
 m.u_conv3.u_weights._22748_/Y
 m.u_conv3.u_weights._22749_/Y
 m.u_conv3.u_weights._22750_/Y
 m.u_conv3.u_weights._22751_/Y
 m.u_conv3.u_weights._22752_/Y
 m.u_conv3.u_weights._22753_/Y
 m.u_conv3.u_weights._22754_/X
 m.u_conv3.u_weights._22755_/X
 m.u_conv3.u_weights._22756_/X
 m.u_conv3.u_weights._22757_/Y
 m.u_conv3.u_weights._22758_/Y
 m.u_conv3.u_weights._22759_/X
 m.u_conv3.u_weights._22760_/Y
 m.u_conv3.u_weights._22761_/Y
 m.u_conv3.u_weights._22762_/X
 m.u_conv3.u_weights._22763_/Y
 m.u_conv3.u_weights._22764_/Y
 m.u_conv3.u_weights._22765_/Y
 m.u_conv3.u_weights._22766_/Y
 m.u_conv3.u_weights._22767_/Y
 m.u_conv3.u_weights._22768_/Y
 m.u_conv3.u_weights._22769_/Y
 m.u_conv3.u_weights._22770_/Y
 m.u_conv3.u_weights._22771_/Y
 m.u_conv3.u_weights._22772_/Y
 m.u_conv3.u_weights._22773_/Y
 m.u_conv3.u_weights._22774_/X
 m.u_conv3.u_weights._22775_/Y
 m.u_conv3.u_weights._22776_/Y
 m.u_conv3.u_weights._22777_/Y
 m.u_conv3.u_weights._22778_/X
 m.u_conv3.u_weights._22779_/Y
 m.u_conv3.u_weights._22780_/X
 m.u_conv3.u_weights._22781_/Y
 m.u_conv3.u_weights._22782_/X
 m.u_conv3.u_weights._22783_/Y
 m.u_conv3.u_weights._22784_/X
 m.u_conv3.u_weights._22785_/Y
 m.u_conv3.u_weights._22786_/X
 m.u_conv3.u_weights._22787_/Y
 m.u_conv3.u_weights._22788_/Y
 m.u_conv3.u_weights._22789_/X
 m.u_conv3.u_weights._22790_/X
 m.u_conv3.u_weights._22791_/Y
 m.u_conv3.u_weights._22792_/Y
 m.u_conv3.u_weights._22793_/Y
 m.u_conv3.u_weights._22794_/Y
 m.u_conv3.u_weights._22795_/X
 m.u_conv3.u_weights._22796_/X
 m.u_conv3.u_weights._22797_/X
 m.u_conv3.u_weights._22798_/Y
 m.u_conv3.u_weights._22799_/Y
 m.u_conv3.u_weights._22800_/Y
 m.u_conv3.u_weights._22801_/Y
 m.u_conv3.u_weights._22802_/X
 m.u_conv3.u_weights._22803_/Y
 m.u_conv3.u_weights._22804_/Y
 m.u_conv3.u_weights._22805_/Y
 m.u_conv3.u_weights._22806_/Y
 m.u_conv3.u_weights._22807_/Y
 m.u_conv3.u_weights._22808_/Y
 m.u_conv3.u_weights._22809_/X
 m.u_conv3.u_weights._22810_/Y
 m.u_conv3.u_weights._22811_/Y
 m.u_conv3.u_weights._22812_/Y
 m.u_conv3.u_weights._22813_/Y
 m.u_conv3.u_weights._22814_/Y
 m.u_conv3.u_weights._22815_/Y
 m.u_conv3.u_weights._22816_/Y
 m.u_conv3.u_weights._22817_/Y
 m.u_conv3.u_weights._22818_/Y
 m.u_conv3.u_weights._22819_/Y
 m.u_conv3.u_weights._22820_/X
 m.u_conv3.u_weights._22821_/Y
 m.u_conv3.u_weights._22822_/Y
 m.u_conv3.u_weights._22823_/Y
 m.u_conv3.u_weights._22824_/Y
 m.u_conv3.u_weights._22825_/X
 m.u_conv3.u_weights._22826_/Y
 m.u_conv3.u_weights._22827_/Y
 m.u_conv3.u_weights._22828_/X
 m.u_conv3.u_weights._22829_/Y
 m.u_conv3.u_weights._22830_/Y
 m.u_conv3.u_weights._22831_/Y
 m.u_conv3.u_weights._22832_/Y
 m.u_conv3.u_weights._22833_/Y
 m.u_conv3.u_weights._22834_/Y
 m.u_conv3.u_weights._22835_/X
 m.u_conv3.u_weights._22836_/Y
 m.u_conv3.u_weights._22837_/Y
 m.u_conv3.u_weights._22838_/Y
 m.u_conv3.u_weights._22839_/Y
 m.u_conv3.u_weights._22840_/Y
 m.u_conv3.u_weights._22841_/Y
 m.u_conv3.u_weights._22842_/X
 m.u_conv3.u_weights._22843_/Y
 m.u_conv3.u_weights._22844_/Y
 m.u_conv3.u_weights._22845_/Y
 m.u_conv3.u_weights._22846_/Y
 m.u_conv3.u_weights._22847_/Y
 m.u_conv3.u_weights._22848_/Y
 m.u_conv3.u_weights._22849_/Y
 m.u_conv3.u_weights._22850_/Y
 m.u_conv3.u_weights._22851_/Y
 m.u_conv3.u_weights._22852_/Y
 m.u_conv3.u_weights._22853_/Y
 m.u_conv3.u_weights._22854_/Y
 m.u_conv3.u_weights._22855_/X
 m.u_conv3.u_weights._22856_/Y
 m.u_conv3.u_weights._22857_/Y
 m.u_conv3.u_weights._22858_/Y
 m.u_conv3.u_weights._22859_/X
 m.u_conv3.u_weights._22860_/Y
 m.u_conv3.u_weights._22861_/Y
 m.u_conv3.u_weights._22862_/Y
 m.u_conv3.u_weights._22863_/X
 m.u_conv3.u_weights._22864_/X
 m.u_conv3.u_weights._22865_/Y
 m.u_conv3.u_weights._22866_/Y
 m.u_conv3.u_weights._22867_/X
 m.u_conv3.u_weights._22868_/X
 m.u_conv3.u_weights._22869_/Y
 m.u_conv3.u_weights._22870_/Y
 m.u_conv3.u_weights._22871_/Y
 m.u_conv3.u_weights._22872_/Y
 m.u_conv3.u_weights._22873_/Y
 m.u_conv3.u_weights._22874_/Y
 m.u_conv3.u_weights._22875_/Y
 m.u_conv3.u_weights._22876_/Y
 m.u_conv3.u_weights._22877_/Y
 m.u_conv3.u_weights._22878_/Y
 m.u_conv3.u_weights._22879_/Y
 m.u_conv3.u_weights._22880_/Y
 m.u_conv3.u_weights._22881_/Y
 m.u_conv3.u_weights._22882_/Y
 m.u_conv3.u_weights._22883_/X
 m.u_conv3.u_weights._22884_/Y
 m.u_conv3.u_weights._22885_/Y
 m.u_conv3.u_weights._22886_/Y
 m.u_conv3.u_weights._22887_/Y
 m.u_conv3.u_weights._22888_/Y
 m.u_conv3.u_weights._22889_/Y
 m.u_conv3.u_weights._22890_/X
 m.u_conv3.u_weights._22891_/X
 m.u_conv3.u_weights._22892_/Y
 m.u_conv3.u_weights._22893_/Y
 m.u_conv3.u_weights._22894_/X
 m.u_conv3.u_weights._22895_/Y
 m.u_conv3.u_weights._22896_/Y
 m.u_conv3.u_weights._22897_/Y
 m.u_conv3.u_weights._22898_/Y
 m.u_conv3.u_weights._22899_/Y
 m.u_conv3.u_weights._22900_/X
 m.u_conv3.u_weights._22901_/Y
 m.u_conv3.u_weights._22902_/Y
 m.u_conv3.u_weights._22903_/X
 m.u_conv3.u_weights._22904_/Y
 m.u_conv3.u_weights._22905_/Y
 m.u_conv3.u_weights._22906_/X
 m.u_conv3.u_weights._22907_/Y
 m.u_conv3.u_weights._22908_/Y
 m.u_conv3.u_weights._22909_/Y
 m.u_conv3.u_weights._22910_/Y
 m.u_conv3.u_weights._22911_/X
 m.u_conv3.u_weights._22912_/Y
 m.u_conv3.u_weights._22913_/X
 m.u_conv3.u_weights._22914_/X
 m.u_conv3.u_weights._22915_/Y
 m.u_conv3.u_weights._22916_/X
 m.u_conv3.u_weights._22917_/Y
 m.u_conv3.u_weights._22918_/Y
 m.u_conv3.u_weights._22919_/Y
 m.u_conv3.u_weights._22920_/Y
 m.u_conv3.u_weights._22921_/Y
 m.u_conv3.u_weights._22922_/Y
 m.u_conv3.u_weights._22923_/Y
 m.u_conv3.u_weights._22924_/X
 m.u_conv3.u_weights._22925_/X
 m.u_conv3.u_weights._22926_/Y
 m.u_conv3.u_weights._22927_/Y
 m.u_conv3.u_weights._22928_/Y
 m.u_conv3.u_weights._22929_/Y
 m.u_conv3.u_weights._22930_/Y
 m.u_conv3.u_weights._22931_/Y
 m.u_conv3.u_weights._22932_/Y
 m.u_conv3.u_weights._22933_/X
 m.u_conv3.u_weights._22934_/Y
 m.u_conv3.u_weights._22935_/Y
 m.u_conv3.u_weights._22936_/Y
 m.u_conv3.u_weights._22937_/Y
 m.u_conv3.u_weights._22938_/Y
 m.u_conv3.u_weights._22939_/X
 m.u_conv3.u_weights._22940_/Y
 m.u_conv3.u_weights._22941_/Y
 m.u_conv3.u_weights._22942_/Y
 m.u_conv3.u_weights._22943_/Y
 m.u_conv3.u_weights._22944_/Y
 m.u_conv3.u_weights._22945_/X
 m.u_conv3.u_weights._22946_/Y
 m.u_conv3.u_weights._22947_/Y
 m.u_conv3.u_weights._22948_/Y
 m.u_conv3.u_weights._22949_/Y
 m.u_conv3.u_weights._22950_/Y
 m.u_conv3.u_weights._22951_/Y
 m.u_conv3.u_weights._22952_/Y
 m.u_conv3.u_weights._22953_/Y
 m.u_conv3.u_weights._22954_/Y
 m.u_conv3.u_weights._22955_/Y
 m.u_conv3.u_weights._22956_/Y
 m.u_conv3.u_weights._22957_/Y
 m.u_conv3.u_weights._22958_/Y
 m.u_conv3.u_weights._22959_/X
 m.u_conv3.u_weights._22960_/Y
 m.u_conv3.u_weights._22961_/Y
 m.u_conv3.u_weights._22962_/Y
 m.u_conv3.u_weights._22963_/X
 m.u_conv3.u_weights._22964_/Y
 m.u_conv3.u_weights._22965_/Y
 m.u_conv3.u_weights._22966_/Y
 m.u_conv3.u_weights._22967_/X
 m.u_conv3.u_weights._22968_/Y
 m.u_conv3.u_weights._22969_/X
 m.u_conv3.u_weights._22970_/Y
 m.u_conv3.u_weights._22971_/Y
 m.u_conv3.u_weights._22972_/Y
 m.u_conv3.u_weights._22973_/Y
 m.u_conv3.u_weights._22974_/Y
 m.u_conv3.u_weights._22975_/Y
 m.u_conv3.u_weights._22976_/Y
 m.u_conv3.u_weights._22977_/Y
 m.u_conv3.u_weights._22978_/X
 m.u_conv3.u_weights._22979_/Y
 m.u_conv3.u_weights._22980_/Y
 m.u_conv3.u_weights._22981_/X
 m.u_conv3.u_weights._22982_/X
 m.u_conv3.u_weights._22983_/Y
 m.u_conv3.u_weights._22984_/Y
 m.u_conv3.u_weights._22985_/Y
 m.u_conv3.u_weights._22986_/Y
 m.u_conv3.u_weights._22987_/Y
 m.u_conv3.u_weights._22988_/Y
 m.u_conv3.u_weights._22989_/X
 m.u_conv3.u_weights._22990_/Y
 m.u_conv3.u_weights._22991_/Y
 m.u_conv3.u_weights._22992_/X
 m.u_conv3.u_weights._22993_/Y
 m.u_conv3.u_weights._22994_/Y
 m.u_conv3.u_weights._22995_/Y
 m.u_conv3.u_weights._22996_/Y
 m.u_conv3.u_weights._22997_/Y
 m.u_conv3.u_weights._22998_/Y
 m.u_conv3.u_weights._22999_/Y
 m.u_conv3.u_weights._23000_/Y
 m.u_conv3.u_weights._23001_/Y
 m.u_conv3.u_weights._23002_/Y
 m.u_conv3.u_weights._23003_/Y
 m.u_conv3.u_weights._23004_/Y
 m.u_conv3.u_weights._23005_/Y
 m.u_conv3.u_weights._23006_/Y
 m.u_conv3.u_weights._23007_/X
 m.u_conv3.u_weights._23008_/X
 m.u_conv3.u_weights._23009_/Y
 m.u_conv3.u_weights._23010_/Y
 m.u_conv3.u_weights._23011_/Y
 m.u_conv3.u_weights._23012_/X
 m.u_conv3.u_weights._23013_/Y
 m.u_conv3.u_weights._23014_/Y
 m.u_conv3.u_weights._23015_/X
 m.u_conv3.u_weights._23016_/Y
 m.u_conv3.u_weights._23017_/Y
 m.u_conv3.u_weights._23018_/X
 m.u_conv3.u_weights._23019_/Y
 m.u_conv3.u_weights._23020_/Y
 m.u_conv3.u_weights._23021_/Y
 m.u_conv3.u_weights._23022_/X
 m.u_conv3.u_weights._23023_/Y
 m.u_conv3.u_weights._23024_/Y
 m.u_conv3.u_weights._23025_/Y
 m.u_conv3.u_weights._23026_/X
 m.u_conv3.u_weights._23027_/X
 m.u_conv3.u_weights._23028_/Y
 m.u_conv3.u_weights._23029_/Y
 m.u_conv3.u_weights._23030_/Y
 m.u_conv3.u_weights._23031_/Y
 m.u_conv3.u_weights._23032_/Y
 m.u_conv3.u_weights._23033_/Y
 m.u_conv3.u_weights._23034_/X
 m.u_conv3.u_weights._23035_/X
 m.u_conv3.u_weights._23036_/Y
 m.u_conv3.u_weights._23037_/Y
 m.u_conv3.u_weights._23038_/X
 m.u_conv3.u_weights._23039_/Y
 m.u_conv3.u_weights._23040_/Y
 m.u_conv3.u_weights._23041_/Y
 m.u_conv3.u_weights._23042_/Y
 m.u_conv3.u_weights._23043_/Y
 m.u_conv3.u_weights._23044_/Y
 m.u_conv3.u_weights._23045_/Y
 m.u_conv3.u_weights._23046_/Y
 m.u_conv3.u_weights._23047_/Y
 m.u_conv3.u_weights._23048_/Y
 m.u_conv3.u_weights._23049_/X
 m.u_conv3.u_weights._23050_/Y
 m.u_conv3.u_weights._23051_/Y
 m.u_conv3.u_weights._23052_/Y
 m.u_conv3.u_weights._23053_/Y
 m.u_conv3.u_weights._23054_/Y
 m.u_conv3.u_weights._23055_/Y
 m.u_conv3.u_weights._23056_/X
 m.u_conv3.u_weights._23057_/Y
 m.u_conv3.u_weights._23058_/Y
 m.u_conv3.u_weights._23059_/Y
 m.u_conv3.u_weights._23060_/Y
 m.u_conv3.u_weights._23061_/X
 m.u_conv3.u_weights._23062_/Y
 m.u_conv3.u_weights._23063_/X
 m.u_conv3.u_weights._23064_/Y
 m.u_conv3.u_weights._23065_/X
 m.u_conv3.u_weights._23066_/Y
 m.u_conv3.u_weights._23067_/Y
 m.u_conv3.u_weights._23068_/Y
 m.u_conv3.u_weights._23069_/X
 m.u_conv3.u_weights._23070_/Y
 m.u_conv3.u_weights._23071_/Y
 m.u_conv3.u_weights._23072_/Y
 m.u_conv3.u_weights._23073_/Y
 m.u_conv3.u_weights._23074_/Y
 m.u_conv3.u_weights._23075_/Y
 m.u_conv3.u_weights._23076_/Y
 m.u_conv3.u_weights._23077_/Y
 m.u_conv3.u_weights._23078_/Y
 m.u_conv3.u_weights._23079_/Y
 m.u_conv3.u_weights._23080_/X
 m.u_conv3.u_weights._23081_/X
 m.u_conv3.u_weights._23082_/Y
 m.u_conv3.u_weights._23083_/Y
 m.u_conv3.u_weights._23084_/Y
 m.u_conv3.u_weights._23085_/Y
 m.u_conv3.u_weights._23086_/Y
 m.u_conv3.u_weights._23087_/Y
 m.u_conv3.u_weights._23088_/Y
 m.u_conv3.u_weights._23089_/Y
 m.u_conv3.u_weights._23090_/Y
 m.u_conv3.u_weights._23091_/X
 m.u_conv3.u_weights._23092_/X
 m.u_conv3.u_weights._23093_/Y
 m.u_conv3.u_weights._23094_/Y
 m.u_conv3.u_weights._23095_/Y
 m.u_conv3.u_weights._23096_/Y
 m.u_conv3.u_weights._23097_/X
 m.u_conv3.u_weights._23098_/Y
 m.u_conv3.u_weights._23099_/Y
 m.u_conv3.u_weights._23100_/Y
 m.u_conv3.u_weights._23101_/Y
 m.u_conv3.u_weights._23102_/Y
 m.u_conv3.u_weights._23103_/Y
 m.u_conv3.u_weights._23104_/Y
 m.u_conv3.u_weights._23105_/X
 m.u_conv3.u_weights._23106_/X
 m.u_conv3.u_weights._23107_/Y
 m.u_conv3.u_weights._23108_/Y
 m.u_conv3.u_weights._23109_/Y
 m.u_conv3.u_weights._23110_/X
 m.u_conv3.u_weights._23111_/Y
 m.u_conv3.u_weights._23112_/Y
 m.u_conv3.u_weights._23113_/Y
 m.u_conv3.u_weights._23114_/Y
 m.u_conv3.u_weights._23115_/Y
 m.u_conv3.u_weights._23116_/Y
 m.u_conv3.u_weights._23117_/X
 m.u_conv3.u_weights._23118_/Y
 m.u_conv3.u_weights._23119_/X
 m.u_conv3.u_weights._23120_/Y
 m.u_conv3.u_weights._23121_/X
 m.u_conv3.u_weights._23122_/X
 m.u_conv3.u_weights._23123_/Y
 m.u_conv3.u_weights._23124_/X
 m.u_conv3.u_weights._23125_/X
 m.u_conv3.u_weights._23126_/Y
 m.u_conv3.u_weights._23127_/X
 m.u_conv3.u_weights._23128_/Y
 m.u_conv3.u_weights._23129_/Y
 m.u_conv3.u_weights._23130_/Y
 m.u_conv3.u_weights._23131_/X
 m.u_conv3.u_weights._23132_/Y
 m.u_conv3.u_weights._23133_/X
 m.u_conv3.u_weights._23134_/Y
 m.u_conv3.u_weights._23135_/X
 m.u_conv3.u_weights._23136_/Y
 m.u_conv3.u_weights._23137_/Y
 m.u_conv3.u_weights._23138_/Y
 m.u_conv3.u_weights._23139_/X
 m.u_conv3.u_weights._23140_/Y
 m.u_conv3.u_weights._23141_/Y
 m.u_conv3.u_weights._23142_/Y
 m.u_conv3.u_weights._23143_/Y
 m.u_conv3.u_weights._23144_/X
 m.u_conv3.u_weights._23145_/Y
 m.u_conv3.u_weights._23146_/X
 m.u_conv3.u_weights._23147_/Y
 m.u_conv3.u_weights._23148_/Y
 m.u_conv3.u_weights._23149_/Y
 m.u_conv3.u_weights._23150_/Y
 m.u_conv3.u_weights._23151_/Y
 m.u_conv3.u_weights._23152_/Y
 m.u_conv3.u_weights._23153_/X
 m.u_conv3.u_weights._23154_/Y
 m.u_conv3.u_weights._23155_/Y
 m.u_conv3.u_weights._23156_/Y
 m.u_conv3.u_weights._23157_/Y
 m.u_conv3.u_weights._23158_/Y
 m.u_conv3.u_weights._23159_/Y
 m.u_conv3.u_weights._23160_/Y
 m.u_conv3.u_weights._23161_/Y
 m.u_conv3.u_weights._23162_/Y
 m.u_conv3.u_weights._23163_/Y
 m.u_conv3.u_weights._23164_/Y
 m.u_conv3.u_weights._23165_/Y
 m.u_conv3.u_weights._23166_/Y
 m.u_conv3.u_weights._23167_/Y
 m.u_conv3.u_weights._23168_/X
 m.u_conv3.u_weights._23169_/X
 m.u_conv3.u_weights._23170_/Y
 m.u_conv3.u_weights._23171_/Y
 m.u_conv3.u_weights._23172_/Y
 m.u_conv3.u_weights._23173_/X
 m.u_conv3.u_weights._23174_/Y
 m.u_conv3.u_weights._23175_/Y
 m.u_conv3.u_weights._23176_/Y
 m.u_conv3.u_weights._23177_/Y
 m.u_conv3.u_weights._23178_/Y
 m.u_conv3.u_weights._23179_/Y
 m.u_conv3.u_weights._23180_/Y
 m.u_conv3.u_weights._23181_/X
 m.u_conv3.u_weights._23182_/Y
 m.u_conv3.u_weights._23183_/Y
 m.u_conv3.u_weights._23184_/X
 m.u_conv3.u_weights._23185_/Y
 m.u_conv3.u_weights._23186_/Y
 m.u_conv3.u_weights._23187_/Y
 m.u_conv3.u_weights._23188_/X
 m.u_conv3.u_weights._23189_/Y
 m.u_conv3.u_weights._23190_/Y
 m.u_conv3.u_weights._23191_/X
 m.u_conv3.u_weights._23192_/Y
 m.u_conv3.u_weights._23193_/Y
 m.u_conv3.u_weights._23194_/Y
 m.u_conv3.u_weights._23195_/X
 m.u_conv3.u_weights._23196_/Y
 m.u_conv3.u_weights._23197_/Y
 m.u_conv3.u_weights._23198_/X
 m.u_conv3.u_weights._23199_/Y
 m.u_conv3.u_weights._23200_/Y
 m.u_conv3.u_weights._23201_/Y
 m.u_conv3.u_weights._23202_/Y
 m.u_conv3.u_weights._23203_/Y
 m.u_conv3.u_weights._23204_/Y
 m.u_conv3.u_weights._23205_/Y
 m.u_conv3.u_weights._23206_/Y
 m.u_conv3.u_weights._23207_/Y
 m.u_conv3.u_weights._23208_/Y
 m.u_conv3.u_weights._23209_/X
 m.u_conv3.u_weights._23210_/Y
 m.u_conv3.u_weights._23211_/X
 m.u_conv3.u_weights._23212_/Y
 m.u_conv3.u_weights._23213_/Y
 m.u_conv3.u_weights._23214_/Y
 m.u_conv3.u_weights._23215_/Y
 m.u_conv3.u_weights._23216_/Y
 m.u_conv3.u_weights._23217_/Y
 m.u_conv3.u_weights._23218_/Y
 m.u_conv3.u_weights._23219_/Y
 m.u_conv3.u_weights._23220_/X
 m.u_conv3.u_weights._23221_/X
 m.u_conv3.u_weights._23222_/Y
 m.u_conv3.u_weights._23223_/X
 m.u_conv3.u_weights._23224_/Y
 m.u_conv3.u_weights._23225_/Y
 m.u_conv3.u_weights._23226_/X
 m.u_conv3.u_weights._23227_/Y
 m.u_conv3.u_weights._23228_/Y
 m.u_conv3.u_weights._23229_/Y
 m.u_conv3.u_weights._23230_/X
 m.u_conv3.u_weights._23231_/X
 m.u_conv3.u_weights._23232_/X
 m.u_conv3.u_weights._23233_/X
 m.u_conv3.u_weights._23234_/Y
 m.u_conv3.u_weights._23235_/Y
 m.u_conv3.u_weights._23236_/Y
 m.u_conv3.u_weights._23237_/Y
 m.u_conv3.u_weights._23238_/Y
 m.u_conv3.u_weights._23239_/Y
 m.u_conv3.u_weights._23240_/Y
 m.u_conv3.u_weights._23241_/X
 m.u_conv3.u_weights._23242_/Y
 m.u_conv3.u_weights._23243_/Y
 m.u_conv3.u_weights._23244_/Y
 m.u_conv3.u_weights._23245_/Y
 m.u_conv3.u_weights._23246_/X
 m.u_conv3.u_weights._23247_/Y
 m.u_conv3.u_weights._23248_/Y
 m.u_conv3.u_weights._23249_/Y
 m.u_conv3.u_weights._23250_/X
 m.u_conv3.u_weights._23251_/Y
 m.u_conv3.u_weights._23252_/Y
 m.u_conv3.u_weights._23253_/Y
 m.u_conv3.u_weights._23254_/Y
 m.u_conv3.u_weights._23255_/Y
 m.u_conv3.u_weights._23256_/Y
 m.u_conv3.u_weights._23257_/X
 m.u_conv3.u_weights._23258_/Y
 m.u_conv3.u_weights._23259_/Y
 m.u_conv3.u_weights._23260_/Y
 m.u_conv3.u_weights._23261_/Y
 m.u_conv3.u_weights._23262_/X
 m.u_conv3.u_weights._23263_/X
 m.u_conv3.u_weights._23264_/Y
 m.u_conv3.u_weights._23265_/Y
 m.u_conv3.u_weights._23266_/Y
 m.u_conv3.u_weights._23267_/X
 m.u_conv3.u_weights._23268_/Y
 m.u_conv3.u_weights._23269_/Y
 m.u_conv3.u_weights._23270_/Y
 m.u_conv3.u_weights._23271_/Y
 m.u_conv3.u_weights._23272_/Y
 m.u_conv3.u_weights._23273_/Y
 m.u_conv3.u_weights._23274_/Y
 m.u_conv3.u_weights._23275_/Y
 m.u_conv3.u_weights._23276_/Y
 m.u_conv3.u_weights._23277_/Y
 m.u_conv3.u_weights._23278_/Y
 m.u_conv3.u_weights._23279_/Y
 m.u_conv3.u_weights._23280_/Y
 m.u_conv3.u_weights._23281_/Y
 m.u_conv3.u_weights._23282_/Y
 m.u_conv3.u_weights._23283_/Y
 m.u_conv3.u_weights._23284_/X
 m.u_conv3.u_weights._23285_/Y
 m.u_conv3.u_weights._23286_/Y
 m.u_conv3.u_weights._23287_/X
 m.u_conv3.u_weights._23288_/Y
 m.u_conv3.u_weights._23289_/X
 m.u_conv3.u_weights._23290_/X
 m.u_conv3.u_weights._23291_/Y
 m.u_conv3.u_weights._23292_/X
 m.u_conv3.u_weights._23293_/Y
 m.u_conv3.u_weights._23294_/Y
 m.u_conv3.u_weights._23295_/Y
 m.u_conv3.u_weights._23296_/Y
 m.u_conv3.u_weights._23297_/Y
 m.u_conv3.u_weights._23298_/X
 m.u_conv3.u_weights._23299_/Y
 m.u_conv3.u_weights._23300_/X
 m.u_conv3.u_weights._23301_/Y
 m.u_conv3.u_weights._23302_/Y
 m.u_conv3.u_weights._23303_/Y
 m.u_conv3.u_weights._23304_/Y
 m.u_conv3.u_weights._23305_/Y
 m.u_conv3.u_weights._23306_/Y
 m.u_conv3.u_weights._23307_/X
 m.u_conv3.u_weights._23308_/Y
 m.u_conv3.u_weights._23309_/Y
 m.u_conv3.u_weights._23310_/Y
 m.u_conv3.u_weights._23311_/Y
 m.u_conv3.u_weights._23312_/Y
 m.u_conv3.u_weights._23313_/Y
 m.u_conv3.u_weights._23314_/Y
 m.u_conv3.u_weights._23315_/Y
 m.u_conv3.u_weights._23316_/Y
 m.u_conv3.u_weights._23317_/Y
 m.u_conv3.u_weights._23318_/Y
 m.u_conv3.u_weights._23319_/Y
 m.u_conv3.u_weights._23320_/X
 m.u_conv3.u_weights._23321_/X
 m.u_conv3.u_weights._23322_/Y
 m.u_conv3.u_weights._23323_/X
 m.u_conv3.u_weights._23324_/Y
 m.u_conv3.u_weights._23325_/Y
 m.u_conv3.u_weights._23326_/Y
 m.u_conv3.u_weights._23327_/Y
 m.u_conv3.u_weights._23328_/Y
 m.u_conv3.u_weights._23329_/Y
 m.u_conv3.u_weights._23330_/Y
 m.u_conv3.u_weights._23331_/Y
 m.u_conv3.u_weights._23332_/Y
 m.u_conv3.u_weights._23333_/X
 m.u_conv3.u_weights._23334_/Y
 m.u_conv3.u_weights._23335_/Y
 m.u_conv3.u_weights._23336_/Y
 m.u_conv3.u_weights._23337_/X
 m.u_conv3.u_weights._23338_/X
 m.u_conv3.u_weights._23339_/Y
 m.u_conv3.u_weights._23340_/Y
 m.u_conv3.u_weights._23341_/Y
 m.u_conv3.u_weights._23342_/X
 m.u_conv3.u_weights._23343_/X
 m.u_conv3.u_weights._23344_/Y
 m.u_conv3.u_weights._23345_/Y
 m.u_conv3.u_weights._23346_/X
 m.u_conv3.u_weights._23347_/X
 m.u_conv3.u_weights._23348_/Y
 m.u_conv3.u_weights._23349_/Y
 m.u_conv3.u_weights._23350_/Y
 m.u_conv3.u_weights._23351_/Y
 m.u_conv3.u_weights._23352_/X
 m.u_conv3.u_weights._23353_/Y
 m.u_conv3.u_weights._23354_/Y
 m.u_conv3.u_weights._23355_/Y
 m.u_conv3.u_weights._23356_/Y
 m.u_conv3.u_weights._23357_/Y
 m.u_conv3.u_weights._23358_/Y
 m.u_conv3.u_weights._23359_/X
 m.u_conv3.u_weights._23360_/Y
 m.u_conv3.u_weights._23361_/Y
 m.u_conv3.u_weights._23362_/Y
 m.u_conv3.u_weights._23363_/Y
 m.u_conv3.u_weights._23364_/X
 m.u_conv3.u_weights._23365_/Y
 m.u_conv3.u_weights._23366_/Y
 m.u_conv3.u_weights._23367_/X
 m.u_conv3.u_weights._23368_/Y
 m.u_conv3.u_weights._23369_/X
 m.u_conv3.u_weights._23370_/Y
 m.u_conv3.u_weights._23371_/Y
 m.u_conv3.u_weights._23372_/Y
 m.u_conv3.u_weights._23373_/X
 m.u_conv3.u_weights._23374_/X
 m.u_conv3.u_weights._23375_/Y
 m.u_conv3.u_weights._23376_/X
 m.u_conv3.u_weights._23377_/Y
 m.u_conv3.u_weights._23378_/X
 m.u_conv3.u_weights._23379_/Y
 m.u_conv3.u_weights._23380_/X
 m.u_conv3.u_weights._23381_/Y
 m.u_conv3.u_weights._23382_/X
 m.u_conv3.u_weights._23383_/Y
 m.u_conv3.u_weights._23384_/Y
 m.u_conv3.u_weights._23385_/Y
 m.u_conv3.u_weights._23386_/X
 m.u_conv3.u_weights._23387_/Y
 m.u_conv3.u_weights._23388_/Y
 m.u_conv3.u_weights._23389_/Y
 m.u_conv3.u_weights._23390_/Y
 m.u_conv3.u_weights._23391_/Y
 m.u_conv3.u_weights._23392_/X
 m.u_conv3.u_weights._23393_/X
 m.u_conv3.u_weights._23394_/X
 m.u_conv3.u_weights._23395_/Y
 m.u_conv3.u_weights._23396_/Y
 m.u_conv3.u_weights._23397_/Y
 m.u_conv3.u_weights._23398_/Y
 m.u_conv3.u_weights._23399_/Y
 m.u_conv3.u_weights._23400_/Y
 m.u_conv3.u_weights._23401_/Y
 m.u_conv3.u_weights._23402_/Y
 m.u_conv3.u_weights._23403_/Y
 m.u_conv3.u_weights._23404_/Y
 m.u_conv3.u_weights._23405_/Y
 m.u_conv3.u_weights._23406_/Y
 m.u_conv3.u_weights._23407_/Y
 m.u_conv3.u_weights._23408_/Y
 m.u_conv3.u_weights._23409_/Y
 m.u_conv3.u_weights._23410_/X
 m.u_conv3.u_weights._23411_/Y
 m.u_conv3.u_weights._23412_/Y
 m.u_conv3.u_weights._23413_/Y
 m.u_conv3.u_weights._23414_/Y
 m.u_conv3.u_weights._23415_/Y
 m.u_conv3.u_weights._23416_/Y
 m.u_conv3.u_weights._23417_/Y
 m.u_conv3.u_weights._23418_/Y
 m.u_conv3.u_weights._23419_/Y
 m.u_conv3.u_weights._23420_/Y
 m.u_conv3.u_weights._23421_/Y
 m.u_conv3.u_weights._23422_/X
 m.u_conv3.u_weights._23423_/Y
 m.u_conv3.u_weights._23424_/Y
 m.u_conv3.u_weights._23425_/X
 m.u_conv3.u_weights._23426_/Y
 m.u_conv3.u_weights._23427_/X
 m.u_conv3.u_weights._23428_/Y
 m.u_conv3.u_weights._23429_/Y
 m.u_conv3.u_weights._23430_/X
 m.u_conv3.u_weights._23431_/Y
 m.u_conv3.u_weights._23432_/Y
 m.u_conv3.u_weights._23433_/Y
 m.u_conv3.u_weights._23434_/X
 m.u_conv3.u_weights._23435_/Y
 m.u_conv3.u_weights._23436_/X
 m.u_conv3.u_weights._23437_/Y
 m.u_conv3.u_weights._23438_/Y
 m.u_conv3.u_weights._23439_/Y
 m.u_conv3.u_weights._23440_/Y
 m.u_conv3.u_weights._23441_/Y
 m.u_conv3.u_weights._23442_/Y
 m.u_conv3.u_weights._23443_/Y
 m.u_conv3.u_weights._23444_/Y
 m.u_conv3.u_weights._23445_/Y
 m.u_conv3.u_weights._23446_/Y
 m.u_conv3.u_weights._23447_/Y
 m.u_conv3.u_weights._23448_/Y
 m.u_conv3.u_weights._23449_/Y
 m.u_conv3.u_weights._23450_/X
 m.u_conv3.u_weights._23451_/Y
 m.u_conv3.u_weights._23452_/Y
 m.u_conv3.u_weights._23453_/X
 m.u_conv3.u_weights._23454_/Y
 m.u_conv3.u_weights._23455_/Y
 m.u_conv3.u_weights._23456_/Y
 m.u_conv3.u_weights._23457_/Y
 m.u_conv3.u_weights._23458_/Y
 m.u_conv3.u_weights._23459_/X
 m.u_conv3.u_weights._23460_/Y
 m.u_conv3.u_weights._23461_/Y
 m.u_conv3.u_weights._23462_/X
 m.u_conv3.u_weights._23463_/X
 m.u_conv3.u_weights._23464_/Y
 m.u_conv3.u_weights._23465_/Y
 m.u_conv3.u_weights._23466_/Y
 m.u_conv3.u_weights._23467_/Y
 m.u_conv3.u_weights._23468_/X
 m.u_conv3.u_weights._23469_/Y
 m.u_conv3.u_weights._23470_/Y
 m.u_conv3.u_weights._23471_/Y
 m.u_conv3.u_weights._23472_/Y
 m.u_conv3.u_weights._23473_/Y
 m.u_conv3.u_weights._23474_/Y
 m.u_conv3.u_weights._23475_/Y
 m.u_conv3.u_weights._23476_/Y
 m.u_conv3.u_weights._23477_/X
 m.u_conv3.u_weights._23478_/X
 m.u_conv3.u_weights._23479_/X
 m.u_conv3.u_weights._23480_/Y
 m.u_conv3.u_weights._23481_/Y
 m.u_conv3.u_weights._23482_/X
 m.u_conv3.u_weights._23483_/Y
 m.u_conv3.u_weights._23484_/X
 m.u_conv3.u_weights._23485_/Y
 m.u_conv3.u_weights._23486_/Y
 m.u_conv3.u_weights._23487_/Y
 m.u_conv3.u_weights._23488_/X
 m.u_conv3.u_weights._23489_/Y
 m.u_conv3.u_weights._23490_/Y
 m.u_conv3.u_weights._23491_/Y
 m.u_conv3.u_weights._23492_/Y
 m.u_conv3.u_weights._23493_/Y
 m.u_conv3.u_weights._23494_/Y
 m.u_conv3.u_weights._23495_/Y
 m.u_conv3.u_weights._23496_/Y
 m.u_conv3.u_weights._23497_/X
 m.u_conv3.u_weights._23498_/X
 m.u_conv3.u_weights._23499_/Y
 m.u_conv3.u_weights._23500_/Y
 m.u_conv3.u_weights._23501_/Y
 m.u_conv3.u_weights._23502_/Y
 m.u_conv3.u_weights._23503_/Y
 m.u_conv3.u_weights._23504_/Y
 m.u_conv3.u_weights._23505_/X
 m.u_conv3.u_weights._23506_/Y
 m.u_conv3.u_weights._23507_/Y
 m.u_conv3.u_weights._23508_/X
 m.u_conv3.u_weights._23509_/Y
 m.u_conv3.u_weights._23510_/Y
 m.u_conv3.u_weights._23511_/Y
 m.u_conv3.u_weights._23512_/Y
 m.u_conv3.u_weights._23513_/Y
 m.u_conv3.u_weights._23514_/Y
 m.u_conv3.u_weights._23515_/Y
 m.u_conv3.u_weights._23516_/X
 m.u_conv3.u_weights._23517_/Y
 m.u_conv3.u_weights._23518_/Y
 m.u_conv3.u_weights._23519_/X
 m.u_conv3.u_weights._23520_/Y
 m.u_conv3.u_weights._23521_/Y
 m.u_conv3.u_weights._23522_/X
 m.u_conv3.u_weights._23523_/Y
 m.u_conv3.u_weights._23524_/Y
 m.u_conv3.u_weights._23525_/Y
 m.u_conv3.u_weights._23526_/X
 m.u_conv3.u_weights._23527_/Y
 m.u_conv3.u_weights._23528_/X
 m.u_conv3.u_weights._23529_/Y
 m.u_conv3.u_weights._23530_/Y
 m.u_conv3.u_weights._23531_/X
 m.u_conv3.u_weights._23532_/Y
 m.u_conv3.u_weights._23533_/X
 m.u_conv3.u_weights._23534_/Y
 m.u_conv3.u_weights._23535_/X
 m.u_conv3.u_weights._23536_/X
 m.u_conv3.u_weights._23537_/Y
 m.u_conv3.u_weights._23538_/Y
 m.u_conv3.u_weights._23539_/Y
 m.u_conv3.u_weights._23540_/Y
 m.u_conv3.u_weights._23541_/Y
 m.u_conv3.u_weights._23542_/Y
 m.u_conv3.u_weights._23543_/Y
 m.u_conv3.u_weights._23544_/Y
 m.u_conv3.u_weights._23545_/X
 m.u_conv3.u_weights._23546_/Y
 m.u_conv3.u_weights._23547_/Y
 m.u_conv3.u_weights._23548_/X
 m.u_conv3.u_weights._23549_/Y
 m.u_conv3.u_weights._23550_/Y
 m.u_conv3.u_weights._23551_/Y
 m.u_conv3.u_weights._23552_/Y
 m.u_conv3.u_weights._23553_/Y
 m.u_conv3.u_weights._23554_/Y
 m.u_conv3.u_weights._23555_/Y
 m.u_conv3.u_weights._23556_/Y
 m.u_conv3.u_weights._23557_/Y
 m.u_conv3.u_weights._23558_/Y
 m.u_conv3.u_weights._23559_/Y
 m.u_conv3.u_weights._23560_/Y
 m.u_conv3.u_weights._23561_/Y
 m.u_conv3.u_weights._23562_/Y
 m.u_conv3.u_weights._23563_/Y
 m.u_conv3.u_weights._23564_/Y
 m.u_conv3.u_weights._23565_/Y
 m.u_conv3.u_weights._23566_/Y
 m.u_conv3.u_weights._23567_/Y
 m.u_conv3.u_weights._23568_/Y
 m.u_conv3.u_weights._23569_/Y
 m.u_conv3.u_weights._23570_/Y
 m.u_conv3.u_weights._23571_/X
 m.u_conv3.u_weights._23572_/Y
 m.u_conv3.u_weights._23573_/Y
 m.u_conv3.u_weights._23574_/Y
 m.u_conv3.u_weights._23575_/Y
 m.u_conv3.u_weights._23576_/Y
 m.u_conv3.u_weights._23577_/X
 m.u_conv3.u_weights._23578_/Y
 m.u_conv3.u_weights._23579_/X
 m.u_conv3.u_weights._23580_/X
 m.u_conv3.u_weights._23581_/X
 m.u_conv3.u_weights._23582_/Y
 m.u_conv3.u_weights._23583_/Y
 m.u_conv3.u_weights._23584_/X
 m.u_conv3.u_weights._23585_/Y
 m.u_conv3.u_weights._23586_/Y
 m.u_conv3.u_weights._23587_/X
 m.u_conv3.u_weights._23588_/Y
 m.u_conv3.u_weights._23589_/Y
 m.u_conv3.u_weights._23590_/Y
 m.u_conv3.u_weights._23591_/Y
 m.u_conv3.u_weights._23592_/Y
 m.u_conv3.u_weights._23593_/X
 m.u_conv3.u_weights._23594_/X
 m.u_conv3.u_weights._23595_/Y
 m.u_conv3.u_weights._23596_/Y
 m.u_conv3.u_weights._23597_/X
 m.u_conv3.u_weights._23598_/Y
 m.u_conv3.u_weights._23599_/Y
 m.u_conv3.u_weights._23600_/Y
 m.u_conv3.u_weights._23601_/Y
 m.u_conv3.u_weights._23602_/Y
 m.u_conv3.u_weights._23603_/X
 m.u_conv3.u_weights._23604_/Y
 m.u_conv3.u_weights._23605_/X
 m.u_conv3.u_weights._23606_/Y
 m.u_conv3.u_weights._23607_/Y
 m.u_conv3.u_weights._23608_/Y
 m.u_conv3.u_weights._23609_/Y
 m.u_conv3.u_weights._23610_/Y
 m.u_conv3.u_weights._23611_/Y
 m.u_conv3.u_weights._23612_/X
 m.u_conv3.u_weights._23613_/Y
 m.u_conv3.u_weights._23614_/X
 m.u_conv3.u_weights._23615_/Y
 m.u_conv3.u_weights._23616_/Y
 m.u_conv3.u_weights._23617_/Y
 m.u_conv3.u_weights._23618_/Y
 m.u_conv3.u_weights._23619_/X
 m.u_conv3.u_weights._23620_/Y
 m.u_conv3.u_weights._23621_/Y
 m.u_conv3.u_weights._23622_/Y
 m.u_conv3.u_weights._23623_/Y
 m.u_conv3.u_weights._23624_/X
 m.u_conv3.u_weights._23625_/X
 m.u_conv3.u_weights._23626_/Y
 m.u_conv3.u_weights._23627_/Y
 m.u_conv3.u_weights._23628_/Y
 m.u_conv3.u_weights._23629_/X
 m.u_conv3.u_weights._23630_/Y
 m.u_conv3.u_weights._23631_/Y
 m.u_conv3.u_weights._23632_/Y
 m.u_conv3.u_weights._23633_/X
 m.u_conv3.u_weights._23634_/Y
 m.u_conv3.u_weights._23635_/Y
 m.u_conv3.u_weights._23636_/X
 m.u_conv3.u_weights._23637_/Y
 m.u_conv3.u_weights._23638_/Y
 m.u_conv3.u_weights._23639_/Y
 m.u_conv3.u_weights._23640_/X
 m.u_conv3.u_weights._23641_/Y
 m.u_conv3.u_weights._23642_/Y
 m.u_conv3.u_weights._23643_/Y
 m.u_conv3.u_weights._23644_/Y
 m.u_conv3.u_weights._23645_/Y
 m.u_conv3.u_weights._23646_/Y
 m.u_conv3.u_weights._23647_/X
 m.u_conv3.u_weights._23648_/Y
 m.u_conv3.u_weights._23649_/Y
 m.u_conv3.u_weights._23650_/Y
 m.u_conv3.u_weights._23651_/Y
 m.u_conv3.u_weights._23652_/Y
 m.u_conv3.u_weights._23653_/Y
 m.u_conv3.u_weights._23654_/X
 m.u_conv3.u_weights._23655_/Y
 m.u_conv3.u_weights._23656_/Y
 m.u_conv3.u_weights._23657_/Y
 m.u_conv3.u_weights._23658_/Y
 m.u_conv3.u_weights._23659_/X
 m.u_conv3.u_weights._23660_/Y
 m.u_conv3.u_weights._23661_/Y
 m.u_conv3.u_weights._23662_/Y
 m.u_conv3.u_weights._23663_/X
 m.u_conv3.u_weights._23664_/Y
 m.u_conv3.u_weights._23665_/Y
 m.u_conv3.u_weights._23666_/Y
 m.u_conv3.u_weights._23667_/Y
 m.u_conv3.u_weights._23668_/Y
 m.u_conv3.u_weights._23669_/Y
 m.u_conv3.u_weights._23670_/Y
 m.u_conv3.u_weights._23671_/Y
 m.u_conv3.u_weights._23672_/X
 m.u_conv3.u_weights._23673_/Y
 m.u_conv3.u_weights._23674_/Y
 m.u_conv3.u_weights._23675_/Y
 m.u_conv3.u_weights._23676_/X
 m.u_conv3.u_weights._23677_/Y
 m.u_conv3.u_weights._23678_/Y
 m.u_conv3.u_weights._23679_/X
 m.u_conv3.u_weights._23680_/Y
 m.u_conv3.u_weights._23681_/Y
 m.u_conv3.u_weights._23682_/X
 m.u_conv3.u_weights._23683_/X
 m.u_conv3.u_weights._23684_/Y
 m.u_conv3.u_weights._23685_/X
 m.u_conv3.u_weights._23686_/Y
 m.u_conv3.u_weights._23687_/Y
 m.u_conv3.u_weights._23688_/X
 m.u_conv3.u_weights._23689_/Y
 m.u_conv3.u_weights._23690_/Y
 m.u_conv3.u_weights._23691_/Y
 m.u_conv3.u_weights._23692_/Y
 m.u_conv3.u_weights._23693_/Y
 m.u_conv3.u_weights._23694_/Y
 m.u_conv3.u_weights._23695_/Y
 m.u_conv3.u_weights._23696_/Y
 m.u_conv3.u_weights._23697_/Y
 m.u_conv3.u_weights._23698_/X
 m.u_conv3.u_weights._23699_/Y
 m.u_conv3.u_weights._23700_/X
 m.u_conv3.u_weights._23701_/X
 m.u_conv3.u_weights._23702_/Y
 m.u_conv3.u_weights._23703_/Y
 m.u_conv3.u_weights._23704_/Y
 m.u_conv3.u_weights._23705_/Y
 m.u_conv3.u_weights._23706_/Y
 m.u_conv3.u_weights._23707_/Y
 m.u_conv3.u_weights._23708_/X
 m.u_conv3.u_weights._23709_/Y
 m.u_conv3.u_weights._23710_/Y
 m.u_conv3.u_weights._23711_/X
 m.u_conv3.u_weights._23712_/Y
 m.u_conv3.u_weights._23713_/Y
 m.u_conv3.u_weights._23714_/Y
 m.u_conv3.u_weights._23715_/X
 m.u_conv3.u_weights._23716_/Y
 m.u_conv3.u_weights._23717_/X
 m.u_conv3.u_weights._23718_/Y
 m.u_conv3.u_weights._23719_/Y
 m.u_conv3.u_weights._23720_/X
 m.u_conv3.u_weights._23721_/X
 m.u_conv3.u_weights._23722_/X
 m.u_conv3.u_weights._23723_/Y
 m.u_conv3.u_weights._23724_/Y
 m.u_conv3.u_weights._23725_/Y
 m.u_conv3.u_weights._23726_/Y
 m.u_conv3.u_weights._23727_/X
 m.u_conv3.u_weights._23728_/Y
 m.u_conv3.u_weights._23729_/Y
 m.u_conv3.u_weights._23730_/Y
 m.u_conv3.u_weights._23731_/Y
 m.u_conv3.u_weights._23732_/Y
 m.u_conv3.u_weights._23733_/X
 m.u_conv3.u_weights._23734_/Y
 m.u_conv3.u_weights._23735_/Y
 m.u_conv3.u_weights._23736_/Y
 m.u_conv3.u_weights._23737_/Y
 m.u_conv3.u_weights._23738_/X
 m.u_conv3.u_weights._23739_/Y
 m.u_conv3.u_weights._23740_/Y
 m.u_conv3.u_weights._23741_/Y
 m.u_conv3.u_weights._23742_/Y
 m.u_conv3.u_weights._23743_/Y
 m.u_conv3.u_weights._23744_/X
 m.u_conv3.u_weights._23745_/Y
 m.u_conv3.u_weights._23746_/Y
 m.u_conv3.u_weights._23747_/Y
 m.u_conv3.u_weights._23748_/X
 m.u_conv3.u_weights._23749_/Y
 m.u_conv3.u_weights._23750_/Y
 m.u_conv3.u_weights._23751_/Y
 m.u_conv3.u_weights._23752_/Y
 m.u_conv3.u_weights._23753_/Y
 m.u_conv3.u_weights._23754_/Y
 m.u_conv3.u_weights._23755_/X
 m.u_conv3.u_weights._23756_/X
 m.u_conv3.u_weights._23757_/Y
 m.u_conv3.u_weights._23758_/Y
 m.u_conv3.u_weights._23759_/Y
 m.u_conv3.u_weights._23760_/X
 m.u_conv3.u_weights._23761_/Y
 m.u_conv3.u_weights._23762_/X
 m.u_conv3.u_weights._23763_/Y
 m.u_conv3.u_weights._23764_/Y
 m.u_conv3.u_weights._23765_/X
 m.u_conv3.u_weights._23766_/Y
 m.u_conv3.u_weights._23767_/Y
 m.u_conv3.u_weights._23768_/X
 m.u_conv3.u_weights._23769_/Y
 m.u_conv3.u_weights._23770_/Y
 m.u_conv3.u_weights._23771_/X
 m.u_conv3.u_weights._23772_/X
 m.u_conv3.u_weights._23773_/Y
 m.u_conv3.u_weights._23774_/X
 m.u_conv3.u_weights._23775_/Y
 m.u_conv3.u_weights._23776_/Y
 m.u_conv3.u_weights._23777_/Y
 m.u_conv3.u_weights._23778_/X
 m.u_conv3.u_weights._23779_/Y
 m.u_conv3.u_weights._23780_/Y
 m.u_conv3.u_weights._23781_/Y
 m.u_conv3.u_weights._23782_/Y
 m.u_conv3.u_weights._23783_/Y
 m.u_conv3.u_weights._23784_/Y
 m.u_conv3.u_weights._23785_/Y
 m.u_conv3.u_weights._23786_/X
 m.u_conv3.u_weights._23787_/X
 m.u_conv3.u_weights._23788_/X
 m.u_conv3.u_weights._23789_/Y
 m.u_conv3.u_weights._23790_/X
 m.u_conv3.u_weights._23791_/X
 m.u_conv3.u_weights._23792_/Y
 m.u_conv3.u_weights._23793_/Y
 m.u_conv3.u_weights._23794_/Y
 m.u_conv3.u_weights._23795_/Y
 m.u_conv3.u_weights._23796_/Y
 m.u_conv3.u_weights._23797_/Y
 m.u_conv3.u_weights._23798_/Y
 m.u_conv3.u_weights._23799_/Y
 m.u_conv3.u_weights._23800_/Y
 m.u_conv3.u_weights._23801_/Y
 m.u_conv3.u_weights._23802_/Y
 m.u_conv3.u_weights._23803_/Y
 m.u_conv3.u_weights._23804_/Y
 m.u_conv3.u_weights._23805_/Y
 m.u_conv3.u_weights._23806_/Y
 m.u_conv3.u_weights._23807_/Y
 m.u_conv3.u_weights._23808_/Y
 m.u_conv3.u_weights._23809_/X
 m.u_conv3.u_weights._23810_/Y
 m.u_conv3.u_weights._23811_/Y
 m.u_conv3.u_weights._23812_/Y
 m.u_conv3.u_weights._23813_/Y
 m.u_conv3.u_weights._23814_/Y
 m.u_conv3.u_weights._23815_/X
 m.u_conv3.u_weights._23816_/Y
 m.u_conv3.u_weights._23817_/Y
 m.u_conv3.u_weights._23818_/Y
 m.u_conv3.u_weights._23819_/Y
 m.u_conv3.u_weights._23820_/Y
 m.u_conv3.u_weights._23821_/X
 m.u_conv3.u_weights._23822_/Y
 m.u_conv3.u_weights._23823_/Y
 m.u_conv3.u_weights._23824_/X
 m.u_conv3.u_weights._23825_/Y
 m.u_conv3.u_weights._23826_/Y
 m.u_conv3.u_weights._23827_/X
 m.u_conv3.u_weights._23828_/Y
 m.u_conv3.u_weights._23829_/Y
 m.u_conv3.u_weights._23830_/Y
 m.u_conv3.u_weights._23831_/Y
 m.u_conv3.u_weights._23832_/Y
 m.u_conv3.u_weights._23833_/Y
 m.u_conv3.u_weights._23834_/Y
 m.u_conv3.u_weights._23835_/Y
 m.u_conv3.u_weights._23836_/Y
 m.u_conv3.u_weights._23837_/Y
 m.u_conv3.u_weights._23838_/Y
 m.u_conv3.u_weights._23839_/Y
 m.u_conv3.u_weights._23840_/Y
 m.u_conv3.u_weights._23841_/Y
 m.u_conv3.u_weights._23842_/X
 m.u_conv3.u_weights._23843_/X
 m.u_conv3.u_weights._23844_/Y
 m.u_conv3.u_weights._23845_/X
 m.u_conv3.u_weights._23846_/Y
 m.u_conv3.u_weights._23847_/Y
 m.u_conv3.u_weights._23848_/Y
 m.u_conv3.u_weights._23849_/Y
 m.u_conv3.u_weights._23850_/Y
 m.u_conv3.u_weights._23851_/Y
 m.u_conv3.u_weights._23852_/Y
 m.u_conv3.u_weights._23853_/Y
 m.u_conv3.u_weights._23854_/X
 m.u_conv3.u_weights._23855_/Y
 m.u_conv3.u_weights._23856_/Y
 m.u_conv3.u_weights._23857_/X
 m.u_conv3.u_weights._23858_/Y
 m.u_conv3.u_weights._23859_/Y
 m.u_conv3.u_weights._23860_/X
 m.u_conv3.u_weights._23861_/Y
 m.u_conv3.u_weights._23862_/Y
 m.u_conv3.u_weights._23863_/Y
 m.u_conv3.u_weights._23864_/Y
 m.u_conv3.u_weights._23865_/X
 m.u_conv3.u_weights._23866_/Y
 m.u_conv3.u_weights._23867_/X
 m.u_conv3.u_weights._23868_/Y
 m.u_conv3.u_weights._23869_/Y
 m.u_conv3.u_weights._23870_/Y
 m.u_conv3.u_weights._23871_/Y
 m.u_conv3.u_weights._23872_/Y
 m.u_conv3.u_weights._23873_/Y
 m.u_conv3.u_weights._23874_/X
 m.u_conv3.u_weights._23875_/Y
 m.u_conv3.u_weights._23876_/Y
 m.u_conv3.u_weights._23877_/X
 m.u_conv3.u_weights._23878_/Y
 m.u_conv3.u_weights._23879_/Y
 m.u_conv3.u_weights._23880_/Y
 m.u_conv3.u_weights._23881_/Y
 m.u_conv3.u_weights._23882_/Y
 m.u_conv3.u_weights._23883_/Y
 m.u_conv3.u_weights._23884_/Y
 m.u_conv3.u_weights._23885_/Y
 m.u_conv3.u_weights._23886_/Y
 m.u_conv3.u_weights._23887_/X
 m.u_conv3.u_weights._23888_/Y
 m.u_conv3.u_weights._23889_/Y
 m.u_conv3.u_weights._23890_/X
 m.u_conv3.u_weights._23891_/Y
 m.u_conv3.u_weights._23892_/Y
 m.u_conv3.u_weights._23893_/Y
 m.u_conv3.u_weights._23894_/Y
 m.u_conv3.u_weights._23895_/Y
 m.u_conv3.u_weights._23896_/Y
 m.u_conv3.u_weights._23897_/Y
 m.u_conv3.u_weights._23898_/Y
 m.u_conv3.u_weights._23899_/Y
 m.u_conv3.u_weights._23900_/X
 m.u_conv3.u_weights._23901_/Y
 m.u_conv3.u_weights._23902_/Y
 m.u_conv3.u_weights._23903_/Y
 m.u_conv3.u_weights._23904_/X
 m.u_conv3.u_weights._23905_/Y
 m.u_conv3.u_weights._23906_/Y
 m.u_conv3.u_weights._23907_/Y
 m.u_conv3.u_weights._23908_/Y
 m.u_conv3.u_weights._23909_/Y
 m.u_conv3.u_weights._23910_/Y
 m.u_conv3.u_weights._23911_/Y
 m.u_conv3.u_weights._23912_/Y
 m.u_conv3.u_weights._23913_/Y
 m.u_conv3.u_weights._23914_/Y
 m.u_conv3.u_weights._23915_/Y
 m.u_conv3.u_weights._23916_/X
 m.u_conv3.u_weights._23917_/Y
 m.u_conv3.u_weights._23918_/Y
 m.u_conv3.u_weights._23919_/Y
 m.u_conv3.u_weights._23920_/X
 m.u_conv3.u_weights._23921_/Y
 m.u_conv3.u_weights._23922_/Y
 m.u_conv3.u_weights._23923_/Y
 m.u_conv3.u_weights._23924_/X
 m.u_conv3.u_weights._23925_/X
 m.u_conv3.u_weights._23926_/X
 m.u_conv3.u_weights._23927_/Y
 m.u_conv3.u_weights._23928_/Y
 m.u_conv3.u_weights._23929_/Y
 m.u_conv3.u_weights._23930_/X
 m.u_conv3.u_weights._23931_/Y
 m.u_conv3.u_weights._23932_/Y
 m.u_conv3.u_weights._23933_/X
 m.u_conv3.u_weights._23934_/Y
 m.u_conv3.u_weights._23935_/Y
 m.u_conv3.u_weights._23936_/Y
 m.u_conv3.u_weights._23937_/X
 m.u_conv3.u_weights._23938_/Y
 m.u_conv3.u_weights._23939_/X
 m.u_conv3.u_weights._23940_/Y
 m.u_conv3.u_weights._23941_/Y
 m.u_conv3.u_weights._23942_/Y
 m.u_conv3.u_weights._23943_/Y
 m.u_conv3.u_weights._23944_/Y
 m.u_conv3.u_weights._23945_/Y
 m.u_conv3.u_weights._23946_/X
 m.u_conv3.u_weights._23947_/Y
 m.u_conv3.u_weights._23948_/X
 m.u_conv3.u_weights._23949_/Y
 m.u_conv3.u_weights._23950_/Y
 m.u_conv3.u_weights._23951_/Y
 m.u_conv3.u_weights._23952_/X
 m.u_conv3.u_weights._23953_/Y
 m.u_conv3.u_weights._23954_/X
 m.u_conv3.u_weights._23955_/X
 m.u_conv3.u_weights._23956_/Y
 m.u_conv3.u_weights._23957_/X
 m.u_conv3.u_weights._23958_/Y
 m.u_conv3.u_weights._23959_/Y
 m.u_conv3.u_weights._23960_/Y
 m.u_conv3.u_weights._23961_/Y
 m.u_conv3.u_weights._23962_/X
 m.u_conv3.u_weights._23963_/Y
 m.u_conv3.u_weights._23964_/Y
 m.u_conv3.u_weights._23965_/Y
 m.u_conv3.u_weights._23966_/Y
 m.u_conv3.u_weights._23967_/Y
 m.u_conv3.u_weights._23968_/Y
 m.u_conv3.u_weights._23969_/Y
 m.u_conv3.u_weights._23970_/Y
 m.u_conv3.u_weights._23971_/Y
 m.u_conv3.u_weights._23972_/Y
 m.u_conv3.u_weights._23973_/Y
 m.u_conv3.u_weights._23974_/Y
 m.u_conv3.u_weights._23975_/Y
 m.u_conv3.u_weights._23976_/Y
 m.u_conv3.u_weights._23977_/X
 m.u_conv3.u_weights._23978_/Y
 m.u_conv3.u_weights._23979_/Y
 m.u_conv3.u_weights._23980_/Y
 m.u_conv3.u_weights._23981_/Y
 m.u_conv3.u_weights._23982_/Y
 m.u_conv3.u_weights._23983_/Y
 m.u_conv3.u_weights._23984_/Y
 m.u_conv3.u_weights._23985_/Y
 m.u_conv3.u_weights._23986_/Y
 m.u_conv3.u_weights._23987_/Y
 m.u_conv3.u_weights._23988_/Y
 m.u_conv3.u_weights._23989_/Y
 m.u_conv3.u_weights._23990_/Y
 m.u_conv3.u_weights._23991_/Y
 m.u_conv3.u_weights._23992_/X
 m.u_conv3.u_weights._23993_/Y
 m.u_conv3.u_weights._23994_/Y
 m.u_conv3.u_weights._23995_/Y
 m.u_conv3.u_weights._23996_/Y
 m.u_conv3.u_weights._23997_/Y
 m.u_conv3.u_weights._23998_/Y
 m.u_conv3.u_weights._23999_/Y
 m.u_conv3.u_weights._24000_/X
 m.u_conv3.u_weights._24001_/Y
 m.u_conv3.u_weights._24002_/X
 m.u_conv3.u_weights._24003_/Y
 m.u_conv3.u_weights._24004_/Y
 m.u_conv3.u_weights._24005_/X
 m.u_conv3.u_weights._24006_/Y
 m.u_conv3.u_weights._24007_/Y
 m.u_conv3.u_weights._24008_/X
 m.u_conv3.u_weights._24009_/Y
 m.u_conv3.u_weights._24010_/Y
 m.u_conv3.u_weights._24011_/X
 m.u_conv3.u_weights._24012_/Y
 m.u_conv3.u_weights._24013_/X
 m.u_conv3.u_weights._24014_/Y
 m.u_conv3.u_weights._24015_/Y
 m.u_conv3.u_weights._24016_/Y
 m.u_conv3.u_weights._24017_/Y
 m.u_conv3.u_weights._24018_/X
 m.u_conv3.u_weights._24019_/Y
 m.u_conv3.u_weights._24020_/Y
 m.u_conv3.u_weights._24021_/X
 m.u_conv3.u_weights._24022_/Y
 m.u_conv3.u_weights._24023_/Y
 m.u_conv3.u_weights._24024_/Y
 m.u_conv3.u_weights._24025_/Y
 m.u_conv3.u_weights._24026_/Y
 m.u_conv3.u_weights._24027_/Y
 m.u_conv3.u_weights._24028_/Y
 m.u_conv3.u_weights._24029_/Y
 m.u_conv3.u_weights._24030_/Y
 m.u_conv3.u_weights._24031_/Y
 m.u_conv3.u_weights._24032_/Y
 m.u_conv3.u_weights._24033_/Y
 m.u_conv3.u_weights._24034_/Y
 m.u_conv3.u_weights._24035_/Y
 m.u_conv3.u_weights._24036_/Y
 m.u_conv3.u_weights._24037_/Y
 m.u_conv3.u_weights._24038_/X
 m.u_conv3.u_weights._24039_/Y
 m.u_conv3.u_weights._24040_/Y
 m.u_conv3.u_weights._24041_/Y
 m.u_conv3.u_weights._24042_/X
 m.u_conv3.u_weights._24043_/Y
 m.u_conv3.u_weights._24044_/Y
 m.u_conv3.u_weights._24045_/Y
 m.u_conv3.u_weights._24046_/Y
 m.u_conv3.u_weights._24047_/X
 m.u_conv3.u_weights._24048_/Y
 m.u_conv3.u_weights._24049_/Y
 m.u_conv3.u_weights._24050_/X
 m.u_conv3.u_weights._24051_/Y
 m.u_conv3.u_weights._24052_/X
 m.u_conv3.u_weights._24053_/Y
 m.u_conv3.u_weights._24054_/X
 m.u_conv3.u_weights._24055_/Y
 m.u_conv3.u_weights._24056_/Y
 m.u_conv3.u_weights._24057_/Y
 m.u_conv3.u_weights._24058_/X
 m.u_conv3.u_weights._24059_/Y
 m.u_conv3.u_weights._24060_/Y
 m.u_conv3.u_weights._24061_/X
 m.u_conv3.u_weights._24062_/Y
 m.u_conv3.u_weights._24063_/X
 m.u_conv3.u_weights._24064_/Y
 m.u_conv3.u_weights._24065_/X
 m.u_conv3.u_weights._24066_/X
 m.u_conv3.u_weights._24067_/Y
 m.u_conv3.u_weights._24068_/Y
 m.u_conv3.u_weights._24069_/Y
 m.u_conv3.u_weights._24070_/Y
 m.u_conv3.u_weights._24071_/X
 m.u_conv3.u_weights._24072_/Y
 m.u_conv3.u_weights._24073_/Y
 m.u_conv3.u_weights._24074_/Y
 m.u_conv3.u_weights._24075_/Y
 m.u_conv3.u_weights._24076_/X
 m.u_conv3.u_weights._24077_/Y
 m.u_conv3.u_weights._24078_/X
 m.u_conv3.u_weights._24079_/Y
 m.u_conv3.u_weights._24080_/Y
 m.u_conv3.u_weights._24081_/Y
 m.u_conv3.u_weights._24082_/Y
 m.u_conv3.u_weights._24083_/Y
 m.u_conv3.u_weights._24084_/X
 m.u_conv3.u_weights._24085_/Y
 m.u_conv3.u_weights._24086_/Y
 m.u_conv3.u_weights._24087_/Y
 m.u_conv3.u_weights._24088_/Y
 m.u_conv3.u_weights._24089_/Y
 m.u_conv3.u_weights._24090_/Y
 m.u_conv3.u_weights._24091_/X
 m.u_conv3.u_weights._24092_/X
 m.u_conv3.u_weights._24093_/Y
 m.u_conv3.u_weights._24094_/Y
 m.u_conv3.u_weights._24095_/Y
 m.u_conv3.u_weights._24096_/Y
 m.u_conv3.u_weights._24097_/Y
 m.u_conv3.u_weights._24098_/Y
 m.u_conv3.u_weights._24099_/Y
 m.u_conv3.u_weights._24100_/X
 m.u_conv3.u_weights._24101_/X
 m.u_conv3.u_weights._24102_/Y
 m.u_conv3.u_weights._24103_/Y
 m.u_conv3.u_weights._24104_/Y
 m.u_conv3.u_weights._24105_/Y
 m.u_conv3.u_weights._24106_/Y
 m.u_conv3.u_weights._24107_/Y
 m.u_conv3.u_weights._24108_/Y
 m.u_conv3.u_weights._24109_/Y
 m.u_conv3.u_weights._24110_/Y
 m.u_conv3.u_weights._24111_/X
 m.u_conv3.u_weights._24112_/Y
 m.u_conv3.u_weights._24113_/Y
 m.u_conv3.u_weights._24114_/X
 m.u_conv3.u_weights._24115_/X
 m.u_conv3.u_weights._24116_/Y
 m.u_conv3.u_weights._24117_/X
 m.u_conv3.u_weights._24118_/Y
 m.u_conv3.u_weights._24119_/Y
 m.u_conv3.u_weights._24120_/Y
 m.u_conv3.u_weights._24121_/X
 m.u_conv3.u_weights._24122_/X
 m.u_conv3.u_weights._24123_/Y
 m.u_conv3.u_weights._24124_/X
 m.u_conv3.u_weights._24125_/Y
 m.u_conv3.u_weights._24126_/Y
 m.u_conv3.u_weights._24127_/Y
 m.u_conv3.u_weights._24128_/Y
 m.u_conv3.u_weights._24129_/Y
 m.u_conv3.u_weights._24130_/Y
 m.u_conv3.u_weights._24131_/X
 m.u_conv3.u_weights._24132_/Y
 m.u_conv3.u_weights._24133_/Y
 m.u_conv3.u_weights._24134_/Y
 m.u_conv3.u_weights._24135_/Y
 m.u_conv3.u_weights._24136_/Y
 m.u_conv3.u_weights._24137_/Y
 m.u_conv3.u_weights._24138_/Y
 m.u_conv3.u_weights._24139_/Y
 m.u_conv3.u_weights._24140_/Y
 m.u_conv3.u_weights._24141_/Y
 m.u_conv3.u_weights._24142_/Y
 m.u_conv3.u_weights._24143_/Y
 m.u_conv3.u_weights._24144_/Y
 m.u_conv3.u_weights._24145_/Y
 m.u_conv3.u_weights._24146_/Y
 m.u_conv3.u_weights._24147_/X
 m.u_conv3.u_weights._24148_/Y
 m.u_conv3.u_weights._24149_/Y
 m.u_conv3.u_weights._24150_/Y
 m.u_conv3.u_weights._24151_/X
 m.u_conv3.u_weights._24152_/Y
 m.u_conv3.u_weights._24153_/Y
 m.u_conv3.u_weights._24154_/Y
 m.u_conv3.u_weights._24155_/Y
 m.u_conv3.u_weights._24156_/Y
 m.u_conv3.u_weights._24157_/Y
 m.u_conv3.u_weights._24158_/X
 m.u_conv3.u_weights._24159_/Y
 m.u_conv3.u_weights._24160_/Y
 m.u_conv3.u_weights._24161_/Y
 m.u_conv3.u_weights._24162_/Y
 m.u_conv3.u_weights._24163_/Y
 m.u_conv3.u_weights._24164_/Y
 m.u_conv3.u_weights._24165_/Y
 m.u_conv3.u_weights._24166_/Y
 m.u_conv3.u_weights._24167_/Y
 m.u_conv3.u_weights._24168_/X
 m.u_conv3.u_weights._24169_/Y
 m.u_conv3.u_weights._24170_/Y
 m.u_conv3.u_weights._24171_/X
 m.u_conv3.u_weights._24172_/Y
 m.u_conv3.u_weights._24173_/Y
 m.u_conv3.u_weights._24174_/Y
 m.u_conv3.u_weights._24175_/Y
 m.u_conv3.u_weights._24176_/Y
 m.u_conv3.u_weights._24177_/Y
 m.u_conv3.u_weights._24178_/X
 m.u_conv3.u_weights._24179_/Y
 m.u_conv3.u_weights._24180_/Y
 m.u_conv3.u_weights._24181_/Y
 m.u_conv3.u_weights._24182_/Y
 m.u_conv3.u_weights._24183_/Y
 m.u_conv3.u_weights._24184_/Y
 m.u_conv3.u_weights._24185_/Y
 m.u_conv3.u_weights._24186_/Y
 m.u_conv3.u_weights._24187_/X
 m.u_conv3.u_weights._24188_/Y
 m.u_conv3.u_weights._24189_/Y
 m.u_conv3.u_weights._24190_/X
 m.u_conv3.u_weights._24191_/X
 m.u_conv3.u_weights._24192_/X
 m.u_conv3.u_weights._24193_/Y
 m.u_conv3.u_weights._24194_/X
 m.u_conv3.u_weights._24195_/Y
 m.u_conv3.u_weights._24196_/Y
 m.u_conv3.u_weights._24197_/X
 m.u_conv3.u_weights._24198_/X
 m.u_conv3.u_weights._24199_/X
 m.u_conv3.u_weights._24200_/X
 m.u_conv3.u_weights._24201_/Y
 m.u_conv3.u_weights._24202_/Y
 m.u_conv3.u_weights._24203_/X
 m.u_conv3.u_weights._24204_/Y
 m.u_conv3.u_weights._24205_/Y
 m.u_conv3.u_weights._24206_/Y
 m.u_conv3.u_weights._24207_/Y
 m.u_conv3.u_weights._24208_/Y
 m.u_conv3.u_weights._24209_/Y
 m.u_conv3.u_weights._24210_/Y
 m.u_conv3.u_weights._24211_/Y
 m.u_conv3.u_weights._24212_/X
 m.u_conv3.u_weights._24213_/Y
 m.u_conv3.u_weights._24214_/X
 m.u_conv3.u_weights._24215_/X
 m.u_conv3.u_weights._24216_/Y
 m.u_conv3.u_weights._24217_/Y
 m.u_conv3.u_weights._24218_/X
 m.u_conv3.u_weights._24219_/Y
 m.u_conv3.u_weights._24220_/Y
 m.u_conv3.u_weights._24221_/X
 m.u_conv3.u_weights._24222_/X
 m.u_conv3.u_weights._24223_/Y
 m.u_conv3.u_weights._24224_/Y
 m.u_conv3.u_weights._24225_/Y
 m.u_conv3.u_weights._24226_/Y
 m.u_conv3.u_weights._24227_/X
 m.u_conv3.u_weights._24228_/Y
 m.u_conv3.u_weights._24229_/Y
 m.u_conv3.u_weights._24230_/Y
 m.u_conv3.u_weights._24231_/Y
 m.u_conv3.u_weights._24232_/Y
 m.u_conv3.u_weights._24233_/Y
 m.u_conv3.u_weights._24234_/Y
 m.u_conv3.u_weights._24235_/Y
 m.u_conv3.u_weights._24236_/Y
 m.u_conv3.u_weights._24237_/Y
 m.u_conv3.u_weights._24238_/Y
 m.u_conv3.u_weights._24239_/X
 m.u_conv3.u_weights._24240_/Y
 m.u_conv3.u_weights._24241_/Y
 m.u_conv3.u_weights._24242_/Y
 m.u_conv3.u_weights._24243_/X
 m.u_conv3.u_weights._24244_/X
 m.u_conv3.u_weights._24245_/Y
 m.u_conv3.u_weights._24246_/Y
 m.u_conv3.u_weights._24247_/Y
 m.u_conv3.u_weights._24248_/Y
 m.u_conv3.u_weights._24249_/Y
 m.u_conv3.u_weights._24250_/Y
 m.u_conv3.u_weights._24251_/Y
 m.u_conv3.u_weights._24252_/Y
 m.u_conv3.u_weights._24253_/X
 m.u_conv3.u_weights._24254_/Y
 m.u_conv3.u_weights._24255_/X
 m.u_conv3.u_weights._24256_/Y
 m.u_conv3.u_weights._24257_/X
 m.u_conv3.u_weights._24258_/X
 m.u_conv3.u_weights._24259_/Y
 m.u_conv3.u_weights._24260_/X
 m.u_conv3.u_weights._24261_/Y
 m.u_conv3.u_weights._24262_/X
 m.u_conv3.u_weights._24263_/Y
 m.u_conv3.u_weights._24264_/Y
 m.u_conv3.u_weights._24265_/Y
 m.u_conv3.u_weights._24266_/Y
 m.u_conv3.u_weights._24267_/Y
 m.u_conv3.u_weights._24268_/Y
 m.u_conv3.u_weights._24269_/Y
 m.u_conv3.u_weights._24270_/Y
 m.u_conv3.u_weights._24271_/Y
 m.u_conv3.u_weights._24272_/Y
 m.u_conv3.u_weights._24273_/Y
 m.u_conv3.u_weights._24274_/Y
 m.u_conv3.u_weights._24275_/Y
 m.u_conv3.u_weights._24276_/X
 m.u_conv3.u_weights._24277_/Y
 m.u_conv3.u_weights._24278_/X
 m.u_conv3.u_weights._24279_/X
 m.u_conv3.u_weights._24280_/X
 m.u_conv3.u_weights._24281_/X
 m.u_conv3.u_weights._24282_/Y
 m.u_conv3.u_weights._24283_/Y
 m.u_conv3.u_weights._24284_/Y
 m.u_conv3.u_weights._24285_/Y
 m.u_conv3.u_weights._24286_/Y
 m.u_conv3.u_weights._24287_/Y
 m.u_conv3.u_weights._24288_/Y
 m.u_conv3.u_weights._24289_/Y
 m.u_conv3.u_weights._24290_/X
 m.u_conv3.u_weights._24291_/Y
 m.u_conv3.u_weights._24292_/Y
 m.u_conv3.u_weights._24293_/X
 m.u_conv3.u_weights._24294_/X
 m.u_conv3.u_weights._24295_/Y
 m.u_conv3.u_weights._24296_/Y
 m.u_conv3.u_weights._24297_/X
 m.u_conv3.u_weights._24298_/X
 m.u_conv3.u_weights._24299_/Y
 m.u_conv3.u_weights._24300_/Y
 m.u_conv3.u_weights._24301_/Y
 m.u_conv3.u_weights._24302_/Y
 m.u_conv3.u_weights._24303_/X
 m.u_conv3.u_weights._24304_/Y
 m.u_conv3.u_weights._24305_/Y
 m.u_conv3.u_weights._24306_/Y
 m.u_conv3.u_weights._24307_/X
 m.u_conv3.u_weights._24308_/Y
 m.u_conv3.u_weights._24309_/Y
 m.u_conv3.u_weights._24310_/Y
 m.u_conv3.u_weights._24311_/Y
 m.u_conv3.u_weights._24312_/Y
 m.u_conv3.u_weights._24313_/X
 m.u_conv3.u_weights._24314_/X
 m.u_conv3.u_weights._24315_/Y
 m.u_conv3.u_weights._24316_/Y
 m.u_conv3.u_weights._24317_/Y
 m.u_conv3.u_weights._24318_/X
 m.u_conv3.u_weights._24319_/Y
 m.u_conv3.u_weights._24320_/Y
 m.u_conv3.u_weights._24321_/Y
 m.u_conv3.u_weights._24322_/Y
 m.u_conv3.u_weights._24323_/Y
 m.u_conv3.u_weights._24324_/X
 m.u_conv3.u_weights._24325_/Y
 m.u_conv3.u_weights._24326_/Y
 m.u_conv3.u_weights._24327_/Y
 m.u_conv3.u_weights._24328_/Y
 m.u_conv3.u_weights._24329_/X
 m.u_conv3.u_weights._24330_/Y
 m.u_conv3.u_weights._24331_/X
 m.u_conv3.u_weights._24332_/Y
 m.u_conv3.u_weights._24333_/Y
 m.u_conv3.u_weights._24334_/Y
 m.u_conv3.u_weights._24335_/Y
 m.u_conv3.u_weights._24336_/X
 m.u_conv3.u_weights._24337_/Y
 m.u_conv3.u_weights._24338_/Y
 m.u_conv3.u_weights._24339_/Y
 m.u_conv3.u_weights._24340_/X
 m.u_conv3.u_weights._24341_/Y
 m.u_conv3.u_weights._24342_/Y
 m.u_conv3.u_weights._24343_/X
 m.u_conv3.u_weights._24344_/Y
 m.u_conv3.u_weights._24345_/Y
 m.u_conv3.u_weights._24346_/X
 m.u_conv3.u_weights._24347_/Y
 m.u_conv3.u_weights._24348_/Y
 m.u_conv3.u_weights._24349_/Y
 m.u_conv3.u_weights._24350_/Y
 m.u_conv3.u_weights._24351_/Y
 m.u_conv3.u_weights._24352_/Y
 m.u_conv3.u_weights._24353_/Y
 m.u_conv3.u_weights._24354_/X
 m.u_conv3.u_weights._24355_/Y
 m.u_conv3.u_weights._24356_/Y
 m.u_conv3.u_weights._24357_/Y
 m.u_conv3.u_weights._24358_/Y
 m.u_conv3.u_weights._24359_/Y
 m.u_conv3.u_weights._24360_/Y
 m.u_conv3.u_weights._24361_/Y
 m.u_conv3.u_weights._24362_/Y
 m.u_conv3.u_weights._24363_/Y
 m.u_conv3.u_weights._24364_/Y
 m.u_conv3.u_weights._24365_/Y
 m.u_conv3.u_weights._24366_/Y
 m.u_conv3.u_weights._24367_/Y
 m.u_conv3.u_weights._24368_/Y
 m.u_conv3.u_weights._24369_/Y
 m.u_conv3.u_weights._24370_/Y
 m.u_conv3.u_weights._24371_/Y
 m.u_conv3.u_weights._24372_/Y
 m.u_conv3.u_weights._24373_/X
 m.u_conv3.u_weights._24374_/Y
 m.u_conv3.u_weights._24375_/X
 m.u_conv3.u_weights._24376_/X
 m.u_conv3.u_weights._24377_/Y
 m.u_conv3.u_weights._24378_/Y
 m.u_conv3.u_weights._24379_/Y
 m.u_conv3.u_weights._24380_/Y
 m.u_conv3.u_weights._24381_/X
 m.u_conv3.u_weights._24382_/Y
 m.u_conv3.u_weights._24383_/Y
 m.u_conv3.u_weights._24384_/Y
 m.u_conv3.u_weights._24385_/Y
 m.u_conv3.u_weights._24386_/Y
 m.u_conv3.u_weights._24387_/Y
 m.u_conv3.u_weights._24388_/Y
 m.u_conv3.u_weights._24389_/Y
 m.u_conv3.u_weights._24390_/X
 m.u_conv3.u_weights._24391_/Y
 m.u_conv3.u_weights._24392_/Y
 m.u_conv3.u_weights._24393_/X
 m.u_conv3.u_weights._24394_/Y
 m.u_conv3.u_weights._24395_/Y
 m.u_conv3.u_weights._24396_/Y
 m.u_conv3.u_weights._24397_/Y
 m.u_conv3.u_weights._24398_/X
 m.u_conv3.u_weights._24399_/X
 m.u_conv3.u_weights._24400_/Y
 m.u_conv3.u_weights._24401_/Y
 m.u_conv3.u_weights._24402_/Y
 m.u_conv3.u_weights._24403_/Y
 m.u_conv3.u_weights._24404_/Y
 m.u_conv3.u_weights._24405_/Y
 m.u_conv3.u_weights._24406_/Y
 m.u_conv3.u_weights._24407_/X
 m.u_conv3.u_weights._24408_/Y
 m.u_conv3.u_weights._24409_/Y
 m.u_conv3.u_weights._24410_/Y
 m.u_conv3.u_weights._24411_/Y
 m.u_conv3.u_weights._24412_/Y
 m.u_conv3.u_weights._24413_/Y
 m.u_conv3.u_weights._24414_/Y
 m.u_conv3.u_weights._24415_/Y
 m.u_conv3.u_weights._24416_/Y
 m.u_conv3.u_weights._24417_/X
 m.u_conv3.u_weights._24418_/Y
 m.u_conv3.u_weights._24419_/Y
 m.u_conv3.u_weights._24420_/Y
 m.u_conv3.u_weights._24421_/Y
 m.u_conv3.u_weights._24422_/X
 m.u_conv3.u_weights._24423_/X
 m.u_conv3.u_weights._24424_/Y
 m.u_conv3.u_weights._24425_/X
 m.u_conv3.u_weights._24426_/Y
 m.u_conv3.u_weights._24427_/X
 m.u_conv3.u_weights._24428_/Y
 m.u_conv3.u_weights._24429_/Y
 m.u_conv3.u_weights._24430_/Y
 m.u_conv3.u_weights._24431_/X
 m.u_conv3.u_weights._24432_/Y
 m.u_conv3.u_weights._24433_/X
 m.u_conv3.u_weights._24434_/Y
 m.u_conv3.u_weights._24435_/Y
 m.u_conv3.u_weights._24436_/Y
 m.u_conv3.u_weights._24437_/X
 m.u_conv3.u_weights._24438_/X
 m.u_conv3.u_weights._24439_/Y
 m.u_conv3.u_weights._24440_/Y
 m.u_conv3.u_weights._24441_/Y
 m.u_conv3.u_weights._24442_/Y
 m.u_conv3.u_weights._24443_/Y
 m.u_conv3.u_weights._24444_/Y
 m.u_conv3.u_weights._24445_/Y
 m.u_conv3.u_weights._24446_/X
 m.u_conv3.u_weights._24447_/Y
 m.u_conv3.u_weights._24448_/Y
 m.u_conv3.u_weights._24449_/Y
 m.u_conv3.u_weights._24450_/X
 m.u_conv3.u_weights._24451_/Y
 m.u_conv3.u_weights._24452_/X
 m.u_conv3.u_weights._24453_/X
 m.u_conv3.u_weights._24454_/Y
 m.u_conv3.u_weights._24455_/Y
 m.u_conv3.u_weights._24456_/X
 m.u_conv3.u_weights._24457_/Y
 m.u_conv3.u_weights._24458_/Y
 m.u_conv3.u_weights._24459_/X
 m.u_conv3.u_weights._24460_/X
 m.u_conv3.u_weights._24461_/Y
 m.u_conv3.u_weights._24462_/Y
 m.u_conv3.u_weights._24463_/Y
 m.u_conv3.u_weights._24464_/Y
 m.u_conv3.u_weights._24465_/X
 m.u_conv3.u_weights._24466_/Y
 m.u_conv3.u_weights._24467_/X
 m.u_conv3.u_weights._24468_/Y
 m.u_conv3.u_weights._24469_/X
 m.u_conv3.u_weights._24470_/Y
 m.u_conv3.u_weights._24471_/Y
 m.u_conv3.u_weights._24472_/Y
 m.u_conv3.u_weights._24473_/Y
 m.u_conv3.u_weights._24474_/X
 m.u_conv3.u_weights._24475_/Y
 m.u_conv3.u_weights._24476_/Y
 m.u_conv3.u_weights._24477_/Y
 m.u_conv3.u_weights._24478_/Y
 m.u_conv3.u_weights._24479_/Y
 m.u_conv3.u_weights._24480_/Y
 m.u_conv3.u_weights._24481_/X
 m.u_conv3.u_weights._24482_/Y
 m.u_conv3.u_weights._24483_/Y
 m.u_conv3.u_weights._24484_/Y
 m.u_conv3.u_weights._24485_/Y
 m.u_conv3.u_weights._24486_/Y
 m.u_conv3.u_weights._24487_/Y
 m.u_conv3.u_weights._24488_/Y
 m.u_conv3.u_weights._24489_/Y
 m.u_conv3.u_weights._24490_/Y
 m.u_conv3.u_weights._24491_/Y
 m.u_conv3.u_weights._24492_/X
 m.u_conv3.u_weights._24493_/Y
 m.u_conv3.u_weights._24494_/X
 m.u_conv3.u_weights._24495_/X
 m.u_conv3.u_weights._24496_/Y
 m.u_conv3.u_weights._24497_/X
 m.u_conv3.u_weights._24498_/Y
 m.u_conv3.u_weights._24499_/Y
 m.u_conv3.u_weights._24500_/Y
 m.u_conv3.u_weights._24501_/Y
 m.u_conv3.u_weights._24502_/Y
 m.u_conv3.u_weights._24503_/Y
 m.u_conv3.u_weights._24504_/Y
 m.u_conv3.u_weights._24505_/X
 m.u_conv3.u_weights._24506_/Y
 m.u_conv3.u_weights._24507_/Y
 m.u_conv3.u_weights._24508_/Y
 m.u_conv3.u_weights._24509_/Y
 m.u_conv3.u_weights._24510_/Y
 m.u_conv3.u_weights._24511_/X
 m.u_conv3.u_weights._24512_/Y
 m.u_conv3.u_weights._24513_/X
 m.u_conv3.u_weights._24514_/Y
 m.u_conv3.u_weights._24515_/Y
 m.u_conv3.u_weights._24516_/Y
 m.u_conv3.u_weights._24517_/Y
 m.u_conv3.u_weights._24518_/Y
 m.u_conv3.u_weights._24519_/Y
 m.u_conv3.u_weights._24520_/Y
 m.u_conv3.u_weights._24521_/Y
 m.u_conv3.u_weights._24522_/X
 m.u_conv3.u_weights._24523_/Y
 m.u_conv3.u_weights._24524_/X
 m.u_conv3.u_weights._24525_/Y
 m.u_conv3.u_weights._24526_/X
 m.u_conv3.u_weights._24527_/Y
 m.u_conv3.u_weights._24528_/X
 m.u_conv3.u_weights._24529_/Y
 m.u_conv3.u_weights._24530_/Y
 m.u_conv3.u_weights._24531_/X
 m.u_conv3.u_weights._24532_/Y
 m.u_conv3.u_weights._24533_/X
 m.u_conv3.u_weights._24534_/Y
 m.u_conv3.u_weights._24535_/Y
 m.u_conv3.u_weights._24536_/Y
 m.u_conv3.u_weights._24537_/X
 m.u_conv3.u_weights._24538_/Y
 m.u_conv3.u_weights._24539_/Y
 m.u_conv3.u_weights._24540_/X
 m.u_conv3.u_weights._24541_/X
 m.u_conv3.u_weights._24542_/Y
 m.u_conv3.u_weights._24543_/Y
 m.u_conv3.u_weights._24544_/X
 m.u_conv3.u_weights._24545_/Y
 m.u_conv3.u_weights._24546_/Y
 m.u_conv3.u_weights._24547_/Y
 m.u_conv3.u_weights._24548_/Y
 m.u_conv3.u_weights._24549_/X
 m.u_conv3.u_weights._24550_/X
 m.u_conv3.u_weights._24551_/X
 m.u_conv3.u_weights._24552_/Y
 m.u_conv3.u_weights._24553_/Y
 m.u_conv3.u_weights._24554_/Y
 m.u_conv3.u_weights._24555_/Y
 m.u_conv3.u_weights._24556_/Y
 m.u_conv3.u_weights._24557_/Y
 m.u_conv3.u_weights._24558_/X
 m.u_conv3.u_weights._24559_/Y
 m.u_conv3.u_weights._24560_/Y
 m.u_conv3.u_weights._24561_/Y
 m.u_conv3.u_weights._24562_/X
 m.u_conv3.u_weights._24563_/Y
 m.u_conv3.u_weights._24564_/Y
 m.u_conv3.u_weights._24565_/Y
 m.u_conv3.u_weights._24566_/Y
 m.u_conv3.u_weights._24567_/Y
 m.u_conv3.u_weights._24568_/Y
 m.u_conv3.u_weights._24569_/X
 m.u_conv3.u_weights._24570_/Y
 m.u_conv3.u_weights._24571_/Y
 m.u_conv3.u_weights._24572_/Y
 m.u_conv3.u_weights._24573_/Y
 m.u_conv3.u_weights._24574_/Y
 m.u_conv3.u_weights._24575_/Y
 m.u_conv3.u_weights._24576_/Y
 m.u_conv3.u_weights._24577_/Y
 m.u_conv3.u_weights._24578_/Y
 m.u_conv3.u_weights._24579_/X
 m.u_conv3.u_weights._24580_/Y
 m.u_conv3.u_weights._24581_/Y
 m.u_conv3.u_weights._24582_/Y
 m.u_conv3.u_weights._24583_/Y
 m.u_conv3.u_weights._24584_/X
 m.u_conv3.u_weights._24585_/Y
 m.u_conv3.u_weights._24586_/X
 m.u_conv3.u_weights._24587_/Y
 m.u_conv3.u_weights._24588_/X
 m.u_conv3.u_weights._24589_/Y
 m.u_conv3.u_weights._24590_/Y
 m.u_conv3.u_weights._24591_/X
 m.u_conv3.u_weights._24592_/Y
 m.u_conv3.u_weights._24593_/Y
 m.u_conv3.u_weights._24594_/X
 m.u_conv3.u_weights._24595_/Y
 m.u_conv3.u_weights._24596_/X
 m.u_conv3.u_weights._24597_/Y
 m.u_conv3.u_weights._24598_/Y
 m.u_conv3.u_weights._24599_/Y
 m.u_conv3.u_weights._24600_/Y
 m.u_conv3.u_weights._24601_/Y
 m.u_conv3.u_weights._24602_/Y
 m.u_conv3.u_weights._24603_/X
 m.u_conv3.u_weights._24604_/Y
 m.u_conv3.u_weights._24605_/Y
 m.u_conv3.u_weights._24606_/Y
 m.u_conv3.u_weights._24607_/Y
 m.u_conv3.u_weights._24608_/Y
 m.u_conv3.u_weights._24609_/X
 m.u_conv3.u_weights._24610_/Y
 m.u_conv3.u_weights._24611_/Y
 m.u_conv3.u_weights._24612_/Y
 m.u_conv3.u_weights._24613_/Y
 m.u_conv3.u_weights._24614_/Y
 m.u_conv3.u_weights._24615_/X
 m.u_conv3.u_weights._24616_/Y
 m.u_conv3.u_weights._24617_/Y
 m.u_conv3.u_weights._24618_/Y
 m.u_conv3.u_weights._24619_/X
 m.u_conv3.u_weights._24620_/X
 m.u_conv3.u_weights._24621_/Y
 m.u_conv3.u_weights._24622_/Y
 m.u_conv3.u_weights._24623_/X
 m.u_conv3.u_weights._24624_/Y
 m.u_conv3.u_weights._24625_/X
 m.u_conv3.u_weights._24626_/Y
 m.u_conv3.u_weights._24627_/Y
 m.u_conv3.u_weights._24628_/X
 m.u_conv3.u_weights._24629_/Y
 m.u_conv3.u_weights._24630_/Y
 m.u_conv3.u_weights._24631_/Y
 m.u_conv3.u_weights._24632_/X
 m.u_conv3.u_weights._24633_/Y
 m.u_conv3.u_weights._24634_/Y
 m.u_conv3.u_weights._24635_/X
 m.u_conv3.u_weights._24636_/Y
 m.u_conv3.u_weights._24637_/Y
 m.u_conv3.u_weights._24638_/Y
 m.u_conv3.u_weights._24639_/Y
 m.u_conv3.u_weights._24640_/X
 m.u_conv3.u_weights._24641_/Y
 m.u_conv3.u_weights._24642_/Y
 m.u_conv3.u_weights._24643_/X
 m.u_conv3.u_weights._24644_/X
 m.u_conv3.u_weights._24645_/Y
 m.u_conv3.u_weights._24646_/Y
 m.u_conv3.u_weights._24647_/Y
 m.u_conv3.u_weights._24648_/Y
 m.u_conv3.u_weights._24649_/Y
 m.u_conv3.u_weights._24650_/Y
 m.u_conv3.u_weights._24651_/X
 m.u_conv3.u_weights._24652_/Y
 m.u_conv3.u_weights._24653_/Y
 m.u_conv3.u_weights._24654_/X
 m.u_conv3.u_weights._24655_/Y
 m.u_conv3.u_weights._24656_/X
 m.u_conv3.u_weights._24657_/Y
 m.u_conv3.u_weights._24658_/Y
 m.u_conv3.u_weights._24659_/Y
 m.u_conv3.u_weights._24660_/X
 m.u_conv3.u_weights._24661_/X
 m.u_conv3.u_weights._24662_/Y
 m.u_conv3.u_weights._24663_/Y
 m.u_conv3.u_weights._24664_/Y
 m.u_conv3.u_weights._24665_/X
 m.u_conv3.u_weights._24666_/Y
 m.u_conv3.u_weights._24667_/Y
 m.u_conv3.u_weights._24668_/Y
 m.u_conv3.u_weights._24669_/Y
 m.u_conv3.u_weights._24670_/X
 m.u_conv3.u_weights._24671_/Y
 m.u_conv3.u_weights._24672_/X
 m.u_conv3.u_weights._24673_/Y
 m.u_conv3.u_weights._24674_/Y
 m.u_conv3.u_weights._24675_/Y
 m.u_conv3.u_weights._24676_/Y
 m.u_conv3.u_weights._24677_/Y
 m.u_conv3.u_weights._24678_/Y
 m.u_conv3.u_weights._24679_/Y
 m.u_conv3.u_weights._24680_/X
 m.u_conv3.u_weights._24681_/X
 m.u_conv3.u_weights._24682_/Y
 m.u_conv3.u_weights._24683_/X
 m.u_conv3.u_weights._24684_/X
 m.u_conv3.u_weights._24685_/X
 m.u_conv3.u_weights._24686_/Y
 m.u_conv3.u_weights._24687_/X
 m.u_conv3.u_weights._24688_/X
 m.u_conv3.u_weights._24689_/Y
 m.u_conv3.u_weights._24690_/Y
 m.u_conv3.u_weights._24691_/X
 m.u_conv3.u_weights._24692_/Y
 m.u_conv3.u_weights._24693_/Y
 m.u_conv3.u_weights._24694_/Y
 m.u_conv3.u_weights._24695_/Y
 m.u_conv3.u_weights._24696_/Y
 m.u_conv3.u_weights._24697_/Y
 m.u_conv3.u_weights._24698_/Y
 m.u_conv3.u_weights._24699_/Y
 m.u_conv3.u_weights._24700_/Y
 m.u_conv3.u_weights._24701_/Y
 m.u_conv3.u_weights._24702_/Y
 m.u_conv3.u_weights._24703_/Y
 m.u_conv3.u_weights._24704_/Y
 m.u_conv3.u_weights._24705_/Y
 m.u_conv3.u_weights._24706_/X
 m.u_conv3.u_weights._24707_/Y
 m.u_conv3.u_weights._24708_/Y
 m.u_conv3.u_weights._24709_/Y
 m.u_conv3.u_weights._24710_/Y
 m.u_conv3.u_weights._24711_/Y
 m.u_conv3.u_weights._24712_/Y
 m.u_conv3.u_weights._24713_/Y
 m.u_conv3.u_weights._24714_/Y
 m.u_conv3.u_weights._24715_/Y
 m.u_conv3.u_weights._24716_/X
 m.u_conv3.u_weights._24717_/Y
 m.u_conv3.u_weights._24718_/Y
 m.u_conv3.u_weights._24719_/X
 m.u_conv3.u_weights._24720_/Y
 m.u_conv3.u_weights._24721_/Y
 m.u_conv3.u_weights._24722_/X
 m.u_conv3.u_weights._24723_/Y
 m.u_conv3.u_weights._24724_/Y
 m.u_conv3.u_weights._24725_/Y
 m.u_conv3.u_weights._24726_/Y
 m.u_conv3.u_weights._24727_/Y
 m.u_conv3.u_weights._24728_/Y
 m.u_conv3.u_weights._24729_/X
 m.u_conv3.u_weights._24730_/Y
 m.u_conv3.u_weights._24731_/X
 m.u_conv3.u_weights._24732_/Y
 m.u_conv3.u_weights._24733_/Y
 m.u_conv3.u_weights._24734_/Y
 m.u_conv3.u_weights._24735_/Y
 m.u_conv3.u_weights._24736_/Y
 m.u_conv3.u_weights._24737_/Y
 m.u_conv3.u_weights._24738_/Y
 m.u_conv3.u_weights._24739_/X
 m.u_conv3.u_weights._24740_/X
 m.u_conv3.u_weights._24741_/Y
 m.u_conv3.u_weights._24742_/X
 m.u_conv3.u_weights._24743_/Y
 m.u_conv3.u_weights._24744_/Y
 m.u_conv3.u_weights._24745_/X
 m.u_conv3.u_weights._24746_/Y
 m.u_conv3.u_weights._24747_/Y
 m.u_conv3.u_weights._24748_/Y
 m.u_conv3.u_weights._24749_/Y
 m.u_conv3.u_weights._24750_/Y
 m.u_conv3.u_weights._24751_/X
 m.u_conv3.u_weights._24752_/Y
 m.u_conv3.u_weights._24753_/Y
 m.u_conv3.u_weights._24754_/X
 m.u_conv3.u_weights._24755_/Y
 m.u_conv3.u_weights._24756_/Y
 m.u_conv3.u_weights._24757_/Y
 m.u_conv3.u_weights._24758_/X
 m.u_conv3.u_weights._24759_/Y
 m.u_conv3.u_weights._24760_/Y
 m.u_conv3.u_weights._24761_/X
 m.u_conv3.u_weights._24762_/Y
 m.u_conv3.u_weights._24763_/Y
 m.u_conv3.u_weights._24764_/Y
 m.u_conv3.u_weights._24765_/Y
 m.u_conv3.u_weights._24766_/X
 m.u_conv3.u_weights._24767_/X
 m.u_conv3.u_weights._24768_/Y
 m.u_conv3.u_weights._24769_/Y
 m.u_conv3.u_weights._24770_/Y
 m.u_conv3.u_weights._24771_/X
 m.u_conv3.u_weights._24772_/Y
 m.u_conv3.u_weights._24773_/X
 m.u_conv3.u_weights._24774_/Y
 m.u_conv3.u_weights._24775_/Y
 m.u_conv3.u_weights._24776_/Y
 m.u_conv3.u_weights._24777_/Y
 m.u_conv3.u_weights._24778_/X
 m.u_conv3.u_weights._24779_/Y
 m.u_conv3.u_weights._24780_/Y
 m.u_conv3.u_weights._24781_/Y
 m.u_conv3.u_weights._24782_/Y
 m.u_conv3.u_weights._24783_/Y
 m.u_conv3.u_weights._24784_/X
 m.u_conv3.u_weights._24785_/X
 m.u_conv3.u_weights._24786_/X
 m.u_conv3.u_weights._24787_/X
 m.u_conv3.u_weights._24788_/X
 m.u_conv3.u_weights._24789_/Y
 m.u_conv3.u_weights._24790_/X
 m.u_conv3.u_weights._24791_/Y
 m.u_conv3.u_weights._24792_/Y
 m.u_conv3.u_weights._24793_/Y
 m.u_conv3.u_weights._24794_/Y
 m.u_conv3.u_weights._24795_/Y
 m.u_conv3.u_weights._24796_/Y
 m.u_conv3.u_weights._24797_/X
 m.u_conv3.u_weights._24798_/Y
 m.u_conv3.u_weights._24799_/X
 m.u_conv3.u_weights._24800_/Y
 m.u_conv3.u_weights._24801_/Y
 m.u_conv3.u_weights._24802_/Y
 m.u_conv3.u_weights._24803_/Y
 m.u_conv3.u_weights._24804_/Y
 m.u_conv3.u_weights._24805_/Y
 m.u_conv3.u_weights._24806_/Y
 m.u_conv3.u_weights._24807_/Y
 m.u_conv3.u_weights._24808_/Y
 m.u_conv3.u_weights._24809_/Y
 m.u_conv3.u_weights._24810_/X
 m.u_conv3.u_weights._24811_/X
 m.u_conv3.u_weights._24812_/Y
 m.u_conv3.u_weights._24813_/X
 m.u_conv3.u_weights._24814_/X
 m.u_conv3.u_weights._24815_/Y
 m.u_conv3.u_weights._24816_/Y
 m.u_conv3.u_weights._24817_/X
 m.u_conv3.u_weights._24818_/Y
 m.u_conv3.u_weights._24819_/Y
 m.u_conv3.u_weights._24820_/X
 m.u_conv3.u_weights._24821_/Y
 m.u_conv3.u_weights._24822_/X
 m.u_conv3.u_weights._24823_/Y
 m.u_conv3.u_weights._24824_/X
 m.u_conv3.u_weights._24825_/X
 m.u_conv3.u_weights._24826_/Y
 m.u_conv3.u_weights._24827_/Y
 m.u_conv3.u_weights._24828_/Y
 m.u_conv3.u_weights._24829_/X
 m.u_conv3.u_weights._24830_/X
 m.u_conv3.u_weights._24831_/Y
 m.u_conv3.u_weights._24832_/Y
 m.u_conv3.u_weights._24833_/X
 m.u_conv3.u_weights._24834_/X
 m.u_conv3.u_weights._24835_/Y
 m.u_conv3.u_weights._24836_/Y
 m.u_conv3.u_weights._24837_/X
 m.u_conv3.u_weights._24838_/Y
 m.u_conv3.u_weights._24839_/Y
 m.u_conv3.u_weights._24840_/Y
 m.u_conv3.u_weights._24841_/Y
 m.u_conv3.u_weights._24842_/X
 m.u_conv3.u_weights._24843_/Y
 m.u_conv3.u_weights._24844_/X
 m.u_conv3.u_weights._24845_/Y
 m.u_conv3.u_weights._24846_/Y
 m.u_conv3.u_weights._24847_/Y
 m.u_conv3.u_weights._24848_/Y
 m.u_conv3.u_weights._24849_/Y
 m.u_conv3.u_weights._24850_/X
 m.u_conv3.u_weights._24851_/Y
 m.u_conv3.u_weights._24852_/Y
 m.u_conv3.u_weights._24853_/Y
 m.u_conv3.u_weights._24854_/X
 m.u_conv3.u_weights._24855_/X
 m.u_conv3.u_weights._24856_/Y
 m.u_conv3.u_weights._24857_/Y
 m.u_conv3.u_weights._24858_/Y
 m.u_conv3.u_weights._24859_/Y
 m.u_conv3.u_weights._24860_/X
 m.u_conv3.u_weights._24861_/Y
 m.u_conv3.u_weights._24862_/X
 m.u_conv3.u_weights._24863_/Y
 m.u_conv3.u_weights._24864_/Y
 m.u_conv3.u_weights._24865_/Y
 m.u_conv3.u_weights._24866_/Y
 m.u_conv3.u_weights._24867_/Y
 m.u_conv3.u_weights._24868_/X
 m.u_conv3.u_weights._24869_/Y
 m.u_conv3.u_weights._24870_/Y
 m.u_conv3.u_weights._24871_/Y
 m.u_conv3.u_weights._24872_/X
 m.u_conv3.u_weights._24873_/Y
 m.u_conv3.u_weights._24874_/Y
 m.u_conv3.u_weights._24875_/X
 m.u_conv3.u_weights._24876_/X
 m.u_conv3.u_weights._24877_/Y
 m.u_conv3.u_weights._24878_/Y
 m.u_conv3.u_weights._24879_/Y
 m.u_conv3.u_weights._24880_/Y
 m.u_conv3.u_weights._24881_/Y
 m.u_conv3.u_weights._24882_/Y
 m.u_conv3.u_weights._24883_/Y
 m.u_conv3.u_weights._24884_/Y
 m.u_conv3.u_weights._24885_/X
 m.u_conv3.u_weights._24886_/Y
 m.u_conv3.u_weights._24887_/X
 m.u_conv3.u_weights._24888_/X
 m.u_conv3.u_weights._24889_/Y
 m.u_conv3.u_weights._24890_/X
 m.u_conv3.u_weights._24891_/X
 m.u_conv3.u_weights._24892_/Y
 m.u_conv3.u_weights._24893_/Y
 m.u_conv3.u_weights._24894_/Y
 m.u_conv3.u_weights._24895_/Y
 m.u_conv3.u_weights._24896_/Y
 m.u_conv3.u_weights._24897_/Y
 m.u_conv3.u_weights._24898_/Y
 m.u_conv3.u_weights._24899_/Y
 m.u_conv3.u_weights._24900_/Y
 m.u_conv3.u_weights._24901_/Y
 m.u_conv3.u_weights._24902_/X
 m.u_conv3.u_weights._24903_/Y
 m.u_conv3.u_weights._24904_/Y
 m.u_conv3.u_weights._24905_/X
 m.u_conv3.u_weights._24906_/Y
 m.u_conv3.u_weights._24907_/Y
 m.u_conv3.u_weights._24908_/X
 m.u_conv3.u_weights._24909_/Y
 m.u_conv3.u_weights._24910_/Y
 m.u_conv3.u_weights._24911_/Y
 m.u_conv3.u_weights._24912_/Y
 m.u_conv3.u_weights._24913_/Y
 m.u_conv3.u_weights._24914_/X
 m.u_conv3.u_weights._24915_/Y
 m.u_conv3.u_weights._24916_/Y
 m.u_conv3.u_weights._24917_/Y
 m.u_conv3.u_weights._24918_/Y
 m.u_conv3.u_weights._24919_/Y
 m.u_conv3.u_weights._24920_/Y
 m.u_conv3.u_weights._24921_/Y
 m.u_conv3.u_weights._24922_/Y
 m.u_conv3.u_weights._24923_/Y
 m.u_conv3.u_weights._24924_/Y
 m.u_conv3.u_weights._24925_/Y
 m.u_conv3.u_weights._24926_/Y
 m.u_conv3.u_weights._24927_/Y
 m.u_conv3.u_weights._24928_/X
 m.u_conv3.u_weights._24929_/X
 m.u_conv3.u_weights._24930_/Y
 m.u_conv3.u_weights._24931_/Y
 m.u_conv3.u_weights._24932_/Y
 m.u_conv3.u_weights._24933_/Y
 m.u_conv3.u_weights._24934_/Y
 m.u_conv3.u_weights._24935_/Y
 m.u_conv3.u_weights._24936_/Y
 m.u_conv3.u_weights._24937_/Y
 m.u_conv3.u_weights._24938_/X
 m.u_conv3.u_weights._24939_/X
 m.u_conv3.u_weights._24940_/Y
 m.u_conv3.u_weights._24941_/Y
 m.u_conv3.u_weights._24942_/Y
 m.u_conv3.u_weights._24943_/X
 m.u_conv3.u_weights._24944_/Y
 m.u_conv3.u_weights._24945_/Y
 m.u_conv3.u_weights._24946_/Y
 m.u_conv3.u_weights._24947_/X
 m.u_conv3.u_weights._24948_/Y
 m.u_conv3.u_weights._24949_/Y
 m.u_conv3.u_weights._24950_/X
 m.u_conv3.u_weights._24951_/Y
 m.u_conv3.u_weights._24952_/Y
 m.u_conv3.u_weights._24953_/Y
 m.u_conv3.u_weights._24954_/Y
 m.u_conv3.u_weights._24955_/Y
 m.u_conv3.u_weights._24956_/X
 m.u_conv3.u_weights._24957_/Y
 m.u_conv3.u_weights._24958_/Y
 m.u_conv3.u_weights._24959_/Y
 m.u_conv3.u_weights._24960_/Y
 m.u_conv3.u_weights._24961_/Y
 m.u_conv3.u_weights._24962_/Y
 m.u_conv3.u_weights._24963_/Y
 m.u_conv3.u_weights._24964_/Y
 m.u_conv3.u_weights._24965_/Y
 m.u_conv3.u_weights._24966_/X
 m.u_conv3.u_weights._24967_/Y
 m.u_conv3.u_weights._24968_/Y
 m.u_conv3.u_weights._24969_/Y
 m.u_conv3.u_weights._24970_/Y
 m.u_conv3.u_weights._24971_/Y
 m.u_conv3.u_weights._24972_/Y
 m.u_conv3.u_weights._24973_/Y
 m.u_conv3.u_weights._24974_/Y
 m.u_conv3.u_weights._24975_/X
 m.u_conv3.u_weights._24976_/Y
 m.u_conv3.u_weights._24977_/Y
 m.u_conv3.u_weights._24978_/Y
 m.u_conv3.u_weights._24979_/Y
 m.u_conv3.u_weights._24980_/X
 m.u_conv3.u_weights._24981_/Y
 m.u_conv3.u_weights._24982_/X
 m.u_conv3.u_weights._24983_/Y
 m.u_conv3.u_weights._24984_/Y
 m.u_conv3.u_weights._24985_/Y
 m.u_conv3.u_weights._24986_/Y
 m.u_conv3.u_weights._24987_/X
 m.u_conv3.u_weights._24988_/Y
 m.u_conv3.u_weights._24989_/Y
 m.u_conv3.u_weights._24990_/Y
 m.u_conv3.u_weights._24991_/Y
 m.u_conv3.u_weights._24992_/Y
 m.u_conv3.u_weights._24993_/Y
 m.u_conv3.u_weights._24994_/X
 m.u_conv3.u_weights._24995_/Y
 m.u_conv3.u_weights._24996_/Y
 m.u_conv3.u_weights._24997_/Y
 m.u_conv3.u_weights._24998_/Y
 m.u_conv3.u_weights._24999_/Y
 m.u_conv3.u_weights._25000_/Y
 m.u_conv3.u_weights._25001_/Y
 m.u_conv3.u_weights._25002_/Y
 m.u_conv3.u_weights._25003_/Y
 m.u_conv3.u_weights._25004_/Y
 m.u_conv3.u_weights._25005_/Y
 m.u_conv3.u_weights._25006_/X
 m.u_conv3.u_weights._25007_/Y
 m.u_conv3.u_weights._25008_/X
 m.u_conv3.u_weights._25009_/X
 m.u_conv3.u_weights._25010_/Y
 m.u_conv3.u_weights._25011_/Y
 m.u_conv3.u_weights._25012_/Y
 m.u_conv3.u_weights._25013_/Y
 m.u_conv3.u_weights._25014_/Y
 m.u_conv3.u_weights._25015_/X
 m.u_conv3.u_weights._25016_/Y
 m.u_conv3.u_weights._25017_/X
 m.u_conv3.u_weights._25018_/X
 m.u_conv3.u_weights._25019_/Y
 m.u_conv3.u_weights._25020_/Y
 m.u_conv3.u_weights._25021_/Y
 m.u_conv3.u_weights._25022_/X
 m.u_conv3.u_weights._25023_/Y
 m.u_conv3.u_weights._25024_/Y
 m.u_conv3.u_weights._25025_/Y
 m.u_conv3.u_weights._25026_/X
 m.u_conv3.u_weights._25027_/Y
 m.u_conv3.u_weights._25028_/Y
 m.u_conv3.u_weights._25029_/X
 m.u_conv3.u_weights._25030_/X
 m.u_conv3.u_weights._25031_/Y
 m.u_conv3.u_weights._25032_/X
 m.u_conv3.u_weights._25033_/Y
 m.u_conv3.u_weights._25034_/Y
 m.u_conv3.u_weights._25035_/Y
 m.u_conv3.u_weights._25036_/Y
 m.u_conv3.u_weights._25037_/Y
 m.u_conv3.u_weights._25038_/Y
 m.u_conv3.u_weights._25039_/Y
 m.u_conv3.u_weights._25040_/Y
 m.u_conv3.u_weights._25041_/Y
 m.u_conv3.u_weights._25042_/X
 m.u_conv3.u_weights._25043_/Y
 m.u_conv3.u_weights._25044_/Y
 m.u_conv3.u_weights._25045_/Y
 m.u_conv3.u_weights._25046_/Y
 m.u_conv3.u_weights._25047_/X
 m.u_conv3.u_weights._25048_/Y
 m.u_conv3.u_weights._25049_/X
 m.u_conv3.u_weights._25050_/Y
 m.u_conv3.u_weights._25051_/X
 m.u_conv3.u_weights._25052_/Y
 m.u_conv3.u_weights._25053_/Y
 m.u_conv3.u_weights._25054_/X
 m.u_conv3.u_weights._25055_/Y
 m.u_conv3.u_weights._25056_/X
 m.u_conv3.u_weights._25057_/X
 m.u_conv3.u_weights._25058_/Y
 m.u_conv3.u_weights._25059_/X
 m.u_conv3.u_weights._25060_/Y
 m.u_conv3.u_weights._25061_/X
 m.u_conv3.u_weights._25062_/X
 m.u_conv3.u_weights._25063_/X
 m.u_conv3.u_weights._25064_/Y
 m.u_conv3.u_weights._25065_/Y
 m.u_conv3.u_weights._25066_/X
 m.u_conv3.u_weights._25067_/Y
 m.u_conv3.u_weights._25068_/Y
 m.u_conv3.u_weights._25069_/Y
 m.u_conv3.u_weights._25070_/Y
 m.u_conv3.u_weights._25071_/Y
 m.u_conv3.u_weights._25072_/X
 m.u_conv3.u_weights._25073_/Y
 m.u_conv3.u_weights._25074_/Y
 m.u_conv3.u_weights._25075_/Y
 m.u_conv3.u_weights._25076_/Y
 m.u_conv3.u_weights._25077_/X
 m.u_conv3.u_weights._25078_/X
 m.u_conv3.u_weights._25079_/Y
 m.u_conv3.u_weights._25080_/X
 m.u_conv3.u_weights._25081_/X
 m.u_conv3.u_weights._25082_/Y
 m.u_conv3.u_weights._25083_/Y
 m.u_conv3.u_weights._25084_/Y
 m.u_conv3.u_weights._25085_/Y
 m.u_conv3.u_weights._25086_/Y
 m.u_conv3.u_weights._25087_/X
 m.u_conv3.u_weights._25088_/Y
 m.u_conv3.u_weights._25089_/Y
 m.u_conv3.u_weights._25090_/Y
 m.u_conv3.u_weights._25091_/Y
 m.u_conv3.u_weights._25092_/X
 m.u_conv3.u_weights._25093_/Y
 m.u_conv3.u_weights._25094_/Y
 m.u_conv3.u_weights._25095_/Y
 m.u_conv3.u_weights._25096_/Y
 m.u_conv3.u_weights._25097_/Y
 m.u_conv3.u_weights._25098_/Y
 m.u_conv3.u_weights._25099_/Y
 m.u_conv3.u_weights._25100_/X
 m.u_conv3.u_weights._25101_/Y
 m.u_conv3.u_weights._25102_/Y
 m.u_conv3.u_weights._25103_/Y
 m.u_conv3.u_weights._25104_/X
 m.u_conv3.u_weights._25105_/Y
 m.u_conv3.u_weights._25106_/Y
 m.u_conv3.u_weights._25107_/Y
 m.u_conv3.u_weights._25108_/X
 m.u_conv3.u_weights._25109_/Y
 m.u_conv3.u_weights._25110_/Y
 m.u_conv3.u_weights._25111_/Y
 m.u_conv3.u_weights._25112_/X
 m.u_conv3.u_weights._25113_/Y
 m.u_conv3.u_weights._25114_/Y
 m.u_conv3.u_weights._25115_/Y
 m.u_conv3.u_weights._25116_/Y
 m.u_conv3.u_weights._25117_/Y
 m.u_conv3.u_weights._25118_/Y
 m.u_conv3.u_weights._25119_/Y
 m.u_conv3.u_weights._25120_/Y
 m.u_conv3.u_weights._25121_/Y
 m.u_conv3.u_weights._25122_/X
 m.u_conv3.u_weights._25123_/Y
 m.u_conv3.u_weights._25124_/Y
 m.u_conv3.u_weights._25125_/X
 m.u_conv3.u_weights._25126_/Y
 m.u_conv3.u_weights._25127_/X
 m.u_conv3.u_weights._25128_/Y
 m.u_conv3.u_weights._25129_/Y
 m.u_conv3.u_weights._25130_/Y
 m.u_conv3.u_weights._25131_/Y
 m.u_conv3.u_weights._25132_/Y
 m.u_conv3.u_weights._25133_/Y
 m.u_conv3.u_weights._25134_/Y
 m.u_conv3.u_weights._25135_/Y
 m.u_conv3.u_weights._25136_/Y
 m.u_conv3.u_weights._25137_/X
 m.u_conv3.u_weights._25138_/Y
 m.u_conv3.u_weights._25139_/Y
 m.u_conv3.u_weights._25140_/Y
 m.u_conv3.u_weights._25141_/X
 m.u_conv3.u_weights._25142_/X
 m.u_conv3.u_weights._25143_/Y
 m.u_conv3.u_weights._25144_/X
 m.u_conv3.u_weights._25145_/X
 m.u_conv3.u_weights._25146_/Y
 m.u_conv3.u_weights._25147_/X
 m.u_conv3.u_weights._25148_/X
 m.u_conv3.u_weights._25149_/Y
 m.u_conv3.u_weights._25150_/Y
 m.u_conv3.u_weights._25151_/Y
 m.u_conv3.u_weights._25152_/X
 m.u_conv3.u_weights._25153_/Y
 m.u_conv3.u_weights._25154_/Y
 m.u_conv3.u_weights._25155_/X
 m.u_conv3.u_weights._25156_/Y
 m.u_conv3.u_weights._25157_/Y
 m.u_conv3.u_weights._25158_/Y
 m.u_conv3.u_weights._25159_/Y
 m.u_conv3.u_weights._25160_/X
 m.u_conv3.u_weights._25161_/Y
 m.u_conv3.u_weights._25162_/Y
 m.u_conv3.u_weights._25163_/Y
 m.u_conv3.u_weights._25164_/X
 m.u_conv3.u_weights._25165_/Y
 m.u_conv3.u_weights._25166_/Y
 m.u_conv3.u_weights._25167_/Y
 m.u_conv3.u_weights._25168_/Y
 m.u_conv3.u_weights._25169_/Y
 m.u_conv3.u_weights._25170_/Y
 m.u_conv3.u_weights._25171_/Y
 m.u_conv3.u_weights._25172_/Y
 m.u_conv3.u_weights._25173_/X
 m.u_conv3.u_weights._25174_/Y
 m.u_conv3.u_weights._25175_/Y
 m.u_conv3.u_weights._25176_/Y
 m.u_conv3.u_weights._25177_/Y
 m.u_conv3.u_weights._25178_/Y
 m.u_conv3.u_weights._25179_/Y
 m.u_conv3.u_weights._25180_/Y
 m.u_conv3.u_weights._25181_/X
 m.u_conv3.u_weights._25182_/Y
 m.u_conv3.u_weights._25183_/Y
 m.u_conv3.u_weights._25184_/Y
 m.u_conv3.u_weights._25185_/Y
 m.u_conv3.u_weights._25186_/Y
 m.u_conv3.u_weights._25187_/Y
 m.u_conv3.u_weights._25188_/Y
 m.u_conv3.u_weights._25189_/X
 m.u_conv3.u_weights._25190_/Y
 m.u_conv3.u_weights._25191_/Y
 m.u_conv3.u_weights._25192_/Y
 m.u_conv3.u_weights._25193_/Y
 m.u_conv3.u_weights._25194_/Y
 m.u_conv3.u_weights._25195_/Y
 m.u_conv3.u_weights._25196_/Y
 m.u_conv3.u_weights._25197_/Y
 m.u_conv3.u_weights._25198_/Y
 m.u_conv3.u_weights._25199_/Y
 m.u_conv3.u_weights._25200_/Y
 m.u_conv3.u_weights._25201_/X
 m.u_conv3.u_weights._25202_/Y
 m.u_conv3.u_weights._25203_/Y
 m.u_conv3.u_weights._25204_/X
 m.u_conv3.u_weights._25205_/Y
 m.u_conv3.u_weights._25206_/X
 m.u_conv3.u_weights._25207_/X
 m.u_conv3.u_weights._25208_/Y
 m.u_conv3.u_weights._25209_/X
 m.u_conv3.u_weights._25210_/Y
 m.u_conv3.u_weights._25211_/Y
 m.u_conv3.u_weights._25212_/Y
 m.u_conv3.u_weights._25213_/Y
 m.u_conv3.u_weights._25214_/Y
 m.u_conv3.u_weights._25215_/Y
 m.u_conv3.u_weights._25216_/X
 m.u_conv3.u_weights._25217_/Y
 m.u_conv3.u_weights._25218_/Y
 m.u_conv3.u_weights._25219_/X
 m.u_conv3.u_weights._25220_/Y
 m.u_conv3.u_weights._25221_/X
 m.u_conv3.u_weights._25222_/Y
 m.u_conv3.u_weights._25223_/Y
 m.u_conv3.u_weights._25224_/X
 m.u_conv3.u_weights._25225_/Y
 m.u_conv3.u_weights._25226_/Y
 m.u_conv3.u_weights._25227_/Y
 m.u_conv3.u_weights._25228_/Y
 m.u_conv3.u_weights._25229_/Y
 m.u_conv3.u_weights._25230_/Y
 m.u_conv3.u_weights._25231_/Y
 m.u_conv3.u_weights._25232_/Y
 m.u_conv3.u_weights._25233_/X
 m.u_conv3.u_weights._25234_/Y
 m.u_conv3.u_weights._25235_/Y
 m.u_conv3.u_weights._25236_/Y
 m.u_conv3.u_weights._25237_/Y
 m.u_conv3.u_weights._25238_/X
 m.u_conv3.u_weights._25239_/Y
 m.u_conv3.u_weights._25240_/Y
 m.u_conv3.u_weights._25241_/X
 m.u_conv3.u_weights._25242_/Y
 m.u_conv3.u_weights._25243_/Y
 m.u_conv3.u_weights._25244_/Y
 m.u_conv3.u_weights._25245_/Y
 m.u_conv3.u_weights._25246_/Y
 m.u_conv3.u_weights._25247_/X
 m.u_conv3.u_weights._25248_/Y
 m.u_conv3.u_weights._25249_/Y
 m.u_conv3.u_weights._25250_/Y
 m.u_conv3.u_weights._25251_/X
 m.u_conv3.u_weights._25252_/X
 m.u_conv3.u_weights._25253_/Y
 m.u_conv3.u_weights._25254_/Y
 m.u_conv3.u_weights._25255_/X
 m.u_conv3.u_weights._25256_/Y
 m.u_conv3.u_weights._25257_/Y
 m.u_conv3.u_weights._25258_/Y
 m.u_conv3.u_weights._25259_/Y
 m.u_conv3.u_weights._25260_/Y
 m.u_conv3.u_weights._25261_/Y
 m.u_conv3.u_weights._25262_/X
 m.u_conv3.u_weights._25263_/Y
 m.u_conv3.u_weights._25264_/Y
 m.u_conv3.u_weights._25265_/Y
 m.u_conv3.u_weights._25266_/Y
 m.u_conv3.u_weights._25267_/X
 m.u_conv3.u_weights._25268_/Y
 m.u_conv3.u_weights._25269_/Y
 m.u_conv3.u_weights._25270_/Y
 m.u_conv3.u_weights._25271_/X
 m.u_conv3.u_weights._25272_/Y
 m.u_conv3.u_weights._25273_/Y
 m.u_conv3.u_weights._25274_/Y
 m.u_conv3.u_weights._25275_/Y
 m.u_conv3.u_weights._25276_/Y
 m.u_conv3.u_weights._25277_/Y
 m.u_conv3.u_weights._25278_/Y
 m.u_conv3.u_weights._25279_/Y
 m.u_conv3.u_weights._25280_/Y
 m.u_conv3.u_weights._25281_/X
 m.u_conv3.u_weights._25282_/Y
 m.u_conv3.u_weights._25283_/Y
 m.u_conv3.u_weights._25284_/Y
 m.u_conv3.u_weights._25285_/Y
 m.u_conv3.u_weights._25286_/Y
 m.u_conv3.u_weights._25287_/Y
 m.u_conv3.u_weights._25288_/Y
 m.u_conv3.u_weights._25289_/Y
 m.u_conv3.u_weights._25290_/X
 m.u_conv3.u_weights._25291_/Y
 m.u_conv3.u_weights._25292_/X
 m.u_conv3.u_weights._25293_/Y
 m.u_conv3.u_weights._25294_/X
 m.u_conv3.u_weights._25295_/Y
 m.u_conv3.u_weights._25296_/Y
 m.u_conv3.u_weights._25297_/Y
 m.u_conv3.u_weights._25298_/X
 m.u_conv3.u_weights._25299_/Y
 m.u_conv3.u_weights._25300_/Y
 m.u_conv3.u_weights._25301_/Y
 m.u_conv3.u_weights._25302_/Y
 m.u_conv3.u_weights._25303_/Y
 m.u_conv3.u_weights._25304_/X
 m.u_conv3.u_weights._25305_/Y
 m.u_conv3.u_weights._25306_/X
 m.u_conv3.u_weights._25307_/Y
 m.u_conv3.u_weights._25308_/Y
 m.u_conv3.u_weights._25309_/Y
 m.u_conv3.u_weights._25310_/Y
 m.u_conv3.u_weights._25311_/Y
 m.u_conv3.u_weights._25312_/Y
 m.u_conv3.u_weights._25313_/X
 m.u_conv3.u_weights._25314_/Y
 m.u_conv3.u_weights._25315_/Y
 m.u_conv3.u_weights._25316_/Y
 m.u_conv3.u_weights._25317_/Y
 m.u_conv3.u_weights._25318_/Y
 m.u_conv3.u_weights._25319_/X
 m.u_conv3.u_weights._25320_/Y
 m.u_conv3.u_weights._25321_/Y
 m.u_conv3.u_weights._25322_/Y
 m.u_conv3.u_weights._25323_/Y
 m.u_conv3.u_weights._25324_/Y
 m.u_conv3.u_weights._25325_/X
 m.u_conv3.u_weights._25326_/Y
 m.u_conv3.u_weights._25327_/Y
 m.u_conv3.u_weights._25328_/Y
 m.u_conv3.u_weights._25329_/Y
 m.u_conv3.u_weights._25330_/Y
 m.u_conv3.u_weights._25331_/X
 m.u_conv3.u_weights._25332_/Y
 m.u_conv3.u_weights._25333_/Y
 m.u_conv3.u_weights._25334_/X
 m.u_conv3.u_weights._25335_/Y
 m.u_conv3.u_weights._25336_/Y
 m.u_conv3.u_weights._25337_/Y
 m.u_conv3.u_weights._25338_/X
 m.u_conv3.u_weights._25339_/X
 m.u_conv3.u_weights._25340_/Y
 m.u_conv3.u_weights._25341_/Y
 m.u_conv3.u_weights._25342_/X
 m.u_conv3.u_weights._25343_/Y
 m.u_conv3.u_weights._25344_/Y
 m.u_conv3.u_weights._25345_/Y
 m.u_conv3.u_weights._25346_/Y
 m.u_conv3.u_weights._25347_/Y
 m.u_conv3.u_weights._25348_/Y
 m.u_conv3.u_weights._25349_/Y
 m.u_conv3.u_weights._25350_/Y
 m.u_conv3.u_weights._25351_/Y
 m.u_conv3.u_weights._25352_/Y
 m.u_conv3.u_weights._25353_/Y
 m.u_conv3.u_weights._25354_/Y
 m.u_conv3.u_weights._25355_/Y
 m.u_conv3.u_weights._25356_/X
 m.u_conv3.u_weights._25357_/Y
 m.u_conv3.u_weights._25358_/Y
 m.u_conv3.u_weights._25359_/Y
 m.u_conv3.u_weights._25360_/Y
 m.u_conv3.u_weights._25361_/Y
 m.u_conv3.u_weights._25362_/Y
 m.u_conv3.u_weights._25363_/Y
 m.u_conv3.u_weights._25364_/Y
 m.u_conv3.u_weights._25365_/X
 m.u_conv3.u_weights._25366_/X
 m.u_conv3.u_weights._25367_/Y
 m.u_conv3.u_weights._25368_/Y
 m.u_conv3.u_weights._25369_/X
 m.u_conv3.u_weights._25370_/X
 m.u_conv3.u_weights._25371_/X
 m.u_conv3.u_weights._25372_/Y
 m.u_conv3.u_weights._25373_/Y
 m.u_conv3.u_weights._25374_/Y
 m.u_conv3.u_weights._25375_/X
 m.u_conv3.u_weights._25376_/Y
 m.u_conv3.u_weights._25377_/Y
 m.u_conv3.u_weights._25378_/Y
 m.u_conv3.u_weights._25379_/Y
 m.u_conv3.u_weights._25380_/X
 m.u_conv3.u_weights._25381_/Y
 m.u_conv3.u_weights._25382_/Y
 m.u_conv3.u_weights._25383_/Y
 m.u_conv3.u_weights._25384_/Y
 m.u_conv3.u_weights._25385_/Y
 m.u_conv3.u_weights._25386_/Y
 m.u_conv3.u_weights._25387_/Y
 m.u_conv3.u_weights._25388_/Y
 m.u_conv3.u_weights._25389_/Y
 m.u_conv3.u_weights._25390_/Y
 m.u_conv3.u_weights._25391_/X
 m.u_conv3.u_weights._25392_/Y
 m.u_conv3.u_weights._25393_/X
 m.u_conv3.u_weights._25394_/Y
 m.u_conv3.u_weights._25395_/X
 m.u_conv3.u_weights._25396_/Y
 m.u_conv3.u_weights._25397_/Y
 m.u_conv3.u_weights._25398_/Y
 m.u_conv3.u_weights._25399_/Y
 m.u_conv3.u_weights._25400_/X
 m.u_conv3.u_weights._25401_/Y
 m.u_conv3.u_weights._25402_/Y
 m.u_conv3.u_weights._25403_/Y
 m.u_conv3.u_weights._25404_/Y
 m.u_conv3.u_weights._25405_/X
 m.u_conv3.u_weights._25406_/X
 m.u_conv3.u_weights._25407_/Y
 m.u_conv3.u_weights._25408_/Y
 m.u_conv3.u_weights._25409_/X
 m.u_conv3.u_weights._25410_/Y
 m.u_conv3.u_weights._25411_/Y
 m.u_conv3.u_weights._25412_/Y
 m.u_conv3.u_weights._25413_/X
 m.u_conv3.u_weights._25414_/Y
 m.u_conv3.u_weights._25415_/Y
 m.u_conv3.u_weights._25416_/X
 m.u_conv3.u_weights._25417_/Y
 m.u_conv3.u_weights._25418_/Y
 m.u_conv3.u_weights._25419_/Y
 m.u_conv3.u_weights._25420_/X
 m.u_conv3.u_weights._25421_/Y
 m.u_conv3.u_weights._25422_/Y
 m.u_conv3.u_weights._25423_/Y
 m.u_conv3.u_weights._25424_/Y
 m.u_conv3.u_weights._25425_/Y
 m.u_conv3.u_weights._25426_/Y
 m.u_conv3.u_weights._25427_/Y
 m.u_conv3.u_weights._25428_/Y
 m.u_conv3.u_weights._25429_/Y
 m.u_conv3.u_weights._25430_/Y
 m.u_conv3.u_weights._25431_/Y
 m.u_conv3.u_weights._25432_/Y
 m.u_conv3.u_weights._25433_/Y
 m.u_conv3.u_weights._25434_/Y
 m.u_conv3.u_weights._25435_/Y
 m.u_conv3.u_weights._25436_/Y
 m.u_conv3.u_weights._25437_/X
 m.u_conv3.u_weights._25438_/Y
 m.u_conv3.u_weights._25439_/Y
 m.u_conv3.u_weights._25440_/Y
 m.u_conv3.u_weights._25441_/Y
 m.u_conv3.u_weights._25442_/Y
 m.u_conv3.u_weights._25443_/Y
 m.u_conv3.u_weights._25444_/Y
 m.u_conv3.u_weights._25445_/Y
 m.u_conv3.u_weights._25446_/Y
 m.u_conv3.u_weights._25447_/Y
 m.u_conv3.u_weights._25448_/Y
 m.u_conv3.u_weights._25449_/X
 m.u_conv3.u_weights._25450_/Y
 m.u_conv3.u_weights._25451_/X
 m.u_conv3.u_weights._25452_/X
 m.u_conv3.u_weights._25453_/Y
 m.u_conv3.u_weights._25454_/X
 m.u_conv3.u_weights._25455_/Y
 m.u_conv3.u_weights._25456_/X
 m.u_conv3.u_weights._25457_/Y
 m.u_conv3.u_weights._25458_/X
 m.u_conv3.u_weights._25459_/Y
 m.u_conv3.u_weights._25460_/Y
 m.u_conv3.u_weights._25461_/Y
 m.u_conv3.u_weights._25462_/Y
 m.u_conv3.u_weights._25463_/Y
 m.u_conv3.u_weights._25464_/Y
 m.u_conv3.u_weights._25465_/Y
 m.u_conv3.u_weights._25466_/Y
 m.u_conv3.u_weights._25467_/Y
 m.u_conv3.u_weights._25468_/Y
 m.u_conv3.u_weights._25469_/Y
 m.u_conv3.u_weights._25470_/Y
 m.u_conv3.u_weights._25471_/Y
 m.u_conv3.u_weights._25472_/Y
 m.u_conv3.u_weights._25473_/X
 m.u_conv3.u_weights._25474_/Y
 m.u_conv3.u_weights._25475_/Y
 m.u_conv3.u_weights._25476_/Y
 m.u_conv3.u_weights._25477_/Y
 m.u_conv3.u_weights._25478_/Y
 m.u_conv3.u_weights._25479_/Y
 m.u_conv3.u_weights._25480_/Y
 m.u_conv3.u_weights._25481_/Y
 m.u_conv3.u_weights._25482_/Y
 m.u_conv3.u_weights._25483_/Y
 m.u_conv3.u_weights._25484_/Y
 m.u_conv3.u_weights._25485_/X
 m.u_conv3.u_weights._25486_/Y
 m.u_conv3.u_weights._25487_/X
 m.u_conv3.u_weights._25488_/Y
 m.u_conv3.u_weights._25489_/Y
 m.u_conv3.u_weights._25490_/Y
 m.u_conv3.u_weights._25491_/X
 m.u_conv3.u_weights._25492_/Y
 m.u_conv3.u_weights._25493_/Y
 m.u_conv3.u_weights._25494_/X
 m.u_conv3.u_weights._25495_/Y
 m.u_conv3.u_weights._25496_/X
 m.u_conv3.u_weights._25497_/Y
 m.u_conv3.u_weights._25498_/Y
 m.u_conv3.u_weights._25499_/Y
 m.u_conv3.u_weights._25500_/Y
 m.u_conv3.u_weights._25501_/Y
 m.u_conv3.u_weights._25502_/Y
 m.u_conv3.u_weights._25503_/Y
 m.u_conv3.u_weights._25504_/Y
 m.u_conv3.u_weights._25505_/Y
 m.u_conv3.u_weights._25506_/Y
 m.u_conv3.u_weights._25507_/Y
 m.u_conv3.u_weights._25508_/X
 m.u_conv3.u_weights._25509_/Y
 m.u_conv3.u_weights._25510_/Y
 m.u_conv3.u_weights._25511_/Y
 m.u_conv3.u_weights._25512_/Y
 m.u_conv3.u_weights._25513_/Y
 m.u_conv3.u_weights._25514_/Y
 m.u_conv3.u_weights._25515_/Y
 m.u_conv3.u_weights._25516_/Y
 m.u_conv3.u_weights._25517_/X
 m.u_conv3.u_weights._25518_/Y
 m.u_conv3.u_weights._25519_/Y
 m.u_conv3.u_weights._25520_/Y
 m.u_conv3.u_weights._25521_/Y
 m.u_conv3.u_weights._25522_/X
 m.u_conv3.u_weights._25523_/Y
 m.u_conv3.u_weights._25524_/Y
 m.u_conv3.u_weights._25525_/Y
 m.u_conv3.u_weights._25526_/Y
 m.u_conv3.u_weights._25527_/X
 m.u_conv3.u_weights._25528_/Y
 m.u_conv3.u_weights._25529_/Y
 m.u_conv3.u_weights._25530_/Y
 m.u_conv3.u_weights._25531_/Y
 m.u_conv3.u_weights._25532_/Y
 m.u_conv3.u_weights._25533_/X
 m.u_conv3.u_weights._25534_/Y
 m.u_conv3.u_weights._25535_/X
 m.u_conv3.u_weights._25536_/Y
 m.u_conv3.u_weights._25537_/Y
 m.u_conv3.u_weights._25538_/Y
 m.u_conv3.u_weights._25539_/Y
 m.u_conv3.u_weights._25540_/X
 m.u_conv3.u_weights._25541_/Y
 m.u_conv3.u_weights._25542_/Y
 m.u_conv3.u_weights._25543_/Y
 m.u_conv3.u_weights._25544_/Y
 m.u_conv3.u_weights._25545_/X
 m.u_conv3.u_weights._25546_/Y
 m.u_conv3.u_weights._25547_/X
 m.u_conv3.u_weights._25548_/X
 m.u_conv3.u_weights._25549_/Y
 m.u_conv3.u_weights._25550_/Y
 m.u_conv3.u_weights._25551_/Y
 m.u_conv3.u_weights._25552_/Y
 m.u_conv3.u_weights._25553_/Y
 m.u_conv3.u_weights._25554_/X
 m.u_conv3.u_weights._25555_/Y
 m.u_conv3.u_weights._25556_/Y
 m.u_conv3.u_weights._25557_/Y
 m.u_conv3.u_weights._25558_/Y
 m.u_conv3.u_weights._25559_/Y
 m.u_conv3.u_weights._25560_/Y
 m.u_conv3.u_weights._25561_/Y
 m.u_conv3.u_weights._25562_/Y
 m.u_conv3.u_weights._25563_/Y
 m.u_conv3.u_weights._25564_/Y
 m.u_conv3.u_weights._25565_/Y
 m.u_conv3.u_weights._25566_/Y
 m.u_conv3.u_weights._25567_/Y
 m.u_conv3.u_weights._25568_/Y
 m.u_conv3.u_weights._25569_/Y
 m.u_conv3.u_weights._25570_/Y
 m.u_conv3.u_weights._25571_/Y
 m.u_conv3.u_weights._25572_/X
 m.u_conv3.u_weights._25573_/Y
 m.u_conv3.u_weights._25574_/Y
 m.u_conv3.u_weights._25575_/Y
 m.u_conv3.u_weights._25576_/Y
 m.u_conv3.u_weights._25577_/Y
 m.u_conv3.u_weights._25578_/Y
 m.u_conv3.u_weights._25579_/X
 m.u_conv3.u_weights._25580_/Y
 m.u_conv3.u_weights._25581_/Y
 m.u_conv3.u_weights._25582_/Y
 m.u_conv3.u_weights._25583_/X
 m.u_conv3.u_weights._25584_/Y
 m.u_conv3.u_weights._25585_/Y
 m.u_conv3.u_weights._25586_/X
 m.u_conv3.u_weights._25587_/Y
 m.u_conv3.u_weights._25588_/Y
 m.u_conv3.u_weights._25589_/Y
 m.u_conv3.u_weights._25590_/Y
 m.u_conv3.u_weights._25591_/Y
 m.u_conv3.u_weights._25592_/Y
 m.u_conv3.u_weights._25593_/X
 m.u_conv3.u_weights._25594_/X
 m.u_conv3.u_weights._25595_/Y
 m.u_conv3.u_weights._25596_/Y
 m.u_conv3.u_weights._25597_/X
 m.u_conv3.u_weights._25598_/Y
 m.u_conv3.u_weights._25599_/Y
 m.u_conv3.u_weights._25600_/X
 m.u_conv3.u_weights._25601_/Y
 m.u_conv3.u_weights._25602_/Y
 m.u_conv3.u_weights._25603_/Y
 m.u_conv3.u_weights._25604_/X
 m.u_conv3.u_weights._25605_/Y
 m.u_conv3.u_weights._25606_/Y
 m.u_conv3.u_weights._25607_/X
 m.u_conv3.u_weights._25608_/Y
 m.u_conv3.u_weights._25609_/Y
 m.u_conv3.u_weights._25610_/Y
 m.u_conv3.u_weights._25611_/Y
 m.u_conv3.u_weights._25612_/Y
 m.u_conv3.u_weights._25613_/X
 m.u_conv3.u_weights._25614_/Y
 m.u_conv3.u_weights._25615_/Y
 m.u_conv3.u_weights._25616_/Y
 m.u_conv3.u_weights._25617_/Y
 m.u_conv3.u_weights._25618_/Y
 m.u_conv3.u_weights._25619_/X
 m.u_conv3.u_weights._25620_/Y
 m.u_conv3.u_weights._25621_/Y
 m.u_conv3.u_weights._25622_/Y
 m.u_conv3.u_weights._25623_/Y
 m.u_conv3.u_weights._25624_/X
 m.u_conv3.u_weights._25625_/Y
 m.u_conv3.u_weights._25626_/Y
 m.u_conv3.u_weights._25627_/X
 m.u_conv3.u_weights._25628_/X
 m.u_conv3.u_weights._25629_/Y
 m.u_conv3.u_weights._25630_/X
 m.u_conv3.u_weights._25631_/X
 m.u_conv3.u_weights._25632_/X
 m.u_conv3.u_weights._25633_/X
 m.u_conv3.u_weights._25634_/Y
 m.u_conv3.u_weights._25635_/X
 m.u_conv3.u_weights._25636_/Y
 m.u_conv3.u_weights._25637_/X
 m.u_conv3.u_weights._25638_/Y
 m.u_conv3.u_weights._25639_/X
 m.u_conv3.u_weights._25640_/X
 m.u_conv3.u_weights._25641_/X
 m.u_conv3.u_weights._25642_/Y
 m.u_conv3.u_weights._25643_/Y
 m.u_conv3.u_weights._25644_/Y
 m.u_conv3.u_weights._25645_/Y
 m.u_conv3.u_weights._25646_/Y
 m.u_conv3.u_weights._25647_/Y
 m.u_conv3.u_weights._25648_/Y
 m.u_conv3.u_weights._25649_/X
 m.u_conv3.u_weights._25650_/Y
 m.u_conv3.u_weights._25651_/Y
 m.u_conv3.u_weights._25652_/Y
 m.u_conv3.u_weights._25653_/X
 m.u_conv3.u_weights._25654_/Y
 m.u_conv3.u_weights._25655_/Y
 m.u_conv3.u_weights._25656_/Y
 m.u_conv3.u_weights._25657_/Y
 m.u_conv3.u_weights._25658_/Y
 m.u_conv3.u_weights._25659_/Y
 m.u_conv3.u_weights._25660_/X
 m.u_conv3.u_weights._25661_/Y
 m.u_conv3.u_weights._25662_/Y
 m.u_conv3.u_weights._25663_/Y
 m.u_conv3.u_weights._25664_/Y
 m.u_conv3.u_weights._25665_/Y
 m.u_conv3.u_weights._25666_/Y
 m.u_conv3.u_weights._25667_/Y
 m.u_conv3.u_weights._25668_/Y
 m.u_conv3.u_weights._25669_/X
 m.u_conv3.u_weights._25670_/Y
 m.u_conv3.u_weights._25671_/Y
 m.u_conv3.u_weights._25672_/Y
 m.u_conv3.u_weights._25673_/Y
 m.u_conv3.u_weights._25674_/Y
 m.u_conv3.u_weights._25675_/Y
 m.u_conv3.u_weights._25676_/Y
 m.u_conv3.u_weights._25677_/Y
 m.u_conv3.u_weights._25678_/X
 m.u_conv3.u_weights._25679_/Y
 m.u_conv3.u_weights._25680_/Y
 m.u_conv3.u_weights._25681_/X
 m.u_conv3.u_weights._25682_/Y
 m.u_conv3.u_weights._25683_/Y
 m.u_conv3.u_weights._25684_/X
 m.u_conv3.u_weights._25685_/Y
 m.u_conv3.u_weights._25686_/Y
 m.u_conv3.u_weights._25687_/Y
 m.u_conv3.u_weights._25688_/Y
 m.u_conv3.u_weights._25689_/Y
 m.u_conv3.u_weights._25690_/Y
 m.u_conv3.u_weights._25691_/Y
 m.u_conv3.u_weights._25692_/Y
 m.u_conv3.u_weights._25693_/Y
 m.u_conv3.u_weights._25694_/Y
 m.u_conv3.u_weights._25695_/X
 m.u_conv3.u_weights._25696_/Y
 m.u_conv3.u_weights._25697_/Y
 m.u_conv3.u_weights._25698_/Y
 m.u_conv3.u_weights._25699_/Y
 m.u_conv3.u_weights._25700_/X
 m.u_conv3.u_weights._25701_/X
 m.u_conv3.u_weights._25702_/X
 m.u_conv3.u_weights._25703_/X
 m.u_conv3.u_weights._25704_/Y
 m.u_conv3.u_weights._25705_/Y
 m.u_conv3.u_weights._25706_/X
 m.u_conv3.u_weights._25707_/X
 m.u_conv3.u_weights._25708_/Y
 m.u_conv3.u_weights._25709_/Y
 m.u_conv3.u_weights._25710_/X
 m.u_conv3.u_weights._25711_/X
 m.u_conv3.u_weights._25712_/Y
 m.u_conv3.u_weights._25713_/Y
 m.u_conv3.u_weights._25714_/Y
 m.u_conv3.u_weights._25715_/Y
 m.u_conv3.u_weights._25716_/Y
 m.u_conv3.u_weights._25717_/Y
 m.u_conv3.u_weights._25718_/Y
 m.u_conv3.u_weights._25719_/Y
 m.u_conv3.u_weights._25720_/Y
 m.u_conv3.u_weights._25721_/Y
 m.u_conv3.u_weights._25722_/Y
 m.u_conv3.u_weights._25723_/Y
 m.u_conv3.u_weights._25724_/Y
 m.u_conv3.u_weights._25725_/Y
 m.u_conv3.u_weights._25726_/X
 m.u_conv3.u_weights._25727_/Y
 m.u_conv3.u_weights._25728_/Y
 m.u_conv3.u_weights._25729_/Y
 m.u_conv3.u_weights._25730_/X
 m.u_conv3.u_weights._25731_/Y
 m.u_conv3.u_weights._25732_/Y
 m.u_conv3.u_weights._25733_/Y
 m.u_conv3.u_weights._25734_/X
 m.u_conv3.u_weights._25735_/Y
 m.u_conv3.u_weights._25736_/Y
 m.u_conv3.u_weights._25737_/Y
 m.u_conv3.u_weights._25738_/Y
 m.u_conv3.u_weights._25739_/Y
 m.u_conv3.u_weights._25740_/Y
 m.u_conv3.u_weights._25741_/X
 m.u_conv3.u_weights._25742_/Y
 m.u_conv3.u_weights._25743_/Y
 m.u_conv3.u_weights._25744_/Y
 m.u_conv3.u_weights._25745_/Y
 m.u_conv3.u_weights._25746_/Y
 m.u_conv3.u_weights._25747_/X
 m.u_conv3.u_weights._25748_/Y
 m.u_conv3.u_weights._25749_/Y
 m.u_conv3.u_weights._25750_/X
 m.u_conv3.u_weights._25751_/Y
 m.u_conv3.u_weights._25752_/Y
 m.u_conv3.u_weights._25753_/Y
 m.u_conv3.u_weights._25754_/Y
 m.u_conv3.u_weights._25755_/X
 m.u_conv3.u_weights._25756_/Y
 m.u_conv3.u_weights._25757_/Y
 m.u_conv3.u_weights._25758_/X
 m.u_conv3.u_weights._25759_/X
 m.u_conv3.u_weights._25760_/Y
 m.u_conv3.u_weights._25761_/Y
 m.u_conv3.u_weights._25762_/Y
 m.u_conv3.u_weights._25763_/Y
 m.u_conv3.u_weights._25764_/Y
 m.u_conv3.u_weights._25765_/Y
 m.u_conv3.u_weights._25766_/Y
 m.u_conv3.u_weights._25767_/Y
 m.u_conv3.u_weights._25768_/Y
 m.u_conv3.u_weights._25769_/Y
 m.u_conv3.u_weights._25770_/Y
 m.u_conv3.u_weights._25771_/Y
 m.u_conv3.u_weights._25772_/Y
 m.u_conv3.u_weights._25773_/Y
 m.u_conv3.u_weights._25774_/Y
 m.u_conv3.u_weights._25775_/Y
 m.u_conv3.u_weights._25776_/Y
 m.u_conv3.u_weights._25777_/X
 m.u_conv3.u_weights._25778_/Y
 m.u_conv3.u_weights._25779_/Y
 m.u_conv3.u_weights._25780_/Y
 m.u_conv3.u_weights._25781_/Y
 m.u_conv3.u_weights._25782_/X
 m.u_conv3.u_weights._25783_/Y
 m.u_conv3.u_weights._25784_/Y
 m.u_conv3.u_weights._25785_/Y
 m.u_conv3.u_weights._25786_/Y
 m.u_conv3.u_weights._25787_/Y
 m.u_conv3.u_weights._25788_/X
 m.u_conv3.u_weights._25789_/Y
 m.u_conv3.u_weights._25790_/Y
 m.u_conv3.u_weights._25791_/X
 m.u_conv3.u_weights._25792_/Y
 m.u_conv3.u_weights._25793_/Y
 m.u_conv3.u_weights._25794_/Y
 m.u_conv3.u_weights._25795_/Y
 m.u_conv3.u_weights._25796_/X
 m.u_conv3.u_weights._25797_/X
 m.u_conv3.u_weights._25798_/Y
 m.u_conv3.u_weights._25799_/Y
 m.u_conv3.u_weights._25800_/Y
 m.u_conv3.u_weights._25801_/Y
 m.u_conv3.u_weights._25802_/Y
 m.u_conv3.u_weights._25803_/Y
 m.u_conv3.u_weights._25804_/Y
 m.u_conv3.u_weights._25805_/Y
 m.u_conv3.u_weights._25806_/Y
 m.u_conv3.u_weights._25807_/Y
 m.u_conv3.u_weights._25808_/Y
 m.u_conv3.u_weights._25809_/X
 m.u_conv3.u_weights._25810_/Y
 m.u_conv3.u_weights._25811_/Y
 m.u_conv3.u_weights._25812_/Y
 m.u_conv3.u_weights._25813_/Y
 m.u_conv3.u_weights._25814_/X
 m.u_conv3.u_weights._25815_/Y
 m.u_conv3.u_weights._25816_/X
 m.u_conv3.u_weights._25817_/Y
 m.u_conv3.u_weights._25818_/Y
 m.u_conv3.u_weights._25819_/X
 m.u_conv3.u_weights._25820_/Y
 m.u_conv3.u_weights._25821_/Y
 m.u_conv3.u_weights._25822_/X
 m.u_conv3.u_weights._25823_/X
 m.u_conv3.u_weights._25824_/Y
 m.u_conv3.u_weights._25825_/Y
 m.u_conv3.u_weights._25826_/X
 m.u_conv3.u_weights._25827_/X
 m.u_conv3.u_weights._25828_/Y
 m.u_conv3.u_weights._25829_/X
 m.u_conv3.u_weights._25830_/X
 m.u_conv3.u_weights._25831_/Y
 m.u_conv3.u_weights._25832_/X
 m.u_conv3.u_weights._25833_/Y
 m.u_conv3.u_weights._25834_/Y
 m.u_conv3.u_weights._25835_/Y
 m.u_conv3.u_weights._25836_/Y
 m.u_conv3.u_weights._25837_/Y
 m.u_conv3.u_weights._25838_/Y
 m.u_conv3.u_weights._25839_/Y
 m.u_conv3.u_weights._25840_/Y
 m.u_conv3.u_weights._25841_/Y
 m.u_conv3.u_weights._25842_/Y
 m.u_conv3.u_weights._25843_/Y
 m.u_conv3.u_weights._25844_/Y
 m.u_conv3.u_weights._25845_/Y
 m.u_conv3.u_weights._25846_/X
 m.u_conv3.u_weights._25847_/Y
 m.u_conv3.u_weights._25848_/Y
 m.u_conv3.u_weights._25849_/X
 m.u_conv3.u_weights._25850_/Y
 m.u_conv3.u_weights._25851_/Y
 m.u_conv3.u_weights._25852_/Y
 m.u_conv3.u_weights._25853_/Y
 m.u_conv3.u_weights._25854_/Y
 m.u_conv3.u_weights._25855_/X
 m.u_conv3.u_weights._25856_/X
 m.u_conv3.u_weights._25857_/Y
 m.u_conv3.u_weights._25858_/Y
 m.u_conv3.u_weights._25859_/Y
 m.u_conv3.u_weights._25860_/Y
 m.u_conv3.u_weights._25861_/Y
 m.u_conv3.u_weights._25862_/X
 m.u_conv3.u_weights._25863_/Y
 m.u_conv3.u_weights._25864_/Y
 m.u_conv3.u_weights._25865_/X
 m.u_conv3.u_weights._25866_/X
 m.u_conv3.u_weights._25867_/X
 m.u_conv3.u_weights._25868_/Y
 m.u_conv3.u_weights._25869_/Y
 m.u_conv3.u_weights._25870_/Y
 m.u_conv3.u_weights._25871_/Y
 m.u_conv3.u_weights._25872_/Y
 m.u_conv3.u_weights._25873_/Y
 m.u_conv3.u_weights._25874_/X
 m.u_conv3.u_weights._25875_/Y
 m.u_conv3.u_weights._25876_/Y
 m.u_conv3.u_weights._25877_/Y
 m.u_conv3.u_weights._25878_/X
 m.u_conv3.u_weights._25879_/X
 m.u_conv3.u_weights._25880_/Y
 m.u_conv3.u_weights._25881_/Y
 m.u_conv3.u_weights._25882_/Y
 m.u_conv3.u_weights._25883_/X
 m.u_conv3.u_weights._25884_/Y
 m.u_conv3.u_weights._25885_/Y
 m.u_conv3.u_weights._25886_/X
 m.u_conv3.u_weights._25887_/Y
 m.u_conv3.u_weights._25888_/Y
 m.u_conv3.u_weights._25889_/X
 m.u_conv3.u_weights._25890_/Y
 m.u_conv3.u_weights._25891_/Y
 m.u_conv3.u_weights._25892_/X
 m.u_conv3.u_weights._25893_/Y
 m.u_conv3.u_weights._25894_/Y
 m.u_conv3.u_weights._25895_/Y
 m.u_conv3.u_weights._25896_/Y
 m.u_conv3.u_weights._25897_/Y
 m.u_conv3.u_weights._25898_/X
 m.u_conv3.u_weights._25899_/Y
 m.u_conv3.u_weights._25900_/Y
 m.u_conv3.u_weights._25901_/X
 m.u_conv3.u_weights._25902_/Y
 m.u_conv3.u_weights._25903_/Y
 m.u_conv3.u_weights._25904_/Y
 m.u_conv3.u_weights._25905_/Y
 m.u_conv3.u_weights._25906_/Y
 m.u_conv3.u_weights._25907_/Y
 m.u_conv3.u_weights._25908_/Y
 m.u_conv3.u_weights._25909_/Y
 m.u_conv3.u_weights._25910_/Y
 m.u_conv3.u_weights._25911_/Y
 m.u_conv3.u_weights._25912_/Y
 m.u_conv3.u_weights._25913_/Y
 m.u_conv3.u_weights._25914_/Y
 m.u_conv3.u_weights._25915_/X
 m.u_conv3.u_weights._25916_/Y
 m.u_conv3.u_weights._25917_/Y
 m.u_conv3.u_weights._25918_/Y
 m.u_conv3.u_weights._25919_/Y
 m.u_conv3.u_weights._25920_/X
 m.u_conv3.u_weights._25921_/X
 m.u_conv3.u_weights._25922_/Y
 m.u_conv3.u_weights._25923_/Y
 m.u_conv3.u_weights._25924_/Y
 m.u_conv3.u_weights._25925_/X
 m.u_conv3.u_weights._25926_/Y
 m.u_conv3.u_weights._25927_/Y
 m.u_conv3.u_weights._25928_/Y
 m.u_conv3.u_weights._25929_/Y
 m.u_conv3.u_weights._25930_/Y
 m.u_conv3.u_weights._25931_/Y
 m.u_conv3.u_weights._25932_/Y
 m.u_conv3.u_weights._25933_/X
 m.u_conv3.u_weights._25934_/Y
 m.u_conv3.u_weights._25935_/Y
 m.u_conv3.u_weights._25936_/Y
 m.u_conv3.u_weights._25937_/Y
 m.u_conv3.u_weights._25938_/Y
 m.u_conv3.u_weights._25939_/Y
 m.u_conv3.u_weights._25940_/Y
 m.u_conv3.u_weights._25941_/Y
 m.u_conv3.u_weights._25942_/Y
 m.u_conv3.u_weights._25943_/Y
 m.u_conv3.u_weights._25944_/Y
 m.u_conv3.u_weights._25945_/Y
 m.u_conv3.u_weights._25946_/Y
 m.u_conv3.u_weights._25947_/X
 m.u_conv3.u_weights._25948_/Y
 m.u_conv3.u_weights._25949_/Y
 m.u_conv3.u_weights._25950_/X
 m.u_conv3.u_weights._25951_/Y
 m.u_conv3.u_weights._25952_/Y
 m.u_conv3.u_weights._25953_/X
 m.u_conv3.u_weights._25954_/X
 m.u_conv3.u_weights._25955_/Y
 m.u_conv3.u_weights._25956_/Y
 m.u_conv3.u_weights._25957_/Y
 m.u_conv3.u_weights._25958_/Y
 m.u_conv3.u_weights._25959_/Y
 m.u_conv3.u_weights._25960_/X
 m.u_conv3.u_weights._25961_/X
 m.u_conv3.u_weights._25962_/X
 m.u_conv3.u_weights._25963_/Y
 m.u_conv3.u_weights._25964_/X
 m.u_conv3.u_weights._25965_/X
 m.u_conv3.u_weights._25966_/Y
 m.u_conv3.u_weights._25967_/Y
 m.u_conv3.u_weights._25968_/X
 m.u_conv3.u_weights._25969_/X
 m.u_conv3.u_weights._25970_/Y
 m.u_conv3.u_weights._25971_/Y
 m.u_conv3.u_weights._25972_/X
 m.u_conv3.u_weights._25973_/Y
 m.u_conv3.u_weights._25974_/Y
 m.u_conv3.u_weights._25975_/Y
 m.u_conv3.u_weights._25976_/Y
 m.u_conv3.u_weights._25977_/Y
 m.u_conv3.u_weights._25978_/Y
 m.u_conv3.u_weights._25979_/Y
 m.u_conv3.u_weights._25980_/X
 m.u_conv3.u_weights._25981_/X
 m.u_conv3.u_weights._25982_/Y
 m.u_conv3.u_weights._25983_/X
 m.u_conv3.u_weights._25984_/X
 m.u_conv3.u_weights._25985_/Y
 m.u_conv3.u_weights._25986_/X
 m.u_conv3.u_weights._25987_/X
 m.u_conv3.u_weights._25988_/Y
 m.u_conv3.u_weights._25989_/Y
 m.u_conv3.u_weights._25990_/X
 m.u_conv3.u_weights._25991_/Y
 m.u_conv3.u_weights._25992_/Y
 m.u_conv3.u_weights._25993_/Y
 m.u_conv3.u_weights._25994_/Y
 m.u_conv3.u_weights._25995_/Y
 m.u_conv3.u_weights._25996_/Y
 m.u_conv3.u_weights._25997_/Y
 m.u_conv3.u_weights._25998_/X
 m.u_conv3.u_weights._25999_/Y
 m.u_conv3.u_weights._26000_/Y
 m.u_conv3.u_weights._26001_/Y
 m.u_conv3.u_weights._26002_/Y
 m.u_conv3.u_weights._26003_/Y
 m.u_conv3.u_weights._26004_/Y
 m.u_conv3.u_weights._26005_/Y
 m.u_conv3.u_weights._26006_/Y
 m.u_conv3.u_weights._26007_/X
 m.u_conv3.u_weights._26008_/Y
 m.u_conv3.u_weights._26009_/X
 m.u_conv3.u_weights._26010_/Y
 m.u_conv3.u_weights._26011_/X
 m.u_conv3.u_weights._26012_/Y
 m.u_conv3.u_weights._26013_/X
 m.u_conv3.u_weights._26014_/Y
 m.u_conv3.u_weights._26015_/Y
 m.u_conv3.u_weights._26016_/Y
 m.u_conv3.u_weights._26017_/X
 m.u_conv3.u_weights._26018_/Y
 m.u_conv3.u_weights._26019_/Y
 m.u_conv3.u_weights._26020_/Y
 m.u_conv3.u_weights._26021_/Y
 m.u_conv3.u_weights._26022_/Y
 m.u_conv3.u_weights._26023_/X
 m.u_conv3.u_weights._26024_/Y
 m.u_conv3.u_weights._26025_/X
 m.u_conv3.u_weights._26026_/Y
 m.u_conv3.u_weights._26027_/Y
 m.u_conv3.u_weights._26028_/Y
 m.u_conv3.u_weights._26029_/Y
 m.u_conv3.u_weights._26030_/Y
 m.u_conv3.u_weights._26031_/Y
 m.u_conv3.u_weights._26032_/X
 m.u_conv3.u_weights._26033_/Y
 m.u_conv3.u_weights._26034_/Y
 m.u_conv3.u_weights._26035_/Y
 m.u_conv3.u_weights._26036_/Y
 m.u_conv3.u_weights._26037_/Y
 m.u_conv3.u_weights._26038_/Y
 m.u_conv3.u_weights._26039_/Y
 m.u_conv3.u_weights._26040_/Y
 m.u_conv3.u_weights._26041_/Y
 m.u_conv3.u_weights._26042_/Y
 m.u_conv3.u_weights._26043_/Y
 m.u_conv3.u_weights._26044_/Y
 m.u_conv3.u_weights._26045_/X
 m.u_conv3.u_weights._26046_/Y
 m.u_conv3.u_weights._26047_/Y
 m.u_conv3.u_weights._26048_/Y
 m.u_conv3.u_weights._26049_/Y
 m.u_conv3.u_weights._26050_/Y
 m.u_conv3.u_weights._26051_/Y
 m.u_conv3.u_weights._26052_/Y
 m.u_conv3.u_weights._26053_/X
 m.u_conv3.u_weights._26054_/Y
 m.u_conv3.u_weights._26055_/Y
 m.u_conv3.u_weights._26056_/Y
 m.u_conv3.u_weights._26057_/Y
 m.u_conv3.u_weights._26058_/Y
 m.u_conv3.u_weights._26059_/Y
 m.u_conv3.u_weights._26060_/X
 m.u_conv3.u_weights._26061_/Y
 m.u_conv3.u_weights._26062_/Y
 m.u_conv3.u_weights._26063_/Y
 m.u_conv3.u_weights._26064_/X
 m.u_conv3.u_weights._26065_/Y
 m.u_conv3.u_weights._26066_/Y
 m.u_conv3.u_weights._26067_/X
 m.u_conv3.u_weights._26068_/Y
 m.u_conv3.u_weights._26069_/Y
 m.u_conv3.u_weights._26070_/X
 m.u_conv3.u_weights._26071_/Y
 m.u_conv3.u_weights._26072_/Y
 m.u_conv3.u_weights._26073_/Y
 m.u_conv3.u_weights._26074_/Y
 m.u_conv3.u_weights._26075_/Y
 m.u_conv3.u_weights._26076_/Y
 m.u_conv3.u_weights._26077_/Y
 m.u_conv3.u_weights._26078_/X
 m.u_conv3.u_weights._26079_/Y
 m.u_conv3.u_weights._26080_/Y
 m.u_conv3.u_weights._26081_/Y
 m.u_conv3.u_weights._26082_/Y
 m.u_conv3.u_weights._26083_/Y
 m.u_conv3.u_weights._26084_/X
 m.u_conv3.u_weights._26085_/Y
 m.u_conv3.u_weights._26086_/Y
 m.u_conv3.u_weights._26087_/X
 m.u_conv3.u_weights._26088_/Y
 m.u_conv3.u_weights._26089_/Y
 m.u_conv3.u_weights._26090_/Y
 m.u_conv3.u_weights._26091_/X
 m.u_conv3.u_weights._26092_/Y
 m.u_conv3.u_weights._26093_/Y
 m.u_conv3.u_weights._26094_/Y
 m.u_conv3.u_weights._26095_/Y
 m.u_conv3.u_weights._26096_/Y
 m.u_conv3.u_weights._26097_/Y
 m.u_conv3.u_weights._26098_/Y
 m.u_conv3.u_weights._26099_/Y
 m.u_conv3.u_weights._26100_/Y
 m.u_conv3.u_weights._26101_/Y
 m.u_conv3.u_weights._26102_/Y
 m.u_conv3.u_weights._26103_/Y
 m.u_conv3.u_weights._26104_/Y
 m.u_conv3.u_weights._26105_/Y
 m.u_conv3.u_weights._26106_/Y
 m.u_conv3.u_weights._26107_/Y
 m.u_conv3.u_weights._26108_/X
 m.u_conv3.u_weights._26109_/Y
 m.u_conv3.u_weights._26110_/Y
 m.u_conv3.u_weights._26111_/X
 m.u_conv3.u_weights._26112_/Y
 m.u_conv3.u_weights._26113_/Y
 m.u_conv3.u_weights._26114_/Y
 m.u_conv3.u_weights._26115_/X
 m.u_conv3.u_weights._26116_/X
 m.u_conv3.u_weights._26117_/Y
 m.u_conv3.u_weights._26118_/X
 m.u_conv3.u_weights._26119_/X
 m.u_conv3.u_weights._26120_/X
 m.u_conv3.u_weights._26121_/Y
 m.u_conv3.u_weights._26122_/Y
 m.u_conv3.u_weights._26123_/Y
 m.u_conv3.u_weights._26124_/X
 m.u_conv3.u_weights._26125_/Y
 m.u_conv3.u_weights._26126_/Y
 m.u_conv3.u_weights._26127_/Y
 m.u_conv3.u_weights._26128_/Y
 m.u_conv3.u_weights._26129_/Y
 m.u_conv3.u_weights._26130_/Y
 m.u_conv3.u_weights._26131_/Y
 m.u_conv3.u_weights._26132_/X
 m.u_conv3.u_weights._26133_/X
 m.u_conv3.u_weights._26134_/Y
 m.u_conv3.u_weights._26135_/Y
 m.u_conv3.u_weights._26136_/X
 m.u_conv3.u_weights._26137_/Y
 m.u_conv3.u_weights._26138_/Y
 m.u_conv3.u_weights._26139_/Y
 m.u_conv3.u_weights._26140_/Y
 m.u_conv3.u_weights._26141_/Y
 m.u_conv3.u_weights._26142_/Y
 m.u_conv3.u_weights._26143_/Y
 m.u_conv3.u_weights._26144_/Y
 m.u_conv3.u_weights._26145_/X
 m.u_conv3.u_weights._26146_/Y
 m.u_conv3.u_weights._26147_/Y
 m.u_conv3.u_weights._26148_/Y
 m.u_conv3.u_weights._26149_/Y
 m.u_conv3.u_weights._26150_/Y
 m.u_conv3.u_weights._26151_/Y
 m.u_conv3.u_weights._26152_/Y
 m.u_conv3.u_weights._26153_/Y
 m.u_conv3.u_weights._26154_/Y
 m.u_conv3.u_weights._26155_/X
 m.u_conv3.u_weights._26156_/Y
 m.u_conv3.u_weights._26157_/Y
 m.u_conv3.u_weights._26158_/X
 m.u_conv3.u_weights._26159_/Y
 m.u_conv3.u_weights._26160_/Y
 m.u_conv3.u_weights._26161_/Y
 m.u_conv3.u_weights._26162_/X
 m.u_conv3.u_weights._26163_/Y
 m.u_conv3.u_weights._26164_/Y
 m.u_conv3.u_weights._26165_/Y
 m.u_conv3.u_weights._26166_/Y
 m.u_conv3.u_weights._26167_/Y
 m.u_conv3.u_weights._26168_/Y
 m.u_conv3.u_weights._26169_/Y
 m.u_conv3.u_weights._26170_/Y
 m.u_conv3.u_weights._26171_/Y
 m.u_conv3.u_weights._26172_/X
 m.u_conv3.u_weights._26173_/Y
 m.u_conv3.u_weights._26174_/Y
 m.u_conv3.u_weights._26175_/Y
 m.u_conv3.u_weights._26176_/X
 m.u_conv3.u_weights._26177_/X
 m.u_conv3.u_weights._26178_/X
 m.u_conv3.u_weights._26179_/X
 m.u_conv3.u_weights._26180_/X
 m.u_conv3.u_weights._26181_/Y
 m.u_conv3.u_weights._26182_/Y
 m.u_conv3.u_weights._26183_/X
 m.u_conv3.u_weights._26184_/X
 m.u_conv3.u_weights._26185_/Y
 m.u_conv3.u_weights._26186_/X
 m.u_conv3.u_weights._26187_/Y
 m.u_conv3.u_weights._26188_/Y
 m.u_conv3.u_weights._26189_/Y
 m.u_conv3.u_weights._26190_/Y
 m.u_conv3.u_weights._26191_/Y
 m.u_conv3.u_weights._26192_/Y
 m.u_conv3.u_weights._26193_/Y
 m.u_conv3.u_weights._26194_/X
 m.u_conv3.u_weights._26195_/Y
 m.u_conv3.u_weights._26196_/Y
 m.u_conv3.u_weights._26197_/Y
 m.u_conv3.u_weights._26198_/Y
 m.u_conv3.u_weights._26199_/Y
 m.u_conv3.u_weights._26200_/X
 m.u_conv3.u_weights._26201_/Y
 m.u_conv3.u_weights._26202_/Y
 m.u_conv3.u_weights._26203_/Y
 m.u_conv3.u_weights._26204_/Y
 m.u_conv3.u_weights._26205_/X
 m.u_conv3.u_weights._26206_/Y
 m.u_conv3.u_weights._26207_/Y
 m.u_conv3.u_weights._26208_/X
 m.u_conv3.u_weights._26209_/Y
 m.u_conv3.u_weights._26210_/Y
 m.u_conv3.u_weights._26211_/X
 m.u_conv3.u_weights._26212_/Y
 m.u_conv3.u_weights._26213_/Y
 m.u_conv3.u_weights._26214_/Y
 m.u_conv3.u_weights._26215_/X
 m.u_conv3.u_weights._26216_/Y
 m.u_conv3.u_weights._26217_/Y
 m.u_conv3.u_weights._26218_/Y
 m.u_conv3.u_weights._26219_/Y
 m.u_conv3.u_weights._26220_/Y
 m.u_conv3.u_weights._26221_/Y
 m.u_conv3.u_weights._26222_/Y
 m.u_conv3.u_weights._26223_/Y
 m.u_conv3.u_weights._26224_/Y
 m.u_conv3.u_weights._26225_/Y
 m.u_conv3.u_weights._26226_/X
 m.u_conv3.u_weights._26227_/Y
 m.u_conv3.u_weights._26228_/X
 m.u_conv3.u_weights._26229_/Y
 m.u_conv3.u_weights._26230_/Y
 m.u_conv3.u_weights._26231_/Y
 m.u_conv3.u_weights._26232_/Y
 m.u_conv3.u_weights._26233_/Y
 m.u_conv3.u_weights._26234_/Y
 m.u_conv3.u_weights._26235_/Y
 m.u_conv3.u_weights._26236_/Y
 m.u_conv3.u_weights._26237_/X
 m.u_conv3.u_weights._26238_/Y
 m.u_conv3.u_weights._26239_/Y
 m.u_conv3.u_weights._26240_/Y
 m.u_conv3.u_weights._26241_/Y
 m.u_conv3.u_weights._26242_/Y
 m.u_conv3.u_weights._26243_/Y
 m.u_conv3.u_weights._26244_/Y
 m.u_conv3.u_weights._26245_/Y
 m.u_conv3.u_weights._26246_/X
 m.u_conv3.u_weights._26247_/Y
 m.u_conv3.u_weights._26248_/Y
 m.u_conv3.u_weights._26249_/Y
 m.u_conv3.u_weights._26250_/X
 m.u_conv3.u_weights._26251_/Y
 m.u_conv3.u_weights._26252_/Y
 m.u_conv3.u_weights._26253_/Y
 m.u_conv3.u_weights._26254_/Y
 m.u_conv3.u_weights._26255_/Y
 m.u_conv3.u_weights._26256_/Y
 m.u_conv3.u_weights._26257_/Y
 m.u_conv3.u_weights._26258_/X
 m.u_conv3.u_weights._26259_/X
 m.u_conv3.u_weights._26260_/Y
 m.u_conv3.u_weights._26261_/Y
 m.u_conv3.u_weights._26262_/Y
 m.u_conv3.u_weights._26263_/Y
 m.u_conv3.u_weights._26264_/Y
 m.u_conv3.u_weights._26265_/Y
 m.u_conv3.u_weights._26266_/Y
 m.u_conv3.u_weights._26267_/Y
 m.u_conv3.u_weights._26268_/Y
 m.u_conv3.u_weights._26269_/Y
 m.u_conv3.u_weights._26270_/Y
 m.u_conv3.u_weights._26271_/Y
 m.u_conv3.u_weights._26272_/X
 m.u_conv3.u_weights._26273_/Y
 m.u_conv3.u_weights._26274_/X
 m.u_conv3.u_weights._26275_/Y
 m.u_conv3.u_weights._26276_/Y
 m.u_conv3.u_weights._26277_/Y
 m.u_conv3.u_weights._26278_/Y
 m.u_conv3.u_weights._26279_/X
 m.u_conv3.u_weights._26280_/Y
 m.u_conv3.u_weights._26281_/Y
 m.u_conv3.u_weights._26282_/Y
 m.u_conv3.u_weights._26283_/X
 m.u_conv3.u_weights._26284_/Y
 m.u_conv3.u_weights._26285_/Y
 m.u_conv3.u_weights._26286_/Y
 m.u_conv3.u_weights._26287_/Y
 m.u_conv3.u_weights._26288_/Y
 m.u_conv3.u_weights._26289_/Y
 m.u_conv3.u_weights._26290_/Y
 m.u_conv3.u_weights._26291_/Y
 m.u_conv3.u_weights._26292_/Y
 m.u_conv3.u_weights._26293_/X
 m.u_conv3.u_weights._26294_/Y
 m.u_conv3.u_weights._26295_/Y
 m.u_conv3.u_weights._26296_/X
 m.u_conv3.u_weights._26297_/X
 m.u_conv3.u_weights._26298_/Y
 m.u_conv3.u_weights._26299_/Y
 m.u_conv3.u_weights._26300_/Y
 m.u_conv3.u_weights._26301_/X
 m.u_conv3.u_weights._26302_/Y
 m.u_conv3.u_weights._26303_/Y
 m.u_conv3.u_weights._26304_/Y
 m.u_conv3.u_weights._26305_/Y
 m.u_conv3.u_weights._26306_/Y
 m.u_conv3.u_weights._26307_/Y
 m.u_conv3.u_weights._26308_/Y
 m.u_conv3.u_weights._26309_/X
 m.u_conv3.u_weights._26310_/Y
 m.u_conv3.u_weights._26311_/Y
 m.u_conv3.u_weights._26312_/X
 m.u_conv3.u_weights._26313_/Y
 m.u_conv3.u_weights._26314_/Y
 m.u_conv3.u_weights._26315_/Y
 m.u_conv3.u_weights._26316_/Y
 m.u_conv3.u_weights._26317_/Y
 m.u_conv3.u_weights._26318_/Y
 m.u_conv3.u_weights._26319_/Y
 m.u_conv3.u_weights._26320_/Y
 m.u_conv3.u_weights._26321_/Y
 m.u_conv3.u_weights._26322_/Y
 m.u_conv3.u_weights._26323_/Y
 m.u_conv3.u_weights._26324_/Y
 m.u_conv3.u_weights._26325_/X
 m.u_conv3.u_weights._26326_/Y
 m.u_conv3.u_weights._26327_/X
 m.u_conv3.u_weights._26328_/Y
 m.u_conv3.u_weights._26329_/Y
 m.u_conv3.u_weights._26330_/Y
 m.u_conv3.u_weights._26331_/X
 m.u_conv3.u_weights._26332_/Y
 m.u_conv3.u_weights._26333_/Y
 m.u_conv3.u_weights._26334_/X
 m.u_conv3.u_weights._26335_/Y
 m.u_conv3.u_weights._26336_/X
 m.u_conv3.u_weights._26337_/Y
 m.u_conv3.u_weights._26338_/Y
 m.u_conv3.u_weights._26339_/Y
 m.u_conv3.u_weights._26340_/Y
 m.u_conv3.u_weights._26341_/Y
 m.u_conv3.u_weights._26342_/Y
 m.u_conv3.u_weights._26343_/X
 m.u_conv3.u_weights._26344_/Y
 m.u_conv3.u_weights._26345_/X
 m.u_conv3.u_weights._26346_/Y
 m.u_conv3.u_weights._26347_/X
 m.u_conv3.u_weights._26348_/Y
 m.u_conv3.u_weights._26349_/X
 m.u_conv3.u_weights._26350_/Y
 m.u_conv3.u_weights._26351_/Y
 m.u_conv3.u_weights._26352_/Y
 m.u_conv3.u_weights._26353_/Y
 m.u_conv3.u_weights._26354_/Y
 m.u_conv3.u_weights._26355_/Y
 m.u_conv3.u_weights._26356_/Y
 m.u_conv3.u_weights._26357_/X
 m.u_conv3.u_weights._26358_/X
 m.u_conv3.u_weights._26359_/Y
 m.u_conv3.u_weights._26360_/Y
 m.u_conv3.u_weights._26361_/Y
 m.u_conv3.u_weights._26362_/Y
 m.u_conv3.u_weights._26363_/X
 m.u_conv3.u_weights._26364_/Y
 m.u_conv3.u_weights._26365_/X
 m.u_conv3.u_weights._26366_/Y
 m.u_conv3.u_weights._26367_/Y
 m.u_conv3.u_weights._26368_/Y
 m.u_conv3.u_weights._26369_/Y
 m.u_conv3.u_weights._26370_/X
 m.u_conv3.u_weights._26371_/Y
 m.u_conv3.u_weights._26372_/X
 m.u_conv3.u_weights._26373_/Y
 m.u_conv3.u_weights._26374_/Y
 m.u_conv3.u_weights._26375_/X
 m.u_conv3.u_weights._26376_/Y
 m.u_conv3.u_weights._26377_/X
 m.u_conv3.u_weights._26378_/Y
 m.u_conv3.u_weights._26379_/Y
 m.u_conv3.u_weights._26380_/X
 m.u_conv3.u_weights._26381_/Y
 m.u_conv3.u_weights._26382_/Y
 m.u_conv3.u_weights._26383_/Y
 m.u_conv3.u_weights._26384_/Y
 m.u_conv3.u_weights._26385_/Y
 m.u_conv3.u_weights._26386_/X
 m.u_conv3.u_weights._26387_/Y
 m.u_conv3.u_weights._26388_/Y
 m.u_conv3.u_weights._26389_/Y
 m.u_conv3.u_weights._26390_/Y
 m.u_conv3.u_weights._26391_/Y
 m.u_conv3.u_weights._26392_/Y
 m.u_conv3.u_weights._26393_/Y
 m.u_conv3.u_weights._26394_/Y
 m.u_conv3.u_weights._26395_/Y
 m.u_conv3.u_weights._26396_/Y
 m.u_conv3.u_weights._26397_/Y
 m.u_conv3.u_weights._26398_/X
 m.u_conv3.u_weights._26399_/Y
 m.u_conv3.u_weights._26400_/Y
 m.u_conv3.u_weights._26401_/X
 m.u_conv3.u_weights._26402_/Y
 m.u_conv3.u_weights._26403_/Y
 m.u_conv3.u_weights._26404_/Y
 m.u_conv3.u_weights._26405_/Y
 m.u_conv3.u_weights._26406_/Y
 m.u_conv3.u_weights._26407_/Y
 m.u_conv3.u_weights._26408_/Y
 m.u_conv3.u_weights._26409_/Y
 m.u_conv3.u_weights._26410_/X
 m.u_conv3.u_weights._26411_/Y
 m.u_conv3.u_weights._26412_/X
 m.u_conv3.u_weights._26413_/Y
 m.u_conv3.u_weights._26414_/X
 m.u_conv3.u_weights._26415_/X
 m.u_conv3.u_weights._26416_/X
 m.u_conv3.u_weights._26417_/X
 m.u_conv3.u_weights._26418_/Y
 m.u_conv3.u_weights._26419_/X
 m.u_conv3.u_weights._26420_/X
 m.u_conv3.u_weights._26421_/Y
 m.u_conv3.u_weights._26422_/Y
 m.u_conv3.u_weights._26423_/Y
 m.u_conv3.u_weights._26424_/Y
 m.u_conv3.u_weights._26425_/Y
 m.u_conv3.u_weights._26426_/Y
 m.u_conv3.u_weights._26427_/Y
 m.u_conv3.u_weights._26428_/Y
 m.u_conv3.u_weights._26429_/Y
 m.u_conv3.u_weights._26430_/Y
 m.u_conv3.u_weights._26431_/X
 m.u_conv3.u_weights._26432_/Y
 m.u_conv3.u_weights._26433_/Y
 m.u_conv3.u_weights._26434_/Y
 m.u_conv3.u_weights._26435_/Y
 m.u_conv3.u_weights._26436_/Y
 m.u_conv3.u_weights._26437_/Y
 m.u_conv3.u_weights._26438_/Y
 m.u_conv3.u_weights._26439_/X
 m.u_conv3.u_weights._26440_/X
 m.u_conv3.u_weights._26441_/Y
 m.u_conv3.u_weights._26442_/Y
 m.u_conv3.u_weights._26443_/X
 m.u_conv3.u_weights._26444_/Y
 m.u_conv3.u_weights._26445_/Y
 m.u_conv3.u_weights._26446_/X
 m.u_conv3.u_weights._26447_/Y
 m.u_conv3.u_weights._26448_/Y
 m.u_conv3.u_weights._26449_/Y
 m.u_conv3.u_weights._26450_/Y
 m.u_conv3.u_weights._26451_/Y
 m.u_conv3.u_weights._26452_/X
 m.u_conv3.u_weights._26453_/Y
 m.u_conv3.u_weights._26454_/Y
 m.u_conv3.u_weights._26455_/X
 m.u_conv3.u_weights._26456_/X
 m.u_conv3.u_weights._26457_/Y
 m.u_conv3.u_weights._26458_/Y
 m.u_conv3.u_weights._26459_/X
 m.u_conv3.u_weights._26460_/X
 m.u_conv3.u_weights._26461_/Y
 m.u_conv3.u_weights._26462_/Y
 m.u_conv3.u_weights._26463_/Y
 m.u_conv3.u_weights._26464_/Y
 m.u_conv3.u_weights._26465_/Y
 m.u_conv3.u_weights._26466_/Y
 m.u_conv3.u_weights._26467_/X
 m.u_conv3.u_weights._26468_/X
 m.u_conv3.u_weights._26469_/Y
 m.u_conv3.u_weights._26470_/Y
 m.u_conv3.u_weights._26471_/Y
 m.u_conv3.u_weights._26472_/X
 m.u_conv3.u_weights._26473_/Y
 m.u_conv3.u_weights._26474_/Y
 m.u_conv3.u_weights._26475_/X
 m.u_conv3.u_weights._26476_/Y
 m.u_conv3.u_weights._26477_/Y
 m.u_conv3.u_weights._26478_/Y
 m.u_conv3.u_weights._26479_/X
 m.u_conv3.u_weights._26480_/Y
 m.u_conv3.u_weights._26481_/Y
 m.u_conv3.u_weights._26482_/Y
 m.u_conv3.u_weights._26483_/Y
 m.u_conv3.u_weights._26484_/X
 m.u_conv3.u_weights._26485_/Y
 m.u_conv3.u_weights._26486_/Y
 m.u_conv3.u_weights._26487_/X
 m.u_conv3.u_weights._26488_/X
 m.u_conv3.u_weights._26489_/Y
 m.u_conv3.u_weights._26490_/Y
 m.u_conv3.u_weights._26491_/Y
 m.u_conv3.u_weights._26492_/Y
 m.u_conv3.u_weights._26493_/Y
 m.u_conv3.u_weights._26494_/Y
 m.u_conv3.u_weights._26495_/Y
 m.u_conv3.u_weights._26496_/X
 m.u_conv3.u_weights._26497_/Y
 m.u_conv3.u_weights._26498_/Y
 m.u_conv3.u_weights._26499_/Y
 m.u_conv3.u_weights._26500_/Y
 m.u_conv3.u_weights._26501_/X
 m.u_conv3.u_weights._26502_/Y
 m.u_conv3.u_weights._26503_/X
 m.u_conv3.u_weights._26504_/Y
 m.u_conv3.u_weights._26505_/X
 m.u_conv3.u_weights._26506_/Y
 m.u_conv3.u_weights._26507_/Y
 m.u_conv3.u_weights._26508_/X
 m.u_conv3.u_weights._26509_/Y
 m.u_conv3.u_weights._26510_/Y
 m.u_conv3.u_weights._26511_/X
 m.u_conv3.u_weights._26512_/Y
 m.u_conv3.u_weights._26513_/X
 m.u_conv3.u_weights._26514_/Y
 m.u_conv3.u_weights._26515_/Y
 m.u_conv3.u_weights._26516_/Y
 m.u_conv3.u_weights._26517_/Y
 m.u_conv3.u_weights._26518_/Y
 m.u_conv3.u_weights._26519_/Y
 m.u_conv3.u_weights._26520_/X
 m.u_conv3.u_weights._26521_/Y
 m.u_conv3.u_weights._26522_/Y
 m.u_conv3.u_weights._26523_/X
 m.u_conv3.u_weights._26524_/Y
 m.u_conv3.u_weights._26525_/Y
 m.u_conv3.u_weights._26526_/X
 m.u_conv3.u_weights._26527_/Y
 m.u_conv3.u_weights._26528_/Y
 m.u_conv3.u_weights._26529_/Y
 m.u_conv3.u_weights._26530_/Y
 m.u_conv3.u_weights._26531_/Y
 m.u_conv3.u_weights._26532_/X
 m.u_conv3.u_weights._26533_/Y
 m.u_conv3.u_weights._26534_/Y
 m.u_conv3.u_weights._26535_/Y
 m.u_conv3.u_weights._26536_/X
 m.u_conv3.u_weights._26537_/X
 m.u_conv3.u_weights._26538_/Y
 m.u_conv3.u_weights._26539_/Y
 m.u_conv3.u_weights._26540_/X
 m.u_conv3.u_weights._26541_/Y
 m.u_conv3.u_weights._26542_/X
 m.u_conv3.u_weights._26543_/Y
 m.u_conv3.u_weights._26544_/Y
 m.u_conv3.u_weights._26545_/X
 m.u_conv3.u_weights._26546_/Y
 m.u_conv3.u_weights._26547_/Y
 m.u_conv3.u_weights._26548_/Y
 m.u_conv3.u_weights._26549_/X
 m.u_conv3.u_weights._26550_/Y
 m.u_conv3.u_weights._26551_/Y
 m.u_conv3.u_weights._26552_/Y
 m.u_conv3.u_weights._26553_/Y
 m.u_conv3.u_weights._26554_/Y
 m.u_conv3.u_weights._26555_/Y
 m.u_conv3.u_weights._26556_/Y
 m.u_conv3.u_weights._26557_/X
 m.u_conv3.u_weights._26558_/Y
 m.u_conv3.u_weights._26559_/Y
 m.u_conv3.u_weights._26560_/X
 m.u_conv3.u_weights._26561_/X
 m.u_conv3.u_weights._26562_/Y
 m.u_conv3.u_weights._26563_/Y
 m.u_conv3.u_weights._26564_/Y
 m.u_conv3.u_weights._26565_/Y
 m.u_conv3.u_weights._26566_/Y
 m.u_conv3.u_weights._26567_/Y
 m.u_conv3.u_weights._26568_/Y
 m.u_conv3.u_weights._26569_/X
 m.u_conv3.u_weights._26570_/Y
 m.u_conv3.u_weights._26571_/X
 m.u_conv3.u_weights._26572_/Y
 m.u_conv3.u_weights._26573_/X
 m.u_conv3.u_weights._26574_/Y
 m.u_conv3.u_weights._26575_/Y
 m.u_conv3.u_weights._26576_/X
 m.u_conv3.u_weights._26577_/X
 m.u_conv3.u_weights._26578_/Y
 m.u_conv3.u_weights._26579_/Y
 m.u_conv3.u_weights._26580_/Y
 m.u_conv3.u_weights._26581_/X
 m.u_conv3.u_weights._26582_/Y
 m.u_conv3.u_weights._26583_/Y
 m.u_conv3.u_weights._26584_/Y
 m.u_conv3.u_weights._26585_/X
 m.u_conv3.u_weights._26586_/Y
 m.u_conv3.u_weights._26587_/X
 m.u_conv3.u_weights._26588_/Y
 m.u_conv3.u_weights._26589_/Y
 m.u_conv3.u_weights._26590_/Y
 m.u_conv3.u_weights._26591_/Y
 m.u_conv3.u_weights._26592_/Y
 m.u_conv3.u_weights._26593_/Y
 m.u_conv3.u_weights._26594_/Y
 m.u_conv3.u_weights._26595_/X
 m.u_conv3.u_weights._26596_/Y
 m.u_conv3.u_weights._26597_/X
 m.u_conv3.u_weights._26598_/X
 m.u_conv3.u_weights._26599_/Y
 m.u_conv3.u_weights._26600_/Y
 m.u_conv3.u_weights._26601_/Y
 m.u_conv3.u_weights._26602_/X
 m.u_conv3.u_weights._26603_/X
 m.u_conv3.u_weights._26604_/Y
 m.u_conv3.u_weights._26605_/Y
 m.u_conv3.u_weights._26606_/Y
 m.u_conv3.u_weights._26607_/Y
 m.u_conv3.u_weights._26608_/Y
 m.u_conv3.u_weights._26609_/Y
 m.u_conv3.u_weights._26610_/X
 m.u_conv3.u_weights._26611_/Y
 m.u_conv3.u_weights._26612_/Y
 m.u_conv3.u_weights._26613_/Y
 m.u_conv3.u_weights._26614_/X
 m.u_conv3.u_weights._26615_/X
 m.u_conv3.u_weights._26616_/Y
 m.u_conv3.u_weights._26617_/Y
 m.u_conv3.u_weights._26618_/X
 m.u_conv3.u_weights._26619_/Y
 m.u_conv3.u_weights._26620_/Y
 m.u_conv3.u_weights._26621_/X
 m.u_conv3.u_weights._26622_/Y
 m.u_conv3.u_weights._26623_/Y
 m.u_conv3.u_weights._26624_/X
 m.u_conv3.u_weights._26625_/Y
 m.u_conv3.u_weights._26626_/Y
 m.u_conv3.u_weights._26627_/Y
 m.u_conv3.u_weights._26628_/Y
 m.u_conv3.u_weights._26629_/Y
 m.u_conv3.u_weights._26630_/X
 m.u_conv3.u_weights._26631_/Y
 m.u_conv3.u_weights._26632_/Y
 m.u_conv3.u_weights._26633_/X
 m.u_conv3.u_weights._26634_/Y
 m.u_conv3.u_weights._26635_/X
 m.u_conv3.u_weights._26636_/Y
 m.u_conv3.u_weights._26637_/Y
 m.u_conv3.u_weights._26638_/Y
 m.u_conv3.u_weights._26639_/Y
 m.u_conv3.u_weights._26640_/Y
 m.u_conv3.u_weights._26641_/Y
 m.u_conv3.u_weights._26642_/Y
 m.u_conv3.u_weights._26643_/Y
 m.u_conv3.u_weights._26644_/X
 m.u_conv3.u_weights._26645_/Y
 m.u_conv3.u_weights._26646_/Y
 m.u_conv3.u_weights._26647_/Y
 m.u_conv3.u_weights._26648_/Y
 m.u_conv3.u_weights._26649_/Y
 m.u_conv3.u_weights._26650_/Y
 m.u_conv3.u_weights._26651_/Y
 m.u_conv3.u_weights._26652_/Y
 m.u_conv3.u_weights._26653_/Y
 m.u_conv3.u_weights._26654_/Y
 m.u_conv3.u_weights._26655_/Y
 m.u_conv3.u_weights._26656_/Y
 m.u_conv3.u_weights._26657_/X
 m.u_conv3.u_weights._26658_/Y
 m.u_conv3.u_weights._26659_/X
 m.u_conv3.u_weights._26660_/X
 m.u_conv3.u_weights._26661_/Y
 m.u_conv3.u_weights._26662_/X
 m.u_conv3.u_weights._26663_/Y
 m.u_conv3.u_weights._26664_/Y
 m.u_conv3.u_weights._26665_/Y
 m.u_conv3.u_weights._26666_/Y
 m.u_conv3.u_weights._26667_/Y
 m.u_conv3.u_weights._26668_/Y
 m.u_conv3.u_weights._26669_/Y
 m.u_conv3.u_weights._26670_/Y
 m.u_conv3.u_weights._26671_/Y
 m.u_conv3.u_weights._26672_/Y
 m.u_conv3.u_weights._26673_/X
 m.u_conv3.u_weights._26674_/Y
 m.u_conv3.u_weights._26675_/Y
 m.u_conv3.u_weights._26676_/X
 m.u_conv3.u_weights._26677_/Y
 m.u_conv3.u_weights._26678_/X
 m.u_conv3.u_weights._26679_/Y
 m.u_conv3.u_weights._26680_/Y
 m.u_conv3.u_weights._26681_/Y
 m.u_conv3.u_weights._26682_/Y
 m.u_conv3.u_weights._26683_/Y
 m.u_conv3.u_weights._26684_/Y
 m.u_conv3.u_weights._26685_/Y
 m.u_conv3.u_weights._26686_/Y
 m.u_conv3.u_weights._26687_/Y
 m.u_conv3.u_weights._26688_/Y
 m.u_conv3.u_weights._26689_/Y
 m.u_conv3.u_weights._26690_/Y
 m.u_conv3.u_weights._26691_/Y
 m.u_conv3.u_weights._26692_/X
 m.u_conv3.u_weights._26693_/Y
 m.u_conv3.u_weights._26694_/Y
 m.u_conv3.u_weights._26695_/Y
 m.u_conv3.u_weights._26696_/Y
 m.u_conv3.u_weights._26697_/X
 m.u_conv3.u_weights._26698_/Y
 m.u_conv3.u_weights._26699_/Y
 m.u_conv3.u_weights._26700_/Y
 m.u_conv3.u_weights._26701_/Y
 m.u_conv3.u_weights._26702_/X
 m.u_conv3.u_weights._26703_/Y
 m.u_conv3.u_weights._26704_/Y
 m.u_conv3.u_weights._26705_/Y
 m.u_conv3.u_weights._26706_/Y
 m.u_conv3.u_weights._26707_/Y
 m.u_conv3.u_weights._26708_/X
 m.u_conv3.u_weights._26709_/Y
 m.u_conv3.u_weights._26710_/Y
 m.u_conv3.u_weights._26711_/Y
 m.u_conv3.u_weights._26712_/Y
 m.u_conv3.u_weights._26713_/Y
 m.u_conv3.u_weights._26714_/X
 m.u_conv3.u_weights._26715_/Y
 m.u_conv3.u_weights._26716_/Y
 m.u_conv3.u_weights._26717_/Y
 m.u_conv3.u_weights._26718_/Y
 m.u_conv3.u_weights._26719_/X
 m.u_conv3.u_weights._26720_/Y
 m.u_conv3.u_weights._26721_/Y
 m.u_conv3.u_weights._26722_/Y
 m.u_conv3.u_weights._26723_/Y
 m.u_conv3.u_weights._26724_/X
 m.u_conv3.u_weights._26725_/Y
 m.u_conv3.u_weights._26726_/X
 m.u_conv3.u_weights._26727_/Y
 m.u_conv3.u_weights._26728_/Y
 m.u_conv3.u_weights._26729_/X
 m.u_conv3.u_weights._26730_/Y
 m.u_conv3.u_weights._26731_/Y
 m.u_conv3.u_weights._26732_/Y
 m.u_conv3.u_weights._26733_/X
 m.u_conv3.u_weights._26734_/Y
 m.u_conv3.u_weights._26735_/Y
 m.u_conv3.u_weights._26736_/Y
 m.u_conv3.u_weights._26737_/Y
 m.u_conv3.u_weights._26738_/Y
 m.u_conv3.u_weights._26739_/Y
 m.u_conv3.u_weights._26740_/Y
 m.u_conv3.u_weights._26741_/X
 m.u_conv3.u_weights._26742_/Y
 m.u_conv3.u_weights._26743_/Y
 m.u_conv3.u_weights._26744_/X
 m.u_conv3.u_weights._26745_/Y
 m.u_conv3.u_weights._26746_/Y
 m.u_conv3.u_weights._26747_/Y
 m.u_conv3.u_weights._26748_/Y
 m.u_conv3.u_weights._26749_/Y
 m.u_conv3.u_weights._26750_/Y
 m.u_conv3.u_weights._26751_/Y
 m.u_conv3.u_weights._26752_/Y
 m.u_conv3.u_weights._26753_/X
 m.u_conv3.u_weights._26754_/Y
 m.u_conv3.u_weights._26755_/Y
 m.u_conv3.u_weights._26756_/Y
 m.u_conv3.u_weights._26757_/Y
 m.u_conv3.u_weights._26758_/X
 m.u_conv3.u_weights._26759_/X
 m.u_conv3.u_weights._26760_/Y
 m.u_conv3.u_weights._26761_/X
 m.u_conv3.u_weights._26762_/Y
 m.u_conv3.u_weights._26763_/Y
 m.u_conv3.u_weights._26764_/Y
 m.u_conv3.u_weights._26765_/Y
 m.u_conv3.u_weights._26766_/Y
 m.u_conv3.u_weights._26767_/Y
 m.u_conv3.u_weights._26768_/X
 m.u_conv3.u_weights._26769_/Y
 m.u_conv3.u_weights._26770_/Y
 m.u_conv3.u_weights._26771_/X
 m.u_conv3.u_weights._26772_/X
 m.u_conv3.u_weights._26773_/Y
 m.u_conv3.u_weights._26774_/Y
 m.u_conv3.u_weights._26775_/Y
 m.u_conv3.u_weights._26776_/Y
 m.u_conv3.u_weights._26777_/Y
 m.u_conv3.u_weights._26778_/Y
 m.u_conv3.u_weights._26779_/Y
 m.u_conv3.u_weights._26780_/Y
 m.u_conv3.u_weights._26781_/X
 m.u_conv3.u_weights._26782_/Y
 m.u_conv3.u_weights._26783_/Y
 m.u_conv3.u_weights._26784_/Y
 m.u_conv3.u_weights._26785_/Y
 m.u_conv3.u_weights._26786_/X
 m.u_conv3.u_weights._26787_/Y
 m.u_conv3.u_weights._26788_/Y
 m.u_conv3.u_weights._26789_/Y
 m.u_conv3.u_weights._26790_/Y
 m.u_conv3.u_weights._26791_/Y
 m.u_conv3.u_weights._26792_/Y
 m.u_conv3.u_weights._26793_/Y
 m.u_conv3.u_weights._26794_/Y
 m.u_conv3.u_weights._26795_/X
 m.u_conv3.u_weights._26796_/X
 m.u_conv3.u_weights._26797_/Y
 m.u_conv3.u_weights._26798_/Y
 m.u_conv3.u_weights._26799_/Y
 m.u_conv3.u_weights._26800_/Y
 m.u_conv3.u_weights._26801_/Y
 m.u_conv3.u_weights._26802_/X
 m.u_conv3.u_weights._26803_/X
 m.u_conv3.u_weights._26804_/X
 m.u_conv3.u_weights._26805_/Y
 m.u_conv3.u_weights._26806_/Y
 m.u_conv3.u_weights._26807_/X
 m.u_conv3.u_weights._26808_/Y
 m.u_conv3.u_weights._26809_/Y
 m.u_conv3.u_weights._26810_/X
 m.u_conv3.u_weights._26811_/Y
 m.u_conv3.u_weights._26812_/X
 m.u_conv3.u_weights._26813_/Y
 m.u_conv3.u_weights._26814_/Y
 m.u_conv3.u_weights._26815_/Y
 m.u_conv3.u_weights._26816_/Y
 m.u_conv3.u_weights._26817_/Y
 m.u_conv3.u_weights._26818_/X
 m.u_conv3.u_weights._26819_/X
 m.u_conv3.u_weights._26820_/Y
 m.u_conv3.u_weights._26821_/Y
 m.u_conv3.u_weights._26822_/Y
 m.u_conv3.u_weights._26823_/Y
 m.u_conv3.u_weights._26824_/X
 m.u_conv3.u_weights._26825_/Y
 m.u_conv3.u_weights._26826_/Y
 m.u_conv3.u_weights._26827_/X
 m.u_conv3.u_weights._26828_/Y
 m.u_conv3.u_weights._26829_/Y
 m.u_conv3.u_weights._26830_/Y
 m.u_conv3.u_weights._26831_/Y
 m.u_conv3.u_weights._26832_/X
 m.u_conv3.u_weights._26833_/Y
 m.u_conv3.u_weights._26834_/Y
 m.u_conv3.u_weights._26835_/Y
 m.u_conv3.u_weights._26836_/Y
 m.u_conv3.u_weights._26837_/X
 m.u_conv3.u_weights._26838_/Y
 m.u_conv3.u_weights._26839_/Y
 m.u_conv3.u_weights._26840_/Y
 m.u_conv3.u_weights._26841_/Y
 m.u_conv3.u_weights._26842_/Y
 m.u_conv3.u_weights._26843_/Y
 m.u_conv3.u_weights._26844_/Y
 m.u_conv3.u_weights._26845_/Y
 m.u_conv3.u_weights._26846_/Y
 m.u_conv3.u_weights._26847_/Y
 m.u_conv3.u_weights._26848_/Y
 m.u_conv3.u_weights._26849_/Y
 m.u_conv3.u_weights._26850_/X
 m.u_conv3.u_weights._26851_/Y
 m.u_conv3.u_weights._26852_/Y
 m.u_conv3.u_weights._26853_/Y
 m.u_conv3.u_weights._26854_/Y
 m.u_conv3.u_weights._26855_/X
 m.u_conv3.u_weights._26856_/Y
 m.u_conv3.u_weights._26857_/Y
 m.u_conv3.u_weights._26858_/Y
 m.u_conv3.u_weights._26859_/Y
 m.u_conv3.u_weights._26860_/X
 m.u_conv3.u_weights._26861_/Y
 m.u_conv3.u_weights._26862_/X
 m.u_conv3.u_weights._26863_/Y
 m.u_conv3.u_weights._26864_/X
 m.u_conv3.u_weights._26865_/Y
 m.u_conv3.u_weights._26866_/Y
 m.u_conv3.u_weights._26867_/X
 m.u_conv3.u_weights._26868_/X
 m.u_conv3.u_weights._26869_/Y
 m.u_conv3.u_weights._26870_/Y
 m.u_conv3.u_weights._26871_/Y
 m.u_conv3.u_weights._26872_/Y
 m.u_conv3.u_weights._26873_/Y
 m.u_conv3.u_weights._26874_/Y
 m.u_conv3.u_weights._26875_/X
 m.u_conv3.u_weights._26876_/Y
 m.u_conv3.u_weights._26877_/X
 m.u_conv3.u_weights._26878_/Y
 m.u_conv3.u_weights._26879_/Y
 m.u_conv3.u_weights._26880_/Y
 m.u_conv3.u_weights._26881_/Y
 m.u_conv3.u_weights._26882_/X
 m.u_conv3.u_weights._26883_/Y
 m.u_conv3.u_weights._26884_/Y
 m.u_conv3.u_weights._26885_/Y
 m.u_conv3.u_weights._26886_/Y
 m.u_conv3.u_weights._26887_/Y
 m.u_conv3.u_weights._26888_/Y
 m.u_conv3.u_weights._26889_/Y
 m.u_conv3.u_weights._26890_/Y
 m.u_conv3.u_weights._26891_/Y
 m.u_conv3.u_weights._26892_/Y
 m.u_conv3.u_weights._26893_/Y
 m.u_conv3.u_weights._26894_/Y
 m.u_conv3.u_weights._26895_/Y
 m.u_conv3.u_weights._26896_/Y
 m.u_conv3.u_weights._26897_/Y
 m.u_conv3.u_weights._26898_/Y
 m.u_conv3.u_weights._26899_/Y
 m.u_conv3.u_weights._26900_/X
 m.u_conv3.u_weights._26901_/Y
 m.u_conv3.u_weights._26902_/X
 m.u_conv3.u_weights._26903_/X
 m.u_conv3.u_weights._26904_/Y
 m.u_conv3.u_weights._26905_/X
 m.u_conv3.u_weights._26906_/Y
 m.u_conv3.u_weights._26907_/Y
 m.u_conv3.u_weights._26908_/Y
 m.u_conv3.u_weights._26909_/Y
 m.u_conv3.u_weights._26910_/Y
 m.u_conv3.u_weights._26911_/Y
 m.u_conv3.u_weights._26912_/Y
 m.u_conv3.u_weights._26913_/Y
 m.u_conv3.u_weights._26914_/Y
 m.u_conv3.u_weights._26915_/Y
 m.u_conv3.u_weights._26916_/Y
 m.u_conv3.u_weights._26917_/Y
 m.u_conv3.u_weights._26918_/Y
 m.u_conv3.u_weights._26919_/Y
 m.u_conv3.u_weights._26920_/Y
 m.u_conv3.u_weights._26921_/Y
 m.u_conv3.u_weights._26922_/Y
 m.u_conv3.u_weights._26923_/Y
 m.u_conv3.u_weights._26924_/Y
 m.u_conv3.u_weights._26925_/Y
 m.u_conv3.u_weights._26926_/Y
 m.u_conv3.u_weights._26927_/X
 m.u_conv3.u_weights._26928_/X
 m.u_conv3.u_weights._26929_/Y
 m.u_conv3.u_weights._26930_/Y
 m.u_conv3.u_weights._26931_/Y
 m.u_conv3.u_weights._26932_/Y
 m.u_conv3.u_weights._26933_/Y
 m.u_conv3.u_weights._26934_/X
 m.u_conv3.u_weights._26935_/Y
 m.u_conv3.u_weights._26936_/Y
 m.u_conv3.u_weights._26937_/Y
 m.u_conv3.u_weights._26938_/X
 m.u_conv3.u_weights._26939_/X
 m.u_conv3.u_weights._26940_/Y
 m.u_conv3.u_weights._26941_/Y
 m.u_conv3.u_weights._26942_/Y
 m.u_conv3.u_weights._26943_/X
 m.u_conv3.u_weights._26944_/X
 m.u_conv3.u_weights._26945_/X
 m.u_conv3.u_weights._26946_/Y
 m.u_conv3.u_weights._26947_/Y
 m.u_conv3.u_weights._26948_/X
 m.u_conv3.u_weights._26949_/Y
 m.u_conv3.u_weights._26950_/X
 m.u_conv3.u_weights._26951_/Y
 m.u_conv3.u_weights._26952_/X
 m.u_conv3.u_weights._26953_/X
 m.u_conv3.u_weights._26954_/Y
 m.u_conv3.u_weights._26955_/Y
 m.u_conv3.u_weights._26956_/Y
 m.u_conv3.u_weights._26957_/Y
 m.u_conv3.u_weights._26958_/Y
 m.u_conv3.u_weights._26959_/Y
 m.u_conv3.u_weights._26960_/X
 m.u_conv3.u_weights._26961_/X
 m.u_conv3.u_weights._26962_/Y
 m.u_conv3.u_weights._26963_/Y
 m.u_conv3.u_weights._26964_/X
 m.u_conv3.u_weights._26965_/Y
 m.u_conv3.u_weights._26966_/Y
 m.u_conv3.u_weights._26967_/Y
 m.u_conv3.u_weights._26968_/Y
 m.u_conv3.u_weights._26969_/Y
 m.u_conv3.u_weights._26970_/Y
 m.u_conv3.u_weights._26971_/X
 m.u_conv3.u_weights._26972_/Y
 m.u_conv3.u_weights._26973_/Y
 m.u_conv3.u_weights._26974_/Y
 m.u_conv3.u_weights._26975_/Y
 m.u_conv3.u_weights._26976_/Y
 m.u_conv3.u_weights._26977_/Y
 m.u_conv3.u_weights._26978_/Y
 m.u_conv3.u_weights._26979_/Y
 m.u_conv3.u_weights._26980_/Y
 m.u_conv3.u_weights._26981_/Y
 m.u_conv3.u_weights._26982_/Y
 m.u_conv3.u_weights._26983_/Y
 m.u_conv3.u_weights._26984_/Y
 m.u_conv3.u_weights._26985_/Y
 m.u_conv3.u_weights._26986_/Y
 m.u_conv3.u_weights._26987_/X
 m.u_conv3.u_weights._26988_/Y
 m.u_conv3.u_weights._26989_/X
 m.u_conv3.u_weights._26990_/Y
 m.u_conv3.u_weights._26991_/Y
 m.u_conv3.u_weights._26992_/Y
 m.u_conv3.u_weights._26993_/Y
 m.u_conv3.u_weights._26994_/X
 m.u_conv3.u_weights._26995_/Y
 m.u_conv3.u_weights._26996_/Y
 m.u_conv3.u_weights._26997_/X
 m.u_conv3.u_weights._26998_/Y
 m.u_conv3.u_weights._26999_/X
 m.u_conv3.u_weights._27000_/X
 m.u_conv3.u_weights._27001_/Y
 m.u_conv3.u_weights._27002_/Y
 m.u_conv3.u_weights._27003_/Y
 m.u_conv3.u_weights._27004_/Y
 m.u_conv3.u_weights._27005_/Y
 m.u_conv3.u_weights._27006_/Y
 m.u_conv3.u_weights._27007_/Y
 m.u_conv3.u_weights._27008_/Y
 m.u_conv3.u_weights._27009_/Y
 m.u_conv3.u_weights._27010_/X
 m.u_conv3.u_weights._27011_/Y
 m.u_conv3.u_weights._27012_/Y
 m.u_conv3.u_weights._27013_/Y
 m.u_conv3.u_weights._27014_/Y
 m.u_conv3.u_weights._27015_/Y
 m.u_conv3.u_weights._27016_/Y
 m.u_conv3.u_weights._27017_/Y
 m.u_conv3.u_weights._27018_/Y
 m.u_conv3.u_weights._27019_/Y
 m.u_conv3.u_weights._27020_/Y
 m.u_conv3.u_weights._27021_/Y
 m.u_conv3.u_weights._27022_/Y
 m.u_conv3.u_weights._27023_/Y
 m.u_conv3.u_weights._27024_/X
 m.u_conv3.u_weights._27025_/Y
 m.u_conv3.u_weights._27026_/Y
 m.u_conv3.u_weights._27027_/X
 m.u_conv3.u_weights._27028_/Y
 m.u_conv3.u_weights._27029_/Y
 m.u_conv3.u_weights._27030_/Y
 m.u_conv3.u_weights._27031_/Y
 m.u_conv3.u_weights._27032_/X
 m.u_conv3.u_weights._27033_/Y
 m.u_conv3.u_weights._27034_/Y
 m.u_conv3.u_weights._27035_/Y
 m.u_conv3.u_weights._27036_/X
 m.u_conv3.u_weights._27037_/X
 m.u_conv3.u_weights._27038_/Y
 m.u_conv3.u_weights._27039_/Y
 m.u_conv3.u_weights._27040_/Y
 m.u_conv3.u_weights._27041_/Y
 m.u_conv3.u_weights._27042_/Y
 m.u_conv3.u_weights._27043_/X
 m.u_conv3.u_weights._27044_/Y
 m.u_conv3.u_weights._27045_/Y
 m.u_conv3.u_weights._27046_/X
 m.u_conv3.u_weights._27047_/Y
 m.u_conv3.u_weights._27048_/Y
 m.u_conv3.u_weights._27049_/X
 m.u_conv3.u_weights._27050_/Y
 m.u_conv3.u_weights._27051_/Y
 m.u_conv3.u_weights._27052_/Y
 m.u_conv3.u_weights._27053_/X
 m.u_conv3.u_weights._27054_/Y
 m.u_conv3.u_weights._27055_/Y
 m.u_conv3.u_weights._27056_/X
 m.u_conv3.u_weights._27057_/Y
 m.u_conv3.u_weights._27058_/Y
 m.u_conv3.u_weights._27059_/Y
 m.u_conv3.u_weights._27060_/Y
 m.u_conv3.u_weights._27061_/X
 m.u_conv3.u_weights._27062_/X
 m.u_conv3.u_weights._27063_/X
 m.u_conv3.u_weights._27064_/Y
 m.u_conv3.u_weights._27065_/Y
 m.u_conv3.u_weights._27066_/Y
 m.u_conv3.u_weights._27067_/Y
 m.u_conv3.u_weights._27068_/Y
 m.u_conv3.u_weights._27069_/Y
 m.u_conv3.u_weights._27070_/Y
 m.u_conv3.u_weights._27071_/Y
 m.u_conv3.u_weights._27072_/Y
 m.u_conv3.u_weights._27073_/Y
 m.u_conv3.u_weights._27074_/Y
 m.u_conv3.u_weights._27075_/Y
 m.u_conv3.u_weights._27076_/Y
 m.u_conv3.u_weights._27077_/Y
 m.u_conv3.u_weights._27078_/Y
 m.u_conv3.u_weights._27079_/X
 m.u_conv3.u_weights._27080_/X
 m.u_conv3.u_weights._27081_/X
 m.u_conv3.u_weights._27082_/X
 m.u_conv3.u_weights._27083_/Y
 m.u_conv3.u_weights._27084_/Y
 m.u_conv3.u_weights._27085_/Y
 m.u_conv3.u_weights._27086_/Y
 m.u_conv3.u_weights._27087_/Y
 m.u_conv3.u_weights._27088_/X
 m.u_conv3.u_weights._27089_/Y
 m.u_conv3.u_weights._27090_/Y
 m.u_conv3.u_weights._27091_/Y
 m.u_conv3.u_weights._27092_/Y
 m.u_conv3.u_weights._27093_/Y
 m.u_conv3.u_weights._27094_/Y
 m.u_conv3.u_weights._27095_/X
 m.u_conv3.u_weights._27096_/Y
 m.u_conv3.u_weights._27097_/Y
 m.u_conv3.u_weights._27098_/Y
 m.u_conv3.u_weights._27099_/Y
 m.u_conv3.u_weights._27100_/Y
 m.u_conv3.u_weights._27101_/Y
 m.u_conv3.u_weights._27102_/Y
 m.u_conv3.u_weights._27103_/Y
 m.u_conv3.u_weights._27104_/Y
 m.u_conv3.u_weights._27105_/Y
 m.u_conv3.u_weights._27106_/X
 m.u_conv3.u_weights._27107_/Y
 m.u_conv3.u_weights._27108_/Y
 m.u_conv3.u_weights._27109_/Y
 m.u_conv3.u_weights._27110_/Y
 m.u_conv3.u_weights._27111_/Y
 m.u_conv3.u_weights._27112_/Y
 m.u_conv3.u_weights._27113_/Y
 m.u_conv3.u_weights._27114_/Y
 m.u_conv3.u_weights._27115_/Y
 m.u_conv3.u_weights._27116_/Y
 m.u_conv3.u_weights._27117_/Y
 m.u_conv3.u_weights._27118_/Y
 m.u_conv3.u_weights._27119_/Y
 m.u_conv3.u_weights._27120_/Y
 m.u_conv3.u_weights._27121_/Y
 m.u_conv3.u_weights._27122_/Y
 m.u_conv3.u_weights._27123_/X
 m.u_conv3.u_weights._27124_/Y
 m.u_conv3.u_weights._27125_/Y
 m.u_conv3.u_weights._27126_/X
 m.u_conv3.u_weights._27127_/Y
 m.u_conv3.u_weights._27128_/Y
 m.u_conv3.u_weights._27129_/X
 m.u_conv3.u_weights._27130_/Y
 m.u_conv3.u_weights._27131_/Y
 m.u_conv3.u_weights._27132_/X
 m.u_conv3.u_weights._27133_/Y
 m.u_conv3.u_weights._27134_/X
 m.u_conv3.u_weights._27135_/Y
 m.u_conv3.u_weights._27136_/Y
 m.u_conv3.u_weights._27137_/X
 m.u_conv3.u_weights._27138_/X
 m.u_conv3.u_weights._27139_/Y
 m.u_conv3.u_weights._27140_/Y
 m.u_conv3.u_weights._27141_/X
 m.u_conv3.u_weights._27142_/Y
 m.u_conv3.u_weights._27143_/Y
 m.u_conv3.u_weights._27144_/Y
 m.u_conv3.u_weights._27145_/X
 m.u_conv3.u_weights._27146_/X
 m.u_conv3.u_weights._27147_/X
 m.u_conv3.u_weights._27148_/X
 m.u_conv3.u_weights._27149_/X
 m.u_conv3.u_weights._27150_/Y
 m.u_conv3.u_weights._27151_/Y
 m.u_conv3.u_weights._27152_/X
 m.u_conv3.u_weights._27153_/Y
 m.u_conv3.u_weights._27154_/X
 m.u_conv3.u_weights._27155_/Y
 m.u_conv3.u_weights._27156_/Y
 m.u_conv3.u_weights._27157_/Y
 m.u_conv3.u_weights._27158_/X
 m.u_conv3.u_weights._27159_/Y
 m.u_conv3.u_weights._27160_/X
 m.u_conv3.u_weights._27161_/Y
 m.u_conv3.u_weights._27162_/Y
 m.u_conv3.u_weights._27163_/Y
 m.u_conv3.u_weights._27164_/Y
 m.u_conv3.u_weights._27165_/Y
 m.u_conv3.u_weights._27166_/X
 m.u_conv3.u_weights._27167_/Y
 m.u_conv3.u_weights._27168_/Y
 m.u_conv3.u_weights._27169_/X
 m.u_conv3.u_weights._27170_/Y
 m.u_conv3.u_weights._27171_/Y
 m.u_conv3.u_weights._27172_/X
 m.u_conv3.u_weights._27173_/Y
 m.u_conv3.u_weights._27174_/Y
 m.u_conv3.u_weights._27175_/X
 m.u_conv3.u_weights._27176_/X
 m.u_conv3.u_weights._27177_/Y
 m.u_conv3.u_weights._27178_/Y
 m.u_conv3.u_weights._27179_/X
 m.u_conv3.u_weights._27180_/X
 m.u_conv3.u_weights._27181_/Y
 m.u_conv3.u_weights._27182_/X
 m.u_conv3.u_weights._27183_/Y
 m.u_conv3.u_weights._27184_/Y
 m.u_conv3.u_weights._27185_/Y
 m.u_conv3.u_weights._27186_/Y
 m.u_conv3.u_weights._27187_/Y
 m.u_conv3.u_weights._27188_/Y
 m.u_conv3.u_weights._27189_/Y
 m.u_conv3.u_weights._27190_/Y
 m.u_conv3.u_weights._27191_/Y
 m.u_conv3.u_weights._27192_/Y
 m.u_conv3.u_weights._27193_/Y
 m.u_conv3.u_weights._27194_/Y
 m.u_conv3.u_weights._27195_/Y
 m.u_conv3.u_weights._27196_/Y
 m.u_conv3.u_weights._27197_/Y
 m.u_conv3.u_weights._27198_/Y
 m.u_conv3.u_weights._27199_/Y
 m.u_conv3.u_weights._27200_/X
 m.u_conv3.u_weights._27201_/Y
 m.u_conv3.u_weights._27202_/Y
 m.u_conv3.u_weights._27203_/X
 m.u_conv3.u_weights._27204_/Y
 m.u_conv3.u_weights._27205_/Y
 m.u_conv3.u_weights._27206_/Y
 m.u_conv3.u_weights._27207_/Y
 m.u_conv3.u_weights._27208_/Y
 m.u_conv3.u_weights._27209_/Y
 m.u_conv3.u_weights._27210_/Y
 m.u_conv3.u_weights._27211_/Y
 m.u_conv3.u_weights._27212_/X
 m.u_conv3.u_weights._27213_/Y
 m.u_conv3.u_weights._27214_/X
 m.u_conv3.u_weights._27215_/Y
 m.u_conv3.u_weights._27216_/Y
 m.u_conv3.u_weights._27217_/X
 m.u_conv3.u_weights._27218_/Y
 m.u_conv3.u_weights._27219_/Y
 m.u_conv3.u_weights._27220_/Y
 m.u_conv3.u_weights._27221_/Y
 m.u_conv3.u_weights._27222_/X
 m.u_conv3.u_weights._27223_/X
 m.u_conv3.u_weights._27224_/X
 m.u_conv3.u_weights._27225_/Y
 m.u_conv3.u_weights._27226_/Y
 m.u_conv3.u_weights._27227_/Y
 m.u_conv3.u_weights._27228_/Y
 m.u_conv3.u_weights._27229_/Y
 m.u_conv3.u_weights._27230_/Y
 m.u_conv3.u_weights._27231_/X
 m.u_conv3.u_weights._27232_/Y
 m.u_conv3.u_weights._27233_/Y
 m.u_conv3.u_weights._27234_/X
 m.u_conv3.u_weights._27235_/Y
 m.u_conv3.u_weights._27236_/Y
 m.u_conv3.u_weights._27237_/Y
 m.u_conv3.u_weights._27238_/Y
 m.u_conv3.u_weights._27239_/Y
 m.u_conv3.u_weights._27240_/Y
 m.u_conv3.u_weights._27241_/Y
 m.u_conv3.u_weights._27242_/Y
 m.u_conv3.u_weights._27243_/Y
 m.u_conv3.u_weights._27244_/Y
 m.u_conv3.u_weights._27245_/Y
 m.u_conv3.u_weights._27246_/Y
 m.u_conv3.u_weights._27247_/Y
 m.u_conv3.u_weights._27248_/Y
 m.u_conv3.u_weights._27249_/Y
 m.u_conv3.u_weights._27250_/X
 m.u_conv3.u_weights._27251_/Y
 m.u_conv3.u_weights._27252_/Y
 m.u_conv3.u_weights._27253_/Y
 m.u_conv3.u_weights._27254_/Y
 m.u_conv3.u_weights._27255_/Y
 m.u_conv3.u_weights._27256_/Y
 m.u_conv3.u_weights._27257_/Y
 m.u_conv3.u_weights._27258_/Y
 m.u_conv3.u_weights._27259_/X
 m.u_conv3.u_weights._27260_/Y
 m.u_conv3.u_weights._27261_/X
 m.u_conv3.u_weights._27262_/Y
 m.u_conv3.u_weights._27263_/Y
 m.u_conv3.u_weights._27264_/Y
 m.u_conv3.u_weights._27265_/Y
 m.u_conv3.u_weights._27266_/Y
 m.u_conv3.u_weights._27267_/Y
 m.u_conv3.u_weights._27268_/Y
 m.u_conv3.u_weights._27269_/Y
 m.u_conv3.u_weights._27270_/X
 m.u_conv3.u_weights._27271_/X
 m.u_conv3.u_weights._27272_/Y
 m.u_conv3.u_weights._27273_/X
 m.u_conv3.u_weights._27274_/Y
 m.u_conv3.u_weights._27275_/Y
 m.u_conv3.u_weights._27276_/Y
 m.u_conv3.u_weights._27277_/X
 m.u_conv3.u_weights._27278_/Y
 m.u_conv3.u_weights._27279_/Y
 m.u_conv3.u_weights._27280_/X
 m.u_conv3.u_weights._27281_/Y
 m.u_conv3.u_weights._27282_/Y
 m.u_conv3.u_weights._27283_/X
 m.u_conv3.u_weights._27284_/X
 m.u_conv3.u_weights._27285_/Y
 m.u_conv3.u_weights._27286_/X
 m.u_conv3.u_weights._27287_/X
 m.u_conv3.u_weights._27288_/Y
 m.u_conv3.u_weights._27289_/Y
 m.u_conv3.u_weights._27290_/X
 m.u_conv3.u_weights._27291_/Y
 m.u_conv3.u_weights._27292_/Y
 m.u_conv3.u_weights._27293_/Y
 m.u_conv3.u_weights._27294_/Y
 m.u_conv3.u_weights._27295_/Y
 m.u_conv3.u_weights._27296_/Y
 m.u_conv3.u_weights._27297_/Y
 m.u_conv3.u_weights._27298_/Y
 m.u_conv3.u_weights._27299_/Y
 m.u_conv3.u_weights._27300_/X
 m.u_conv3.u_weights._27301_/Y
 m.u_conv3.u_weights._27302_/X
 m.u_conv3.u_weights._27303_/Y
 m.u_conv3.u_weights._27304_/Y
 m.u_conv3.u_weights._27305_/Y
 m.u_conv3.u_weights._27306_/Y
 m.u_conv3.u_weights._27307_/Y
 m.u_conv3.u_weights._27308_/Y
 m.u_conv3.u_weights._27309_/Y
 m.u_conv3.u_weights._27310_/X
 m.u_conv3.u_weights._27311_/X
 m.u_conv3.u_weights._27312_/X
 m.u_conv3.u_weights._27313_/X
 m.u_conv3.u_weights._27314_/Y
 m.u_conv3.u_weights._27315_/Y
 m.u_conv3.u_weights._27316_/Y
 m.u_conv3.u_weights._27317_/Y
 m.u_conv3.u_weights._27318_/Y
 m.u_conv3.u_weights._27319_/Y
 m.u_conv3.u_weights._27320_/Y
 m.u_conv3.u_weights._27321_/Y
 m.u_conv3.u_weights._27322_/Y
 m.u_conv3.u_weights._27323_/X
 m.u_conv3.u_weights._27324_/X
 m.u_conv3.u_weights._27325_/Y
 m.u_conv3.u_weights._27326_/X
 m.u_conv3.u_weights._27327_/Y
 m.u_conv3.u_weights._27328_/Y
 m.u_conv3.u_weights._27329_/Y
 m.u_conv3.u_weights._27330_/Y
 m.u_conv3.u_weights._27331_/Y
 m.u_conv3.u_weights._27332_/X
 m.u_conv3.u_weights._27333_/Y
 m.u_conv3.u_weights._27334_/Y
 m.u_conv3.u_weights._27335_/Y
 m.u_conv3.u_weights._27336_/X
 m.u_conv3.u_weights._27337_/X
 m.u_conv3.u_weights._27338_/Y
 m.u_conv3.u_weights._27339_/Y
 m.u_conv3.u_weights._27340_/Y
 m.u_conv3.u_weights._27341_/X
 m.u_conv3.u_weights._27342_/Y
 m.u_conv3.u_weights._27343_/Y
 m.u_conv3.u_weights._27344_/X
 m.u_conv3.u_weights._27345_/Y
 m.u_conv3.u_weights._27346_/Y
 m.u_conv3.u_weights._27347_/X
 m.u_conv3.u_weights._27348_/Y
 m.u_conv3.u_weights._27349_/Y
 m.u_conv3.u_weights._27350_/X
 m.u_conv3.u_weights._27351_/Y
 m.u_conv3.u_weights._27352_/Y
 m.u_conv3.u_weights._27353_/Y
 m.u_conv3.u_weights._27354_/Y
 m.u_conv3.u_weights._27355_/Y
 m.u_conv3.u_weights._27356_/X
 m.u_conv3.u_weights._27357_/Y
 m.u_conv3.u_weights._27358_/Y
 m.u_conv3.u_weights._27359_/Y
 m.u_conv3.u_weights._27360_/Y
 m.u_conv3.u_weights._27361_/Y
 m.u_conv3.u_weights._27362_/Y
 m.u_conv3.u_weights._27363_/Y
 m.u_conv3.u_weights._27364_/Y
 m.u_conv3.u_weights._27365_/X
 m.u_conv3.u_weights._27366_/X
 m.u_conv3.u_weights._27367_/Y
 m.u_conv3.u_weights._27368_/Y
 m.u_conv3.u_weights._27369_/X
 m.u_conv3.u_weights._27370_/Y
 m.u_conv3.u_weights._27371_/Y
 m.u_conv3.u_weights._27372_/Y
 m.u_conv3.u_weights._27373_/Y
 m.u_conv3.u_weights._27374_/Y
 m.u_conv3.u_weights._27375_/Y
 m.u_conv3.u_weights._27376_/Y
 m.u_conv3.u_weights._27377_/Y
 m.u_conv3.u_weights._27378_/Y
 m.u_conv3.u_weights._27379_/Y
 m.u_conv3.u_weights._27380_/Y
 m.u_conv3.u_weights._27381_/Y
 m.u_conv3.u_weights._27382_/Y
 m.u_conv3.u_weights._27383_/Y
 m.u_conv3.u_weights._27384_/Y
 m.u_conv3.u_weights._27385_/Y
 m.u_conv3.u_weights._27386_/Y
 m.u_conv3.u_weights._27387_/X
 m.u_conv3.u_weights._27388_/Y
 m.u_conv3.u_weights._27389_/X
 m.u_conv3.u_weights._27390_/Y
 m.u_conv3.u_weights._27391_/Y
 m.u_conv3.u_weights._27392_/Y
 m.u_conv3.u_weights._27393_/Y
 m.u_conv3.u_weights._27394_/Y
 m.u_conv3.u_weights._27395_/Y
 m.u_conv3.u_weights._27396_/Y
 m.u_conv3.u_weights._27397_/Y
 m.u_conv3.u_weights._27398_/X
 m.u_conv3.u_weights._27399_/Y
 m.u_conv3.u_weights._27400_/Y
 m.u_conv3.u_weights._27401_/Y
 m.u_conv3.u_weights._27402_/Y
 m.u_conv3.u_weights._27403_/Y
 m.u_conv3.u_weights._27404_/Y
 m.u_conv3.u_weights._27405_/Y
 m.u_conv3.u_weights._27406_/Y
 m.u_conv3.u_weights._27407_/Y
 m.u_conv3.u_weights._27408_/Y
 m.u_conv3.u_weights._27409_/X
 m.u_conv3.u_weights._27410_/Y
 m.u_conv3.u_weights._27411_/Y
 m.u_conv3.u_weights._27412_/Y
 m.u_conv3.u_weights._27413_/Y
 m.u_conv3.u_weights._27414_/X
 m.u_conv3.u_weights._27415_/Y
 m.u_conv3.u_weights._27416_/Y
 m.u_conv3.u_weights._27417_/X
 m.u_conv3.u_weights._27418_/Y
 m.u_conv3.u_weights._27419_/Y
 m.u_conv3.u_weights._27420_/X
 m.u_conv3.u_weights._27421_/Y
 m.u_conv3.u_weights._27422_/Y
 m.u_conv3.u_weights._27423_/Y
 m.u_conv3.u_weights._27424_/Y
 m.u_conv3.u_weights._27425_/X
 m.u_conv3.u_weights._27426_/Y
 m.u_conv3.u_weights._27427_/Y
 m.u_conv3.u_weights._27428_/Y
 m.u_conv3.u_weights._27429_/Y
 m.u_conv3.u_weights._27430_/X
 m.u_conv3.u_weights._27431_/Y
 m.u_conv3.u_weights._27432_/Y
 m.u_conv3.u_weights._27433_/Y
 m.u_conv3.u_weights._27434_/Y
 m.u_conv3.u_weights._27435_/Y
 m.u_conv3.u_weights._27436_/X
 m.u_conv3.u_weights._27437_/Y
 m.u_conv3.u_weights._27438_/X
 m.u_conv3.u_weights._27439_/Y
 m.u_conv3.u_weights._27440_/Y
 m.u_conv3.u_weights._27441_/Y
 m.u_conv3.u_weights._27442_/Y
 m.u_conv3.u_weights._27443_/Y
 m.u_conv3.u_weights._27444_/Y
 m.u_conv3.u_weights._27445_/X
 m.u_conv3.u_weights._27446_/Y
 m.u_conv3.u_weights._27447_/Y
 m.u_conv3.u_weights._27448_/Y
 m.u_conv3.u_weights._27449_/Y
 m.u_conv3.u_weights._27450_/X
 m.u_conv3.u_weights._27451_/Y
 m.u_conv3.u_weights._27452_/Y
 m.u_conv3.u_weights._27453_/Y
 m.u_conv3.u_weights._27454_/Y
 m.u_conv3.u_weights._27455_/Y
 m.u_conv3.u_weights._27456_/Y
 m.u_conv3.u_weights._27457_/Y
 m.u_conv3.u_weights._27458_/X
 m.u_conv3.u_weights._27459_/Y
 m.u_conv3.u_weights._27460_/Y
 m.u_conv3.u_weights._27461_/Y
 m.u_conv3.u_weights._27462_/Y
 m.u_conv3.u_weights._27463_/Y
 m.u_conv3.u_weights._27464_/X
 m.u_conv3.u_weights._27465_/Y
 m.u_conv3.u_weights._27466_/Y
 m.u_conv3.u_weights._27467_/X
 m.u_conv3.u_weights._27468_/Y
 m.u_conv3.u_weights._27469_/Y
 m.u_conv3.u_weights._27470_/Y
 m.u_conv3.u_weights._27471_/Y
 m.u_conv3.u_weights._27472_/Y
 m.u_conv3.u_weights._27473_/Y
 m.u_conv3.u_weights._27474_/X
 m.u_conv3.u_weights._27475_/Y
 m.u_conv3.u_weights._27476_/Y
 m.u_conv3.u_weights._27477_/X
 m.u_conv3.u_weights._27478_/Y
 m.u_conv3.u_weights._27479_/Y
 m.u_conv3.u_weights._27480_/Y
 m.u_conv3.u_weights._27481_/Y
 m.u_conv3.u_weights._27482_/Y
 m.u_conv3.u_weights._27483_/Y
 m.u_conv3.u_weights._27484_/Y
 m.u_conv3.u_weights._27485_/X
 m.u_conv3.u_weights._27486_/Y
 m.u_conv3.u_weights._27487_/Y
 m.u_conv3.u_weights._27488_/Y
 m.u_conv3.u_weights._27489_/Y
 m.u_conv3.u_weights._27490_/X
 m.u_conv3.u_weights._27491_/Y
 m.u_conv3.u_weights._27492_/Y
 m.u_conv3.u_weights._27493_/Y
 m.u_conv3.u_weights._27494_/Y
 m.u_conv3.u_weights._27495_/X
 m.u_conv3.u_weights._27496_/Y
 m.u_conv3.u_weights._27497_/Y
 m.u_conv3.u_weights._27498_/X
 m.u_conv3.u_weights._27499_/Y
 m.u_conv3.u_weights._27500_/Y
 m.u_conv3.u_weights._27501_/Y
 m.u_conv3.u_weights._27502_/Y
 m.u_conv3.u_weights._27503_/Y
 m.u_conv3.u_weights._27504_/Y
 m.u_conv3.u_weights._27505_/Y
 m.u_conv3.u_weights._27506_/X
 m.u_conv3.u_weights._27507_/Y
 m.u_conv3.u_weights._27508_/X
 m.u_conv3.u_weights._27509_/Y
 m.u_conv3.u_weights._27510_/Y
 m.u_conv3.u_weights._27511_/Y
 m.u_conv3.u_weights._27512_/Y
 m.u_conv3.u_weights._27513_/Y
 m.u_conv3.u_weights._27514_/Y
 m.u_conv3.u_weights._27515_/X
 m.u_conv3.u_weights._27516_/Y
 m.u_conv3.u_weights._27517_/Y
 m.u_conv3.u_weights._27518_/Y
 m.u_conv3.u_weights._27519_/Y
 m.u_conv3.u_weights._27520_/Y
 m.u_conv3.u_weights._27521_/X
 m.u_conv3.u_weights._27522_/Y
 m.u_conv3.u_weights._27523_/Y
 m.u_conv3.u_weights._27524_/Y
 m.u_conv3.u_weights._27525_/X
 m.u_conv3.u_weights._27526_/Y
 m.u_conv3.u_weights._27527_/Y
 m.u_conv3.u_weights._27528_/Y
 m.u_conv3.u_weights._27529_/Y
 m.u_conv3.u_weights._27530_/X
 m.u_conv3.u_weights._27531_/Y
 m.u_conv3.u_weights._27532_/Y
 m.u_conv3.u_weights._27533_/X
 m.u_conv3.u_weights._27534_/Y
 m.u_conv3.u_weights._27535_/Y
 m.u_conv3.u_weights._27536_/Y
 m.u_conv3.u_weights._27537_/X
 m.u_conv3.u_weights._27538_/Y
 m.u_conv3.u_weights._27539_/X
 m.u_conv3.u_weights._27540_/Y
 m.u_conv3.u_weights._27541_/Y
 m.u_conv3.u_weights._27542_/Y
 m.u_conv3.u_weights._27543_/Y
 m.u_conv3.u_weights._27544_/Y
 m.u_conv3.u_weights._27545_/X
 m.u_conv3.u_weights._27546_/Y
 m.u_conv3.u_weights._27547_/Y
 m.u_conv3.u_weights._27548_/X
 m.u_conv3.u_weights._27549_/Y
 m.u_conv3.u_weights._27550_/Y
 m.u_conv3.u_weights._27551_/Y
 m.u_conv3.u_weights._27552_/Y
 m.u_conv3.u_weights._27553_/X
 m.u_conv3.u_weights._27554_/X
 m.u_conv3.u_weights._27555_/Y
 m.u_conv3.u_weights._27556_/X
 m.u_conv3.u_weights._27557_/Y
 m.u_conv3.u_weights._27558_/X
 m.u_conv3.u_weights._27559_/Y
 m.u_conv3.u_weights._27560_/Y
 m.u_conv3.u_weights._27561_/Y
 m.u_conv3.u_weights._27562_/Y
 m.u_conv3.u_weights._27563_/Y
 m.u_conv3.u_weights._27564_/X
 m.u_conv3.u_weights._27565_/Y
 m.u_conv3.u_weights._27566_/Y
 m.u_conv3.u_weights._27567_/Y
 m.u_conv3.u_weights._27568_/Y
 m.u_conv3.u_weights._27569_/Y
 m.u_conv3.u_weights._27570_/Y
 m.u_conv3.u_weights._27571_/Y
 m.u_conv3.u_weights._27572_/Y
 m.u_conv3.u_weights._27573_/Y
 m.u_conv3.u_weights._27574_/X
 m.u_conv3.u_weights._27575_/Y
 m.u_conv3.u_weights._27576_/Y
 m.u_conv3.u_weights._27577_/Y
 m.u_conv3.u_weights._27578_/Y
 m.u_conv3.u_weights._27579_/Y
 m.u_conv3.u_weights._27580_/Y
 m.u_conv3.u_weights._27581_/X
 m.u_conv3.u_weights._27582_/Y
 m.u_conv3.u_weights._27583_/Y
 m.u_conv3.u_weights._27584_/X
 m.u_conv3.u_weights._27585_/Y
 m.u_conv3.u_weights._27586_/Y
 m.u_conv3.u_weights._27587_/X
 m.u_conv3.u_weights._27588_/Y
 m.u_conv3.u_weights._27589_/Y
 m.u_conv3.u_weights._27590_/X
 m.u_conv3.u_weights._27591_/X
 m.u_conv3.u_weights._27592_/Y
 m.u_conv3.u_weights._27593_/Y
 m.u_conv3.u_weights._27594_/Y
 m.u_conv3.u_weights._27595_/Y
 m.u_conv3.u_weights._27596_/X
 m.u_conv3.u_weights._27597_/Y
 m.u_conv3.u_weights._27598_/Y
 m.u_conv3.u_weights._27599_/X
 m.u_conv3.u_weights._27600_/Y
 m.u_conv3.u_weights._27601_/X
 m.u_conv3.u_weights._27602_/Y
 m.u_conv3.u_weights._27603_/X
 m.u_conv3.u_weights._27604_/Y
 m.u_conv3.u_weights._27605_/Y
 m.u_conv3.u_weights._27606_/Y
 m.u_conv3.u_weights._27607_/Y
 m.u_conv3.u_weights._27608_/Y
 m.u_conv3.u_weights._27609_/Y
 m.u_conv3.u_weights._27610_/Y
 m.u_conv3.u_weights._27611_/Y
 m.u_conv3.u_weights._27612_/Y
 m.u_conv3.u_weights._27613_/Y
 m.u_conv3.u_weights._27614_/Y
 m.u_conv3.u_weights._27615_/Y
 m.u_conv3.u_weights._27616_/Y
 m.u_conv3.u_weights._27617_/Y
 m.u_conv3.u_weights._27618_/Y
 m.u_conv3.u_weights._27619_/X
 m.u_conv3.u_weights._27620_/X
 m.u_conv3.u_weights._27621_/Y
 m.u_conv3.u_weights._27622_/X
 m.u_conv3.u_weights._27623_/Y
 m.u_conv3.u_weights._27624_/X
 m.u_conv3.u_weights._27625_/X
 m.u_conv3.u_weights._27626_/Y
 m.u_conv3.u_weights._27627_/X
 m.u_conv3.u_weights._27628_/Y
 m.u_conv3.u_weights._27629_/Y
 m.u_conv3.u_weights._27630_/X
 m.u_conv3.u_weights._27631_/Y
 m.u_conv3.u_weights._27632_/Y
 m.u_conv3.u_weights._27633_/Y
 m.u_conv3.u_weights._27634_/Y
 m.u_conv3.u_weights._27635_/Y
 m.u_conv3.u_weights._27636_/X
 m.u_conv3.u_weights._27637_/Y
 m.u_conv3.u_weights._27638_/Y
 m.u_conv3.u_weights._27639_/Y
 m.u_conv3.u_weights._27640_/Y
 m.u_conv3.u_weights._27641_/Y
 m.u_conv3.u_weights._27642_/Y
 m.u_conv3.u_weights._27643_/Y
 m.u_conv3.u_weights._27644_/Y
 m.u_conv3.u_weights._27645_/Y
 m.u_conv3.u_weights._27646_/Y
 m.u_conv3.u_weights._27647_/Y
 m.u_conv3.u_weights._27648_/Y
 m.u_conv3.u_weights._27649_/Y
 m.u_conv3.u_weights._27650_/Y
 m.u_conv3.u_weights._27651_/Y
 m.u_conv3.u_weights._27652_/Y
 m.u_conv3.u_weights._27653_/X
 m.u_conv3.u_weights._27654_/Y
 m.u_conv3.u_weights._27655_/Y
 m.u_conv3.u_weights._27656_/Y
 m.u_conv3.u_weights._27657_/Y
 m.u_conv3.u_weights._27658_/Y
 m.u_conv3.u_weights._27659_/Y
 m.u_conv3.u_weights._27660_/Y
 m.u_conv3.u_weights._27661_/Y
 m.u_conv3.u_weights._27662_/X
 m.u_conv3.u_weights._27663_/Y
 m.u_conv3.u_weights._27664_/Y
 m.u_conv3.u_weights._27665_/Y
 m.u_conv3.u_weights._27666_/X
 m.u_conv3.u_weights._27667_/X
 m.u_conv3.u_weights._27668_/X
 m.u_conv3.u_weights._27669_/Y
 m.u_conv3.u_weights._27670_/Y
 m.u_conv3.u_weights._27671_/X
 m.u_conv3.u_weights._27672_/Y
 m.u_conv3.u_weights._27673_/Y
 m.u_conv3.u_weights._27674_/Y
 m.u_conv3.u_weights._27675_/Y
 m.u_conv3.u_weights._27676_/Y
 m.u_conv3.u_weights._27677_/Y
 m.u_conv3.u_weights._27678_/Y
 m.u_conv3.u_weights._27679_/X
 m.u_conv3.u_weights._27680_/Y
 m.u_conv3.u_weights._27681_/Y
 m.u_conv3.u_weights._27682_/Y
 m.u_conv3.u_weights._27683_/Y
 m.u_conv3.u_weights._27684_/Y
 m.u_conv3.u_weights._27685_/Y
 m.u_conv3.u_weights._27686_/Y
 m.u_conv3.u_weights._27687_/Y
 m.u_conv3.u_weights._27688_/Y
 m.u_conv3.u_weights._27689_/Y
 m.u_conv3.u_weights._27690_/Y
 m.u_conv3.u_weights._27691_/Y
 m.u_conv3.u_weights._27692_/X
 m.u_conv3.u_weights._27693_/Y
 m.u_conv3.u_weights._27694_/Y
 m.u_conv3.u_weights._27695_/Y
 m.u_conv3.u_weights._27696_/Y
 m.u_conv3.u_weights._27697_/Y
 m.u_conv3.u_weights._27698_/Y
 m.u_conv3.u_weights._27699_/Y
 m.u_conv3.u_weights._27700_/X
 m.u_conv3.u_weights._27701_/Y
 m.u_conv3.u_weights._27702_/Y
 m.u_conv3.u_weights._27703_/Y
 m.u_conv3.u_weights._27704_/Y
 m.u_conv3.u_weights._27705_/Y
 m.u_conv3.u_weights._27706_/Y
 m.u_conv3.u_weights._27707_/Y
 m.u_conv3.u_weights._27708_/Y
 m.u_conv3.u_weights._27709_/X
 m.u_conv3.u_weights._27710_/Y
 m.u_conv3.u_weights._27711_/X
 m.u_conv3.u_weights._27712_/Y
 m.u_conv3.u_weights._27713_/X
 m.u_conv3.u_weights._27714_/Y
 m.u_conv3.u_weights._27715_/X
 m.u_conv3.u_weights._27716_/Y
 m.u_conv3.u_weights._27717_/Y
 m.u_conv3.u_weights._27718_/Y
 m.u_conv3.u_weights._27719_/X
 m.u_conv3.u_weights._27720_/Y
 m.u_conv3.u_weights._27721_/Y
 m.u_conv3.u_weights._27722_/Y
 m.u_conv3.u_weights._27723_/Y
 m.u_conv3.u_weights._27724_/Y
 m.u_conv3.u_weights._27725_/X
 m.u_conv3.u_weights._27726_/Y
 m.u_conv3.u_weights._27727_/X
 m.u_conv3.u_weights._27728_/Y
 m.u_conv3.u_weights._27729_/Y
 m.u_conv3.u_weights._27730_/Y
 m.u_conv3.u_weights._27731_/Y
 m.u_conv3.u_weights._27732_/Y
 m.u_conv3.u_weights._27733_/X
 m.u_conv3.u_weights._27734_/X
 m.u_conv3.u_weights._27735_/Y
 m.u_conv3.u_weights._27736_/Y
 m.u_conv3.u_weights._27737_/Y
 m.u_conv3.u_weights._27738_/Y
 m.u_conv3.u_weights._27739_/X
 m.u_conv3.u_weights._27740_/Y
 m.u_conv3.u_weights._27741_/Y
 m.u_conv3.u_weights._27742_/X
 m.u_conv3.u_weights._27743_/Y
 m.u_conv3.u_weights._27744_/Y
 m.u_conv3.u_weights._27745_/Y
 m.u_conv3.u_weights._27746_/Y
 m.u_conv3.u_weights._27747_/Y
 m.u_conv3.u_weights._27748_/X
 m.u_conv3.u_weights._27749_/Y
 m.u_conv3.u_weights._27750_/Y
 m.u_conv3.u_weights._27751_/Y
 m.u_conv3.u_weights._27752_/Y
 m.u_conv3.u_weights._27753_/X
 m.u_conv3.u_weights._27754_/Y
 m.u_conv3.u_weights._27755_/Y
 m.u_conv3.u_weights._27756_/Y
 m.u_conv3.u_weights._27757_/Y
 m.u_conv3.u_weights._27758_/Y
 m.u_conv3.u_weights._27759_/Y
 m.u_conv3.u_weights._27760_/X
 m.u_conv3.u_weights._27761_/X
 m.u_conv3.u_weights._27762_/Y
 m.u_conv3.u_weights._27763_/Y
 m.u_conv3.u_weights._27764_/Y
 m.u_conv3.u_weights._27765_/X
 m.u_conv3.u_weights._27766_/Y
 m.u_conv3.u_weights._27767_/Y
 m.u_conv3.u_weights._27768_/Y
 m.u_conv3.u_weights._27769_/Y
 m.u_conv3.u_weights._27770_/X
 m.u_conv3.u_weights._27771_/Y
 m.u_conv3.u_weights._27772_/X
 m.u_conv3.u_weights._27773_/Y
 m.u_conv3.u_weights._27774_/Y
 m.u_conv3.u_weights._27775_/Y
 m.u_conv3.u_weights._27776_/Y
 m.u_conv3.u_weights._27777_/Y
 m.u_conv3.u_weights._27778_/X
 m.u_conv3.u_weights._27779_/X
 m.u_conv3.u_weights._27780_/Y
 m.u_conv3.u_weights._27781_/Y
 m.u_conv3.u_weights._27782_/Y
 m.u_conv3.u_weights._27783_/X
 m.u_conv3.u_weights._27784_/Y
 m.u_conv3.u_weights._27785_/X
 m.u_conv3.u_weights._27786_/Y
 m.u_conv3.u_weights._27787_/Y
 m.u_conv3.u_weights._27788_/Y
 m.u_conv3.u_weights._27789_/Y
 m.u_conv3.u_weights._27790_/X
 m.u_conv3.u_weights._27791_/Y
 m.u_conv3.u_weights._27792_/X
 m.u_conv3.u_weights._27793_/Y
 m.u_conv3.u_weights._27794_/Y
 m.u_conv3.u_weights._27795_/Y
 m.u_conv3.u_weights._27796_/Y
 m.u_conv3.u_weights._27797_/Y
 m.u_conv3.u_weights._27798_/X
 m.u_conv3.u_weights._27799_/X
 m.u_conv3.u_weights._27800_/Y
 m.u_conv3.u_weights._27801_/Y
 m.u_conv3.u_weights._27802_/Y
 m.u_conv3.u_weights._27803_/Y
 m.u_conv3.u_weights._27804_/Y
 m.u_conv3.u_weights._27805_/Y
 m.u_conv3.u_weights._27806_/Y
 m.u_conv3.u_weights._27807_/Y
 m.u_conv3.u_weights._27808_/Y
 m.u_conv3.u_weights._27809_/Y
 m.u_conv3.u_weights._27810_/X
 m.u_conv3.u_weights._27811_/Y
 m.u_conv3.u_weights._27812_/Y
 m.u_conv3.u_weights._27813_/Y
 m.u_conv3.u_weights._27814_/X
 m.u_conv3.u_weights._27815_/Y
 m.u_conv3.u_weights._27816_/Y
 m.u_conv3.u_weights._27817_/Y
 m.u_conv3.u_weights._27818_/X
 m.u_conv3.u_weights._27819_/Y
 m.u_conv3.u_weights._27820_/Y
 m.u_conv3.u_weights._27821_/Y
 m.u_conv3.u_weights._27822_/Y
 m.u_conv3.u_weights._27823_/Y
 m.u_conv3.u_weights._27824_/X
 m.u_conv3.u_weights._27825_/Y
 m.u_conv3.u_weights._27826_/Y
 m.u_conv3.u_weights._27827_/Y
 m.u_conv3.u_weights._27828_/Y
 m.u_conv3.u_weights._27829_/X
 m.u_conv3.u_weights._27830_/Y
 m.u_conv3.u_weights._27831_/Y
 m.u_conv3.u_weights._27832_/Y
 m.u_conv3.u_weights._27833_/Y
 m.u_conv3.u_weights._27834_/Y
 m.u_conv3.u_weights._27835_/Y
 m.u_conv3.u_weights._27836_/Y
 m.u_conv3.u_weights._27837_/Y
 m.u_conv3.u_weights._27838_/Y
 m.u_conv3.u_weights._27839_/Y
 m.u_conv3.u_weights._27840_/X
 m.u_conv3.u_weights._27841_/Y
 m.u_conv3.u_weights._27842_/Y
 m.u_conv3.u_weights._27843_/Y
 m.u_conv3.u_weights._27844_/Y
 m.u_conv3.u_weights._27845_/Y
 m.u_conv3.u_weights._27846_/Y
 m.u_conv3.u_weights._27847_/Y
 m.u_conv3.u_weights._27848_/Y
 m.u_conv3.u_weights._27849_/X
 m.u_conv3.u_weights._27850_/Y
 m.u_conv3.u_weights._27851_/Y
 m.u_conv3.u_weights._27852_/Y
 m.u_conv3.u_weights._27853_/Y
 m.u_conv3.u_weights._27854_/Y
 m.u_conv3.u_weights._27855_/X
 m.u_conv3.u_weights._27856_/Y
 m.u_conv3.u_weights._27857_/Y
 m.u_conv3.u_weights._27858_/X
 m.u_conv3.u_weights._27859_/Y
 m.u_conv3.u_weights._27860_/Y
 m.u_conv3.u_weights._27861_/X
 m.u_conv3.u_weights._27862_/Y
 m.u_conv3.u_weights._27863_/Y
 m.u_conv3.u_weights._27864_/Y
 m.u_conv3.u_weights._27865_/X
 m.u_conv3.u_weights._27866_/Y
 m.u_conv3.u_weights._27867_/Y
 m.u_conv3.u_weights._27868_/Y
 m.u_conv3.u_weights._27869_/Y
 m.u_conv3.u_weights._27870_/Y
 m.u_conv3.u_weights._27871_/Y
 m.u_conv3.u_weights._27872_/Y
 m.u_conv3.u_weights._27873_/Y
 m.u_conv3.u_weights._27874_/Y
 m.u_conv3.u_weights._27875_/Y
 m.u_conv3.u_weights._27876_/X
 m.u_conv3.u_weights._27877_/Y
 m.u_conv3.u_weights._27878_/Y
 m.u_conv3.u_weights._27879_/X
 m.u_conv3.u_weights._27880_/Y
 m.u_conv3.u_weights._27881_/Y
 m.u_conv3.u_weights._27882_/Y
 m.u_conv3.u_weights._27883_/Y
 m.u_conv3.u_weights._27884_/Y
 m.u_conv3.u_weights._27885_/Y
 m.u_conv3.u_weights._27886_/Y
 m.u_conv3.u_weights._27887_/Y
 m.u_conv3.u_weights._27888_/Y
 m.u_conv3.u_weights._27889_/Y
 m.u_conv3.u_weights._27890_/Y
 m.u_conv3.u_weights._27891_/Y
 m.u_conv3.u_weights._27892_/Y
 m.u_conv3.u_weights._27893_/Y
 m.u_conv3.u_weights._27894_/X
 m.u_conv3.u_weights._27895_/Y
 m.u_conv3.u_weights._27896_/Y
 m.u_conv3.u_weights._27897_/Y
 m.u_conv3.u_weights._27898_/X
 m.u_conv3.u_weights._27899_/X
 m.u_conv3.u_weights._27900_/Y
 m.u_conv3.u_weights._27901_/X
 m.u_conv3.u_weights._27902_/Y
 m.u_conv3.u_weights._27903_/Y
 m.u_conv3.u_weights._27904_/Y
 m.u_conv3.u_weights._27905_/Y
 m.u_conv3.u_weights._27906_/Y
 m.u_conv3.u_weights._27907_/X
 m.u_conv3.u_weights._27908_/Y
 m.u_conv3.u_weights._27909_/Y
 m.u_conv3.u_weights._27910_/Y
 m.u_conv3.u_weights._27911_/Y
 m.u_conv3.u_weights._27912_/Y
 m.u_conv3.u_weights._27913_/Y
 m.u_conv3.u_weights._27914_/Y
 m.u_conv3.u_weights._27915_/X
 m.u_conv3.u_weights._27916_/X
 m.u_conv3.u_weights._27917_/X
 m.u_conv3.u_weights._27918_/Y
 m.u_conv3.u_weights._27919_/Y
 m.u_conv3.u_weights._27920_/Y
 m.u_conv3.u_weights._27921_/Y
 m.u_conv3.u_weights._27922_/Y
 m.u_conv3.u_weights._27923_/X
 m.u_conv3.u_weights._27924_/Y
 m.u_conv3.u_weights._27925_/X
 m.u_conv3.u_weights._27926_/Y
 m.u_conv3.u_weights._27927_/Y
 m.u_conv3.u_weights._27928_/Y
 m.u_conv3.u_weights._27929_/Y
 m.u_conv3.u_weights._27930_/Y
 m.u_conv3.u_weights._27931_/Y
 m.u_conv3.u_weights._27932_/Y
 m.u_conv3.u_weights._27933_/Y
 m.u_conv3.u_weights._27934_/Y
 m.u_conv3.u_weights._27935_/Y
 m.u_conv3.u_weights._27936_/Y
 m.u_conv3.u_weights._27937_/Y
 m.u_conv3.u_weights._27938_/Y
 m.u_conv3.u_weights._27939_/Y
 m.u_conv3.u_weights._27940_/Y
 m.u_conv3.u_weights._27941_/Y
 m.u_conv3.u_weights._27942_/X
 m.u_conv3.u_weights._27943_/Y
 m.u_conv3.u_weights._27944_/X
 m.u_conv3.u_weights._27945_/Y
 m.u_conv3.u_weights._27946_/Y
 m.u_conv3.u_weights._27947_/X
 m.u_conv3.u_weights._27948_/Y
 m.u_conv3.u_weights._27949_/Y
 m.u_conv3.u_weights._27950_/Y
 m.u_conv3.u_weights._27951_/X
 m.u_conv3.u_weights._27952_/Y
 m.u_conv3.u_weights._27953_/Y
 m.u_conv3.u_weights._27954_/Y
 m.u_conv3.u_weights._27955_/Y
 m.u_conv3.u_weights._27956_/Y
 m.u_conv3.u_weights._27957_/X
 m.u_conv3.u_weights._27958_/X
 m.u_conv3.u_weights._27959_/Y
 m.u_conv3.u_weights._27960_/X
 m.u_conv3.u_weights._27961_/Y
 m.u_conv3.u_weights._27962_/X
 m.u_conv3.u_weights._27963_/X
 m.u_conv3.u_weights._27964_/Y
 m.u_conv3.u_weights._27965_/Y
 m.u_conv3.u_weights._27966_/Y
 m.u_conv3.u_weights._27967_/Y
 m.u_conv3.u_weights._27968_/Y
 m.u_conv3.u_weights._27969_/Y
 m.u_conv3.u_weights._27970_/Y
 m.u_conv3.u_weights._27971_/Y
 m.u_conv3.u_weights._27972_/Y
 m.u_conv3.u_weights._27973_/Y
 m.u_conv3.u_weights._27974_/X
 m.u_conv3.u_weights._27975_/Y
 m.u_conv3.u_weights._27976_/Y
 m.u_conv3.u_weights._27977_/Y
 m.u_conv3.u_weights._27978_/Y
 m.u_conv3.u_weights._27979_/Y
 m.u_conv3.u_weights._27980_/X
 m.u_conv3.u_weights._27981_/X
 m.u_conv3.u_weights._27982_/Y
 m.u_conv3.u_weights._27983_/Y
 m.u_conv3.u_weights._27984_/X
 m.u_conv3.u_weights._27985_/Y
 m.u_conv3.u_weights._27986_/X
 m.u_conv3.u_weights._27987_/Y
 m.u_conv3.u_weights._27988_/Y
 m.u_conv3.u_weights._27989_/Y
 m.u_conv3.u_weights._27990_/Y
 m.u_conv3.u_weights._27991_/X
 m.u_conv3.u_weights._27992_/Y
 m.u_conv3.u_weights._27993_/Y
 m.u_conv3.u_weights._27994_/Y
 m.u_conv3.u_weights._27995_/X
 m.u_conv3.u_weights._27996_/Y
 m.u_conv3.u_weights._27997_/Y
 m.u_conv3.u_weights._27998_/Y
 m.u_conv3.u_weights._27999_/Y
 m.u_conv3.u_weights._28000_/Y
 m.u_conv3.u_weights._28001_/Y
 m.u_conv3.u_weights._28002_/Y
 m.u_conv3.u_weights._28003_/Y
 m.u_conv3.u_weights._28004_/Y
 m.u_conv3.u_weights._28005_/Y
 m.u_conv3.u_weights._28006_/Y
 m.u_conv3.u_weights._28007_/Y
 m.u_conv3.u_weights._28008_/Y
 m.u_conv3.u_weights._28009_/Y
 m.u_conv3.u_weights._28010_/X
 m.u_conv3.u_weights._28011_/Y
 m.u_conv3.u_weights._28012_/Y
 m.u_conv3.u_weights._28013_/Y
 m.u_conv3.u_weights._28014_/Y
 m.u_conv3.u_weights._28015_/Y
 m.u_conv3.u_weights._28016_/Y
 m.u_conv3.u_weights._28017_/X
 m.u_conv3.u_weights._28018_/Y
 m.u_conv3.u_weights._28019_/Y
 m.u_conv3.u_weights._28020_/X
 m.u_conv3.u_weights._28021_/Y
 m.u_conv3.u_weights._28022_/Y
 m.u_conv3.u_weights._28023_/Y
 m.u_conv3.u_weights._28024_/Y
 m.u_conv3.u_weights._28025_/Y
 m.u_conv3.u_weights._28026_/Y
 m.u_conv3.u_weights._28027_/Y
 m.u_conv3.u_weights._28028_/Y
 m.u_conv3.u_weights._28029_/Y
 m.u_conv3.u_weights._28030_/Y
 m.u_conv3.u_weights._28031_/Y
 m.u_conv3.u_weights._28032_/Y
 m.u_conv3.u_weights._28033_/Y
 m.u_conv3.u_weights._28034_/Y
 m.u_conv3.u_weights._28035_/Y
 m.u_conv3.u_weights._28036_/Y
 m.u_conv3.u_weights._28037_/X
 m.u_conv3.u_weights._28038_/Y
 m.u_conv3.u_weights._28039_/Y
 m.u_conv3.u_weights._28040_/Y
 m.u_conv3.u_weights._28041_/Y
 m.u_conv3.u_weights._28042_/Y
 m.u_conv3.u_weights._28043_/Y
 m.u_conv3.u_weights._28044_/Y
 m.u_conv3.u_weights._28045_/Y
 m.u_conv3.u_weights._28046_/Y
 m.u_conv3.u_weights._28047_/X
 m.u_conv3.u_weights._28048_/Y
 m.u_conv3.u_weights._28049_/Y
 m.u_conv3.u_weights._28050_/Y
 m.u_conv3.u_weights._28051_/X
 m.u_conv3.u_weights._28052_/Y
 m.u_conv3.u_weights._28053_/X
 m.u_conv3.u_weights._28054_/Y
 m.u_conv3.u_weights._28055_/Y
 m.u_conv3.u_weights._28056_/Y
 m.u_conv3.u_weights._28057_/X
 m.u_conv3.u_weights._28058_/Y
 m.u_conv3.u_weights._28059_/Y
 m.u_conv3.u_weights._28060_/Y
 m.u_conv3.u_weights._28061_/X
 m.u_conv3.u_weights._28062_/X
 m.u_conv3.u_weights._28063_/Y
 m.u_conv3.u_weights._28064_/Y
 m.u_conv3.u_weights._28065_/Y
 m.u_conv3.u_weights._28066_/X
 m.u_conv3.u_weights._28067_/X
 m.u_conv3.u_weights._28068_/Y
 m.u_conv3.u_weights._28069_/Y
 m.u_conv3.u_weights._28070_/Y
 m.u_conv3.u_weights._28071_/Y
 m.u_conv3.u_weights._28072_/Y
 m.u_conv3.u_weights._28073_/Y
 m.u_conv3.u_weights._28074_/Y
 m.u_conv3.u_weights._28075_/Y
 m.u_conv3.u_weights._28076_/Y
 m.u_conv3.u_weights._28077_/Y
 m.u_conv3.u_weights._28078_/Y
 m.u_conv3.u_weights._28079_/Y
 m.u_conv3.u_weights._28080_/Y
 m.u_conv3.u_weights._28081_/Y
 m.u_conv3.u_weights._28082_/Y
 m.u_conv3.u_weights._28083_/Y
 m.u_conv3.u_weights._28084_/Y
 m.u_conv3.u_weights._28085_/X
 m.u_conv3.u_weights._28086_/Y
 m.u_conv3.u_weights._28087_/Y
 m.u_conv3.u_weights._28088_/Y
 m.u_conv3.u_weights._28089_/Y
 m.u_conv3.u_weights._28090_/Y
 m.u_conv3.u_weights._28091_/Y
 m.u_conv3.u_weights._28092_/Y
 m.u_conv3.u_weights._28093_/X
 m.u_conv3.u_weights._28094_/Y
 m.u_conv3.u_weights._28095_/Y
 m.u_conv3.u_weights._28096_/Y
 m.u_conv3.u_weights._28097_/Y
 m.u_conv3.u_weights._28098_/X
 m.u_conv3.u_weights._28099_/Y
 m.u_conv3.u_weights._28100_/X
 m.u_conv3.u_weights._28101_/Y
 m.u_conv3.u_weights._28102_/Y
 m.u_conv3.u_weights._28103_/Y
 m.u_conv3.u_weights._28104_/Y
 m.u_conv3.u_weights._28105_/Y
 m.u_conv3.u_weights._28106_/Y
 m.u_conv3.u_weights._28107_/Y
 m.u_conv3.u_weights._28108_/X
 m.u_conv3.u_weights._28109_/Y
 m.u_conv3.u_weights._28110_/X
 m.u_conv3.u_weights._28111_/Y
 m.u_conv3.u_weights._28112_/Y
 m.u_conv3.u_weights._28113_/Y
 m.u_conv3.u_weights._28114_/X
 m.u_conv3.u_weights._28115_/Y
 m.u_conv3.u_weights._28116_/Y
 m.u_conv3.u_weights._28117_/X
 m.u_conv3.u_weights._28118_/X
 m.u_conv3.u_weights._28119_/Y
 m.u_conv3.u_weights._28120_/Y
 m.u_conv3.u_weights._28121_/X
 m.u_conv3.u_weights._28122_/Y
 m.u_conv3.u_weights._28123_/Y
 m.u_conv3.u_weights._28124_/Y
 m.u_conv3.u_weights._28125_/Y
 m.u_conv3.u_weights._28126_/X
 m.u_conv3.u_weights._28127_/Y
 m.u_conv3.u_weights._28128_/Y
 m.u_conv3.u_weights._28129_/Y
 m.u_conv3.u_weights._28130_/Y
 m.u_conv3.u_weights._28131_/Y
 m.u_conv3.u_weights._28132_/X
 m.u_conv3.u_weights._28133_/Y
 m.u_conv3.u_weights._28134_/Y
 m.u_conv3.u_weights._28135_/X
 m.u_conv3.u_weights._28136_/X
 m.u_conv3.u_weights._28137_/Y
 m.u_conv3.u_weights._28138_/Y
 m.u_conv3.u_weights._28139_/Y
 m.u_conv3.u_weights._28140_/Y
 m.u_conv3.u_weights._28141_/Y
 m.u_conv3.u_weights._28142_/Y
 m.u_conv3.u_weights._28143_/Y
 m.u_conv3.u_weights._28144_/Y
 m.u_conv3.u_weights._28145_/Y
 m.u_conv3.u_weights._28146_/Y
 m.u_conv3.u_weights._28147_/Y
 m.u_conv3.u_weights._28148_/X
 m.u_conv3.u_weights._28149_/Y
 m.u_conv3.u_weights._28150_/Y
 m.u_conv3.u_weights._28151_/Y
 m.u_conv3.u_weights._28152_/X
 m.u_conv3.u_weights._28153_/Y
 m.u_conv3.u_weights._28154_/Y
 m.u_conv3.u_weights._28155_/X
 m.u_conv3.u_weights._28156_/Y
 m.u_conv3.u_weights._28157_/Y
 m.u_conv3.u_weights._28158_/Y
 m.u_conv3.u_weights._28159_/Y
 m.u_conv3.u_weights._28160_/Y
 m.u_conv3.u_weights._28161_/Y
 m.u_conv3.u_weights._28162_/Y
 m.u_conv3.u_weights._28163_/Y
 m.u_conv3.u_weights._28164_/X
 m.u_conv3.u_weights._28165_/Y
 m.u_conv3.u_weights._28166_/Y
 m.u_conv3.u_weights._28167_/X
 m.u_conv3.u_weights._28168_/Y
 m.u_conv3.u_weights._28169_/Y
 m.u_conv3.u_weights._28170_/Y
 m.u_conv3.u_weights._28171_/Y
 m.u_conv3.u_weights._28172_/Y
 m.u_conv3.u_weights._28173_/X
 m.u_conv3.u_weights._28174_/Y
 m.u_conv3.u_weights._28175_/X
 m.u_conv3.u_weights._28176_/Y
 m.u_conv3.u_weights._28177_/Y
 m.u_conv3.u_weights._28178_/Y
 m.u_conv3.u_weights._28179_/X
 m.u_conv3.u_weights._28180_/X
 m.u_conv3.u_weights._28181_/X
 m.u_conv3.u_weights._28182_/Y
 m.u_conv3.u_weights._28183_/Y
 m.u_conv3.u_weights._28184_/Y
 m.u_conv3.u_weights._28185_/Y
 m.u_conv3.u_weights._28186_/Y
 m.u_conv3.u_weights._28187_/Y
 m.u_conv3.u_weights._28188_/X
 m.u_conv3.u_weights._28189_/Y
 m.u_conv3.u_weights._28190_/Y
 m.u_conv3.u_weights._28191_/Y
 m.u_conv3.u_weights._28192_/X
 m.u_conv3.u_weights._28193_/Y
 m.u_conv3.u_weights._28194_/Y
 m.u_conv3.u_weights._28195_/Y
 m.u_conv3.u_weights._28196_/Y
 m.u_conv3.u_weights._28197_/Y
 m.u_conv3.u_weights._28198_/Y
 m.u_conv3.u_weights._28199_/Y
 m.u_conv3.u_weights._28200_/Y
 m.u_conv3.u_weights._28201_/X
 m.u_conv3.u_weights._28202_/Y
 m.u_conv3.u_weights._28203_/Y
 m.u_conv3.u_weights._28204_/Y
 m.u_conv3.u_weights._28205_/X
 m.u_conv3.u_weights._28206_/Y
 m.u_conv3.u_weights._28207_/Y
 m.u_conv3.u_weights._28208_/Y
 m.u_conv3.u_weights._28209_/X
 m.u_conv3.u_weights._28210_/Y
 m.u_conv3.u_weights._28211_/Y
 m.u_conv3.u_weights._28212_/Y
 m.u_conv3.u_weights._28213_/X
 m.u_conv3.u_weights._28214_/Y
 m.u_conv3.u_weights._28215_/Y
 m.u_conv3.u_weights._28216_/Y
 m.u_conv3.u_weights._28217_/X
 m.u_conv3.u_weights._28218_/Y
 m.u_conv3.u_weights._28219_/Y
 m.u_conv3.u_weights._28220_/Y
 m.u_conv3.u_weights._28221_/Y
 m.u_conv3.u_weights._28222_/Y
 m.u_conv3.u_weights._28223_/Y
 m.u_conv3.u_weights._28224_/X
 m.u_conv3.u_weights._28225_/Y
 m.u_conv3.u_weights._28226_/Y
 m.u_conv3.u_weights._28227_/Y
 m.u_conv3.u_weights._28228_/X
 m.u_conv3.u_weights._28229_/Y
 m.u_conv3.u_weights._28230_/Y
 m.u_conv3.u_weights._28231_/Y
 m.u_conv3.u_weights._28232_/X
 m.u_conv3.u_weights._28233_/Y
 m.u_conv3.u_weights._28234_/X
 m.u_conv3.u_weights._28235_/Y
 m.u_conv3.u_weights._28236_/Y
 m.u_conv3.u_weights._28237_/Y
 m.u_conv3.u_weights._28238_/Y
 m.u_conv3.u_weights._28239_/X
 m.u_conv3.u_weights._28240_/Y
 m.u_conv3.u_weights._28241_/X
 m.u_conv3.u_weights._28242_/Y
 m.u_conv3.u_weights._28243_/Y
 m.u_conv3.u_weights._28244_/Y
 m.u_conv3.u_weights._28245_/Y
 m.u_conv3.u_weights._28246_/Y
 m.u_conv3.u_weights._28247_/Y
 m.u_conv3.u_weights._28248_/X
 m.u_conv3.u_weights._28249_/X
 m.u_conv3.u_weights._28250_/Y
 m.u_conv3.u_weights._28251_/Y
 m.u_conv3.u_weights._28252_/Y
 m.u_conv3.u_weights._28253_/X
 m.u_conv3.u_weights._28254_/X
 m.u_conv3.u_weights._28255_/Y
 m.u_conv3.u_weights._28256_/Y
 m.u_conv3.u_weights._28257_/Y
 m.u_conv3.u_weights._28258_/X
 m.u_conv3.u_weights._28259_/Y
 m.u_conv3.u_weights._28260_/X
 m.u_conv3.u_weights._28261_/Y
 m.u_conv3.u_weights._28262_/Y
 m.u_conv3.u_weights._28263_/Y
 m.u_conv3.u_weights._28264_/Y
 m.u_conv3.u_weights._28265_/Y
 m.u_conv3.u_weights._28266_/Y
 m.u_conv3.u_weights._28267_/Y
 m.u_conv3.u_weights._28268_/Y
 m.u_conv3.u_weights._28269_/Y
 m.u_conv3.u_weights._28270_/X
 m.u_conv3.u_weights._28271_/Y
 m.u_conv3.u_weights._28272_/X
 m.u_conv3.u_weights._28273_/Y
 m.u_conv3.u_weights._28274_/Y
 m.u_conv3.u_weights._28275_/Y
 m.u_conv3.u_weights._28276_/X
 m.u_conv3.u_weights._28277_/X
 m.u_conv3.u_weights._28278_/Y
 m.u_conv3.u_weights._28279_/Y
 m.u_conv3.u_weights._28280_/Y
 m.u_conv3.u_weights._28281_/Y
 m.u_conv3.u_weights._28282_/X
 m.u_conv3.u_weights._28283_/Y
 m.u_conv3.u_weights._28284_/Y
 m.u_conv3.u_weights._28285_/Y
 m.u_conv3.u_weights._28286_/X
 m.u_conv3.u_weights._28287_/X
 m.u_conv3.u_weights._28288_/Y
 m.u_conv3.u_weights._28289_/Y
 m.u_conv3.u_weights._28290_/Y
 m.u_conv3.u_weights._28291_/X
 m.u_conv3.u_weights._28292_/Y
 m.u_conv3.u_weights._28293_/Y
 m.u_conv3.u_weights._28294_/Y
 m.u_conv3.u_weights._28295_/Y
 m.u_conv3.u_weights._28296_/X
 m.u_conv3.u_weights._28297_/Y
 m.u_conv3.u_weights._28298_/X
 m.u_conv3.u_weights._28299_/Y
 m.u_conv3.u_weights._28300_/Y
 m.u_conv3.u_weights._28301_/X
 m.u_conv3.u_weights._28302_/Y
 m.u_conv3.u_weights._28303_/Y
 m.u_conv3.u_weights._28304_/Y
 m.u_conv3.u_weights._28305_/Y
 m.u_conv3.u_weights._28306_/Y
 m.u_conv3.u_weights._28307_/X
 m.u_conv3.u_weights._28308_/Y
 m.u_conv3.u_weights._28309_/X
 m.u_conv3.u_weights._28310_/Y
 m.u_conv3.u_weights._28311_/Y
 m.u_conv3.u_weights._28312_/Y
 m.u_conv3.u_weights._28313_/Y
 m.u_conv3.u_weights._28314_/Y
 m.u_conv3.u_weights._28315_/Y
 m.u_conv3.u_weights._28316_/Y
 m.u_conv3.u_weights._28317_/Y
 m.u_conv3.u_weights._28318_/X
 m.u_conv3.u_weights._28319_/Y
 m.u_conv3.u_weights._28320_/Y
 m.u_conv3.u_weights._28321_/Y
 m.u_conv3.u_weights._28322_/Y
 m.u_conv3.u_weights._28323_/Y
 m.u_conv3.u_weights._28324_/Y
 m.u_conv3.u_weights._28325_/Y
 m.u_conv3.u_weights._28326_/Y
 m.u_conv3.u_weights._28327_/Y
 m.u_conv3.u_weights._28328_/Y
 m.u_conv3.u_weights._28329_/Y
 m.u_conv3.u_weights._28330_/Y
 m.u_conv3.u_weights._28331_/X
 m.u_conv3.u_weights._28332_/Y
 m.u_conv3.u_weights._28333_/Y
 m.u_conv3.u_weights._28334_/X
 m.u_conv3.u_weights._28335_/Y
 m.u_conv3.u_weights._28336_/X
 m.u_conv3.u_weights._28337_/X
 m.u_conv3.u_weights._28338_/X
 m.u_conv3.u_weights._28339_/X
 m.u_conv3.u_weights._28340_/Y
 m.u_conv3.u_weights._28341_/Y
 m.u_conv3.u_weights._28342_/X
 m.u_conv3.u_weights._28343_/X
 m.u_conv3.u_weights._28344_/Y
 m.u_conv3.u_weights._28345_/Y
 m.u_conv3.u_weights._28346_/Y
 m.u_conv3.u_weights._28347_/Y
 m.u_conv3.u_weights._28348_/Y
 m.u_conv3.u_weights._28349_/Y
 m.u_conv3.u_weights._28350_/Y
 m.u_conv3.u_weights._28351_/X
 m.u_conv3.u_weights._28352_/Y
 m.u_conv3.u_weights._28353_/Y
 m.u_conv3.u_weights._28354_/Y
 m.u_conv3.u_weights._28355_/X
 m.u_conv3.u_weights._28356_/Y
 m.u_conv3.u_weights._28357_/Y
 m.u_conv3.u_weights._28358_/Y
 m.u_conv3.u_weights._28359_/Y
 m.u_conv3.u_weights._28360_/Y
 m.u_conv3.u_weights._28361_/Y
 m.u_conv3.u_weights._28362_/Y
 m.u_conv3.u_weights._28363_/X
 m.u_conv3.u_weights._28364_/Y
 m.u_conv3.u_weights._28365_/Y
 m.u_conv3.u_weights._28366_/Y
 m.u_conv3.u_weights._28367_/Y
 m.u_conv3.u_weights._28368_/Y
 m.u_conv3.u_weights._28369_/X
 m.u_conv3.u_weights._28370_/Y
 m.u_conv3.u_weights._28371_/Y
 m.u_conv3.u_weights._28372_/X
 m.u_conv3.u_weights._28373_/X
 m.u_conv3.u_weights._28374_/Y
 m.u_conv3.u_weights._28375_/Y
 m.u_conv3.u_weights._28376_/Y
 m.u_conv3.u_weights._28377_/Y
 m.u_conv3.u_weights._28378_/X
 m.u_conv3.u_weights._28379_/X
 m.u_conv3.u_weights._28380_/Y
 m.u_conv3.u_weights._28381_/Y
 m.u_conv3.u_weights._28382_/Y
 m.u_conv3.u_weights._28383_/Y
 m.u_conv3.u_weights._28384_/X
 m.u_conv3.u_weights._28385_/Y
 m.u_conv3.u_weights._28386_/Y
 m.u_conv3.u_weights._28387_/Y
 m.u_conv3.u_weights._28388_/Y
 m.u_conv3.u_weights._28389_/Y
 m.u_conv3.u_weights._28390_/Y
 m.u_conv3.u_weights._28391_/Y
 m.u_conv3.u_weights._28392_/Y
 m.u_conv3.u_weights._28393_/Y
 m.u_conv3.u_weights._28394_/Y
 m.u_conv3.u_weights._28395_/X
 m.u_conv3.u_weights._28396_/Y
 m.u_conv3.u_weights._28397_/Y
 m.u_conv3.u_weights._28398_/X
 m.u_conv3.u_weights._28399_/Y
 m.u_conv3.u_weights._28400_/X
 m.u_conv3.u_weights._28401_/Y
 m.u_conv3.u_weights._28402_/X
 m.u_conv3.u_weights._28403_/Y
 m.u_conv3.u_weights._28404_/Y
 m.u_conv3.u_weights._28405_/Y
 m.u_conv3.u_weights._28406_/X
 m.u_conv3.u_weights._28407_/Y
 m.u_conv3.u_weights._28408_/X
 m.u_conv3.u_weights._28409_/Y
 m.u_conv3.u_weights._28410_/X
 m.u_conv3.u_weights._28411_/Y
 m.u_conv3.u_weights._28412_/Y
 m.u_conv3.u_weights._28413_/X
 m.u_conv3.u_weights._28414_/Y
 m.u_conv3.u_weights._28415_/X
 m.u_conv3.u_weights._28416_/X
 m.u_conv3.u_weights._28417_/Y
 m.u_conv3.u_weights._28418_/Y
 m.u_conv3.u_weights._28419_/Y
 m.u_conv3.u_weights._28420_/Y
 m.u_conv3.u_weights._28421_/X
 m.u_conv3.u_weights._28422_/Y
 m.u_conv3.u_weights._28423_/Y
 m.u_conv3.u_weights._28424_/Y
 m.u_conv3.u_weights._28425_/X
 m.u_conv3.u_weights._28426_/Y
 m.u_conv3.u_weights._28427_/Y
 m.u_conv3.u_weights._28428_/Y
 m.u_conv3.u_weights._28429_/Y
 m.u_conv3.u_weights._28430_/Y
 m.u_conv3.u_weights._28431_/Y
 m.u_conv3.u_weights._28432_/Y
 m.u_conv3.u_weights._28433_/Y
 m.u_conv3.u_weights._28434_/Y
 m.u_conv3.u_weights._28435_/Y
 m.u_conv3.u_weights._28436_/X
 m.u_conv3.u_weights._28437_/X
 m.u_conv3.u_weights._28438_/Y
 m.u_conv3.u_weights._28439_/Y
 m.u_conv3.u_weights._28440_/Y
 m.u_conv3.u_weights._28441_/Y
 m.u_conv3.u_weights._28442_/Y
 m.u_conv3.u_weights._28443_/Y
 m.u_conv3.u_weights._28444_/Y
 m.u_conv3.u_weights._28445_/Y
 m.u_conv3.u_weights._28446_/Y
 m.u_conv3.u_weights._28447_/X
 m.u_conv3.u_weights._28448_/Y
 m.u_conv3.u_weights._28449_/Y
 m.u_conv3.u_weights._28450_/X
 m.u_conv3.u_weights._28451_/X
 m.u_conv3.u_weights._28452_/Y
 m.u_conv3.u_weights._28453_/X
 m.u_conv3.u_weights._28454_/Y
 m.u_conv3.u_weights._28455_/X
 m.u_conv3.u_weights._28456_/Y
 m.u_conv3.u_weights._28457_/Y
 m.u_conv3.u_weights._28458_/Y
 m.u_conv3.u_weights._28459_/Y
 m.u_conv3.u_weights._28460_/X
 m.u_conv3.u_weights._28461_/Y
 m.u_conv3.u_weights._28462_/Y
 m.u_conv3.u_weights._28463_/X
 m.u_conv3.u_weights._28464_/Y
 m.u_conv3.u_weights._28465_/Y
 m.u_conv3.u_weights._28466_/Y
 m.u_conv3.u_weights._28467_/X
 m.u_conv3.u_weights._28468_/X
 m.u_conv3.u_weights._28469_/Y
 m.u_conv3.u_weights._28470_/Y
 m.u_conv3.u_weights._28471_/X
 m.u_conv3.u_weights._28472_/X
 m.u_conv3.u_weights._28473_/Y
 m.u_conv3.u_weights._28474_/Y
 m.u_conv3.u_weights._28475_/Y
 m.u_conv3.u_weights._28476_/X
 m.u_conv3.u_weights._28477_/Y
 m.u_conv3.u_weights._28478_/Y
 m.u_conv3.u_weights._28479_/Y
 m.u_conv3.u_weights._28480_/Y
 m.u_conv3.u_weights._28481_/Y
 m.u_conv3.u_weights._28482_/X
 m.u_conv3.u_weights._28483_/Y
 m.u_conv3.u_weights._28484_/Y
 m.u_conv3.u_weights._28485_/X
 m.u_conv3.u_weights._28486_/X
 m.u_conv3.u_weights._28487_/Y
 m.u_conv3.u_weights._28488_/X
 m.u_conv3.u_weights._28489_/X
 m.u_conv3.u_weights._28490_/Y
 m.u_conv3.u_weights._28491_/Y
 m.u_conv3.u_weights._28492_/Y
 m.u_conv3.u_weights._28493_/Y
 m.u_conv3.u_weights._28494_/X
 m.u_conv3.u_weights._28495_/Y
 m.u_conv3.u_weights._28496_/Y
 m.u_conv3.u_weights._28497_/Y
 m.u_conv3.u_weights._28498_/Y
 m.u_conv3.u_weights._28499_/Y
 m.u_conv3.u_weights._28500_/X
 m.u_conv3.u_weights._28501_/X
 m.u_conv3.u_weights._28502_/Y
 m.u_conv3.u_weights._28503_/X
 m.u_conv3.u_weights._28504_/Y
 m.u_conv3.u_weights._28505_/X
 m.u_conv3.u_weights._28506_/Y
 m.u_conv3.u_weights._28507_/X
 m.u_conv3.u_weights._28508_/Y
 m.u_conv3.u_weights._28509_/Y
 m.u_conv3.u_weights._28510_/Y
 m.u_conv3.u_weights._28511_/Y
 m.u_conv3.u_weights._28512_/Y
 m.u_conv3.u_weights._28513_/X
 m.u_conv3.u_weights._28514_/X
 m.u_conv3.u_weights._28515_/X
 m.u_conv3.u_weights._28516_/X
 m.u_conv3.u_weights._28517_/X
 m.u_conv3.u_weights._28518_/Y
 m.u_conv3.u_weights._28519_/Y
 m.u_conv3.u_weights._28520_/Y
 m.u_conv3.u_weights._28521_/Y
 m.u_conv3.u_weights._28522_/Y
 m.u_conv3.u_weights._28523_/Y
 m.u_conv3.u_weights._28524_/Y
 m.u_conv3.u_weights._28525_/Y
 m.u_conv3.u_weights._28526_/Y
 m.u_conv3.u_weights._28527_/Y
 m.u_conv3.u_weights._28528_/Y
 m.u_conv3.u_weights._28529_/Y
 m.u_conv3.u_weights._28530_/Y
 m.u_conv3.u_weights._28531_/Y
 m.u_conv3.u_weights._28532_/Y
 m.u_conv3.u_weights._28533_/X
 m.u_conv3.u_weights._28534_/Y
 m.u_conv3.u_weights._28535_/Y
 m.u_conv3.u_weights._28536_/Y
 m.u_conv3.u_weights._28537_/Y
 m.u_conv3.u_weights._28538_/X
 m.u_conv3.u_weights._28539_/X
 m.u_conv3.u_weights._28540_/Y
 m.u_conv3.u_weights._28541_/Y
 m.u_conv3.u_weights._28542_/Y
 m.u_conv3.u_weights._28543_/Y
 m.u_conv3.u_weights._28544_/X
 m.u_conv3.u_weights._28545_/Y
 m.u_conv3.u_weights._28546_/Y
 m.u_conv3.u_weights._28547_/Y
 m.u_conv3.u_weights._28548_/Y
 m.u_conv3.u_weights._28549_/Y
 m.u_conv3.u_weights._28550_/Y
 m.u_conv3.u_weights._28551_/Y
 m.u_conv3.u_weights._28552_/Y
 m.u_conv3.u_weights._28553_/Y
 m.u_conv3.u_weights._28554_/Y
 m.u_conv3.u_weights._28555_/Y
 m.u_conv3.u_weights._28556_/Y
 m.u_conv3.u_weights._28557_/Y
 m.u_conv3.u_weights._28558_/Y
 m.u_conv3.u_weights._28559_/Y
 m.u_conv3.u_weights._28560_/X
 m.u_conv3.u_weights._28561_/Y
 m.u_conv3.u_weights._28562_/Y
 m.u_conv3.u_weights._28563_/X
 m.u_conv3.u_weights._28564_/Y
 m.u_conv3.u_weights._28565_/Y
 m.u_conv3.u_weights._28566_/X
 m.u_conv3.u_weights._28567_/Y
 m.u_conv3.u_weights._28568_/X
 m.u_conv3.u_weights._28569_/Y
 m.u_conv3.u_weights._28570_/Y
 m.u_conv3.u_weights._28571_/Y
 m.u_conv3.u_weights._28572_/Y
 m.u_conv3.u_weights._28573_/Y
 m.u_conv3.u_weights._28574_/X
 m.u_conv3.u_weights._28575_/Y
 m.u_conv3.u_weights._28576_/X
 m.u_conv3.u_weights._28577_/Y
 m.u_conv3.u_weights._28578_/Y
 m.u_conv3.u_weights._28579_/Y
 m.u_conv3.u_weights._28580_/Y
 m.u_conv3.u_weights._28581_/Y
 m.u_conv3.u_weights._28582_/Y
 m.u_conv3.u_weights._28583_/Y
 m.u_conv3.u_weights._28584_/Y
 m.u_conv3.u_weights._28585_/Y
 m.u_conv3.u_weights._28586_/Y
 m.u_conv3.u_weights._28587_/Y
 m.u_conv3.u_weights._28588_/X
 m.u_conv3.u_weights._28589_/Y
 m.u_conv3.u_weights._28590_/X
 m.u_conv3.u_weights._28591_/Y
 m.u_conv3.u_weights._28592_/X
 m.u_conv3.u_weights._28593_/Y
 m.u_conv3.u_weights._28594_/X
 m.u_conv3.u_weights._28595_/Y
 m.u_conv3.u_weights._28596_/X
 m.u_conv3.u_weights._28597_/Y
 m.u_conv3.u_weights._28598_/Y
 m.u_conv3.u_weights._28599_/Y
 m.u_conv3.u_weights._28600_/Y
 m.u_conv3.u_weights._28601_/Y
 m.u_conv3.u_weights._28602_/Y
 m.u_conv3.u_weights._28603_/X
 m.u_conv3.u_weights._28604_/Y
 m.u_conv3.u_weights._28605_/Y
 m.u_conv3.u_weights._28606_/X
 m.u_conv3.u_weights._28607_/X
 m.u_conv3.u_weights._28608_/Y
 m.u_conv3.u_weights._28609_/Y
 m.u_conv3.u_weights._28610_/X
 m.u_conv3.u_weights._28611_/X
 m.u_conv3.u_weights._28612_/Y
 m.u_conv3.u_weights._28613_/Y
 m.u_conv3.u_weights._28614_/X
 m.u_conv3.u_weights._28615_/Y
 m.u_conv3.u_weights._28616_/Y
 m.u_conv3.u_weights._28617_/Y
 m.u_conv3.u_weights._28618_/Y
 m.u_conv3.u_weights._28619_/X
 m.u_conv3.u_weights._28620_/Y
 m.u_conv3.u_weights._28621_/Y
 m.u_conv3.u_weights._28622_/Y
 m.u_conv3.u_weights._28623_/Y
 m.u_conv3.u_weights._28624_/Y
 m.u_conv3.u_weights._28625_/Y
 m.u_conv3.u_weights._28626_/Y
 m.u_conv3.u_weights._28627_/Y
 m.u_conv3.u_weights._28628_/Y
 m.u_conv3.u_weights._28629_/Y
 m.u_conv3.u_weights._28630_/Y
 m.u_conv3.u_weights._28631_/Y
 m.u_conv3.u_weights._28632_/Y
 m.u_conv3.u_weights._28633_/Y
 m.u_conv3.u_weights._28634_/Y
 m.u_conv3.u_weights._28635_/Y
 m.u_conv3.u_weights._28636_/Y
 m.u_conv3.u_weights._28637_/Y
 m.u_conv3.u_weights._28638_/Y
 m.u_conv3.u_weights._28639_/X
 m.u_conv3.u_weights._28640_/Y
 m.u_conv3.u_weights._28641_/Y
 m.u_conv3.u_weights._28642_/Y
 m.u_conv3.u_weights._28643_/Y
 m.u_conv3.u_weights._28644_/Y
 m.u_conv3.u_weights._28645_/Y
 m.u_conv3.u_weights._28646_/Y
 m.u_conv3.u_weights._28647_/Y
 m.u_conv3.u_weights._28648_/Y
 m.u_conv3.u_weights._28649_/Y
 m.u_conv3.u_weights._28650_/Y
 m.u_conv3.u_weights._28651_/Y
 m.u_conv3.u_weights._28652_/X
 m.u_conv3.u_weights._28653_/X
 m.u_conv3.u_weights._28654_/Y
 m.u_conv3.u_weights._28655_/Y
 m.u_conv3.u_weights._28656_/X
 m.u_conv3.u_weights._28657_/Y
 m.u_conv3.u_weights._28658_/Y
 m.u_conv3.u_weights._28659_/X
 m.u_conv3.u_weights._28660_/Y
 m.u_conv3.u_weights._28661_/X
 m.u_conv3.u_weights._28662_/X
 m.u_conv3.u_weights._28663_/X
 m.u_conv3.u_weights._28664_/Y
 m.u_conv3.u_weights._28665_/Y
 m.u_conv3.u_weights._28666_/Y
 m.u_conv3.u_weights._28667_/X
 m.u_conv3.u_weights._28668_/Y
 m.u_conv3.u_weights._28669_/X
 m.u_conv3.u_weights._28670_/X
 m.u_conv3.u_weights._28671_/X
 m.u_conv3.u_weights._28672_/Y
 m.u_conv3.u_weights._28673_/X
 m.u_conv3.u_weights._28674_/Y
 m.u_conv3.u_weights._28675_/Y
 m.u_conv3.u_weights._28676_/X
 m.u_conv3.u_weights._28677_/Y
 m.u_conv3.u_weights._28678_/X
 m.u_conv3.u_weights._28679_/Y
 m.u_conv3.u_weights._28680_/Y
 m.u_conv3.u_weights._28681_/Y
 m.u_conv3.u_weights._28682_/Y
 m.u_conv3.u_weights._28683_/Y
 m.u_conv3.u_weights._28684_/Y
 m.u_conv3.u_weights._28685_/Y
 m.u_conv3.u_weights._28686_/Y
 m.u_conv3.u_weights._28687_/Y
 m.u_conv3.u_weights._28688_/Y
 m.u_conv3.u_weights._28689_/Y
 m.u_conv3.u_weights._28690_/Y
 m.u_conv3.u_weights._28691_/Y
 m.u_conv3.u_weights._28692_/X
 m.u_conv3.u_weights._28693_/Y
 m.u_conv3.u_weights._28694_/Y
 m.u_conv3.u_weights._28695_/Y
 m.u_conv3.u_weights._28696_/Y
 m.u_conv3.u_weights._28697_/X
 m.u_conv3.u_weights._28698_/X
 m.u_conv3.u_weights._28699_/Y
 m.u_conv3.u_weights._28700_/X
 m.u_conv3.u_weights._28701_/Y
 m.u_conv3.u_weights._28702_/Y
 m.u_conv3.u_weights._28703_/Y
 m.u_conv3.u_weights._28704_/Y
 m.u_conv3.u_weights._28705_/Y
 m.u_conv3.u_weights._28706_/Y
 m.u_conv3.u_weights._28707_/X
 m.u_conv3.u_weights._28708_/Y
 m.u_conv3.u_weights._28709_/Y
 m.u_conv3.u_weights._28710_/Y
 m.u_conv3.u_weights._28711_/Y
 m.u_conv3.u_weights._28712_/Y
 m.u_conv3.u_weights._28713_/Y
 m.u_conv3.u_weights._28714_/Y
 m.u_conv3.u_weights._28715_/Y
 m.u_conv3.u_weights._28716_/Y
 m.u_conv3.u_weights._28717_/Y
 m.u_conv3.u_weights._28718_/X
 m.u_conv3.u_weights._28719_/Y
 m.u_conv3.u_weights._28720_/Y
 m.u_conv3.u_weights._28721_/X
 m.u_conv3.u_weights._28722_/Y
 m.u_conv3.u_weights._28723_/Y
 m.u_conv3.u_weights._28724_/Y
 m.u_conv3.u_weights._28725_/X
 m.u_conv3.u_weights._28726_/Y
 m.u_conv3.u_weights._28727_/Y
 m.u_conv3.u_weights._28728_/X
 m.u_conv3.u_weights._28729_/Y
 m.u_conv3.u_weights._28730_/Y
 m.u_conv3.u_weights._28731_/X
 m.u_conv3.u_weights._28732_/Y
 m.u_conv3.u_weights._28733_/Y
 m.u_conv3.u_weights._28734_/Y
 m.u_conv3.u_weights._28735_/Y
 m.u_conv3.u_weights._28736_/Y
 m.u_conv3.u_weights._28737_/Y
 m.u_conv3.u_weights._28738_/X
 m.u_conv3.u_weights._28739_/Y
 m.u_conv3.u_weights._28740_/Y
 m.u_conv3.u_weights._28741_/Y
 m.u_conv3.u_weights._28742_/Y
 m.u_conv3.u_weights._28743_/X
 m.u_conv3.u_weights._28744_/X
 m.u_conv3.u_weights._28745_/Y
 m.u_conv3.u_weights._28746_/Y
 m.u_conv3.u_weights._28747_/X
 m.u_conv3.u_weights._28748_/Y
 m.u_conv3.u_weights._28749_/Y
 m.u_conv3.u_weights._28750_/Y
 m.u_conv3.u_weights._28751_/Y
 m.u_conv3.u_weights._28752_/Y
 m.u_conv3.u_weights._28753_/Y
 m.u_conv3.u_weights._28754_/Y
 m.u_conv3.u_weights._28755_/Y
 m.u_conv3.u_weights._28756_/Y
 m.u_conv3.u_weights._28757_/X
 m.u_conv3.u_weights._28758_/Y
 m.u_conv3.u_weights._28759_/Y
 m.u_conv3.u_weights._28760_/Y
 m.u_conv3.u_weights._28761_/Y
 m.u_conv3.u_weights._28762_/Y
 m.u_conv3.u_weights._28763_/Y
 m.u_conv3.u_weights._28764_/X
 m.u_conv3.u_weights._28765_/Y
 m.u_conv3.u_weights._28766_/Y
 m.u_conv3.u_weights._28767_/X
 m.u_conv3.u_weights._28768_/Y
 m.u_conv3.u_weights._28769_/Y
 m.u_conv3.u_weights._28770_/Y
 m.u_conv3.u_weights._28771_/X
 m.u_conv3.u_weights._28772_/Y
 m.u_conv3.u_weights._28773_/Y
 m.u_conv3.u_weights._28774_/X
 m.u_conv3.u_weights._28775_/Y
 m.u_conv3.u_weights._28776_/Y
 m.u_conv3.u_weights._28777_/Y
 m.u_conv3.u_weights._28778_/Y
 m.u_conv3.u_weights._28779_/Y
 m.u_conv3.u_weights._28780_/Y
 m.u_conv3.u_weights._28781_/Y
 m.u_conv3.u_weights._28782_/Y
 m.u_conv3.u_weights._28783_/X
 m.u_conv3.u_weights._28784_/X
 m.u_conv3.u_weights._28785_/Y
 m.u_conv3.u_weights._28786_/Y
 m.u_conv3.u_weights._28787_/X
 m.u_conv3.u_weights._28788_/Y
 m.u_conv3.u_weights._28789_/Y
 m.u_conv3.u_weights._28790_/Y
 m.u_conv3.u_weights._28791_/Y
 m.u_conv3.u_weights._28792_/Y
 m.u_conv3.u_weights._28793_/Y
 m.u_conv3.u_weights._28794_/Y
 m.u_conv3.u_weights._28795_/Y
 m.u_conv3.u_weights._28796_/Y
 m.u_conv3.u_weights._28797_/Y
 m.u_conv3.u_weights._28798_/Y
 m.u_conv3.u_weights._28799_/Y
 m.u_conv3.u_weights._28800_/Y
 m.u_conv3.u_weights._28801_/Y
 m.u_conv3.u_weights._28802_/X
 m.u_conv3.u_weights._28803_/X
 m.u_conv3.u_weights._28804_/X
 m.u_conv3.u_weights._28805_/Y
 m.u_conv3.u_weights._28806_/X
 m.u_conv3.u_weights._28807_/Y
 m.u_conv3.u_weights._28808_/X
 m.u_conv3.u_weights._28809_/X
 m.u_conv3.u_weights._28810_/Y
 m.u_conv3.u_weights._28811_/X
 m.u_conv3.u_weights._28812_/Y
 m.u_conv3.u_weights._28813_/Y
 m.u_conv3.u_weights._28814_/X
 m.u_conv3.u_weights._28815_/Y
 m.u_conv3.u_weights._28816_/Y
 m.u_conv3.u_weights._28817_/X
 m.u_conv3.u_weights._28818_/Y
 m.u_conv3.u_weights._28819_/X
 m.u_conv3.u_weights._28820_/Y
 m.u_conv3.u_weights._28821_/Y
 m.u_conv3.u_weights._28822_/X
 m.u_conv3.u_weights._28823_/Y
 m.u_conv3.u_weights._28824_/Y
 m.u_conv3.u_weights._28825_/Y
 m.u_conv3.u_weights._28826_/Y
 m.u_conv3.u_weights._28827_/Y
 m.u_conv3.u_weights._28828_/Y
 m.u_conv3.u_weights._28829_/Y
 m.u_conv3.u_weights._28830_/Y
 m.u_conv3.u_weights._28831_/Y
 m.u_conv3.u_weights._28832_/Y
 m.u_conv3.u_weights._28833_/Y
 m.u_conv3.u_weights._28834_/Y
 m.u_conv3.u_weights._28835_/Y
 m.u_conv3.u_weights._28836_/Y
 m.u_conv3.u_weights._28837_/Y
 m.u_conv3.u_weights._28838_/X
 m.u_conv3.u_weights._28839_/Y
 m.u_conv3.u_weights._28840_/Y
 m.u_conv3.u_weights._28841_/Y
 m.u_conv3.u_weights._28842_/Y
 m.u_conv3.u_weights._28843_/Y
 m.u_conv3.u_weights._28844_/X
 m.u_conv3.u_weights._28845_/Y
 m.u_conv3.u_weights._28846_/Y
 m.u_conv3.u_weights._28847_/Y
 m.u_conv3.u_weights._28848_/X
 m.u_conv3.u_weights._28849_/X
 m.u_conv3.u_weights._28850_/Y
 m.u_conv3.u_weights._28851_/Y
 m.u_conv3.u_weights._28852_/Y
 m.u_conv3.u_weights._28853_/Y
 m.u_conv3.u_weights._28854_/Y
 m.u_conv3.u_weights._28855_/Y
 m.u_conv3.u_weights._28856_/Y
 m.u_conv3.u_weights._28857_/Y
 m.u_conv3.u_weights._28858_/Y
 m.u_conv3.u_weights._28859_/Y
 m.u_conv3.u_weights._28860_/Y
 m.u_conv3.u_weights._28861_/Y
 m.u_conv3.u_weights._28862_/X
 m.u_conv3.u_weights._28863_/Y
 m.u_conv3.u_weights._28864_/Y
 m.u_conv3.u_weights._28865_/Y
 m.u_conv3.u_weights._28866_/X
 m.u_conv3.u_weights._28867_/Y
 m.u_conv3.u_weights._28868_/Y
 m.u_conv3.u_weights._28869_/Y
 m.u_conv3.u_weights._28870_/Y
 m.u_conv3.u_weights._28871_/Y
 m.u_conv3.u_weights._28872_/Y
 m.u_conv3.u_weights._28873_/X
 m.u_conv3.u_weights._28874_/Y
 m.u_conv3.u_weights._28875_/Y
 m.u_conv3.u_weights._28876_/Y
 m.u_conv3.u_weights._28877_/Y
 m.u_conv3.u_weights._28878_/Y
 m.u_conv3.u_weights._28879_/Y
 m.u_conv3.u_weights._28880_/Y
 m.u_conv3.u_weights._28881_/X
 m.u_conv3.u_weights._28882_/Y
 m.u_conv3.u_weights._28883_/X
 m.u_conv3.u_weights._28884_/Y
 m.u_conv3.u_weights._28885_/Y
 m.u_conv3.u_weights._28886_/Y
 m.u_conv3.u_weights._28887_/Y
 m.u_conv3.u_weights._28888_/Y
 m.u_conv3.u_weights._28889_/Y
 m.u_conv3.u_weights._28890_/Y
 m.u_conv3.u_weights._28891_/Y
 m.u_conv3.u_weights._28892_/Y
 m.u_conv3.u_weights._28893_/Y
 m.u_conv3.u_weights._28894_/X
 m.u_conv3.u_weights._28895_/Y
 m.u_conv3.u_weights._28896_/Y
 m.u_conv3.u_weights._28897_/Y
 m.u_conv3.u_weights._28898_/Y
 m.u_conv3.u_weights._28899_/Y
 m.u_conv3.u_weights._28900_/Y
 m.u_conv3.u_weights._28901_/Y
 m.u_conv3.u_weights._28902_/Y
 m.u_conv3.u_weights._28903_/Y
 m.u_conv3.u_weights._28904_/Y
 m.u_conv3.u_weights._28905_/Y
 m.u_conv3.u_weights._28906_/Y
 m.u_conv3.u_weights._28907_/X
 m.u_conv3.u_weights._28908_/Y
 m.u_conv3.u_weights._28909_/Y
 m.u_conv3.u_weights._28910_/Y
 m.u_conv3.u_weights._28911_/Y
 m.u_conv3.u_weights._28912_/Y
 m.u_conv3.u_weights._28913_/Y
 m.u_conv3.u_weights._28914_/Y
 m.u_conv3.u_weights._28915_/Y
 m.u_conv3.u_weights._28916_/Y
 m.u_conv3.u_weights._28917_/Y
 m.u_conv3.u_weights._28918_/Y
 m.u_conv3.u_weights._28919_/Y
 m.u_conv3.u_weights._28920_/Y
 m.u_conv3.u_weights._28921_/Y
 m.u_conv3.u_weights._28922_/Y
 m.u_conv3.u_weights._28923_/Y
 m.u_conv3.u_weights._28924_/Y
 m.u_conv3.u_weights._28925_/Y
 m.u_conv3.u_weights._28926_/Y
 m.u_conv3.u_weights._28927_/Y
 m.u_conv3.u_weights._28928_/Y
 m.u_conv3.u_weights._28929_/X
 m.u_conv3.u_weights._28930_/Y
 m.u_conv3.u_weights._28931_/Y
 m.u_conv3.u_weights._28932_/Y
 m.u_conv3.u_weights._28933_/X
 m.u_conv3.u_weights._28934_/Y
 m.u_conv3.u_weights._28935_/Y
 m.u_conv3.u_weights._28936_/Y
 m.u_conv3.u_weights._28937_/Y
 m.u_conv3.u_weights._28938_/Y
 m.u_conv3.u_weights._28939_/Y
 m.u_conv3.u_weights._28940_/Y
 m.u_conv3.u_weights._28941_/Y
 m.u_conv3.u_weights._28942_/X
 m.u_conv3.u_weights._28943_/Y
 m.u_conv3.u_weights._28944_/Y
 m.u_conv3.u_weights._28945_/Y
 m.u_conv3.u_weights._28946_/Y
 m.u_conv3.u_weights._28947_/Y
 m.u_conv3.u_weights._28948_/Y
 m.u_conv3.u_weights._28949_/X
 m.u_conv3.u_weights._28950_/Y
 m.u_conv3.u_weights._28951_/Y
 m.u_conv3.u_weights._28952_/Y
 m.u_conv3.u_weights._28953_/Y
 m.u_conv3.u_weights._28954_/Y
 m.u_conv3.u_weights._28955_/Y
 m.u_conv3.u_weights._28956_/Y
 m.u_conv3.u_weights._28957_/Y
 m.u_conv3.u_weights._28958_/Y
 m.u_conv3.u_weights._28959_/Y
 m.u_conv3.u_weights._28960_/X
 m.u_conv3.u_weights._28961_/Y
 m.u_conv3.u_weights._28962_/Y
 m.u_conv3.u_weights._28963_/X
 m.u_conv3.u_weights._28964_/Y
 m.u_conv3.u_weights._28965_/Y
 m.u_conv3.u_weights._28966_/Y
 m.u_conv3.u_weights._28967_/Y
 m.u_conv3.u_weights._28968_/Y
 m.u_conv3.u_weights._28969_/Y
 m.u_conv3.u_weights._28970_/X
 m.u_conv3.u_weights._28971_/Y
 m.u_conv3.u_weights._28972_/Y
 m.u_conv3.u_weights._28973_/Y
 m.u_conv3.u_weights._28974_/Y
 m.u_conv3.u_weights._28975_/Y
 m.u_conv3.u_weights._28976_/X
 m.u_conv3.u_weights._28977_/Y
 m.u_conv3.u_weights._28978_/Y
 m.u_conv3.u_weights._28979_/X
 m.u_conv3.u_weights._28980_/Y
 m.u_conv3.u_weights._28981_/Y
 m.u_conv3.u_weights._28982_/Y
 m.u_conv3.u_weights._28983_/X
 m.u_conv3.u_weights._28984_/Y
 m.u_conv3.u_weights._28985_/X
 m.u_conv3.u_weights._28986_/X
 m.u_conv3.u_weights._28987_/X
 m.u_conv3.u_weights._28988_/Y
 m.u_conv3.u_weights._28989_/X
 m.u_conv3.u_weights._28990_/Y
 m.u_conv3.u_weights._28991_/Y
 m.u_conv3.u_weights._28992_/Y
 m.u_conv3.u_weights._28993_/Y
 m.u_conv3.u_weights._28994_/X
 m.u_conv3.u_weights._28995_/Y
 m.u_conv3.u_weights._28996_/Y
 m.u_conv3.u_weights._28997_/Y
 m.u_conv3.u_weights._28998_/X
 m.u_conv3.u_weights._28999_/Y
 m.u_conv3.u_weights._29000_/Y
 m.u_conv3.u_weights._29001_/Y
 m.u_conv3.u_weights._29002_/X
 m.u_conv3.u_weights._29003_/Y
 m.u_conv3.u_weights._29004_/X
 m.u_conv3.u_weights._29005_/Y
 m.u_conv3.u_weights._29006_/Y
 m.u_conv3.u_weights._29007_/Y
 m.u_conv3.u_weights._29008_/Y
 m.u_conv3.u_weights._29009_/Y
 m.u_conv3.u_weights._29010_/X
 m.u_conv3.u_weights._29011_/Y
 m.u_conv3.u_weights._29012_/Y
 m.u_conv3.u_weights._29013_/X
 m.u_conv3.u_weights._29014_/Y
 m.u_conv3.u_weights._29015_/Y
 m.u_conv3.u_weights._29016_/Y
 m.u_conv3.u_weights._29017_/Y
 m.u_conv3.u_weights._29018_/Y
 m.u_conv3.u_weights._29019_/X
 m.u_conv3.u_weights._29020_/Y
 m.u_conv3.u_weights._29021_/Y
 m.u_conv3.u_weights._29022_/X
 m.u_conv3.u_weights._29023_/Y
 m.u_conv3.u_weights._29024_/Y
 m.u_conv3.u_weights._29025_/Y
 m.u_conv3.u_weights._29026_/Y
 m.u_conv3.u_weights._29027_/X
 m.u_conv3.u_weights._29028_/X
 m.u_conv3.u_weights._29029_/Y
 m.u_conv3.u_weights._29030_/Y
 m.u_conv3.u_weights._29031_/X
 m.u_conv3.u_weights._29032_/Y
 m.u_conv3.u_weights._29033_/Y
 m.u_conv3.u_weights._29034_/Y
 m.u_conv3.u_weights._29035_/Y
 m.u_conv3.u_weights._29036_/Y
 m.u_conv3.u_weights._29037_/X
 m.u_conv3.u_weights._29038_/Y
 m.u_conv3.u_weights._29039_/Y
 m.u_conv3.u_weights._29040_/Y
 m.u_conv3.u_weights._29041_/Y
 m.u_conv3.u_weights._29042_/Y
 m.u_conv3.u_weights._29043_/Y
 m.u_conv3.u_weights._29044_/Y
 m.u_conv3.u_weights._29045_/Y
 m.u_conv3.u_weights._29046_/Y
 m.u_conv3.u_weights._29047_/Y
 m.u_conv3.u_weights._29048_/Y
 m.u_conv3.u_weights._29049_/Y
 m.u_conv3.u_weights._29050_/X
 m.u_conv3.u_weights._29051_/X
 m.u_conv3.u_weights._29052_/X
 m.u_conv3.u_weights._29053_/Y
 m.u_conv3.u_weights._29054_/X
 m.u_conv3.u_weights._29055_/Y
 m.u_conv3.u_weights._29056_/X
 m.u_conv3.u_weights._29057_/X
 m.u_conv3.u_weights._29058_/X
 m.u_conv3.u_weights._29059_/X
 m.u_conv3.u_weights._29060_/Y
 m.u_conv3.u_weights._29061_/Y
 m.u_conv3.u_weights._29062_/Y
 m.u_conv3.u_weights._29063_/Y
 m.u_conv3.u_weights._29064_/X
 m.u_conv3.u_weights._29065_/Y
 m.u_conv3.u_weights._29066_/Y
 m.u_conv3.u_weights._29067_/Y
 m.u_conv3.u_weights._29068_/Y
 m.u_conv3.u_weights._29069_/Y
 m.u_conv3.u_weights._29070_/Y
 m.u_conv3.u_weights._29071_/Y
 m.u_conv3.u_weights._29072_/Y
 m.u_conv3.u_weights._29073_/Y
 m.u_conv3.u_weights._29074_/Y
 m.u_conv3.u_weights._29075_/Y
 m.u_conv3.u_weights._29076_/Y
 m.u_conv3.u_weights._29077_/Y
 m.u_conv3.u_weights._29078_/Y
 m.u_conv3.u_weights._29079_/Y
 m.u_conv3.u_weights._29080_/X
 m.u_conv3.u_weights._29081_/Y
 m.u_conv3.u_weights._29082_/Y
 m.u_conv3.u_weights._29083_/Y
 m.u_conv3.u_weights._29084_/Y
 m.u_conv3.u_weights._29085_/X
 m.u_conv3.u_weights._29086_/Y
 m.u_conv3.u_weights._29087_/Y
 m.u_conv3.u_weights._29088_/Y
 m.u_conv3.u_weights._29089_/Y
 m.u_conv3.u_weights._29090_/X
 m.u_conv3.u_weights._29091_/Y
 m.u_conv3.u_weights._29092_/Y
 m.u_conv3.u_weights._29093_/X
 m.u_conv3.u_weights._29094_/X
 m.u_conv3.u_weights._29095_/Y
 m.u_conv3.u_weights._29096_/Y
 m.u_conv3.u_weights._29097_/Y
 m.u_conv3.u_weights._29098_/Y
 m.u_conv3.u_weights._29099_/Y
 m.u_conv3.u_weights._29100_/X
 m.u_conv3.u_weights._29101_/Y
 m.u_conv3.u_weights._29102_/Y
 m.u_conv3.u_weights._29103_/Y
 m.u_conv3.u_weights._29104_/Y
 m.u_conv3.u_weights._29105_/Y
 m.u_conv3.u_weights._29106_/Y
 m.u_conv3.u_weights._29107_/Y
 m.u_conv3.u_weights._29108_/Y
 m.u_conv3.u_weights._29109_/Y
 m.u_conv3.u_weights._29110_/Y
 m.u_conv3.u_weights._29111_/X
 m.u_conv3.u_weights._29112_/Y
 m.u_conv3.u_weights._29113_/Y
 m.u_conv3.u_weights._29114_/Y
 m.u_conv3.u_weights._29115_/Y
 m.u_conv3.u_weights._29116_/Y
 m.u_conv3.u_weights._29117_/Y
 m.u_conv3.u_weights._29118_/X
 m.u_conv3.u_weights._29119_/Y
 m.u_conv3.u_weights._29120_/Y
 m.u_conv3.u_weights._29121_/Y
 m.u_conv3.u_weights._29122_/Y
 m.u_conv3.u_weights._29123_/Y
 m.u_conv3.u_weights._29124_/X
 m.u_conv3.u_weights._29125_/Y
 m.u_conv3.u_weights._29126_/X
 m.u_conv3.u_weights._29127_/Y
 m.u_conv3.u_weights._29128_/Y
 m.u_conv3.u_weights._29129_/Y
 m.u_conv3.u_weights._29130_/Y
 m.u_conv3.u_weights._29131_/Y
 m.u_conv3.u_weights._29132_/Y
 m.u_conv3.u_weights._29133_/Y
 m.u_conv3.u_weights._29134_/Y
 m.u_conv3.u_weights._29135_/X
 m.u_conv3.u_weights._29136_/X
 m.u_conv3.u_weights._29137_/X
 m.u_conv3.u_weights._29138_/Y
 m.u_conv3.u_weights._29139_/Y
 m.u_conv3.u_weights._29140_/Y
 m.u_conv3.u_weights._29141_/Y
 m.u_conv3.u_weights._29142_/Y
 m.u_conv3.u_weights._29143_/Y
 m.u_conv3.u_weights._29144_/X
 m.u_conv3.u_weights._29145_/X
 m.u_conv3.u_weights._29146_/Y
 m.u_conv3.u_weights._29147_/Y
 m.u_conv3.u_weights._29148_/Y
 m.u_conv3.u_weights._29149_/Y
 m.u_conv3.u_weights._29150_/Y
 m.u_conv3.u_weights._29151_/Y
 m.u_conv3.u_weights._29152_/Y
 m.u_conv3.u_weights._29153_/X
 m.u_conv3.u_weights._29154_/Y
 m.u_conv3.u_weights._29155_/Y
 m.u_conv3.u_weights._29156_/X
 m.u_conv3.u_weights._29157_/X
 m.u_conv3.u_weights._29158_/Y
 m.u_conv3.u_weights._29159_/Y
 m.u_conv3.u_weights._29160_/Y
 m.u_conv3.u_weights._29161_/Y
 m.u_conv3.u_weights._29162_/Y
 m.u_conv3.u_weights._29163_/X
 m.u_conv3.u_weights._29164_/Y
 m.u_conv3.u_weights._29165_/Y
 m.u_conv3.u_weights._29166_/Y
 m.u_conv3.u_weights._29167_/Y
 m.u_conv3.u_weights._29168_/X
 m.u_conv3.u_weights._29169_/Y
 m.u_conv3.u_weights._29170_/Y
 m.u_conv3.u_weights._29171_/X
 m.u_conv3.u_weights._29172_/Y
 m.u_conv3.u_weights._29173_/Y
 m.u_conv3.u_weights._29174_/Y
 m.u_conv3.u_weights._29175_/Y
 m.u_conv3.u_weights._29176_/X
 m.u_conv3.u_weights._29177_/Y
 m.u_conv3.u_weights._29178_/Y
 m.u_conv3.u_weights._29179_/X
 m.u_conv3.u_weights._29180_/Y
 m.u_conv3.u_weights._29181_/X
 m.u_conv3.u_weights._29182_/Y
 m.u_conv3.u_weights._29183_/X
 m.u_conv3.u_weights._29184_/X
 m.u_conv3.u_weights._29185_/X
 m.u_conv3.u_weights._29186_/Y
 m.u_conv3.u_weights._29187_/Y
 m.u_conv3.u_weights._29188_/Y
 m.u_conv3.u_weights._29189_/X
 m.u_conv3.u_weights._29190_/Y
 m.u_conv3.u_weights._29191_/Y
 m.u_conv3.u_weights._29192_/X
 m.u_conv3.u_weights._29193_/Y
 m.u_conv3.u_weights._29194_/Y
 m.u_conv3.u_weights._29195_/Y
 m.u_conv3.u_weights._29196_/Y
 m.u_conv3.u_weights._29197_/Y
 m.u_conv3.u_weights._29198_/Y
 m.u_conv3.u_weights._29199_/Y
 m.u_conv3.u_weights._29200_/Y
 m.u_conv3.u_weights._29201_/X
 m.u_conv3.u_weights._29202_/Y
 m.u_conv3.u_weights._29203_/X
 m.u_conv3.u_weights._29204_/Y
 m.u_conv3.u_weights._29205_/Y
 m.u_conv3.u_weights._29206_/X
 m.u_conv3.u_weights._29207_/Y
 m.u_conv3.u_weights._29208_/X
 m.u_conv3.u_weights._29209_/Y
 m.u_conv3.u_weights._29210_/X
 m.u_conv3.u_weights._29211_/Y
 m.u_conv3.u_weights._29212_/Y
 m.u_conv3.u_weights._29213_/X
 m.u_conv3.u_weights._29214_/Y
 m.u_conv3.u_weights._29215_/X
 m.u_conv3.u_weights._29216_/Y
 m.u_conv3.u_weights._29217_/Y
 m.u_conv3.u_weights._29218_/Y
 m.u_conv3.u_weights._29219_/Y
 m.u_conv3.u_weights._29220_/Y
 m.u_conv3.u_weights._29221_/X
 m.u_conv3.u_weights._29222_/Y
 m.u_conv3.u_weights._29223_/Y
 m.u_conv3.u_weights._29224_/Y
 m.u_conv3.u_weights._29225_/Y
 m.u_conv3.u_weights._29226_/Y
 m.u_conv3.u_weights._29227_/Y
 m.u_conv3.u_weights._29228_/X
 m.u_conv3.u_weights._29229_/Y
 m.u_conv3.u_weights._29230_/Y
 m.u_conv3.u_weights._29231_/Y
 m.u_conv3.u_weights._29232_/X
 m.u_conv3.u_weights._29233_/Y
 m.u_conv3.u_weights._29234_/Y
 m.u_conv3.u_weights._29235_/Y
 m.u_conv3.u_weights._29236_/Y
 m.u_conv3.u_weights._29237_/Y
 m.u_conv3.u_weights._29238_/Y
 m.u_conv3.u_weights._29239_/X
 m.u_conv3.u_weights._29240_/Y
 m.u_conv3.u_weights._29241_/Y
 m.u_conv3.u_weights._29242_/Y
 m.u_conv3.u_weights._29243_/Y
 m.u_conv3.u_weights._29244_/Y
 m.u_conv3.u_weights._29245_/X
 m.u_conv3.u_weights._29246_/Y
 m.u_conv3.u_weights._29247_/Y
 m.u_conv3.u_weights._29248_/Y
 m.u_conv3.u_weights._29249_/Y
 m.u_conv3.u_weights._29250_/Y
 m.u_conv3.u_weights._29251_/Y
 m.u_conv3.u_weights._29252_/Y
 m.u_conv3.u_weights._29253_/X
 m.u_conv3.u_weights._29254_/Y
 m.u_conv3.u_weights._29255_/Y
 m.u_conv3.u_weights._29256_/Y
 m.u_conv3.u_weights._29257_/Y
 m.u_conv3.u_weights._29258_/X
 m.u_conv3.u_weights._29259_/Y
 m.u_conv3.u_weights._29260_/Y
 m.u_conv3.u_weights._29261_/Y
 m.u_conv3.u_weights._29262_/Y
 m.u_conv3.u_weights._29263_/Y
 m.u_conv3.u_weights._29264_/Y
 m.u_conv3.u_weights._29265_/Y
 m.u_conv3.u_weights._29266_/Y
 m.u_conv3.u_weights._29267_/Y
 m.u_conv3.u_weights._29268_/Y
 m.u_conv3.u_weights._29269_/Y
 m.u_conv3.u_weights._29270_/X
 m.u_conv3.u_weights._29271_/Y
 m.u_conv3.u_weights._29272_/Y
 m.u_conv3.u_weights._29273_/Y
 m.u_conv3.u_weights._29274_/Y
 m.u_conv3.u_weights._29275_/Y
 m.u_conv3.u_weights._29276_/Y
 m.u_conv3.u_weights._29277_/Y
 m.u_conv3.u_weights._29278_/X
 m.u_conv3.u_weights._29279_/Y
 m.u_conv3.u_weights._29280_/Y
 m.u_conv3.u_weights._29281_/X
 m.u_conv3.u_weights._29282_/Y
 m.u_conv3.u_weights._29283_/Y
 m.u_conv3.u_weights._29284_/X
 m.u_conv3.u_weights._29285_/Y
 m.u_conv3.u_weights._29286_/X
 m.u_conv3.u_weights._29287_/Y
 m.u_conv3.u_weights._29288_/Y
 m.u_conv3.u_weights._29289_/X
 m.u_conv3.u_weights._29290_/Y
 m.u_conv3.u_weights._29291_/X
 m.u_conv3.u_weights._29292_/Y
 m.u_conv3.u_weights._29293_/Y
 m.u_conv3.u_weights._29294_/Y
 m.u_conv3.u_weights._29295_/Y
 m.u_conv3.u_weights._29296_/Y
 m.u_conv3.u_weights._29297_/Y
 m.u_conv3.u_weights._29298_/Y
 m.u_conv3.u_weights._29299_/X
 m.u_conv3.u_weights._29300_/Y
 m.u_conv3.u_weights._29301_/Y
 m.u_conv3.u_weights._29302_/Y
 m.u_conv3.u_weights._29303_/Y
 m.u_conv3.u_weights._29304_/X
 m.u_conv3.u_weights._29305_/X
 m.u_conv3.u_weights._29306_/X
 m.u_conv3.u_weights._29307_/Y
 m.u_conv3.u_weights._29308_/Y
 m.u_conv3.u_weights._29309_/X
 m.u_conv3.u_weights._29310_/Y
 m.u_conv3.u_weights._29311_/Y
 m.u_conv3.u_weights._29312_/Y
 m.u_conv3.u_weights._29313_/Y
 m.u_conv3.u_weights._29314_/Y
 m.u_conv3.u_weights._29315_/Y
 m.u_conv3.u_weights._29316_/Y
 m.u_conv3.u_weights._29317_/X
 m.u_conv3.u_weights._29318_/Y
 m.u_conv3.u_weights._29319_/Y
 m.u_conv3.u_weights._29320_/Y
 m.u_conv3.u_weights._29321_/Y
 m.u_conv3.u_weights._29322_/Y
 m.u_conv3.u_weights._29323_/Y
 m.u_conv3.u_weights._29324_/Y
 m.u_conv3.u_weights._29325_/X
 m.u_conv3.u_weights._29326_/Y
 m.u_conv3.u_weights._29327_/Y
 m.u_conv3.u_weights._29328_/Y
 m.u_conv3.u_weights._29329_/Y
 m.u_conv3.u_weights._29330_/X
 m.u_conv3.u_weights._29331_/X
 m.u_conv3.u_weights._29332_/Y
 m.u_conv3.u_weights._29333_/Y
 m.u_conv3.u_weights._29334_/X
 m.u_conv3.u_weights._29335_/Y
 m.u_conv3.u_weights._29336_/Y
 m.u_conv3.u_weights._29337_/X
 m.u_conv3.u_weights._29338_/Y
 m.u_conv3.u_weights._29339_/Y
 m.u_conv3.u_weights._29340_/Y
 m.u_conv3.u_weights._29341_/Y
 m.u_conv3.u_weights._29342_/Y
 m.u_conv3.u_weights._29343_/Y
 m.u_conv3.u_weights._29344_/Y
 m.u_conv3.u_weights._29345_/Y
 m.u_conv3.u_weights._29346_/X
 m.u_conv3.u_weights._29347_/Y
 m.u_conv3.u_weights._29348_/Y
 m.u_conv3.u_weights._29349_/Y
 m.u_conv3.u_weights._29350_/Y
 m.u_conv3.u_weights._29351_/Y
 m.u_conv3.u_weights._29352_/Y
 m.u_conv3.u_weights._29353_/X
 m.u_conv3.u_weights._29354_/Y
 m.u_conv3.u_weights._29355_/Y
 m.u_conv3.u_weights._29356_/Y
 m.u_conv3.u_weights._29357_/Y
 m.u_conv3.u_weights._29358_/X
 m.u_conv3.u_weights._29359_/Y
 m.u_conv3.u_weights._29360_/Y
 m.u_conv3.u_weights._29361_/X
 m.u_conv3.u_weights._29362_/Y
 m.u_conv3.u_weights._29363_/Y
 m.u_conv3.u_weights._29364_/X
 m.u_conv3.u_weights._29365_/Y
 m.u_conv3.u_weights._29366_/X
 m.u_conv3.u_weights._29367_/Y
 m.u_conv3.u_weights._29368_/Y
 m.u_conv3.u_weights._29369_/Y
 m.u_conv3.u_weights._29370_/X
 m.u_conv3.u_weights._29371_/Y
 m.u_conv3.u_weights._29372_/X
 m.u_conv3.u_weights._29373_/Y
 m.u_conv3.u_weights._29374_/Y
 m.u_conv3.u_weights._29375_/X
 m.u_conv3.u_weights._29376_/Y
 m.u_conv3.u_weights._29377_/Y
 m.u_conv3.u_weights._29378_/Y
 m.u_conv3.u_weights._29379_/Y
 m.u_conv3.u_weights._29380_/Y
 m.u_conv3.u_weights._29381_/Y
 m.u_conv3.u_weights._29382_/Y
 m.u_conv3.u_weights._29383_/Y
 m.u_conv3.u_weights._29384_/Y
 m.u_conv3.u_weights._29385_/Y
 m.u_conv3.u_weights._29386_/Y
 m.u_conv3.u_weights._29387_/Y
 m.u_conv3.u_weights._29388_/Y
 m.u_conv3.u_weights._29389_/Y
 m.u_conv3.u_weights._29390_/X
 m.u_conv3.u_weights._29391_/Y
 m.u_conv3.u_weights._29392_/Y
 m.u_conv3.u_weights._29393_/X
 m.u_conv3.u_weights._29394_/Y
 m.u_conv3.u_weights._29395_/Y
 m.u_conv3.u_weights._29396_/Y
 m.u_conv3.u_weights._29397_/X
 m.u_conv3.u_weights._29398_/Y
 m.u_conv3.u_weights._29399_/Y
 m.u_conv3.u_weights._29400_/Y
 m.u_conv3.u_weights._29401_/Y
 m.u_conv3.u_weights._29402_/Y
 m.u_conv3.u_weights._29403_/Y
 m.u_conv3.u_weights._29404_/Y
 m.u_conv3.u_weights._29405_/Y
 m.u_conv3.u_weights._29406_/Y
 m.u_conv3.u_weights._29407_/Y
 m.u_conv3.u_weights._29408_/Y
 m.u_conv3.u_weights._29409_/X
 m.u_conv3.u_weights._29410_/Y
 m.u_conv3.u_weights._29411_/X
 m.u_conv3.u_weights._29412_/Y
 m.u_conv3.u_weights._29413_/Y
 m.u_conv3.u_weights._29414_/Y
 m.u_conv3.u_weights._29415_/Y
 m.u_conv3.u_weights._29416_/Y
 m.u_conv3.u_weights._29417_/Y
 m.u_conv3.u_weights._29418_/Y
 m.u_conv3.u_weights._29419_/Y
 m.u_conv3.u_weights._29420_/Y
 m.u_conv3.u_weights._29421_/Y
 m.u_conv3.u_weights._29422_/Y
 m.u_conv3.u_weights._29423_/Y
 m.u_conv3.u_weights._29424_/Y
 m.u_conv3.u_weights._29425_/Y
 m.u_conv3.u_weights._29426_/X
 m.u_conv3.u_weights._29427_/X
 m.u_conv3.u_weights._29428_/Y
 m.u_conv3.u_weights._29429_/Y
 m.u_conv3.u_weights._29430_/X
 m.u_conv3.u_weights._29431_/X
 m.u_conv3.u_weights._29432_/Y
 m.u_conv3.u_weights._29433_/X
 m.u_conv3.u_weights._29434_/X
 m.u_conv3.u_weights._29435_/Y
 m.u_conv3.u_weights._29436_/Y
 m.u_conv3.u_weights._29437_/X
 m.u_conv3.u_weights._29438_/Y
 m.u_conv3.u_weights._29439_/Y
 m.u_conv3.u_weights._29440_/Y
 m.u_conv3.u_weights._29441_/Y
 m.u_conv3.u_weights._29442_/X
 m.u_conv3.u_weights._29443_/Y
 m.u_conv3.u_weights._29444_/Y
 m.u_conv3.u_weights._29445_/Y
 m.u_conv3.u_weights._29446_/Y
 m.u_conv3.u_weights._29447_/Y
 m.u_conv3.u_weights._29448_/Y
 m.u_conv3.u_weights._29449_/Y
 m.u_conv3.u_weights._29450_/Y
 m.u_conv3.u_weights._29451_/X
 m.u_conv3.u_weights._29452_/Y
 m.u_conv3.u_weights._29453_/Y
 m.u_conv3.u_weights._29454_/Y
 m.u_conv3.u_weights._29455_/X
 m.u_conv3.u_weights._29456_/Y
 m.u_conv3.u_weights._29457_/Y
 m.u_conv3.u_weights._29458_/Y
 m.u_conv3.u_weights._29459_/Y
 m.u_conv3.u_weights._29460_/X
 m.u_conv3.u_weights._29461_/X
 m.u_conv3.u_weights._29462_/Y
 m.u_conv3.u_weights._29463_/Y
 m.u_conv3.u_weights._29464_/Y
 m.u_conv3.u_weights._29465_/Y
 m.u_conv3.u_weights._29466_/Y
 m.u_conv3.u_weights._29467_/Y
 m.u_conv3.u_weights._29468_/X
 m.u_conv3.u_weights._29469_/Y
 m.u_conv3.u_weights._29470_/X
 m.u_conv3.u_weights._29471_/Y
 m.u_conv3.u_weights._29472_/Y
 m.u_conv3.u_weights._29473_/Y
 m.u_conv3.u_weights._29474_/Y
 m.u_conv3.u_weights._29475_/Y
 m.u_conv3.u_weights._29476_/Y
 m.u_conv3.u_weights._29477_/Y
 m.u_conv3.u_weights._29478_/Y
 m.u_conv3.u_weights._29479_/Y
 m.u_conv3.u_weights._29480_/Y
 m.u_conv3.u_weights._29481_/Y
 m.u_conv3.u_weights._29482_/X
 m.u_conv3.u_weights._29483_/X
 m.u_conv3.u_weights._29484_/Y
 m.u_conv3.u_weights._29485_/Y
 m.u_conv3.u_weights._29486_/X
 m.u_conv3.u_weights._29487_/Y
 m.u_conv3.u_weights._29488_/X
 m.u_conv3.u_weights._29489_/X
 m.u_conv3.u_weights._29490_/Y
 m.u_conv3.u_weights._29491_/Y
 m.u_conv3.u_weights._29492_/X
 m.u_conv3.u_weights._29493_/Y
 m.u_conv3.u_weights._29494_/Y
 m.u_conv3.u_weights._29495_/Y
 m.u_conv3.u_weights._29496_/Y
 m.u_conv3.u_weights._29497_/Y
 m.u_conv3.u_weights._29498_/X
 m.u_conv3.u_weights._29499_/Y
 m.u_conv3.u_weights._29500_/X
 m.u_conv3.u_weights._29501_/Y
 m.u_conv3.u_weights._29502_/Y
 m.u_conv3.u_weights._29503_/X
 m.u_conv3.u_weights._29504_/Y
 m.u_conv3.u_weights._29505_/Y
 m.u_conv3.u_weights._29506_/Y
 m.u_conv3.u_weights._29507_/Y
 m.u_conv3.u_weights._29508_/Y
 m.u_conv3.u_weights._29509_/Y
 m.u_conv3.u_weights._29510_/Y
 m.u_conv3.u_weights._29511_/X
 m.u_conv3.u_weights._29512_/Y
 m.u_conv3.u_weights._29513_/Y
 m.u_conv3.u_weights._29514_/Y
 m.u_conv3.u_weights._29515_/Y
 m.u_conv3.u_weights._29516_/Y
 m.u_conv3.u_weights._29517_/Y
 m.u_conv3.u_weights._29518_/Y
 m.u_conv3.u_weights._29519_/X
 m.u_conv3.u_weights._29520_/X
 m.u_conv3.u_weights._29521_/Y
 m.u_conv3.u_weights._29522_/X
 m.u_conv3.u_weights._29523_/Y
 m.u_conv3.u_weights._29524_/X
 m.u_conv3.u_weights._29525_/X
 m.u_conv3.u_weights._29526_/X
 m.u_conv3.u_weights._29527_/Y
 m.u_conv3.u_weights._29528_/X
 m.u_conv3.u_weights._29529_/X
 m.u_conv3.u_weights._29530_/Y
 m.u_conv3.u_weights._29531_/Y
 m.u_conv3.u_weights._29532_/Y
 m.u_conv3.u_weights._29533_/X
 m.u_conv3.u_weights._29534_/Y
 m.u_conv3.u_weights._29535_/Y
 m.u_conv3.u_weights._29536_/Y
 m.u_conv3.u_weights._29537_/Y
 m.u_conv3.u_weights._29538_/Y
 m.u_conv3.u_weights._29539_/Y
 m.u_conv3.u_weights._29540_/Y
 m.u_conv3.u_weights._29541_/Y
 m.u_conv3.u_weights._29542_/Y
 m.u_conv3.u_weights._29543_/Y
 m.u_conv3.u_weights._29544_/Y
 m.u_conv3.u_weights._29545_/Y
 m.u_conv3.u_weights._29546_/Y
 m.u_conv3.u_weights._29547_/Y
 m.u_conv3.u_weights._29548_/Y
 m.u_conv3.u_weights._29549_/Y
 m.u_conv3.u_weights._29550_/Y
 m.u_conv3.u_weights._29551_/X
 m.u_conv3.u_weights._29552_/X
 m.u_conv3.u_weights._29553_/X
 m.u_conv3.u_weights._29554_/Y
 m.u_conv3.u_weights._29555_/Y
 m.u_conv3.u_weights._29556_/Y
 m.u_conv3.u_weights._29557_/X
 m.u_conv3.u_weights._29558_/Y
 m.u_conv3.u_weights._29559_/X
 m.u_conv3.u_weights._29560_/Y
 m.u_conv3.u_weights._29561_/Y
 m.u_conv3.u_weights._29562_/Y
 m.u_conv3.u_weights._29563_/X
 m.u_conv3.u_weights._29564_/Y
 m.u_conv3.u_weights._29565_/Y
 m.u_conv3.u_weights._29566_/Y
 m.u_conv3.u_weights._29567_/Y
 m.u_conv3.u_weights._29568_/Y
 m.u_conv3.u_weights._29569_/Y
 m.u_conv3.u_weights._29570_/Y
 m.u_conv3.u_weights._29571_/Y
 m.u_conv3.u_weights._29572_/Y
 m.u_conv3.u_weights._29573_/X
 m.u_conv3.u_weights._29574_/Y
 m.u_conv3.u_weights._29575_/Y
 m.u_conv3.u_weights._29576_/Y
 m.u_conv3.u_weights._29577_/Y
 m.u_conv3.u_weights._29578_/Y
 m.u_conv3.u_weights._29579_/Y
 m.u_conv3.u_weights._29580_/Y
 m.u_conv3.u_weights._29581_/Y
 m.u_conv3.u_weights._29582_/Y
 m.u_conv3.u_weights._29583_/Y
 m.u_conv3.u_weights._29584_/Y
 m.u_conv3.u_weights._29585_/Y
 m.u_conv3.u_weights._29586_/Y
 m.u_conv3.u_weights._29587_/Y
 m.u_conv3.u_weights._29588_/Y
 m.u_conv3.u_weights._29589_/X
 m.u_conv3.u_weights._29590_/Y
 m.u_conv3.u_weights._29591_/Y
 m.u_conv3.u_weights._29592_/Y
 m.u_conv3.u_weights._29593_/Y
 m.u_conv3.u_weights._29594_/Y
 m.u_conv3.u_weights._29595_/Y
 m.u_conv3.u_weights._29596_/X
 m.u_conv3.u_weights._29597_/Y
 m.u_conv3.u_weights._29598_/Y
 m.u_conv3.u_weights._29599_/Y
 m.u_conv3.u_weights._29600_/X
 m.u_conv3.u_weights._29601_/Y
 m.u_conv3.u_weights._29602_/Y
 m.u_conv3.u_weights._29603_/X
 m.u_conv3.u_weights._29604_/Y
 m.u_conv3.u_weights._29605_/Y
 m.u_conv3.u_weights._29606_/X
 m.u_conv3.u_weights._29607_/Y
 m.u_conv3.u_weights._29608_/X
 m.u_conv3.u_weights._29609_/Y
 m.u_conv3.u_weights._29610_/X
 m.u_conv3.u_weights._29611_/Y
 m.u_conv3.u_weights._29612_/Y
 m.u_conv3.u_weights._29613_/X
 m.u_conv3.u_weights._29614_/Y
 m.u_conv3.u_weights._29615_/Y
 m.u_conv3.u_weights._29616_/Y
 m.u_conv3.u_weights._29617_/Y
 m.u_conv3.u_weights._29618_/X
 m.u_conv3.u_weights._29619_/Y
 m.u_conv3.u_weights._29620_/Y
 m.u_conv3.u_weights._29621_/X
 m.u_conv3.u_weights._29622_/Y
 m.u_conv3.u_weights._29623_/X
 m.u_conv3.u_weights._29624_/Y
 m.u_conv3.u_weights._29625_/Y
 m.u_conv3.u_weights._29626_/X
 m.u_conv3.u_weights._29627_/Y
 m.u_conv3.u_weights._29628_/Y
 m.u_conv3.u_weights._29629_/X
 m.u_conv3.u_weights._29630_/Y
 m.u_conv3.u_weights._29631_/Y
 m.u_conv3.u_weights._29632_/Y
 m.u_conv3.u_weights._29633_/Y
 m.u_conv3.u_weights._29634_/Y
 m.u_conv3.u_weights._29635_/Y
 m.u_conv3.u_weights._29636_/Y
 m.u_conv3.u_weights._29637_/Y
 m.u_conv3.u_weights._29638_/Y
 m.u_conv3.u_weights._29639_/Y
 m.u_conv3.u_weights._29640_/Y
 m.u_conv3.u_weights._29641_/X
 m.u_conv3.u_weights._29642_/Y
 m.u_conv3.u_weights._29643_/Y
 m.u_conv3.u_weights._29644_/X
 m.u_conv3.u_weights._29645_/Y
 m.u_conv3.u_weights._29646_/Y
 m.u_conv3.u_weights._29647_/Y
 m.u_conv3.u_weights._29648_/Y
 m.u_conv3.u_weights._29649_/X
 m.u_conv3.u_weights._29650_/X
 m.u_conv3.u_weights._29651_/Y
 m.u_conv3.u_weights._29652_/Y
 m.u_conv3.u_weights._29653_/X
 m.u_conv3.u_weights._29654_/Y
 m.u_conv3.u_weights._29655_/Y
 m.u_conv3.u_weights._29656_/Y
 m.u_conv3.u_weights._29657_/X
 m.u_conv3.u_weights._29658_/Y
 m.u_conv3.u_weights._29659_/Y
 m.u_conv3.u_weights._29660_/X
 m.u_conv3.u_weights._29661_/Y
 m.u_conv3.u_weights._29662_/Y
 m.u_conv3.u_weights._29663_/Y
 m.u_conv3.u_weights._29664_/Y
 m.u_conv3.u_weights._29665_/X
 m.u_conv3.u_weights._29666_/X
 m.u_conv3.u_weights._29667_/Y
 m.u_conv3.u_weights._29668_/Y
 m.u_conv3.u_weights._29669_/Y
 m.u_conv3.u_weights._29670_/Y
 m.u_conv3.u_weights._29671_/Y
 m.u_conv3.u_weights._29672_/Y
 m.u_conv3.u_weights._29673_/X
 m.u_conv3.u_weights._29674_/Y
 m.u_conv3.u_weights._29675_/Y
 m.u_conv3.u_weights._29676_/Y
 m.u_conv3.u_weights._29677_/Y
 m.u_conv3.u_weights._29678_/Y
 m.u_conv3.u_weights._29679_/X
 m.u_conv3.u_weights._29680_/Y
 m.u_conv3.u_weights._29681_/Y
 m.u_conv3.u_weights._29682_/X
 m.u_conv3.u_weights._29683_/Y
 m.u_conv3.u_weights._29684_/Y
 m.u_conv3.u_weights._29685_/Y
 m.u_conv3.u_weights._29686_/X
 m.u_conv3.u_weights._29687_/Y
 m.u_conv3.u_weights._29688_/Y
 m.u_conv3.u_weights._29689_/Y
 m.u_conv3.u_weights._29690_/Y
 m.u_conv3.u_weights._29691_/Y
 m.u_conv3.u_weights._29692_/Y
 m.u_conv3.u_weights._29693_/Y
 m.u_conv3.u_weights._29694_/Y
 m.u_conv3.u_weights._29695_/Y
 m.u_conv3.u_weights._29696_/Y
 m.u_conv3.u_weights._29697_/Y
 m.u_conv3.u_weights._29698_/Y
 m.u_conv3.u_weights._29699_/X
 m.u_conv3.u_weights._29700_/Y
 m.u_conv3.u_weights._29701_/Y
 m.u_conv3.u_weights._29702_/Y
 m.u_conv3.u_weights._29703_/Y
 m.u_conv3.u_weights._29704_/Y
 m.u_conv3.u_weights._29705_/Y
 m.u_conv3.u_weights._29706_/Y
 m.u_conv3.u_weights._29707_/Y
 m.u_conv3.u_weights._29708_/Y
 m.u_conv3.u_weights._29709_/Y
 m.u_conv3.u_weights._29710_/X
 m.u_conv3.u_weights._29711_/Y
 m.u_conv3.u_weights._29712_/Y
 m.u_conv3.u_weights._29713_/Y
 m.u_conv3.u_weights._29714_/Y
 m.u_conv3.u_weights._29715_/Y
 m.u_conv3.u_weights._29716_/X
 m.u_conv3.u_weights._29717_/Y
 m.u_conv3.u_weights._29718_/Y
 m.u_conv3.u_weights._29719_/Y
 m.u_conv3.u_weights._29720_/Y
 m.u_conv3.u_weights._29721_/Y
 m.u_conv3.u_weights._29722_/X
 m.u_conv3.u_weights._29723_/Y
 m.u_conv3.u_weights._29724_/Y
 m.u_conv3.u_weights._29725_/X
 m.u_conv3.u_weights._29726_/Y
 m.u_conv3.u_weights._29727_/Y
 m.u_conv3.u_weights._29728_/Y
 m.u_conv3.u_weights._29729_/X
 m.u_conv3.u_weights._29730_/Y
 m.u_conv3.u_weights._29731_/Y
 m.u_conv3.u_weights._29732_/Y
 m.u_conv3.u_weights._29733_/Y
 m.u_conv3.u_weights._29734_/Y
 m.u_conv3.u_weights._29735_/Y
 m.u_conv3.u_weights._29736_/Y
 m.u_conv3.u_weights._29737_/Y
 m.u_conv3.u_weights._29738_/Y
 m.u_conv3.u_weights._29739_/Y
 m.u_conv3.u_weights._29740_/Y
 m.u_conv3.u_weights._29741_/Y
 m.u_conv3.u_weights._29742_/Y
 m.u_conv3.u_weights._29743_/X
 m.u_conv3.u_weights._29744_/Y
 m.u_conv3.u_weights._29745_/Y
 m.u_conv3.u_weights._29746_/Y
 m.u_conv3.u_weights._29747_/Y
 m.u_conv3.u_weights._29748_/Y
 m.u_conv3.u_weights._29749_/Y
 m.u_conv3.u_weights._29750_/X
 m.u_conv3.u_weights._29751_/Y
 m.u_conv3.u_weights._29752_/X
 m.u_conv3.u_weights._29753_/Y
 m.u_conv3.u_weights._29754_/Y
 m.u_conv3.u_weights._29755_/X
 m.u_conv3.u_weights._29756_/Y
 m.u_conv3.u_weights._29757_/Y
 m.u_conv3.u_weights._29758_/X
 m.u_conv3.u_weights._29759_/Y
 m.u_conv3.u_weights._29760_/Y
 m.u_conv3.u_weights._29761_/Y
 m.u_conv3.u_weights._29762_/Y
 m.u_conv3.u_weights._29763_/X
 m.u_conv3.u_weights._29764_/Y
 m.u_conv3.u_weights._29765_/X
 m.u_conv3.u_weights._29766_/Y
 m.u_conv3.u_weights._29767_/Y
 m.u_conv3.u_weights._29768_/Y
 m.u_conv3.u_weights._29769_/Y
 m.u_conv3.u_weights._29770_/Y
 m.u_conv3.u_weights._29771_/X
 m.u_conv3.u_weights._29772_/Y
 m.u_conv3.u_weights._29773_/X
 m.u_conv3.u_weights._29774_/Y
 m.u_conv3.u_weights._29775_/Y
 m.u_conv3.u_weights._29776_/X
 m.u_conv3.u_weights._29777_/X
 m.u_conv3.u_weights._29778_/Y
 m.u_conv3.u_weights._29779_/Y
 m.u_conv3.u_weights._29780_/X
 m.u_conv3.u_weights._29781_/Y
 m.u_conv3.u_weights._29782_/X
 m.u_conv3.u_weights._29783_/Y
 m.u_conv3.u_weights._29784_/Y
 m.u_conv3.u_weights._29785_/X
 m.u_conv3.u_weights._29786_/Y
 m.u_conv3.u_weights._29787_/Y
 m.u_conv3.u_weights._29788_/Y
 m.u_conv3.u_weights._29789_/Y
 m.u_conv3.u_weights._29790_/Y
 m.u_conv3.u_weights._29791_/X
 m.u_conv3.u_weights._29792_/Y
 m.u_conv3.u_weights._29793_/Y
 m.u_conv3.u_weights._29794_/Y
 m.u_conv3.u_weights._29795_/Y
 m.u_conv3.u_weights._29796_/Y
 m.u_conv3.u_weights._29797_/Y
 m.u_conv3.u_weights._29798_/Y
 m.u_conv3.u_weights._29799_/Y
 m.u_conv3.u_weights._29800_/Y
 m.u_conv3.u_weights._29801_/X
 m.u_conv3.u_weights._29802_/Y
 m.u_conv3.u_weights._29803_/X
 m.u_conv3.u_weights._29804_/X
 m.u_conv3.u_weights._29805_/Y
 m.u_conv3.u_weights._29806_/Y
 m.u_conv3.u_weights._29807_/Y
 m.u_conv3.u_weights._29808_/X
 m.u_conv3.u_weights._29809_/Y
 m.u_conv3.u_weights._29810_/X
 m.u_conv3.u_weights._29811_/X
 m.u_conv3.u_weights._29812_/Y
 m.u_conv3.u_weights._29813_/Y
 m.u_conv3.u_weights._29814_/X
 m.u_conv3.u_weights._29815_/Y
 m.u_conv3.u_weights._29816_/Y
 m.u_conv3.u_weights._29817_/X
 m.u_conv3.u_weights._29818_/Y
 m.u_conv3.u_weights._29819_/Y
 m.u_conv3.u_weights._29820_/Y
 m.u_conv3.u_weights._29821_/Y
 m.u_conv3.u_weights._29822_/Y
 m.u_conv3.u_weights._29823_/Y
 m.u_conv3.u_weights._29824_/Y
 m.u_conv3.u_weights._29825_/Y
 m.u_conv3.u_weights._29826_/X
 m.u_conv3.u_weights._29827_/Y
 m.u_conv3.u_weights._29828_/X
 m.u_conv3.u_weights._29829_/X
 m.u_conv3.u_weights._29830_/Y
 m.u_conv3.u_weights._29831_/X
 m.u_conv3.u_weights._29832_/Y
 m.u_conv3.u_weights._29833_/Y
 m.u_conv3.u_weights._29834_/Y
 m.u_conv3.u_weights._29835_/Y
 m.u_conv3.u_weights._29836_/Y
 m.u_conv3.u_weights._29837_/X
 m.u_conv3.u_weights._29838_/Y
 m.u_conv3.u_weights._29839_/Y
 m.u_conv3.u_weights._29840_/Y
 m.u_conv3.u_weights._29841_/Y
 m.u_conv3.u_weights._29842_/Y
 m.u_conv3.u_weights._29843_/Y
 m.u_conv3.u_weights._29844_/X
 m.u_conv3.u_weights._29845_/Y
 m.u_conv3.u_weights._29846_/Y
 m.u_conv3.u_weights._29847_/Y
 m.u_conv3.u_weights._29848_/X
 m.u_conv3.u_weights._29849_/Y
 m.u_conv3.u_weights._29850_/Y
 m.u_conv3.u_weights._29851_/Y
 m.u_conv3.u_weights._29852_/Y
 m.u_conv3.u_weights._29853_/X
 m.u_conv3.u_weights._29854_/Y
 m.u_conv3.u_weights._29855_/Y
 m.u_conv3.u_weights._29856_/Y
 m.u_conv3.u_weights._29857_/Y
 m.u_conv3.u_weights._29858_/Y
 m.u_conv3.u_weights._29859_/X
 m.u_conv3.u_weights._29860_/Y
 m.u_conv3.u_weights._29861_/X
 m.u_conv3.u_weights._29862_/Y
 m.u_conv3.u_weights._29863_/X
 m.u_conv3.u_weights._29864_/Y
 m.u_conv3.u_weights._29865_/Y
 m.u_conv3.u_weights._29866_/X
 m.u_conv3.u_weights._29867_/Y
 m.u_conv3.u_weights._29868_/Y
 m.u_conv3.u_weights._29869_/Y
 m.u_conv3.u_weights._29870_/X
 m.u_conv3.u_weights._29871_/X
 m.u_conv3.u_weights._29872_/Y
 m.u_conv3.u_weights._29873_/Y
 m.u_conv3.u_weights._29874_/Y
 m.u_conv3.u_weights._29875_/X
 m.u_conv3.u_weights._29876_/Y
 m.u_conv3.u_weights._29877_/Y
 m.u_conv3.u_weights._29878_/Y
 m.u_conv3.u_weights._29879_/Y
 m.u_conv3.u_weights._29880_/X
 m.u_conv3.u_weights._29881_/Y
 m.u_conv3.u_weights._29882_/Y
 m.u_conv3.u_weights._29883_/Y
 m.u_conv3.u_weights._29884_/X
 m.u_conv3.u_weights._29885_/X
 m.u_conv3.u_weights._29886_/X
 m.u_conv3.u_weights._29887_/Y
 m.u_conv3.u_weights._29888_/X
 m.u_conv3.u_weights._29889_/Y
 m.u_conv3.u_weights._29890_/X
 m.u_conv3.u_weights._29891_/Y
 m.u_conv3.u_weights._29892_/Y
 m.u_conv3.u_weights._29893_/Y
 m.u_conv3.u_weights._29894_/Y
 m.u_conv3.u_weights._29895_/Y
 m.u_conv3.u_weights._29896_/Y
 m.u_conv3.u_weights._29897_/Y
 m.u_conv3.u_weights._29898_/Y
 m.u_conv3.u_weights._29899_/Y
 m.u_conv3.u_weights._29900_/Y
 m.u_conv3.u_weights._29901_/Y
 m.u_conv3.u_weights._29902_/Y
 m.u_conv3.u_weights._29903_/Y
 m.u_conv3.u_weights._29904_/Y
 m.u_conv3.u_weights._29905_/Y
 m.u_conv3.u_weights._29906_/Y
 m.u_conv3.u_weights._29907_/X
 m.u_conv3.u_weights._29908_/Y
 m.u_conv3.u_weights._29909_/Y
 m.u_conv3.u_weights._29910_/Y
 m.u_conv3.u_weights._29911_/X
 m.u_conv3.u_weights._29912_/Y
 m.u_conv3.u_weights._29913_/Y
 m.u_conv3.u_weights._29914_/Y
 m.u_conv3.u_weights._29915_/X
 m.u_conv3.u_weights._29916_/X
 m.u_conv3.u_weights._29917_/Y
 m.u_conv3.u_weights._29918_/Y
 m.u_conv3.u_weights._29919_/Y
 m.u_conv3.u_weights._29920_/Y
 m.u_conv3.u_weights._29921_/Y
 m.u_conv3.u_weights._29922_/Y
 m.u_conv3.u_weights._29923_/Y
 m.u_conv3.u_weights._29924_/Y
 m.u_conv3.u_weights._29925_/Y
 m.u_conv3.u_weights._29926_/X
 m.u_conv3.u_weights._29927_/Y
 m.u_conv3.u_weights._29928_/Y
 m.u_conv3.u_weights._29929_/X
 m.u_conv3.u_weights._29930_/Y
 m.u_conv3.u_weights._29931_/Y
 m.u_conv3.u_weights._29932_/X
 m.u_conv3.u_weights._29933_/Y
 m.u_conv3.u_weights._29934_/X
 m.u_conv3.u_weights._29935_/Y
 m.u_conv3.u_weights._29936_/Y
 m.u_conv3.u_weights._29937_/Y
 m.u_conv3.u_weights._29938_/Y
 m.u_conv3.u_weights._29939_/Y
 m.u_conv3.u_weights._29940_/X
 m.u_conv3.u_weights._29941_/Y
 m.u_conv3.u_weights._29942_/Y
 m.u_conv3.u_weights._29943_/Y
 m.u_conv3.u_weights._29944_/X
 m.u_conv3.u_weights._29945_/Y
 m.u_conv3.u_weights._29946_/Y
 m.u_conv3.u_weights._29947_/Y
 m.u_conv3.u_weights._29948_/X
 m.u_conv3.u_weights._29949_/X
 m.u_conv3.u_weights._29950_/Y
 m.u_conv3.u_weights._29951_/X
 m.u_conv3.u_weights._29952_/X
 m.u_conv3.u_weights._29953_/X
 m.u_conv3.u_weights._29954_/X
 m.u_conv3.u_weights._29955_/Y
 m.u_conv3.u_weights._29956_/Y
 m.u_conv3.u_weights._29957_/X
 m.u_conv3.u_weights._29958_/X
 m.u_conv3.u_weights._29959_/Y
 m.u_conv3.u_weights._29960_/Y
 m.u_conv3.u_weights._29961_/Y
 m.u_conv3.u_weights._29962_/Y
 m.u_conv3.u_weights._29963_/Y
 m.u_conv3.u_weights._29964_/Y
 m.u_conv3.u_weights._29965_/Y
 m.u_conv3.u_weights._29966_/Y
 m.u_conv3.u_weights._29967_/X
 m.u_conv3.u_weights._29968_/Y
 m.u_conv3.u_weights._29969_/Y
 m.u_conv3.u_weights._29970_/Y
 m.u_conv3.u_weights._29971_/X
 m.u_conv3.u_weights._29972_/Y
 m.u_conv3.u_weights._29973_/Y
 m.u_conv3.u_weights._29974_/Y
 m.u_conv3.u_weights._29975_/Y
 m.u_conv3.u_weights._29976_/X
 m.u_conv3.u_weights._29977_/Y
 m.u_conv3.u_weights._29978_/Y
 m.u_conv3.u_weights._29979_/Y
 m.u_conv3.u_weights._29980_/Y
 m.u_conv3.u_weights._29981_/Y
 m.u_conv3.u_weights._29982_/Y
 m.u_conv3.u_weights._29983_/Y
 m.u_conv3.u_weights._29984_/Y
 m.u_conv3.u_weights._29985_/Y
 m.u_conv3.u_weights._29986_/Y
 m.u_conv3.u_weights._29987_/Y
 m.u_conv3.u_weights._29988_/Y
 m.u_conv3.u_weights._29989_/Y
 m.u_conv3.u_weights._29990_/X
 m.u_conv3.u_weights._29991_/Y
 m.u_conv3.u_weights._29992_/Y
 m.u_conv3.u_weights._29993_/X
 m.u_conv3.u_weights._29994_/Y
 m.u_conv3.u_weights._29995_/X
 m.u_conv3.u_weights._29996_/Y
 m.u_conv3.u_weights._29997_/Y
 m.u_conv3.u_weights._29998_/X
 m.u_conv3.u_weights._29999_/Y
 m.u_conv3.u_weights._30000_/X
 m.u_conv3.u_weights._30001_/Y
 m.u_conv3.u_weights._30002_/Y
 m.u_conv3.u_weights._30003_/Y
 m.u_conv3.u_weights._30004_/Y
 m.u_conv3.u_weights._30005_/Y
 m.u_conv3.u_weights._30006_/Y
 m.u_conv3.u_weights._30007_/Y
 m.u_conv3.u_weights._30008_/Y
 m.u_conv3.u_weights._30009_/Y
 m.u_conv3.u_weights._30010_/Y
 m.u_conv3.u_weights._30011_/X
 m.u_conv3.u_weights._30012_/X
 m.u_conv3.u_weights._30013_/X
 m.u_conv3.u_weights._30014_/X
 m.u_conv3.u_weights._30015_/Y
 m.u_conv3.u_weights._30016_/X
 m.u_conv3.u_weights._30017_/Y
 m.u_conv3.u_weights._30018_/X
 m.u_conv3.u_weights._30019_/X
 m.u_conv3.u_weights._30020_/Y
 m.u_conv3.u_weights._30021_/Y
 m.u_conv3.u_weights._30022_/Y
 m.u_conv3.u_weights._30023_/Y
 m.u_conv3.u_weights._30024_/Y
 m.u_conv3.u_weights._30025_/X
 m.u_conv3.u_weights._30026_/Y
 m.u_conv3.u_weights._30027_/Y
 m.u_conv3.u_weights._30028_/X
 m.u_conv3.u_weights._30029_/Y
 m.u_conv3.u_weights._30030_/Y
 m.u_conv3.u_weights._30031_/Y
 m.u_conv3.u_weights._30032_/Y
 m.u_conv3.u_weights._30033_/Y
 m.u_conv3.u_weights._30034_/Y
 m.u_conv3.u_weights._30035_/Y
 m.u_conv3.u_weights._30036_/X
 m.u_conv3.u_weights._30037_/Y
 m.u_conv3.u_weights._30038_/Y
 m.u_conv3.u_weights._30039_/X
 m.u_conv3.u_weights._30040_/X
 m.u_conv3.u_weights._30041_/Y
 m.u_conv3.u_weights._30042_/Y
 m.u_conv3.u_weights._30043_/X
 m.u_conv3.u_weights._30044_/Y
 m.u_conv3.u_weights._30045_/X
 m.u_conv3.u_weights._30046_/Y
 m.u_conv3.u_weights._30047_/X
 m.u_conv3.u_weights._30048_/Y
 m.u_conv3.u_weights._30049_/Y
 m.u_conv3.u_weights._30050_/X
 m.u_conv3.u_weights._30051_/Y
 m.u_conv3.u_weights._30052_/Y
 m.u_conv3.u_weights._30053_/Y
 m.u_conv3.u_weights._30054_/Y
 m.u_conv3.u_weights._30055_/Y
 m.u_conv3.u_weights._30056_/Y
 m.u_conv3.u_weights._30057_/Y
 m.u_conv3.u_weights._30058_/Y
 m.u_conv3.u_weights._30059_/Y
 m.u_conv3.u_weights._30060_/Y
 m.u_conv3.u_weights._30061_/Y
 m.u_conv3.u_weights._30062_/Y
 m.u_conv3.u_weights._30063_/Y
 m.u_conv3.u_weights._30064_/X
 m.u_conv3.u_weights._30065_/Y
 m.u_conv3.u_weights._30066_/Y
 m.u_conv3.u_weights._30067_/Y
 m.u_conv3.u_weights._30068_/Y
 m.u_conv3.u_weights._30069_/X
 m.u_conv3.u_weights._30070_/Y
 m.u_conv3.u_weights._30071_/Y
 m.u_conv3.u_weights._30072_/Y
 m.u_conv3.u_weights._30073_/Y
 m.u_conv3.u_weights._30074_/X
 m.u_conv3.u_weights._30075_/Y
 m.u_conv3.u_weights._30076_/X
 m.u_conv3.u_weights._30077_/X
 m.u_conv3.u_weights._30078_/X
 m.u_conv3.u_weights._30079_/Y
 m.u_conv3.u_weights._30080_/Y
 m.u_conv3.u_weights._30081_/Y
 m.u_conv3.u_weights._30082_/Y
 m.u_conv3.u_weights._30083_/Y
 m.u_conv3.u_weights._30084_/X
 m.u_conv3.u_weights._30085_/X
 m.u_conv3.u_weights._30086_/Y
 m.u_conv3.u_weights._30087_/X
 m.u_conv3.u_weights._30088_/Y
 m.u_conv3.u_weights._30089_/X
 m.u_conv3.u_weights._30090_/Y
 m.u_conv3.u_weights._30091_/X
 m.u_conv3.u_weights._30092_/Y
 m.u_conv3.u_weights._30093_/Y
 m.u_conv3.u_weights._30094_/Y
 m.u_conv3.u_weights._30095_/X
 m.u_conv3.u_weights._30096_/X
 m.u_conv3.u_weights._30097_/X
 m.u_conv3.u_weights._30098_/Y
 m.u_conv3.u_weights._30099_/Y
 m.u_conv3.u_weights._30100_/Y
 m.u_conv3.u_weights._30101_/Y
 m.u_conv3.u_weights._30102_/Y
 m.u_conv3.u_weights._30103_/Y
 m.u_conv3.u_weights._30104_/X
 m.u_conv3.u_weights._30105_/X
 m.u_conv3.u_weights._30106_/Y
 m.u_conv3.u_weights._30107_/Y
 m.u_conv3.u_weights._30108_/X
 m.u_conv3.u_weights._30109_/Y
 m.u_conv3.u_weights._30110_/Y
 m.u_conv3.u_weights._30111_/Y
 m.u_conv3.u_weights._30112_/Y
 m.u_conv3.u_weights._30113_/Y
 m.u_conv3.u_weights._30114_/X
 m.u_conv3.u_weights._30115_/Y
 m.u_conv3.u_weights._30116_/Y
 m.u_conv3.u_weights._30117_/X
 m.u_conv3.u_weights._30118_/Y
 m.u_conv3.u_weights._30119_/Y
 m.u_conv3.u_weights._30120_/Y
 m.u_conv3.u_weights._30121_/Y
 m.u_conv3.u_weights._30122_/Y
 m.u_conv3.u_weights._30123_/Y
 m.u_conv3.u_weights._30124_/Y
 m.u_conv3.u_weights._30125_/Y
 m.u_conv3.u_weights._30126_/X
 m.u_conv3.u_weights._30127_/Y
 m.u_conv3.u_weights._30128_/Y
 m.u_conv3.u_weights._30129_/Y
 m.u_conv3.u_weights._30130_/X
 m.u_conv3.u_weights._30131_/Y
 m.u_conv3.u_weights._30132_/Y
 m.u_conv3.u_weights._30133_/X
 m.u_conv3.u_weights._30134_/X
 m.u_conv3.u_weights._30135_/Y
 m.u_conv3.u_weights._30136_/X
 m.u_conv3.u_weights._30137_/Y
 m.u_conv3.u_weights._30138_/Y
 m.u_conv3.u_weights._30139_/X
 m.u_conv3.u_weights._30140_/Y
 m.u_conv3.u_weights._30141_/Y
 m.u_conv3.u_weights._30142_/X
 m.u_conv3.u_weights._30143_/Y
 m.u_conv3.u_weights._30144_/Y
 m.u_conv3.u_weights._30145_/Y
 m.u_conv3.u_weights._30146_/Y
 m.u_conv3.u_weights._30147_/Y
 m.u_conv3.u_weights._30148_/Y
 m.u_conv3.u_weights._30149_/Y
 m.u_conv3.u_weights._30150_/Y
 m.u_conv3.u_weights._30151_/Y
 m.u_conv3.u_weights._30152_/Y
 m.u_conv3.u_weights._30153_/X
 m.u_conv3.u_weights._30154_/Y
 m.u_conv3.u_weights._30155_/Y
 m.u_conv3.u_weights._30156_/X
 m.u_conv3.u_weights._30157_/Y
 m.u_conv3.u_weights._30158_/Y
 m.u_conv3.u_weights._30159_/X
 m.u_conv3.u_weights._30160_/X
 m.u_conv3.u_weights._30161_/Y
 m.u_conv3.u_weights._30162_/X
 m.u_conv3.u_weights._30163_/X
 m.u_conv3.u_weights._30164_/Y
 m.u_conv3.u_weights._30165_/Y
 m.u_conv3.u_weights._30166_/Y
 m.u_conv3.u_weights._30167_/Y
 m.u_conv3.u_weights._30168_/Y
 m.u_conv3.u_weights._30169_/X
 m.u_conv3.u_weights._30170_/Y
 m.u_conv3.u_weights._30171_/Y
 m.u_conv3.u_weights._30172_/X
 m.u_conv3.u_weights._30173_/Y
 m.u_conv3.u_weights._30174_/Y
 m.u_conv3.u_weights._30175_/Y
 m.u_conv3.u_weights._30176_/Y
 m.u_conv3.u_weights._30177_/Y
 m.u_conv3.u_weights._30178_/Y
 m.u_conv3.u_weights._30179_/Y
 m.u_conv3.u_weights._30180_/Y
 m.u_conv3.u_weights._30181_/Y
 m.u_conv3.u_weights._30182_/Y
 m.u_conv3.u_weights._30183_/X
 m.u_conv3.u_weights._30184_/Y
 m.u_conv3.u_weights._30185_/Y
 m.u_conv3.u_weights._30186_/Y
 m.u_conv3.u_weights._30187_/Y
 m.u_conv3.u_weights._30188_/Y
 m.u_conv3.u_weights._30189_/X
 m.u_conv3.u_weights._30190_/Y
 m.u_conv3.u_weights._30191_/X
 m.u_conv3.u_weights._30192_/X
 m.u_conv3.u_weights._30193_/X
 m.u_conv3.u_weights._30194_/Y
 m.u_conv3.u_weights._30195_/Y
 m.u_conv3.u_weights._30196_/Y
 m.u_conv3.u_weights._30197_/Y
 m.u_conv3.u_weights._30198_/Y
 m.u_conv3.u_weights._30199_/Y
 m.u_conv3.u_weights._30200_/Y
 m.u_conv3.u_weights._30201_/Y
 m.u_conv3.u_weights._30202_/Y
 m.u_conv3.u_weights._30203_/Y
 m.u_conv3.u_weights._30204_/Y
 m.u_conv3.u_weights._30205_/Y
 m.u_conv3.u_weights._30206_/Y
 m.u_conv3.u_weights._30207_/X
 m.u_conv3.u_weights._30208_/Y
 m.u_conv3.u_weights._30209_/X
 m.u_conv3.u_weights._30210_/Y
 m.u_conv3.u_weights._30211_/Y
 m.u_conv3.u_weights._30212_/X
 m.u_conv3.u_weights._30213_/X
 m.u_conv3.u_weights._30214_/Y
 m.u_conv3.u_weights._30215_/Y
 m.u_conv3.u_weights._30216_/Y
 m.u_conv3.u_weights._30217_/Y
 m.u_conv3.u_weights._30218_/X
 m.u_conv3.u_weights._30219_/Y
 m.u_conv3.u_weights._30220_/X
 m.u_conv3.u_weights._30221_/X
 m.u_conv3.u_weights._30222_/Y
 m.u_conv3.u_weights._30223_/Y
 m.u_conv3.u_weights._30224_/Y
 m.u_conv3.u_weights._30225_/Y
 m.u_conv3.u_weights._30226_/X
 m.u_conv3.u_weights._30227_/Y
 m.u_conv3.u_weights._30228_/X
 m.u_conv3.u_weights._30229_/Y
 m.u_conv3.u_weights._30230_/Y
 m.u_conv3.u_weights._30231_/X
 m.u_conv3.u_weights._30232_/X
 m.u_conv3.u_weights._30233_/Y
 m.u_conv3.u_weights._30234_/Y
 m.u_conv3.u_weights._30235_/X
 m.u_conv3.u_weights._30236_/Y
 m.u_conv3.u_weights._30237_/X
 m.u_conv3.u_weights._30238_/Y
 m.u_conv3.u_weights._30239_/Y
 m.u_conv3.u_weights._30240_/X
 m.u_conv3.u_weights._30241_/Y
 m.u_conv3.u_weights._30242_/Y
 m.u_conv3.u_weights._30243_/Y
 m.u_conv3.u_weights._30244_/Y
 m.u_conv3.u_weights._30245_/Y
 m.u_conv3.u_weights._30246_/Y
 m.u_conv3.u_weights._30247_/Y
 m.u_conv3.u_weights._30248_/Y
 m.u_conv3.u_weights._30249_/Y
 m.u_conv3.u_weights._30250_/Y
 m.u_conv3.u_weights._30251_/Y
 m.u_conv3.u_weights._30252_/X
 m.u_conv3.u_weights._30253_/Y
 m.u_conv3.u_weights._30254_/X
 m.u_conv3.u_weights._30255_/Y
 m.u_conv3.u_weights._30256_/X
 m.u_conv3.u_weights._30257_/Y
 m.u_conv3.u_weights._30258_/Y
 m.u_conv3.u_weights._30259_/X
 m.u_conv3.u_weights._30260_/Y
 m.u_conv3.u_weights._30261_/X
 m.u_conv3.u_weights._30262_/Y
 m.u_conv3.u_weights._30263_/Y
 m.u_conv3.u_weights._30264_/X
 m.u_conv3.u_weights._30265_/Y
 m.u_conv3.u_weights._30266_/Y
 m.u_conv3.u_weights._30267_/X
 m.u_conv3.u_weights._30268_/Y
 m.u_conv3.u_weights._30269_/Y
 m.u_conv3.u_weights._30270_/Y
 m.u_conv3.u_weights._30271_/Y
 m.u_conv3.u_weights._30272_/Y
 m.u_conv3.u_weights._30273_/Y
 m.u_conv3.u_weights._30274_/Y
 m.u_conv3.u_weights._30275_/Y
 m.u_conv3.u_weights._30276_/X
 m.u_conv3.u_weights._30277_/Y
 m.u_conv3.u_weights._30278_/X
 m.u_conv3.u_weights._30279_/X
 m.u_conv3.u_weights._30280_/Y
 m.u_conv3.u_weights._30281_/Y
 m.u_conv3.u_weights._30282_/Y
 m.u_conv3.u_weights._30283_/Y
 m.u_conv3.u_weights._30284_/Y
 m.u_conv3.u_weights._30285_/Y
 m.u_conv3.u_weights._30286_/X
 m.u_conv3.u_weights._30287_/Y
 m.u_conv3.u_weights._30288_/Y
 m.u_conv3.u_weights._30289_/Y
 m.u_conv3.u_weights._30290_/X
 m.u_conv3.u_weights._30291_/Y
 m.u_conv3.u_weights._30292_/Y
 m.u_conv3.u_weights._30293_/Y
 m.u_conv3.u_weights._30294_/Y
 m.u_conv3.u_weights._30295_/Y
 m.u_conv3.u_weights._30296_/Y
 m.u_conv3.u_weights._30297_/X
 m.u_conv3.u_weights._30298_/Y
 m.u_conv3.u_weights._30299_/Y
 m.u_conv3.u_weights._30300_/Y
 m.u_conv3.u_weights._30301_/Y
 m.u_conv3.u_weights._30302_/X
 m.u_conv3.u_weights._30303_/Y
 m.u_conv3.u_weights._30304_/X
 m.u_conv3.u_weights._30305_/Y
 m.u_conv3.u_weights._30306_/X
 m.u_conv3.u_weights._30307_/Y
 m.u_conv3.u_weights._30308_/Y
 m.u_conv3.u_weights._30309_/X
 m.u_conv3.u_weights._30310_/Y
 m.u_conv3.u_weights._30311_/X
 m.u_conv3.u_weights._30312_/Y
 m.u_conv3.u_weights._30313_/Y
 m.u_conv3.u_weights._30314_/Y
 m.u_conv3.u_weights._30315_/Y
 m.u_conv3.u_weights._30316_/X
 m.u_conv3.u_weights._30317_/Y
 m.u_conv3.u_weights._30318_/Y
 m.u_conv3.u_weights._30319_/X
 m.u_conv3.u_weights._30320_/X
 m.u_conv3.u_weights._30321_/Y
 m.u_conv3.u_weights._30322_/Y
 m.u_conv3.u_weights._30323_/Y
 m.u_conv3.u_weights._30324_/Y
 m.u_conv3.u_weights._30325_/X
 m.u_conv3.u_weights._30326_/Y
 m.u_conv3.u_weights._30327_/Y
 m.u_conv3.u_weights._30328_/Y
 m.u_conv3.u_weights._30329_/Y
 m.u_conv3.u_weights._30330_/Y
 m.u_conv3.u_weights._30331_/X
 m.u_conv3.u_weights._30332_/Y
 m.u_conv3.u_weights._30333_/Y
 m.u_conv3.u_weights._30334_/Y
 m.u_conv3.u_weights._30335_/X
 m.u_conv3.u_weights._30336_/X
 m.u_conv3.u_weights._30337_/Y
 m.u_conv3.u_weights._30338_/X
 m.u_conv3.u_weights._30339_/Y
 m.u_conv3.u_weights._30340_/X
 m.u_conv3.u_weights._30341_/Y
 m.u_conv3.u_weights._30342_/Y
 m.u_conv3.u_weights._30343_/Y
 m.u_conv3.u_weights._30344_/Y
 m.u_conv3.u_weights._30345_/Y
 m.u_conv3.u_weights._30346_/Y
 m.u_conv3.u_weights._30347_/Y
 m.u_conv3.u_weights._30348_/Y
 m.u_conv3.u_weights._30349_/Y
 m.u_conv3.u_weights._30350_/Y
 m.u_conv3.u_weights._30351_/X
 m.u_conv3.u_weights._30352_/Y
 m.u_conv3.u_weights._30353_/Y
 m.u_conv3.u_weights._30354_/Y
 m.u_conv3.u_weights._30355_/Y
 m.u_conv3.u_weights._30356_/X
 m.u_conv3.u_weights._30357_/X
 m.u_conv3.u_weights._30358_/X
 m.u_conv3.u_weights._30359_/Y
 m.u_conv3.u_weights._30360_/Y
 m.u_conv3.u_weights._30361_/X
 m.u_conv3.u_weights._30362_/X
 m.u_conv3.u_weights._30363_/Y
 m.u_conv3.u_weights._30364_/Y
 m.u_conv3.u_weights._30365_/Y
 m.u_conv3.u_weights._30366_/Y
 m.u_conv3.u_weights._30367_/Y
 m.u_conv3.u_weights._30368_/Y
 m.u_conv3.u_weights._30369_/Y
 m.u_conv3.u_weights._30370_/Y
 m.u_conv3.u_weights._30371_/Y
 m.u_conv3.u_weights._30372_/Y
 m.u_conv3.u_weights._30373_/Y
 m.u_conv3.u_weights._30374_/Y
 m.u_conv3.u_weights._30375_/Y
 m.u_conv3.u_weights._30376_/Y
 m.u_conv3.u_weights._30377_/Y
 m.u_conv3.u_weights._30378_/Y
 m.u_conv3.u_weights._30379_/X
 m.u_conv3.u_weights._30380_/Y
 m.u_conv3.u_weights._30381_/Y
 m.u_conv3.u_weights._30382_/Y
 m.u_conv3.u_weights._30383_/Y
 m.u_conv3.u_weights._30384_/Y
 m.u_conv3.u_weights._30385_/Y
 m.u_conv3.u_weights._30386_/X
 m.u_conv3.u_weights._30387_/Y
 m.u_conv3.u_weights._30388_/X
 m.u_conv3.u_weights._30389_/Y
 m.u_conv3.u_weights._30390_/Y
 m.u_conv3.u_weights._30391_/Y
 m.u_conv3.u_weights._30392_/X
 m.u_conv3.u_weights._30393_/Y
 m.u_conv3.u_weights._30394_/Y
 m.u_conv3.u_weights._30395_/Y
 m.u_conv3.u_weights._30396_/X
 m.u_conv3.u_weights._30397_/Y
 m.u_conv3.u_weights._30398_/Y
 m.u_conv3.u_weights._30399_/X
 m.u_conv3.u_weights._30400_/X
 m.u_conv3.u_weights._30401_/X
 m.u_conv3.u_weights._30402_/X
 m.u_conv3.u_weights._30403_/Y
 m.u_conv3.u_weights._30404_/Y
 m.u_conv3.u_weights._30405_/Y
 m.u_conv3.u_weights._30406_/Y
 m.u_conv3.u_weights._30407_/X
 m.u_conv3.u_weights._30408_/X
 m.u_conv3.u_weights._30409_/Y
 m.u_conv3.u_weights._30410_/Y
 m.u_conv3.u_weights._30411_/X
 m.u_conv3.u_weights._30412_/Y
 m.u_conv3.u_weights._30413_/Y
 m.u_conv3.u_weights._30414_/Y
 m.u_conv3.u_weights._30415_/X
 m.u_conv3.u_weights._30416_/X
 m.u_conv3.u_weights._30417_/Y
 m.u_conv3.u_weights._30418_/Y
 m.u_conv3.u_weights._30419_/Y
 m.u_conv3.u_weights._30420_/X
 m.u_conv3.u_weights._30421_/Y
 m.u_conv3.u_weights._30422_/Y
 m.u_conv3.u_weights._30423_/X
 m.u_conv3.u_weights._30424_/Y
 m.u_conv3.u_weights._30425_/Y
 m.u_conv3.u_weights._30426_/X
 m.u_conv3.u_weights._30427_/Y
 m.u_conv3.u_weights._30428_/Y
 m.u_conv3.u_weights._30429_/Y
 m.u_conv3.u_weights._30430_/Y
 m.u_conv3.u_weights._30431_/Y
 m.u_conv3.u_weights._30432_/X
 m.u_conv3.u_weights._30433_/Y
 m.u_conv3.u_weights._30434_/X
 m.u_conv3.u_weights._30435_/Y
 m.u_conv3.u_weights._30436_/Y
 m.u_conv3.u_weights._30437_/Y
 m.u_conv3.u_weights._30438_/Y
 m.u_conv3.u_weights._30439_/Y
 m.u_conv3.u_weights._30440_/Y
 m.u_conv3.u_weights._30441_/Y
 m.u_conv3.u_weights._30442_/Y
 m.u_conv3.u_weights._30443_/Y
 m.u_conv3.u_weights._30444_/Y
 m.u_conv3.u_weights._30445_/Y
 m.u_conv3.u_weights._30446_/Y
 m.u_conv3.u_weights._30447_/Y
 m.u_conv3.u_weights._30448_/Y
 m.u_conv3.u_weights._30449_/Y
 m.u_conv3.u_weights._30450_/Y
 m.u_conv3.u_weights._30451_/Y
 m.u_conv3.u_weights._30452_/Y
 m.u_conv3.u_weights._30453_/Y
 m.u_conv3.u_weights._30454_/X
 m.u_conv3.u_weights._30455_/Y
 m.u_conv3.u_weights._30456_/X
 m.u_conv3.u_weights._30457_/X
 m.u_conv3.u_weights._30458_/X
 m.u_conv3.u_weights._30459_/Y
 m.u_conv3.u_weights._30460_/X
 m.u_conv3.u_weights._30461_/X
 m.u_conv3.u_weights._30462_/Y
 m.u_conv3.u_weights._30463_/Y
 m.u_conv3.u_weights._30464_/Y
 m.u_conv3.u_weights._30465_/Y
 m.u_conv3.u_weights._30466_/Y
 m.u_conv3.u_weights._30467_/Y
 m.u_conv3.u_weights._30468_/X
 m.u_conv3.u_weights._30469_/Y
 m.u_conv3.u_weights._30470_/Y
 m.u_conv3.u_weights._30471_/Y
 m.u_conv3.u_weights._30472_/Y
 m.u_conv3.u_weights._30473_/Y
 m.u_conv3.u_weights._30474_/Y
 m.u_conv3.u_weights._30475_/Y
 m.u_conv3.u_weights._30476_/Y
 m.u_conv3.u_weights._30477_/Y
 m.u_conv3.u_weights._30478_/Y
 m.u_conv3.u_weights._30479_/Y
 m.u_conv3.u_weights._30480_/Y
 m.u_conv3.u_weights._30481_/X
 m.u_conv3.u_weights._30482_/Y
 m.u_conv3.u_weights._30483_/Y
 m.u_conv3.u_weights._30484_/Y
 m.u_conv3.u_weights._30485_/X
 m.u_conv3.u_weights._30486_/Y
 m.u_conv3.u_weights._30487_/Y
 m.u_conv3.u_weights._30488_/Y
 m.u_conv3.u_weights._30489_/Y
 m.u_conv3.u_weights._30490_/Y
 m.u_conv3.u_weights._30491_/X
 m.u_conv3.u_weights._30492_/Y
 m.u_conv3.u_weights._30493_/X
 m.u_conv3.u_weights._30494_/Y
 m.u_conv3.u_weights._30495_/X
 m.u_conv3.u_weights._30496_/X
 m.u_conv3.u_weights._30497_/Y
 m.u_conv3.u_weights._30498_/X
 m.u_conv3.u_weights._30499_/Y
 m.u_conv3.u_weights._30500_/Y
 m.u_conv3.u_weights._30501_/X
 m.u_conv3.u_weights._30502_/Y
 m.u_conv3.u_weights._30503_/Y
 m.u_conv3.u_weights._30504_/Y
 m.u_conv3.u_weights._30505_/Y
 m.u_conv3.u_weights._30506_/Y
 m.u_conv3.u_weights._30507_/Y
 m.u_conv3.u_weights._30508_/Y
 m.u_conv3.u_weights._30509_/Y
 m.u_conv3.u_weights._30510_/Y
 m.u_conv3.u_weights._30511_/Y
 m.u_conv3.u_weights._30512_/Y
 m.u_conv3.u_weights._30513_/X
 m.u_conv3.u_weights._30514_/Y
 m.u_conv3.u_weights._30515_/Y
 m.u_conv3.u_weights._30516_/Y
 m.u_conv3.u_weights._30517_/Y
 m.u_conv3.u_weights._30518_/Y
 m.u_conv3.u_weights._30519_/Y
 m.u_conv3.u_weights._30520_/Y
 m.u_conv3.u_weights._30521_/Y
 m.u_conv3.u_weights._30522_/Y
 m.u_conv3.u_weights._30523_/Y
 m.u_conv3.u_weights._30524_/Y
 m.u_conv3.u_weights._30525_/Y
 m.u_conv3.u_weights._30526_/Y
 m.u_conv3.u_weights._30527_/Y
 m.u_conv3.u_weights._30528_/Y
 m.u_conv3.u_weights._30529_/Y
 m.u_conv3.u_weights._30530_/Y
 m.u_conv3.u_weights._30531_/Y
 m.u_conv3.u_weights._30532_/X
 m.u_conv3.u_weights._30533_/Y
 m.u_conv3.u_weights._30534_/X
 m.u_conv3.u_weights._30535_/X
 m.u_conv3.u_weights._30536_/X
 m.u_conv3.u_weights._30537_/Y
 m.u_conv3.u_weights._30538_/X
 m.u_conv3.u_weights._30539_/Y
 m.u_conv3.u_weights._30540_/Y
 m.u_conv3.u_weights._30541_/Y
 m.u_conv3.u_weights._30542_/X
 m.u_conv3.u_weights._30543_/Y
 m.u_conv3.u_weights._30544_/Y
 m.u_conv3.u_weights._30545_/Y
 m.u_conv3.u_weights._30546_/Y
 m.u_conv3.u_weights._30547_/Y
 m.u_conv3.u_weights._30548_/Y
 m.u_conv3.u_weights._30549_/Y
 m.u_conv3.u_weights._30550_/Y
 m.u_conv3.u_weights._30551_/X
 m.u_conv3.u_weights._30552_/Y
 m.u_conv3.u_weights._30553_/Y
 m.u_conv3.u_weights._30554_/X
 m.u_conv3.u_weights._30555_/X
 m.u_conv3.u_weights._30556_/Y
 m.u_conv3.u_weights._30557_/Y
 m.u_conv3.u_weights._30558_/Y
 m.u_conv3.u_weights._30559_/Y
 m.u_conv3.u_weights._30560_/Y
 m.u_conv3.u_weights._30561_/X
 m.u_conv3.u_weights._30562_/Y
 m.u_conv3.u_weights._30563_/Y
 m.u_conv3.u_weights._30564_/X
 m.u_conv3.u_weights._30565_/Y
 m.u_conv3.u_weights._30566_/Y
 m.u_conv3.u_weights._30567_/Y
 m.u_conv3.u_weights._30568_/Y
 m.u_conv3.u_weights._30569_/Y
 m.u_conv3.u_weights._30570_/Y
 m.u_conv3.u_weights._30571_/Y
 m.u_conv3.u_weights._30572_/Y
 m.u_conv3.u_weights._30573_/X
 m.u_conv3.u_weights._30574_/Y
 m.u_conv3.u_weights._30575_/Y
 m.u_conv3.u_weights._30576_/Y
 m.u_conv3.u_weights._30577_/Y
 m.u_conv3.u_weights._30578_/X
 m.u_conv3.u_weights._30579_/Y
 m.u_conv3.u_weights._30580_/Y
 m.u_conv3.u_weights._30581_/Y
 m.u_conv3.u_weights._30582_/Y
 m.u_conv3.u_weights._30583_/Y
 m.u_conv3.u_weights._30584_/X
 m.u_conv3.u_weights._30585_/Y
 m.u_conv3.u_weights._30586_/Y
 m.u_conv3.u_weights._30587_/Y
 m.u_conv3.u_weights._30588_/Y
 m.u_conv3.u_weights._30589_/Y
 m.u_conv3.u_weights._30590_/Y
 m.u_conv3.u_weights._30591_/Y
 m.u_conv3.u_weights._30592_/Y
 m.u_conv3.u_weights._30593_/Y
 m.u_conv3.u_weights._30594_/Y
 m.u_conv3.u_weights._30595_/Y
 m.u_conv3.u_weights._30596_/Y
 m.u_conv3.u_weights._30597_/X
 m.u_conv3.u_weights._30598_/Y
 m.u_conv3.u_weights._30599_/Y
 m.u_conv3.u_weights._30600_/X
 m.u_conv3.u_weights._30601_/Y
 m.u_conv3.u_weights._30602_/Y
 m.u_conv3.u_weights._30603_/Y
 m.u_conv3.u_weights._30604_/X
 m.u_conv3.u_weights._30605_/Y
 m.u_conv3.u_weights._30606_/Y
 m.u_conv3.u_weights._30607_/Y
 m.u_conv3.u_weights._30608_/X
 m.u_conv3.u_weights._30609_/X
 m.u_conv3.u_weights._30610_/Y
 m.u_conv3.u_weights._30611_/Y
 m.u_conv3.u_weights._30612_/Y
 m.u_conv3.u_weights._30613_/Y
 m.u_conv3.u_weights._30614_/Y
 m.u_conv3.u_weights._30615_/Y
 m.u_conv3.u_weights._30616_/Y
 m.u_conv3.u_weights._30617_/Y
 m.u_conv3.u_weights._30618_/X
 m.u_conv3.u_weights._30619_/Y
 m.u_conv3.u_weights._30620_/Y
 m.u_conv3.u_weights._30621_/Y
 m.u_conv3.u_weights._30622_/Y
 m.u_conv3.u_weights._30623_/X
 m.u_conv3.u_weights._30624_/Y
 m.u_conv3.u_weights._30625_/Y
 m.u_conv3.u_weights._30626_/X
 m.u_conv3.u_weights._30627_/Y
 m.u_conv3.u_weights._30628_/Y
 m.u_conv3.u_weights._30629_/Y
 m.u_conv3.u_weights._30630_/Y
 m.u_conv3.u_weights._30631_/Y
 m.u_conv3.u_weights._30632_/X
 m.u_conv3.u_weights._30633_/Y
 m.u_conv3.u_weights._30634_/Y
 m.u_conv3.u_weights._30635_/Y
 m.u_conv3.u_weights._30636_/Y
 m.u_conv3.u_weights._30637_/Y
 m.u_conv3.u_weights._30638_/X
 m.u_conv3.u_weights._30639_/Y
 m.u_conv3.u_weights._30640_/Y
 m.u_conv3.u_weights._30641_/Y
 m.u_conv3.u_weights._30642_/X
 m.u_conv3.u_weights._30643_/X
 m.u_conv3.u_weights._30644_/Y
 m.u_conv3.u_weights._30645_/X
 m.u_conv3.u_weights._30646_/X
 m.u_conv3.u_weights._30647_/X
 m.u_conv3.u_weights._30648_/Y
 m.u_conv3.u_weights._30649_/Y
 m.u_conv3.u_weights._30650_/Y
 m.u_conv3.u_weights._30651_/X
 m.u_conv3.u_weights._30652_/X
 m.u_conv3.u_weights._30653_/Y
 m.u_conv3.u_weights._30654_/Y
 m.u_conv3.u_weights._30655_/Y
 m.u_conv3.u_weights._30656_/Y
 m.u_conv3.u_weights._30657_/Y
 m.u_conv3.u_weights._30658_/Y
 m.u_conv3.u_weights._30659_/X
 m.u_conv3.u_weights._30660_/Y
 m.u_conv3.u_weights._30661_/Y
 m.u_conv3.u_weights._30662_/Y
 m.u_conv3.u_weights._30663_/Y
 m.u_conv3.u_weights._30664_/Y
 m.u_conv3.u_weights._30665_/Y
 m.u_conv3.u_weights._30666_/Y
 m.u_conv3.u_weights._30667_/Y
 m.u_conv3.u_weights._30668_/Y
 m.u_conv3.u_weights._30669_/Y
 m.u_conv3.u_weights._30670_/Y
 m.u_conv3.u_weights._30671_/Y
 m.u_conv3.u_weights._30672_/Y
 m.u_conv3.u_weights._30673_/Y
 m.u_conv3.u_weights._30674_/Y
 m.u_conv3.u_weights._30675_/Y
 m.u_conv3.u_weights._30676_/X
 m.u_conv3.u_weights._30677_/Y
 m.u_conv3.u_weights._30678_/Y
 m.u_conv3.u_weights._30679_/X
 m.u_conv3.u_weights._30680_/Y
 m.u_conv3.u_weights._30681_/Y
 m.u_conv3.u_weights._30682_/Y
 m.u_conv3.u_weights._30683_/X
 m.u_conv3.u_weights._30684_/Y
 m.u_conv3.u_weights._30685_/Y
 m.u_conv3.u_weights._30686_/Y
 m.u_conv3.u_weights._30687_/Y
 m.u_conv3.u_weights._30688_/Y
 m.u_conv3.u_weights._30689_/Y
 m.u_conv3.u_weights._30690_/Y
 m.u_conv3.u_weights._30691_/Y
 m.u_conv3.u_weights._30692_/Y
 m.u_conv3.u_weights._30693_/Y
 m.u_conv3.u_weights._30694_/X
 m.u_conv3.u_weights._30695_/Y
 m.u_conv3.u_weights._30696_/X
 m.u_conv3.u_weights._30697_/Y
 m.u_conv3.u_weights._30698_/X
 m.u_conv3.u_weights._30699_/X
 m.u_conv3.u_weights._30700_/Y
 m.u_conv3.u_weights._30701_/Y
 m.u_conv3.u_weights._30702_/Y
 m.u_conv3.u_weights._30703_/Y
 m.u_conv3.u_weights._30704_/Y
 m.u_conv3.u_weights._30705_/Y
 m.u_conv3.u_weights._30706_/Y
 m.u_conv3.u_weights._30707_/Y
 m.u_conv3.u_weights._30708_/Y
 m.u_conv3.u_weights._30709_/Y
 m.u_conv3.u_weights._30710_/Y
 m.u_conv3.u_weights._30711_/Y
 m.u_conv3.u_weights._30712_/Y
 m.u_conv3.u_weights._30713_/X
 m.u_conv3.u_weights._30714_/Y
 m.u_conv3.u_weights._30715_/X
 m.u_conv3.u_weights._30716_/Y
 m.u_conv3.u_weights._30717_/Y
 m.u_conv3.u_weights._30718_/Y
 m.u_conv3.u_weights._30719_/Y
 m.u_conv3.u_weights._30720_/X
 m.u_conv3.u_weights._30721_/Y
 m.u_conv3.u_weights._30722_/Y
 m.u_conv3.u_weights._30723_/Y
 m.u_conv3.u_weights._30724_/Y
 m.u_conv3.u_weights._30725_/Y
 m.u_conv3.u_weights._30726_/Y
 m.u_conv3.u_weights._30727_/Y
 m.u_conv3.u_weights._30728_/Y
 m.u_conv3.u_weights._30729_/Y
 m.u_conv3.u_weights._30730_/Y
 m.u_conv3.u_weights._30731_/Y
 m.u_conv3.u_weights._30732_/Y
 m.u_conv3.u_weights._30733_/X
 m.u_conv3.u_weights._30734_/Y
 m.u_conv3.u_weights._30735_/X
 m.u_conv3.u_weights._30736_/Y
 m.u_conv3.u_weights._30737_/Y
 m.u_conv3.u_weights._30738_/X
 m.u_conv3.u_weights._30739_/Y
 m.u_conv3.u_weights._30740_/Y
 m.u_conv3.u_weights._30741_/X
 m.u_conv3.u_weights._30742_/X
 m.u_conv3.u_weights._30743_/Y
 m.u_conv3.u_weights._30744_/Y
 m.u_conv3.u_weights._30745_/X
 m.u_conv3.u_weights._30746_/Y
 m.u_conv3.u_weights._30747_/X
 m.u_conv3.u_weights._30748_/Y
 m.u_conv3.u_weights._30749_/Y
 m.u_conv3.u_weights._30750_/X
 m.u_conv3.u_weights._30751_/Y
 m.u_conv3.u_weights._30752_/Y
 m.u_conv3.u_weights._30753_/Y
 m.u_conv3.u_weights._30754_/Y
 m.u_conv3.u_weights._30755_/Y
 m.u_conv3.u_weights._30756_/Y
 m.u_conv3.u_weights._30757_/Y
 m.u_conv3.u_weights._30758_/Y
 m.u_conv3.u_weights._30759_/X
 m.u_conv3.u_weights._30760_/Y
 m.u_conv3.u_weights._30761_/Y
 m.u_conv3.u_weights._30762_/Y
 m.u_conv3.u_weights._30763_/Y
 m.u_conv3.u_weights._30764_/X
 m.u_conv3.u_weights._30765_/Y
 m.u_conv3.u_weights._30766_/Y
 m.u_conv3.u_weights._30767_/Y
 m.u_conv3.u_weights._30768_/Y
 m.u_conv3.u_weights._30769_/X
 m.u_conv3.u_weights._30770_/Y
 m.u_conv3.u_weights._30771_/Y
 m.u_conv3.u_weights._30772_/X
 m.u_conv3.u_weights._30773_/Y
 m.u_conv3.u_weights._30774_/X
 m.u_conv3.u_weights._30775_/Y
 m.u_conv3.u_weights._30776_/X
 m.u_conv3.u_weights._30777_/Y
 m.u_conv3.u_weights._30778_/X
 m.u_conv3.u_weights._30779_/Y
 m.u_conv3.u_weights._30780_/Y
 m.u_conv3.u_weights._30781_/X
 m.u_conv3.u_weights._30782_/Y
 m.u_conv3.u_weights._30783_/X
 m.u_conv3.u_weights._30784_/Y
 m.u_conv3.u_weights._30785_/Y
 m.u_conv3.u_weights._30786_/Y
 m.u_conv3.u_weights._30787_/Y
 m.u_conv3.u_weights._30788_/Y
 m.u_conv3.u_weights._30789_/Y
 m.u_conv3.u_weights._30790_/X
 m.u_conv3.u_weights._30791_/Y
 m.u_conv3.u_weights._30792_/Y
 m.u_conv3.u_weights._30793_/Y
 m.u_conv3.u_weights._30794_/X
 m.u_conv3.u_weights._30795_/Y
 m.u_conv3.u_weights._30796_/Y
 m.u_conv3.u_weights._30797_/Y
 m.u_conv3.u_weights._30798_/Y
 m.u_conv3.u_weights._30799_/X
 m.u_conv3.u_weights._30800_/Y
 m.u_conv3.u_weights._30801_/X
 m.u_conv3.u_weights._30802_/X
 m.u_conv3.u_weights._30803_/Y
 m.u_conv3.u_weights._30804_/Y
 m.u_conv3.u_weights._30805_/X
 m.u_conv3.u_weights._30806_/Y
 m.u_conv3.u_weights._30807_/Y
 m.u_conv3.u_weights._30808_/Y
 m.u_conv3.u_weights._30809_/Y
 m.u_conv3.u_weights._30810_/X
 m.u_conv3.u_weights._30811_/Y
 m.u_conv3.u_weights._30812_/X
 m.u_conv3.u_weights._30813_/Y
 m.u_conv3.u_weights._30814_/X
 m.u_conv3.u_weights._30815_/Y
 m.u_conv3.u_weights._30816_/Y
 m.u_conv3.u_weights._30817_/Y
 m.u_conv3.u_weights._30818_/Y
 m.u_conv3.u_weights._30819_/X
 m.u_conv3.u_weights._30820_/Y
 m.u_conv3.u_weights._30821_/X
 m.u_conv3.u_weights._30822_/Y
 m.u_conv3.u_weights._30823_/Y
 m.u_conv3.u_weights._30824_/Y
 m.u_conv3.u_weights._30825_/Y
 m.u_conv3.u_weights._30826_/Y
 m.u_conv3.u_weights._30827_/Y
 m.u_conv3.u_weights._30828_/X
 m.u_conv3.u_weights._30829_/Y
 m.u_conv3.u_weights._30830_/Y
 m.u_conv3.u_weights._30831_/Y
 m.u_conv3.u_weights._30832_/Y
 m.u_conv3.u_weights._30833_/X
 m.u_conv3.u_weights._30834_/Y
 m.u_conv3.u_weights._30835_/X
 m.u_conv3.u_weights._30836_/X
 m.u_conv3.u_weights._30837_/Y
 m.u_conv3.u_weights._30838_/Y
 m.u_conv3.u_weights._30839_/Y
 m.u_conv3.u_weights._30840_/X
 m.u_conv3.u_weights._30841_/Y
 m.u_conv3.u_weights._30842_/Y
 m.u_conv3.u_weights._30843_/Y
 m.u_conv3.u_weights._30844_/Y
 m.u_conv3.u_weights._30845_/X
 m.u_conv3.u_weights._30846_/Y
 m.u_conv3.u_weights._30847_/X
 m.u_conv3.u_weights._30848_/X
 m.u_conv3.u_weights._30849_/Y
 m.u_conv3.u_weights._30850_/X
 m.u_conv3.u_weights._30851_/Y
 m.u_conv3.u_weights._30852_/Y
 m.u_conv3.u_weights._30853_/X
 m.u_conv3.u_weights._30854_/X
 m.u_conv3.u_weights._30855_/X
 m.u_conv3.u_weights._30856_/Y
 m.u_conv3.u_weights._30857_/X
 m.u_conv3.u_weights._30858_/X
 m.u_conv3.u_weights._30859_/Y
 m.u_conv3.u_weights._30860_/X
 m.u_conv3.u_weights._30861_/X
 m.u_conv3.u_weights._30862_/Y
 m.u_conv3.u_weights._30863_/Y
 m.u_conv3.u_weights._30864_/Y
 m.u_conv3.u_weights._30865_/Y
 m.u_conv3.u_weights._30866_/Y
 m.u_conv3.u_weights._30867_/Y
 m.u_conv3.u_weights._30868_/Y
 m.u_conv3.u_weights._30869_/Y
 m.u_conv3.u_weights._30870_/Y
 m.u_conv3.u_weights._30871_/Y
 m.u_conv3.u_weights._30872_/X
 m.u_conv3.u_weights._30873_/Y
 m.u_conv3.u_weights._30874_/Y
 m.u_conv3.u_weights._30875_/Y
 m.u_conv3.u_weights._30876_/Y
 m.u_conv3.u_weights._30877_/X
 m.u_conv3.u_weights._30878_/X
 m.u_conv3.u_weights._30879_/Y
 m.u_conv3.u_weights._30880_/Y
 m.u_conv3.u_weights._30881_/Y
 m.u_conv3.u_weights._30882_/Y
 m.u_conv3.u_weights._30883_/Y
 m.u_conv3.u_weights._30884_/Y
 m.u_conv3.u_weights._30885_/Y
 m.u_conv3.u_weights._30886_/Y
 m.u_conv3.u_weights._30887_/Y
 m.u_conv3.u_weights._30888_/Y
 m.u_conv3.u_weights._30889_/Y
 m.u_conv3.u_weights._30890_/Y
 m.u_conv3.u_weights._30891_/Y
 m.u_conv3.u_weights._30892_/X
 m.u_conv3.u_weights._30893_/X
 m.u_conv3.u_weights._30894_/Y
 m.u_conv3.u_weights._30895_/X
 m.u_conv3.u_weights._30896_/X
 m.u_conv3.u_weights._30897_/Y
 m.u_conv3.u_weights._30898_/Y
 m.u_conv3.u_weights._30899_/Y
 m.u_conv3.u_weights._30900_/X
 m.u_conv3.u_weights._30901_/Y
 m.u_conv3.u_weights._30902_/Y
 m.u_conv3.u_weights._30903_/Y
 m.u_conv3.u_weights._30904_/X
 m.u_conv3.u_weights._30905_/Y
 m.u_conv3.u_weights._30906_/Y
 m.u_conv3.u_weights._30907_/X
 m.u_conv3.u_weights._30908_/X
 m.u_conv3.u_weights._30909_/X
 m.u_conv3.u_weights._30910_/Y
 m.u_conv3.u_weights._30911_/Y
 m.u_conv3.u_weights._30912_/Y
 m.u_conv3.u_weights._30913_/Y
 m.u_conv3.u_weights._30914_/X
 m.u_conv3.u_weights._30915_/X
 m.u_conv3.u_weights._30916_/Y
 m.u_conv3.u_weights._30917_/Y
 m.u_conv3.u_weights._30918_/Y
 m.u_conv3.u_weights._30919_/Y
 m.u_conv3.u_weights._30920_/X
 m.u_conv3.u_weights._30921_/Y
 m.u_conv3.u_weights._30922_/Y
 m.u_conv3.u_weights._30923_/Y
 m.u_conv3.u_weights._30924_/Y
 m.u_conv3.u_weights._30925_/Y
 m.u_conv3.u_weights._30926_/X
 m.u_conv3.u_weights._30927_/Y
 m.u_conv3.u_weights._30928_/Y
 m.u_conv3.u_weights._30929_/Y
 m.u_conv3.u_weights._30930_/Y
 m.u_conv3.u_weights._30931_/Y
 m.u_conv3.u_weights._30932_/X
 m.u_conv3.u_weights._30933_/Y
 m.u_conv3.u_weights._30934_/Y
 m.u_conv3.u_weights._30935_/Y
 m.u_conv3.u_weights._30936_/Y
 m.u_conv3.u_weights._30937_/X
 m.u_conv3.u_weights._30938_/Y
 m.u_conv3.u_weights._30939_/X
 m.u_conv3.u_weights._30940_/Y
 m.u_conv3.u_weights._30941_/Y
 m.u_conv3.u_weights._30942_/Y
 m.u_conv3.u_weights._30943_/Y
 m.u_conv3.u_weights._30944_/Y
 m.u_conv3.u_weights._30945_/Y
 m.u_conv3.u_weights._30946_/X
 m.u_conv3.u_weights._30947_/Y
 m.u_conv3.u_weights._30948_/Y
 m.u_conv3.u_weights._30949_/X
 m.u_conv3.u_weights._30950_/Y
 m.u_conv3.u_weights._30951_/Y
 m.u_conv3.u_weights._30952_/Y
 m.u_conv3.u_weights._30953_/Y
 m.u_conv3.u_weights._30954_/Y
 m.u_conv3.u_weights._30955_/X
 m.u_conv3.u_weights._30956_/Y
 m.u_conv3.u_weights._30957_/Y
 m.u_conv3.u_weights._30958_/Y
 m.u_conv3.u_weights._30959_/Y
 m.u_conv3.u_weights._30960_/Y
 m.u_conv3.u_weights._30961_/Y
 m.u_conv3.u_weights._30962_/Y
 m.u_conv3.u_weights._30963_/Y
 m.u_conv3.u_weights._30964_/X
 m.u_conv3.u_weights._30965_/Y
 m.u_conv3.u_weights._30966_/Y
 m.u_conv3.u_weights._30967_/Y
 m.u_conv3.u_weights._30968_/Y
 m.u_conv3.u_weights._30969_/Y
 m.u_conv3.u_weights._30970_/X
 m.u_conv3.u_weights._30971_/Y
 m.u_conv3.u_weights._30972_/Y
 m.u_conv3.u_weights._30973_/Y
 m.u_conv3.u_weights._30974_/X
 m.u_conv3.u_weights._30975_/X
 m.u_conv3.u_weights._30976_/Y
 m.u_conv3.u_weights._30977_/Y
 m.u_conv3.u_weights._30978_/Y
 m.u_conv3.u_weights._30979_/Y
 m.u_conv3.u_weights._30980_/X
 m.u_conv3.u_weights._30981_/Y
 m.u_conv3.u_weights._30982_/Y
 m.u_conv3.u_weights._30983_/Y
 m.u_conv3.u_weights._30984_/X
 m.u_conv3.u_weights._30985_/Y
 m.u_conv3.u_weights._30986_/Y
 m.u_conv3.u_weights._30987_/Y
 m.u_conv3.u_weights._30988_/Y
 m.u_conv3.u_weights._30989_/Y
 m.u_conv3.u_weights._30990_/Y
 m.u_conv3.u_weights._30991_/Y
 m.u_conv3.u_weights._30992_/Y
 m.u_conv3.u_weights._30993_/Y
 m.u_conv3.u_weights._30994_/Y
 m.u_conv3.u_weights._30995_/X
 m.u_conv3.u_weights._30996_/Y
 m.u_conv3.u_weights._30997_/Y
 m.u_conv3.u_weights._30998_/Y
 m.u_conv3.u_weights._30999_/X
 m.u_conv3.u_weights._31000_/Y
 m.u_conv3.u_weights._31001_/Y
 m.u_conv3.u_weights._31002_/Y
 m.u_conv3.u_weights._31003_/Y
 m.u_conv3.u_weights._31004_/Y
 m.u_conv3.u_weights._31005_/Y
 m.u_conv3.u_weights._31006_/X
 m.u_conv3.u_weights._31007_/Y
 m.u_conv3.u_weights._31008_/Y
 m.u_conv3.u_weights._31009_/Y
 m.u_conv3.u_weights._31010_/Y
 m.u_conv3.u_weights._31011_/Y
 m.u_conv3.u_weights._31012_/Y
 m.u_conv3.u_weights._31013_/Y
 m.u_conv3.u_weights._31014_/Y
 m.u_conv3.u_weights._31015_/X
 m.u_conv3.u_weights._31016_/Y
 m.u_conv3.u_weights._31017_/Y
 m.u_conv3.u_weights._31018_/Y
 m.u_conv3.u_weights._31019_/Y
 m.u_conv3.u_weights._31020_/Y
 m.u_conv3.u_weights._31021_/Y
 m.u_conv3.u_weights._31022_/X
 m.u_conv3.u_weights._31023_/Y
 m.u_conv3.u_weights._31024_/Y
 m.u_conv3.u_weights._31025_/Y
 m.u_conv3.u_weights._31026_/Y
 m.u_conv3.u_weights._31027_/Y
 m.u_conv3.u_weights._31028_/X
 m.u_conv3.u_weights._31029_/X
 m.u_conv3.u_weights._31030_/Y
 m.u_conv3.u_weights._31031_/X
 m.u_conv3.u_weights._31032_/Y
 m.u_conv3.u_weights._31033_/Y
 m.u_conv3.u_weights._31034_/Y
 m.u_conv3.u_weights._31035_/Y
 m.u_conv3.u_weights._31036_/Y
 m.u_conv3.u_weights._31037_/Y
 m.u_conv3.u_weights._31038_/X
 m.u_conv3.u_weights._31039_/Y
 m.u_conv3.u_weights._31040_/Y
 m.u_conv3.u_weights._31041_/X
 m.u_conv3.u_weights._31042_/X
 m.u_conv3.u_weights._31043_/Y
 m.u_conv3.u_weights._31044_/X
 m.u_conv3.u_weights._31045_/Y
 m.u_conv3.u_weights._31046_/Y
 m.u_conv3.u_weights._31047_/Y
 m.u_conv3.u_weights._31048_/Y
 m.u_conv3.u_weights._31049_/Y
 m.u_conv3.u_weights._31050_/Y
 m.u_conv3.u_weights._31051_/X
 m.u_conv3.u_weights._31052_/Y
 m.u_conv3.u_weights._31053_/Y
 m.u_conv3.u_weights._31054_/X
 m.u_conv3.u_weights._31055_/Y
 m.u_conv3.u_weights._31056_/Y
 m.u_conv3.u_weights._31057_/Y
 m.u_conv3.u_weights._31058_/Y
 m.u_conv3.u_weights._31059_/Y
 m.u_conv3.u_weights._31060_/Y
 m.u_conv3.u_weights._31061_/X
 m.u_conv3.u_weights._31062_/Y
 m.u_conv3.u_weights._31063_/Y
 m.u_conv3.u_weights._31064_/Y
 m.u_conv3.u_weights._31065_/Y
 m.u_conv3.u_weights._31066_/Y
 m.u_conv3.u_weights._31067_/Y
 m.u_conv3.u_weights._31068_/Y
 m.u_conv3.u_weights._31069_/Y
 m.u_conv3.u_weights._31070_/Y
 m.u_conv3.u_weights._31071_/X
 m.u_conv3.u_weights._31072_/X
 m.u_conv3.u_weights._31073_/X
 m.u_conv3.u_weights._31074_/Y
 m.u_conv3.u_weights._31075_/Y
 m.u_conv3.u_weights._31076_/X
 m.u_conv3.u_weights._31077_/Y
 m.u_conv3.u_weights._31078_/Y
 m.u_conv3.u_weights._31079_/X
 m.u_conv3.u_weights._31080_/Y
 m.u_conv3.u_weights._31081_/X
 m.u_conv3.u_weights._31082_/Y
 m.u_conv3.u_weights._31083_/Y
 m.u_conv3.u_weights._31084_/Y
 m.u_conv3.u_weights._31085_/Y
 m.u_conv3.u_weights._31086_/Y
 m.u_conv3.u_weights._31087_/X
 m.u_conv3.u_weights._31088_/Y
 m.u_conv3.u_weights._31089_/X
 m.u_conv3.u_weights._31090_/Y
 m.u_conv3.u_weights._31091_/Y
 m.u_conv3.u_weights._31092_/Y
 m.u_conv3.u_weights._31093_/Y
 m.u_conv3.u_weights._31094_/X
 m.u_conv3.u_weights._31095_/Y
 m.u_conv3.u_weights._31096_/Y
 m.u_conv3.u_weights._31097_/X
 m.u_conv3.u_weights._31098_/Y
 m.u_conv3.u_weights._31099_/X
 m.u_conv3.u_weights._31100_/X
 m.u_conv3.u_weights._31101_/Y
 m.u_conv3.u_weights._31102_/Y
 m.u_conv3.u_weights._31103_/X
 m.u_conv3.u_weights._31104_/X
 m.u_conv3.u_weights._31105_/Y
 m.u_conv3.u_weights._31106_/Y
 m.u_conv3.u_weights._31107_/Y
 m.u_conv3.u_weights._31108_/Y
 m.u_conv3.u_weights._31109_/Y
 m.u_conv3.u_weights._31110_/Y
 m.u_conv3.u_weights._31111_/X
 m.u_conv3.u_weights._31112_/Y
 m.u_conv3.u_weights._31113_/Y
 m.u_conv3.u_weights._31114_/Y
 m.u_conv3.u_weights._31115_/Y
 m.u_conv3.u_weights._31116_/Y
 m.u_conv3.u_weights._31117_/Y
 m.u_conv3.u_weights._31118_/Y
 m.u_conv3.u_weights._31119_/Y
 m.u_conv3.u_weights._31120_/Y
 m.u_conv3.u_weights._31121_/Y
 m.u_conv3.u_weights._31122_/Y
 m.u_conv3.u_weights._31123_/Y
 m.u_conv3.u_weights._31124_/Y
 m.u_conv3.u_weights._31125_/X
 m.u_conv3.u_weights._31126_/Y
 m.u_conv3.u_weights._31127_/Y
 m.u_conv3.u_weights._31128_/Y
 m.u_conv3.u_weights._31129_/Y
 m.u_conv3.u_weights._31130_/Y
 m.u_conv3.u_weights._31131_/X
 m.u_conv3.u_weights._31132_/Y
 m.u_conv3.u_weights._31133_/Y
 m.u_conv3.u_weights._31134_/X
 m.u_conv3.u_weights._31135_/Y
 m.u_conv3.u_weights._31136_/Y
 m.u_conv3.u_weights._31137_/Y
 m.u_conv3.u_weights._31138_/Y
 m.u_conv3.u_weights._31139_/Y
 m.u_conv3.u_weights._31140_/Y
 m.u_conv3.u_weights._31141_/Y
 m.u_conv3.u_weights._31142_/X
 m.u_conv3.u_weights._31143_/Y
 m.u_conv3.u_weights._31144_/Y
 m.u_conv3.u_weights._31145_/Y
 m.u_conv3.u_weights._31146_/Y
 m.u_conv3.u_weights._31147_/Y
 m.u_conv3.u_weights._31148_/Y
 m.u_conv3.u_weights._31149_/Y
 m.u_conv3.u_weights._31150_/Y
 m.u_conv3.u_weights._31151_/Y
 m.u_conv3.u_weights._31152_/Y
 m.u_conv3.u_weights._31153_/Y
 m.u_conv3.u_weights._31154_/Y
 m.u_conv3.u_weights._31155_/Y
 m.u_conv3.u_weights._31156_/Y
 m.u_conv3.u_weights._31157_/Y
 m.u_conv3.u_weights._31158_/Y
 m.u_conv3.u_weights._31159_/Y
 m.u_conv3.u_weights._31160_/Y
 m.u_conv3.u_weights._31161_/Y
 m.u_conv3.u_weights._31162_/Y
 m.u_conv3.u_weights._31163_/Y
 m.u_conv3.u_weights._31164_/X
 m.u_conv3.u_weights._31165_/X
 m.u_conv3.u_weights._31166_/Y
 m.u_conv3.u_weights._31167_/X
 m.u_conv3.u_weights._31168_/Y
 m.u_conv3.u_weights._31169_/X
 m.u_conv3.u_weights._31170_/X
 m.u_conv3.u_weights._31171_/X
 m.u_conv3.u_weights._31172_/X
 m.u_conv3.u_weights._31173_/Y
 m.u_conv3.u_weights._31174_/Y
 m.u_conv3.u_weights._31175_/X
 m.u_conv3.u_weights._31176_/Y
 m.u_conv3.u_weights._31177_/Y
 m.u_conv3.u_weights._31178_/Y
 m.u_conv3.u_weights._31179_/Y
 m.u_conv3.u_weights._31180_/Y
 m.u_conv3.u_weights._31181_/Y
 m.u_conv3.u_weights._31182_/X
 m.u_conv3.u_weights._31183_/Y
 m.u_conv3.u_weights._31184_/Y
 m.u_conv3.u_weights._31185_/Y
 m.u_conv3.u_weights._31186_/X
 m.u_conv3.u_weights._31187_/Y
 m.u_conv3.u_weights._31188_/Y
 m.u_conv3.u_weights._31189_/Y
 m.u_conv3.u_weights._31190_/Y
 m.u_conv3.u_weights._31191_/Y
 m.u_conv3.u_weights._31192_/X
 m.u_conv3.u_weights._31193_/Y
 m.u_conv3.u_weights._31194_/X
 m.u_conv3.u_weights._31195_/X
 m.u_conv3.u_weights._31196_/Y
 m.u_conv3.u_weights._31197_/Y
 m.u_conv3.u_weights._31198_/Y
 m.u_conv3.u_weights._31199_/Y
 m.u_conv3.u_weights._31200_/Y
 m.u_conv3.u_weights._31201_/Y
 m.u_conv3.u_weights._31202_/Y
 m.u_conv3.u_weights._31203_/Y
 m.u_conv3.u_weights._31204_/X
 m.u_conv3.u_weights._31205_/Y
 m.u_conv3.u_weights._31206_/Y
 m.u_conv3.u_weights._31207_/Y
 m.u_conv3.u_weights._31208_/X
 m.u_conv3.u_weights._31209_/X
 m.u_conv3.u_weights._31210_/Y
 m.u_conv3.u_weights._31211_/Y
 m.u_conv3.u_weights._31212_/X
 m.u_conv3.u_weights._31213_/Y
 m.u_conv3.u_weights._31214_/Y
 m.u_conv3.u_weights._31215_/Y
 m.u_conv3.u_weights._31216_/Y
 m.u_conv3.u_weights._31217_/Y
 m.u_conv3.u_weights._31218_/Y
 m.u_conv3.u_weights._31219_/Y
 m.u_conv3.u_weights._31220_/Y
 m.u_conv3.u_weights._31221_/Y
 m.u_conv3.u_weights._31222_/Y
 m.u_conv3.u_weights._31223_/Y
 m.u_conv3.u_weights._31224_/X
 m.u_conv3.u_weights._31225_/Y
 m.u_conv3.u_weights._31226_/Y
 m.u_conv3.u_weights._31227_/Y
 m.u_conv3.u_weights._31228_/Y
 m.u_conv3.u_weights._31229_/X
 m.u_conv3.u_weights._31230_/Y
 m.u_conv3.u_weights._31231_/Y
 m.u_conv3.u_weights._31232_/X
 m.u_conv3.u_weights._31233_/Y
 m.u_conv3.u_weights._31234_/X
 m.u_conv3.u_weights._31235_/X
 m.u_conv3.u_weights._31236_/Y
 m.u_conv3.u_weights._31237_/Y
 m.u_conv3.u_weights._31238_/Y
 m.u_conv3.u_weights._31239_/Y
 m.u_conv3.u_weights._31240_/X
 m.u_conv3.u_weights._31241_/Y
 m.u_conv3.u_weights._31242_/X
 m.u_conv3.u_weights._31243_/Y
 m.u_conv3.u_weights._31244_/Y
 m.u_conv3.u_weights._31245_/Y
 m.u_conv3.u_weights._31246_/Y
 m.u_conv3.u_weights._31247_/Y
 m.u_conv3.u_weights._31248_/Y
 m.u_conv3.u_weights._31249_/Y
 m.u_conv3.u_weights._31250_/Y
 m.u_conv3.u_weights._31251_/Y
 m.u_conv3.u_weights._31252_/Y
 m.u_conv3.u_weights._31253_/Y
 m.u_conv3.u_weights._31254_/X
 m.u_conv3.u_weights._31255_/Y
 m.u_conv3.u_weights._31256_/Y
 m.u_conv3.u_weights._31257_/Y
 m.u_conv3.u_weights._31258_/Y
 m.u_conv3.u_weights._31259_/Y
 m.u_conv3.u_weights._31260_/Y
 m.u_conv3.u_weights._31261_/Y
 m.u_conv3.u_weights._31262_/X
 m.u_conv3.u_weights._31263_/Y
 m.u_conv3.u_weights._31264_/Y
 m.u_conv3.u_weights._31265_/Y
 m.u_conv3.u_weights._31266_/Y
 m.u_conv3.u_weights._31267_/Y
 m.u_conv3.u_weights._31268_/X
 m.u_conv3.u_weights._31269_/Y
 m.u_conv3.u_weights._31270_/Y
 m.u_conv3.u_weights._31271_/X
 m.u_conv3.u_weights._31272_/Y
 m.u_conv3.u_weights._31273_/Y
 m.u_conv3.u_weights._31274_/Y
 m.u_conv3.u_weights._31275_/Y
 m.u_conv3.u_weights._31276_/Y
 m.u_conv3.u_weights._31277_/Y
 m.u_conv3.u_weights._31278_/Y
 m.u_conv3.u_weights._31279_/Y
 m.u_conv3.u_weights._31280_/Y
 m.u_conv3.u_weights._31281_/Y
 m.u_conv3.u_weights._31282_/Y
 m.u_conv3.u_weights._31283_/X
 m.u_conv3.u_weights._31284_/Y
 m.u_conv3.u_weights._31285_/Y
 m.u_conv3.u_weights._31286_/X
 m.u_conv3.u_weights._31287_/Y
 m.u_conv3.u_weights._31288_/Y
 m.u_conv3.u_weights._31289_/Y
 m.u_conv3.u_weights._31290_/Y
 m.u_conv3.u_weights._31291_/Y
 m.u_conv3.u_weights._31292_/X
 m.u_conv3.u_weights._31293_/Y
 m.u_conv3.u_weights._31294_/Y
 m.u_conv3.u_weights._31295_/Y
 m.u_conv3.u_weights._31296_/Y
 m.u_conv3.u_weights._31297_/Y
 m.u_conv3.u_weights._31298_/X
 m.u_conv3.u_weights._31299_/Y
 m.u_conv3.u_weights._31300_/Y
 m.u_conv3.u_weights._31301_/Y
 m.u_conv3.u_weights._31302_/Y
 m.u_conv3.u_weights._31303_/Y
 m.u_conv3.u_weights._31304_/Y
 m.u_conv3.u_weights._31305_/X
 m.u_conv3.u_weights._31306_/Y
 m.u_conv3.u_weights._31307_/X
 m.u_conv3.u_weights._31308_/X
 m.u_conv3.u_weights._31309_/Y
 m.u_conv3.u_weights._31310_/Y
 m.u_conv3.u_weights._31311_/Y
 m.u_conv3.u_weights._31312_/Y
 m.u_conv3.u_weights._31313_/X
 m.u_conv3.u_weights._31314_/Y
 m.u_conv3.u_weights._31315_/Y
 m.u_conv3.u_weights._31316_/X
 m.u_conv3.u_weights._31317_/Y
 m.u_conv3.u_weights._31318_/Y
 m.u_conv3.u_weights._31319_/Y
 m.u_conv3.u_weights._31320_/Y
 m.u_conv3.u_weights._31321_/Y
 m.u_conv3.u_weights._31322_/X
 m.u_conv3.u_weights._31323_/Y
 m.u_conv3.u_weights._31324_/X
 m.u_conv3.u_weights._31325_/X
 m.u_conv3.u_weights._31326_/Y
 m.u_conv3.u_weights._31327_/Y
 m.u_conv3.u_weights._31328_/Y
 m.u_conv3.u_weights._31329_/Y
 m.u_conv3.u_weights._31330_/Y
 m.u_conv3.u_weights._31331_/Y
 m.u_conv3.u_weights._31332_/X
 m.u_conv3.u_weights._31333_/X
 m.u_conv3.u_weights._31334_/Y
 m.u_conv3.u_weights._31335_/X
 m.u_conv3.u_weights._31336_/Y
 m.u_conv3.u_weights._31337_/Y
 m.u_conv3.u_weights._31338_/Y
 m.u_conv3.u_weights._31339_/Y
 m.u_conv3.u_weights._31340_/Y
 m.u_conv3.u_weights._31341_/X
 m.u_conv3.u_weights._31342_/Y
 m.u_conv3.u_weights._31343_/Y
 m.u_conv3.u_weights._31344_/Y
 m.u_conv3.u_weights._31345_/X
 m.u_conv3.u_weights._31346_/Y
 m.u_conv3.u_weights._31347_/X
 m.u_conv3.u_weights._31348_/Y
 m.u_conv3.u_weights._31349_/Y
 m.u_conv3.u_weights._31350_/X
 m.u_conv3.u_weights._31351_/Y
 m.u_conv3.u_weights._31352_/X
 m.u_conv3.u_weights._31353_/Y
 m.u_conv3.u_weights._31354_/X
 m.u_conv3.u_weights._31355_/X
 m.u_conv3.u_weights._31356_/Y
 m.u_conv3.u_weights._31357_/Y
 m.u_conv3.u_weights._31358_/Y
 m.u_conv3.u_weights._31359_/Y
 m.u_conv3.u_weights._31360_/X
 m.u_conv3.u_weights._31361_/Y
 m.u_conv3.u_weights._31362_/X
 m.u_conv3.u_weights._31363_/Y
 m.u_conv3.u_weights._31364_/Y
 m.u_conv3.u_weights._31365_/Y
 m.u_conv3.u_weights._31366_/Y
 m.u_conv3.u_weights._31367_/Y
 m.u_conv3.u_weights._31368_/Y
 m.u_conv3.u_weights._31369_/X
 m.u_conv3.u_weights._31370_/Y
 m.u_conv3.u_weights._31371_/Y
 m.u_conv3.u_weights._31372_/Y
 m.u_conv3.u_weights._31373_/X
 m.u_conv3.u_weights._31374_/Y
 m.u_conv3.u_weights._31375_/X
 m.u_conv3.u_weights._31376_/X
 m.u_conv3.u_weights._31377_/Y
 m.u_conv3.u_weights._31378_/Y
 m.u_conv3.u_weights._31379_/Y
 m.u_conv3.u_weights._31380_/Y
 m.u_conv3.u_weights._31381_/X
 m.u_conv3.u_weights._31382_/Y
 m.u_conv3.u_weights._31383_/Y
 m.u_conv3.u_weights._31384_/X
 m.u_conv3.u_weights._31385_/Y
 m.u_conv3.u_weights._31386_/Y
 m.u_conv3.u_weights._31387_/Y
 m.u_conv3.u_weights._31388_/Y
 m.u_conv3.u_weights._31389_/Y
 m.u_conv3.u_weights._31390_/Y
 m.u_conv3.u_weights._31391_/Y
 m.u_conv3.u_weights._31392_/Y
 m.u_conv3.u_weights._31393_/X
 m.u_conv3.u_weights._31394_/Y
 m.u_conv3.u_weights._31395_/Y
 m.u_conv3.u_weights._31396_/Y
 m.u_conv3.u_weights._31397_/Y
 m.u_conv3.u_weights._31398_/Y
 m.u_conv3.u_weights._31399_/Y
 m.u_conv3.u_weights._31400_/Y
 m.u_conv3.u_weights._31401_/Y
 m.u_conv3.u_weights._31402_/Y
 m.u_conv3.u_weights._31403_/Y
 m.u_conv3.u_weights._31404_/Y
 m.u_conv3.u_weights._31405_/Y
 m.u_conv3.u_weights._31406_/Y
 m.u_conv3.u_weights._31407_/Y
 m.u_conv3.u_weights._31408_/Y
 m.u_conv3.u_weights._31409_/X
 m.u_conv3.u_weights._31410_/X
 m.u_conv3.u_weights._31411_/Y
 m.u_conv3.u_weights._31412_/Y
 m.u_conv3.u_weights._31413_/Y
 m.u_conv3.u_weights._31414_/Y
 m.u_conv3.u_weights._31415_/Y
 m.u_conv3.u_weights._31416_/Y
 m.u_conv3.u_weights._31417_/X
 m.u_conv3.u_weights._31418_/Y
 m.u_conv3.u_weights._31419_/Y
 m.u_conv3.u_weights._31420_/Y
 m.u_conv3.u_weights._31421_/Y
 m.u_conv3.u_weights._31422_/Y
 m.u_conv3.u_weights._31423_/Y
 m.u_conv3.u_weights._31424_/Y
 m.u_conv3.u_weights._31425_/Y
 m.u_conv3.u_weights._31426_/X
 m.u_conv3.u_weights._31427_/Y
 m.u_conv3.u_weights._31428_/Y
 m.u_conv3.u_weights._31429_/Y
 m.u_conv3.u_weights._31430_/Y
 m.u_conv3.u_weights._31431_/Y
 m.u_conv3.u_weights._31432_/Y
 m.u_conv3.u_weights._31433_/Y
 m.u_conv3.u_weights._31434_/Y
 m.u_conv3.u_weights._31435_/Y
 m.u_conv3.u_weights._31436_/Y
 m.u_conv3.u_weights._31437_/Y
 m.u_conv3.u_weights._31438_/X
 m.u_conv3.u_weights._31439_/Y
 m.u_conv3.u_weights._31440_/Y
 m.u_conv3.u_weights._31441_/Y
 m.u_conv3.u_weights._31442_/X
 m.u_conv3.u_weights._31443_/Y
 m.u_conv3.u_weights._31444_/Y
 m.u_conv3.u_weights._31445_/Y
 m.u_conv3.u_weights._31446_/X
 m.u_conv3.u_weights._31447_/Y
 m.u_conv3.u_weights._31448_/X
 m.u_conv3.u_weights._31449_/Y
 m.u_conv3.u_weights._31450_/Y
 m.u_conv3.u_weights._31451_/Y
 m.u_conv3.u_weights._31452_/Y
 m.u_conv3.u_weights._31453_/X
 m.u_conv3.u_weights._31454_/Y
 m.u_conv3.u_weights._31455_/Y
 m.u_conv3.u_weights._31456_/Y
 m.u_conv3.u_weights._31457_/X
 m.u_conv3.u_weights._31458_/Y
 m.u_conv3.u_weights._31459_/Y
 m.u_conv3.u_weights._31460_/Y
 m.u_conv3.u_weights._31461_/Y
 m.u_conv3.u_weights._31462_/X
 m.u_conv3.u_weights._31463_/Y
 m.u_conv3.u_weights._31464_/X
 m.u_conv3.u_weights._31465_/Y
 m.u_conv3.u_weights._31466_/Y
 m.u_conv3.u_weights._31467_/Y
 m.u_conv3.u_weights._31468_/Y
 m.u_conv3.u_weights._31469_/Y
 m.u_conv3.u_weights._31470_/Y
 m.u_conv3.u_weights._31471_/Y
 m.u_conv3.u_weights._31472_/Y
 m.u_conv3.u_weights._31473_/Y
 m.u_conv3.u_weights._31474_/X
 m.u_conv3.u_weights._31475_/X
 m.u_conv3.u_weights._31476_/Y
 m.u_conv3.u_weights._31477_/Y
 m.u_conv3.u_weights._31478_/X
 m.u_conv3.u_weights._31479_/Y
 m.u_conv3.u_weights._31480_/X
 m.u_conv3.u_weights._31481_/Y
 m.u_conv3.u_weights._31482_/X
 m.u_conv3.u_weights._31483_/Y
 m.u_conv3.u_weights._31484_/Y
 m.u_conv3.u_weights._31485_/X
 m.u_conv3.u_weights._31486_/Y
 m.u_conv3.u_weights._31487_/Y
 m.u_conv3.u_weights._31488_/Y
 m.u_conv3.u_weights._31489_/Y
 m.u_conv3.u_weights._31490_/Y
 m.u_conv3.u_weights._31491_/Y
 m.u_conv3.u_weights._31492_/Y
 m.u_conv3.u_weights._31493_/X
 m.u_conv3.u_weights._31494_/Y
 m.u_conv3.u_weights._31495_/X
 m.u_conv3.u_weights._31496_/Y
 m.u_conv3.u_weights._31497_/Y
 m.u_conv3.u_weights._31498_/Y
 m.u_conv3.u_weights._31499_/Y
 m.u_conv3.u_weights._31500_/Y
 m.u_conv3.u_weights._31501_/X
 m.u_conv3.u_weights._31502_/Y
 m.u_conv3.u_weights._31503_/Y
 m.u_conv3.u_weights._31504_/X
 m.u_conv3.u_weights._31505_/Y
 m.u_conv3.u_weights._31506_/Y
 m.u_conv3.u_weights._31507_/X
 m.u_conv3.u_weights._31508_/X
 m.u_conv3.u_weights._31509_/Y
 m.u_conv3.u_weights._31510_/Y
 m.u_conv3.u_weights._31511_/Y
 m.u_conv3.u_weights._31512_/X
 m.u_conv3.u_weights._31513_/Y
 m.u_conv3.u_weights._31514_/Y
 m.u_conv3.u_weights._31515_/Y
 m.u_conv3.u_weights._31516_/Y
 m.u_conv3.u_weights._31517_/Y
 m.u_conv3.u_weights._31518_/Y
 m.u_conv3.u_weights._31519_/Y
 m.u_conv3.u_weights._31520_/X
 m.u_conv3.u_weights._31521_/X
 m.u_conv3.u_weights._31522_/Y
 m.u_conv3.u_weights._31523_/X
 m.u_conv3.u_weights._31524_/Y
 m.u_conv3.u_weights._31525_/Y
 m.u_conv3.u_weights._31526_/Y
 m.u_conv3.u_weights._31527_/Y
 m.u_conv3.u_weights._31528_/X
 m.u_conv3.u_weights._31529_/Y
 m.u_conv3.u_weights._31530_/Y
 m.u_conv3.u_weights._31531_/X
 m.u_conv3.u_weights._31532_/Y
 m.u_conv3.u_weights._31533_/X
 m.u_conv3.u_weights._31534_/Y
 m.u_conv3.u_weights._31535_/X
 m.u_conv3.u_weights._31536_/Y
 m.u_conv3.u_weights._31537_/X
 m.u_conv3.u_weights._31538_/Y
 m.u_conv3.u_weights._31539_/Y
 m.u_conv3.u_weights._31540_/Y
 m.u_conv3.u_weights._31541_/Y
 m.u_conv3.u_weights._31542_/Y
 m.u_conv3.u_weights._31543_/Y
 m.u_conv3.u_weights._31544_/X
 m.u_conv3.u_weights._31545_/Y
 m.u_conv3.u_weights._31546_/Y
 m.u_conv3.u_weights._31547_/Y
 m.u_conv3.u_weights._31548_/Y
 m.u_conv3.u_weights._31549_/Y
 m.u_conv3.u_weights._31550_/Y
 m.u_conv3.u_weights._31551_/Y
 m.u_conv3.u_weights._31552_/Y
 m.u_conv3.u_weights._31553_/Y
 m.u_conv3.u_weights._31554_/Y
 m.u_conv3.u_weights._31555_/X
 m.u_conv3.u_weights._31556_/Y
 m.u_conv3.u_weights._31557_/Y
 m.u_conv3.u_weights._31558_/X
 m.u_conv3.u_weights._31559_/Y
 m.u_conv3.u_weights._31560_/Y
 m.u_conv3.u_weights._31561_/Y
 m.u_conv3.u_weights._31562_/Y
 m.u_conv3.u_weights._31563_/Y
 m.u_conv3.u_weights._31564_/Y
 m.u_conv3.u_weights._31565_/Y
 m.u_conv3.u_weights._31566_/Y
 m.u_conv3.u_weights._31567_/X
 m.u_conv3.u_weights._31568_/Y
 m.u_conv3.u_weights._31569_/X
 m.u_conv3.u_weights._31570_/X
 m.u_conv3.u_weights._31571_/Y
 m.u_conv3.u_weights._31572_/Y
 m.u_conv3.u_weights._31573_/Y
 m.u_conv3.u_weights._31574_/Y
 m.u_conv3.u_weights._31575_/Y
 m.u_conv3.u_weights._31576_/Y
 m.u_conv3.u_weights._31577_/X
 m.u_conv3.u_weights._31578_/Y
 m.u_conv3.u_weights._31579_/Y
 m.u_conv3.u_weights._31580_/Y
 m.u_conv3.u_weights._31581_/X
 m.u_conv3.u_weights._31582_/Y
 m.u_conv3.u_weights._31583_/Y
 m.u_conv3.u_weights._31584_/X
 m.u_conv3.u_weights._31585_/Y
 m.u_conv3.u_weights._31586_/X
 m.u_conv3.u_weights._31587_/Y
 m.u_conv3.u_weights._31588_/X
 m.u_conv3.u_weights._31589_/Y
 m.u_conv3.u_weights._31590_/X
 m.u_conv3.u_weights._31591_/Y
 m.u_conv3.u_weights._31592_/X
 m.u_conv3.u_weights._31593_/Y
 m.u_conv3.u_weights._31594_/Y
 m.u_conv3.u_weights._31595_/Y
 m.u_conv3.u_weights._31596_/Y
 m.u_conv3.u_weights._31597_/Y
 m.u_conv3.u_weights._31598_/Y
 m.u_conv3.u_weights._31599_/X
 m.u_mnist_loader._28_/Y
 m.u_mnist_loader._29_/Y
 m.u_mnist_loader._30_/Y
 m.u_mnist_loader._31_/Y
 m.u_mnist_loader._32_/Y
 m.u_mnist_loader._33_/Y
 m.u_mnist_loader._34_/Y
 m.u_mnist_loader._35_/Y
 m.u_mnist_loader._36_/Y
 m.u_mnist_loader._37_/Y
 m.u_mnist_loader._38_/Y
 m.u_mnist_loader._39_/Y
 m.u_mnist_loader._40_/Y
 m.u_mnist_loader._41_/Y
 m.u_mnist_loader._42_/Y
 m.u_mnist_loader._43_/Y
 m.u_mnist_loader._44_/Y
 m.u_mnist_loader._45_/Y
 m.u_mnist_loader._46_/Y
 m.u_mnist_loader._47_/Y
 m.u_mnist_loader._48_/Y
 m.u_mnist_loader._49_/Y
 m.u_mnist_loader._50_/Y
 m.u_mnist_loader._51_/Y
 m.u_mnist_loader._52_/Y
 m.u_mnist_loader._53_/X
 m.u_mnist_loader._54_/Y
 m.u_mnist_loader._55_/X
 m.u_mnist_loader._56_/Y
 m.u_mnist_loader._57_/Y
 m.u_mnist_loader._58_/Y
 m.u_mnist_loader._59_/Y
 m.u_mnist_loader._60_/Y
 m.u_mnist_loader._61_/Y
 m.u_mnist_loader._62_/Y
 m.u_mnist_loader._63_/Y
 m.u_mnist_loader._64_/Y
 m.u_mnist_loader._65_/Y
 m.u_mnist_loader._66_/Y
 m.u_mnist_loader._67_/Y
 m.u_mnist_loader._68_/X
 m.u_mnist_loader._69_/Q
 m.u_mnist_loader._70_/Q
 m.u_mnist_loader._71_/Q
 m.u_mnist_loader._72_/Q
 m.u_mnist_loader._73_/Q
 m.u_mnist_loader._74_/Q
 m.u_mnist_loader._75_/Q
 m.u_mnist_loader._76_/Q
 m.u_mnist_loader._77_/L_LO
 m.u_mnist_loader._78_/L_LO
 m.u_mnist_loader._79_/L_LO
 m.u_mnist_loader._80_/L_LO
 m.u_mnist_loader._81_/X
 m.u_mnist_loader._82_/X
 m.u_mnist_loader._83_/X
 m.u_mnist_loader._84_/X
 m.u_pool1._240_/Y
 m.u_pool1._241_/Y
 m.u_pool1._242_/Y
 m.u_pool1._243_/Y
 m.u_pool1._244_/Y
 m.u_pool1._245_/X
 m.u_pool1._246_/Y
 m.u_pool1._247_/Y
 m.u_pool1._248_/X
 m.u_pool1._249_/Y
 m.u_pool1._250_/Y
 m.u_pool1._251_/Y
 m.u_pool1._252_/Y
 m.u_pool1._253_/Y
 m.u_pool1._254_/Y
 m.u_pool1._255_/Y
 m.u_pool1._256_/Y
 m.u_pool1._257_/Y
 m.u_pool1._258_/Y
 m.u_pool1._259_/Y
 m.u_pool1._260_/Y
 m.u_pool1._261_/Y
 m.u_pool1._262_/Y
 m.u_pool1._263_/Y
 m.u_pool1._264_/Y
 m.u_pool1._265_/X
 m.u_pool1._266_/Y
 m.u_pool1._267_/Y
 m.u_pool1._268_/X
 m.u_pool1._269_/X
 m.u_pool1._270_/Y
 m.u_pool1._271_/Y
 m.u_pool1._272_/Y
 m.u_pool1._273_/Y
 m.u_pool1._274_/Y
 m.u_pool1._275_/Y
 m.u_pool1._276_/Y
 m.u_pool1._277_/X
 m.u_pool1._278_/Y
 m.u_pool1._279_/Y
 m.u_pool1._280_/Y
 m.u_pool1._281_/Y
 m.u_pool1._282_/Y
 m.u_pool1._283_/Y
 m.u_pool1._284_/Y
 m.u_pool1._285_/Y
 m.u_pool1._286_/Y
 m.u_pool1._287_/Y
 m.u_pool1._288_/Y
 m.u_pool1._289_/Y
 m.u_pool1._290_/Y
 m.u_pool1._291_/Y
 m.u_pool1._292_/Y
 m.u_pool1._293_/Y
 m.u_pool1._294_/Y
 m.u_pool1._295_/Y
 m.u_pool1._296_/Y
 m.u_pool1._297_/Y
 m.u_pool1._298_/Y
 m.u_pool1._299_/Y
 m.u_pool1._300_/Y
 m.u_pool1._301_/Y
 m.u_pool1._302_/Y
 m.u_pool1._303_/Y
 m.u_pool1._304_/Y
 m.u_pool1._305_/Y
 m.u_pool1._306_/Y
 m.u_pool1._307_/Y
 m.u_pool1._308_/Y
 m.u_pool1._309_/Y
 m.u_pool1._310_/Y
 m.u_pool1._311_/Y
 m.u_pool1._312_/Y
 m.u_pool1._313_/Y
 m.u_pool1._314_/Y
 m.u_pool1._315_/X
 m.u_pool1._316_/Y
 m.u_pool1._317_/Y
 m.u_pool1._318_/X
 m.u_pool1._319_/Y
 m.u_pool1._320_/X
 m.u_pool1._321_/Y
 m.u_pool1._322_/Y
 m.u_pool1._323_/Y
 m.u_pool1._324_/Y
 m.u_pool1._325_/Y
 m.u_pool1._326_/Y
 m.u_pool1._327_/Y
 m.u_pool1._328_/Y
 m.u_pool1._329_/Y
 m.u_pool1._330_/Y
 m.u_pool1._331_/X
 m.u_pool1._332_/Y
 m.u_pool1._333_/Y
 m.u_pool1._334_/Y
 m.u_pool1._335_/Y
 m.u_pool1._336_/Y
 m.u_pool1._337_/Y
 m.u_pool1._338_/X
 m.u_pool1._339_/Y
 m.u_pool1._340_/Y
 m.u_pool1._341_/X
 m.u_pool1._342_/Y
 m.u_pool1._343_/Y
 m.u_pool1._344_/Y
 m.u_pool1._345_/Y
 m.u_pool1._346_/Y
 m.u_pool1._347_/X
 m.u_pool1._348_/Y
 m.u_pool1._349_/Y
 m.u_pool1._350_/Y
 m.u_pool1._351_/X
 m.u_pool1._352_/X
 m.u_pool1._353_/Y
 m.u_pool1._354_/Y
 m.u_pool1._355_/X
 m.u_pool1._356_/Y
 m.u_pool1._357_/Y
 m.u_pool1._358_/Y
 m.u_pool1._359_/Y
 m.u_pool1._360_/Y
 m.u_pool1._361_/Y
 m.u_pool1._362_/Y
 m.u_pool1._363_/Y
 m.u_pool1._364_/Y
 m.u_pool1._365_/Y
 m.u_pool1._366_/X
 m.u_pool1._367_/Y
 m.u_pool1._368_/X
 m.u_pool1._369_/Y
 m.u_pool1._370_/Y
 m.u_pool1._371_/X
 m.u_pool1._372_/Y
 m.u_pool1._373_/Y
 m.u_pool1._374_/Y
 m.u_pool1._375_/X
 m.u_pool1._376_/X
 m.u_pool1._377_/X
 m.u_pool1._378_/X
 m.u_pool1._379_/Y
 m.u_pool1._380_/Y
 m.u_pool1._381_/X
 m.u_pool1._382_/Y
 m.u_pool1._383_/X
 m.u_pool1._384_/X
 m.u_pool1._385_/Y
 m.u_pool1._386_/X
 m.u_pool1._387_/Y
 m.u_pool1._388_/X
 m.u_pool1._389_/Y
 m.u_pool1._390_/X
 m.u_pool1._391_/Y
 m.u_pool1._392_/X
 m.u_pool1._393_/Y
 m.u_pool1._394_/X
 m.u_pool1._395_/X
 m.u_pool1._396_/X
 m.u_pool1._397_/Y
 m.u_pool1._398_/X
 m.u_pool1._399_/X
 m.u_pool1._400_/Y
 m.u_pool1._401_/Y
 m.u_pool1._402_/Y
 m.u_pool1._403_/Y
 m.u_pool1._404_/Y
 m.u_pool1._405_/Y
 m.u_pool1._406_/Y
 m.u_pool1._407_/Y
 m.u_pool1._408_/Y
 m.u_pool1._409_/Y
 m.u_pool1._410_/X
 m.u_pool1._411_/Y
 m.u_pool1._412_/Y
 m.u_pool1._413_/Y
 m.u_pool1._414_/X
 m.u_pool1._415_/Y
 m.u_pool1._416_/X
 m.u_pool1._417_/Y
 m.u_pool1._418_/Y
 m.u_pool1._419_/Y
 m.u_pool1._420_/Y
 m.u_pool1._421_/Y
 m.u_pool1._422_/Y
 m.u_pool1._423_/Y
 m.u_pool1._424_/Y
 m.u_pool1._425_/Y
 m.u_pool1._426_/Y
 m.u_pool1._427_/Y
 m.u_pool1._428_/X
 m.u_pool1._429_/Y
 m.u_pool1._430_/Y
 m.u_pool1._431_/X
 m.u_pool1._432_/Y
 m.u_pool1._433_/Y
 m.u_pool1._434_/Y
 m.u_pool1._435_/Y
 m.u_pool1._436_/X
 m.u_pool1._437_/Y
 m.u_pool1._438_/Y
 m.u_pool1._439_/Y
 m.u_pool1._440_/Y
 m.u_pool1._441_/Y
 m.u_pool1._442_/Y
 m.u_pool1._443_/Y
 m.u_pool1._444_/X
 m.u_pool1._445_/Y
 m.u_pool1._446_/X
 m.u_pool1._447_/Y
 m.u_pool1._448_/Y
 m.u_pool1._449_/X
 m.u_pool1._450_/X
 m.u_pool1._451_/Y
 m.u_pool1._452_/Y
 m.u_pool1._453_/Y
 m.u_pool1._454_/Y
 m.u_pool1._455_/Y
 m.u_pool1._456_/Y
 m.u_pool1._457_/Y
 m.u_pool1._458_/Y
 m.u_pool1._459_/Y
 m.u_pool1._460_/Y
 m.u_pool1._461_/Y
 m.u_pool1._462_/Y
 m.u_pool1._463_/Y
 m.u_pool1._464_/Y
 m.u_pool1._465_/X
 m.u_pool1._466_/Y
 m.u_pool1._467_/Y
 m.u_pool1._468_/Y
 m.u_pool1._469_/Y
 m.u_pool1._470_/Y
 m.u_pool1._471_/Y
 m.u_pool1._472_/Y
 m.u_pool1._473_/Y
 m.u_pool1._474_/Y
 m.u_pool1._475_/X
 m.u_pool1._476_/Y
 m.u_pool1._477_/X
 m.u_pool1._478_/Y
 m.u_pool1._479_/Y
 m.u_pool1._480_/Y
 m.u_pool1._481_/Y
 m.u_pool1._482_/Y
 m.u_pool1._483_/X
 m.u_pool1._484_/Y
 m.u_pool1._485_/Y
 m.u_pool1._486_/Y
 m.u_pool1._487_/Y
 m.u_pool1._488_/X
 m.u_pool1._489_/X
 m.u_pool1._490_/X
 m.u_pool1._491_/X
 m.u_pool1._492_/X
 m.u_pool1._493_/X
 m.u_pool1._494_/X
 m.u_pool1._495_/X
 m.u_pool1._496_/X
 m.u_pool1._497_/X
 m.u_pool1._498_/X
 m.u_pool1._499_/X
 m.u_pool1._500_/X
 m.u_pool1._501_/X
 m.u_pool1._502_/X
 m.u_pool1._503_/X
 m.u_pool1._504_/Q
 m.u_pool1._505_/Q
 m.u_pool1._506_/Q
 m.u_pool1._507_/Q
 m.u_pool1._508_/Q
 m.u_pool1._509_/Q
 m.u_pool1._510_/Q
 m.u_pool1._511_/Q
 m.u_pool1._512_/Q
 m.u_pool1._513_/Q
 m.u_pool1._514_/Q
 m.u_pool1._515_/Q
 m.u_pool1._516_/Q
 m.u_pool1._517_/Q
 m.u_pool1._518_/Q
 m.u_pool1._519_/Q
 m.u_pool1._520_/Q
 m.u_pool1._521_/Q
 m.u_pool1._522_/Q
 m.u_pool1._523_/Q
 m.u_pool1._524_/Q
 m.u_pool1._525_/Q
 m.u_pool1._526_/Q
 m.u_pool1._527_/Q
 m.u_pool1._528_/Q
 m.u_pool1._529_/Q
 m.u_pool1._530_/Q
 m.u_pool1._531_/Q
 m.u_pool1._532_/Q
 m.u_pool1._533_/Q
 m.u_pool1._534_/Q
 m.u_pool1._535_/Q
 m.u_pool1._536_/Q
 m.u_pool1._537_/Q
 m.u_pool1._538_/Q
 m.u_pool1._539_/Q
 m.u_pool1._540_/X
 m.u_pool2._175_/Y
 m.u_pool2._176_/Y
 m.u_pool2._177_/Y
 m.u_pool2._178_/Y
 m.u_pool2._179_/Y
 m.u_pool2._180_/Y
 m.u_pool2._181_/Y
 m.u_pool2._182_/Y
 m.u_pool2._183_/Y
 m.u_pool2._184_/X
 m.u_pool2._185_/Y
 m.u_pool2._186_/Y
 m.u_pool2._187_/X
 m.u_pool2._188_/Y
 m.u_pool2._189_/Y
 m.u_pool2._190_/Y
 m.u_pool2._191_/Y
 m.u_pool2._192_/Y
 m.u_pool2._193_/Y
 m.u_pool2._194_/Y
 m.u_pool2._195_/Y
 m.u_pool2._196_/Y
 m.u_pool2._197_/Y
 m.u_pool2._198_/X
 m.u_pool2._199_/X
 m.u_pool2._200_/Y
 m.u_pool2._201_/Y
 m.u_pool2._202_/Y
 m.u_pool2._203_/X
 m.u_pool2._204_/Y
 m.u_pool2._205_/Y
 m.u_pool2._206_/Y
 m.u_pool2._207_/Y
 m.u_pool2._208_/Y
 m.u_pool2._209_/Y
 m.u_pool2._210_/Y
 m.u_pool2._211_/Y
 m.u_pool2._212_/Y
 m.u_pool2._213_/Y
 m.u_pool2._214_/Y
 m.u_pool2._215_/Y
 m.u_pool2._216_/Y
 m.u_pool2._217_/Y
 m.u_pool2._218_/Y
 m.u_pool2._219_/Y
 m.u_pool2._220_/Y
 m.u_pool2._221_/Y
 m.u_pool2._222_/Y
 m.u_pool2._223_/Y
 m.u_pool2._224_/Y
 m.u_pool2._225_/Y
 m.u_pool2._226_/Y
 m.u_pool2._227_/Y
 m.u_pool2._228_/Y
 m.u_pool2._229_/Y
 m.u_pool2._230_/Y
 m.u_pool2._231_/X
 m.u_pool2._232_/Y
 m.u_pool2._233_/Y
 m.u_pool2._234_/Y
 m.u_pool2._235_/Y
 m.u_pool2._236_/Y
 m.u_pool2._237_/Y
 m.u_pool2._238_/Y
 m.u_pool2._239_/Y
 m.u_pool2._240_/Y
 m.u_pool2._241_/Y
 m.u_pool2._242_/Y
 m.u_pool2._243_/Y
 m.u_pool2._244_/Y
 m.u_pool2._245_/Y
 m.u_pool2._246_/X
 m.u_pool2._247_/Y
 m.u_pool2._248_/X
 m.u_pool2._249_/Y
 m.u_pool2._250_/Y
 m.u_pool2._251_/X
 m.u_pool2._252_/X
 m.u_pool2._253_/Y
 m.u_pool2._254_/Y
 m.u_pool2._255_/Y
 m.u_pool2._256_/Y
 m.u_pool2._257_/Y
 m.u_pool2._258_/Y
 m.u_pool2._259_/Y
 m.u_pool2._260_/X
 m.u_pool2._261_/Y
 m.u_pool2._262_/Y
 m.u_pool2._263_/Y
 m.u_pool2._264_/X
 m.u_pool2._265_/X
 m.u_pool2._266_/X
 m.u_pool2._267_/Y
 m.u_pool2._268_/Y
 m.u_pool2._269_/Y
 m.u_pool2._270_/Y
 m.u_pool2._271_/X
 m.u_pool2._272_/X
 m.u_pool2._273_/Y
 m.u_pool2._274_/X
 m.u_pool2._275_/Y
 m.u_pool2._276_/X
 m.u_pool2._277_/Y
 m.u_pool2._278_/Y
 m.u_pool2._279_/Y
 m.u_pool2._280_/Y
 m.u_pool2._281_/X
 m.u_pool2._282_/Y
 m.u_pool2._283_/Y
 m.u_pool2._284_/Y
 m.u_pool2._285_/Y
 m.u_pool2._286_/Y
 m.u_pool2._287_/Y
 m.u_pool2._288_/Y
 m.u_pool2._289_/Y
 m.u_pool2._290_/X
 m.u_pool2._291_/Y
 m.u_pool2._292_/X
 m.u_pool2._293_/Y
 m.u_pool2._294_/Y
 m.u_pool2._295_/X
 m.u_pool2._296_/Y
 m.u_pool2._297_/Y
 m.u_pool2._298_/Y
 m.u_pool2._299_/X
 m.u_pool2._300_/Y
 m.u_pool2._301_/Y
 m.u_pool2._302_/Y
 m.u_pool2._303_/Y
 m.u_pool2._304_/Y
 m.u_pool2._305_/Y
 m.u_pool2._306_/Y
 m.u_pool2._307_/Y
 m.u_pool2._308_/X
 m.u_pool2._309_/Y
 m.u_pool2._310_/Y
 m.u_pool2._311_/Y
 m.u_pool2._312_/Y
 m.u_pool2._313_/Y
 m.u_pool2._314_/Y
 m.u_pool2._315_/X
 m.u_pool2._316_/Y
 m.u_pool2._317_/Y
 m.u_pool2._318_/X
 m.u_pool2._319_/Y
 m.u_pool2._320_/Y
 m.u_pool2._321_/X
 m.u_pool2._322_/Y
 m.u_pool2._323_/Y
 m.u_pool2._324_/Y
 m.u_pool2._325_/Y
 m.u_pool2._326_/Y
 m.u_pool2._327_/Y
 m.u_pool2._328_/Y
 m.u_pool2._329_/X
 m.u_pool2._330_/Y
 m.u_pool2._331_/Y
 m.u_pool2._332_/Y
 m.u_pool2._333_/Y
 m.u_pool2._334_/Y
 m.u_pool2._335_/Y
 m.u_pool2._336_/Y
 m.u_pool2._337_/Y
 m.u_pool2._338_/Y
 m.u_pool2._339_/Y
 m.u_pool2._340_/Y
 m.u_pool2._341_/Y
 m.u_pool2._342_/Y
 m.u_pool2._343_/Y
 m.u_pool2._344_/Y
 m.u_pool2._345_/Y
 m.u_pool2._346_/X
 m.u_pool2._347_/Y
 m.u_pool2._348_/Y
 m.u_pool2._349_/Y
 m.u_pool2._350_/Y
 m.u_pool2._351_/Y
 m.u_pool2._352_/Y
 m.u_pool2._353_/Y
 m.u_pool2._354_/Y
 m.u_pool2._355_/Y
 m.u_pool2._356_/Y
 m.u_pool2._357_/X
 m.u_pool2._358_/X
 m.u_pool2._359_/X
 m.u_pool2._360_/X
 m.u_pool2._361_/X
 m.u_pool2._362_/X
 m.u_pool2._363_/X
 m.u_pool2._364_/X
 m.u_pool2._365_/X
 m.u_pool2._366_/X
 m.u_pool2._367_/X
 m.u_pool2._368_/X
 m.u_pool2._369_/X
 m.u_pool2._370_/X
 m.u_pool2._371_/X
 m.u_pool2._372_/X
 m.u_pool2._373_/Y
 m.u_pool2._374_/Q
 m.u_pool2._375_/Q
 m.u_pool2._376_/Q
 m.u_pool2._377_/Q
 m.u_pool2._378_/Q
 m.u_pool2._379_/Q
 m.u_pool2._380_/Q
 m.u_pool2._381_/Q
 m.u_pool2._382_/Q
 m.u_pool2._383_/Q
 m.u_pool2._384_/Q
 m.u_pool2._385_/Q
 m.u_pool2._386_/Q
 m.u_pool2._387_/Q
 m.u_pool2._388_/Q
 m.u_pool2._389_/Q
 m.u_pool2._390_/Q
 m.u_pool2._391_/Q
 m.u_pool2._392_/Q
 m.u_pool2._393_/Q
 m.u_pool2._394_/Q
 m.u_pool2._395_/Q
 m.u_pool2._396_/Q
 m.u_pool2._397_/Q
 m.u_pool2._398_/Q
 m.u_pool2._399_/Q
 m.u_pool2._400_/Q
 m.u_pool2._401_/Q
 m.u_pool2._402_/Q
 m.u_pool2._403_/Q
 m.u_pool2._404_/Q
 m.u_pool2._405_/Q
 m.u_pool2._406_/Q
 m.u_pool2._407_/Q
 m.u_pool2._408_/Q
 m.u_pool2._409_/Q
 m.u_pool2._410_/X
 m.u_tree._1569_/Y
 m.u_tree._1570_/Y
 m.u_tree._1571_/Y
 m.u_tree._1572_/Y
 m.u_tree._1573_/Y
 m.u_tree._1574_/Y
 m.u_tree._1575_/Y
 m.u_tree._1576_/Y
 m.u_tree._1577_/Y
 m.u_tree._1578_/Y
 m.u_tree._1579_/Y
 m.u_tree._1580_/Y
 m.u_tree._1581_/Y
 m.u_tree._1582_/Y
 m.u_tree._1583_/Y
 m.u_tree._1584_/Y
 m.u_tree._1585_/Y
 m.u_tree._1586_/Y
 m.u_tree._1587_/Y
 m.u_tree._1588_/Y
 m.u_tree._1589_/Y
 m.u_tree._1590_/Y
 m.u_tree._1591_/Y
 m.u_tree._1592_/Y
 m.u_tree._1593_/Y
 m.u_tree._1594_/Y
 m.u_tree._1595_/Y
 m.u_tree._1596_/Y
 m.u_tree._1597_/Y
 m.u_tree._1598_/Y
 m.u_tree._1599_/Y
 m.u_tree._1600_/Y
 m.u_tree._1601_/Y
 m.u_tree._1602_/Y
 m.u_tree._1603_/Y
 m.u_tree._1604_/Y
 m.u_tree._1605_/Y
 m.u_tree._1606_/Y
 m.u_tree._1607_/Y
 m.u_tree._1608_/Y
 m.u_tree._1609_/Y
 m.u_tree._1610_/Y
 m.u_tree._1611_/X
 m.u_tree._1612_/Y
 m.u_tree._1613_/Y
 m.u_tree._1614_/Y
 m.u_tree._1615_/Y
 m.u_tree._1616_/Y
 m.u_tree._1617_/Y
 m.u_tree._1618_/Y
 m.u_tree._1619_/Y
 m.u_tree._1620_/Y
 m.u_tree._1621_/Y
 m.u_tree._1622_/Y
 m.u_tree._1623_/Y
 m.u_tree._1624_/Y
 m.u_tree._1625_/Y
 m.u_tree._1626_/Y
 m.u_tree._1627_/Y
 m.u_tree._1628_/Y
 m.u_tree._1629_/Y
 m.u_tree._1630_/Y
 m.u_tree._1631_/Y
 m.u_tree._1632_/Y
 m.u_tree._1633_/Y
 m.u_tree._1634_/Y
 m.u_tree._1635_/Y
 m.u_tree._1636_/Y
 m.u_tree._1637_/Y
 m.u_tree._1638_/Y
 m.u_tree._1639_/Y
 m.u_tree._1640_/X
 m.u_tree._1641_/X
 m.u_tree._1642_/Y
 m.u_tree._1643_/Y
 m.u_tree._1644_/Y
 m.u_tree._1645_/Y
 m.u_tree._1646_/X
 m.u_tree._1647_/X
 m.u_tree._1648_/X
 m.u_tree._1649_/Y
 m.u_tree._1650_/Y
 m.u_tree._1651_/Y
 m.u_tree._1652_/Y
 m.u_tree._1653_/Y
 m.u_tree._1654_/Y
 m.u_tree._1655_/Y
 m.u_tree._1656_/Y
 m.u_tree._1657_/X
 m.u_tree._1658_/Y
 m.u_tree._1659_/Y
 m.u_tree._1660_/Y
 m.u_tree._1661_/Y
 m.u_tree._1662_/Y
 m.u_tree._1663_/Y
 m.u_tree._1664_/Y
 m.u_tree._1665_/Y
 m.u_tree._1666_/Y
 m.u_tree._1667_/Y
 m.u_tree._1668_/Y
 m.u_tree._1669_/X
 m.u_tree._1670_/Y
 m.u_tree._1671_/Y
 m.u_tree._1672_/X
 m.u_tree._1673_/Y
 m.u_tree._1674_/Y
 m.u_tree._1675_/X
 m.u_tree._1676_/Y
 m.u_tree._1677_/Y
 m.u_tree._1678_/Y
 m.u_tree._1679_/X
 m.u_tree._1680_/Y
 m.u_tree._1681_/Y
 m.u_tree._1682_/Y
 m.u_tree._1683_/Y
 m.u_tree._1684_/Y
 m.u_tree._1685_/Y
 m.u_tree._1686_/X
 m.u_tree._1687_/Y
 m.u_tree._1688_/Y
 m.u_tree._1689_/Y
 m.u_tree._1690_/Y
 m.u_tree._1691_/Y
 m.u_tree._1692_/X
 m.u_tree._1693_/Y
 m.u_tree._1694_/X
 m.u_tree._1695_/Y
 m.u_tree._1696_/X
 m.u_tree._1697_/Y
 m.u_tree._1698_/Y
 m.u_tree._1699_/Y
 m.u_tree._1700_/Y
 m.u_tree._1701_/Y
 m.u_tree._1702_/X
 m.u_tree._1703_/Y
 m.u_tree._1704_/Y
 m.u_tree._1705_/Y
 m.u_tree._1706_/X
 m.u_tree._1707_/Y
 m.u_tree._1708_/Y
 m.u_tree._1709_/Y
 m.u_tree._1710_/Y
 m.u_tree._1711_/X
 m.u_tree._1712_/Y
 m.u_tree._1713_/Y
 m.u_tree._1714_/Y
 m.u_tree._1715_/Y
 m.u_tree._1716_/Y
 m.u_tree._1717_/Y
 m.u_tree._1718_/Y
 m.u_tree._1719_/Y
 m.u_tree._1720_/Y
 m.u_tree._1721_/Y
 m.u_tree._1722_/Y
 m.u_tree._1723_/Y
 m.u_tree._1724_/Y
 m.u_tree._1725_/Y
 m.u_tree._1726_/Y
 m.u_tree._1727_/X
 m.u_tree._1728_/Y
 m.u_tree._1729_/Y
 m.u_tree._1730_/Y
 m.u_tree._1731_/Y
 m.u_tree._1732_/Y
 m.u_tree._1733_/Y
 m.u_tree._1734_/Y
 m.u_tree._1735_/Y
 m.u_tree._1736_/Y
 m.u_tree._1737_/Y
 m.u_tree._1738_/Y
 m.u_tree._1739_/Y
 m.u_tree._1740_/Y
 m.u_tree._1741_/Y
 m.u_tree._1742_/Y
 m.u_tree._1743_/Y
 m.u_tree._1744_/Y
 m.u_tree._1745_/Y
 m.u_tree._1746_/Y
 m.u_tree._1747_/Y
 m.u_tree._1748_/Y
 m.u_tree._1749_/Y
 m.u_tree._1750_/Y
 m.u_tree._1751_/Y
 m.u_tree._1752_/Y
 m.u_tree._1753_/Y
 m.u_tree._1754_/Y
 m.u_tree._1755_/Y
 m.u_tree._1756_/Y
 m.u_tree._1757_/X
 m.u_tree._1758_/Y
 m.u_tree._1759_/Y
 m.u_tree._1760_/Y
 m.u_tree._1761_/Y
 m.u_tree._1762_/Y
 m.u_tree._1763_/Y
 m.u_tree._1764_/Y
 m.u_tree._1765_/Y
 m.u_tree._1766_/Y
 m.u_tree._1767_/X
 m.u_tree._1768_/Y
 m.u_tree._1769_/Y
 m.u_tree._1770_/Y
 m.u_tree._1771_/X
 m.u_tree._1772_/X
 m.u_tree._1773_/Y
 m.u_tree._1774_/Y
 m.u_tree._1775_/Y
 m.u_tree._1776_/X
 m.u_tree._1777_/Y
 m.u_tree._1778_/Y
 m.u_tree._1779_/Y
 m.u_tree._1780_/Y
 m.u_tree._1781_/Y
 m.u_tree._1782_/Y
 m.u_tree._1783_/Y
 m.u_tree._1784_/Y
 m.u_tree._1785_/Y
 m.u_tree._1786_/Y
 m.u_tree._1787_/Y
 m.u_tree._1788_/Y
 m.u_tree._1789_/Y
 m.u_tree._1790_/Y
 m.u_tree._1791_/Y
 m.u_tree._1792_/Y
 m.u_tree._1793_/Y
 m.u_tree._1794_/Y
 m.u_tree._1795_/Y
 m.u_tree._1796_/Y
 m.u_tree._1797_/X
 m.u_tree._1798_/Y
 m.u_tree._1799_/Y
 m.u_tree._1800_/X
 m.u_tree._1801_/Y
 m.u_tree._1802_/Y
 m.u_tree._1803_/X
 m.u_tree._1804_/Y
 m.u_tree._1805_/Y
 m.u_tree._1806_/Y
 m.u_tree._1807_/Y
 m.u_tree._1808_/Y
 m.u_tree._1809_/X
 m.u_tree._1810_/Y
 m.u_tree._1811_/X
 m.u_tree._1812_/Y
 m.u_tree._1813_/Y
 m.u_tree._1814_/X
 m.u_tree._1815_/Y
 m.u_tree._1816_/Y
 m.u_tree._1817_/X
 m.u_tree._1818_/Y
 m.u_tree._1819_/Y
 m.u_tree._1820_/X
 m.u_tree._1821_/Y
 m.u_tree._1822_/Y
 m.u_tree._1823_/X
 m.u_tree._1824_/X
 m.u_tree._1825_/Y
 m.u_tree._1826_/Y
 m.u_tree._1827_/Y
 m.u_tree._1828_/Y
 m.u_tree._1829_/Y
 m.u_tree._1830_/Y
 m.u_tree._1831_/X
 m.u_tree._1832_/Y
 m.u_tree._1833_/X
 m.u_tree._1834_/X
 m.u_tree._1835_/X
 m.u_tree._1836_/Y
 m.u_tree._1837_/Y
 m.u_tree._1838_/Y
 m.u_tree._1839_/Y
 m.u_tree._1840_/X
 m.u_tree._1841_/Y
 m.u_tree._1842_/Y
 m.u_tree._1843_/Y
 m.u_tree._1844_/X
 m.u_tree._1845_/Y
 m.u_tree._1846_/Y
 m.u_tree._1847_/Y
 m.u_tree._1848_/Y
 m.u_tree._1849_/Y
 m.u_tree._1850_/Y
 m.u_tree._1851_/Y
 m.u_tree._1852_/Y
 m.u_tree._1853_/Y
 m.u_tree._1854_/Y
 m.u_tree._1855_/Y
 m.u_tree._1856_/Y
 m.u_tree._1857_/Y
 m.u_tree._1858_/X
 m.u_tree._1859_/Y
 m.u_tree._1860_/Y
 m.u_tree._1861_/Y
 m.u_tree._1862_/Y
 m.u_tree._1863_/Y
 m.u_tree._1864_/Y
 m.u_tree._1865_/X
 m.u_tree._1866_/X
 m.u_tree._1867_/Y
 m.u_tree._1868_/Y
 m.u_tree._1869_/Y
 m.u_tree._1870_/Y
 m.u_tree._1871_/Y
 m.u_tree._1872_/Y
 m.u_tree._1873_/Y
 m.u_tree._1874_/Y
 m.u_tree._1875_/Y
 m.u_tree._1876_/Y
 m.u_tree._1877_/Y
 m.u_tree._1878_/Y
 m.u_tree._1879_/Y
 m.u_tree._1880_/Y
 m.u_tree._1881_/Y
 m.u_tree._1882_/Y
 m.u_tree._1883_/Y
 m.u_tree._1884_/X
 m.u_tree._1885_/Y
 m.u_tree._1886_/Y
 m.u_tree._1887_/X
 m.u_tree._1888_/Y
 m.u_tree._1889_/Y
 m.u_tree._1890_/Y
 m.u_tree._1891_/Y
 m.u_tree._1892_/Y
 m.u_tree._1893_/Y
 m.u_tree._1894_/X
 m.u_tree._1895_/Y
 m.u_tree._1896_/Y
 m.u_tree._1897_/Y
 m.u_tree._1898_/X
 m.u_tree._1899_/X
 m.u_tree._1900_/Y
 m.u_tree._1901_/Y
 m.u_tree._1902_/Y
 m.u_tree._1903_/Y
 m.u_tree._1904_/Y
 m.u_tree._1905_/Y
 m.u_tree._1906_/X
 m.u_tree._1907_/Y
 m.u_tree._1908_/Y
 m.u_tree._1909_/Y
 m.u_tree._1910_/Y
 m.u_tree._1911_/Y
 m.u_tree._1912_/X
 m.u_tree._1913_/Y
 m.u_tree._1914_/Y
 m.u_tree._1915_/Y
 m.u_tree._1916_/X
 m.u_tree._1917_/Y
 m.u_tree._1918_/Y
 m.u_tree._1919_/Y
 m.u_tree._1920_/Y
 m.u_tree._1921_/Y
 m.u_tree._1922_/Y
 m.u_tree._1923_/Y
 m.u_tree._1924_/X
 m.u_tree._1925_/Y
 m.u_tree._1926_/Y
 m.u_tree._1927_/Y
 m.u_tree._1928_/Y
 m.u_tree._1929_/Y
 m.u_tree._1930_/Y
 m.u_tree._1931_/Y
 m.u_tree._1932_/Y
 m.u_tree._1933_/Y
 m.u_tree._1934_/Y
 m.u_tree._1935_/Y
 m.u_tree._1936_/X
 m.u_tree._1937_/Y
 m.u_tree._1938_/Y
 m.u_tree._1939_/Y
 m.u_tree._1940_/Y
 m.u_tree._1941_/Y
 m.u_tree._1942_/Y
 m.u_tree._1943_/Y
 m.u_tree._1944_/Y
 m.u_tree._1945_/Y
 m.u_tree._1946_/Y
 m.u_tree._1947_/X
 m.u_tree._1948_/X
 m.u_tree._1949_/Y
 m.u_tree._1950_/Y
 m.u_tree._1951_/Y
 m.u_tree._1952_/Y
 m.u_tree._1953_/X
 m.u_tree._1954_/X
 m.u_tree._1955_/Y
 m.u_tree._1956_/Y
 m.u_tree._1957_/Y
 m.u_tree._1958_/Y
 m.u_tree._1959_/Y
 m.u_tree._1960_/Y
 m.u_tree._1961_/X
 m.u_tree._1962_/X
 m.u_tree._1963_/Y
 m.u_tree._1964_/Y
 m.u_tree._1965_/Y
 m.u_tree._1966_/Y
 m.u_tree._1967_/X
 m.u_tree._1968_/Y
 m.u_tree._1969_/Y
 m.u_tree._1970_/Y
 m.u_tree._1971_/Y
 m.u_tree._1972_/Y
 m.u_tree._1973_/Y
 m.u_tree._1974_/Y
 m.u_tree._1975_/X
 m.u_tree._1976_/Y
 m.u_tree._1977_/Y
 m.u_tree._1978_/X
 m.u_tree._1979_/Y
 m.u_tree._1980_/Y
 m.u_tree._1981_/Y
 m.u_tree._1982_/Y
 m.u_tree._1983_/Y
 m.u_tree._1984_/Y
 m.u_tree._1985_/Y
 m.u_tree._1986_/Y
 m.u_tree._1987_/Y
 m.u_tree._1988_/Y
 m.u_tree._1989_/Y
 m.u_tree._1990_/Y
 m.u_tree._1991_/Y
 m.u_tree._1992_/Y
 m.u_tree._1993_/Y
 m.u_tree._1994_/X
 m.u_tree._1995_/Y
 m.u_tree._1996_/Y
 m.u_tree._1997_/Y
 m.u_tree._1998_/Y
 m.u_tree._1999_/Y
 m.u_tree._2000_/Y
 m.u_tree._2001_/Y
 m.u_tree._2002_/Y
 m.u_tree._2003_/Y
 m.u_tree._2004_/Y
 m.u_tree._2005_/Y
 m.u_tree._2006_/Y
 m.u_tree._2007_/X
 m.u_tree._2008_/Y
 m.u_tree._2009_/Y
 m.u_tree._2010_/Y
 m.u_tree._2011_/Y
 m.u_tree._2012_/X
 m.u_tree._2013_/Y
 m.u_tree._2014_/Y
 m.u_tree._2015_/Y
 m.u_tree._2016_/Y
 m.u_tree._2017_/Y
 m.u_tree._2018_/Y
 m.u_tree._2019_/Y
 m.u_tree._2020_/Y
 m.u_tree._2021_/X
 m.u_tree._2022_/Y
 m.u_tree._2023_/Y
 m.u_tree._2024_/Y
 m.u_tree._2025_/Y
 m.u_tree._2026_/X
 m.u_tree._2027_/Y
 m.u_tree._2028_/Y
 m.u_tree._2029_/Y
 m.u_tree._2030_/Y
 m.u_tree._2031_/Y
 m.u_tree._2032_/Y
 m.u_tree._2033_/Y
 m.u_tree._2034_/Y
 m.u_tree._2035_/Y
 m.u_tree._2036_/Y
 m.u_tree._2037_/Y
 m.u_tree._2038_/Y
 m.u_tree._2039_/Y
 m.u_tree._2040_/Y
 m.u_tree._2041_/Y
 m.u_tree._2042_/Y
 m.u_tree._2043_/Y
 m.u_tree._2044_/X
 m.u_tree._2045_/X
 m.u_tree._2046_/Y
 m.u_tree._2047_/X
 m.u_tree._2048_/Y
 m.u_tree._2049_/Y
 m.u_tree._2050_/Y
 m.u_tree._2051_/X
 m.u_tree._2052_/Y
 m.u_tree._2053_/Y
 m.u_tree._2054_/Y
 m.u_tree._2055_/Y
 m.u_tree._2056_/Y
 m.u_tree._2057_/X
 m.u_tree._2058_/Y
 m.u_tree._2059_/X
 m.u_tree._2060_/Y
 m.u_tree._2061_/Y
 m.u_tree._2062_/X
 m.u_tree._2063_/Y
 m.u_tree._2064_/X
 m.u_tree._2065_/Y
 m.u_tree._2066_/Y
 m.u_tree._2067_/Y
 m.u_tree._2068_/Y
 m.u_tree._2069_/Y
 m.u_tree._2070_/Y
 m.u_tree._2071_/Y
 m.u_tree._2072_/Y
 m.u_tree._2073_/Y
 m.u_tree._2074_/Y
 m.u_tree._2075_/Y
 m.u_tree._2076_/Y
 m.u_tree._2077_/Y
 m.u_tree._2078_/Y
 m.u_tree._2079_/Y
 m.u_tree._2080_/X
 m.u_tree._2081_/X
 m.u_tree._2082_/Y
 m.u_tree._2083_/Y
 m.u_tree._2084_/Y
 m.u_tree._2085_/Y
 m.u_tree._2086_/Y
 m.u_tree._2087_/Y
 m.u_tree._2088_/Y
 m.u_tree._2089_/Y
 m.u_tree._2090_/X
 m.u_tree._2091_/X
 m.u_tree._2092_/Y
 m.u_tree._2093_/Y
 m.u_tree._2094_/Y
 m.u_tree._2095_/Y
 m.u_tree._2096_/Y
 m.u_tree._2097_/Y
 m.u_tree._2098_/Y
 m.u_tree._2099_/Y
 m.u_tree._2100_/Y
 m.u_tree._2101_/Y
 m.u_tree._2102_/Y
 m.u_tree._2103_/Y
 m.u_tree._2104_/X
 m.u_tree._2105_/Y
 m.u_tree._2106_/X
 m.u_tree._2107_/Y
 m.u_tree._2108_/Y
 m.u_tree._2109_/Y
 m.u_tree._2110_/Y
 m.u_tree._2111_/Y
 m.u_tree._2112_/Y
 m.u_tree._2113_/Y
 m.u_tree._2114_/Y
 m.u_tree._2115_/Y
 m.u_tree._2116_/Y
 m.u_tree._2117_/Y
 m.u_tree._2118_/Y
 m.u_tree._2119_/Y
 m.u_tree._2120_/Y
 m.u_tree._2121_/Y
 m.u_tree._2122_/X
 m.u_tree._2123_/Y
 m.u_tree._2124_/Y
 m.u_tree._2125_/Y
 m.u_tree._2126_/Y
 m.u_tree._2127_/Y
 m.u_tree._2128_/X
 m.u_tree._2129_/Y
 m.u_tree._2130_/X
 m.u_tree._2131_/X
 m.u_tree._2132_/Y
 m.u_tree._2133_/Y
 m.u_tree._2134_/Y
 m.u_tree._2135_/Y
 m.u_tree._2136_/Y
 m.u_tree._2137_/Y
 m.u_tree._2138_/Y
 m.u_tree._2139_/Y
 m.u_tree._2140_/Y
 m.u_tree._2141_/Y
 m.u_tree._2142_/Y
 m.u_tree._2143_/Y
 m.u_tree._2144_/Y
 m.u_tree._2145_/X
 m.u_tree._2146_/Y
 m.u_tree._2147_/X
 m.u_tree._2148_/Y
 m.u_tree._2149_/Y
 m.u_tree._2150_/Y
 m.u_tree._2151_/X
 m.u_tree._2152_/X
 m.u_tree._2153_/Y
 m.u_tree._2154_/Y
 m.u_tree._2155_/Y
 m.u_tree._2156_/Y
 m.u_tree._2157_/Y
 m.u_tree._2158_/Y
 m.u_tree._2159_/Y
 m.u_tree._2160_/Y
 m.u_tree._2161_/Y
 m.u_tree._2162_/Y
 m.u_tree._2163_/Y
 m.u_tree._2164_/Y
 m.u_tree._2165_/X
 m.u_tree._2166_/Y
 m.u_tree._2167_/Y
 m.u_tree._2168_/Y
 m.u_tree._2169_/X
 m.u_tree._2170_/Y
 m.u_tree._2171_/Y
 m.u_tree._2172_/Y
 m.u_tree._2173_/X
 m.u_tree._2174_/Y
 m.u_tree._2175_/Y
 m.u_tree._2176_/Y
 m.u_tree._2177_/Y
 m.u_tree._2178_/Y
 m.u_tree._2179_/Y
 m.u_tree._2180_/Y
 m.u_tree._2181_/Y
 m.u_tree._2182_/Y
 m.u_tree._2183_/X
 m.u_tree._2184_/Y
 m.u_tree._2185_/Y
 m.u_tree._2186_/Y
 m.u_tree._2187_/Y
 m.u_tree._2188_/Y
 m.u_tree._2189_/Y
 m.u_tree._2190_/Y
 m.u_tree._2191_/Y
 m.u_tree._2192_/Y
 m.u_tree._2193_/Y
 m.u_tree._2194_/Y
 m.u_tree._2195_/Y
 m.u_tree._2196_/Y
 m.u_tree._2197_/Y
 m.u_tree._2198_/Y
 m.u_tree._2199_/Y
 m.u_tree._2200_/X
 m.u_tree._2201_/Y
 m.u_tree._2202_/Y
 m.u_tree._2203_/X
 m.u_tree._2204_/X
 m.u_tree._2205_/Y
 m.u_tree._2206_/Y
 m.u_tree._2207_/Y
 m.u_tree._2208_/X
 m.u_tree._2209_/Y
 m.u_tree._2210_/Y
 m.u_tree._2211_/Y
 m.u_tree._2212_/Y
 m.u_tree._2213_/Y
 m.u_tree._2214_/Y
 m.u_tree._2215_/Y
 m.u_tree._2216_/Y
 m.u_tree._2217_/Y
 m.u_tree._2218_/X
 m.u_tree._2219_/Y
 m.u_tree._2220_/Y
 m.u_tree._2221_/Y
 m.u_tree._2222_/Y
 m.u_tree._2223_/Y
 m.u_tree._2224_/Y
 m.u_tree._2225_/Y
 m.u_tree._2226_/Y
 m.u_tree._2227_/Y
 m.u_tree._2228_/Y
 m.u_tree._2229_/Y
 m.u_tree._2230_/Y
 m.u_tree._2231_/Y
 m.u_tree._2232_/Y
 m.u_tree._2233_/Y
 m.u_tree._2234_/Y
 m.u_tree._2235_/Y
 m.u_tree._2236_/Y
 m.u_tree._2237_/Y
 m.u_tree._2238_/Y
 m.u_tree._2239_/X
 m.u_tree._2240_/Y
 m.u_tree._2241_/X
 m.u_tree._2242_/Y
 m.u_tree._2243_/Y
 m.u_tree._2244_/Y
 m.u_tree._2245_/Y
 m.u_tree._2246_/Y
 m.u_tree._2247_/X
 m.u_tree._2248_/Y
 m.u_tree._2249_/X
 m.u_tree._2250_/Y
 m.u_tree._2251_/Y
 m.u_tree._2252_/Y
 m.u_tree._2253_/Y
 m.u_tree._2254_/Y
 m.u_tree._2255_/Y
 m.u_tree._2256_/Y
 m.u_tree._2257_/Y
 m.u_tree._2258_/Y
 m.u_tree._2259_/Y
 m.u_tree._2260_/X
 m.u_tree._2261_/Y
 m.u_tree._2262_/Y
 m.u_tree._2263_/Y
 m.u_tree._2264_/X
 m.u_tree._2265_/Y
 m.u_tree._2266_/Y
 m.u_tree._2267_/Y
 m.u_tree._2268_/Y
 m.u_tree._2269_/Y
 m.u_tree._2270_/Y
 m.u_tree._2271_/Y
 m.u_tree._2272_/Y
 m.u_tree._2273_/Y
 m.u_tree._2274_/Y
 m.u_tree._2275_/X
 m.u_tree._2276_/Y
 m.u_tree._2277_/Y
 m.u_tree._2278_/Y
 m.u_tree._2279_/X
 m.u_tree._2280_/Y
 m.u_tree._2281_/Y
 m.u_tree._2282_/Y
 m.u_tree._2283_/Y
 m.u_tree._2284_/Y
 m.u_tree._2285_/Y
 m.u_tree._2286_/Y
 m.u_tree._2287_/Y
 m.u_tree._2288_/Y
 m.u_tree._2289_/Y
 m.u_tree._2290_/Y
 m.u_tree._2291_/Y
 m.u_tree._2292_/Y
 m.u_tree._2293_/Y
 m.u_tree._2294_/X
 m.u_tree._2295_/Y
 m.u_tree._2296_/Y
 m.u_tree._2297_/Y
 m.u_tree._2298_/Y
 m.u_tree._2299_/Y
 m.u_tree._2300_/Y
 m.u_tree._2301_/Y
 m.u_tree._2302_/X
 m.u_tree._2303_/Y
 m.u_tree._2304_/Y
 m.u_tree._2305_/X
 m.u_tree._2306_/Y
 m.u_tree._2307_/Y
 m.u_tree._2308_/Y
 m.u_tree._2309_/Y
 m.u_tree._2310_/Y
 m.u_tree._2311_/Y
 m.u_tree._2312_/Y
 m.u_tree._2313_/Y
 m.u_tree._2314_/Y
 m.u_tree._2315_/Y
 m.u_tree._2316_/X
 m.u_tree._2317_/Y
 m.u_tree._2318_/Y
 m.u_tree._2319_/X
 m.u_tree._2320_/Y
 m.u_tree._2321_/X
 m.u_tree._2322_/Y
 m.u_tree._2323_/X
 m.u_tree._2324_/Y
 m.u_tree._2325_/Y
 m.u_tree._2326_/Y
 m.u_tree._2327_/Y
 m.u_tree._2328_/Y
 m.u_tree._2329_/Y
 m.u_tree._2330_/Y
 m.u_tree._2331_/X
 m.u_tree._2332_/Y
 m.u_tree._2333_/Y
 m.u_tree._2334_/Y
 m.u_tree._2335_/Y
 m.u_tree._2336_/Y
 m.u_tree._2337_/Y
 m.u_tree._2338_/Y
 m.u_tree._2339_/Y
 m.u_tree._2340_/X
 m.u_tree._2341_/Y
 m.u_tree._2342_/Y
 m.u_tree._2343_/Y
 m.u_tree._2344_/X
 m.u_tree._2345_/Y
 m.u_tree._2346_/Y
 m.u_tree._2347_/Y
 m.u_tree._2348_/Y
 m.u_tree._2349_/Y
 m.u_tree._2350_/Y
 m.u_tree._2351_/Y
 m.u_tree._2352_/Y
 m.u_tree._2353_/X
 m.u_tree._2354_/Y
 m.u_tree._2355_/Y
 m.u_tree._2356_/Y
 m.u_tree._2357_/Y
 m.u_tree._2358_/Y
 m.u_tree._2359_/X
 m.u_tree._2360_/X
 m.u_tree._2361_/Y
 m.u_tree._2362_/X
 m.u_tree._2363_/Y
 m.u_tree._2364_/Y
 m.u_tree._2365_/Y
 m.u_tree._2366_/Y
 m.u_tree._2367_/Y
 m.u_tree._2368_/X
 m.u_tree._2369_/Y
 m.u_tree._2370_/Y
 m.u_tree._2371_/Y
 m.u_tree._2372_/Y
 m.u_tree._2373_/Y
 m.u_tree._2374_/Y
 m.u_tree._2375_/Y
 m.u_tree._2376_/X
 m.u_tree._2377_/Y
 m.u_tree._2378_/Y
 m.u_tree._2379_/Y
 m.u_tree._2380_/Y
 m.u_tree._2381_/Y
 m.u_tree._2382_/Y
 m.u_tree._2383_/Y
 m.u_tree._2384_/Y
 m.u_tree._2385_/Y
 m.u_tree._2386_/Y
 m.u_tree._2387_/Y
 m.u_tree._2388_/Y
 m.u_tree._2389_/Y
 m.u_tree._2390_/Y
 m.u_tree._2391_/Y
 m.u_tree._2392_/X
 m.u_tree._2393_/Y
 m.u_tree._2394_/X
 m.u_tree._2395_/Y
 m.u_tree._2396_/Y
 m.u_tree._2397_/Y
 m.u_tree._2398_/Y
 m.u_tree._2399_/Y
 m.u_tree._2400_/X
 m.u_tree._2401_/Y
 m.u_tree._2402_/Y
 m.u_tree._2403_/Y
 m.u_tree._2404_/Y
 m.u_tree._2405_/Y
 m.u_tree._2406_/Y
 m.u_tree._2407_/Y
 m.u_tree._2408_/X
 m.u_tree._2409_/Y
 m.u_tree._2410_/Y
 m.u_tree._2411_/Y
 m.u_tree._2412_/Y
 m.u_tree._2413_/Y
 m.u_tree._2414_/Y
 m.u_tree._2415_/Y
 m.u_tree._2416_/Y
 m.u_tree._2417_/Y
 m.u_tree._2418_/Y
 m.u_tree._2419_/X
 m.u_tree._2420_/Y
 m.u_tree._2421_/X
 m.u_tree._2422_/Y
 m.u_tree._2423_/Y
 m.u_tree._2424_/Y
 m.u_tree._2425_/Y
 m.u_tree._2426_/Y
 m.u_tree._2427_/X
 m.u_tree._2428_/Y
 m.u_tree._2429_/Y
 m.u_tree._2430_/Y
 m.u_tree._2431_/Y
 m.u_tree._2432_/Y
 m.u_tree._2433_/Y
 m.u_tree._2434_/Y
 m.u_tree._2435_/Y
 m.u_tree._2436_/X
 m.u_tree._2437_/Y
 m.u_tree._2438_/Y
 m.u_tree._2439_/Y
 m.u_tree._2440_/Y
 m.u_tree._2441_/Y
 m.u_tree._2442_/Y
 m.u_tree._2443_/X
 m.u_tree._2444_/Y
 m.u_tree._2445_/Y
 m.u_tree._2446_/Y
 m.u_tree._2447_/Y
 m.u_tree._2448_/Y
 m.u_tree._2449_/X
 m.u_tree._2450_/Y
 m.u_tree._2451_/Y
 m.u_tree._2452_/Y
 m.u_tree._2453_/Y
 m.u_tree._2454_/X
 m.u_tree._2455_/Y
 m.u_tree._2456_/X
 m.u_tree._2457_/Y
 m.u_tree._2458_/Y
 m.u_tree._2459_/Y
 m.u_tree._2460_/Y
 m.u_tree._2461_/Y
 m.u_tree._2462_/Y
 m.u_tree._2463_/Y
 m.u_tree._2464_/Y
 m.u_tree._2465_/X
 m.u_tree._2466_/Y
 m.u_tree._2467_/Y
 m.u_tree._2468_/Y
 m.u_tree._2469_/Y
 m.u_tree._2470_/X
 m.u_tree._2471_/X
 m.u_tree._2472_/Y
 m.u_tree._2473_/X
 m.u_tree._2474_/Y
 m.u_tree._2475_/Y
 m.u_tree._2476_/X
 m.u_tree._2477_/X
 m.u_tree._2478_/Y
 m.u_tree._2479_/Y
 m.u_tree._2480_/Y
 m.u_tree._2481_/Y
 m.u_tree._2482_/Y
 m.u_tree._2483_/Y
 m.u_tree._2484_/X
 m.u_tree._2485_/Y
 m.u_tree._2486_/Y
 m.u_tree._2487_/Y
 m.u_tree._2488_/Y
 m.u_tree._2489_/Y
 m.u_tree._2490_/Y
 m.u_tree._2491_/Y
 m.u_tree._2492_/X
 m.u_tree._2493_/X
 m.u_tree._2494_/Y
 m.u_tree._2495_/X
 m.u_tree._2496_/Y
 m.u_tree._2497_/Y
 m.u_tree._2498_/Y
 m.u_tree._2499_/Y
 m.u_tree._2500_/Y
 m.u_tree._2501_/Y
 m.u_tree._2502_/Y
 m.u_tree._2503_/Y
 m.u_tree._2504_/Y
 m.u_tree._2505_/Y
 m.u_tree._2506_/Y
 m.u_tree._2507_/X
 m.u_tree._2508_/Y
 m.u_tree._2509_/Y
 m.u_tree._2510_/X
 m.u_tree._2511_/Y
 m.u_tree._2512_/Y
 m.u_tree._2513_/Y
 m.u_tree._2514_/Y
 m.u_tree._2515_/Y
 m.u_tree._2516_/Y
 m.u_tree._2517_/Y
 m.u_tree._2518_/Y
 m.u_tree._2519_/Y
 m.u_tree._2520_/Y
 m.u_tree._2521_/X
 m.u_tree._2522_/Y
 m.u_tree._2523_/Y
 m.u_tree._2524_/Y
 m.u_tree._2525_/Y
 m.u_tree._2526_/Y
 m.u_tree._2527_/Y
 m.u_tree._2528_/X
 m.u_tree._2529_/Y
 m.u_tree._2530_/Y
 m.u_tree._2531_/Y
 m.u_tree._2532_/X
 m.u_tree._2533_/Y
 m.u_tree._2534_/Y
 m.u_tree._2535_/Y
 m.u_tree._2536_/Y
 m.u_tree._2537_/Y
 m.u_tree._2538_/Y
 m.u_tree._2539_/Y
 m.u_tree._2540_/Y
 m.u_tree._2541_/Y
 m.u_tree._2542_/Y
 m.u_tree._2543_/X
 m.u_tree._2544_/Y
 m.u_tree._2545_/X
 m.u_tree._2546_/Y
 m.u_tree._2547_/Y
 m.u_tree._2548_/Y
 m.u_tree._2549_/Y
 m.u_tree._2550_/Y
 m.u_tree._2551_/Y
 m.u_tree._2552_/Y
 m.u_tree._2553_/Y
 m.u_tree._2554_/X
 m.u_tree._2555_/Y
 m.u_tree._2556_/Y
 m.u_tree._2557_/X
 m.u_tree._2558_/Y
 m.u_tree._2559_/Y
 m.u_tree._2560_/X
 m.u_tree._2561_/Y
 m.u_tree._2562_/Y
 m.u_tree._2563_/Y
 m.u_tree._2564_/Y
 m.u_tree._2565_/X
 m.u_tree._2566_/Y
 m.u_tree._2567_/Y
 m.u_tree._2568_/Y
 m.u_tree._2569_/Y
 m.u_tree._2570_/Y
 m.u_tree._2571_/Y
 m.u_tree._2572_/X
 m.u_tree._2573_/Y
 m.u_tree._2574_/X
 m.u_tree._2575_/Y
 m.u_tree._2576_/X
 m.u_tree._2577_/Y
 m.u_tree._2578_/X
 m.u_tree._2579_/Y
 m.u_tree._2580_/Y
 m.u_tree._2581_/Y
 m.u_tree._2582_/Y
 m.u_tree._2583_/X
 m.u_tree._2584_/Y
 m.u_tree._2585_/Y
 m.u_tree._2586_/Y
 m.u_tree._2587_/Y
 m.u_tree._2588_/X
 m.u_tree._2589_/Y
 m.u_tree._2590_/Y
 m.u_tree._2591_/Y
 m.u_tree._2592_/X
 m.u_tree._2593_/Y
 m.u_tree._2594_/Y
 m.u_tree._2595_/Y
 m.u_tree._2596_/Y
 m.u_tree._2597_/X
 m.u_tree._2598_/X
 m.u_tree._2599_/Y
 m.u_tree._2600_/Y
 m.u_tree._2601_/Y
 m.u_tree._2602_/Y
 m.u_tree._2603_/X
 m.u_tree._2604_/Y
 m.u_tree._2605_/Y
 m.u_tree._2606_/Y
 m.u_tree._2607_/Y
 m.u_tree._2608_/Y
 m.u_tree._2609_/Y
 m.u_tree._2610_/Y
 m.u_tree._2611_/Y
 m.u_tree._2612_/Y
 m.u_tree._2613_/Y
 m.u_tree._2614_/X
 m.u_tree._2615_/Y
 m.u_tree._2616_/X
 m.u_tree._2617_/Y
 m.u_tree._2618_/X
 m.u_tree._2619_/Y
 m.u_tree._2620_/Y
 m.u_tree._2621_/Y
 m.u_tree._2622_/Y
 m.u_tree._2623_/Y
 m.u_tree._2624_/Y
 m.u_tree._2625_/Y
 m.u_tree._2626_/Y
 m.u_tree._2627_/X
 m.u_tree._2628_/Y
 m.u_tree._2629_/Y
 m.u_tree._2630_/Y
 m.u_tree._2631_/Y
 m.u_tree._2632_/Y
 m.u_tree._2633_/Y
 m.u_tree._2634_/Y
 m.u_tree._2635_/Y
 m.u_tree._2636_/X
 m.u_tree._2637_/Y
 m.u_tree._2638_/Y
 m.u_tree._2639_/Y
 m.u_tree._2640_/Y
 m.u_tree._2641_/Y
 m.u_tree._2642_/Y
 m.u_tree._2643_/Y
 m.u_tree._2644_/Y
 m.u_tree._2645_/Y
 m.u_tree._2646_/X
 m.u_tree._2647_/Y
 m.u_tree._2648_/Y
 m.u_tree._2649_/Y
 m.u_tree._2650_/Y
 m.u_tree._2651_/Y
 m.u_tree._2652_/Y
 m.u_tree._2653_/Y
 m.u_tree._2654_/Y
 m.u_tree._2655_/Y
 m.u_tree._2656_/Y
 m.u_tree._2657_/Y
 m.u_tree._2658_/Y
 m.u_tree._2659_/Y
 m.u_tree._2660_/X
 m.u_tree._2661_/Y
 m.u_tree._2662_/Y
 m.u_tree._2663_/Y
 m.u_tree._2664_/Y
 m.u_tree._2665_/Y
 m.u_tree._2666_/Y
 m.u_tree._2667_/Y
 m.u_tree._2668_/Y
 m.u_tree._2669_/Y
 m.u_tree._2670_/Y
 m.u_tree._2671_/Y
 m.u_tree._2672_/Y
 m.u_tree._2673_/X
 m.u_tree._2674_/Y
 m.u_tree._2675_/Y
 m.u_tree._2676_/Y
 m.u_tree._2677_/Y
 m.u_tree._2678_/X
 m.u_tree._2679_/Y
 m.u_tree._2680_/Y
 m.u_tree._2681_/Y
 m.u_tree._2682_/Y
 m.u_tree._2683_/Y
 m.u_tree._2684_/X
 m.u_tree._2685_/Y
 m.u_tree._2686_/Y
 m.u_tree._2687_/Y
 m.u_tree._2688_/X
 m.u_tree._2689_/Y
 m.u_tree._2690_/Y
 m.u_tree._2691_/X
 m.u_tree._2692_/Y
 m.u_tree._2693_/Y
 m.u_tree._2694_/Y
 m.u_tree._2695_/X
 m.u_tree._2696_/Y
 m.u_tree._2697_/Y
 m.u_tree._2698_/Y
 m.u_tree._2699_/Y
 m.u_tree._2700_/X
 m.u_tree._2701_/Y
 m.u_tree._2702_/Y
 m.u_tree._2703_/Y
 m.u_tree._2704_/Y
 m.u_tree._2705_/Y
 m.u_tree._2706_/Y
 m.u_tree._2707_/Y
 m.u_tree._2708_/Y
 m.u_tree._2709_/Y
 m.u_tree._2710_/Y
 m.u_tree._2711_/Y
 m.u_tree._2712_/Y
 m.u_tree._2713_/Y
 m.u_tree._2714_/Y
 m.u_tree._2715_/Y
 m.u_tree._2716_/Y
 m.u_tree._2717_/Y
 m.u_tree._2718_/Y
 m.u_tree._2719_/Y
 m.u_tree._2720_/Y
 m.u_tree._2721_/Y
 m.u_tree._2722_/Y
 m.u_tree._2723_/Y
 m.u_tree._2724_/Y
 m.u_tree._2725_/Y
 m.u_tree._2726_/Y
 m.u_tree._2727_/X
 m.u_tree._2728_/Y
 m.u_tree._2729_/Y
 m.u_tree._2730_/Y
 m.u_tree._2731_/Y
 m.u_tree._2732_/X
 m.u_tree._2733_/Y
 m.u_tree._2734_/Y
 m.u_tree._2735_/Y
 m.u_tree._2736_/Y
 m.u_tree._2737_/Y
 m.u_tree._2738_/Y
 m.u_tree._2739_/Y
 m.u_tree._2740_/Y
 m.u_tree._2741_/Y
 m.u_tree._2742_/Y
 m.u_tree._2743_/Y
 m.u_tree._2744_/Y
 m.u_tree._2745_/Y
 m.u_tree._2746_/Y
 m.u_tree._2747_/X
 m.u_tree._2748_/Y
 m.u_tree._2749_/Y
 m.u_tree._2750_/Y
 m.u_tree._2751_/Y
 m.u_tree._2752_/X
 m.u_tree._2753_/Y
 m.u_tree._2754_/Y
 m.u_tree._2755_/X
 m.u_tree._2756_/Y
 m.u_tree._2757_/Y
 m.u_tree._2758_/Y
 m.u_tree._2759_/Y
 m.u_tree._2760_/Y
 m.u_tree._2761_/Y
 m.u_tree._2762_/Y
 m.u_tree._2763_/Y
 m.u_tree._2764_/Y
 m.u_tree._2765_/X
 m.u_tree._2766_/Y
 m.u_tree._2767_/Y
 m.u_tree._2768_/Y
 m.u_tree._2769_/Y
 m.u_tree._2770_/Y
 m.u_tree._2771_/X
 m.u_tree._2772_/Y
 m.u_tree._2773_/Y
 m.u_tree._2774_/Y
 m.u_tree._2775_/X
 m.u_tree._2776_/Y
 m.u_tree._2777_/Y
 m.u_tree._2778_/Y
 m.u_tree._2779_/Y
 m.u_tree._2780_/Y
 m.u_tree._2781_/Y
 m.u_tree._2782_/Y
 m.u_tree._2783_/Y
 m.u_tree._2784_/Y
 m.u_tree._2785_/Y
 m.u_tree._2786_/Y
 m.u_tree._2787_/X
 m.u_tree._2788_/Y
 m.u_tree._2789_/Y
 m.u_tree._2790_/Y
 m.u_tree._2791_/Y
 m.u_tree._2792_/Y
 m.u_tree._2793_/Y
 m.u_tree._2794_/X
 m.u_tree._2795_/Y
 m.u_tree._2796_/Y
 m.u_tree._2797_/Y
 m.u_tree._2798_/Y
 m.u_tree._2799_/Y
 m.u_tree._2800_/Y
 m.u_tree._2801_/Y
 m.u_tree._2802_/X
 m.u_tree._2803_/Y
 m.u_tree._2804_/Y
 m.u_tree._2805_/X
 m.u_tree._2806_/Y
 m.u_tree._2807_/Y
 m.u_tree._2808_/X
 m.u_tree._2809_/Y
 m.u_tree._2810_/X
 m.u_tree._2811_/X
 m.u_tree._2812_/X
 m.u_tree._2813_/X
 m.u_tree._2814_/Y
 m.u_tree._2815_/X
 m.u_tree._2816_/Y
 m.u_tree._2817_/X
 m.u_tree._2818_/Y
 m.u_tree._2819_/Y
 m.u_tree._2820_/Y
 m.u_tree._2821_/Y
 m.u_tree._2822_/Y
 m.u_tree._2823_/Y
 m.u_tree._2824_/Y
 m.u_tree._2825_/Y
 m.u_tree._2826_/Y
 m.u_tree._2827_/Y
 m.u_tree._2828_/X
 m.u_tree._2829_/Y
 m.u_tree._2830_/Y
 m.u_tree._2831_/Y
 m.u_tree._2832_/Y
 m.u_tree._2833_/Y
 m.u_tree._2834_/X
 m.u_tree._2835_/Y
 m.u_tree._2836_/Y
 m.u_tree._2837_/X
 m.u_tree._2838_/Y
 m.u_tree._2839_/Y
 m.u_tree._2840_/Y
 m.u_tree._2841_/X
 m.u_tree._2842_/Y
 m.u_tree._2843_/X
 m.u_tree._2844_/Y
 m.u_tree._2845_/Y
 m.u_tree._2846_/X
 m.u_tree._2847_/Y
 m.u_tree._2848_/Y
 m.u_tree._2849_/Y
 m.u_tree._2850_/Y
 m.u_tree._2851_/X
 m.u_tree._2852_/Y
 m.u_tree._2853_/Y
 m.u_tree._2854_/Y
 m.u_tree._2855_/Y
 m.u_tree._2856_/X
 m.u_tree._2857_/Y
 m.u_tree._2858_/X
 m.u_tree._2859_/Y
 m.u_tree._2860_/Y
 m.u_tree._2861_/Y
 m.u_tree._2862_/X
 m.u_tree._2863_/Y
 m.u_tree._2864_/X
 m.u_tree._2865_/Y
 m.u_tree._2866_/Y
 m.u_tree._2867_/Y
 m.u_tree._2868_/Y
 m.u_tree._2869_/Y
 m.u_tree._2870_/Y
 m.u_tree._2871_/Y
 m.u_tree._2872_/Y
 m.u_tree._2873_/Y
 m.u_tree._2874_/Y
 m.u_tree._2875_/Y
 m.u_tree._2876_/Y
 m.u_tree._2877_/Y
 m.u_tree._2878_/X
 m.u_tree._2879_/Y
 m.u_tree._2880_/X
 m.u_tree._2881_/Y
 m.u_tree._2882_/Y
 m.u_tree._2883_/X
 m.u_tree._2884_/Y
 m.u_tree._2885_/Y
 m.u_tree._2886_/Y
 m.u_tree._2887_/Y
 m.u_tree._2888_/Y
 m.u_tree._2889_/Y
 m.u_tree._2890_/X
 m.u_tree._2891_/Y
 m.u_tree._2892_/Y
 m.u_tree._2893_/X
 m.u_tree._2894_/Y
 m.u_tree._2895_/Y
 m.u_tree._2896_/X
 m.u_tree._2897_/X
 m.u_tree._2898_/Y
 m.u_tree._2899_/X
 m.u_tree._2900_/Y
 m.u_tree._2901_/Y
 m.u_tree._2902_/Y
 m.u_tree._2903_/X
 m.u_tree._2904_/Y
 m.u_tree._2905_/Y
 m.u_tree._2906_/Y
 m.u_tree._2907_/Y
 m.u_tree._2908_/Y
 m.u_tree._2909_/X
 m.u_tree._2910_/X
 m.u_tree._2911_/Y
 m.u_tree._2912_/Y
 m.u_tree._2913_/Y
 m.u_tree._2914_/Y
 m.u_tree._2915_/Y
 m.u_tree._2916_/Y
 m.u_tree._2917_/X
 m.u_tree._2918_/X
 m.u_tree._2919_/X
 m.u_tree._2920_/Y
 m.u_tree._2921_/Y
 m.u_tree._2922_/X
 m.u_tree._2923_/X
 m.u_tree._2924_/Y
 m.u_tree._2925_/Y
 m.u_tree._2926_/Y
 m.u_tree._2927_/X
 m.u_tree._2928_/Y
 m.u_tree._2929_/Y
 m.u_tree._2930_/Y
 m.u_tree._2931_/X
 m.u_tree._2932_/Y
 m.u_tree._2933_/Y
 m.u_tree._2934_/X
 m.u_tree._2935_/Y
 m.u_tree._2936_/Y
 m.u_tree._2937_/X
 m.u_tree._2938_/X
 m.u_tree._2939_/Y
 m.u_tree._2940_/Y
 m.u_tree._2941_/Y
 m.u_tree._2942_/Y
 m.u_tree._2943_/Y
 m.u_tree._2944_/X
 m.u_tree._2945_/Y
 m.u_tree._2946_/Y
 m.u_tree._2947_/X
 m.u_tree._2948_/Y
 m.u_tree._2949_/X
 m.u_tree._2950_/X
 m.u_tree._2951_/Y
 m.u_tree._2952_/Y
 m.u_tree._2953_/Y
 m.u_tree._2954_/Y
 m.u_tree._2955_/Y
 m.u_tree._2956_/Y
 m.u_tree._2957_/X
 m.u_tree._2958_/Y
 m.u_tree._2959_/Y
 m.u_tree._2960_/Y
 m.u_tree._2961_/Y
 m.u_tree._2962_/Y
 m.u_tree._2963_/Y
 m.u_tree._2964_/Y
 m.u_tree._2965_/X
 m.u_tree._2966_/X
 m.u_tree._2967_/Y
 m.u_tree._2968_/Y
 m.u_tree._2969_/Y
 m.u_tree._2970_/Y
 m.u_tree._2971_/X
 m.u_tree._2972_/Y
 m.u_tree._2973_/Y
 m.u_tree._2974_/Y
 m.u_tree._2975_/Y
 m.u_tree._2976_/Y
 m.u_tree._2977_/Y
 m.u_tree._2978_/X
 m.u_tree._2979_/X
 m.u_tree._2980_/X
 m.u_tree._2981_/Y
 m.u_tree._2982_/X
 m.u_tree._2983_/X
 m.u_tree._2984_/Y
 m.u_tree._2985_/Y
 m.u_tree._2986_/Y
 m.u_tree._2987_/Y
 m.u_tree._2988_/X
 m.u_tree._2989_/Y
 m.u_tree._2990_/X
 m.u_tree._2991_/Y
 m.u_tree._2992_/Y
 m.u_tree._2993_/X
 m.u_tree._2994_/Y
 m.u_tree._2995_/X
 m.u_tree._2996_/X
 m.u_tree._2997_/X
 m.u_tree._2998_/X
 m.u_tree._2999_/Y
 m.u_tree._3000_/Y
 m.u_tree._3001_/Y
 m.u_tree._3002_/X
 m.u_tree._3003_/X
 m.u_tree._3004_/Y
 m.u_tree._3005_/Y
 m.u_tree._3006_/Y
 m.u_tree._3007_/X
 m.u_tree._3008_/X
 m.u_tree._3009_/Y
 m.u_tree._3010_/X
 m.u_tree._3011_/X
 m.u_tree._3012_/X
 m.u_tree._3013_/X
 m.u_tree._3014_/Y
 m.u_tree._3015_/Y
 m.u_tree._3016_/X
 m.u_tree._3017_/Y
 m.u_tree._3018_/Y
 m.u_tree._3019_/Y
 m.u_tree._3020_/X
 m.u_tree._3021_/Y
 m.u_tree._3022_/Y
 m.u_tree._3023_/X
 m.u_tree._3024_/X
 m.u_tree._3025_/Y
 m.u_tree._3026_/Y
 m.u_tree._3027_/Y
 m.u_tree._3028_/Y
 m.u_tree._3029_/X
 m.u_tree._3030_/Y
 m.u_tree._3031_/X
 m.u_tree._3032_/Y
 m.u_tree._3033_/X
 m.u_tree._3034_/Y
 m.u_tree._3035_/Y
 m.u_tree._3036_/Y
 m.u_tree._3037_/Y
 m.u_tree._3038_/X
 m.u_tree._3039_/Y
 m.u_tree._3040_/Y
 m.u_tree._3041_/Y
 m.u_tree._3042_/X
 m.u_tree._3043_/Y
 m.u_tree._3044_/X
 m.u_tree._3045_/Y
 m.u_tree._3046_/Y
 m.u_tree._3047_/Y
 m.u_tree._3048_/X
 m.u_tree._3049_/Y
 m.u_tree._3050_/Y
 m.u_tree._3051_/Y
 m.u_tree._3052_/Y
 m.u_tree._3053_/Y
 m.u_tree._3054_/Y
 m.u_tree._3055_/Y
 m.u_tree._3056_/Y
 m.u_tree._3057_/X
 m.u_tree._3058_/Y
 m.u_tree._3059_/Y
 m.u_tree._3060_/X
 m.u_tree._3061_/X
 m.u_tree._3062_/Y
 m.u_tree._3063_/X
 m.u_tree._3064_/Y
 m.u_tree._3065_/X
 m.u_tree._3066_/Y
 m.u_tree._3067_/Y
 m.u_tree._3068_/Y
 m.u_tree._3069_/Y
 m.u_tree._3070_/Y
 m.u_tree._3071_/X
 m.u_tree._3072_/X
 m.u_tree._3073_/Y
 m.u_tree._3074_/Y
 m.u_tree._3075_/Y
 m.u_tree._3076_/Y
 m.u_tree._3077_/Y
 m.u_tree._3078_/Y
 m.u_tree._3079_/Y
 m.u_tree._3080_/Y
 m.u_tree._3081_/X
 m.u_tree._3082_/X
 m.u_tree._3083_/Y
 m.u_tree._3084_/X
 m.u_tree._3085_/Y
 m.u_tree._3086_/Y
 m.u_tree._3087_/X
 m.u_tree._3088_/Y
 m.u_tree._3089_/X
 m.u_tree._3090_/Y
 m.u_tree._3091_/X
 m.u_tree._3092_/Y
 m.u_tree._3093_/X
 m.u_tree._3094_/X
 m.u_tree._3095_/Y
 m.u_tree._3096_/X
 m.u_tree._3097_/X
 m.u_tree._3098_/Y
 m.u_tree._3099_/X
 m.u_tree._3100_/Y
 m.u_tree._3101_/X
 m.u_tree._3102_/Y
 m.u_tree._3103_/X
 m.u_tree._3104_/Y
 m.u_tree._3105_/Y
 m.u_tree._3106_/Y
 m.u_tree._3107_/Y
 m.u_tree._3108_/Y
 m.u_tree._3109_/Y
 m.u_tree._3110_/Y
 m.u_tree._3111_/Y
 m.u_tree._3112_/Y
 m.u_tree._3113_/Y
 m.u_tree._3114_/Y
 m.u_tree._3115_/Y
 m.u_tree._3116_/X
 m.u_tree._3117_/X
 m.u_tree._3118_/Y
 m.u_tree._3119_/Y
 m.u_tree._3120_/X
 m.u_tree._3121_/Y
 m.u_tree._3122_/Y
 m.u_tree._3123_/Y
 m.u_tree._3124_/Y
 m.u_tree._3125_/Y
 m.u_tree._3126_/Y
 m.u_tree._3127_/Y
 m.u_tree._3128_/Y
 m.u_tree._3129_/Y
 m.u_tree._3130_/Y
 m.u_tree._3131_/Y
 m.u_tree._3132_/Y
 m.u_tree._3133_/Y
 m.u_tree._3134_/Y
 m.u_tree._3135_/Y
 m.u_tree._3136_/X
 m.u_tree._3137_/Y
 m.u_tree._3138_/Y
 m.u_tree._3139_/X
 m.u_tree._3140_/Y
 m.u_tree._3141_/X
 sram/A_DOUT[0]
 sram/A_DOUT[1]
 sram/A_DOUT[2]
 sram/A_DOUT[3]
 sram/A_DOUT[4]
 sram/A_DOUT[5]
 sram/A_DOUT[6]
 sram/A_DOUT[7]
Found 0 partially unannotated drivers.

===========================================================================
max slew violation count 720
max fanout violation count 355
max cap violation count 46
============================================================================

===========================================================================
check_setup -verbose -unconstrained_endpoints -multiple_clock -no_clock -no_input_delay -loops -generated_clocks
===========================================================================
