
 /----------------------------------------------------------------------------\
 |  yosys -- Yosys Open SYnthesis Suite                                       |
 |  Copyright (C) 2012 - 2026  Claire Xenia Wolf <claire@yosyshq.com>         |
 |  Distributed under an ISC-like license, type "license" to see terms        |
 \----------------------------------------------------------------------------/
 Yosys 0.62 (git sha1 7326bb7d6641500ecb285c291a54a662cb1e76cf, clang++ 21.1.2 -fPIC -O3)

1. Executing Verilog-2005 frontend: /Users/marcandre/Desktop/Startup/TowardsBNN/binaryneuralnet-asic-TTIHP26/runs/wokwi/tmp/e69a6ed1166f40cba29943101776b0d3.bb.v
Parsing SystemVerilog input from `/Users/marcandre/Desktop/Startup/TowardsBNN/binaryneuralnet-asic-TTIHP26/runs/wokwi/tmp/e69a6ed1166f40cba29943101776b0d3.bb.v' to AST representation.
Generating RTLIL representation for module `\sg13g2_a21o_1'.
Generating RTLIL representation for module `\sg13g2_a21o_2'.
Generating RTLIL representation for module `\sg13g2_a21oi_1'.
Generating RTLIL representation for module `\sg13g2_a21oi_2'.
Generating RTLIL representation for module `\sg13g2_a221oi_1'.
Generating RTLIL representation for module `\sg13g2_a22oi_1'.
Generating RTLIL representation for module `\sg13g2_and2_1'.
Generating RTLIL representation for module `\sg13g2_and2_2'.
Generating RTLIL representation for module `\sg13g2_and3_1'.
Generating RTLIL representation for module `\sg13g2_and3_2'.
Generating RTLIL representation for module `\sg13g2_and4_1'.
Generating RTLIL representation for module `\sg13g2_and4_2'.
Generating RTLIL representation for module `\sg13g2_antennanp'.
Generating RTLIL representation for module `\sg13g2_buf_1'.
Generating RTLIL representation for module `\sg13g2_buf_16'.
Generating RTLIL representation for module `\sg13g2_buf_2'.
Generating RTLIL representation for module `\sg13g2_buf_4'.
Generating RTLIL representation for module `\sg13g2_buf_8'.
Generating RTLIL representation for module `\sg13g2_decap_4'.
Generating RTLIL representation for module `\sg13g2_decap_8'.
Generating RTLIL representation for module `\sg13g2_dfrbp_1'.
Generating RTLIL representation for module `\sg13g2_dfrbp_2'.
Generating RTLIL representation for module `\sg13g2_dfrbpq_1'.
Generating RTLIL representation for module `\sg13g2_dfrbpq_2'.
Generating RTLIL representation for module `\sg13g2_dlhq_1'.
Generating RTLIL representation for module `\sg13g2_dlhr_1'.
Generating RTLIL representation for module `\sg13g2_dlhrq_1'.
Generating RTLIL representation for module `\sg13g2_dllr_1'.
Generating RTLIL representation for module `\sg13g2_dllrq_1'.
Generating RTLIL representation for module `\sg13g2_dlygate4sd1_1'.
Generating RTLIL representation for module `\sg13g2_dlygate4sd2_1'.
Generating RTLIL representation for module `\sg13g2_dlygate4sd3_1'.
Generating RTLIL representation for module `\sg13g2_ebufn_2'.
Generating RTLIL representation for module `\sg13g2_ebufn_4'.
Generating RTLIL representation for module `\sg13g2_ebufn_8'.
Generating RTLIL representation for module `\sg13g2_einvn_2'.
Generating RTLIL representation for module `\sg13g2_einvn_4'.
Generating RTLIL representation for module `\sg13g2_einvn_8'.
Generating RTLIL representation for module `\sg13g2_fill_1'.
Generating RTLIL representation for module `\sg13g2_fill_2'.
Generating RTLIL representation for module `\sg13g2_fill_4'.
Generating RTLIL representation for module `\sg13g2_fill_8'.
Generating RTLIL representation for module `\sg13g2_inv_1'.
Generating RTLIL representation for module `\sg13g2_inv_16'.
Generating RTLIL representation for module `\sg13g2_inv_2'.
Generating RTLIL representation for module `\sg13g2_inv_4'.
Generating RTLIL representation for module `\sg13g2_inv_8'.
Generating RTLIL representation for module `\sg13g2_lgcp_1'.
Generating RTLIL representation for module `\sg13g2_mux2_1'.
Generating RTLIL representation for module `\sg13g2_mux2_2'.
Generating RTLIL representation for module `\sg13g2_mux4_1'.
Generating RTLIL representation for module `\sg13g2_nand2_1'.
Generating RTLIL representation for module `\sg13g2_nand2_2'.
Generating RTLIL representation for module `\sg13g2_nand2b_1'.
Generating RTLIL representation for module `\sg13g2_nand2b_2'.
Generating RTLIL representation for module `\sg13g2_nand3_1'.
Generating RTLIL representation for module `\sg13g2_nand3b_1'.
Generating RTLIL representation for module `\sg13g2_nand4_1'.
Generating RTLIL representation for module `\sg13g2_nor2_1'.
Generating RTLIL representation for module `\sg13g2_nor2_2'.
Generating RTLIL representation for module `\sg13g2_nor2b_1'.
Generating RTLIL representation for module `\sg13g2_nor2b_2'.
Generating RTLIL representation for module `\sg13g2_nor3_1'.
Generating RTLIL representation for module `\sg13g2_nor3_2'.
Generating RTLIL representation for module `\sg13g2_nor4_1'.
Generating RTLIL representation for module `\sg13g2_nor4_2'.
Generating RTLIL representation for module `\sg13g2_o21ai_1'.
Generating RTLIL representation for module `\sg13g2_or2_1'.
Generating RTLIL representation for module `\sg13g2_or2_2'.
Generating RTLIL representation for module `\sg13g2_or3_1'.
Generating RTLIL representation for module `\sg13g2_or3_2'.
Generating RTLIL representation for module `\sg13g2_or4_1'.
Generating RTLIL representation for module `\sg13g2_or4_2'.
Generating RTLIL representation for module `\sg13g2_sdfbbp_1'.
Generating RTLIL representation for module `\sg13g2_sdfrbp_1'.
Generating RTLIL representation for module `\sg13g2_sdfrbp_2'.
Generating RTLIL representation for module `\sg13g2_sdfrbpq_1'.
Generating RTLIL representation for module `\sg13g2_sdfrbpq_2'.
Generating RTLIL representation for module `\sg13g2_sighold'.
Generating RTLIL representation for module `\sg13g2_slgcp_1'.
Generating RTLIL representation for module `\sg13g2_tiehi'.
Generating RTLIL representation for module `\sg13g2_tielo'.
Generating RTLIL representation for module `\sg13g2_xnor2_1'.
Generating RTLIL representation for module `\sg13g2_xor2_1'.
Successfully finished Verilog frontend.

2. Executing Verilog-2005 frontend: /Users/marcandre/Desktop/Startup/TowardsBNN/binaryneuralnet-asic-TTIHP26/runs/wokwi/tmp/158ec990eb7f4229b93a95b533169fe1.bb.v
Parsing SystemVerilog input from `/Users/marcandre/Desktop/Startup/TowardsBNN/binaryneuralnet-asic-TTIHP26/runs/wokwi/tmp/158ec990eb7f4229b93a95b533169fe1.bb.v' to AST representation.
Generating RTLIL representation for module `\sg13g2_Corner'.
Generating RTLIL representation for module `\sg13g2_Filler1000'.
Generating RTLIL representation for module `\sg13g2_Filler10000'.
Generating RTLIL representation for module `\sg13g2_Filler200'.
Generating RTLIL representation for module `\sg13g2_Filler2000'.
Generating RTLIL representation for module `\sg13g2_Filler400'.
Generating RTLIL representation for module `\sg13g2_Filler4000'.
Generating RTLIL representation for module `\sg13g2_IOPadAnalog'.
Generating RTLIL representation for module `\sg13g2_IOPadIOVdd'.
Generating RTLIL representation for module `\sg13g2_IOPadIOVss'.
Generating RTLIL representation for module `\sg13g2_IOPadIn'.
Generating RTLIL representation for module `\sg13g2_IOPadInOut16mA'.
Generating RTLIL representation for module `\sg13g2_IOPadInOut30mA'.
Generating RTLIL representation for module `\sg13g2_IOPadInOut4mA'.
Generating RTLIL representation for module `\sg13g2_IOPadOut16mA'.
Generating RTLIL representation for module `\sg13g2_IOPadOut30mA'.
Generating RTLIL representation for module `\sg13g2_IOPadOut4mA'.
Generating RTLIL representation for module `\sg13g2_IOPadTriOut16mA'.
Generating RTLIL representation for module `\sg13g2_IOPadTriOut30mA'.
Generating RTLIL representation for module `\sg13g2_IOPadTriOut4mA'.
Generating RTLIL representation for module `\sg13g2_IOPadVdd'.
Generating RTLIL representation for module `\sg13g2_IOPadVss'.
Successfully finished Verilog frontend.

3. Executing Verilog-2005 frontend: /Users/marcandre/Desktop/Startup/TowardsBNN/binaryneuralnet-asic-TTIHP26/macros/SRAM/RM_IHPSG13_1P_256x8_c3_bm_bist.v
Parsing SystemVerilog input from `/Users/marcandre/Desktop/Startup/TowardsBNN/binaryneuralnet-asic-TTIHP26/macros/SRAM/RM_IHPSG13_1P_256x8_c3_bm_bist.v' to AST representation.
Generating RTLIL representation for module `\RM_IHPSG13_1P_256x8_c3_bm_bist'.
Successfully finished Verilog frontend.
wtaf

4. Executing Verilog-2005 frontend: /Users/marcandre/Desktop/Startup/TowardsBNN/binaryneuralnet-asic-TTIHP26/src/project.v
Parsing SystemVerilog input from `/Users/marcandre/Desktop/Startup/TowardsBNN/binaryneuralnet-asic-TTIHP26/src/project.v' to AST representation.
Storing AST representation for module `$abstract\tt_um_maw_mnistbnn'.
Successfully finished Verilog frontend.

5. Executing Verilog-2005 frontend: /Users/marcandre/Desktop/Startup/TowardsBNN/binaryneuralnet-asic-TTIHP26/src/sram.sv
Parsing SystemVerilog input from `/Users/marcandre/Desktop/Startup/TowardsBNN/binaryneuralnet-asic-TTIHP26/src/sram.sv' to AST representation.
Storing AST representation for module `$abstract\sram_256x8_bm'.
Successfully finished Verilog frontend.

6. Executing Verilog-2005 frontend: /Users/marcandre/Desktop/Startup/TowardsBNN/binaryneuralnet-asic-TTIHP26/src/mnist_loader.sv
Parsing SystemVerilog input from `/Users/marcandre/Desktop/Startup/TowardsBNN/binaryneuralnet-asic-TTIHP26/src/mnist_loader.sv' to AST representation.
Storing AST representation for module `$abstract\mnist_loader'.
Successfully finished Verilog frontend.

7. Executing Verilog-2005 frontend: /Users/marcandre/Desktop/Startup/TowardsBNN/binaryneuralnet-asic-TTIHP26/src/load_conv_op_3x6.sv
Parsing SystemVerilog input from `/Users/marcandre/Desktop/Startup/TowardsBNN/binaryneuralnet-asic-TTIHP26/src/load_conv_op_3x6.sv' to AST representation.
Storing AST representation for module `$abstract\load_conv_op_3x6'.
Successfully finished Verilog frontend.

8. Executing Verilog-2005 frontend: /Users/marcandre/Desktop/Startup/TowardsBNN/binaryneuralnet-asic-TTIHP26/src/conv_weights_3x3_l1.sv
Parsing SystemVerilog input from `/Users/marcandre/Desktop/Startup/TowardsBNN/binaryneuralnet-asic-TTIHP26/src/conv_weights_3x3_l1.sv' to AST representation.
Storing AST representation for module `$abstract\conv_weights_3x3_l1'.
Successfully finished Verilog frontend.

9. Executing Verilog-2005 frontend: /Users/marcandre/Desktop/Startup/TowardsBNN/binaryneuralnet-asic-TTIHP26/src/conv_weights_3x3_l2.sv
Parsing SystemVerilog input from `/Users/marcandre/Desktop/Startup/TowardsBNN/binaryneuralnet-asic-TTIHP26/src/conv_weights_3x3_l2.sv' to AST representation.
Storing AST representation for module `$abstract\conv_weights_3x3_l2'.
Successfully finished Verilog frontend.

10. Executing Verilog-2005 frontend: /Users/marcandre/Desktop/Startup/TowardsBNN/binaryneuralnet-asic-TTIHP26/src/conv_weights_2x2_l3.sv
Parsing SystemVerilog input from `/Users/marcandre/Desktop/Startup/TowardsBNN/binaryneuralnet-asic-TTIHP26/src/conv_weights_2x2_l3.sv' to AST representation.
Storing AST representation for module `$abstract\conv_weights_2x2_l3'.
Successfully finished Verilog frontend.

11. Executing Verilog-2005 frontend: /Users/marcandre/Desktop/Startup/TowardsBNN/binaryneuralnet-asic-TTIHP26/src/conv_layer1.sv
Parsing SystemVerilog input from `/Users/marcandre/Desktop/Startup/TowardsBNN/binaryneuralnet-asic-TTIHP26/src/conv_layer1.sv' to AST representation.
Storing AST representation for module `$abstract\conv_layer1'.
Successfully finished Verilog frontend.

12. Executing Verilog-2005 frontend: /Users/marcandre/Desktop/Startup/TowardsBNN/binaryneuralnet-asic-TTIHP26/src/conv_layer2.sv
Parsing SystemVerilog input from `/Users/marcandre/Desktop/Startup/TowardsBNN/binaryneuralnet-asic-TTIHP26/src/conv_layer2.sv' to AST representation.
Storing AST representation for module `$abstract\conv_layer2'.
Successfully finished Verilog frontend.

13. Executing Verilog-2005 frontend: /Users/marcandre/Desktop/Startup/TowardsBNN/binaryneuralnet-asic-TTIHP26/src/conv_layer3.sv
Parsing SystemVerilog input from `/Users/marcandre/Desktop/Startup/TowardsBNN/binaryneuralnet-asic-TTIHP26/src/conv_layer3.sv' to AST representation.
Storing AST representation for module `$abstract\conv_layer3'.
Successfully finished Verilog frontend.

14. Executing Verilog-2005 frontend: /Users/marcandre/Desktop/Startup/TowardsBNN/binaryneuralnet-asic-TTIHP26/src/classification_tree.sv
Parsing SystemVerilog input from `/Users/marcandre/Desktop/Startup/TowardsBNN/binaryneuralnet-asic-TTIHP26/src/classification_tree.sv' to AST representation.
Storing AST representation for module `$abstract\classification_tree'.
Successfully finished Verilog frontend.

15. Executing Verilog-2005 frontend: /Users/marcandre/Desktop/Startup/TowardsBNN/binaryneuralnet-asic-TTIHP26/src/maxpool_2x2.sv
Parsing SystemVerilog input from `/Users/marcandre/Desktop/Startup/TowardsBNN/binaryneuralnet-asic-TTIHP26/src/maxpool_2x2.sv' to AST representation.
Storing AST representation for module `$abstract\maxpool_2x2'.
Successfully finished Verilog frontend.

16. Executing Verilog-2005 frontend: /Users/marcandre/Desktop/Startup/TowardsBNN/binaryneuralnet-asic-TTIHP26/src/main.sv
Parsing SystemVerilog input from `/Users/marcandre/Desktop/Startup/TowardsBNN/binaryneuralnet-asic-TTIHP26/src/main.sv' to AST representation.
Storing AST representation for module `$abstract\main'.
Successfully finished Verilog frontend.

17. Executing HIERARCHY pass (managing design hierarchy).

18. Executing AST frontend in derive mode using pre-parsed AST for module `\tt_um_maw_mnistbnn'.
Generating RTLIL representation for module `\tt_um_maw_mnistbnn'.

18.1. Analyzing design hierarchy..
Top module:  \tt_um_maw_mnistbnn

18.2. Executing AST frontend in derive mode using pre-parsed AST for module `\main'.
Generating RTLIL representation for module `\main'.

18.3. Analyzing design hierarchy..
Top module:  \tt_um_maw_mnistbnn
Used module:     \main

18.4. Executing AST frontend in derive mode using pre-parsed AST for module `\classification_tree'.
Generating RTLIL representation for module `\classification_tree'.

18.5. Executing AST frontend in derive mode using pre-parsed AST for module `\conv_layer3'.
Generating RTLIL representation for module `\conv_layer3'.
Parameter \NUM_CHANNELS = 16
Parameter \IN_SIZE = 4
Parameter \INPUT_BASE = 205
Parameter \OUTPUT_BASE = 237

18.6. Executing AST frontend in derive mode using pre-parsed AST for module `\maxpool_2x2'.
Parameter \NUM_CHANNELS = 16
Parameter \IN_SIZE = 4
Parameter \INPUT_BASE = 205
Parameter \OUTPUT_BASE = 237
Generating RTLIL representation for module `$paramod$f16bc6def46f6441af0290023d3b6045c72e1335\maxpool_2x2'.

18.7. Executing AST frontend in derive mode using pre-parsed AST for module `\conv_layer2'.
Generating RTLIL representation for module `\conv_layer2'.
Warning: Replacing memory \acc with list of registers. See /Users/marcandre/Desktop/Startup/TowardsBNN/binaryneuralnet-asic-TTIHP26/src/conv_layer2.sv:196
Parameter \NUM_CHANNELS = 8
Parameter \IN_SIZE = 12
Parameter \INPUT_BASE = 25
Parameter \OUTPUT_BASE = 169

18.8. Executing AST frontend in derive mode using pre-parsed AST for module `\maxpool_2x2'.
Parameter \NUM_CHANNELS = 8
Parameter \IN_SIZE = 12
Parameter \INPUT_BASE = 25
Parameter \OUTPUT_BASE = 169
Generating RTLIL representation for module `$paramod$c9bc438dfe858e9d75bddd12c427471508300052\maxpool_2x2'.

18.9. Executing AST frontend in derive mode using pre-parsed AST for module `\conv_layer1'.
Generating RTLIL representation for module `\conv_layer1'.

18.10. Executing AST frontend in derive mode using pre-parsed AST for module `\mnist_loader'.
Generating RTLIL representation for module `\mnist_loader'.

18.11. Analyzing design hierarchy..
Top module:  \tt_um_maw_mnistbnn
Used module:     \main
Used module:         \classification_tree
Used module:         \conv_layer3
Used module:         $paramod$f16bc6def46f6441af0290023d3b6045c72e1335\maxpool_2x2
Used module:         \conv_layer2
Used module:         $paramod$c9bc438dfe858e9d75bddd12c427471508300052\maxpool_2x2
Used module:         \conv_layer1
Used module:         \mnist_loader

18.12. Executing AST frontend in derive mode using pre-parsed AST for module `\conv_weights_3x3_l1'.
Generating RTLIL representation for module `\conv_weights_3x3_l1'.

18.13. Executing AST frontend in derive mode using pre-parsed AST for module `\load_conv_op_3x6'.
Generating RTLIL representation for module `\load_conv_op_3x6'.

18.14. Executing AST frontend in derive mode using pre-parsed AST for module `\conv_weights_3x3_l2'.
Generating RTLIL representation for module `\conv_weights_3x3_l2'.

18.15. Executing AST frontend in derive mode using pre-parsed AST for module `\conv_weights_2x2_l3'.
Generating RTLIL representation for module `\conv_weights_2x2_l3'.

18.16. Analyzing design hierarchy..
Top module:  \tt_um_maw_mnistbnn
Used module:     \main
Used module:         \classification_tree
Used module:         \conv_layer3
Used module:             \conv_weights_2x2_l3
Used module:         $paramod$f16bc6def46f6441af0290023d3b6045c72e1335\maxpool_2x2
Used module:         \conv_layer2
Used module:             \conv_weights_3x3_l2
Used module:             \load_conv_op_3x6
Used module:         $paramod$c9bc438dfe858e9d75bddd12c427471508300052\maxpool_2x2
Used module:         \conv_layer1
Used module:             \conv_weights_3x3_l1
Used module:         \mnist_loader

18.17. Analyzing design hierarchy..
Top module:  \tt_um_maw_mnistbnn
Used module:     \main
Used module:         \classification_tree
Used module:         \conv_layer3
Used module:             \conv_weights_2x2_l3
Used module:         $paramod$f16bc6def46f6441af0290023d3b6045c72e1335\maxpool_2x2
Used module:         \conv_layer2
Used module:             \conv_weights_3x3_l2
Used module:             \load_conv_op_3x6
Used module:         $paramod$c9bc438dfe858e9d75bddd12c427471508300052\maxpool_2x2
Used module:         \conv_layer1
Used module:             \conv_weights_3x3_l1
Used module:         \mnist_loader
Removing unused module `$abstract\main'.
Removing unused module `$abstract\maxpool_2x2'.
Removing unused module `$abstract\classification_tree'.
Removing unused module `$abstract\conv_layer3'.
Removing unused module `$abstract\conv_layer2'.
Removing unused module `$abstract\conv_layer1'.
Removing unused module `$abstract\conv_weights_2x2_l3'.
Removing unused module `$abstract\conv_weights_3x3_l2'.
Removing unused module `$abstract\conv_weights_3x3_l1'.
Removing unused module `$abstract\load_conv_op_3x6'.
Removing unused module `$abstract\mnist_loader'.
Removing unused module `$abstract\sram_256x8_bm'.
Removing unused module `$abstract\tt_um_maw_mnistbnn'.
Removed 13 unused modules.
Renaming module tt_um_maw_mnistbnn to tt_um_maw_mnistbnn.

19. Executing PROC pass (convert processes to netlists).

19.1. Executing PROC_CLEAN pass (remove empty switches from decision trees).
Cleaned up 0 empty switches.

19.2. Executing PROC_RMDEAD pass (remove dead branches from decision trees).
Marked 1 switch rules as full_case in process $proc$/Users/marcandre/Desktop/Startup/TowardsBNN/binaryneuralnet-asic-TTIHP26/src/conv_weights_3x3_l2.sv:71$2688 in module conv_weights_3x3_l2.
Marked 2 switch rules as full_case in process $proc$/Users/marcandre/Desktop/Startup/TowardsBNN/binaryneuralnet-asic-TTIHP26/src/load_conv_op_3x6.sv:126$2522 in module load_conv_op_3x6.
Marked 1 switch rules as full_case in process $proc$/Users/marcandre/Desktop/Startup/TowardsBNN/binaryneuralnet-asic-TTIHP26/src/load_conv_op_3x6.sv:103$2521 in module load_conv_op_3x6.
Marked 1 switch rules as full_case in process $proc$/Users/marcandre/Desktop/Startup/TowardsBNN/binaryneuralnet-asic-TTIHP26/src/conv_weights_3x3_l1.sv:71$2509 in module conv_weights_3x3_l1.
Marked 2 switch rules as full_case in process $proc$/Users/marcandre/Desktop/Startup/TowardsBNN/binaryneuralnet-asic-TTIHP26/src/mnist_loader.sv:64$2400 in module mnist_loader.
Marked 6 switch rules as full_case in process $proc$/Users/marcandre/Desktop/Startup/TowardsBNN/binaryneuralnet-asic-TTIHP26/src/conv_layer1.sv:168$2378 in module conv_layer1.
Marked 1 switch rules as full_case in process $proc$/Users/marcandre/Desktop/Startup/TowardsBNN/binaryneuralnet-asic-TTIHP26/src/conv_layer1.sv:155$2374 in module conv_layer1.
Removed 1 dead cases from process $proc$/Users/marcandre/Desktop/Startup/TowardsBNN/binaryneuralnet-asic-TTIHP26/src/maxpool_2x2.sv:165$2345 in module $paramod$c9bc438dfe858e9d75bddd12c427471508300052\maxpool_2x2.
Marked 5 switch rules as full_case in process $proc$/Users/marcandre/Desktop/Startup/TowardsBNN/binaryneuralnet-asic-TTIHP26/src/maxpool_2x2.sv:165$2345 in module $paramod$c9bc438dfe858e9d75bddd12c427471508300052\maxpool_2x2.
Marked 1 switch rules as full_case in process $proc$/Users/marcandre/Desktop/Startup/TowardsBNN/binaryneuralnet-asic-TTIHP26/src/maxpool_2x2.sv:139$2341 in module $paramod$c9bc438dfe858e9d75bddd12c427471508300052\maxpool_2x2.
Removed 1 dead cases from process $proc$/Users/marcandre/Desktop/Startup/TowardsBNN/binaryneuralnet-asic-TTIHP26/src/conv_layer2.sv:157$2309 in module conv_layer2.
Marked 1 switch rules as full_case in process $proc$/Users/marcandre/Desktop/Startup/TowardsBNN/binaryneuralnet-asic-TTIHP26/src/conv_layer2.sv:157$2309 in module conv_layer2.
Removed 1 dead cases from process $proc$/Users/marcandre/Desktop/Startup/TowardsBNN/binaryneuralnet-asic-TTIHP26/src/conv_layer2.sv:156$2304 in module conv_layer2.
Marked 1 switch rules as full_case in process $proc$/Users/marcandre/Desktop/Startup/TowardsBNN/binaryneuralnet-asic-TTIHP26/src/conv_layer2.sv:156$2304 in module conv_layer2.
Removed 1 dead cases from process $proc$/Users/marcandre/Desktop/Startup/TowardsBNN/binaryneuralnet-asic-TTIHP26/src/conv_layer2.sv:155$2299 in module conv_layer2.
Marked 1 switch rules as full_case in process $proc$/Users/marcandre/Desktop/Startup/TowardsBNN/binaryneuralnet-asic-TTIHP26/src/conv_layer2.sv:155$2299 in module conv_layer2.
Removed 1 dead cases from process $proc$/Users/marcandre/Desktop/Startup/TowardsBNN/binaryneuralnet-asic-TTIHP26/src/conv_layer2.sv:154$2294 in module conv_layer2.
Marked 1 switch rules as full_case in process $proc$/Users/marcandre/Desktop/Startup/TowardsBNN/binaryneuralnet-asic-TTIHP26/src/conv_layer2.sv:154$2294 in module conv_layer2.
Removed 4 dead cases from process $proc$/Users/marcandre/Desktop/Startup/TowardsBNN/binaryneuralnet-asic-TTIHP26/src/conv_layer2.sv:186$2198 in module conv_layer2.
Marked 16 switch rules as full_case in process $proc$/Users/marcandre/Desktop/Startup/TowardsBNN/binaryneuralnet-asic-TTIHP26/src/conv_layer2.sv:186$2198 in module conv_layer2.
Marked 1 switch rules as full_case in process $proc$/Users/marcandre/Desktop/Startup/TowardsBNN/binaryneuralnet-asic-TTIHP26/src/conv_layer2.sv:173$2194 in module conv_layer2.
Removed 1 dead cases from process $proc$/Users/marcandre/Desktop/Startup/TowardsBNN/binaryneuralnet-asic-TTIHP26/src/maxpool_2x2.sv:165$2152 in module $paramod$f16bc6def46f6441af0290023d3b6045c72e1335\maxpool_2x2.
Marked 5 switch rules as full_case in process $proc$/Users/marcandre/Desktop/Startup/TowardsBNN/binaryneuralnet-asic-TTIHP26/src/maxpool_2x2.sv:165$2152 in module $paramod$f16bc6def46f6441af0290023d3b6045c72e1335\maxpool_2x2.
Marked 1 switch rules as full_case in process $proc$/Users/marcandre/Desktop/Startup/TowardsBNN/binaryneuralnet-asic-TTIHP26/src/maxpool_2x2.sv:139$2148 in module $paramod$f16bc6def46f6441af0290023d3b6045c72e1335\maxpool_2x2.
Marked 5 switch rules as full_case in process $proc$/Users/marcandre/Desktop/Startup/TowardsBNN/binaryneuralnet-asic-TTIHP26/src/conv_layer3.sv:118$2115 in module conv_layer3.
Marked 1 switch rules as full_case in process $proc$/Users/marcandre/Desktop/Startup/TowardsBNN/binaryneuralnet-asic-TTIHP26/src/conv_layer3.sv:96$2111 in module conv_layer3.
Removed 1 dead cases from process $proc$/Users/marcandre/Desktop/Startup/TowardsBNN/binaryneuralnet-asic-TTIHP26/src/conv_layer3.sv:71$2110 in module conv_layer3.
Marked 1 switch rules as full_case in process $proc$/Users/marcandre/Desktop/Startup/TowardsBNN/binaryneuralnet-asic-TTIHP26/src/conv_layer3.sv:71$2110 in module conv_layer3.
Marked 7 switch rules as full_case in process $proc$/Users/marcandre/Desktop/Startup/TowardsBNN/binaryneuralnet-asic-TTIHP26/src/classification_tree.sv:3642$2092 in module classification_tree.
Marked 7 switch rules as full_case in process $proc$/Users/marcandre/Desktop/Startup/TowardsBNN/binaryneuralnet-asic-TTIHP26/src/classification_tree.sv:3641$2074 in module classification_tree.
Marked 7 switch rules as full_case in process $proc$/Users/marcandre/Desktop/Startup/TowardsBNN/binaryneuralnet-asic-TTIHP26/src/classification_tree.sv:3640$2056 in module classification_tree.
Marked 7 switch rules as full_case in process $proc$/Users/marcandre/Desktop/Startup/TowardsBNN/binaryneuralnet-asic-TTIHP26/src/classification_tree.sv:3639$2038 in module classification_tree.
Marked 7 switch rules as full_case in process $proc$/Users/marcandre/Desktop/Startup/TowardsBNN/binaryneuralnet-asic-TTIHP26/src/classification_tree.sv:3638$2020 in module classification_tree.
Marked 7 switch rules as full_case in process $proc$/Users/marcandre/Desktop/Startup/TowardsBNN/binaryneuralnet-asic-TTIHP26/src/classification_tree.sv:3637$2002 in module classification_tree.
Marked 7 switch rules as full_case in process $proc$/Users/marcandre/Desktop/Startup/TowardsBNN/binaryneuralnet-asic-TTIHP26/src/classification_tree.sv:3636$1984 in module classification_tree.
Marked 7 switch rules as full_case in process $proc$/Users/marcandre/Desktop/Startup/TowardsBNN/binaryneuralnet-asic-TTIHP26/src/classification_tree.sv:3635$1966 in module classification_tree.
Marked 7 switch rules as full_case in process $proc$/Users/marcandre/Desktop/Startup/TowardsBNN/binaryneuralnet-asic-TTIHP26/src/classification_tree.sv:3634$1948 in module classification_tree.
Marked 7 switch rules as full_case in process $proc$/Users/marcandre/Desktop/Startup/TowardsBNN/binaryneuralnet-asic-TTIHP26/src/classification_tree.sv:3633$1930 in module classification_tree.
Marked 7 switch rules as full_case in process $proc$/Users/marcandre/Desktop/Startup/TowardsBNN/binaryneuralnet-asic-TTIHP26/src/classification_tree.sv:3630$1912 in module classification_tree.
Marked 7 switch rules as full_case in process $proc$/Users/marcandre/Desktop/Startup/TowardsBNN/binaryneuralnet-asic-TTIHP26/src/classification_tree.sv:3629$1894 in module classification_tree.
Marked 7 switch rules as full_case in process $proc$/Users/marcandre/Desktop/Startup/TowardsBNN/binaryneuralnet-asic-TTIHP26/src/classification_tree.sv:3628$1876 in module classification_tree.
Marked 7 switch rules as full_case in process $proc$/Users/marcandre/Desktop/Startup/TowardsBNN/binaryneuralnet-asic-TTIHP26/src/classification_tree.sv:3627$1858 in module classification_tree.
Marked 7 switch rules as full_case in process $proc$/Users/marcandre/Desktop/Startup/TowardsBNN/binaryneuralnet-asic-TTIHP26/src/classification_tree.sv:3626$1840 in module classification_tree.
Marked 7 switch rules as full_case in process $proc$/Users/marcandre/Desktop/Startup/TowardsBNN/binaryneuralnet-asic-TTIHP26/src/classification_tree.sv:3625$1822 in module classification_tree.
Marked 7 switch rules as full_case in process $proc$/Users/marcandre/Desktop/Startup/TowardsBNN/binaryneuralnet-asic-TTIHP26/src/classification_tree.sv:3624$1804 in module classification_tree.
Marked 7 switch rules as full_case in process $proc$/Users/marcandre/Desktop/Startup/TowardsBNN/binaryneuralnet-asic-TTIHP26/src/classification_tree.sv:3623$1786 in module classification_tree.
Marked 7 switch rules as full_case in process $proc$/Users/marcandre/Desktop/Startup/TowardsBNN/binaryneuralnet-asic-TTIHP26/src/classification_tree.sv:3622$1768 in module classification_tree.
Marked 7 switch rules as full_case in process $proc$/Users/marcandre/Desktop/Startup/TowardsBNN/binaryneuralnet-asic-TTIHP26/src/classification_tree.sv:3621$1750 in module classification_tree.
Marked 7 switch rules as full_case in process $proc$/Users/marcandre/Desktop/Startup/TowardsBNN/binaryneuralnet-asic-TTIHP26/src/classification_tree.sv:3618$1732 in module classification_tree.
Marked 7 switch rules as full_case in process $proc$/Users/marcandre/Desktop/Startup/TowardsBNN/binaryneuralnet-asic-TTIHP26/src/classification_tree.sv:3617$1714 in module classification_tree.
Marked 7 switch rules as full_case in process $proc$/Users/marcandre/Desktop/Startup/TowardsBNN/binaryneuralnet-asic-TTIHP26/src/classification_tree.sv:3616$1696 in module classification_tree.
Marked 7 switch rules as full_case in process $proc$/Users/marcandre/Desktop/Startup/TowardsBNN/binaryneuralnet-asic-TTIHP26/src/classification_tree.sv:3615$1678 in module classification_tree.
Marked 7 switch rules as full_case in process $proc$/Users/marcandre/Desktop/Startup/TowardsBNN/binaryneuralnet-asic-TTIHP26/src/classification_tree.sv:3614$1660 in module classification_tree.
Marked 7 switch rules as full_case in process $proc$/Users/marcandre/Desktop/Startup/TowardsBNN/binaryneuralnet-asic-TTIHP26/src/classification_tree.sv:3613$1642 in module classification_tree.
Marked 7 switch rules as full_case in process $proc$/Users/marcandre/Desktop/Startup/TowardsBNN/binaryneuralnet-asic-TTIHP26/src/classification_tree.sv:3612$1624 in module classification_tree.
Marked 7 switch rules as full_case in process $proc$/Users/marcandre/Desktop/Startup/TowardsBNN/binaryneuralnet-asic-TTIHP26/src/classification_tree.sv:3611$1606 in module classification_tree.
Marked 7 switch rules as full_case in process $proc$/Users/marcandre/Desktop/Startup/TowardsBNN/binaryneuralnet-asic-TTIHP26/src/classification_tree.sv:3610$1588 in module classification_tree.
Marked 7 switch rules as full_case in process $proc$/Users/marcandre/Desktop/Startup/TowardsBNN/binaryneuralnet-asic-TTIHP26/src/classification_tree.sv:3609$1570 in module classification_tree.
Marked 7 switch rules as full_case in process $proc$/Users/marcandre/Desktop/Startup/TowardsBNN/binaryneuralnet-asic-TTIHP26/src/classification_tree.sv:3606$1552 in module classification_tree.
Marked 7 switch rules as full_case in process $proc$/Users/marcandre/Desktop/Startup/TowardsBNN/binaryneuralnet-asic-TTIHP26/src/classification_tree.sv:3605$1534 in module classification_tree.
Marked 7 switch rules as full_case in process $proc$/Users/marcandre/Desktop/Startup/TowardsBNN/binaryneuralnet-asic-TTIHP26/src/classification_tree.sv:3604$1516 in module classification_tree.
Marked 7 switch rules as full_case in process $proc$/Users/marcandre/Desktop/Startup/TowardsBNN/binaryneuralnet-asic-TTIHP26/src/classification_tree.sv:3603$1498 in module classification_tree.
Marked 7 switch rules as full_case in process $proc$/Users/marcandre/Desktop/Startup/TowardsBNN/binaryneuralnet-asic-TTIHP26/src/classification_tree.sv:3602$1480 in module classification_tree.
Marked 7 switch rules as full_case in process $proc$/Users/marcandre/Desktop/Startup/TowardsBNN/binaryneuralnet-asic-TTIHP26/src/classification_tree.sv:3601$1462 in module classification_tree.
Marked 7 switch rules as full_case in process $proc$/Users/marcandre/Desktop/Startup/TowardsBNN/binaryneuralnet-asic-TTIHP26/src/classification_tree.sv:3600$1444 in module classification_tree.
Marked 7 switch rules as full_case in process $proc$/Users/marcandre/Desktop/Startup/TowardsBNN/binaryneuralnet-asic-TTIHP26/src/classification_tree.sv:3599$1426 in module classification_tree.
Marked 7 switch rules as full_case in process $proc$/Users/marcandre/Desktop/Startup/TowardsBNN/binaryneuralnet-asic-TTIHP26/src/classification_tree.sv:3598$1408 in module classification_tree.
Marked 7 switch rules as full_case in process $proc$/Users/marcandre/Desktop/Startup/TowardsBNN/binaryneuralnet-asic-TTIHP26/src/classification_tree.sv:3597$1390 in module classification_tree.
Marked 7 switch rules as full_case in process $proc$/Users/marcandre/Desktop/Startup/TowardsBNN/binaryneuralnet-asic-TTIHP26/src/classification_tree.sv:3594$1372 in module classification_tree.
Marked 7 switch rules as full_case in process $proc$/Users/marcandre/Desktop/Startup/TowardsBNN/binaryneuralnet-asic-TTIHP26/src/classification_tree.sv:3593$1354 in module classification_tree.
Marked 7 switch rules as full_case in process $proc$/Users/marcandre/Desktop/Startup/TowardsBNN/binaryneuralnet-asic-TTIHP26/src/classification_tree.sv:3592$1336 in module classification_tree.
Marked 7 switch rules as full_case in process $proc$/Users/marcandre/Desktop/Startup/TowardsBNN/binaryneuralnet-asic-TTIHP26/src/classification_tree.sv:3591$1318 in module classification_tree.
Marked 7 switch rules as full_case in process $proc$/Users/marcandre/Desktop/Startup/TowardsBNN/binaryneuralnet-asic-TTIHP26/src/classification_tree.sv:3590$1300 in module classification_tree.
Marked 7 switch rules as full_case in process $proc$/Users/marcandre/Desktop/Startup/TowardsBNN/binaryneuralnet-asic-TTIHP26/src/classification_tree.sv:3589$1282 in module classification_tree.
Marked 7 switch rules as full_case in process $proc$/Users/marcandre/Desktop/Startup/TowardsBNN/binaryneuralnet-asic-TTIHP26/src/classification_tree.sv:3588$1264 in module classification_tree.
Marked 7 switch rules as full_case in process $proc$/Users/marcandre/Desktop/Startup/TowardsBNN/binaryneuralnet-asic-TTIHP26/src/classification_tree.sv:3587$1246 in module classification_tree.
Marked 7 switch rules as full_case in process $proc$/Users/marcandre/Desktop/Startup/TowardsBNN/binaryneuralnet-asic-TTIHP26/src/classification_tree.sv:3586$1228 in module classification_tree.
Marked 7 switch rules as full_case in process $proc$/Users/marcandre/Desktop/Startup/TowardsBNN/binaryneuralnet-asic-TTIHP26/src/classification_tree.sv:3585$1210 in module classification_tree.
Marked 7 switch rules as full_case in process $proc$/Users/marcandre/Desktop/Startup/TowardsBNN/binaryneuralnet-asic-TTIHP26/src/classification_tree.sv:3582$1192 in module classification_tree.
Marked 7 switch rules as full_case in process $proc$/Users/marcandre/Desktop/Startup/TowardsBNN/binaryneuralnet-asic-TTIHP26/src/classification_tree.sv:3581$1174 in module classification_tree.
Marked 7 switch rules as full_case in process $proc$/Users/marcandre/Desktop/Startup/TowardsBNN/binaryneuralnet-asic-TTIHP26/src/classification_tree.sv:3580$1156 in module classification_tree.
Marked 7 switch rules as full_case in process $proc$/Users/marcandre/Desktop/Startup/TowardsBNN/binaryneuralnet-asic-TTIHP26/src/classification_tree.sv:3579$1138 in module classification_tree.
Marked 7 switch rules as full_case in process $proc$/Users/marcandre/Desktop/Startup/TowardsBNN/binaryneuralnet-asic-TTIHP26/src/classification_tree.sv:3578$1120 in module classification_tree.
Marked 7 switch rules as full_case in process $proc$/Users/marcandre/Desktop/Startup/TowardsBNN/binaryneuralnet-asic-TTIHP26/src/classification_tree.sv:3577$1102 in module classification_tree.
Marked 7 switch rules as full_case in process $proc$/Users/marcandre/Desktop/Startup/TowardsBNN/binaryneuralnet-asic-TTIHP26/src/classification_tree.sv:3576$1084 in module classification_tree.
Marked 7 switch rules as full_case in process $proc$/Users/marcandre/Desktop/Startup/TowardsBNN/binaryneuralnet-asic-TTIHP26/src/classification_tree.sv:3575$1066 in module classification_tree.
Marked 7 switch rules as full_case in process $proc$/Users/marcandre/Desktop/Startup/TowardsBNN/binaryneuralnet-asic-TTIHP26/src/classification_tree.sv:3574$1048 in module classification_tree.
Marked 7 switch rules as full_case in process $proc$/Users/marcandre/Desktop/Startup/TowardsBNN/binaryneuralnet-asic-TTIHP26/src/classification_tree.sv:3573$1030 in module classification_tree.
Marked 7 switch rules as full_case in process $proc$/Users/marcandre/Desktop/Startup/TowardsBNN/binaryneuralnet-asic-TTIHP26/src/classification_tree.sv:3570$1012 in module classification_tree.
Marked 7 switch rules as full_case in process $proc$/Users/marcandre/Desktop/Startup/TowardsBNN/binaryneuralnet-asic-TTIHP26/src/classification_tree.sv:3569$994 in module classification_tree.
Marked 7 switch rules as full_case in process $proc$/Users/marcandre/Desktop/Startup/TowardsBNN/binaryneuralnet-asic-TTIHP26/src/classification_tree.sv:3568$976 in module classification_tree.
Marked 7 switch rules as full_case in process $proc$/Users/marcandre/Desktop/Startup/TowardsBNN/binaryneuralnet-asic-TTIHP26/src/classification_tree.sv:3567$958 in module classification_tree.
Marked 7 switch rules as full_case in process $proc$/Users/marcandre/Desktop/Startup/TowardsBNN/binaryneuralnet-asic-TTIHP26/src/classification_tree.sv:3566$940 in module classification_tree.
Marked 7 switch rules as full_case in process $proc$/Users/marcandre/Desktop/Startup/TowardsBNN/binaryneuralnet-asic-TTIHP26/src/classification_tree.sv:3565$922 in module classification_tree.
Marked 7 switch rules as full_case in process $proc$/Users/marcandre/Desktop/Startup/TowardsBNN/binaryneuralnet-asic-TTIHP26/src/classification_tree.sv:3564$904 in module classification_tree.
Marked 7 switch rules as full_case in process $proc$/Users/marcandre/Desktop/Startup/TowardsBNN/binaryneuralnet-asic-TTIHP26/src/classification_tree.sv:3563$886 in module classification_tree.
Marked 7 switch rules as full_case in process $proc$/Users/marcandre/Desktop/Startup/TowardsBNN/binaryneuralnet-asic-TTIHP26/src/classification_tree.sv:3562$868 in module classification_tree.
Marked 7 switch rules as full_case in process $proc$/Users/marcandre/Desktop/Startup/TowardsBNN/binaryneuralnet-asic-TTIHP26/src/classification_tree.sv:3561$850 in module classification_tree.
Marked 7 switch rules as full_case in process $proc$/Users/marcandre/Desktop/Startup/TowardsBNN/binaryneuralnet-asic-TTIHP26/src/classification_tree.sv:3558$832 in module classification_tree.
Marked 7 switch rules as full_case in process $proc$/Users/marcandre/Desktop/Startup/TowardsBNN/binaryneuralnet-asic-TTIHP26/src/classification_tree.sv:3557$814 in module classification_tree.
Marked 7 switch rules as full_case in process $proc$/Users/marcandre/Desktop/Startup/TowardsBNN/binaryneuralnet-asic-TTIHP26/src/classification_tree.sv:3556$796 in module classification_tree.
Marked 7 switch rules as full_case in process $proc$/Users/marcandre/Desktop/Startup/TowardsBNN/binaryneuralnet-asic-TTIHP26/src/classification_tree.sv:3555$778 in module classification_tree.
Marked 7 switch rules as full_case in process $proc$/Users/marcandre/Desktop/Startup/TowardsBNN/binaryneuralnet-asic-TTIHP26/src/classification_tree.sv:3554$760 in module classification_tree.
Marked 7 switch rules as full_case in process $proc$/Users/marcandre/Desktop/Startup/TowardsBNN/binaryneuralnet-asic-TTIHP26/src/classification_tree.sv:3553$742 in module classification_tree.
Marked 7 switch rules as full_case in process $proc$/Users/marcandre/Desktop/Startup/TowardsBNN/binaryneuralnet-asic-TTIHP26/src/classification_tree.sv:3552$724 in module classification_tree.
Marked 7 switch rules as full_case in process $proc$/Users/marcandre/Desktop/Startup/TowardsBNN/binaryneuralnet-asic-TTIHP26/src/classification_tree.sv:3551$706 in module classification_tree.
Marked 7 switch rules as full_case in process $proc$/Users/marcandre/Desktop/Startup/TowardsBNN/binaryneuralnet-asic-TTIHP26/src/classification_tree.sv:3550$688 in module classification_tree.
Marked 7 switch rules as full_case in process $proc$/Users/marcandre/Desktop/Startup/TowardsBNN/binaryneuralnet-asic-TTIHP26/src/classification_tree.sv:3549$670 in module classification_tree.
Marked 7 switch rules as full_case in process $proc$/Users/marcandre/Desktop/Startup/TowardsBNN/binaryneuralnet-asic-TTIHP26/src/classification_tree.sv:3546$652 in module classification_tree.
Marked 7 switch rules as full_case in process $proc$/Users/marcandre/Desktop/Startup/TowardsBNN/binaryneuralnet-asic-TTIHP26/src/classification_tree.sv:3545$634 in module classification_tree.
Marked 7 switch rules as full_case in process $proc$/Users/marcandre/Desktop/Startup/TowardsBNN/binaryneuralnet-asic-TTIHP26/src/classification_tree.sv:3544$616 in module classification_tree.
Marked 7 switch rules as full_case in process $proc$/Users/marcandre/Desktop/Startup/TowardsBNN/binaryneuralnet-asic-TTIHP26/src/classification_tree.sv:3543$598 in module classification_tree.
Marked 7 switch rules as full_case in process $proc$/Users/marcandre/Desktop/Startup/TowardsBNN/binaryneuralnet-asic-TTIHP26/src/classification_tree.sv:3542$580 in module classification_tree.
Marked 7 switch rules as full_case in process $proc$/Users/marcandre/Desktop/Startup/TowardsBNN/binaryneuralnet-asic-TTIHP26/src/classification_tree.sv:3541$562 in module classification_tree.
Marked 7 switch rules as full_case in process $proc$/Users/marcandre/Desktop/Startup/TowardsBNN/binaryneuralnet-asic-TTIHP26/src/classification_tree.sv:3540$544 in module classification_tree.
Marked 7 switch rules as full_case in process $proc$/Users/marcandre/Desktop/Startup/TowardsBNN/binaryneuralnet-asic-TTIHP26/src/classification_tree.sv:3539$526 in module classification_tree.
Marked 6 switch rules as full_case in process $proc$/Users/marcandre/Desktop/Startup/TowardsBNN/binaryneuralnet-asic-TTIHP26/src/classification_tree.sv:3538$510 in module classification_tree.
Marked 7 switch rules as full_case in process $proc$/Users/marcandre/Desktop/Startup/TowardsBNN/binaryneuralnet-asic-TTIHP26/src/classification_tree.sv:3537$492 in module classification_tree.
Marked 7 switch rules as full_case in process $proc$/Users/marcandre/Desktop/Startup/TowardsBNN/binaryneuralnet-asic-TTIHP26/src/classification_tree.sv:3534$474 in module classification_tree.
Marked 7 switch rules as full_case in process $proc$/Users/marcandre/Desktop/Startup/TowardsBNN/binaryneuralnet-asic-TTIHP26/src/classification_tree.sv:3533$456 in module classification_tree.
Marked 7 switch rules as full_case in process $proc$/Users/marcandre/Desktop/Startup/TowardsBNN/binaryneuralnet-asic-TTIHP26/src/classification_tree.sv:3532$438 in module classification_tree.
Marked 7 switch rules as full_case in process $proc$/Users/marcandre/Desktop/Startup/TowardsBNN/binaryneuralnet-asic-TTIHP26/src/classification_tree.sv:3531$420 in module classification_tree.
Marked 7 switch rules as full_case in process $proc$/Users/marcandre/Desktop/Startup/TowardsBNN/binaryneuralnet-asic-TTIHP26/src/classification_tree.sv:3530$402 in module classification_tree.
Marked 7 switch rules as full_case in process $proc$/Users/marcandre/Desktop/Startup/TowardsBNN/binaryneuralnet-asic-TTIHP26/src/classification_tree.sv:3529$384 in module classification_tree.
Marked 7 switch rules as full_case in process $proc$/Users/marcandre/Desktop/Startup/TowardsBNN/binaryneuralnet-asic-TTIHP26/src/classification_tree.sv:3528$366 in module classification_tree.
Marked 7 switch rules as full_case in process $proc$/Users/marcandre/Desktop/Startup/TowardsBNN/binaryneuralnet-asic-TTIHP26/src/classification_tree.sv:3527$348 in module classification_tree.
Marked 7 switch rules as full_case in process $proc$/Users/marcandre/Desktop/Startup/TowardsBNN/binaryneuralnet-asic-TTIHP26/src/classification_tree.sv:3526$330 in module classification_tree.
Marked 7 switch rules as full_case in process $proc$/Users/marcandre/Desktop/Startup/TowardsBNN/binaryneuralnet-asic-TTIHP26/src/classification_tree.sv:3525$312 in module classification_tree.
Marked 9 switch rules as full_case in process $proc$/Users/marcandre/Desktop/Startup/TowardsBNN/binaryneuralnet-asic-TTIHP26/src/classification_tree.sv:3646$302 in module classification_tree.
Marked 1 switch rules as full_case in process $proc$/Users/marcandre/Desktop/Startup/TowardsBNN/binaryneuralnet-asic-TTIHP26/src/main.sv:233$11 in module main.
Marked 2 switch rules as full_case in process $proc$/Users/marcandre/Desktop/Startup/TowardsBNN/binaryneuralnet-asic-TTIHP26/src/main.sv:160$9 in module main.
Removed a total of 11 dead cases.

19.3. Executing PROC_PRUNE pass (remove redundant assignments in processes).
Removed 5 redundant assignments.
Promoted 381 assignments to connections.

19.4. Executing PROC_INIT pass (extract init attributes).

19.5. Executing PROC_ARST pass (detect async resets in processes).
Found async reset \rst_ni in `\load_conv_op_3x6.$proc$/Users/marcandre/Desktop/Startup/TowardsBNN/binaryneuralnet-asic-TTIHP26/src/load_conv_op_3x6.sv:126$2522'.
Found async reset \rst_ni in `\mnist_loader.$proc$/Users/marcandre/Desktop/Startup/TowardsBNN/binaryneuralnet-asic-TTIHP26/src/mnist_loader.sv:64$2400'.
Found async reset \rst_ni in `\conv_layer1.$proc$/Users/marcandre/Desktop/Startup/TowardsBNN/binaryneuralnet-asic-TTIHP26/src/conv_layer1.sv:168$2378'.
Found async reset \rst_ni in `$paramod$c9bc438dfe858e9d75bddd12c427471508300052\maxpool_2x2.$proc$/Users/marcandre/Desktop/Startup/TowardsBNN/binaryneuralnet-asic-TTIHP26/src/maxpool_2x2.sv:165$2345'.
Found async reset \rst_ni in `\conv_layer2.$proc$/Users/marcandre/Desktop/Startup/TowardsBNN/binaryneuralnet-asic-TTIHP26/src/conv_layer2.sv:186$2198'.
Found async reset \rst_ni in `$paramod$f16bc6def46f6441af0290023d3b6045c72e1335\maxpool_2x2.$proc$/Users/marcandre/Desktop/Startup/TowardsBNN/binaryneuralnet-asic-TTIHP26/src/maxpool_2x2.sv:165$2152'.
Found async reset \rst_ni in `\conv_layer3.$proc$/Users/marcandre/Desktop/Startup/TowardsBNN/binaryneuralnet-asic-TTIHP26/src/conv_layer3.sv:118$2115'.
Found async reset \rst_ni in `\main.$proc$/Users/marcandre/Desktop/Startup/TowardsBNN/binaryneuralnet-asic-TTIHP26/src/main.sv:160$9'.

19.6. Executing PROC_ROM pass (convert switches to ROMs).
Converted 2 switches.
<suppressed ~773 debug messages>

19.7. Executing PROC_MUX pass (convert decision trees to multiplexers).
Creating decoders for process `\conv_weights_3x3_l2.$proc$/Users/marcandre/Desktop/Startup/TowardsBNN/binaryneuralnet-asic-TTIHP26/src/conv_weights_3x3_l2.sv:71$2688'.
     1/1: { $1\w33[0:0] $1\w32[0:0] $1\w31[0:0] $1\w23[0:0] $1\w22[0:0] $1\w21[0:0] $1\w13[0:0] $1\w12[0:0] $1\w11[0:0] }
Creating decoders for process `\load_conv_op_3x6.$proc$/Users/marcandre/Desktop/Startup/TowardsBNN/binaryneuralnet-asic-TTIHP26/src/load_conv_op_3x6.sv:126$2522'.
     1/42: $0\buffer_o[17:0] [11:6]
     2/42: $0\buffer_o[17:0] [5:0]
     3/42: $0\buffer_o[17:0] [17:12]
     4/42: $2\extract6$func$/Users/marcandre/Desktop/Startup/TowardsBNN/binaryneuralnet-asic-TTIHP26/src/load_conv_op_3x6.sv:173$2512.combined[15:0]$2576
     5/42: $2\extract6$func$/Users/marcandre/Desktop/Startup/TowardsBNN/binaryneuralnet-asic-TTIHP26/src/load_conv_op_3x6.sv:173$2512.bit_off[2:0]$2575
     6/42: $2\extract6$func$/Users/marcandre/Desktop/Startup/TowardsBNN/binaryneuralnet-asic-TTIHP26/src/load_conv_op_3x6.sv:173$2512.byte_b[7:0]$2574
     7/42: $2\extract6$func$/Users/marcandre/Desktop/Startup/TowardsBNN/binaryneuralnet-asic-TTIHP26/src/load_conv_op_3x6.sv:173$2512.byte_a[7:0]$2573
     8/42: $2\extract6$func$/Users/marcandre/Desktop/Startup/TowardsBNN/binaryneuralnet-asic-TTIHP26/src/load_conv_op_3x6.sv:173$2512.$result[5:0]$2572
     9/42: $2\extract6$func$/Users/marcandre/Desktop/Startup/TowardsBNN/binaryneuralnet-asic-TTIHP26/src/load_conv_op_3x6.sv:162$2511.shifted[15:0]$2571
    10/42: $2\extract6$func$/Users/marcandre/Desktop/Startup/TowardsBNN/binaryneuralnet-asic-TTIHP26/src/load_conv_op_3x6.sv:162$2511.combined[15:0]$2570
    11/42: $2\extract6$func$/Users/marcandre/Desktop/Startup/TowardsBNN/binaryneuralnet-asic-TTIHP26/src/load_conv_op_3x6.sv:162$2511.bit_off[2:0]$2569
    12/42: $2\extract6$func$/Users/marcandre/Desktop/Startup/TowardsBNN/binaryneuralnet-asic-TTIHP26/src/load_conv_op_3x6.sv:162$2511.byte_b[7:0]$2568
    13/42: $2\extract6$func$/Users/marcandre/Desktop/Startup/TowardsBNN/binaryneuralnet-asic-TTIHP26/src/load_conv_op_3x6.sv:162$2511.byte_a[7:0]$2567
    14/42: $2\extract6$func$/Users/marcandre/Desktop/Startup/TowardsBNN/binaryneuralnet-asic-TTIHP26/src/load_conv_op_3x6.sv:162$2511.$result[5:0]$2566
    15/42: $2\extract6$func$/Users/marcandre/Desktop/Startup/TowardsBNN/binaryneuralnet-asic-TTIHP26/src/load_conv_op_3x6.sv:151$2510.shifted[15:0]$2565
    16/42: $2\extract6$func$/Users/marcandre/Desktop/Startup/TowardsBNN/binaryneuralnet-asic-TTIHP26/src/load_conv_op_3x6.sv:151$2510.combined[15:0]$2564
    17/42: $2\extract6$func$/Users/marcandre/Desktop/Startup/TowardsBNN/binaryneuralnet-asic-TTIHP26/src/load_conv_op_3x6.sv:151$2510.bit_off[2:0]$2563
    18/42: $2\extract6$func$/Users/marcandre/Desktop/Startup/TowardsBNN/binaryneuralnet-asic-TTIHP26/src/load_conv_op_3x6.sv:151$2510.byte_b[7:0]$2562
    19/42: $2\extract6$func$/Users/marcandre/Desktop/Startup/TowardsBNN/binaryneuralnet-asic-TTIHP26/src/load_conv_op_3x6.sv:151$2510.byte_a[7:0]$2561
    20/42: $2\extract6$func$/Users/marcandre/Desktop/Startup/TowardsBNN/binaryneuralnet-asic-TTIHP26/src/load_conv_op_3x6.sv:151$2510.$result[5:0]$2560
    21/42: $1\extract6$func$/Users/marcandre/Desktop/Startup/TowardsBNN/binaryneuralnet-asic-TTIHP26/src/load_conv_op_3x6.sv:173$2512.shifted[15:0]$2559
    22/42: $1\extract6$func$/Users/marcandre/Desktop/Startup/TowardsBNN/binaryneuralnet-asic-TTIHP26/src/load_conv_op_3x6.sv:173$2512.combined[15:0]$2558
    23/42: $1\extract6$func$/Users/marcandre/Desktop/Startup/TowardsBNN/binaryneuralnet-asic-TTIHP26/src/load_conv_op_3x6.sv:173$2512.bit_off[2:0]$2557
    24/42: $1\extract6$func$/Users/marcandre/Desktop/Startup/TowardsBNN/binaryneuralnet-asic-TTIHP26/src/load_conv_op_3x6.sv:173$2512.byte_b[7:0]$2556
    25/42: $1\extract6$func$/Users/marcandre/Desktop/Startup/TowardsBNN/binaryneuralnet-asic-TTIHP26/src/load_conv_op_3x6.sv:173$2512.byte_a[7:0]$2555
    26/42: $1\extract6$func$/Users/marcandre/Desktop/Startup/TowardsBNN/binaryneuralnet-asic-TTIHP26/src/load_conv_op_3x6.sv:173$2512.$result[5:0]$2554
    27/42: $1\extract6$func$/Users/marcandre/Desktop/Startup/TowardsBNN/binaryneuralnet-asic-TTIHP26/src/load_conv_op_3x6.sv:162$2511.shifted[15:0]$2553
    28/42: $1\extract6$func$/Users/marcandre/Desktop/Startup/TowardsBNN/binaryneuralnet-asic-TTIHP26/src/load_conv_op_3x6.sv:162$2511.combined[15:0]$2552
    29/42: $1\extract6$func$/Users/marcandre/Desktop/Startup/TowardsBNN/binaryneuralnet-asic-TTIHP26/src/load_conv_op_3x6.sv:162$2511.bit_off[2:0]$2551
    30/42: $1\extract6$func$/Users/marcandre/Desktop/Startup/TowardsBNN/binaryneuralnet-asic-TTIHP26/src/load_conv_op_3x6.sv:162$2511.byte_b[7:0]$2550
    31/42: $1\extract6$func$/Users/marcandre/Desktop/Startup/TowardsBNN/binaryneuralnet-asic-TTIHP26/src/load_conv_op_3x6.sv:162$2511.byte_a[7:0]$2549
    32/42: $1\extract6$func$/Users/marcandre/Desktop/Startup/TowardsBNN/binaryneuralnet-asic-TTIHP26/src/load_conv_op_3x6.sv:162$2511.$result[5:0]$2548
    33/42: $1\extract6$func$/Users/marcandre/Desktop/Startup/TowardsBNN/binaryneuralnet-asic-TTIHP26/src/load_conv_op_3x6.sv:151$2510.shifted[15:0]$2547
    34/42: $1\extract6$func$/Users/marcandre/Desktop/Startup/TowardsBNN/binaryneuralnet-asic-TTIHP26/src/load_conv_op_3x6.sv:151$2510.combined[15:0]$2546
    35/42: $1\extract6$func$/Users/marcandre/Desktop/Startup/TowardsBNN/binaryneuralnet-asic-TTIHP26/src/load_conv_op_3x6.sv:151$2510.bit_off[2:0]$2545
    36/42: $1\extract6$func$/Users/marcandre/Desktop/Startup/TowardsBNN/binaryneuralnet-asic-TTIHP26/src/load_conv_op_3x6.sv:151$2510.byte_b[7:0]$2544
    37/42: $1\extract6$func$/Users/marcandre/Desktop/Startup/TowardsBNN/binaryneuralnet-asic-TTIHP26/src/load_conv_op_3x6.sv:151$2510.byte_a[7:0]$2543
    38/42: $1\extract6$func$/Users/marcandre/Desktop/Startup/TowardsBNN/binaryneuralnet-asic-TTIHP26/src/load_conv_op_3x6.sv:151$2510.$result[5:0]$2542
    39/42: $0\byte_a_r[7:0]
    40/42: $2\extract6$func$/Users/marcandre/Desktop/Startup/TowardsBNN/binaryneuralnet-asic-TTIHP26/src/load_conv_op_3x6.sv:173$2512.shifted[15:0]$2577
    41/42: $0\ready_o[0:0]
    42/42: $0\state[3:0]
Creating decoders for process `\load_conv_op_3x6.$proc$/Users/marcandre/Desktop/Startup/TowardsBNN/binaryneuralnet-asic-TTIHP26/src/load_conv_op_3x6.sv:103$2521'.
     1/2: $2\sram_req[25:18]
     2/2: $1\sram_req[8:8]
Creating decoders for process `\conv_weights_3x3_l1.$proc$/Users/marcandre/Desktop/Startup/TowardsBNN/binaryneuralnet-asic-TTIHP26/src/conv_weights_3x3_l1.sv:71$2509'.
     1/1: { $1\w33[0:0] $1\w32[0:0] $1\w31[0:0] $1\w23[0:0] $1\w22[0:0] $1\w21[0:0] $1\w13[0:0] $1\w12[0:0] $1\w11[0:0] }
Creating decoders for process `\mnist_loader.$proc$/Users/marcandre/Desktop/Startup/TowardsBNN/binaryneuralnet-asic-TTIHP26/src/mnist_loader.sv:64$2400'.
     1/2: $0\packet_counter[6:0]
     2/2: $0\state[1:0]
Creating decoders for process `\conv_layer1.$proc$/Users/marcandre/Desktop/Startup/TowardsBNN/binaryneuralnet-asic-TTIHP26/src/conv_layer1.sv:168$2378'.
     1/5: $0\col_start[3:0]
     2/5: $0\write_j[1:0]
     3/5: $0\row_out[3:0]
     4/5: $0\co[2:0]
     5/5: $0\state[2:0]
Creating decoders for process `\conv_layer1.$proc$/Users/marcandre/Desktop/Startup/TowardsBNN/binaryneuralnet-asic-TTIHP26/src/conv_layer1.sv:155$2374'.
     1/1: $1\sram_req[25:0]
Creating decoders for process `\conv_layer1.$proc$/Users/marcandre/Desktop/Startup/TowardsBNN/binaryneuralnet-asic-TTIHP26/src/conv_layer1.sv:146$2371'.
Creating decoders for process `\conv_layer1.$proc$/Users/marcandre/Desktop/Startup/TowardsBNN/binaryneuralnet-asic-TTIHP26/src/conv_layer1.sv:88$2355'.
     1/1: $0\buffer_reg[17:0]
Creating decoders for process `$paramod$c9bc438dfe858e9d75bddd12c427471508300052\maxpool_2x2.$proc$/Users/marcandre/Desktop/Startup/TowardsBNN/binaryneuralnet-asic-TTIHP26/src/maxpool_2x2.sv:165$2345'.
     1/6: $0\bot_byte_reg[7:0]
     2/6: $0\top_byte_reg[7:0]
     3/6: $0\c_out[3:0]
     4/6: $0\r_out[3:0]
     5/6: $0\co[3:0]
     6/6: $0\state[2:0]
Creating decoders for process `$paramod$c9bc438dfe858e9d75bddd12c427471508300052\maxpool_2x2.$proc$/Users/marcandre/Desktop/Startup/TowardsBNN/binaryneuralnet-asic-TTIHP26/src/maxpool_2x2.sv:139$2341'.
     1/5: $1\sram_req[25:0] [25:18]
     2/5: $1\sram_req[25:0] [8]
     3/5: $1\sram_req[25:0] [9]
     4/5: $1\sram_req[25:0] [17:10]
     5/5: $1\sram_req[25:0] [7:0]
Creating decoders for process `\conv_layer2.$proc$/Users/marcandre/Desktop/Startup/TowardsBNN/binaryneuralnet-asic-TTIHP26/src/conv_layer2.sv:157$2309'.
     1/1: $1$mem2reg_rd$\acc$/Users/marcandre/Desktop/Startup/TowardsBNN/binaryneuralnet-asic-TTIHP26/src/conv_layer2.sv:157$2163_DATA[6:0]$2311
Creating decoders for process `\conv_layer2.$proc$/Users/marcandre/Desktop/Startup/TowardsBNN/binaryneuralnet-asic-TTIHP26/src/conv_layer2.sv:156$2304'.
     1/1: $1$mem2reg_rd$\acc$/Users/marcandre/Desktop/Startup/TowardsBNN/binaryneuralnet-asic-TTIHP26/src/conv_layer2.sv:156$2162_DATA[6:0]$2306
Creating decoders for process `\conv_layer2.$proc$/Users/marcandre/Desktop/Startup/TowardsBNN/binaryneuralnet-asic-TTIHP26/src/conv_layer2.sv:155$2299'.
     1/1: $1$mem2reg_rd$\acc$/Users/marcandre/Desktop/Startup/TowardsBNN/binaryneuralnet-asic-TTIHP26/src/conv_layer2.sv:155$2161_DATA[6:0]$2301
Creating decoders for process `\conv_layer2.$proc$/Users/marcandre/Desktop/Startup/TowardsBNN/binaryneuralnet-asic-TTIHP26/src/conv_layer2.sv:154$2294'.
     1/1: $1$mem2reg_rd$\acc$/Users/marcandre/Desktop/Startup/TowardsBNN/binaryneuralnet-asic-TTIHP26/src/conv_layer2.sv:154$2160_DATA[6:0]$2296
Creating decoders for process `\conv_layer2.$proc$/Users/marcandre/Desktop/Startup/TowardsBNN/binaryneuralnet-asic-TTIHP26/src/conv_layer2.sv:186$2198'.
     1/115: $5$unnamed_block$7.i[31:0]$2288
     2/115: $5$unnamed_block$7.j[31:0]$2289
     3/115: $4$unnamed_block$7.j[31:0]$2286
     4/115: $4$unnamed_block$7.i[31:0]$2285
     5/115: $3$mem2reg_rd$\acc$/Users/marcandre/Desktop/Startup/TowardsBNN/binaryneuralnet-asic-TTIHP26/src/conv_layer2.sv:230$2171_DATA[6:0]$2276
     6/115: $3$mem2reg_rd$\acc$/Users/marcandre/Desktop/Startup/TowardsBNN/binaryneuralnet-asic-TTIHP26/src/conv_layer2.sv:229$2169_DATA[6:0]$2270
     7/115: $3$mem2reg_rd$\acc$/Users/marcandre/Desktop/Startup/TowardsBNN/binaryneuralnet-asic-TTIHP26/src/conv_layer2.sv:228$2167_DATA[6:0]$2264
     8/115: $3$mem2reg_rd$\acc$/Users/marcandre/Desktop/Startup/TowardsBNN/binaryneuralnet-asic-TTIHP26/src/conv_layer2.sv:227$2165_DATA[6:0]$2258
     9/115: $3$unnamed_block$7.i[31:0]$2254
    10/115: $3$unnamed_block$7.j[31:0]$2255
    11/115: $2$unnamed_block$7.j[31:0]$2237
    12/115: $2$unnamed_block$7.i[31:0]$2236
    13/115: $2$mem2reg_rd$\acc$/Users/marcandre/Desktop/Startup/TowardsBNN/binaryneuralnet-asic-TTIHP26/src/conv_layer2.sv:230$2171_DATA[6:0]$2253
    14/115: $2$mem2reg_rd$\acc$/Users/marcandre/Desktop/Startup/TowardsBNN/binaryneuralnet-asic-TTIHP26/src/conv_layer2.sv:230$2171_ADDR[5:0]$2252
    15/115: $2$mem2reg_wr$\acc$/Users/marcandre/Desktop/Startup/TowardsBNN/binaryneuralnet-asic-TTIHP26/src/conv_layer2.sv:230$2170_DATA[6:0]$2251
    16/115: $2$mem2reg_wr$\acc$/Users/marcandre/Desktop/Startup/TowardsBNN/binaryneuralnet-asic-TTIHP26/src/conv_layer2.sv:230$2170_ADDR[5:0]$2250
    17/115: $2$mem2reg_rd$\acc$/Users/marcandre/Desktop/Startup/TowardsBNN/binaryneuralnet-asic-TTIHP26/src/conv_layer2.sv:229$2169_DATA[6:0]$2249
    18/115: $2$mem2reg_rd$\acc$/Users/marcandre/Desktop/Startup/TowardsBNN/binaryneuralnet-asic-TTIHP26/src/conv_layer2.sv:229$2169_ADDR[5:0]$2248
    19/115: $2$mem2reg_wr$\acc$/Users/marcandre/Desktop/Startup/TowardsBNN/binaryneuralnet-asic-TTIHP26/src/conv_layer2.sv:229$2168_DATA[6:0]$2247
    20/115: $2$mem2reg_wr$\acc$/Users/marcandre/Desktop/Startup/TowardsBNN/binaryneuralnet-asic-TTIHP26/src/conv_layer2.sv:229$2168_ADDR[5:0]$2246
    21/115: $2$mem2reg_rd$\acc$/Users/marcandre/Desktop/Startup/TowardsBNN/binaryneuralnet-asic-TTIHP26/src/conv_layer2.sv:228$2167_DATA[6:0]$2245
    22/115: $2$mem2reg_rd$\acc$/Users/marcandre/Desktop/Startup/TowardsBNN/binaryneuralnet-asic-TTIHP26/src/conv_layer2.sv:228$2167_ADDR[5:0]$2244
    23/115: $2$mem2reg_wr$\acc$/Users/marcandre/Desktop/Startup/TowardsBNN/binaryneuralnet-asic-TTIHP26/src/conv_layer2.sv:228$2166_DATA[6:0]$2243
    24/115: $2$mem2reg_wr$\acc$/Users/marcandre/Desktop/Startup/TowardsBNN/binaryneuralnet-asic-TTIHP26/src/conv_layer2.sv:228$2166_ADDR[5:0]$2242
    25/115: $2$mem2reg_rd$\acc$/Users/marcandre/Desktop/Startup/TowardsBNN/binaryneuralnet-asic-TTIHP26/src/conv_layer2.sv:227$2165_DATA[6:0]$2241
    26/115: $2$mem2reg_rd$\acc$/Users/marcandre/Desktop/Startup/TowardsBNN/binaryneuralnet-asic-TTIHP26/src/conv_layer2.sv:227$2165_ADDR[5:0]$2240
    27/115: $2$mem2reg_wr$\acc$/Users/marcandre/Desktop/Startup/TowardsBNN/binaryneuralnet-asic-TTIHP26/src/conv_layer2.sv:227$2164_DATA[6:0]$2239
    28/115: $2$mem2reg_wr$\acc$/Users/marcandre/Desktop/Startup/TowardsBNN/binaryneuralnet-asic-TTIHP26/src/conv_layer2.sv:227$2164_ADDR[5:0]$2238
    29/115: $1$mem2reg_rd$\acc$/Users/marcandre/Desktop/Startup/TowardsBNN/binaryneuralnet-asic-TTIHP26/src/conv_layer2.sv:230$2171_DATA[6:0]$2235
    30/115: $1$mem2reg_rd$\acc$/Users/marcandre/Desktop/Startup/TowardsBNN/binaryneuralnet-asic-TTIHP26/src/conv_layer2.sv:230$2171_ADDR[5:0]$2234
    31/115: $1$mem2reg_wr$\acc$/Users/marcandre/Desktop/Startup/TowardsBNN/binaryneuralnet-asic-TTIHP26/src/conv_layer2.sv:230$2170_DATA[6:0]$2233
    32/115: $1$mem2reg_wr$\acc$/Users/marcandre/Desktop/Startup/TowardsBNN/binaryneuralnet-asic-TTIHP26/src/conv_layer2.sv:230$2170_ADDR[5:0]$2232
    33/115: $1$mem2reg_rd$\acc$/Users/marcandre/Desktop/Startup/TowardsBNN/binaryneuralnet-asic-TTIHP26/src/conv_layer2.sv:229$2169_DATA[6:0]$2231
    34/115: $1$mem2reg_rd$\acc$/Users/marcandre/Desktop/Startup/TowardsBNN/binaryneuralnet-asic-TTIHP26/src/conv_layer2.sv:229$2169_ADDR[5:0]$2230
    35/115: $1$mem2reg_wr$\acc$/Users/marcandre/Desktop/Startup/TowardsBNN/binaryneuralnet-asic-TTIHP26/src/conv_layer2.sv:229$2168_DATA[6:0]$2229
    36/115: $1$mem2reg_wr$\acc$/Users/marcandre/Desktop/Startup/TowardsBNN/binaryneuralnet-asic-TTIHP26/src/conv_layer2.sv:229$2168_ADDR[5:0]$2228
    37/115: $1$mem2reg_rd$\acc$/Users/marcandre/Desktop/Startup/TowardsBNN/binaryneuralnet-asic-TTIHP26/src/conv_layer2.sv:228$2167_DATA[6:0]$2227
    38/115: $1$mem2reg_rd$\acc$/Users/marcandre/Desktop/Startup/TowardsBNN/binaryneuralnet-asic-TTIHP26/src/conv_layer2.sv:228$2167_ADDR[5:0]$2226
    39/115: $1$mem2reg_wr$\acc$/Users/marcandre/Desktop/Startup/TowardsBNN/binaryneuralnet-asic-TTIHP26/src/conv_layer2.sv:228$2166_DATA[6:0]$2225
    40/115: $1$mem2reg_wr$\acc$/Users/marcandre/Desktop/Startup/TowardsBNN/binaryneuralnet-asic-TTIHP26/src/conv_layer2.sv:228$2166_ADDR[5:0]$2224
    41/115: $1$mem2reg_rd$\acc$/Users/marcandre/Desktop/Startup/TowardsBNN/binaryneuralnet-asic-TTIHP26/src/conv_layer2.sv:227$2165_DATA[6:0]$2223
    42/115: $1$mem2reg_rd$\acc$/Users/marcandre/Desktop/Startup/TowardsBNN/binaryneuralnet-asic-TTIHP26/src/conv_layer2.sv:227$2165_ADDR[5:0]$2222
    43/115: $1$mem2reg_wr$\acc$/Users/marcandre/Desktop/Startup/TowardsBNN/binaryneuralnet-asic-TTIHP26/src/conv_layer2.sv:227$2164_DATA[6:0]$2221
    44/115: $1$mem2reg_wr$\acc$/Users/marcandre/Desktop/Startup/TowardsBNN/binaryneuralnet-asic-TTIHP26/src/conv_layer2.sv:227$2164_ADDR[5:0]$2220
    45/115: $1$unnamed_block$7.j[31:0]$2219
    46/115: $1$unnamed_block$7.i[31:0]$2218
    47/115: $0\acc[63][6:0]
    48/115: $0\acc[62][6:0]
    49/115: $0\acc[61][6:0]
    50/115: $0\acc[60][6:0]
    51/115: $0\acc[59][6:0]
    52/115: $0\acc[58][6:0]
    53/115: $0\acc[57][6:0]
    54/115: $0\acc[56][6:0]
    55/115: $0\acc[55][6:0]
    56/115: $0\acc[54][6:0]
    57/115: $0\acc[53][6:0]
    58/115: $0\acc[52][6:0]
    59/115: $0\acc[51][6:0]
    60/115: $0\acc[50][6:0]
    61/115: $0\acc[49][6:0]
    62/115: $0\acc[48][6:0]
    63/115: $0\acc[47][6:0]
    64/115: $0\acc[46][6:0]
    65/115: $0\acc[45][6:0]
    66/115: $0\acc[44][6:0]
    67/115: $0\acc[43][6:0]
    68/115: $0\acc[42][6:0]
    69/115: $0\acc[41][6:0]
    70/115: $0\acc[40][6:0]
    71/115: $0\acc[39][6:0]
    72/115: $0\acc[38][6:0]
    73/115: $0\acc[37][6:0]
    74/115: $0\acc[36][6:0]
    75/115: $0\acc[35][6:0]
    76/115: $0\acc[34][6:0]
    77/115: $0\acc[33][6:0]
    78/115: $0\acc[32][6:0]
    79/115: $0\acc[31][6:0]
    80/115: $0\acc[30][6:0]
    81/115: $0\acc[29][6:0]
    82/115: $0\acc[28][6:0]
    83/115: $0\acc[27][6:0]
    84/115: $0\acc[26][6:0]
    85/115: $0\acc[25][6:0]
    86/115: $0\acc[24][6:0]
    87/115: $0\acc[23][6:0]
    88/115: $0\acc[22][6:0]
    89/115: $0\acc[21][6:0]
    90/115: $0\acc[20][6:0]
    91/115: $0\acc[19][6:0]
    92/115: $0\acc[18][6:0]
    93/115: $0\acc[17][6:0]
    94/115: $0\acc[16][6:0]
    95/115: $0\acc[15][6:0]
    96/115: $0\acc[14][6:0]
    97/115: $0\acc[13][6:0]
    98/115: $0\acc[12][6:0]
    99/115: $0\acc[11][6:0]
   100/115: $0\acc[10][6:0]
   101/115: $0\acc[9][6:0]
   102/115: $0\acc[8][6:0]
   103/115: $0\acc[7][6:0]
   104/115: $0\acc[6][6:0]
   105/115: $0\acc[5][6:0]
   106/115: $0\acc[4][6:0]
   107/115: $0\acc[3][6:0]
   108/115: $0\acc[2][6:0]
   109/115: $0\acc[1][6:0]
   110/115: $0\acc[0][6:0]
   111/115: $0\write_j[1:0]
   112/115: $0\ci[2:0]
   113/115: $0\row_out[1:0]
   114/115: $0\co[3:0]
   115/115: $0\state[2:0]
Creating decoders for process `\conv_layer2.$proc$/Users/marcandre/Desktop/Startup/TowardsBNN/binaryneuralnet-asic-TTIHP26/src/conv_layer2.sv:173$2194'.
     1/1: $1\sram_req[25:0]
Creating decoders for process `\conv_layer2.$proc$/Users/marcandre/Desktop/Startup/TowardsBNN/binaryneuralnet-asic-TTIHP26/src/conv_layer2.sv:164$2191'.
Creating decoders for process `\conv_layer2.$proc$/Users/marcandre/Desktop/Startup/TowardsBNN/binaryneuralnet-asic-TTIHP26/src/conv_layer2.sv:108$2176'.
     1/1: $0\buffer_reg[17:0]
Creating decoders for process `$paramod$f16bc6def46f6441af0290023d3b6045c72e1335\maxpool_2x2.$proc$/Users/marcandre/Desktop/Startup/TowardsBNN/binaryneuralnet-asic-TTIHP26/src/maxpool_2x2.sv:165$2152'.
     1/6: $0\bot_byte_reg[7:0]
     2/6: $0\top_byte_reg[7:0]
     3/6: $0\c_out[3:0]
     4/6: $0\r_out[3:0]
     5/6: $0\co[3:0]
     6/6: $0\state[2:0]
Creating decoders for process `$paramod$f16bc6def46f6441af0290023d3b6045c72e1335\maxpool_2x2.$proc$/Users/marcandre/Desktop/Startup/TowardsBNN/binaryneuralnet-asic-TTIHP26/src/maxpool_2x2.sv:139$2148'.
     1/5: $1\sram_req[25:0] [25:18]
     2/5: $1\sram_req[25:0] [8]
     3/5: $1\sram_req[25:0] [9]
     4/5: $1\sram_req[25:0] [17:10]
     5/5: $1\sram_req[25:0] [7:0]
Creating decoders for process `\conv_layer3.$proc$/Users/marcandre/Desktop/Startup/TowardsBNN/binaryneuralnet-asic-TTIHP26/src/conv_layer3.sv:118$2115'.
     1/10: $0\input_buf[63:0] [15:8]
     2/10: $0\input_buf[63:0] [7:0]
     3/10: $0\input_buf[63:0] [23:16]
     4/10: $0\input_buf[63:0] [31:24]
     5/10: $0\input_buf[63:0] [39:32]
     6/10: $0\input_buf[63:0] [47:40]
     7/10: $0\input_buf[63:0] [55:48]
     8/10: $0\input_buf[63:0] [63:56]
     9/10: $0\byte_idx[2:0]
    10/10: $0\state[2:0]
Creating decoders for process `\conv_layer3.$proc$/Users/marcandre/Desktop/Startup/TowardsBNN/binaryneuralnet-asic-TTIHP26/src/conv_layer3.sv:96$2111'.
     1/5: $1\sram_req[25:0] [25:18]
     2/5: $1\sram_req[25:0] [8]
     3/5: $1\sram_req[25:0] [9]
     4/5: $1\sram_req[25:0] [17:10]
     5/5: $1\sram_req[25:0] [7:0]
Creating decoders for process `\conv_layer3.$proc$/Users/marcandre/Desktop/Startup/TowardsBNN/binaryneuralnet-asic-TTIHP26/src/conv_layer3.sv:71$2110'.
     1/1: $1\write_byte[7:0]
Creating decoders for process `\classification_tree.$proc$/Users/marcandre/Desktop/Startup/TowardsBNN/binaryneuralnet-asic-TTIHP26/src/classification_tree.sv:3642$2092'.
     1/7: $7\tree_99$func$/Users/marcandre/Desktop/Startup/TowardsBNN/binaryneuralnet-asic-TTIHP26/src/classification_tree.sv:3642$211.$result[1:0]$2109
     2/7: $6\tree_99$func$/Users/marcandre/Desktop/Startup/TowardsBNN/binaryneuralnet-asic-TTIHP26/src/classification_tree.sv:3642$211.$result[1:0]$2107
     3/7: $5\tree_99$func$/Users/marcandre/Desktop/Startup/TowardsBNN/binaryneuralnet-asic-TTIHP26/src/classification_tree.sv:3642$211.$result[1:0]$2105
     4/7: $4\tree_99$func$/Users/marcandre/Desktop/Startup/TowardsBNN/binaryneuralnet-asic-TTIHP26/src/classification_tree.sv:3642$211.$result[1:0]$2103
     5/7: $3\tree_99$func$/Users/marcandre/Desktop/Startup/TowardsBNN/binaryneuralnet-asic-TTIHP26/src/classification_tree.sv:3642$211.$result[1:0]$2101
     6/7: $2\tree_99$func$/Users/marcandre/Desktop/Startup/TowardsBNN/binaryneuralnet-asic-TTIHP26/src/classification_tree.sv:3642$211.$result[1:0]$2099
     7/7: $1\tree_99$func$/Users/marcandre/Desktop/Startup/TowardsBNN/binaryneuralnet-asic-TTIHP26/src/classification_tree.sv:3642$211.$result[1:0]$2097
Creating decoders for process `\classification_tree.$proc$/Users/marcandre/Desktop/Startup/TowardsBNN/binaryneuralnet-asic-TTIHP26/src/classification_tree.sv:3641$2074'.
     1/7: $7\tree_89$func$/Users/marcandre/Desktop/Startup/TowardsBNN/binaryneuralnet-asic-TTIHP26/src/classification_tree.sv:3641$210.$result[1:0]$2091
     2/7: $6\tree_89$func$/Users/marcandre/Desktop/Startup/TowardsBNN/binaryneuralnet-asic-TTIHP26/src/classification_tree.sv:3641$210.$result[1:0]$2089
     3/7: $5\tree_89$func$/Users/marcandre/Desktop/Startup/TowardsBNN/binaryneuralnet-asic-TTIHP26/src/classification_tree.sv:3641$210.$result[1:0]$2087
     4/7: $4\tree_89$func$/Users/marcandre/Desktop/Startup/TowardsBNN/binaryneuralnet-asic-TTIHP26/src/classification_tree.sv:3641$210.$result[1:0]$2085
     5/7: $3\tree_89$func$/Users/marcandre/Desktop/Startup/TowardsBNN/binaryneuralnet-asic-TTIHP26/src/classification_tree.sv:3641$210.$result[1:0]$2083
     6/7: $2\tree_89$func$/Users/marcandre/Desktop/Startup/TowardsBNN/binaryneuralnet-asic-TTIHP26/src/classification_tree.sv:3641$210.$result[1:0]$2081
     7/7: $1\tree_89$func$/Users/marcandre/Desktop/Startup/TowardsBNN/binaryneuralnet-asic-TTIHP26/src/classification_tree.sv:3641$210.$result[1:0]$2079
Creating decoders for process `\classification_tree.$proc$/Users/marcandre/Desktop/Startup/TowardsBNN/binaryneuralnet-asic-TTIHP26/src/classification_tree.sv:3640$2056'.
     1/7: $7\tree_79$func$/Users/marcandre/Desktop/Startup/TowardsBNN/binaryneuralnet-asic-TTIHP26/src/classification_tree.sv:3640$209.$result[1:0]$2073
     2/7: $6\tree_79$func$/Users/marcandre/Desktop/Startup/TowardsBNN/binaryneuralnet-asic-TTIHP26/src/classification_tree.sv:3640$209.$result[1:0]$2071
     3/7: $5\tree_79$func$/Users/marcandre/Desktop/Startup/TowardsBNN/binaryneuralnet-asic-TTIHP26/src/classification_tree.sv:3640$209.$result[1:0]$2069
     4/7: $4\tree_79$func$/Users/marcandre/Desktop/Startup/TowardsBNN/binaryneuralnet-asic-TTIHP26/src/classification_tree.sv:3640$209.$result[1:0]$2067
     5/7: $3\tree_79$func$/Users/marcandre/Desktop/Startup/TowardsBNN/binaryneuralnet-asic-TTIHP26/src/classification_tree.sv:3640$209.$result[1:0]$2065
     6/7: $2\tree_79$func$/Users/marcandre/Desktop/Startup/TowardsBNN/binaryneuralnet-asic-TTIHP26/src/classification_tree.sv:3640$209.$result[1:0]$2063
     7/7: $1\tree_79$func$/Users/marcandre/Desktop/Startup/TowardsBNN/binaryneuralnet-asic-TTIHP26/src/classification_tree.sv:3640$209.$result[1:0]$2061
Creating decoders for process `\classification_tree.$proc$/Users/marcandre/Desktop/Startup/TowardsBNN/binaryneuralnet-asic-TTIHP26/src/classification_tree.sv:3639$2038'.
     1/7: $7\tree_69$func$/Users/marcandre/Desktop/Startup/TowardsBNN/binaryneuralnet-asic-TTIHP26/src/classification_tree.sv:3639$208.$result[1:0]$2055
     2/7: $6\tree_69$func$/Users/marcandre/Desktop/Startup/TowardsBNN/binaryneuralnet-asic-TTIHP26/src/classification_tree.sv:3639$208.$result[1:0]$2053
     3/7: $5\tree_69$func$/Users/marcandre/Desktop/Startup/TowardsBNN/binaryneuralnet-asic-TTIHP26/src/classification_tree.sv:3639$208.$result[1:0]$2051
     4/7: $4\tree_69$func$/Users/marcandre/Desktop/Startup/TowardsBNN/binaryneuralnet-asic-TTIHP26/src/classification_tree.sv:3639$208.$result[1:0]$2049
     5/7: $3\tree_69$func$/Users/marcandre/Desktop/Startup/TowardsBNN/binaryneuralnet-asic-TTIHP26/src/classification_tree.sv:3639$208.$result[1:0]$2047
     6/7: $2\tree_69$func$/Users/marcandre/Desktop/Startup/TowardsBNN/binaryneuralnet-asic-TTIHP26/src/classification_tree.sv:3639$208.$result[1:0]$2045
     7/7: $1\tree_69$func$/Users/marcandre/Desktop/Startup/TowardsBNN/binaryneuralnet-asic-TTIHP26/src/classification_tree.sv:3639$208.$result[1:0]$2043
Creating decoders for process `\classification_tree.$proc$/Users/marcandre/Desktop/Startup/TowardsBNN/binaryneuralnet-asic-TTIHP26/src/classification_tree.sv:3638$2020'.
     1/7: $7\tree_59$func$/Users/marcandre/Desktop/Startup/TowardsBNN/binaryneuralnet-asic-TTIHP26/src/classification_tree.sv:3638$207.$result[1:0]$2037
     2/7: $6\tree_59$func$/Users/marcandre/Desktop/Startup/TowardsBNN/binaryneuralnet-asic-TTIHP26/src/classification_tree.sv:3638$207.$result[1:0]$2035
     3/7: $5\tree_59$func$/Users/marcandre/Desktop/Startup/TowardsBNN/binaryneuralnet-asic-TTIHP26/src/classification_tree.sv:3638$207.$result[1:0]$2033
     4/7: $4\tree_59$func$/Users/marcandre/Desktop/Startup/TowardsBNN/binaryneuralnet-asic-TTIHP26/src/classification_tree.sv:3638$207.$result[1:0]$2031
     5/7: $3\tree_59$func$/Users/marcandre/Desktop/Startup/TowardsBNN/binaryneuralnet-asic-TTIHP26/src/classification_tree.sv:3638$207.$result[1:0]$2029
     6/7: $2\tree_59$func$/Users/marcandre/Desktop/Startup/TowardsBNN/binaryneuralnet-asic-TTIHP26/src/classification_tree.sv:3638$207.$result[1:0]$2027
     7/7: $1\tree_59$func$/Users/marcandre/Desktop/Startup/TowardsBNN/binaryneuralnet-asic-TTIHP26/src/classification_tree.sv:3638$207.$result[1:0]$2025
Creating decoders for process `\classification_tree.$proc$/Users/marcandre/Desktop/Startup/TowardsBNN/binaryneuralnet-asic-TTIHP26/src/classification_tree.sv:3637$2002'.
     1/7: $7\tree_49$func$/Users/marcandre/Desktop/Startup/TowardsBNN/binaryneuralnet-asic-TTIHP26/src/classification_tree.sv:3637$206.$result[1:0]$2019
     2/7: $6\tree_49$func$/Users/marcandre/Desktop/Startup/TowardsBNN/binaryneuralnet-asic-TTIHP26/src/classification_tree.sv:3637$206.$result[1:0]$2017
     3/7: $5\tree_49$func$/Users/marcandre/Desktop/Startup/TowardsBNN/binaryneuralnet-asic-TTIHP26/src/classification_tree.sv:3637$206.$result[1:0]$2015
     4/7: $4\tree_49$func$/Users/marcandre/Desktop/Startup/TowardsBNN/binaryneuralnet-asic-TTIHP26/src/classification_tree.sv:3637$206.$result[1:0]$2013
     5/7: $3\tree_49$func$/Users/marcandre/Desktop/Startup/TowardsBNN/binaryneuralnet-asic-TTIHP26/src/classification_tree.sv:3637$206.$result[1:0]$2011
     6/7: $2\tree_49$func$/Users/marcandre/Desktop/Startup/TowardsBNN/binaryneuralnet-asic-TTIHP26/src/classification_tree.sv:3637$206.$result[1:0]$2009
     7/7: $1\tree_49$func$/Users/marcandre/Desktop/Startup/TowardsBNN/binaryneuralnet-asic-TTIHP26/src/classification_tree.sv:3637$206.$result[1:0]$2007
Creating decoders for process `\classification_tree.$proc$/Users/marcandre/Desktop/Startup/TowardsBNN/binaryneuralnet-asic-TTIHP26/src/classification_tree.sv:3636$1984'.
     1/7: $7\tree_39$func$/Users/marcandre/Desktop/Startup/TowardsBNN/binaryneuralnet-asic-TTIHP26/src/classification_tree.sv:3636$205.$result[1:0]$2001
     2/7: $6\tree_39$func$/Users/marcandre/Desktop/Startup/TowardsBNN/binaryneuralnet-asic-TTIHP26/src/classification_tree.sv:3636$205.$result[1:0]$1999
     3/7: $5\tree_39$func$/Users/marcandre/Desktop/Startup/TowardsBNN/binaryneuralnet-asic-TTIHP26/src/classification_tree.sv:3636$205.$result[1:0]$1997
     4/7: $4\tree_39$func$/Users/marcandre/Desktop/Startup/TowardsBNN/binaryneuralnet-asic-TTIHP26/src/classification_tree.sv:3636$205.$result[1:0]$1995
     5/7: $3\tree_39$func$/Users/marcandre/Desktop/Startup/TowardsBNN/binaryneuralnet-asic-TTIHP26/src/classification_tree.sv:3636$205.$result[1:0]$1993
     6/7: $2\tree_39$func$/Users/marcandre/Desktop/Startup/TowardsBNN/binaryneuralnet-asic-TTIHP26/src/classification_tree.sv:3636$205.$result[1:0]$1991
     7/7: $1\tree_39$func$/Users/marcandre/Desktop/Startup/TowardsBNN/binaryneuralnet-asic-TTIHP26/src/classification_tree.sv:3636$205.$result[1:0]$1989
Creating decoders for process `\classification_tree.$proc$/Users/marcandre/Desktop/Startup/TowardsBNN/binaryneuralnet-asic-TTIHP26/src/classification_tree.sv:3635$1966'.
     1/7: $7\tree_29$func$/Users/marcandre/Desktop/Startup/TowardsBNN/binaryneuralnet-asic-TTIHP26/src/classification_tree.sv:3635$204.$result[1:0]$1983
     2/7: $6\tree_29$func$/Users/marcandre/Desktop/Startup/TowardsBNN/binaryneuralnet-asic-TTIHP26/src/classification_tree.sv:3635$204.$result[1:0]$1981
     3/7: $5\tree_29$func$/Users/marcandre/Desktop/Startup/TowardsBNN/binaryneuralnet-asic-TTIHP26/src/classification_tree.sv:3635$204.$result[1:0]$1979
     4/7: $4\tree_29$func$/Users/marcandre/Desktop/Startup/TowardsBNN/binaryneuralnet-asic-TTIHP26/src/classification_tree.sv:3635$204.$result[1:0]$1977
     5/7: $3\tree_29$func$/Users/marcandre/Desktop/Startup/TowardsBNN/binaryneuralnet-asic-TTIHP26/src/classification_tree.sv:3635$204.$result[1:0]$1975
     6/7: $2\tree_29$func$/Users/marcandre/Desktop/Startup/TowardsBNN/binaryneuralnet-asic-TTIHP26/src/classification_tree.sv:3635$204.$result[1:0]$1973
     7/7: $1\tree_29$func$/Users/marcandre/Desktop/Startup/TowardsBNN/binaryneuralnet-asic-TTIHP26/src/classification_tree.sv:3635$204.$result[1:0]$1971
Creating decoders for process `\classification_tree.$proc$/Users/marcandre/Desktop/Startup/TowardsBNN/binaryneuralnet-asic-TTIHP26/src/classification_tree.sv:3634$1948'.
     1/7: $7\tree_19$func$/Users/marcandre/Desktop/Startup/TowardsBNN/binaryneuralnet-asic-TTIHP26/src/classification_tree.sv:3634$203.$result[1:0]$1965
     2/7: $6\tree_19$func$/Users/marcandre/Desktop/Startup/TowardsBNN/binaryneuralnet-asic-TTIHP26/src/classification_tree.sv:3634$203.$result[1:0]$1963
     3/7: $5\tree_19$func$/Users/marcandre/Desktop/Startup/TowardsBNN/binaryneuralnet-asic-TTIHP26/src/classification_tree.sv:3634$203.$result[1:0]$1961
     4/7: $4\tree_19$func$/Users/marcandre/Desktop/Startup/TowardsBNN/binaryneuralnet-asic-TTIHP26/src/classification_tree.sv:3634$203.$result[1:0]$1959
     5/7: $3\tree_19$func$/Users/marcandre/Desktop/Startup/TowardsBNN/binaryneuralnet-asic-TTIHP26/src/classification_tree.sv:3634$203.$result[1:0]$1957
     6/7: $2\tree_19$func$/Users/marcandre/Desktop/Startup/TowardsBNN/binaryneuralnet-asic-TTIHP26/src/classification_tree.sv:3634$203.$result[1:0]$1955
     7/7: $1\tree_19$func$/Users/marcandre/Desktop/Startup/TowardsBNN/binaryneuralnet-asic-TTIHP26/src/classification_tree.sv:3634$203.$result[1:0]$1953
Creating decoders for process `\classification_tree.$proc$/Users/marcandre/Desktop/Startup/TowardsBNN/binaryneuralnet-asic-TTIHP26/src/classification_tree.sv:3633$1930'.
     1/7: $7\tree_9$func$/Users/marcandre/Desktop/Startup/TowardsBNN/binaryneuralnet-asic-TTIHP26/src/classification_tree.sv:3633$202.$result[1:0]$1947
     2/7: $6\tree_9$func$/Users/marcandre/Desktop/Startup/TowardsBNN/binaryneuralnet-asic-TTIHP26/src/classification_tree.sv:3633$202.$result[1:0]$1945
     3/7: $5\tree_9$func$/Users/marcandre/Desktop/Startup/TowardsBNN/binaryneuralnet-asic-TTIHP26/src/classification_tree.sv:3633$202.$result[1:0]$1943
     4/7: $4\tree_9$func$/Users/marcandre/Desktop/Startup/TowardsBNN/binaryneuralnet-asic-TTIHP26/src/classification_tree.sv:3633$202.$result[1:0]$1941
     5/7: $3\tree_9$func$/Users/marcandre/Desktop/Startup/TowardsBNN/binaryneuralnet-asic-TTIHP26/src/classification_tree.sv:3633$202.$result[1:0]$1939
     6/7: $2\tree_9$func$/Users/marcandre/Desktop/Startup/TowardsBNN/binaryneuralnet-asic-TTIHP26/src/classification_tree.sv:3633$202.$result[1:0]$1937
     7/7: $1\tree_9$func$/Users/marcandre/Desktop/Startup/TowardsBNN/binaryneuralnet-asic-TTIHP26/src/classification_tree.sv:3633$202.$result[1:0]$1935
Creating decoders for process `\classification_tree.$proc$/Users/marcandre/Desktop/Startup/TowardsBNN/binaryneuralnet-asic-TTIHP26/src/classification_tree.sv:3630$1912'.
     1/7: $7\tree_98$func$/Users/marcandre/Desktop/Startup/TowardsBNN/binaryneuralnet-asic-TTIHP26/src/classification_tree.sv:3630$201.$result[1:0]$1929
     2/7: $6\tree_98$func$/Users/marcandre/Desktop/Startup/TowardsBNN/binaryneuralnet-asic-TTIHP26/src/classification_tree.sv:3630$201.$result[1:0]$1927
     3/7: $5\tree_98$func$/Users/marcandre/Desktop/Startup/TowardsBNN/binaryneuralnet-asic-TTIHP26/src/classification_tree.sv:3630$201.$result[1:0]$1925
     4/7: $4\tree_98$func$/Users/marcandre/Desktop/Startup/TowardsBNN/binaryneuralnet-asic-TTIHP26/src/classification_tree.sv:3630$201.$result[1:0]$1923
     5/7: $3\tree_98$func$/Users/marcandre/Desktop/Startup/TowardsBNN/binaryneuralnet-asic-TTIHP26/src/classification_tree.sv:3630$201.$result[1:0]$1921
     6/7: $2\tree_98$func$/Users/marcandre/Desktop/Startup/TowardsBNN/binaryneuralnet-asic-TTIHP26/src/classification_tree.sv:3630$201.$result[1:0]$1919
     7/7: $1\tree_98$func$/Users/marcandre/Desktop/Startup/TowardsBNN/binaryneuralnet-asic-TTIHP26/src/classification_tree.sv:3630$201.$result[1:0]$1917
Creating decoders for process `\classification_tree.$proc$/Users/marcandre/Desktop/Startup/TowardsBNN/binaryneuralnet-asic-TTIHP26/src/classification_tree.sv:3629$1894'.
     1/7: $7\tree_88$func$/Users/marcandre/Desktop/Startup/TowardsBNN/binaryneuralnet-asic-TTIHP26/src/classification_tree.sv:3629$200.$result[1:0]$1911
     2/7: $6\tree_88$func$/Users/marcandre/Desktop/Startup/TowardsBNN/binaryneuralnet-asic-TTIHP26/src/classification_tree.sv:3629$200.$result[1:0]$1909
     3/7: $5\tree_88$func$/Users/marcandre/Desktop/Startup/TowardsBNN/binaryneuralnet-asic-TTIHP26/src/classification_tree.sv:3629$200.$result[1:0]$1907
     4/7: $4\tree_88$func$/Users/marcandre/Desktop/Startup/TowardsBNN/binaryneuralnet-asic-TTIHP26/src/classification_tree.sv:3629$200.$result[1:0]$1905
     5/7: $3\tree_88$func$/Users/marcandre/Desktop/Startup/TowardsBNN/binaryneuralnet-asic-TTIHP26/src/classification_tree.sv:3629$200.$result[1:0]$1903
     6/7: $2\tree_88$func$/Users/marcandre/Desktop/Startup/TowardsBNN/binaryneuralnet-asic-TTIHP26/src/classification_tree.sv:3629$200.$result[1:0]$1901
     7/7: $1\tree_88$func$/Users/marcandre/Desktop/Startup/TowardsBNN/binaryneuralnet-asic-TTIHP26/src/classification_tree.sv:3629$200.$result[1:0]$1899
Creating decoders for process `\classification_tree.$proc$/Users/marcandre/Desktop/Startup/TowardsBNN/binaryneuralnet-asic-TTIHP26/src/classification_tree.sv:3628$1876'.
     1/7: $7\tree_78$func$/Users/marcandre/Desktop/Startup/TowardsBNN/binaryneuralnet-asic-TTIHP26/src/classification_tree.sv:3628$199.$result[1:0]$1893
     2/7: $6\tree_78$func$/Users/marcandre/Desktop/Startup/TowardsBNN/binaryneuralnet-asic-TTIHP26/src/classification_tree.sv:3628$199.$result[1:0]$1891
     3/7: $5\tree_78$func$/Users/marcandre/Desktop/Startup/TowardsBNN/binaryneuralnet-asic-TTIHP26/src/classification_tree.sv:3628$199.$result[1:0]$1889
     4/7: $4\tree_78$func$/Users/marcandre/Desktop/Startup/TowardsBNN/binaryneuralnet-asic-TTIHP26/src/classification_tree.sv:3628$199.$result[1:0]$1887
     5/7: $3\tree_78$func$/Users/marcandre/Desktop/Startup/TowardsBNN/binaryneuralnet-asic-TTIHP26/src/classification_tree.sv:3628$199.$result[1:0]$1885
     6/7: $2\tree_78$func$/Users/marcandre/Desktop/Startup/TowardsBNN/binaryneuralnet-asic-TTIHP26/src/classification_tree.sv:3628$199.$result[1:0]$1883
     7/7: $1\tree_78$func$/Users/marcandre/Desktop/Startup/TowardsBNN/binaryneuralnet-asic-TTIHP26/src/classification_tree.sv:3628$199.$result[1:0]$1881
Creating decoders for process `\classification_tree.$proc$/Users/marcandre/Desktop/Startup/TowardsBNN/binaryneuralnet-asic-TTIHP26/src/classification_tree.sv:3627$1858'.
     1/7: $7\tree_68$func$/Users/marcandre/Desktop/Startup/TowardsBNN/binaryneuralnet-asic-TTIHP26/src/classification_tree.sv:3627$198.$result[1:0]$1875
     2/7: $6\tree_68$func$/Users/marcandre/Desktop/Startup/TowardsBNN/binaryneuralnet-asic-TTIHP26/src/classification_tree.sv:3627$198.$result[1:0]$1873
     3/7: $5\tree_68$func$/Users/marcandre/Desktop/Startup/TowardsBNN/binaryneuralnet-asic-TTIHP26/src/classification_tree.sv:3627$198.$result[1:0]$1871
     4/7: $4\tree_68$func$/Users/marcandre/Desktop/Startup/TowardsBNN/binaryneuralnet-asic-TTIHP26/src/classification_tree.sv:3627$198.$result[1:0]$1869
     5/7: $3\tree_68$func$/Users/marcandre/Desktop/Startup/TowardsBNN/binaryneuralnet-asic-TTIHP26/src/classification_tree.sv:3627$198.$result[1:0]$1867
     6/7: $2\tree_68$func$/Users/marcandre/Desktop/Startup/TowardsBNN/binaryneuralnet-asic-TTIHP26/src/classification_tree.sv:3627$198.$result[1:0]$1865
     7/7: $1\tree_68$func$/Users/marcandre/Desktop/Startup/TowardsBNN/binaryneuralnet-asic-TTIHP26/src/classification_tree.sv:3627$198.$result[1:0]$1863
Creating decoders for process `\classification_tree.$proc$/Users/marcandre/Desktop/Startup/TowardsBNN/binaryneuralnet-asic-TTIHP26/src/classification_tree.sv:3626$1840'.
     1/7: $7\tree_58$func$/Users/marcandre/Desktop/Startup/TowardsBNN/binaryneuralnet-asic-TTIHP26/src/classification_tree.sv:3626$197.$result[1:0]$1857
     2/7: $6\tree_58$func$/Users/marcandre/Desktop/Startup/TowardsBNN/binaryneuralnet-asic-TTIHP26/src/classification_tree.sv:3626$197.$result[1:0]$1855
     3/7: $5\tree_58$func$/Users/marcandre/Desktop/Startup/TowardsBNN/binaryneuralnet-asic-TTIHP26/src/classification_tree.sv:3626$197.$result[1:0]$1853
     4/7: $4\tree_58$func$/Users/marcandre/Desktop/Startup/TowardsBNN/binaryneuralnet-asic-TTIHP26/src/classification_tree.sv:3626$197.$result[1:0]$1851
     5/7: $3\tree_58$func$/Users/marcandre/Desktop/Startup/TowardsBNN/binaryneuralnet-asic-TTIHP26/src/classification_tree.sv:3626$197.$result[1:0]$1849
     6/7: $2\tree_58$func$/Users/marcandre/Desktop/Startup/TowardsBNN/binaryneuralnet-asic-TTIHP26/src/classification_tree.sv:3626$197.$result[1:0]$1847
     7/7: $1\tree_58$func$/Users/marcandre/Desktop/Startup/TowardsBNN/binaryneuralnet-asic-TTIHP26/src/classification_tree.sv:3626$197.$result[1:0]$1845
Creating decoders for process `\classification_tree.$proc$/Users/marcandre/Desktop/Startup/TowardsBNN/binaryneuralnet-asic-TTIHP26/src/classification_tree.sv:3625$1822'.
     1/7: $7\tree_48$func$/Users/marcandre/Desktop/Startup/TowardsBNN/binaryneuralnet-asic-TTIHP26/src/classification_tree.sv:3625$196.$result[1:0]$1839
     2/7: $6\tree_48$func$/Users/marcandre/Desktop/Startup/TowardsBNN/binaryneuralnet-asic-TTIHP26/src/classification_tree.sv:3625$196.$result[1:0]$1837
     3/7: $5\tree_48$func$/Users/marcandre/Desktop/Startup/TowardsBNN/binaryneuralnet-asic-TTIHP26/src/classification_tree.sv:3625$196.$result[1:0]$1835
     4/7: $4\tree_48$func$/Users/marcandre/Desktop/Startup/TowardsBNN/binaryneuralnet-asic-TTIHP26/src/classification_tree.sv:3625$196.$result[1:0]$1833
     5/7: $3\tree_48$func$/Users/marcandre/Desktop/Startup/TowardsBNN/binaryneuralnet-asic-TTIHP26/src/classification_tree.sv:3625$196.$result[1:0]$1831
     6/7: $2\tree_48$func$/Users/marcandre/Desktop/Startup/TowardsBNN/binaryneuralnet-asic-TTIHP26/src/classification_tree.sv:3625$196.$result[1:0]$1829
     7/7: $1\tree_48$func$/Users/marcandre/Desktop/Startup/TowardsBNN/binaryneuralnet-asic-TTIHP26/src/classification_tree.sv:3625$196.$result[1:0]$1827
Creating decoders for process `\classification_tree.$proc$/Users/marcandre/Desktop/Startup/TowardsBNN/binaryneuralnet-asic-TTIHP26/src/classification_tree.sv:3624$1804'.
     1/7: $7\tree_38$func$/Users/marcandre/Desktop/Startup/TowardsBNN/binaryneuralnet-asic-TTIHP26/src/classification_tree.sv:3624$195.$result[1:0]$1821
     2/7: $6\tree_38$func$/Users/marcandre/Desktop/Startup/TowardsBNN/binaryneuralnet-asic-TTIHP26/src/classification_tree.sv:3624$195.$result[1:0]$1819
     3/7: $5\tree_38$func$/Users/marcandre/Desktop/Startup/TowardsBNN/binaryneuralnet-asic-TTIHP26/src/classification_tree.sv:3624$195.$result[1:0]$1817
     4/7: $4\tree_38$func$/Users/marcandre/Desktop/Startup/TowardsBNN/binaryneuralnet-asic-TTIHP26/src/classification_tree.sv:3624$195.$result[1:0]$1815
     5/7: $3\tree_38$func$/Users/marcandre/Desktop/Startup/TowardsBNN/binaryneuralnet-asic-TTIHP26/src/classification_tree.sv:3624$195.$result[1:0]$1813
     6/7: $2\tree_38$func$/Users/marcandre/Desktop/Startup/TowardsBNN/binaryneuralnet-asic-TTIHP26/src/classification_tree.sv:3624$195.$result[1:0]$1811
     7/7: $1\tree_38$func$/Users/marcandre/Desktop/Startup/TowardsBNN/binaryneuralnet-asic-TTIHP26/src/classification_tree.sv:3624$195.$result[1:0]$1809
Creating decoders for process `\classification_tree.$proc$/Users/marcandre/Desktop/Startup/TowardsBNN/binaryneuralnet-asic-TTIHP26/src/classification_tree.sv:3623$1786'.
     1/7: $7\tree_28$func$/Users/marcandre/Desktop/Startup/TowardsBNN/binaryneuralnet-asic-TTIHP26/src/classification_tree.sv:3623$194.$result[1:0]$1803
     2/7: $6\tree_28$func$/Users/marcandre/Desktop/Startup/TowardsBNN/binaryneuralnet-asic-TTIHP26/src/classification_tree.sv:3623$194.$result[1:0]$1801
     3/7: $5\tree_28$func$/Users/marcandre/Desktop/Startup/TowardsBNN/binaryneuralnet-asic-TTIHP26/src/classification_tree.sv:3623$194.$result[1:0]$1799
     4/7: $4\tree_28$func$/Users/marcandre/Desktop/Startup/TowardsBNN/binaryneuralnet-asic-TTIHP26/src/classification_tree.sv:3623$194.$result[1:0]$1797
     5/7: $3\tree_28$func$/Users/marcandre/Desktop/Startup/TowardsBNN/binaryneuralnet-asic-TTIHP26/src/classification_tree.sv:3623$194.$result[1:0]$1795
     6/7: $2\tree_28$func$/Users/marcandre/Desktop/Startup/TowardsBNN/binaryneuralnet-asic-TTIHP26/src/classification_tree.sv:3623$194.$result[1:0]$1793
     7/7: $1\tree_28$func$/Users/marcandre/Desktop/Startup/TowardsBNN/binaryneuralnet-asic-TTIHP26/src/classification_tree.sv:3623$194.$result[1:0]$1791
Creating decoders for process `\classification_tree.$proc$/Users/marcandre/Desktop/Startup/TowardsBNN/binaryneuralnet-asic-TTIHP26/src/classification_tree.sv:3622$1768'.
     1/7: $7\tree_18$func$/Users/marcandre/Desktop/Startup/TowardsBNN/binaryneuralnet-asic-TTIHP26/src/classification_tree.sv:3622$193.$result[1:0]$1785
     2/7: $6\tree_18$func$/Users/marcandre/Desktop/Startup/TowardsBNN/binaryneuralnet-asic-TTIHP26/src/classification_tree.sv:3622$193.$result[1:0]$1783
     3/7: $5\tree_18$func$/Users/marcandre/Desktop/Startup/TowardsBNN/binaryneuralnet-asic-TTIHP26/src/classification_tree.sv:3622$193.$result[1:0]$1781
     4/7: $4\tree_18$func$/Users/marcandre/Desktop/Startup/TowardsBNN/binaryneuralnet-asic-TTIHP26/src/classification_tree.sv:3622$193.$result[1:0]$1779
     5/7: $3\tree_18$func$/Users/marcandre/Desktop/Startup/TowardsBNN/binaryneuralnet-asic-TTIHP26/src/classification_tree.sv:3622$193.$result[1:0]$1777
     6/7: $2\tree_18$func$/Users/marcandre/Desktop/Startup/TowardsBNN/binaryneuralnet-asic-TTIHP26/src/classification_tree.sv:3622$193.$result[1:0]$1775
     7/7: $1\tree_18$func$/Users/marcandre/Desktop/Startup/TowardsBNN/binaryneuralnet-asic-TTIHP26/src/classification_tree.sv:3622$193.$result[1:0]$1773
Creating decoders for process `\classification_tree.$proc$/Users/marcandre/Desktop/Startup/TowardsBNN/binaryneuralnet-asic-TTIHP26/src/classification_tree.sv:3621$1750'.
     1/7: $7\tree_8$func$/Users/marcandre/Desktop/Startup/TowardsBNN/binaryneuralnet-asic-TTIHP26/src/classification_tree.sv:3621$192.$result[1:0]$1767
     2/7: $6\tree_8$func$/Users/marcandre/Desktop/Startup/TowardsBNN/binaryneuralnet-asic-TTIHP26/src/classification_tree.sv:3621$192.$result[1:0]$1765
     3/7: $5\tree_8$func$/Users/marcandre/Desktop/Startup/TowardsBNN/binaryneuralnet-asic-TTIHP26/src/classification_tree.sv:3621$192.$result[1:0]$1763
     4/7: $4\tree_8$func$/Users/marcandre/Desktop/Startup/TowardsBNN/binaryneuralnet-asic-TTIHP26/src/classification_tree.sv:3621$192.$result[1:0]$1761
     5/7: $3\tree_8$func$/Users/marcandre/Desktop/Startup/TowardsBNN/binaryneuralnet-asic-TTIHP26/src/classification_tree.sv:3621$192.$result[1:0]$1759
     6/7: $2\tree_8$func$/Users/marcandre/Desktop/Startup/TowardsBNN/binaryneuralnet-asic-TTIHP26/src/classification_tree.sv:3621$192.$result[1:0]$1757
     7/7: $1\tree_8$func$/Users/marcandre/Desktop/Startup/TowardsBNN/binaryneuralnet-asic-TTIHP26/src/classification_tree.sv:3621$192.$result[1:0]$1755
Creating decoders for process `\classification_tree.$proc$/Users/marcandre/Desktop/Startup/TowardsBNN/binaryneuralnet-asic-TTIHP26/src/classification_tree.sv:3618$1732'.
     1/7: $7\tree_97$func$/Users/marcandre/Desktop/Startup/TowardsBNN/binaryneuralnet-asic-TTIHP26/src/classification_tree.sv:3618$191.$result[1:0]$1749
     2/7: $6\tree_97$func$/Users/marcandre/Desktop/Startup/TowardsBNN/binaryneuralnet-asic-TTIHP26/src/classification_tree.sv:3618$191.$result[1:0]$1747
     3/7: $5\tree_97$func$/Users/marcandre/Desktop/Startup/TowardsBNN/binaryneuralnet-asic-TTIHP26/src/classification_tree.sv:3618$191.$result[1:0]$1745
     4/7: $4\tree_97$func$/Users/marcandre/Desktop/Startup/TowardsBNN/binaryneuralnet-asic-TTIHP26/src/classification_tree.sv:3618$191.$result[1:0]$1743
     5/7: $3\tree_97$func$/Users/marcandre/Desktop/Startup/TowardsBNN/binaryneuralnet-asic-TTIHP26/src/classification_tree.sv:3618$191.$result[1:0]$1741
     6/7: $2\tree_97$func$/Users/marcandre/Desktop/Startup/TowardsBNN/binaryneuralnet-asic-TTIHP26/src/classification_tree.sv:3618$191.$result[1:0]$1739
     7/7: $1\tree_97$func$/Users/marcandre/Desktop/Startup/TowardsBNN/binaryneuralnet-asic-TTIHP26/src/classification_tree.sv:3618$191.$result[1:0]$1737
Creating decoders for process `\classification_tree.$proc$/Users/marcandre/Desktop/Startup/TowardsBNN/binaryneuralnet-asic-TTIHP26/src/classification_tree.sv:3617$1714'.
     1/7: $7\tree_87$func$/Users/marcandre/Desktop/Startup/TowardsBNN/binaryneuralnet-asic-TTIHP26/src/classification_tree.sv:3617$190.$result[1:0]$1731
     2/7: $6\tree_87$func$/Users/marcandre/Desktop/Startup/TowardsBNN/binaryneuralnet-asic-TTIHP26/src/classification_tree.sv:3617$190.$result[1:0]$1729
     3/7: $5\tree_87$func$/Users/marcandre/Desktop/Startup/TowardsBNN/binaryneuralnet-asic-TTIHP26/src/classification_tree.sv:3617$190.$result[1:0]$1727
     4/7: $4\tree_87$func$/Users/marcandre/Desktop/Startup/TowardsBNN/binaryneuralnet-asic-TTIHP26/src/classification_tree.sv:3617$190.$result[1:0]$1725
     5/7: $3\tree_87$func$/Users/marcandre/Desktop/Startup/TowardsBNN/binaryneuralnet-asic-TTIHP26/src/classification_tree.sv:3617$190.$result[1:0]$1723
     6/7: $2\tree_87$func$/Users/marcandre/Desktop/Startup/TowardsBNN/binaryneuralnet-asic-TTIHP26/src/classification_tree.sv:3617$190.$result[1:0]$1721
     7/7: $1\tree_87$func$/Users/marcandre/Desktop/Startup/TowardsBNN/binaryneuralnet-asic-TTIHP26/src/classification_tree.sv:3617$190.$result[1:0]$1719
Creating decoders for process `\classification_tree.$proc$/Users/marcandre/Desktop/Startup/TowardsBNN/binaryneuralnet-asic-TTIHP26/src/classification_tree.sv:3616$1696'.
     1/7: $7\tree_77$func$/Users/marcandre/Desktop/Startup/TowardsBNN/binaryneuralnet-asic-TTIHP26/src/classification_tree.sv:3616$189.$result[1:0]$1713
     2/7: $6\tree_77$func$/Users/marcandre/Desktop/Startup/TowardsBNN/binaryneuralnet-asic-TTIHP26/src/classification_tree.sv:3616$189.$result[1:0]$1711
     3/7: $5\tree_77$func$/Users/marcandre/Desktop/Startup/TowardsBNN/binaryneuralnet-asic-TTIHP26/src/classification_tree.sv:3616$189.$result[1:0]$1709
     4/7: $4\tree_77$func$/Users/marcandre/Desktop/Startup/TowardsBNN/binaryneuralnet-asic-TTIHP26/src/classification_tree.sv:3616$189.$result[1:0]$1707
     5/7: $3\tree_77$func$/Users/marcandre/Desktop/Startup/TowardsBNN/binaryneuralnet-asic-TTIHP26/src/classification_tree.sv:3616$189.$result[1:0]$1705
     6/7: $2\tree_77$func$/Users/marcandre/Desktop/Startup/TowardsBNN/binaryneuralnet-asic-TTIHP26/src/classification_tree.sv:3616$189.$result[1:0]$1703
     7/7: $1\tree_77$func$/Users/marcandre/Desktop/Startup/TowardsBNN/binaryneuralnet-asic-TTIHP26/src/classification_tree.sv:3616$189.$result[1:0]$1701
Creating decoders for process `\classification_tree.$proc$/Users/marcandre/Desktop/Startup/TowardsBNN/binaryneuralnet-asic-TTIHP26/src/classification_tree.sv:3615$1678'.
     1/7: $7\tree_67$func$/Users/marcandre/Desktop/Startup/TowardsBNN/binaryneuralnet-asic-TTIHP26/src/classification_tree.sv:3615$188.$result[1:0]$1695
     2/7: $6\tree_67$func$/Users/marcandre/Desktop/Startup/TowardsBNN/binaryneuralnet-asic-TTIHP26/src/classification_tree.sv:3615$188.$result[1:0]$1693
     3/7: $5\tree_67$func$/Users/marcandre/Desktop/Startup/TowardsBNN/binaryneuralnet-asic-TTIHP26/src/classification_tree.sv:3615$188.$result[1:0]$1691
     4/7: $4\tree_67$func$/Users/marcandre/Desktop/Startup/TowardsBNN/binaryneuralnet-asic-TTIHP26/src/classification_tree.sv:3615$188.$result[1:0]$1689
     5/7: $3\tree_67$func$/Users/marcandre/Desktop/Startup/TowardsBNN/binaryneuralnet-asic-TTIHP26/src/classification_tree.sv:3615$188.$result[1:0]$1687
     6/7: $2\tree_67$func$/Users/marcandre/Desktop/Startup/TowardsBNN/binaryneuralnet-asic-TTIHP26/src/classification_tree.sv:3615$188.$result[1:0]$1685
     7/7: $1\tree_67$func$/Users/marcandre/Desktop/Startup/TowardsBNN/binaryneuralnet-asic-TTIHP26/src/classification_tree.sv:3615$188.$result[1:0]$1683
Creating decoders for process `\classification_tree.$proc$/Users/marcandre/Desktop/Startup/TowardsBNN/binaryneuralnet-asic-TTIHP26/src/classification_tree.sv:3614$1660'.
     1/7: $7\tree_57$func$/Users/marcandre/Desktop/Startup/TowardsBNN/binaryneuralnet-asic-TTIHP26/src/classification_tree.sv:3614$187.$result[1:0]$1677
     2/7: $6\tree_57$func$/Users/marcandre/Desktop/Startup/TowardsBNN/binaryneuralnet-asic-TTIHP26/src/classification_tree.sv:3614$187.$result[1:0]$1675
     3/7: $5\tree_57$func$/Users/marcandre/Desktop/Startup/TowardsBNN/binaryneuralnet-asic-TTIHP26/src/classification_tree.sv:3614$187.$result[1:0]$1673
     4/7: $4\tree_57$func$/Users/marcandre/Desktop/Startup/TowardsBNN/binaryneuralnet-asic-TTIHP26/src/classification_tree.sv:3614$187.$result[1:0]$1671
     5/7: $3\tree_57$func$/Users/marcandre/Desktop/Startup/TowardsBNN/binaryneuralnet-asic-TTIHP26/src/classification_tree.sv:3614$187.$result[1:0]$1669
     6/7: $2\tree_57$func$/Users/marcandre/Desktop/Startup/TowardsBNN/binaryneuralnet-asic-TTIHP26/src/classification_tree.sv:3614$187.$result[1:0]$1667
     7/7: $1\tree_57$func$/Users/marcandre/Desktop/Startup/TowardsBNN/binaryneuralnet-asic-TTIHP26/src/classification_tree.sv:3614$187.$result[1:0]$1665
Creating decoders for process `\classification_tree.$proc$/Users/marcandre/Desktop/Startup/TowardsBNN/binaryneuralnet-asic-TTIHP26/src/classification_tree.sv:3613$1642'.
     1/7: $7\tree_47$func$/Users/marcandre/Desktop/Startup/TowardsBNN/binaryneuralnet-asic-TTIHP26/src/classification_tree.sv:3613$186.$result[1:0]$1659
     2/7: $6\tree_47$func$/Users/marcandre/Desktop/Startup/TowardsBNN/binaryneuralnet-asic-TTIHP26/src/classification_tree.sv:3613$186.$result[1:0]$1657
     3/7: $5\tree_47$func$/Users/marcandre/Desktop/Startup/TowardsBNN/binaryneuralnet-asic-TTIHP26/src/classification_tree.sv:3613$186.$result[1:0]$1655
     4/7: $4\tree_47$func$/Users/marcandre/Desktop/Startup/TowardsBNN/binaryneuralnet-asic-TTIHP26/src/classification_tree.sv:3613$186.$result[1:0]$1653
     5/7: $3\tree_47$func$/Users/marcandre/Desktop/Startup/TowardsBNN/binaryneuralnet-asic-TTIHP26/src/classification_tree.sv:3613$186.$result[1:0]$1651
     6/7: $2\tree_47$func$/Users/marcandre/Desktop/Startup/TowardsBNN/binaryneuralnet-asic-TTIHP26/src/classification_tree.sv:3613$186.$result[1:0]$1649
     7/7: $1\tree_47$func$/Users/marcandre/Desktop/Startup/TowardsBNN/binaryneuralnet-asic-TTIHP26/src/classification_tree.sv:3613$186.$result[1:0]$1647
Creating decoders for process `\classification_tree.$proc$/Users/marcandre/Desktop/Startup/TowardsBNN/binaryneuralnet-asic-TTIHP26/src/classification_tree.sv:3612$1624'.
     1/7: $7\tree_37$func$/Users/marcandre/Desktop/Startup/TowardsBNN/binaryneuralnet-asic-TTIHP26/src/classification_tree.sv:3612$185.$result[1:0]$1641
     2/7: $6\tree_37$func$/Users/marcandre/Desktop/Startup/TowardsBNN/binaryneuralnet-asic-TTIHP26/src/classification_tree.sv:3612$185.$result[1:0]$1639
     3/7: $5\tree_37$func$/Users/marcandre/Desktop/Startup/TowardsBNN/binaryneuralnet-asic-TTIHP26/src/classification_tree.sv:3612$185.$result[1:0]$1637
     4/7: $4\tree_37$func$/Users/marcandre/Desktop/Startup/TowardsBNN/binaryneuralnet-asic-TTIHP26/src/classification_tree.sv:3612$185.$result[1:0]$1635
     5/7: $3\tree_37$func$/Users/marcandre/Desktop/Startup/TowardsBNN/binaryneuralnet-asic-TTIHP26/src/classification_tree.sv:3612$185.$result[1:0]$1633
     6/7: $2\tree_37$func$/Users/marcandre/Desktop/Startup/TowardsBNN/binaryneuralnet-asic-TTIHP26/src/classification_tree.sv:3612$185.$result[1:0]$1631
     7/7: $1\tree_37$func$/Users/marcandre/Desktop/Startup/TowardsBNN/binaryneuralnet-asic-TTIHP26/src/classification_tree.sv:3612$185.$result[1:0]$1629
Creating decoders for process `\classification_tree.$proc$/Users/marcandre/Desktop/Startup/TowardsBNN/binaryneuralnet-asic-TTIHP26/src/classification_tree.sv:3611$1606'.
     1/7: $7\tree_27$func$/Users/marcandre/Desktop/Startup/TowardsBNN/binaryneuralnet-asic-TTIHP26/src/classification_tree.sv:3611$184.$result[1:0]$1623
     2/7: $6\tree_27$func$/Users/marcandre/Desktop/Startup/TowardsBNN/binaryneuralnet-asic-TTIHP26/src/classification_tree.sv:3611$184.$result[1:0]$1621
     3/7: $5\tree_27$func$/Users/marcandre/Desktop/Startup/TowardsBNN/binaryneuralnet-asic-TTIHP26/src/classification_tree.sv:3611$184.$result[1:0]$1619
     4/7: $4\tree_27$func$/Users/marcandre/Desktop/Startup/TowardsBNN/binaryneuralnet-asic-TTIHP26/src/classification_tree.sv:3611$184.$result[1:0]$1617
     5/7: $3\tree_27$func$/Users/marcandre/Desktop/Startup/TowardsBNN/binaryneuralnet-asic-TTIHP26/src/classification_tree.sv:3611$184.$result[1:0]$1615
     6/7: $2\tree_27$func$/Users/marcandre/Desktop/Startup/TowardsBNN/binaryneuralnet-asic-TTIHP26/src/classification_tree.sv:3611$184.$result[1:0]$1613
     7/7: $1\tree_27$func$/Users/marcandre/Desktop/Startup/TowardsBNN/binaryneuralnet-asic-TTIHP26/src/classification_tree.sv:3611$184.$result[1:0]$1611
Creating decoders for process `\classification_tree.$proc$/Users/marcandre/Desktop/Startup/TowardsBNN/binaryneuralnet-asic-TTIHP26/src/classification_tree.sv:3610$1588'.
     1/7: $7\tree_17$func$/Users/marcandre/Desktop/Startup/TowardsBNN/binaryneuralnet-asic-TTIHP26/src/classification_tree.sv:3610$183.$result[1:0]$1605
     2/7: $6\tree_17$func$/Users/marcandre/Desktop/Startup/TowardsBNN/binaryneuralnet-asic-TTIHP26/src/classification_tree.sv:3610$183.$result[1:0]$1603
     3/7: $5\tree_17$func$/Users/marcandre/Desktop/Startup/TowardsBNN/binaryneuralnet-asic-TTIHP26/src/classification_tree.sv:3610$183.$result[1:0]$1601
     4/7: $4\tree_17$func$/Users/marcandre/Desktop/Startup/TowardsBNN/binaryneuralnet-asic-TTIHP26/src/classification_tree.sv:3610$183.$result[1:0]$1599
     5/7: $3\tree_17$func$/Users/marcandre/Desktop/Startup/TowardsBNN/binaryneuralnet-asic-TTIHP26/src/classification_tree.sv:3610$183.$result[1:0]$1597
     6/7: $2\tree_17$func$/Users/marcandre/Desktop/Startup/TowardsBNN/binaryneuralnet-asic-TTIHP26/src/classification_tree.sv:3610$183.$result[1:0]$1595
     7/7: $1\tree_17$func$/Users/marcandre/Desktop/Startup/TowardsBNN/binaryneuralnet-asic-TTIHP26/src/classification_tree.sv:3610$183.$result[1:0]$1593
Creating decoders for process `\classification_tree.$proc$/Users/marcandre/Desktop/Startup/TowardsBNN/binaryneuralnet-asic-TTIHP26/src/classification_tree.sv:3609$1570'.
     1/7: $7\tree_7$func$/Users/marcandre/Desktop/Startup/TowardsBNN/binaryneuralnet-asic-TTIHP26/src/classification_tree.sv:3609$182.$result[1:0]$1587
     2/7: $6\tree_7$func$/Users/marcandre/Desktop/Startup/TowardsBNN/binaryneuralnet-asic-TTIHP26/src/classification_tree.sv:3609$182.$result[1:0]$1585
     3/7: $5\tree_7$func$/Users/marcandre/Desktop/Startup/TowardsBNN/binaryneuralnet-asic-TTIHP26/src/classification_tree.sv:3609$182.$result[1:0]$1583
     4/7: $4\tree_7$func$/Users/marcandre/Desktop/Startup/TowardsBNN/binaryneuralnet-asic-TTIHP26/src/classification_tree.sv:3609$182.$result[1:0]$1581
     5/7: $3\tree_7$func$/Users/marcandre/Desktop/Startup/TowardsBNN/binaryneuralnet-asic-TTIHP26/src/classification_tree.sv:3609$182.$result[1:0]$1579
     6/7: $2\tree_7$func$/Users/marcandre/Desktop/Startup/TowardsBNN/binaryneuralnet-asic-TTIHP26/src/classification_tree.sv:3609$182.$result[1:0]$1577
     7/7: $1\tree_7$func$/Users/marcandre/Desktop/Startup/TowardsBNN/binaryneuralnet-asic-TTIHP26/src/classification_tree.sv:3609$182.$result[1:0]$1575
Creating decoders for process `\classification_tree.$proc$/Users/marcandre/Desktop/Startup/TowardsBNN/binaryneuralnet-asic-TTIHP26/src/classification_tree.sv:3606$1552'.
     1/7: $7\tree_96$func$/Users/marcandre/Desktop/Startup/TowardsBNN/binaryneuralnet-asic-TTIHP26/src/classification_tree.sv:3606$181.$result[1:0]$1569
     2/7: $6\tree_96$func$/Users/marcandre/Desktop/Startup/TowardsBNN/binaryneuralnet-asic-TTIHP26/src/classification_tree.sv:3606$181.$result[1:0]$1567
     3/7: $5\tree_96$func$/Users/marcandre/Desktop/Startup/TowardsBNN/binaryneuralnet-asic-TTIHP26/src/classification_tree.sv:3606$181.$result[1:0]$1565
     4/7: $4\tree_96$func$/Users/marcandre/Desktop/Startup/TowardsBNN/binaryneuralnet-asic-TTIHP26/src/classification_tree.sv:3606$181.$result[1:0]$1563
     5/7: $3\tree_96$func$/Users/marcandre/Desktop/Startup/TowardsBNN/binaryneuralnet-asic-TTIHP26/src/classification_tree.sv:3606$181.$result[1:0]$1561
     6/7: $2\tree_96$func$/Users/marcandre/Desktop/Startup/TowardsBNN/binaryneuralnet-asic-TTIHP26/src/classification_tree.sv:3606$181.$result[1:0]$1559
     7/7: $1\tree_96$func$/Users/marcandre/Desktop/Startup/TowardsBNN/binaryneuralnet-asic-TTIHP26/src/classification_tree.sv:3606$181.$result[1:0]$1557
Creating decoders for process `\classification_tree.$proc$/Users/marcandre/Desktop/Startup/TowardsBNN/binaryneuralnet-asic-TTIHP26/src/classification_tree.sv:3605$1534'.
     1/7: $7\tree_86$func$/Users/marcandre/Desktop/Startup/TowardsBNN/binaryneuralnet-asic-TTIHP26/src/classification_tree.sv:3605$180.$result[1:0]$1551
     2/7: $6\tree_86$func$/Users/marcandre/Desktop/Startup/TowardsBNN/binaryneuralnet-asic-TTIHP26/src/classification_tree.sv:3605$180.$result[1:0]$1549
     3/7: $5\tree_86$func$/Users/marcandre/Desktop/Startup/TowardsBNN/binaryneuralnet-asic-TTIHP26/src/classification_tree.sv:3605$180.$result[1:0]$1547
     4/7: $4\tree_86$func$/Users/marcandre/Desktop/Startup/TowardsBNN/binaryneuralnet-asic-TTIHP26/src/classification_tree.sv:3605$180.$result[1:0]$1545
     5/7: $3\tree_86$func$/Users/marcandre/Desktop/Startup/TowardsBNN/binaryneuralnet-asic-TTIHP26/src/classification_tree.sv:3605$180.$result[1:0]$1543
     6/7: $2\tree_86$func$/Users/marcandre/Desktop/Startup/TowardsBNN/binaryneuralnet-asic-TTIHP26/src/classification_tree.sv:3605$180.$result[1:0]$1541
     7/7: $1\tree_86$func$/Users/marcandre/Desktop/Startup/TowardsBNN/binaryneuralnet-asic-TTIHP26/src/classification_tree.sv:3605$180.$result[1:0]$1539
Creating decoders for process `\classification_tree.$proc$/Users/marcandre/Desktop/Startup/TowardsBNN/binaryneuralnet-asic-TTIHP26/src/classification_tree.sv:3604$1516'.
     1/7: $7\tree_76$func$/Users/marcandre/Desktop/Startup/TowardsBNN/binaryneuralnet-asic-TTIHP26/src/classification_tree.sv:3604$179.$result[1:0]$1533
     2/7: $6\tree_76$func$/Users/marcandre/Desktop/Startup/TowardsBNN/binaryneuralnet-asic-TTIHP26/src/classification_tree.sv:3604$179.$result[1:0]$1531
     3/7: $5\tree_76$func$/Users/marcandre/Desktop/Startup/TowardsBNN/binaryneuralnet-asic-TTIHP26/src/classification_tree.sv:3604$179.$result[1:0]$1529
     4/7: $4\tree_76$func$/Users/marcandre/Desktop/Startup/TowardsBNN/binaryneuralnet-asic-TTIHP26/src/classification_tree.sv:3604$179.$result[1:0]$1527
     5/7: $3\tree_76$func$/Users/marcandre/Desktop/Startup/TowardsBNN/binaryneuralnet-asic-TTIHP26/src/classification_tree.sv:3604$179.$result[1:0]$1525
     6/7: $2\tree_76$func$/Users/marcandre/Desktop/Startup/TowardsBNN/binaryneuralnet-asic-TTIHP26/src/classification_tree.sv:3604$179.$result[1:0]$1523
     7/7: $1\tree_76$func$/Users/marcandre/Desktop/Startup/TowardsBNN/binaryneuralnet-asic-TTIHP26/src/classification_tree.sv:3604$179.$result[1:0]$1521
Creating decoders for process `\classification_tree.$proc$/Users/marcandre/Desktop/Startup/TowardsBNN/binaryneuralnet-asic-TTIHP26/src/classification_tree.sv:3603$1498'.
     1/7: $7\tree_66$func$/Users/marcandre/Desktop/Startup/TowardsBNN/binaryneuralnet-asic-TTIHP26/src/classification_tree.sv:3603$178.$result[1:0]$1515
     2/7: $6\tree_66$func$/Users/marcandre/Desktop/Startup/TowardsBNN/binaryneuralnet-asic-TTIHP26/src/classification_tree.sv:3603$178.$result[1:0]$1513
     3/7: $5\tree_66$func$/Users/marcandre/Desktop/Startup/TowardsBNN/binaryneuralnet-asic-TTIHP26/src/classification_tree.sv:3603$178.$result[1:0]$1511
     4/7: $4\tree_66$func$/Users/marcandre/Desktop/Startup/TowardsBNN/binaryneuralnet-asic-TTIHP26/src/classification_tree.sv:3603$178.$result[1:0]$1509
     5/7: $3\tree_66$func$/Users/marcandre/Desktop/Startup/TowardsBNN/binaryneuralnet-asic-TTIHP26/src/classification_tree.sv:3603$178.$result[1:0]$1507
     6/7: $2\tree_66$func$/Users/marcandre/Desktop/Startup/TowardsBNN/binaryneuralnet-asic-TTIHP26/src/classification_tree.sv:3603$178.$result[1:0]$1505
     7/7: $1\tree_66$func$/Users/marcandre/Desktop/Startup/TowardsBNN/binaryneuralnet-asic-TTIHP26/src/classification_tree.sv:3603$178.$result[1:0]$1503
Creating decoders for process `\classification_tree.$proc$/Users/marcandre/Desktop/Startup/TowardsBNN/binaryneuralnet-asic-TTIHP26/src/classification_tree.sv:3602$1480'.
     1/7: $7\tree_56$func$/Users/marcandre/Desktop/Startup/TowardsBNN/binaryneuralnet-asic-TTIHP26/src/classification_tree.sv:3602$177.$result[1:0]$1497
     2/7: $6\tree_56$func$/Users/marcandre/Desktop/Startup/TowardsBNN/binaryneuralnet-asic-TTIHP26/src/classification_tree.sv:3602$177.$result[1:0]$1495
     3/7: $5\tree_56$func$/Users/marcandre/Desktop/Startup/TowardsBNN/binaryneuralnet-asic-TTIHP26/src/classification_tree.sv:3602$177.$result[1:0]$1493
     4/7: $4\tree_56$func$/Users/marcandre/Desktop/Startup/TowardsBNN/binaryneuralnet-asic-TTIHP26/src/classification_tree.sv:3602$177.$result[1:0]$1491
     5/7: $3\tree_56$func$/Users/marcandre/Desktop/Startup/TowardsBNN/binaryneuralnet-asic-TTIHP26/src/classification_tree.sv:3602$177.$result[1:0]$1489
     6/7: $2\tree_56$func$/Users/marcandre/Desktop/Startup/TowardsBNN/binaryneuralnet-asic-TTIHP26/src/classification_tree.sv:3602$177.$result[1:0]$1487
     7/7: $1\tree_56$func$/Users/marcandre/Desktop/Startup/TowardsBNN/binaryneuralnet-asic-TTIHP26/src/classification_tree.sv:3602$177.$result[1:0]$1485
Creating decoders for process `\classification_tree.$proc$/Users/marcandre/Desktop/Startup/TowardsBNN/binaryneuralnet-asic-TTIHP26/src/classification_tree.sv:3601$1462'.
     1/7: $7\tree_46$func$/Users/marcandre/Desktop/Startup/TowardsBNN/binaryneuralnet-asic-TTIHP26/src/classification_tree.sv:3601$176.$result[1:0]$1479
     2/7: $6\tree_46$func$/Users/marcandre/Desktop/Startup/TowardsBNN/binaryneuralnet-asic-TTIHP26/src/classification_tree.sv:3601$176.$result[1:0]$1477
     3/7: $5\tree_46$func$/Users/marcandre/Desktop/Startup/TowardsBNN/binaryneuralnet-asic-TTIHP26/src/classification_tree.sv:3601$176.$result[1:0]$1475
     4/7: $4\tree_46$func$/Users/marcandre/Desktop/Startup/TowardsBNN/binaryneuralnet-asic-TTIHP26/src/classification_tree.sv:3601$176.$result[1:0]$1473
     5/7: $3\tree_46$func$/Users/marcandre/Desktop/Startup/TowardsBNN/binaryneuralnet-asic-TTIHP26/src/classification_tree.sv:3601$176.$result[1:0]$1471
     6/7: $2\tree_46$func$/Users/marcandre/Desktop/Startup/TowardsBNN/binaryneuralnet-asic-TTIHP26/src/classification_tree.sv:3601$176.$result[1:0]$1469
     7/7: $1\tree_46$func$/Users/marcandre/Desktop/Startup/TowardsBNN/binaryneuralnet-asic-TTIHP26/src/classification_tree.sv:3601$176.$result[1:0]$1467
Creating decoders for process `\classification_tree.$proc$/Users/marcandre/Desktop/Startup/TowardsBNN/binaryneuralnet-asic-TTIHP26/src/classification_tree.sv:3600$1444'.
     1/7: $7\tree_36$func$/Users/marcandre/Desktop/Startup/TowardsBNN/binaryneuralnet-asic-TTIHP26/src/classification_tree.sv:3600$175.$result[1:0]$1461
     2/7: $6\tree_36$func$/Users/marcandre/Desktop/Startup/TowardsBNN/binaryneuralnet-asic-TTIHP26/src/classification_tree.sv:3600$175.$result[1:0]$1459
     3/7: $5\tree_36$func$/Users/marcandre/Desktop/Startup/TowardsBNN/binaryneuralnet-asic-TTIHP26/src/classification_tree.sv:3600$175.$result[1:0]$1457
     4/7: $4\tree_36$func$/Users/marcandre/Desktop/Startup/TowardsBNN/binaryneuralnet-asic-TTIHP26/src/classification_tree.sv:3600$175.$result[1:0]$1455
     5/7: $3\tree_36$func$/Users/marcandre/Desktop/Startup/TowardsBNN/binaryneuralnet-asic-TTIHP26/src/classification_tree.sv:3600$175.$result[1:0]$1453
     6/7: $2\tree_36$func$/Users/marcandre/Desktop/Startup/TowardsBNN/binaryneuralnet-asic-TTIHP26/src/classification_tree.sv:3600$175.$result[1:0]$1451
     7/7: $1\tree_36$func$/Users/marcandre/Desktop/Startup/TowardsBNN/binaryneuralnet-asic-TTIHP26/src/classification_tree.sv:3600$175.$result[1:0]$1449
Creating decoders for process `\classification_tree.$proc$/Users/marcandre/Desktop/Startup/TowardsBNN/binaryneuralnet-asic-TTIHP26/src/classification_tree.sv:3599$1426'.
     1/7: $7\tree_26$func$/Users/marcandre/Desktop/Startup/TowardsBNN/binaryneuralnet-asic-TTIHP26/src/classification_tree.sv:3599$174.$result[1:0]$1443
     2/7: $6\tree_26$func$/Users/marcandre/Desktop/Startup/TowardsBNN/binaryneuralnet-asic-TTIHP26/src/classification_tree.sv:3599$174.$result[1:0]$1441
     3/7: $5\tree_26$func$/Users/marcandre/Desktop/Startup/TowardsBNN/binaryneuralnet-asic-TTIHP26/src/classification_tree.sv:3599$174.$result[1:0]$1439
     4/7: $4\tree_26$func$/Users/marcandre/Desktop/Startup/TowardsBNN/binaryneuralnet-asic-TTIHP26/src/classification_tree.sv:3599$174.$result[1:0]$1437
     5/7: $3\tree_26$func$/Users/marcandre/Desktop/Startup/TowardsBNN/binaryneuralnet-asic-TTIHP26/src/classification_tree.sv:3599$174.$result[1:0]$1435
     6/7: $2\tree_26$func$/Users/marcandre/Desktop/Startup/TowardsBNN/binaryneuralnet-asic-TTIHP26/src/classification_tree.sv:3599$174.$result[1:0]$1433
     7/7: $1\tree_26$func$/Users/marcandre/Desktop/Startup/TowardsBNN/binaryneuralnet-asic-TTIHP26/src/classification_tree.sv:3599$174.$result[1:0]$1431
Creating decoders for process `\classification_tree.$proc$/Users/marcandre/Desktop/Startup/TowardsBNN/binaryneuralnet-asic-TTIHP26/src/classification_tree.sv:3598$1408'.
     1/7: $7\tree_16$func$/Users/marcandre/Desktop/Startup/TowardsBNN/binaryneuralnet-asic-TTIHP26/src/classification_tree.sv:3598$173.$result[1:0]$1425
     2/7: $6\tree_16$func$/Users/marcandre/Desktop/Startup/TowardsBNN/binaryneuralnet-asic-TTIHP26/src/classification_tree.sv:3598$173.$result[1:0]$1423
     3/7: $5\tree_16$func$/Users/marcandre/Desktop/Startup/TowardsBNN/binaryneuralnet-asic-TTIHP26/src/classification_tree.sv:3598$173.$result[1:0]$1421
     4/7: $4\tree_16$func$/Users/marcandre/Desktop/Startup/TowardsBNN/binaryneuralnet-asic-TTIHP26/src/classification_tree.sv:3598$173.$result[1:0]$1419
     5/7: $3\tree_16$func$/Users/marcandre/Desktop/Startup/TowardsBNN/binaryneuralnet-asic-TTIHP26/src/classification_tree.sv:3598$173.$result[1:0]$1417
     6/7: $2\tree_16$func$/Users/marcandre/Desktop/Startup/TowardsBNN/binaryneuralnet-asic-TTIHP26/src/classification_tree.sv:3598$173.$result[1:0]$1415
     7/7: $1\tree_16$func$/Users/marcandre/Desktop/Startup/TowardsBNN/binaryneuralnet-asic-TTIHP26/src/classification_tree.sv:3598$173.$result[1:0]$1413
Creating decoders for process `\classification_tree.$proc$/Users/marcandre/Desktop/Startup/TowardsBNN/binaryneuralnet-asic-TTIHP26/src/classification_tree.sv:3597$1390'.
     1/7: $7\tree_6$func$/Users/marcandre/Desktop/Startup/TowardsBNN/binaryneuralnet-asic-TTIHP26/src/classification_tree.sv:3597$172.$result[1:0]$1407
     2/7: $6\tree_6$func$/Users/marcandre/Desktop/Startup/TowardsBNN/binaryneuralnet-asic-TTIHP26/src/classification_tree.sv:3597$172.$result[1:0]$1405
     3/7: $5\tree_6$func$/Users/marcandre/Desktop/Startup/TowardsBNN/binaryneuralnet-asic-TTIHP26/src/classification_tree.sv:3597$172.$result[1:0]$1403
     4/7: $4\tree_6$func$/Users/marcandre/Desktop/Startup/TowardsBNN/binaryneuralnet-asic-TTIHP26/src/classification_tree.sv:3597$172.$result[1:0]$1401
     5/7: $3\tree_6$func$/Users/marcandre/Desktop/Startup/TowardsBNN/binaryneuralnet-asic-TTIHP26/src/classification_tree.sv:3597$172.$result[1:0]$1399
     6/7: $2\tree_6$func$/Users/marcandre/Desktop/Startup/TowardsBNN/binaryneuralnet-asic-TTIHP26/src/classification_tree.sv:3597$172.$result[1:0]$1397
     7/7: $1\tree_6$func$/Users/marcandre/Desktop/Startup/TowardsBNN/binaryneuralnet-asic-TTIHP26/src/classification_tree.sv:3597$172.$result[1:0]$1395
Creating decoders for process `\classification_tree.$proc$/Users/marcandre/Desktop/Startup/TowardsBNN/binaryneuralnet-asic-TTIHP26/src/classification_tree.sv:3594$1372'.
     1/7: $7\tree_95$func$/Users/marcandre/Desktop/Startup/TowardsBNN/binaryneuralnet-asic-TTIHP26/src/classification_tree.sv:3594$171.$result[1:0]$1389
     2/7: $6\tree_95$func$/Users/marcandre/Desktop/Startup/TowardsBNN/binaryneuralnet-asic-TTIHP26/src/classification_tree.sv:3594$171.$result[1:0]$1387
     3/7: $5\tree_95$func$/Users/marcandre/Desktop/Startup/TowardsBNN/binaryneuralnet-asic-TTIHP26/src/classification_tree.sv:3594$171.$result[1:0]$1385
     4/7: $4\tree_95$func$/Users/marcandre/Desktop/Startup/TowardsBNN/binaryneuralnet-asic-TTIHP26/src/classification_tree.sv:3594$171.$result[1:0]$1383
     5/7: $3\tree_95$func$/Users/marcandre/Desktop/Startup/TowardsBNN/binaryneuralnet-asic-TTIHP26/src/classification_tree.sv:3594$171.$result[1:0]$1381
     6/7: $2\tree_95$func$/Users/marcandre/Desktop/Startup/TowardsBNN/binaryneuralnet-asic-TTIHP26/src/classification_tree.sv:3594$171.$result[1:0]$1379
     7/7: $1\tree_95$func$/Users/marcandre/Desktop/Startup/TowardsBNN/binaryneuralnet-asic-TTIHP26/src/classification_tree.sv:3594$171.$result[1:0]$1377
Creating decoders for process `\classification_tree.$proc$/Users/marcandre/Desktop/Startup/TowardsBNN/binaryneuralnet-asic-TTIHP26/src/classification_tree.sv:3593$1354'.
     1/7: $7\tree_85$func$/Users/marcandre/Desktop/Startup/TowardsBNN/binaryneuralnet-asic-TTIHP26/src/classification_tree.sv:3593$170.$result[1:0]$1371
     2/7: $6\tree_85$func$/Users/marcandre/Desktop/Startup/TowardsBNN/binaryneuralnet-asic-TTIHP26/src/classification_tree.sv:3593$170.$result[1:0]$1369
     3/7: $5\tree_85$func$/Users/marcandre/Desktop/Startup/TowardsBNN/binaryneuralnet-asic-TTIHP26/src/classification_tree.sv:3593$170.$result[1:0]$1367
     4/7: $4\tree_85$func$/Users/marcandre/Desktop/Startup/TowardsBNN/binaryneuralnet-asic-TTIHP26/src/classification_tree.sv:3593$170.$result[1:0]$1365
     5/7: $3\tree_85$func$/Users/marcandre/Desktop/Startup/TowardsBNN/binaryneuralnet-asic-TTIHP26/src/classification_tree.sv:3593$170.$result[1:0]$1363
     6/7: $2\tree_85$func$/Users/marcandre/Desktop/Startup/TowardsBNN/binaryneuralnet-asic-TTIHP26/src/classification_tree.sv:3593$170.$result[1:0]$1361
     7/7: $1\tree_85$func$/Users/marcandre/Desktop/Startup/TowardsBNN/binaryneuralnet-asic-TTIHP26/src/classification_tree.sv:3593$170.$result[1:0]$1359
Creating decoders for process `\classification_tree.$proc$/Users/marcandre/Desktop/Startup/TowardsBNN/binaryneuralnet-asic-TTIHP26/src/classification_tree.sv:3592$1336'.
     1/7: $7\tree_75$func$/Users/marcandre/Desktop/Startup/TowardsBNN/binaryneuralnet-asic-TTIHP26/src/classification_tree.sv:3592$169.$result[1:0]$1353
     2/7: $6\tree_75$func$/Users/marcandre/Desktop/Startup/TowardsBNN/binaryneuralnet-asic-TTIHP26/src/classification_tree.sv:3592$169.$result[1:0]$1351
     3/7: $5\tree_75$func$/Users/marcandre/Desktop/Startup/TowardsBNN/binaryneuralnet-asic-TTIHP26/src/classification_tree.sv:3592$169.$result[1:0]$1349
     4/7: $4\tree_75$func$/Users/marcandre/Desktop/Startup/TowardsBNN/binaryneuralnet-asic-TTIHP26/src/classification_tree.sv:3592$169.$result[1:0]$1347
     5/7: $3\tree_75$func$/Users/marcandre/Desktop/Startup/TowardsBNN/binaryneuralnet-asic-TTIHP26/src/classification_tree.sv:3592$169.$result[1:0]$1345
     6/7: $2\tree_75$func$/Users/marcandre/Desktop/Startup/TowardsBNN/binaryneuralnet-asic-TTIHP26/src/classification_tree.sv:3592$169.$result[1:0]$1343
     7/7: $1\tree_75$func$/Users/marcandre/Desktop/Startup/TowardsBNN/binaryneuralnet-asic-TTIHP26/src/classification_tree.sv:3592$169.$result[1:0]$1341
Creating decoders for process `\classification_tree.$proc$/Users/marcandre/Desktop/Startup/TowardsBNN/binaryneuralnet-asic-TTIHP26/src/classification_tree.sv:3591$1318'.
     1/7: $7\tree_65$func$/Users/marcandre/Desktop/Startup/TowardsBNN/binaryneuralnet-asic-TTIHP26/src/classification_tree.sv:3591$168.$result[1:0]$1335
     2/7: $6\tree_65$func$/Users/marcandre/Desktop/Startup/TowardsBNN/binaryneuralnet-asic-TTIHP26/src/classification_tree.sv:3591$168.$result[1:0]$1333
     3/7: $5\tree_65$func$/Users/marcandre/Desktop/Startup/TowardsBNN/binaryneuralnet-asic-TTIHP26/src/classification_tree.sv:3591$168.$result[1:0]$1331
     4/7: $4\tree_65$func$/Users/marcandre/Desktop/Startup/TowardsBNN/binaryneuralnet-asic-TTIHP26/src/classification_tree.sv:3591$168.$result[1:0]$1329
     5/7: $3\tree_65$func$/Users/marcandre/Desktop/Startup/TowardsBNN/binaryneuralnet-asic-TTIHP26/src/classification_tree.sv:3591$168.$result[1:0]$1327
     6/7: $2\tree_65$func$/Users/marcandre/Desktop/Startup/TowardsBNN/binaryneuralnet-asic-TTIHP26/src/classification_tree.sv:3591$168.$result[1:0]$1325
     7/7: $1\tree_65$func$/Users/marcandre/Desktop/Startup/TowardsBNN/binaryneuralnet-asic-TTIHP26/src/classification_tree.sv:3591$168.$result[1:0]$1323
Creating decoders for process `\classification_tree.$proc$/Users/marcandre/Desktop/Startup/TowardsBNN/binaryneuralnet-asic-TTIHP26/src/classification_tree.sv:3590$1300'.
     1/7: $7\tree_55$func$/Users/marcandre/Desktop/Startup/TowardsBNN/binaryneuralnet-asic-TTIHP26/src/classification_tree.sv:3590$167.$result[1:0]$1317
     2/7: $6\tree_55$func$/Users/marcandre/Desktop/Startup/TowardsBNN/binaryneuralnet-asic-TTIHP26/src/classification_tree.sv:3590$167.$result[1:0]$1315
     3/7: $5\tree_55$func$/Users/marcandre/Desktop/Startup/TowardsBNN/binaryneuralnet-asic-TTIHP26/src/classification_tree.sv:3590$167.$result[1:0]$1313
     4/7: $4\tree_55$func$/Users/marcandre/Desktop/Startup/TowardsBNN/binaryneuralnet-asic-TTIHP26/src/classification_tree.sv:3590$167.$result[1:0]$1311
     5/7: $3\tree_55$func$/Users/marcandre/Desktop/Startup/TowardsBNN/binaryneuralnet-asic-TTIHP26/src/classification_tree.sv:3590$167.$result[1:0]$1309
     6/7: $2\tree_55$func$/Users/marcandre/Desktop/Startup/TowardsBNN/binaryneuralnet-asic-TTIHP26/src/classification_tree.sv:3590$167.$result[1:0]$1307
     7/7: $1\tree_55$func$/Users/marcandre/Desktop/Startup/TowardsBNN/binaryneuralnet-asic-TTIHP26/src/classification_tree.sv:3590$167.$result[1:0]$1305
Creating decoders for process `\classification_tree.$proc$/Users/marcandre/Desktop/Startup/TowardsBNN/binaryneuralnet-asic-TTIHP26/src/classification_tree.sv:3589$1282'.
     1/7: $7\tree_45$func$/Users/marcandre/Desktop/Startup/TowardsBNN/binaryneuralnet-asic-TTIHP26/src/classification_tree.sv:3589$166.$result[1:0]$1299
     2/7: $6\tree_45$func$/Users/marcandre/Desktop/Startup/TowardsBNN/binaryneuralnet-asic-TTIHP26/src/classification_tree.sv:3589$166.$result[1:0]$1297
     3/7: $5\tree_45$func$/Users/marcandre/Desktop/Startup/TowardsBNN/binaryneuralnet-asic-TTIHP26/src/classification_tree.sv:3589$166.$result[1:0]$1295
     4/7: $4\tree_45$func$/Users/marcandre/Desktop/Startup/TowardsBNN/binaryneuralnet-asic-TTIHP26/src/classification_tree.sv:3589$166.$result[1:0]$1293
     5/7: $3\tree_45$func$/Users/marcandre/Desktop/Startup/TowardsBNN/binaryneuralnet-asic-TTIHP26/src/classification_tree.sv:3589$166.$result[1:0]$1291
     6/7: $2\tree_45$func$/Users/marcandre/Desktop/Startup/TowardsBNN/binaryneuralnet-asic-TTIHP26/src/classification_tree.sv:3589$166.$result[1:0]$1289
     7/7: $1\tree_45$func$/Users/marcandre/Desktop/Startup/TowardsBNN/binaryneuralnet-asic-TTIHP26/src/classification_tree.sv:3589$166.$result[1:0]$1287
Creating decoders for process `\classification_tree.$proc$/Users/marcandre/Desktop/Startup/TowardsBNN/binaryneuralnet-asic-TTIHP26/src/classification_tree.sv:3588$1264'.
     1/7: $7\tree_35$func$/Users/marcandre/Desktop/Startup/TowardsBNN/binaryneuralnet-asic-TTIHP26/src/classification_tree.sv:3588$165.$result[1:0]$1281
     2/7: $6\tree_35$func$/Users/marcandre/Desktop/Startup/TowardsBNN/binaryneuralnet-asic-TTIHP26/src/classification_tree.sv:3588$165.$result[1:0]$1279
     3/7: $5\tree_35$func$/Users/marcandre/Desktop/Startup/TowardsBNN/binaryneuralnet-asic-TTIHP26/src/classification_tree.sv:3588$165.$result[1:0]$1277
     4/7: $4\tree_35$func$/Users/marcandre/Desktop/Startup/TowardsBNN/binaryneuralnet-asic-TTIHP26/src/classification_tree.sv:3588$165.$result[1:0]$1275
     5/7: $3\tree_35$func$/Users/marcandre/Desktop/Startup/TowardsBNN/binaryneuralnet-asic-TTIHP26/src/classification_tree.sv:3588$165.$result[1:0]$1273
     6/7: $2\tree_35$func$/Users/marcandre/Desktop/Startup/TowardsBNN/binaryneuralnet-asic-TTIHP26/src/classification_tree.sv:3588$165.$result[1:0]$1271
     7/7: $1\tree_35$func$/Users/marcandre/Desktop/Startup/TowardsBNN/binaryneuralnet-asic-TTIHP26/src/classification_tree.sv:3588$165.$result[1:0]$1269
Creating decoders for process `\classification_tree.$proc$/Users/marcandre/Desktop/Startup/TowardsBNN/binaryneuralnet-asic-TTIHP26/src/classification_tree.sv:3587$1246'.
     1/7: $7\tree_25$func$/Users/marcandre/Desktop/Startup/TowardsBNN/binaryneuralnet-asic-TTIHP26/src/classification_tree.sv:3587$164.$result[1:0]$1263
     2/7: $6\tree_25$func$/Users/marcandre/Desktop/Startup/TowardsBNN/binaryneuralnet-asic-TTIHP26/src/classification_tree.sv:3587$164.$result[1:0]$1261
     3/7: $5\tree_25$func$/Users/marcandre/Desktop/Startup/TowardsBNN/binaryneuralnet-asic-TTIHP26/src/classification_tree.sv:3587$164.$result[1:0]$1259
     4/7: $4\tree_25$func$/Users/marcandre/Desktop/Startup/TowardsBNN/binaryneuralnet-asic-TTIHP26/src/classification_tree.sv:3587$164.$result[1:0]$1257
     5/7: $3\tree_25$func$/Users/marcandre/Desktop/Startup/TowardsBNN/binaryneuralnet-asic-TTIHP26/src/classification_tree.sv:3587$164.$result[1:0]$1255
     6/7: $2\tree_25$func$/Users/marcandre/Desktop/Startup/TowardsBNN/binaryneuralnet-asic-TTIHP26/src/classification_tree.sv:3587$164.$result[1:0]$1253
     7/7: $1\tree_25$func$/Users/marcandre/Desktop/Startup/TowardsBNN/binaryneuralnet-asic-TTIHP26/src/classification_tree.sv:3587$164.$result[1:0]$1251
Creating decoders for process `\classification_tree.$proc$/Users/marcandre/Desktop/Startup/TowardsBNN/binaryneuralnet-asic-TTIHP26/src/classification_tree.sv:3586$1228'.
     1/7: $7\tree_15$func$/Users/marcandre/Desktop/Startup/TowardsBNN/binaryneuralnet-asic-TTIHP26/src/classification_tree.sv:3586$163.$result[1:0]$1245
     2/7: $6\tree_15$func$/Users/marcandre/Desktop/Startup/TowardsBNN/binaryneuralnet-asic-TTIHP26/src/classification_tree.sv:3586$163.$result[1:0]$1243
     3/7: $5\tree_15$func$/Users/marcandre/Desktop/Startup/TowardsBNN/binaryneuralnet-asic-TTIHP26/src/classification_tree.sv:3586$163.$result[1:0]$1241
     4/7: $4\tree_15$func$/Users/marcandre/Desktop/Startup/TowardsBNN/binaryneuralnet-asic-TTIHP26/src/classification_tree.sv:3586$163.$result[1:0]$1239
     5/7: $3\tree_15$func$/Users/marcandre/Desktop/Startup/TowardsBNN/binaryneuralnet-asic-TTIHP26/src/classification_tree.sv:3586$163.$result[1:0]$1237
     6/7: $2\tree_15$func$/Users/marcandre/Desktop/Startup/TowardsBNN/binaryneuralnet-asic-TTIHP26/src/classification_tree.sv:3586$163.$result[1:0]$1235
     7/7: $1\tree_15$func$/Users/marcandre/Desktop/Startup/TowardsBNN/binaryneuralnet-asic-TTIHP26/src/classification_tree.sv:3586$163.$result[1:0]$1233
Creating decoders for process `\classification_tree.$proc$/Users/marcandre/Desktop/Startup/TowardsBNN/binaryneuralnet-asic-TTIHP26/src/classification_tree.sv:3585$1210'.
     1/7: $7\tree_5$func$/Users/marcandre/Desktop/Startup/TowardsBNN/binaryneuralnet-asic-TTIHP26/src/classification_tree.sv:3585$162.$result[1:0]$1227
     2/7: $6\tree_5$func$/Users/marcandre/Desktop/Startup/TowardsBNN/binaryneuralnet-asic-TTIHP26/src/classification_tree.sv:3585$162.$result[1:0]$1225
     3/7: $5\tree_5$func$/Users/marcandre/Desktop/Startup/TowardsBNN/binaryneuralnet-asic-TTIHP26/src/classification_tree.sv:3585$162.$result[1:0]$1223
     4/7: $4\tree_5$func$/Users/marcandre/Desktop/Startup/TowardsBNN/binaryneuralnet-asic-TTIHP26/src/classification_tree.sv:3585$162.$result[1:0]$1221
     5/7: $3\tree_5$func$/Users/marcandre/Desktop/Startup/TowardsBNN/binaryneuralnet-asic-TTIHP26/src/classification_tree.sv:3585$162.$result[1:0]$1219
     6/7: $2\tree_5$func$/Users/marcandre/Desktop/Startup/TowardsBNN/binaryneuralnet-asic-TTIHP26/src/classification_tree.sv:3585$162.$result[1:0]$1217
     7/7: $1\tree_5$func$/Users/marcandre/Desktop/Startup/TowardsBNN/binaryneuralnet-asic-TTIHP26/src/classification_tree.sv:3585$162.$result[1:0]$1215
Creating decoders for process `\classification_tree.$proc$/Users/marcandre/Desktop/Startup/TowardsBNN/binaryneuralnet-asic-TTIHP26/src/classification_tree.sv:3582$1192'.
     1/7: $7\tree_94$func$/Users/marcandre/Desktop/Startup/TowardsBNN/binaryneuralnet-asic-TTIHP26/src/classification_tree.sv:3582$161.$result[1:0]$1209
     2/7: $6\tree_94$func$/Users/marcandre/Desktop/Startup/TowardsBNN/binaryneuralnet-asic-TTIHP26/src/classification_tree.sv:3582$161.$result[1:0]$1207
     3/7: $5\tree_94$func$/Users/marcandre/Desktop/Startup/TowardsBNN/binaryneuralnet-asic-TTIHP26/src/classification_tree.sv:3582$161.$result[1:0]$1205
     4/7: $4\tree_94$func$/Users/marcandre/Desktop/Startup/TowardsBNN/binaryneuralnet-asic-TTIHP26/src/classification_tree.sv:3582$161.$result[1:0]$1203
     5/7: $3\tree_94$func$/Users/marcandre/Desktop/Startup/TowardsBNN/binaryneuralnet-asic-TTIHP26/src/classification_tree.sv:3582$161.$result[1:0]$1201
     6/7: $2\tree_94$func$/Users/marcandre/Desktop/Startup/TowardsBNN/binaryneuralnet-asic-TTIHP26/src/classification_tree.sv:3582$161.$result[1:0]$1199
     7/7: $1\tree_94$func$/Users/marcandre/Desktop/Startup/TowardsBNN/binaryneuralnet-asic-TTIHP26/src/classification_tree.sv:3582$161.$result[1:0]$1197
Creating decoders for process `\classification_tree.$proc$/Users/marcandre/Desktop/Startup/TowardsBNN/binaryneuralnet-asic-TTIHP26/src/classification_tree.sv:3581$1174'.
     1/7: $7\tree_84$func$/Users/marcandre/Desktop/Startup/TowardsBNN/binaryneuralnet-asic-TTIHP26/src/classification_tree.sv:3581$160.$result[1:0]$1191
     2/7: $6\tree_84$func$/Users/marcandre/Desktop/Startup/TowardsBNN/binaryneuralnet-asic-TTIHP26/src/classification_tree.sv:3581$160.$result[1:0]$1189
     3/7: $5\tree_84$func$/Users/marcandre/Desktop/Startup/TowardsBNN/binaryneuralnet-asic-TTIHP26/src/classification_tree.sv:3581$160.$result[1:0]$1187
     4/7: $4\tree_84$func$/Users/marcandre/Desktop/Startup/TowardsBNN/binaryneuralnet-asic-TTIHP26/src/classification_tree.sv:3581$160.$result[1:0]$1185
     5/7: $3\tree_84$func$/Users/marcandre/Desktop/Startup/TowardsBNN/binaryneuralnet-asic-TTIHP26/src/classification_tree.sv:3581$160.$result[1:0]$1183
     6/7: $2\tree_84$func$/Users/marcandre/Desktop/Startup/TowardsBNN/binaryneuralnet-asic-TTIHP26/src/classification_tree.sv:3581$160.$result[1:0]$1181
     7/7: $1\tree_84$func$/Users/marcandre/Desktop/Startup/TowardsBNN/binaryneuralnet-asic-TTIHP26/src/classification_tree.sv:3581$160.$result[1:0]$1179
Creating decoders for process `\classification_tree.$proc$/Users/marcandre/Desktop/Startup/TowardsBNN/binaryneuralnet-asic-TTIHP26/src/classification_tree.sv:3580$1156'.
     1/7: $7\tree_74$func$/Users/marcandre/Desktop/Startup/TowardsBNN/binaryneuralnet-asic-TTIHP26/src/classification_tree.sv:3580$159.$result[1:0]$1173
     2/7: $6\tree_74$func$/Users/marcandre/Desktop/Startup/TowardsBNN/binaryneuralnet-asic-TTIHP26/src/classification_tree.sv:3580$159.$result[1:0]$1171
     3/7: $5\tree_74$func$/Users/marcandre/Desktop/Startup/TowardsBNN/binaryneuralnet-asic-TTIHP26/src/classification_tree.sv:3580$159.$result[1:0]$1169
     4/7: $4\tree_74$func$/Users/marcandre/Desktop/Startup/TowardsBNN/binaryneuralnet-asic-TTIHP26/src/classification_tree.sv:3580$159.$result[1:0]$1167
     5/7: $3\tree_74$func$/Users/marcandre/Desktop/Startup/TowardsBNN/binaryneuralnet-asic-TTIHP26/src/classification_tree.sv:3580$159.$result[1:0]$1165
     6/7: $2\tree_74$func$/Users/marcandre/Desktop/Startup/TowardsBNN/binaryneuralnet-asic-TTIHP26/src/classification_tree.sv:3580$159.$result[1:0]$1163
     7/7: $1\tree_74$func$/Users/marcandre/Desktop/Startup/TowardsBNN/binaryneuralnet-asic-TTIHP26/src/classification_tree.sv:3580$159.$result[1:0]$1161
Creating decoders for process `\classification_tree.$proc$/Users/marcandre/Desktop/Startup/TowardsBNN/binaryneuralnet-asic-TTIHP26/src/classification_tree.sv:3579$1138'.
     1/7: $7\tree_64$func$/Users/marcandre/Desktop/Startup/TowardsBNN/binaryneuralnet-asic-TTIHP26/src/classification_tree.sv:3579$158.$result[1:0]$1155
     2/7: $6\tree_64$func$/Users/marcandre/Desktop/Startup/TowardsBNN/binaryneuralnet-asic-TTIHP26/src/classification_tree.sv:3579$158.$result[1:0]$1153
     3/7: $5\tree_64$func$/Users/marcandre/Desktop/Startup/TowardsBNN/binaryneuralnet-asic-TTIHP26/src/classification_tree.sv:3579$158.$result[1:0]$1151
     4/7: $4\tree_64$func$/Users/marcandre/Desktop/Startup/TowardsBNN/binaryneuralnet-asic-TTIHP26/src/classification_tree.sv:3579$158.$result[1:0]$1149
     5/7: $3\tree_64$func$/Users/marcandre/Desktop/Startup/TowardsBNN/binaryneuralnet-asic-TTIHP26/src/classification_tree.sv:3579$158.$result[1:0]$1147
     6/7: $2\tree_64$func$/Users/marcandre/Desktop/Startup/TowardsBNN/binaryneuralnet-asic-TTIHP26/src/classification_tree.sv:3579$158.$result[1:0]$1145
     7/7: $1\tree_64$func$/Users/marcandre/Desktop/Startup/TowardsBNN/binaryneuralnet-asic-TTIHP26/src/classification_tree.sv:3579$158.$result[1:0]$1143
Creating decoders for process `\classification_tree.$proc$/Users/marcandre/Desktop/Startup/TowardsBNN/binaryneuralnet-asic-TTIHP26/src/classification_tree.sv:3578$1120'.
     1/7: $7\tree_54$func$/Users/marcandre/Desktop/Startup/TowardsBNN/binaryneuralnet-asic-TTIHP26/src/classification_tree.sv:3578$157.$result[1:0]$1137
     2/7: $6\tree_54$func$/Users/marcandre/Desktop/Startup/TowardsBNN/binaryneuralnet-asic-TTIHP26/src/classification_tree.sv:3578$157.$result[1:0]$1135
     3/7: $5\tree_54$func$/Users/marcandre/Desktop/Startup/TowardsBNN/binaryneuralnet-asic-TTIHP26/src/classification_tree.sv:3578$157.$result[1:0]$1133
     4/7: $4\tree_54$func$/Users/marcandre/Desktop/Startup/TowardsBNN/binaryneuralnet-asic-TTIHP26/src/classification_tree.sv:3578$157.$result[1:0]$1131
     5/7: $3\tree_54$func$/Users/marcandre/Desktop/Startup/TowardsBNN/binaryneuralnet-asic-TTIHP26/src/classification_tree.sv:3578$157.$result[1:0]$1129
     6/7: $2\tree_54$func$/Users/marcandre/Desktop/Startup/TowardsBNN/binaryneuralnet-asic-TTIHP26/src/classification_tree.sv:3578$157.$result[1:0]$1127
     7/7: $1\tree_54$func$/Users/marcandre/Desktop/Startup/TowardsBNN/binaryneuralnet-asic-TTIHP26/src/classification_tree.sv:3578$157.$result[1:0]$1125
Creating decoders for process `\classification_tree.$proc$/Users/marcandre/Desktop/Startup/TowardsBNN/binaryneuralnet-asic-TTIHP26/src/classification_tree.sv:3577$1102'.
     1/7: $7\tree_44$func$/Users/marcandre/Desktop/Startup/TowardsBNN/binaryneuralnet-asic-TTIHP26/src/classification_tree.sv:3577$156.$result[1:0]$1119
     2/7: $6\tree_44$func$/Users/marcandre/Desktop/Startup/TowardsBNN/binaryneuralnet-asic-TTIHP26/src/classification_tree.sv:3577$156.$result[1:0]$1117
     3/7: $5\tree_44$func$/Users/marcandre/Desktop/Startup/TowardsBNN/binaryneuralnet-asic-TTIHP26/src/classification_tree.sv:3577$156.$result[1:0]$1115
     4/7: $4\tree_44$func$/Users/marcandre/Desktop/Startup/TowardsBNN/binaryneuralnet-asic-TTIHP26/src/classification_tree.sv:3577$156.$result[1:0]$1113
     5/7: $3\tree_44$func$/Users/marcandre/Desktop/Startup/TowardsBNN/binaryneuralnet-asic-TTIHP26/src/classification_tree.sv:3577$156.$result[1:0]$1111
     6/7: $2\tree_44$func$/Users/marcandre/Desktop/Startup/TowardsBNN/binaryneuralnet-asic-TTIHP26/src/classification_tree.sv:3577$156.$result[1:0]$1109
     7/7: $1\tree_44$func$/Users/marcandre/Desktop/Startup/TowardsBNN/binaryneuralnet-asic-TTIHP26/src/classification_tree.sv:3577$156.$result[1:0]$1107
Creating decoders for process `\classification_tree.$proc$/Users/marcandre/Desktop/Startup/TowardsBNN/binaryneuralnet-asic-TTIHP26/src/classification_tree.sv:3576$1084'.
     1/7: $7\tree_34$func$/Users/marcandre/Desktop/Startup/TowardsBNN/binaryneuralnet-asic-TTIHP26/src/classification_tree.sv:3576$155.$result[1:0]$1101
     2/7: $6\tree_34$func$/Users/marcandre/Desktop/Startup/TowardsBNN/binaryneuralnet-asic-TTIHP26/src/classification_tree.sv:3576$155.$result[1:0]$1099
     3/7: $5\tree_34$func$/Users/marcandre/Desktop/Startup/TowardsBNN/binaryneuralnet-asic-TTIHP26/src/classification_tree.sv:3576$155.$result[1:0]$1097
     4/7: $4\tree_34$func$/Users/marcandre/Desktop/Startup/TowardsBNN/binaryneuralnet-asic-TTIHP26/src/classification_tree.sv:3576$155.$result[1:0]$1095
     5/7: $3\tree_34$func$/Users/marcandre/Desktop/Startup/TowardsBNN/binaryneuralnet-asic-TTIHP26/src/classification_tree.sv:3576$155.$result[1:0]$1093
     6/7: $2\tree_34$func$/Users/marcandre/Desktop/Startup/TowardsBNN/binaryneuralnet-asic-TTIHP26/src/classification_tree.sv:3576$155.$result[1:0]$1091
     7/7: $1\tree_34$func$/Users/marcandre/Desktop/Startup/TowardsBNN/binaryneuralnet-asic-TTIHP26/src/classification_tree.sv:3576$155.$result[1:0]$1089
Creating decoders for process `\classification_tree.$proc$/Users/marcandre/Desktop/Startup/TowardsBNN/binaryneuralnet-asic-TTIHP26/src/classification_tree.sv:3575$1066'.
     1/7: $7\tree_24$func$/Users/marcandre/Desktop/Startup/TowardsBNN/binaryneuralnet-asic-TTIHP26/src/classification_tree.sv:3575$154.$result[1:0]$1083
     2/7: $6\tree_24$func$/Users/marcandre/Desktop/Startup/TowardsBNN/binaryneuralnet-asic-TTIHP26/src/classification_tree.sv:3575$154.$result[1:0]$1081
     3/7: $5\tree_24$func$/Users/marcandre/Desktop/Startup/TowardsBNN/binaryneuralnet-asic-TTIHP26/src/classification_tree.sv:3575$154.$result[1:0]$1079
     4/7: $4\tree_24$func$/Users/marcandre/Desktop/Startup/TowardsBNN/binaryneuralnet-asic-TTIHP26/src/classification_tree.sv:3575$154.$result[1:0]$1077
     5/7: $3\tree_24$func$/Users/marcandre/Desktop/Startup/TowardsBNN/binaryneuralnet-asic-TTIHP26/src/classification_tree.sv:3575$154.$result[1:0]$1075
     6/7: $2\tree_24$func$/Users/marcandre/Desktop/Startup/TowardsBNN/binaryneuralnet-asic-TTIHP26/src/classification_tree.sv:3575$154.$result[1:0]$1073
     7/7: $1\tree_24$func$/Users/marcandre/Desktop/Startup/TowardsBNN/binaryneuralnet-asic-TTIHP26/src/classification_tree.sv:3575$154.$result[1:0]$1071
Creating decoders for process `\classification_tree.$proc$/Users/marcandre/Desktop/Startup/TowardsBNN/binaryneuralnet-asic-TTIHP26/src/classification_tree.sv:3574$1048'.
     1/7: $7\tree_14$func$/Users/marcandre/Desktop/Startup/TowardsBNN/binaryneuralnet-asic-TTIHP26/src/classification_tree.sv:3574$153.$result[1:0]$1065
     2/7: $6\tree_14$func$/Users/marcandre/Desktop/Startup/TowardsBNN/binaryneuralnet-asic-TTIHP26/src/classification_tree.sv:3574$153.$result[1:0]$1063
     3/7: $5\tree_14$func$/Users/marcandre/Desktop/Startup/TowardsBNN/binaryneuralnet-asic-TTIHP26/src/classification_tree.sv:3574$153.$result[1:0]$1061
     4/7: $4\tree_14$func$/Users/marcandre/Desktop/Startup/TowardsBNN/binaryneuralnet-asic-TTIHP26/src/classification_tree.sv:3574$153.$result[1:0]$1059
     5/7: $3\tree_14$func$/Users/marcandre/Desktop/Startup/TowardsBNN/binaryneuralnet-asic-TTIHP26/src/classification_tree.sv:3574$153.$result[1:0]$1057
     6/7: $2\tree_14$func$/Users/marcandre/Desktop/Startup/TowardsBNN/binaryneuralnet-asic-TTIHP26/src/classification_tree.sv:3574$153.$result[1:0]$1055
     7/7: $1\tree_14$func$/Users/marcandre/Desktop/Startup/TowardsBNN/binaryneuralnet-asic-TTIHP26/src/classification_tree.sv:3574$153.$result[1:0]$1053
Creating decoders for process `\classification_tree.$proc$/Users/marcandre/Desktop/Startup/TowardsBNN/binaryneuralnet-asic-TTIHP26/src/classification_tree.sv:3573$1030'.
     1/7: $7\tree_4$func$/Users/marcandre/Desktop/Startup/TowardsBNN/binaryneuralnet-asic-TTIHP26/src/classification_tree.sv:3573$152.$result[1:0]$1047
     2/7: $6\tree_4$func$/Users/marcandre/Desktop/Startup/TowardsBNN/binaryneuralnet-asic-TTIHP26/src/classification_tree.sv:3573$152.$result[1:0]$1045
     3/7: $5\tree_4$func$/Users/marcandre/Desktop/Startup/TowardsBNN/binaryneuralnet-asic-TTIHP26/src/classification_tree.sv:3573$152.$result[1:0]$1043
     4/7: $4\tree_4$func$/Users/marcandre/Desktop/Startup/TowardsBNN/binaryneuralnet-asic-TTIHP26/src/classification_tree.sv:3573$152.$result[1:0]$1041
     5/7: $3\tree_4$func$/Users/marcandre/Desktop/Startup/TowardsBNN/binaryneuralnet-asic-TTIHP26/src/classification_tree.sv:3573$152.$result[1:0]$1039
     6/7: $2\tree_4$func$/Users/marcandre/Desktop/Startup/TowardsBNN/binaryneuralnet-asic-TTIHP26/src/classification_tree.sv:3573$152.$result[1:0]$1037
     7/7: $1\tree_4$func$/Users/marcandre/Desktop/Startup/TowardsBNN/binaryneuralnet-asic-TTIHP26/src/classification_tree.sv:3573$152.$result[1:0]$1035
Creating decoders for process `\classification_tree.$proc$/Users/marcandre/Desktop/Startup/TowardsBNN/binaryneuralnet-asic-TTIHP26/src/classification_tree.sv:3570$1012'.
     1/7: $7\tree_93$func$/Users/marcandre/Desktop/Startup/TowardsBNN/binaryneuralnet-asic-TTIHP26/src/classification_tree.sv:3570$151.$result[1:0]$1029
     2/7: $6\tree_93$func$/Users/marcandre/Desktop/Startup/TowardsBNN/binaryneuralnet-asic-TTIHP26/src/classification_tree.sv:3570$151.$result[1:0]$1027
     3/7: $5\tree_93$func$/Users/marcandre/Desktop/Startup/TowardsBNN/binaryneuralnet-asic-TTIHP26/src/classification_tree.sv:3570$151.$result[1:0]$1025
     4/7: $4\tree_93$func$/Users/marcandre/Desktop/Startup/TowardsBNN/binaryneuralnet-asic-TTIHP26/src/classification_tree.sv:3570$151.$result[1:0]$1023
     5/7: $3\tree_93$func$/Users/marcandre/Desktop/Startup/TowardsBNN/binaryneuralnet-asic-TTIHP26/src/classification_tree.sv:3570$151.$result[1:0]$1021
     6/7: $2\tree_93$func$/Users/marcandre/Desktop/Startup/TowardsBNN/binaryneuralnet-asic-TTIHP26/src/classification_tree.sv:3570$151.$result[1:0]$1019
     7/7: $1\tree_93$func$/Users/marcandre/Desktop/Startup/TowardsBNN/binaryneuralnet-asic-TTIHP26/src/classification_tree.sv:3570$151.$result[1:0]$1017
Creating decoders for process `\classification_tree.$proc$/Users/marcandre/Desktop/Startup/TowardsBNN/binaryneuralnet-asic-TTIHP26/src/classification_tree.sv:3569$994'.
     1/7: $7\tree_83$func$/Users/marcandre/Desktop/Startup/TowardsBNN/binaryneuralnet-asic-TTIHP26/src/classification_tree.sv:3569$150.$result[1:0]$1011
     2/7: $6\tree_83$func$/Users/marcandre/Desktop/Startup/TowardsBNN/binaryneuralnet-asic-TTIHP26/src/classification_tree.sv:3569$150.$result[1:0]$1009
     3/7: $5\tree_83$func$/Users/marcandre/Desktop/Startup/TowardsBNN/binaryneuralnet-asic-TTIHP26/src/classification_tree.sv:3569$150.$result[1:0]$1007
     4/7: $4\tree_83$func$/Users/marcandre/Desktop/Startup/TowardsBNN/binaryneuralnet-asic-TTIHP26/src/classification_tree.sv:3569$150.$result[1:0]$1005
     5/7: $3\tree_83$func$/Users/marcandre/Desktop/Startup/TowardsBNN/binaryneuralnet-asic-TTIHP26/src/classification_tree.sv:3569$150.$result[1:0]$1003
     6/7: $2\tree_83$func$/Users/marcandre/Desktop/Startup/TowardsBNN/binaryneuralnet-asic-TTIHP26/src/classification_tree.sv:3569$150.$result[1:0]$1001
     7/7: $1\tree_83$func$/Users/marcandre/Desktop/Startup/TowardsBNN/binaryneuralnet-asic-TTIHP26/src/classification_tree.sv:3569$150.$result[1:0]$999
Creating decoders for process `\classification_tree.$proc$/Users/marcandre/Desktop/Startup/TowardsBNN/binaryneuralnet-asic-TTIHP26/src/classification_tree.sv:3568$976'.
     1/7: $7\tree_73$func$/Users/marcandre/Desktop/Startup/TowardsBNN/binaryneuralnet-asic-TTIHP26/src/classification_tree.sv:3568$149.$result[1:0]$993
     2/7: $6\tree_73$func$/Users/marcandre/Desktop/Startup/TowardsBNN/binaryneuralnet-asic-TTIHP26/src/classification_tree.sv:3568$149.$result[1:0]$991
     3/7: $5\tree_73$func$/Users/marcandre/Desktop/Startup/TowardsBNN/binaryneuralnet-asic-TTIHP26/src/classification_tree.sv:3568$149.$result[1:0]$989
     4/7: $4\tree_73$func$/Users/marcandre/Desktop/Startup/TowardsBNN/binaryneuralnet-asic-TTIHP26/src/classification_tree.sv:3568$149.$result[1:0]$987
     5/7: $3\tree_73$func$/Users/marcandre/Desktop/Startup/TowardsBNN/binaryneuralnet-asic-TTIHP26/src/classification_tree.sv:3568$149.$result[1:0]$985
     6/7: $2\tree_73$func$/Users/marcandre/Desktop/Startup/TowardsBNN/binaryneuralnet-asic-TTIHP26/src/classification_tree.sv:3568$149.$result[1:0]$983
     7/7: $1\tree_73$func$/Users/marcandre/Desktop/Startup/TowardsBNN/binaryneuralnet-asic-TTIHP26/src/classification_tree.sv:3568$149.$result[1:0]$981
Creating decoders for process `\classification_tree.$proc$/Users/marcandre/Desktop/Startup/TowardsBNN/binaryneuralnet-asic-TTIHP26/src/classification_tree.sv:3567$958'.
     1/7: $7\tree_63$func$/Users/marcandre/Desktop/Startup/TowardsBNN/binaryneuralnet-asic-TTIHP26/src/classification_tree.sv:3567$148.$result[1:0]$975
     2/7: $6\tree_63$func$/Users/marcandre/Desktop/Startup/TowardsBNN/binaryneuralnet-asic-TTIHP26/src/classification_tree.sv:3567$148.$result[1:0]$973
     3/7: $5\tree_63$func$/Users/marcandre/Desktop/Startup/TowardsBNN/binaryneuralnet-asic-TTIHP26/src/classification_tree.sv:3567$148.$result[1:0]$971
     4/7: $4\tree_63$func$/Users/marcandre/Desktop/Startup/TowardsBNN/binaryneuralnet-asic-TTIHP26/src/classification_tree.sv:3567$148.$result[1:0]$969
     5/7: $3\tree_63$func$/Users/marcandre/Desktop/Startup/TowardsBNN/binaryneuralnet-asic-TTIHP26/src/classification_tree.sv:3567$148.$result[1:0]$967
     6/7: $2\tree_63$func$/Users/marcandre/Desktop/Startup/TowardsBNN/binaryneuralnet-asic-TTIHP26/src/classification_tree.sv:3567$148.$result[1:0]$965
     7/7: $1\tree_63$func$/Users/marcandre/Desktop/Startup/TowardsBNN/binaryneuralnet-asic-TTIHP26/src/classification_tree.sv:3567$148.$result[1:0]$963
Creating decoders for process `\classification_tree.$proc$/Users/marcandre/Desktop/Startup/TowardsBNN/binaryneuralnet-asic-TTIHP26/src/classification_tree.sv:3566$940'.
     1/7: $7\tree_53$func$/Users/marcandre/Desktop/Startup/TowardsBNN/binaryneuralnet-asic-TTIHP26/src/classification_tree.sv:3566$147.$result[1:0]$957
     2/7: $6\tree_53$func$/Users/marcandre/Desktop/Startup/TowardsBNN/binaryneuralnet-asic-TTIHP26/src/classification_tree.sv:3566$147.$result[1:0]$955
     3/7: $5\tree_53$func$/Users/marcandre/Desktop/Startup/TowardsBNN/binaryneuralnet-asic-TTIHP26/src/classification_tree.sv:3566$147.$result[1:0]$953
     4/7: $4\tree_53$func$/Users/marcandre/Desktop/Startup/TowardsBNN/binaryneuralnet-asic-TTIHP26/src/classification_tree.sv:3566$147.$result[1:0]$951
     5/7: $3\tree_53$func$/Users/marcandre/Desktop/Startup/TowardsBNN/binaryneuralnet-asic-TTIHP26/src/classification_tree.sv:3566$147.$result[1:0]$949
     6/7: $2\tree_53$func$/Users/marcandre/Desktop/Startup/TowardsBNN/binaryneuralnet-asic-TTIHP26/src/classification_tree.sv:3566$147.$result[1:0]$947
     7/7: $1\tree_53$func$/Users/marcandre/Desktop/Startup/TowardsBNN/binaryneuralnet-asic-TTIHP26/src/classification_tree.sv:3566$147.$result[1:0]$945
Creating decoders for process `\classification_tree.$proc$/Users/marcandre/Desktop/Startup/TowardsBNN/binaryneuralnet-asic-TTIHP26/src/classification_tree.sv:3565$922'.
     1/7: $7\tree_43$func$/Users/marcandre/Desktop/Startup/TowardsBNN/binaryneuralnet-asic-TTIHP26/src/classification_tree.sv:3565$146.$result[1:0]$939
     2/7: $6\tree_43$func$/Users/marcandre/Desktop/Startup/TowardsBNN/binaryneuralnet-asic-TTIHP26/src/classification_tree.sv:3565$146.$result[1:0]$937
     3/7: $5\tree_43$func$/Users/marcandre/Desktop/Startup/TowardsBNN/binaryneuralnet-asic-TTIHP26/src/classification_tree.sv:3565$146.$result[1:0]$935
     4/7: $4\tree_43$func$/Users/marcandre/Desktop/Startup/TowardsBNN/binaryneuralnet-asic-TTIHP26/src/classification_tree.sv:3565$146.$result[1:0]$933
     5/7: $3\tree_43$func$/Users/marcandre/Desktop/Startup/TowardsBNN/binaryneuralnet-asic-TTIHP26/src/classification_tree.sv:3565$146.$result[1:0]$931
     6/7: $2\tree_43$func$/Users/marcandre/Desktop/Startup/TowardsBNN/binaryneuralnet-asic-TTIHP26/src/classification_tree.sv:3565$146.$result[1:0]$929
     7/7: $1\tree_43$func$/Users/marcandre/Desktop/Startup/TowardsBNN/binaryneuralnet-asic-TTIHP26/src/classification_tree.sv:3565$146.$result[1:0]$927
Creating decoders for process `\classification_tree.$proc$/Users/marcandre/Desktop/Startup/TowardsBNN/binaryneuralnet-asic-TTIHP26/src/classification_tree.sv:3564$904'.
     1/7: $7\tree_33$func$/Users/marcandre/Desktop/Startup/TowardsBNN/binaryneuralnet-asic-TTIHP26/src/classification_tree.sv:3564$145.$result[1:0]$921
     2/7: $6\tree_33$func$/Users/marcandre/Desktop/Startup/TowardsBNN/binaryneuralnet-asic-TTIHP26/src/classification_tree.sv:3564$145.$result[1:0]$919
     3/7: $5\tree_33$func$/Users/marcandre/Desktop/Startup/TowardsBNN/binaryneuralnet-asic-TTIHP26/src/classification_tree.sv:3564$145.$result[1:0]$917
     4/7: $4\tree_33$func$/Users/marcandre/Desktop/Startup/TowardsBNN/binaryneuralnet-asic-TTIHP26/src/classification_tree.sv:3564$145.$result[1:0]$915
     5/7: $3\tree_33$func$/Users/marcandre/Desktop/Startup/TowardsBNN/binaryneuralnet-asic-TTIHP26/src/classification_tree.sv:3564$145.$result[1:0]$913
     6/7: $2\tree_33$func$/Users/marcandre/Desktop/Startup/TowardsBNN/binaryneuralnet-asic-TTIHP26/src/classification_tree.sv:3564$145.$result[1:0]$911
     7/7: $1\tree_33$func$/Users/marcandre/Desktop/Startup/TowardsBNN/binaryneuralnet-asic-TTIHP26/src/classification_tree.sv:3564$145.$result[1:0]$909
Creating decoders for process `\classification_tree.$proc$/Users/marcandre/Desktop/Startup/TowardsBNN/binaryneuralnet-asic-TTIHP26/src/classification_tree.sv:3563$886'.
     1/7: $7\tree_23$func$/Users/marcandre/Desktop/Startup/TowardsBNN/binaryneuralnet-asic-TTIHP26/src/classification_tree.sv:3563$144.$result[1:0]$903
     2/7: $6\tree_23$func$/Users/marcandre/Desktop/Startup/TowardsBNN/binaryneuralnet-asic-TTIHP26/src/classification_tree.sv:3563$144.$result[1:0]$901
     3/7: $5\tree_23$func$/Users/marcandre/Desktop/Startup/TowardsBNN/binaryneuralnet-asic-TTIHP26/src/classification_tree.sv:3563$144.$result[1:0]$899
     4/7: $4\tree_23$func$/Users/marcandre/Desktop/Startup/TowardsBNN/binaryneuralnet-asic-TTIHP26/src/classification_tree.sv:3563$144.$result[1:0]$897
     5/7: $3\tree_23$func$/Users/marcandre/Desktop/Startup/TowardsBNN/binaryneuralnet-asic-TTIHP26/src/classification_tree.sv:3563$144.$result[1:0]$895
     6/7: $2\tree_23$func$/Users/marcandre/Desktop/Startup/TowardsBNN/binaryneuralnet-asic-TTIHP26/src/classification_tree.sv:3563$144.$result[1:0]$893
     7/7: $1\tree_23$func$/Users/marcandre/Desktop/Startup/TowardsBNN/binaryneuralnet-asic-TTIHP26/src/classification_tree.sv:3563$144.$result[1:0]$891
Creating decoders for process `\classification_tree.$proc$/Users/marcandre/Desktop/Startup/TowardsBNN/binaryneuralnet-asic-TTIHP26/src/classification_tree.sv:3562$868'.
     1/7: $7\tree_13$func$/Users/marcandre/Desktop/Startup/TowardsBNN/binaryneuralnet-asic-TTIHP26/src/classification_tree.sv:3562$143.$result[1:0]$885
     2/7: $6\tree_13$func$/Users/marcandre/Desktop/Startup/TowardsBNN/binaryneuralnet-asic-TTIHP26/src/classification_tree.sv:3562$143.$result[1:0]$883
     3/7: $5\tree_13$func$/Users/marcandre/Desktop/Startup/TowardsBNN/binaryneuralnet-asic-TTIHP26/src/classification_tree.sv:3562$143.$result[1:0]$881
     4/7: $4\tree_13$func$/Users/marcandre/Desktop/Startup/TowardsBNN/binaryneuralnet-asic-TTIHP26/src/classification_tree.sv:3562$143.$result[1:0]$879
     5/7: $3\tree_13$func$/Users/marcandre/Desktop/Startup/TowardsBNN/binaryneuralnet-asic-TTIHP26/src/classification_tree.sv:3562$143.$result[1:0]$877
     6/7: $2\tree_13$func$/Users/marcandre/Desktop/Startup/TowardsBNN/binaryneuralnet-asic-TTIHP26/src/classification_tree.sv:3562$143.$result[1:0]$875
     7/7: $1\tree_13$func$/Users/marcandre/Desktop/Startup/TowardsBNN/binaryneuralnet-asic-TTIHP26/src/classification_tree.sv:3562$143.$result[1:0]$873
Creating decoders for process `\classification_tree.$proc$/Users/marcandre/Desktop/Startup/TowardsBNN/binaryneuralnet-asic-TTIHP26/src/classification_tree.sv:3561$850'.
     1/7: $7\tree_3$func$/Users/marcandre/Desktop/Startup/TowardsBNN/binaryneuralnet-asic-TTIHP26/src/classification_tree.sv:3561$142.$result[1:0]$867
     2/7: $6\tree_3$func$/Users/marcandre/Desktop/Startup/TowardsBNN/binaryneuralnet-asic-TTIHP26/src/classification_tree.sv:3561$142.$result[1:0]$865
     3/7: $5\tree_3$func$/Users/marcandre/Desktop/Startup/TowardsBNN/binaryneuralnet-asic-TTIHP26/src/classification_tree.sv:3561$142.$result[1:0]$863
     4/7: $4\tree_3$func$/Users/marcandre/Desktop/Startup/TowardsBNN/binaryneuralnet-asic-TTIHP26/src/classification_tree.sv:3561$142.$result[1:0]$861
     5/7: $3\tree_3$func$/Users/marcandre/Desktop/Startup/TowardsBNN/binaryneuralnet-asic-TTIHP26/src/classification_tree.sv:3561$142.$result[1:0]$859
     6/7: $2\tree_3$func$/Users/marcandre/Desktop/Startup/TowardsBNN/binaryneuralnet-asic-TTIHP26/src/classification_tree.sv:3561$142.$result[1:0]$857
     7/7: $1\tree_3$func$/Users/marcandre/Desktop/Startup/TowardsBNN/binaryneuralnet-asic-TTIHP26/src/classification_tree.sv:3561$142.$result[1:0]$855
Creating decoders for process `\classification_tree.$proc$/Users/marcandre/Desktop/Startup/TowardsBNN/binaryneuralnet-asic-TTIHP26/src/classification_tree.sv:3558$832'.
     1/7: $7\tree_92$func$/Users/marcandre/Desktop/Startup/TowardsBNN/binaryneuralnet-asic-TTIHP26/src/classification_tree.sv:3558$141.$result[1:0]$849
     2/7: $6\tree_92$func$/Users/marcandre/Desktop/Startup/TowardsBNN/binaryneuralnet-asic-TTIHP26/src/classification_tree.sv:3558$141.$result[1:0]$847
     3/7: $5\tree_92$func$/Users/marcandre/Desktop/Startup/TowardsBNN/binaryneuralnet-asic-TTIHP26/src/classification_tree.sv:3558$141.$result[1:0]$845
     4/7: $4\tree_92$func$/Users/marcandre/Desktop/Startup/TowardsBNN/binaryneuralnet-asic-TTIHP26/src/classification_tree.sv:3558$141.$result[1:0]$843
     5/7: $3\tree_92$func$/Users/marcandre/Desktop/Startup/TowardsBNN/binaryneuralnet-asic-TTIHP26/src/classification_tree.sv:3558$141.$result[1:0]$841
     6/7: $2\tree_92$func$/Users/marcandre/Desktop/Startup/TowardsBNN/binaryneuralnet-asic-TTIHP26/src/classification_tree.sv:3558$141.$result[1:0]$839
     7/7: $1\tree_92$func$/Users/marcandre/Desktop/Startup/TowardsBNN/binaryneuralnet-asic-TTIHP26/src/classification_tree.sv:3558$141.$result[1:0]$837
Creating decoders for process `\classification_tree.$proc$/Users/marcandre/Desktop/Startup/TowardsBNN/binaryneuralnet-asic-TTIHP26/src/classification_tree.sv:3557$814'.
     1/7: $7\tree_82$func$/Users/marcandre/Desktop/Startup/TowardsBNN/binaryneuralnet-asic-TTIHP26/src/classification_tree.sv:3557$140.$result[1:0]$831
     2/7: $6\tree_82$func$/Users/marcandre/Desktop/Startup/TowardsBNN/binaryneuralnet-asic-TTIHP26/src/classification_tree.sv:3557$140.$result[1:0]$829
     3/7: $5\tree_82$func$/Users/marcandre/Desktop/Startup/TowardsBNN/binaryneuralnet-asic-TTIHP26/src/classification_tree.sv:3557$140.$result[1:0]$827
     4/7: $4\tree_82$func$/Users/marcandre/Desktop/Startup/TowardsBNN/binaryneuralnet-asic-TTIHP26/src/classification_tree.sv:3557$140.$result[1:0]$825
     5/7: $3\tree_82$func$/Users/marcandre/Desktop/Startup/TowardsBNN/binaryneuralnet-asic-TTIHP26/src/classification_tree.sv:3557$140.$result[1:0]$823
     6/7: $2\tree_82$func$/Users/marcandre/Desktop/Startup/TowardsBNN/binaryneuralnet-asic-TTIHP26/src/classification_tree.sv:3557$140.$result[1:0]$821
     7/7: $1\tree_82$func$/Users/marcandre/Desktop/Startup/TowardsBNN/binaryneuralnet-asic-TTIHP26/src/classification_tree.sv:3557$140.$result[1:0]$819
Creating decoders for process `\classification_tree.$proc$/Users/marcandre/Desktop/Startup/TowardsBNN/binaryneuralnet-asic-TTIHP26/src/classification_tree.sv:3556$796'.
     1/7: $7\tree_72$func$/Users/marcandre/Desktop/Startup/TowardsBNN/binaryneuralnet-asic-TTIHP26/src/classification_tree.sv:3556$139.$result[1:0]$813
     2/7: $6\tree_72$func$/Users/marcandre/Desktop/Startup/TowardsBNN/binaryneuralnet-asic-TTIHP26/src/classification_tree.sv:3556$139.$result[1:0]$811
     3/7: $5\tree_72$func$/Users/marcandre/Desktop/Startup/TowardsBNN/binaryneuralnet-asic-TTIHP26/src/classification_tree.sv:3556$139.$result[1:0]$809
     4/7: $4\tree_72$func$/Users/marcandre/Desktop/Startup/TowardsBNN/binaryneuralnet-asic-TTIHP26/src/classification_tree.sv:3556$139.$result[1:0]$807
     5/7: $3\tree_72$func$/Users/marcandre/Desktop/Startup/TowardsBNN/binaryneuralnet-asic-TTIHP26/src/classification_tree.sv:3556$139.$result[1:0]$805
     6/7: $2\tree_72$func$/Users/marcandre/Desktop/Startup/TowardsBNN/binaryneuralnet-asic-TTIHP26/src/classification_tree.sv:3556$139.$result[1:0]$803
     7/7: $1\tree_72$func$/Users/marcandre/Desktop/Startup/TowardsBNN/binaryneuralnet-asic-TTIHP26/src/classification_tree.sv:3556$139.$result[1:0]$801
Creating decoders for process `\classification_tree.$proc$/Users/marcandre/Desktop/Startup/TowardsBNN/binaryneuralnet-asic-TTIHP26/src/classification_tree.sv:3555$778'.
     1/7: $7\tree_62$func$/Users/marcandre/Desktop/Startup/TowardsBNN/binaryneuralnet-asic-TTIHP26/src/classification_tree.sv:3555$138.$result[1:0]$795
     2/7: $6\tree_62$func$/Users/marcandre/Desktop/Startup/TowardsBNN/binaryneuralnet-asic-TTIHP26/src/classification_tree.sv:3555$138.$result[1:0]$793
     3/7: $5\tree_62$func$/Users/marcandre/Desktop/Startup/TowardsBNN/binaryneuralnet-asic-TTIHP26/src/classification_tree.sv:3555$138.$result[1:0]$791
     4/7: $4\tree_62$func$/Users/marcandre/Desktop/Startup/TowardsBNN/binaryneuralnet-asic-TTIHP26/src/classification_tree.sv:3555$138.$result[1:0]$789
     5/7: $3\tree_62$func$/Users/marcandre/Desktop/Startup/TowardsBNN/binaryneuralnet-asic-TTIHP26/src/classification_tree.sv:3555$138.$result[1:0]$787
     6/7: $2\tree_62$func$/Users/marcandre/Desktop/Startup/TowardsBNN/binaryneuralnet-asic-TTIHP26/src/classification_tree.sv:3555$138.$result[1:0]$785
     7/7: $1\tree_62$func$/Users/marcandre/Desktop/Startup/TowardsBNN/binaryneuralnet-asic-TTIHP26/src/classification_tree.sv:3555$138.$result[1:0]$783
Creating decoders for process `\classification_tree.$proc$/Users/marcandre/Desktop/Startup/TowardsBNN/binaryneuralnet-asic-TTIHP26/src/classification_tree.sv:3554$760'.
     1/7: $7\tree_52$func$/Users/marcandre/Desktop/Startup/TowardsBNN/binaryneuralnet-asic-TTIHP26/src/classification_tree.sv:3554$137.$result[1:0]$777
     2/7: $6\tree_52$func$/Users/marcandre/Desktop/Startup/TowardsBNN/binaryneuralnet-asic-TTIHP26/src/classification_tree.sv:3554$137.$result[1:0]$775
     3/7: $5\tree_52$func$/Users/marcandre/Desktop/Startup/TowardsBNN/binaryneuralnet-asic-TTIHP26/src/classification_tree.sv:3554$137.$result[1:0]$773
     4/7: $4\tree_52$func$/Users/marcandre/Desktop/Startup/TowardsBNN/binaryneuralnet-asic-TTIHP26/src/classification_tree.sv:3554$137.$result[1:0]$771
     5/7: $3\tree_52$func$/Users/marcandre/Desktop/Startup/TowardsBNN/binaryneuralnet-asic-TTIHP26/src/classification_tree.sv:3554$137.$result[1:0]$769
     6/7: $2\tree_52$func$/Users/marcandre/Desktop/Startup/TowardsBNN/binaryneuralnet-asic-TTIHP26/src/classification_tree.sv:3554$137.$result[1:0]$767
     7/7: $1\tree_52$func$/Users/marcandre/Desktop/Startup/TowardsBNN/binaryneuralnet-asic-TTIHP26/src/classification_tree.sv:3554$137.$result[1:0]$765
Creating decoders for process `\classification_tree.$proc$/Users/marcandre/Desktop/Startup/TowardsBNN/binaryneuralnet-asic-TTIHP26/src/classification_tree.sv:3553$742'.
     1/7: $7\tree_42$func$/Users/marcandre/Desktop/Startup/TowardsBNN/binaryneuralnet-asic-TTIHP26/src/classification_tree.sv:3553$136.$result[1:0]$759
     2/7: $6\tree_42$func$/Users/marcandre/Desktop/Startup/TowardsBNN/binaryneuralnet-asic-TTIHP26/src/classification_tree.sv:3553$136.$result[1:0]$757
     3/7: $5\tree_42$func$/Users/marcandre/Desktop/Startup/TowardsBNN/binaryneuralnet-asic-TTIHP26/src/classification_tree.sv:3553$136.$result[1:0]$755
     4/7: $4\tree_42$func$/Users/marcandre/Desktop/Startup/TowardsBNN/binaryneuralnet-asic-TTIHP26/src/classification_tree.sv:3553$136.$result[1:0]$753
     5/7: $3\tree_42$func$/Users/marcandre/Desktop/Startup/TowardsBNN/binaryneuralnet-asic-TTIHP26/src/classification_tree.sv:3553$136.$result[1:0]$751
     6/7: $2\tree_42$func$/Users/marcandre/Desktop/Startup/TowardsBNN/binaryneuralnet-asic-TTIHP26/src/classification_tree.sv:3553$136.$result[1:0]$749
     7/7: $1\tree_42$func$/Users/marcandre/Desktop/Startup/TowardsBNN/binaryneuralnet-asic-TTIHP26/src/classification_tree.sv:3553$136.$result[1:0]$747
Creating decoders for process `\classification_tree.$proc$/Users/marcandre/Desktop/Startup/TowardsBNN/binaryneuralnet-asic-TTIHP26/src/classification_tree.sv:3552$724'.
     1/7: $7\tree_32$func$/Users/marcandre/Desktop/Startup/TowardsBNN/binaryneuralnet-asic-TTIHP26/src/classification_tree.sv:3552$135.$result[1:0]$741
     2/7: $6\tree_32$func$/Users/marcandre/Desktop/Startup/TowardsBNN/binaryneuralnet-asic-TTIHP26/src/classification_tree.sv:3552$135.$result[1:0]$739
     3/7: $5\tree_32$func$/Users/marcandre/Desktop/Startup/TowardsBNN/binaryneuralnet-asic-TTIHP26/src/classification_tree.sv:3552$135.$result[1:0]$737
     4/7: $4\tree_32$func$/Users/marcandre/Desktop/Startup/TowardsBNN/binaryneuralnet-asic-TTIHP26/src/classification_tree.sv:3552$135.$result[1:0]$735
     5/7: $3\tree_32$func$/Users/marcandre/Desktop/Startup/TowardsBNN/binaryneuralnet-asic-TTIHP26/src/classification_tree.sv:3552$135.$result[1:0]$733
     6/7: $2\tree_32$func$/Users/marcandre/Desktop/Startup/TowardsBNN/binaryneuralnet-asic-TTIHP26/src/classification_tree.sv:3552$135.$result[1:0]$731
     7/7: $1\tree_32$func$/Users/marcandre/Desktop/Startup/TowardsBNN/binaryneuralnet-asic-TTIHP26/src/classification_tree.sv:3552$135.$result[1:0]$729
Creating decoders for process `\classification_tree.$proc$/Users/marcandre/Desktop/Startup/TowardsBNN/binaryneuralnet-asic-TTIHP26/src/classification_tree.sv:3551$706'.
     1/7: $7\tree_22$func$/Users/marcandre/Desktop/Startup/TowardsBNN/binaryneuralnet-asic-TTIHP26/src/classification_tree.sv:3551$134.$result[1:0]$723
     2/7: $6\tree_22$func$/Users/marcandre/Desktop/Startup/TowardsBNN/binaryneuralnet-asic-TTIHP26/src/classification_tree.sv:3551$134.$result[1:0]$721
     3/7: $5\tree_22$func$/Users/marcandre/Desktop/Startup/TowardsBNN/binaryneuralnet-asic-TTIHP26/src/classification_tree.sv:3551$134.$result[1:0]$719
     4/7: $4\tree_22$func$/Users/marcandre/Desktop/Startup/TowardsBNN/binaryneuralnet-asic-TTIHP26/src/classification_tree.sv:3551$134.$result[1:0]$717
     5/7: $3\tree_22$func$/Users/marcandre/Desktop/Startup/TowardsBNN/binaryneuralnet-asic-TTIHP26/src/classification_tree.sv:3551$134.$result[1:0]$715
     6/7: $2\tree_22$func$/Users/marcandre/Desktop/Startup/TowardsBNN/binaryneuralnet-asic-TTIHP26/src/classification_tree.sv:3551$134.$result[1:0]$713
     7/7: $1\tree_22$func$/Users/marcandre/Desktop/Startup/TowardsBNN/binaryneuralnet-asic-TTIHP26/src/classification_tree.sv:3551$134.$result[1:0]$711
Creating decoders for process `\classification_tree.$proc$/Users/marcandre/Desktop/Startup/TowardsBNN/binaryneuralnet-asic-TTIHP26/src/classification_tree.sv:3550$688'.
     1/7: $7\tree_12$func$/Users/marcandre/Desktop/Startup/TowardsBNN/binaryneuralnet-asic-TTIHP26/src/classification_tree.sv:3550$133.$result[1:0]$705
     2/7: $6\tree_12$func$/Users/marcandre/Desktop/Startup/TowardsBNN/binaryneuralnet-asic-TTIHP26/src/classification_tree.sv:3550$133.$result[1:0]$703
     3/7: $5\tree_12$func$/Users/marcandre/Desktop/Startup/TowardsBNN/binaryneuralnet-asic-TTIHP26/src/classification_tree.sv:3550$133.$result[1:0]$701
     4/7: $4\tree_12$func$/Users/marcandre/Desktop/Startup/TowardsBNN/binaryneuralnet-asic-TTIHP26/src/classification_tree.sv:3550$133.$result[1:0]$699
     5/7: $3\tree_12$func$/Users/marcandre/Desktop/Startup/TowardsBNN/binaryneuralnet-asic-TTIHP26/src/classification_tree.sv:3550$133.$result[1:0]$697
     6/7: $2\tree_12$func$/Users/marcandre/Desktop/Startup/TowardsBNN/binaryneuralnet-asic-TTIHP26/src/classification_tree.sv:3550$133.$result[1:0]$695
     7/7: $1\tree_12$func$/Users/marcandre/Desktop/Startup/TowardsBNN/binaryneuralnet-asic-TTIHP26/src/classification_tree.sv:3550$133.$result[1:0]$693
Creating decoders for process `\classification_tree.$proc$/Users/marcandre/Desktop/Startup/TowardsBNN/binaryneuralnet-asic-TTIHP26/src/classification_tree.sv:3549$670'.
     1/7: $7\tree_2$func$/Users/marcandre/Desktop/Startup/TowardsBNN/binaryneuralnet-asic-TTIHP26/src/classification_tree.sv:3549$132.$result[1:0]$687
     2/7: $6\tree_2$func$/Users/marcandre/Desktop/Startup/TowardsBNN/binaryneuralnet-asic-TTIHP26/src/classification_tree.sv:3549$132.$result[1:0]$685
     3/7: $5\tree_2$func$/Users/marcandre/Desktop/Startup/TowardsBNN/binaryneuralnet-asic-TTIHP26/src/classification_tree.sv:3549$132.$result[1:0]$683
     4/7: $4\tree_2$func$/Users/marcandre/Desktop/Startup/TowardsBNN/binaryneuralnet-asic-TTIHP26/src/classification_tree.sv:3549$132.$result[1:0]$681
     5/7: $3\tree_2$func$/Users/marcandre/Desktop/Startup/TowardsBNN/binaryneuralnet-asic-TTIHP26/src/classification_tree.sv:3549$132.$result[1:0]$679
     6/7: $2\tree_2$func$/Users/marcandre/Desktop/Startup/TowardsBNN/binaryneuralnet-asic-TTIHP26/src/classification_tree.sv:3549$132.$result[1:0]$677
     7/7: $1\tree_2$func$/Users/marcandre/Desktop/Startup/TowardsBNN/binaryneuralnet-asic-TTIHP26/src/classification_tree.sv:3549$132.$result[1:0]$675
Creating decoders for process `\classification_tree.$proc$/Users/marcandre/Desktop/Startup/TowardsBNN/binaryneuralnet-asic-TTIHP26/src/classification_tree.sv:3546$652'.
     1/7: $7\tree_91$func$/Users/marcandre/Desktop/Startup/TowardsBNN/binaryneuralnet-asic-TTIHP26/src/classification_tree.sv:3546$131.$result[1:0]$669
     2/7: $6\tree_91$func$/Users/marcandre/Desktop/Startup/TowardsBNN/binaryneuralnet-asic-TTIHP26/src/classification_tree.sv:3546$131.$result[1:0]$667
     3/7: $5\tree_91$func$/Users/marcandre/Desktop/Startup/TowardsBNN/binaryneuralnet-asic-TTIHP26/src/classification_tree.sv:3546$131.$result[1:0]$665
     4/7: $4\tree_91$func$/Users/marcandre/Desktop/Startup/TowardsBNN/binaryneuralnet-asic-TTIHP26/src/classification_tree.sv:3546$131.$result[1:0]$663
     5/7: $3\tree_91$func$/Users/marcandre/Desktop/Startup/TowardsBNN/binaryneuralnet-asic-TTIHP26/src/classification_tree.sv:3546$131.$result[1:0]$661
     6/7: $2\tree_91$func$/Users/marcandre/Desktop/Startup/TowardsBNN/binaryneuralnet-asic-TTIHP26/src/classification_tree.sv:3546$131.$result[1:0]$659
     7/7: $1\tree_91$func$/Users/marcandre/Desktop/Startup/TowardsBNN/binaryneuralnet-asic-TTIHP26/src/classification_tree.sv:3546$131.$result[1:0]$657
Creating decoders for process `\classification_tree.$proc$/Users/marcandre/Desktop/Startup/TowardsBNN/binaryneuralnet-asic-TTIHP26/src/classification_tree.sv:3545$634'.
     1/7: $7\tree_81$func$/Users/marcandre/Desktop/Startup/TowardsBNN/binaryneuralnet-asic-TTIHP26/src/classification_tree.sv:3545$130.$result[1:0]$651
     2/7: $6\tree_81$func$/Users/marcandre/Desktop/Startup/TowardsBNN/binaryneuralnet-asic-TTIHP26/src/classification_tree.sv:3545$130.$result[1:0]$649
     3/7: $5\tree_81$func$/Users/marcandre/Desktop/Startup/TowardsBNN/binaryneuralnet-asic-TTIHP26/src/classification_tree.sv:3545$130.$result[1:0]$647
     4/7: $4\tree_81$func$/Users/marcandre/Desktop/Startup/TowardsBNN/binaryneuralnet-asic-TTIHP26/src/classification_tree.sv:3545$130.$result[1:0]$645
     5/7: $3\tree_81$func$/Users/marcandre/Desktop/Startup/TowardsBNN/binaryneuralnet-asic-TTIHP26/src/classification_tree.sv:3545$130.$result[1:0]$643
     6/7: $2\tree_81$func$/Users/marcandre/Desktop/Startup/TowardsBNN/binaryneuralnet-asic-TTIHP26/src/classification_tree.sv:3545$130.$result[1:0]$641
     7/7: $1\tree_81$func$/Users/marcandre/Desktop/Startup/TowardsBNN/binaryneuralnet-asic-TTIHP26/src/classification_tree.sv:3545$130.$result[1:0]$639
Creating decoders for process `\classification_tree.$proc$/Users/marcandre/Desktop/Startup/TowardsBNN/binaryneuralnet-asic-TTIHP26/src/classification_tree.sv:3544$616'.
     1/7: $7\tree_71$func$/Users/marcandre/Desktop/Startup/TowardsBNN/binaryneuralnet-asic-TTIHP26/src/classification_tree.sv:3544$129.$result[1:0]$633
     2/7: $6\tree_71$func$/Users/marcandre/Desktop/Startup/TowardsBNN/binaryneuralnet-asic-TTIHP26/src/classification_tree.sv:3544$129.$result[1:0]$631
     3/7: $5\tree_71$func$/Users/marcandre/Desktop/Startup/TowardsBNN/binaryneuralnet-asic-TTIHP26/src/classification_tree.sv:3544$129.$result[1:0]$629
     4/7: $4\tree_71$func$/Users/marcandre/Desktop/Startup/TowardsBNN/binaryneuralnet-asic-TTIHP26/src/classification_tree.sv:3544$129.$result[1:0]$627
     5/7: $3\tree_71$func$/Users/marcandre/Desktop/Startup/TowardsBNN/binaryneuralnet-asic-TTIHP26/src/classification_tree.sv:3544$129.$result[1:0]$625
     6/7: $2\tree_71$func$/Users/marcandre/Desktop/Startup/TowardsBNN/binaryneuralnet-asic-TTIHP26/src/classification_tree.sv:3544$129.$result[1:0]$623
     7/7: $1\tree_71$func$/Users/marcandre/Desktop/Startup/TowardsBNN/binaryneuralnet-asic-TTIHP26/src/classification_tree.sv:3544$129.$result[1:0]$621
Creating decoders for process `\classification_tree.$proc$/Users/marcandre/Desktop/Startup/TowardsBNN/binaryneuralnet-asic-TTIHP26/src/classification_tree.sv:3543$598'.
     1/7: $7\tree_61$func$/Users/marcandre/Desktop/Startup/TowardsBNN/binaryneuralnet-asic-TTIHP26/src/classification_tree.sv:3543$128.$result[1:0]$615
     2/7: $6\tree_61$func$/Users/marcandre/Desktop/Startup/TowardsBNN/binaryneuralnet-asic-TTIHP26/src/classification_tree.sv:3543$128.$result[1:0]$613
     3/7: $5\tree_61$func$/Users/marcandre/Desktop/Startup/TowardsBNN/binaryneuralnet-asic-TTIHP26/src/classification_tree.sv:3543$128.$result[1:0]$611
     4/7: $4\tree_61$func$/Users/marcandre/Desktop/Startup/TowardsBNN/binaryneuralnet-asic-TTIHP26/src/classification_tree.sv:3543$128.$result[1:0]$609
     5/7: $3\tree_61$func$/Users/marcandre/Desktop/Startup/TowardsBNN/binaryneuralnet-asic-TTIHP26/src/classification_tree.sv:3543$128.$result[1:0]$607
     6/7: $2\tree_61$func$/Users/marcandre/Desktop/Startup/TowardsBNN/binaryneuralnet-asic-TTIHP26/src/classification_tree.sv:3543$128.$result[1:0]$605
     7/7: $1\tree_61$func$/Users/marcandre/Desktop/Startup/TowardsBNN/binaryneuralnet-asic-TTIHP26/src/classification_tree.sv:3543$128.$result[1:0]$603
Creating decoders for process `\classification_tree.$proc$/Users/marcandre/Desktop/Startup/TowardsBNN/binaryneuralnet-asic-TTIHP26/src/classification_tree.sv:3542$580'.
     1/7: $7\tree_51$func$/Users/marcandre/Desktop/Startup/TowardsBNN/binaryneuralnet-asic-TTIHP26/src/classification_tree.sv:3542$127.$result[1:0]$597
     2/7: $6\tree_51$func$/Users/marcandre/Desktop/Startup/TowardsBNN/binaryneuralnet-asic-TTIHP26/src/classification_tree.sv:3542$127.$result[1:0]$595
     3/7: $5\tree_51$func$/Users/marcandre/Desktop/Startup/TowardsBNN/binaryneuralnet-asic-TTIHP26/src/classification_tree.sv:3542$127.$result[1:0]$593
     4/7: $4\tree_51$func$/Users/marcandre/Desktop/Startup/TowardsBNN/binaryneuralnet-asic-TTIHP26/src/classification_tree.sv:3542$127.$result[1:0]$591
     5/7: $3\tree_51$func$/Users/marcandre/Desktop/Startup/TowardsBNN/binaryneuralnet-asic-TTIHP26/src/classification_tree.sv:3542$127.$result[1:0]$589
     6/7: $2\tree_51$func$/Users/marcandre/Desktop/Startup/TowardsBNN/binaryneuralnet-asic-TTIHP26/src/classification_tree.sv:3542$127.$result[1:0]$587
     7/7: $1\tree_51$func$/Users/marcandre/Desktop/Startup/TowardsBNN/binaryneuralnet-asic-TTIHP26/src/classification_tree.sv:3542$127.$result[1:0]$585
Creating decoders for process `\classification_tree.$proc$/Users/marcandre/Desktop/Startup/TowardsBNN/binaryneuralnet-asic-TTIHP26/src/classification_tree.sv:3541$562'.
     1/7: $7\tree_41$func$/Users/marcandre/Desktop/Startup/TowardsBNN/binaryneuralnet-asic-TTIHP26/src/classification_tree.sv:3541$126.$result[1:0]$579
     2/7: $6\tree_41$func$/Users/marcandre/Desktop/Startup/TowardsBNN/binaryneuralnet-asic-TTIHP26/src/classification_tree.sv:3541$126.$result[1:0]$577
     3/7: $5\tree_41$func$/Users/marcandre/Desktop/Startup/TowardsBNN/binaryneuralnet-asic-TTIHP26/src/classification_tree.sv:3541$126.$result[1:0]$575
     4/7: $4\tree_41$func$/Users/marcandre/Desktop/Startup/TowardsBNN/binaryneuralnet-asic-TTIHP26/src/classification_tree.sv:3541$126.$result[1:0]$573
     5/7: $3\tree_41$func$/Users/marcandre/Desktop/Startup/TowardsBNN/binaryneuralnet-asic-TTIHP26/src/classification_tree.sv:3541$126.$result[1:0]$571
     6/7: $2\tree_41$func$/Users/marcandre/Desktop/Startup/TowardsBNN/binaryneuralnet-asic-TTIHP26/src/classification_tree.sv:3541$126.$result[1:0]$569
     7/7: $1\tree_41$func$/Users/marcandre/Desktop/Startup/TowardsBNN/binaryneuralnet-asic-TTIHP26/src/classification_tree.sv:3541$126.$result[1:0]$567
Creating decoders for process `\classification_tree.$proc$/Users/marcandre/Desktop/Startup/TowardsBNN/binaryneuralnet-asic-TTIHP26/src/classification_tree.sv:3540$544'.
     1/7: $7\tree_31$func$/Users/marcandre/Desktop/Startup/TowardsBNN/binaryneuralnet-asic-TTIHP26/src/classification_tree.sv:3540$125.$result[1:0]$561
     2/7: $6\tree_31$func$/Users/marcandre/Desktop/Startup/TowardsBNN/binaryneuralnet-asic-TTIHP26/src/classification_tree.sv:3540$125.$result[1:0]$559
     3/7: $5\tree_31$func$/Users/marcandre/Desktop/Startup/TowardsBNN/binaryneuralnet-asic-TTIHP26/src/classification_tree.sv:3540$125.$result[1:0]$557
     4/7: $4\tree_31$func$/Users/marcandre/Desktop/Startup/TowardsBNN/binaryneuralnet-asic-TTIHP26/src/classification_tree.sv:3540$125.$result[1:0]$555
     5/7: $3\tree_31$func$/Users/marcandre/Desktop/Startup/TowardsBNN/binaryneuralnet-asic-TTIHP26/src/classification_tree.sv:3540$125.$result[1:0]$553
     6/7: $2\tree_31$func$/Users/marcandre/Desktop/Startup/TowardsBNN/binaryneuralnet-asic-TTIHP26/src/classification_tree.sv:3540$125.$result[1:0]$551
     7/7: $1\tree_31$func$/Users/marcandre/Desktop/Startup/TowardsBNN/binaryneuralnet-asic-TTIHP26/src/classification_tree.sv:3540$125.$result[1:0]$549
Creating decoders for process `\classification_tree.$proc$/Users/marcandre/Desktop/Startup/TowardsBNN/binaryneuralnet-asic-TTIHP26/src/classification_tree.sv:3539$526'.
     1/7: $7\tree_21$func$/Users/marcandre/Desktop/Startup/TowardsBNN/binaryneuralnet-asic-TTIHP26/src/classification_tree.sv:3539$124.$result[1:0]$543
     2/7: $6\tree_21$func$/Users/marcandre/Desktop/Startup/TowardsBNN/binaryneuralnet-asic-TTIHP26/src/classification_tree.sv:3539$124.$result[1:0]$541
     3/7: $5\tree_21$func$/Users/marcandre/Desktop/Startup/TowardsBNN/binaryneuralnet-asic-TTIHP26/src/classification_tree.sv:3539$124.$result[1:0]$539
     4/7: $4\tree_21$func$/Users/marcandre/Desktop/Startup/TowardsBNN/binaryneuralnet-asic-TTIHP26/src/classification_tree.sv:3539$124.$result[1:0]$537
     5/7: $3\tree_21$func$/Users/marcandre/Desktop/Startup/TowardsBNN/binaryneuralnet-asic-TTIHP26/src/classification_tree.sv:3539$124.$result[1:0]$535
     6/7: $2\tree_21$func$/Users/marcandre/Desktop/Startup/TowardsBNN/binaryneuralnet-asic-TTIHP26/src/classification_tree.sv:3539$124.$result[1:0]$533
     7/7: $1\tree_21$func$/Users/marcandre/Desktop/Startup/TowardsBNN/binaryneuralnet-asic-TTIHP26/src/classification_tree.sv:3539$124.$result[1:0]$531
Creating decoders for process `\classification_tree.$proc$/Users/marcandre/Desktop/Startup/TowardsBNN/binaryneuralnet-asic-TTIHP26/src/classification_tree.sv:3538$510'.
     1/6: $6\tree_11$func$/Users/marcandre/Desktop/Startup/TowardsBNN/binaryneuralnet-asic-TTIHP26/src/classification_tree.sv:3538$123.$result[1:0]$525
     2/6: $5\tree_11$func$/Users/marcandre/Desktop/Startup/TowardsBNN/binaryneuralnet-asic-TTIHP26/src/classification_tree.sv:3538$123.$result[1:0]$523
     3/6: $4\tree_11$func$/Users/marcandre/Desktop/Startup/TowardsBNN/binaryneuralnet-asic-TTIHP26/src/classification_tree.sv:3538$123.$result[1:0]$521
     4/6: $3\tree_11$func$/Users/marcandre/Desktop/Startup/TowardsBNN/binaryneuralnet-asic-TTIHP26/src/classification_tree.sv:3538$123.$result[1:0]$519
     5/6: $2\tree_11$func$/Users/marcandre/Desktop/Startup/TowardsBNN/binaryneuralnet-asic-TTIHP26/src/classification_tree.sv:3538$123.$result[1:0]$517
     6/6: $1\tree_11$func$/Users/marcandre/Desktop/Startup/TowardsBNN/binaryneuralnet-asic-TTIHP26/src/classification_tree.sv:3538$123.$result[1:0]$515
Creating decoders for process `\classification_tree.$proc$/Users/marcandre/Desktop/Startup/TowardsBNN/binaryneuralnet-asic-TTIHP26/src/classification_tree.sv:3537$492'.
     1/7: $7\tree_1$func$/Users/marcandre/Desktop/Startup/TowardsBNN/binaryneuralnet-asic-TTIHP26/src/classification_tree.sv:3537$122.$result[1:0]$509
     2/7: $6\tree_1$func$/Users/marcandre/Desktop/Startup/TowardsBNN/binaryneuralnet-asic-TTIHP26/src/classification_tree.sv:3537$122.$result[1:0]$507
     3/7: $5\tree_1$func$/Users/marcandre/Desktop/Startup/TowardsBNN/binaryneuralnet-asic-TTIHP26/src/classification_tree.sv:3537$122.$result[1:0]$505
     4/7: $4\tree_1$func$/Users/marcandre/Desktop/Startup/TowardsBNN/binaryneuralnet-asic-TTIHP26/src/classification_tree.sv:3537$122.$result[1:0]$503
     5/7: $3\tree_1$func$/Users/marcandre/Desktop/Startup/TowardsBNN/binaryneuralnet-asic-TTIHP26/src/classification_tree.sv:3537$122.$result[1:0]$501
     6/7: $2\tree_1$func$/Users/marcandre/Desktop/Startup/TowardsBNN/binaryneuralnet-asic-TTIHP26/src/classification_tree.sv:3537$122.$result[1:0]$499
     7/7: $1\tree_1$func$/Users/marcandre/Desktop/Startup/TowardsBNN/binaryneuralnet-asic-TTIHP26/src/classification_tree.sv:3537$122.$result[1:0]$497
Creating decoders for process `\classification_tree.$proc$/Users/marcandre/Desktop/Startup/TowardsBNN/binaryneuralnet-asic-TTIHP26/src/classification_tree.sv:3534$474'.
     1/7: $7\tree_90$func$/Users/marcandre/Desktop/Startup/TowardsBNN/binaryneuralnet-asic-TTIHP26/src/classification_tree.sv:3534$121.$result[1:0]$491
     2/7: $6\tree_90$func$/Users/marcandre/Desktop/Startup/TowardsBNN/binaryneuralnet-asic-TTIHP26/src/classification_tree.sv:3534$121.$result[1:0]$489
     3/7: $5\tree_90$func$/Users/marcandre/Desktop/Startup/TowardsBNN/binaryneuralnet-asic-TTIHP26/src/classification_tree.sv:3534$121.$result[1:0]$487
     4/7: $4\tree_90$func$/Users/marcandre/Desktop/Startup/TowardsBNN/binaryneuralnet-asic-TTIHP26/src/classification_tree.sv:3534$121.$result[1:0]$485
     5/7: $3\tree_90$func$/Users/marcandre/Desktop/Startup/TowardsBNN/binaryneuralnet-asic-TTIHP26/src/classification_tree.sv:3534$121.$result[1:0]$483
     6/7: $2\tree_90$func$/Users/marcandre/Desktop/Startup/TowardsBNN/binaryneuralnet-asic-TTIHP26/src/classification_tree.sv:3534$121.$result[1:0]$481
     7/7: $1\tree_90$func$/Users/marcandre/Desktop/Startup/TowardsBNN/binaryneuralnet-asic-TTIHP26/src/classification_tree.sv:3534$121.$result[1:0]$479
Creating decoders for process `\classification_tree.$proc$/Users/marcandre/Desktop/Startup/TowardsBNN/binaryneuralnet-asic-TTIHP26/src/classification_tree.sv:3533$456'.
     1/7: $7\tree_80$func$/Users/marcandre/Desktop/Startup/TowardsBNN/binaryneuralnet-asic-TTIHP26/src/classification_tree.sv:3533$120.$result[1:0]$473
     2/7: $6\tree_80$func$/Users/marcandre/Desktop/Startup/TowardsBNN/binaryneuralnet-asic-TTIHP26/src/classification_tree.sv:3533$120.$result[1:0]$471
     3/7: $5\tree_80$func$/Users/marcandre/Desktop/Startup/TowardsBNN/binaryneuralnet-asic-TTIHP26/src/classification_tree.sv:3533$120.$result[1:0]$469
     4/7: $4\tree_80$func$/Users/marcandre/Desktop/Startup/TowardsBNN/binaryneuralnet-asic-TTIHP26/src/classification_tree.sv:3533$120.$result[1:0]$467
     5/7: $3\tree_80$func$/Users/marcandre/Desktop/Startup/TowardsBNN/binaryneuralnet-asic-TTIHP26/src/classification_tree.sv:3533$120.$result[1:0]$465
     6/7: $2\tree_80$func$/Users/marcandre/Desktop/Startup/TowardsBNN/binaryneuralnet-asic-TTIHP26/src/classification_tree.sv:3533$120.$result[1:0]$463
     7/7: $1\tree_80$func$/Users/marcandre/Desktop/Startup/TowardsBNN/binaryneuralnet-asic-TTIHP26/src/classification_tree.sv:3533$120.$result[1:0]$461
Creating decoders for process `\classification_tree.$proc$/Users/marcandre/Desktop/Startup/TowardsBNN/binaryneuralnet-asic-TTIHP26/src/classification_tree.sv:3532$438'.
     1/7: $7\tree_70$func$/Users/marcandre/Desktop/Startup/TowardsBNN/binaryneuralnet-asic-TTIHP26/src/classification_tree.sv:3532$119.$result[1:0]$455
     2/7: $6\tree_70$func$/Users/marcandre/Desktop/Startup/TowardsBNN/binaryneuralnet-asic-TTIHP26/src/classification_tree.sv:3532$119.$result[1:0]$453
     3/7: $5\tree_70$func$/Users/marcandre/Desktop/Startup/TowardsBNN/binaryneuralnet-asic-TTIHP26/src/classification_tree.sv:3532$119.$result[1:0]$451
     4/7: $4\tree_70$func$/Users/marcandre/Desktop/Startup/TowardsBNN/binaryneuralnet-asic-TTIHP26/src/classification_tree.sv:3532$119.$result[1:0]$449
     5/7: $3\tree_70$func$/Users/marcandre/Desktop/Startup/TowardsBNN/binaryneuralnet-asic-TTIHP26/src/classification_tree.sv:3532$119.$result[1:0]$447
     6/7: $2\tree_70$func$/Users/marcandre/Desktop/Startup/TowardsBNN/binaryneuralnet-asic-TTIHP26/src/classification_tree.sv:3532$119.$result[1:0]$445
     7/7: $1\tree_70$func$/Users/marcandre/Desktop/Startup/TowardsBNN/binaryneuralnet-asic-TTIHP26/src/classification_tree.sv:3532$119.$result[1:0]$443
Creating decoders for process `\classification_tree.$proc$/Users/marcandre/Desktop/Startup/TowardsBNN/binaryneuralnet-asic-TTIHP26/src/classification_tree.sv:3531$420'.
     1/7: $7\tree_60$func$/Users/marcandre/Desktop/Startup/TowardsBNN/binaryneuralnet-asic-TTIHP26/src/classification_tree.sv:3531$118.$result[1:0]$437
     2/7: $6\tree_60$func$/Users/marcandre/Desktop/Startup/TowardsBNN/binaryneuralnet-asic-TTIHP26/src/classification_tree.sv:3531$118.$result[1:0]$435
     3/7: $5\tree_60$func$/Users/marcandre/Desktop/Startup/TowardsBNN/binaryneuralnet-asic-TTIHP26/src/classification_tree.sv:3531$118.$result[1:0]$433
     4/7: $4\tree_60$func$/Users/marcandre/Desktop/Startup/TowardsBNN/binaryneuralnet-asic-TTIHP26/src/classification_tree.sv:3531$118.$result[1:0]$431
     5/7: $3\tree_60$func$/Users/marcandre/Desktop/Startup/TowardsBNN/binaryneuralnet-asic-TTIHP26/src/classification_tree.sv:3531$118.$result[1:0]$429
     6/7: $2\tree_60$func$/Users/marcandre/Desktop/Startup/TowardsBNN/binaryneuralnet-asic-TTIHP26/src/classification_tree.sv:3531$118.$result[1:0]$427
     7/7: $1\tree_60$func$/Users/marcandre/Desktop/Startup/TowardsBNN/binaryneuralnet-asic-TTIHP26/src/classification_tree.sv:3531$118.$result[1:0]$425
Creating decoders for process `\classification_tree.$proc$/Users/marcandre/Desktop/Startup/TowardsBNN/binaryneuralnet-asic-TTIHP26/src/classification_tree.sv:3530$402'.
     1/7: $7\tree_50$func$/Users/marcandre/Desktop/Startup/TowardsBNN/binaryneuralnet-asic-TTIHP26/src/classification_tree.sv:3530$117.$result[1:0]$419
     2/7: $6\tree_50$func$/Users/marcandre/Desktop/Startup/TowardsBNN/binaryneuralnet-asic-TTIHP26/src/classification_tree.sv:3530$117.$result[1:0]$417
     3/7: $5\tree_50$func$/Users/marcandre/Desktop/Startup/TowardsBNN/binaryneuralnet-asic-TTIHP26/src/classification_tree.sv:3530$117.$result[1:0]$415
     4/7: $4\tree_50$func$/Users/marcandre/Desktop/Startup/TowardsBNN/binaryneuralnet-asic-TTIHP26/src/classification_tree.sv:3530$117.$result[1:0]$413
     5/7: $3\tree_50$func$/Users/marcandre/Desktop/Startup/TowardsBNN/binaryneuralnet-asic-TTIHP26/src/classification_tree.sv:3530$117.$result[1:0]$411
     6/7: $2\tree_50$func$/Users/marcandre/Desktop/Startup/TowardsBNN/binaryneuralnet-asic-TTIHP26/src/classification_tree.sv:3530$117.$result[1:0]$409
     7/7: $1\tree_50$func$/Users/marcandre/Desktop/Startup/TowardsBNN/binaryneuralnet-asic-TTIHP26/src/classification_tree.sv:3530$117.$result[1:0]$407
Creating decoders for process `\classification_tree.$proc$/Users/marcandre/Desktop/Startup/TowardsBNN/binaryneuralnet-asic-TTIHP26/src/classification_tree.sv:3529$384'.
     1/7: $7\tree_40$func$/Users/marcandre/Desktop/Startup/TowardsBNN/binaryneuralnet-asic-TTIHP26/src/classification_tree.sv:3529$116.$result[1:0]$401
     2/7: $6\tree_40$func$/Users/marcandre/Desktop/Startup/TowardsBNN/binaryneuralnet-asic-TTIHP26/src/classification_tree.sv:3529$116.$result[1:0]$399
     3/7: $5\tree_40$func$/Users/marcandre/Desktop/Startup/TowardsBNN/binaryneuralnet-asic-TTIHP26/src/classification_tree.sv:3529$116.$result[1:0]$397
     4/7: $4\tree_40$func$/Users/marcandre/Desktop/Startup/TowardsBNN/binaryneuralnet-asic-TTIHP26/src/classification_tree.sv:3529$116.$result[1:0]$395
     5/7: $3\tree_40$func$/Users/marcandre/Desktop/Startup/TowardsBNN/binaryneuralnet-asic-TTIHP26/src/classification_tree.sv:3529$116.$result[1:0]$393
     6/7: $2\tree_40$func$/Users/marcandre/Desktop/Startup/TowardsBNN/binaryneuralnet-asic-TTIHP26/src/classification_tree.sv:3529$116.$result[1:0]$391
     7/7: $1\tree_40$func$/Users/marcandre/Desktop/Startup/TowardsBNN/binaryneuralnet-asic-TTIHP26/src/classification_tree.sv:3529$116.$result[1:0]$389
Creating decoders for process `\classification_tree.$proc$/Users/marcandre/Desktop/Startup/TowardsBNN/binaryneuralnet-asic-TTIHP26/src/classification_tree.sv:3528$366'.
     1/7: $7\tree_30$func$/Users/marcandre/Desktop/Startup/TowardsBNN/binaryneuralnet-asic-TTIHP26/src/classification_tree.sv:3528$115.$result[1:0]$383
     2/7: $6\tree_30$func$/Users/marcandre/Desktop/Startup/TowardsBNN/binaryneuralnet-asic-TTIHP26/src/classification_tree.sv:3528$115.$result[1:0]$381
     3/7: $5\tree_30$func$/Users/marcandre/Desktop/Startup/TowardsBNN/binaryneuralnet-asic-TTIHP26/src/classification_tree.sv:3528$115.$result[1:0]$379
     4/7: $4\tree_30$func$/Users/marcandre/Desktop/Startup/TowardsBNN/binaryneuralnet-asic-TTIHP26/src/classification_tree.sv:3528$115.$result[1:0]$377
     5/7: $3\tree_30$func$/Users/marcandre/Desktop/Startup/TowardsBNN/binaryneuralnet-asic-TTIHP26/src/classification_tree.sv:3528$115.$result[1:0]$375
     6/7: $2\tree_30$func$/Users/marcandre/Desktop/Startup/TowardsBNN/binaryneuralnet-asic-TTIHP26/src/classification_tree.sv:3528$115.$result[1:0]$373
     7/7: $1\tree_30$func$/Users/marcandre/Desktop/Startup/TowardsBNN/binaryneuralnet-asic-TTIHP26/src/classification_tree.sv:3528$115.$result[1:0]$371
Creating decoders for process `\classification_tree.$proc$/Users/marcandre/Desktop/Startup/TowardsBNN/binaryneuralnet-asic-TTIHP26/src/classification_tree.sv:3527$348'.
     1/7: $7\tree_20$func$/Users/marcandre/Desktop/Startup/TowardsBNN/binaryneuralnet-asic-TTIHP26/src/classification_tree.sv:3527$114.$result[1:0]$365
     2/7: $6\tree_20$func$/Users/marcandre/Desktop/Startup/TowardsBNN/binaryneuralnet-asic-TTIHP26/src/classification_tree.sv:3527$114.$result[1:0]$363
     3/7: $5\tree_20$func$/Users/marcandre/Desktop/Startup/TowardsBNN/binaryneuralnet-asic-TTIHP26/src/classification_tree.sv:3527$114.$result[1:0]$361
     4/7: $4\tree_20$func$/Users/marcandre/Desktop/Startup/TowardsBNN/binaryneuralnet-asic-TTIHP26/src/classification_tree.sv:3527$114.$result[1:0]$359
     5/7: $3\tree_20$func$/Users/marcandre/Desktop/Startup/TowardsBNN/binaryneuralnet-asic-TTIHP26/src/classification_tree.sv:3527$114.$result[1:0]$357
     6/7: $2\tree_20$func$/Users/marcandre/Desktop/Startup/TowardsBNN/binaryneuralnet-asic-TTIHP26/src/classification_tree.sv:3527$114.$result[1:0]$355
     7/7: $1\tree_20$func$/Users/marcandre/Desktop/Startup/TowardsBNN/binaryneuralnet-asic-TTIHP26/src/classification_tree.sv:3527$114.$result[1:0]$353
Creating decoders for process `\classification_tree.$proc$/Users/marcandre/Desktop/Startup/TowardsBNN/binaryneuralnet-asic-TTIHP26/src/classification_tree.sv:3526$330'.
     1/7: $7\tree_10$func$/Users/marcandre/Desktop/Startup/TowardsBNN/binaryneuralnet-asic-TTIHP26/src/classification_tree.sv:3526$113.$result[1:0]$347
     2/7: $6\tree_10$func$/Users/marcandre/Desktop/Startup/TowardsBNN/binaryneuralnet-asic-TTIHP26/src/classification_tree.sv:3526$113.$result[1:0]$345
     3/7: $5\tree_10$func$/Users/marcandre/Desktop/Startup/TowardsBNN/binaryneuralnet-asic-TTIHP26/src/classification_tree.sv:3526$113.$result[1:0]$343
     4/7: $4\tree_10$func$/Users/marcandre/Desktop/Startup/TowardsBNN/binaryneuralnet-asic-TTIHP26/src/classification_tree.sv:3526$113.$result[1:0]$341
     5/7: $3\tree_10$func$/Users/marcandre/Desktop/Startup/TowardsBNN/binaryneuralnet-asic-TTIHP26/src/classification_tree.sv:3526$113.$result[1:0]$339
     6/7: $2\tree_10$func$/Users/marcandre/Desktop/Startup/TowardsBNN/binaryneuralnet-asic-TTIHP26/src/classification_tree.sv:3526$113.$result[1:0]$337
     7/7: $1\tree_10$func$/Users/marcandre/Desktop/Startup/TowardsBNN/binaryneuralnet-asic-TTIHP26/src/classification_tree.sv:3526$113.$result[1:0]$335
Creating decoders for process `\classification_tree.$proc$/Users/marcandre/Desktop/Startup/TowardsBNN/binaryneuralnet-asic-TTIHP26/src/classification_tree.sv:3525$312'.
     1/7: $7\tree_0$func$/Users/marcandre/Desktop/Startup/TowardsBNN/binaryneuralnet-asic-TTIHP26/src/classification_tree.sv:3525$112.$result[1:0]$329
     2/7: $6\tree_0$func$/Users/marcandre/Desktop/Startup/TowardsBNN/binaryneuralnet-asic-TTIHP26/src/classification_tree.sv:3525$112.$result[1:0]$327
     3/7: $5\tree_0$func$/Users/marcandre/Desktop/Startup/TowardsBNN/binaryneuralnet-asic-TTIHP26/src/classification_tree.sv:3525$112.$result[1:0]$325
     4/7: $4\tree_0$func$/Users/marcandre/Desktop/Startup/TowardsBNN/binaryneuralnet-asic-TTIHP26/src/classification_tree.sv:3525$112.$result[1:0]$323
     5/7: $3\tree_0$func$/Users/marcandre/Desktop/Startup/TowardsBNN/binaryneuralnet-asic-TTIHP26/src/classification_tree.sv:3525$112.$result[1:0]$321
     6/7: $2\tree_0$func$/Users/marcandre/Desktop/Startup/TowardsBNN/binaryneuralnet-asic-TTIHP26/src/classification_tree.sv:3525$112.$result[1:0]$319
     7/7: $1\tree_0$func$/Users/marcandre/Desktop/Startup/TowardsBNN/binaryneuralnet-asic-TTIHP26/src/classification_tree.sv:3525$112.$result[1:0]$317
Creating decoders for process `\classification_tree.$proc$/Users/marcandre/Desktop/Startup/TowardsBNN/binaryneuralnet-asic-TTIHP26/src/classification_tree.sv:3646$302'.
     1/18: $9\number_o[3:0]
     2/18: $9\max_score[4:0]
     3/18: $8\number_o[3:0]
     4/18: $8\max_score[4:0]
     5/18: $7\number_o[3:0]
     6/18: $7\max_score[4:0]
     7/18: $6\number_o[3:0]
     8/18: $6\max_score[4:0]
     9/18: $5\number_o[3:0]
    10/18: $5\max_score[4:0]
    11/18: $4\number_o[3:0]
    12/18: $4\max_score[4:0]
    13/18: $3\number_o[3:0]
    14/18: $3\max_score[4:0]
    15/18: $2\number_o[3:0]
    16/18: $2\max_score[4:0]
    17/18: $1\number_o[3:0]
    18/18: $1\max_score[4:0]
Creating decoders for process `\main.$proc$/Users/marcandre/Desktop/Startup/TowardsBNN/binaryneuralnet-asic-TTIHP26/src/main.sv:233$11'.
     1/1: $1\sram_req[25:0]
Creating decoders for process `\main.$proc$/Users/marcandre/Desktop/Startup/TowardsBNN/binaryneuralnet-asic-TTIHP26/src/main.sv:160$9'.
     1/7: $0\conv3_start[0:0]
     2/7: $0\pool2_start[0:0]
     3/7: $0\conv2_start[0:0]
     4/7: $0\pool1_start[0:0]
     5/7: $0\conv1_start[0:0]
     6/7: $0\seq_state[2:0]
     7/7: $0\inference_done_o[0:0]

19.8. Executing PROC_DLATCH pass (convert process syncs to latches).
No latch inferred for signal `\conv_weights_3x3_l2.\w11' from process `\conv_weights_3x3_l2.$proc$/Users/marcandre/Desktop/Startup/TowardsBNN/binaryneuralnet-asic-TTIHP26/src/conv_weights_3x3_l2.sv:71$2688'.
No latch inferred for signal `\conv_weights_3x3_l2.\w12' from process `\conv_weights_3x3_l2.$proc$/Users/marcandre/Desktop/Startup/TowardsBNN/binaryneuralnet-asic-TTIHP26/src/conv_weights_3x3_l2.sv:71$2688'.
No latch inferred for signal `\conv_weights_3x3_l2.\w13' from process `\conv_weights_3x3_l2.$proc$/Users/marcandre/Desktop/Startup/TowardsBNN/binaryneuralnet-asic-TTIHP26/src/conv_weights_3x3_l2.sv:71$2688'.
No latch inferred for signal `\conv_weights_3x3_l2.\w21' from process `\conv_weights_3x3_l2.$proc$/Users/marcandre/Desktop/Startup/TowardsBNN/binaryneuralnet-asic-TTIHP26/src/conv_weights_3x3_l2.sv:71$2688'.
No latch inferred for signal `\conv_weights_3x3_l2.\w22' from process `\conv_weights_3x3_l2.$proc$/Users/marcandre/Desktop/Startup/TowardsBNN/binaryneuralnet-asic-TTIHP26/src/conv_weights_3x3_l2.sv:71$2688'.
No latch inferred for signal `\conv_weights_3x3_l2.\w23' from process `\conv_weights_3x3_l2.$proc$/Users/marcandre/Desktop/Startup/TowardsBNN/binaryneuralnet-asic-TTIHP26/src/conv_weights_3x3_l2.sv:71$2688'.
No latch inferred for signal `\conv_weights_3x3_l2.\w31' from process `\conv_weights_3x3_l2.$proc$/Users/marcandre/Desktop/Startup/TowardsBNN/binaryneuralnet-asic-TTIHP26/src/conv_weights_3x3_l2.sv:71$2688'.
No latch inferred for signal `\conv_weights_3x3_l2.\w32' from process `\conv_weights_3x3_l2.$proc$/Users/marcandre/Desktop/Startup/TowardsBNN/binaryneuralnet-asic-TTIHP26/src/conv_weights_3x3_l2.sv:71$2688'.
No latch inferred for signal `\conv_weights_3x3_l2.\w33' from process `\conv_weights_3x3_l2.$proc$/Users/marcandre/Desktop/Startup/TowardsBNN/binaryneuralnet-asic-TTIHP26/src/conv_weights_3x3_l2.sv:71$2688'.
No latch inferred for signal `\load_conv_op_3x6.\sram_req' from process `\load_conv_op_3x6.$proc$/Users/marcandre/Desktop/Startup/TowardsBNN/binaryneuralnet-asic-TTIHP26/src/load_conv_op_3x6.sv:103$2521'.
No latch inferred for signal `\conv_weights_3x3_l1.\w11' from process `\conv_weights_3x3_l1.$proc$/Users/marcandre/Desktop/Startup/TowardsBNN/binaryneuralnet-asic-TTIHP26/src/conv_weights_3x3_l1.sv:71$2509'.
No latch inferred for signal `\conv_weights_3x3_l1.\w12' from process `\conv_weights_3x3_l1.$proc$/Users/marcandre/Desktop/Startup/TowardsBNN/binaryneuralnet-asic-TTIHP26/src/conv_weights_3x3_l1.sv:71$2509'.
No latch inferred for signal `\conv_weights_3x3_l1.\w13' from process `\conv_weights_3x3_l1.$proc$/Users/marcandre/Desktop/Startup/TowardsBNN/binaryneuralnet-asic-TTIHP26/src/conv_weights_3x3_l1.sv:71$2509'.
No latch inferred for signal `\conv_weights_3x3_l1.\w21' from process `\conv_weights_3x3_l1.$proc$/Users/marcandre/Desktop/Startup/TowardsBNN/binaryneuralnet-asic-TTIHP26/src/conv_weights_3x3_l1.sv:71$2509'.
No latch inferred for signal `\conv_weights_3x3_l1.\w22' from process `\conv_weights_3x3_l1.$proc$/Users/marcandre/Desktop/Startup/TowardsBNN/binaryneuralnet-asic-TTIHP26/src/conv_weights_3x3_l1.sv:71$2509'.
No latch inferred for signal `\conv_weights_3x3_l1.\w23' from process `\conv_weights_3x3_l1.$proc$/Users/marcandre/Desktop/Startup/TowardsBNN/binaryneuralnet-asic-TTIHP26/src/conv_weights_3x3_l1.sv:71$2509'.
No latch inferred for signal `\conv_weights_3x3_l1.\w31' from process `\conv_weights_3x3_l1.$proc$/Users/marcandre/Desktop/Startup/TowardsBNN/binaryneuralnet-asic-TTIHP26/src/conv_weights_3x3_l1.sv:71$2509'.
No latch inferred for signal `\conv_weights_3x3_l1.\w32' from process `\conv_weights_3x3_l1.$proc$/Users/marcandre/Desktop/Startup/TowardsBNN/binaryneuralnet-asic-TTIHP26/src/conv_weights_3x3_l1.sv:71$2509'.
No latch inferred for signal `\conv_weights_3x3_l1.\w33' from process `\conv_weights_3x3_l1.$proc$/Users/marcandre/Desktop/Startup/TowardsBNN/binaryneuralnet-asic-TTIHP26/src/conv_weights_3x3_l1.sv:71$2509'.
No latch inferred for signal `\conv_layer1.\sram_req' from process `\conv_layer1.$proc$/Users/marcandre/Desktop/Startup/TowardsBNN/binaryneuralnet-asic-TTIHP26/src/conv_layer1.sv:155$2374'.
No latch inferred for signal `\conv_layer1.\sram_req_write' from process `\conv_layer1.$proc$/Users/marcandre/Desktop/Startup/TowardsBNN/binaryneuralnet-asic-TTIHP26/src/conv_layer1.sv:146$2371'.
No latch inferred for signal `$paramod$c9bc438dfe858e9d75bddd12c427471508300052\maxpool_2x2.\sram_req' from process `$paramod$c9bc438dfe858e9d75bddd12c427471508300052\maxpool_2x2.$proc$/Users/marcandre/Desktop/Startup/TowardsBNN/binaryneuralnet-asic-TTIHP26/src/maxpool_2x2.sv:139$2341'.
No latch inferred for signal `\conv_layer2.$mem2reg_rd$\acc$/Users/marcandre/Desktop/Startup/TowardsBNN/binaryneuralnet-asic-TTIHP26/src/conv_layer2.sv:157$2163_DATA' from process `\conv_layer2.$proc$/Users/marcandre/Desktop/Startup/TowardsBNN/binaryneuralnet-asic-TTIHP26/src/conv_layer2.sv:157$2309'.
No latch inferred for signal `\conv_layer2.$mem2reg_rd$\acc$/Users/marcandre/Desktop/Startup/TowardsBNN/binaryneuralnet-asic-TTIHP26/src/conv_layer2.sv:156$2162_DATA' from process `\conv_layer2.$proc$/Users/marcandre/Desktop/Startup/TowardsBNN/binaryneuralnet-asic-TTIHP26/src/conv_layer2.sv:156$2304'.
No latch inferred for signal `\conv_layer2.$mem2reg_rd$\acc$/Users/marcandre/Desktop/Startup/TowardsBNN/binaryneuralnet-asic-TTIHP26/src/conv_layer2.sv:155$2161_DATA' from process `\conv_layer2.$proc$/Users/marcandre/Desktop/Startup/TowardsBNN/binaryneuralnet-asic-TTIHP26/src/conv_layer2.sv:155$2299'.
No latch inferred for signal `\conv_layer2.$mem2reg_rd$\acc$/Users/marcandre/Desktop/Startup/TowardsBNN/binaryneuralnet-asic-TTIHP26/src/conv_layer2.sv:154$2160_DATA' from process `\conv_layer2.$proc$/Users/marcandre/Desktop/Startup/TowardsBNN/binaryneuralnet-asic-TTIHP26/src/conv_layer2.sv:154$2294'.
No latch inferred for signal `\conv_layer2.\sram_req' from process `\conv_layer2.$proc$/Users/marcandre/Desktop/Startup/TowardsBNN/binaryneuralnet-asic-TTIHP26/src/conv_layer2.sv:173$2194'.
No latch inferred for signal `\conv_layer2.\sram_req_write' from process `\conv_layer2.$proc$/Users/marcandre/Desktop/Startup/TowardsBNN/binaryneuralnet-asic-TTIHP26/src/conv_layer2.sv:164$2191'.
No latch inferred for signal `$paramod$f16bc6def46f6441af0290023d3b6045c72e1335\maxpool_2x2.\sram_req' from process `$paramod$f16bc6def46f6441af0290023d3b6045c72e1335\maxpool_2x2.$proc$/Users/marcandre/Desktop/Startup/TowardsBNN/binaryneuralnet-asic-TTIHP26/src/maxpool_2x2.sv:139$2148'.
No latch inferred for signal `\conv_layer3.\sram_req' from process `\conv_layer3.$proc$/Users/marcandre/Desktop/Startup/TowardsBNN/binaryneuralnet-asic-TTIHP26/src/conv_layer3.sv:96$2111'.
No latch inferred for signal `\conv_layer3.\write_byte' from process `\conv_layer3.$proc$/Users/marcandre/Desktop/Startup/TowardsBNN/binaryneuralnet-asic-TTIHP26/src/conv_layer3.sv:71$2110'.
No latch inferred for signal `\classification_tree.\tree_99$func$/Users/marcandre/Desktop/Startup/TowardsBNN/binaryneuralnet-asic-TTIHP26/src/classification_tree.sv:3642$111.$result' from process `\classification_tree.$proc$/Users/marcandre/Desktop/Startup/TowardsBNN/binaryneuralnet-asic-TTIHP26/src/classification_tree.sv:3642$2092'.
No latch inferred for signal `\classification_tree.\tree_99$func$/Users/marcandre/Desktop/Startup/TowardsBNN/binaryneuralnet-asic-TTIHP26/src/classification_tree.sv:3642$211.$result' from process `\classification_tree.$proc$/Users/marcandre/Desktop/Startup/TowardsBNN/binaryneuralnet-asic-TTIHP26/src/classification_tree.sv:3642$2092'.
No latch inferred for signal `\classification_tree.\tree_99$func$/Users/marcandre/Desktop/Startup/TowardsBNN/binaryneuralnet-asic-TTIHP26/src/classification_tree.sv:3642$211.emb' from process `\classification_tree.$proc$/Users/marcandre/Desktop/Startup/TowardsBNN/binaryneuralnet-asic-TTIHP26/src/classification_tree.sv:3642$2092'.
No latch inferred for signal `\classification_tree.\tree_89$func$/Users/marcandre/Desktop/Startup/TowardsBNN/binaryneuralnet-asic-TTIHP26/src/classification_tree.sv:3641$110.$result' from process `\classification_tree.$proc$/Users/marcandre/Desktop/Startup/TowardsBNN/binaryneuralnet-asic-TTIHP26/src/classification_tree.sv:3641$2074'.
No latch inferred for signal `\classification_tree.\tree_89$func$/Users/marcandre/Desktop/Startup/TowardsBNN/binaryneuralnet-asic-TTIHP26/src/classification_tree.sv:3641$210.$result' from process `\classification_tree.$proc$/Users/marcandre/Desktop/Startup/TowardsBNN/binaryneuralnet-asic-TTIHP26/src/classification_tree.sv:3641$2074'.
No latch inferred for signal `\classification_tree.\tree_89$func$/Users/marcandre/Desktop/Startup/TowardsBNN/binaryneuralnet-asic-TTIHP26/src/classification_tree.sv:3641$210.emb' from process `\classification_tree.$proc$/Users/marcandre/Desktop/Startup/TowardsBNN/binaryneuralnet-asic-TTIHP26/src/classification_tree.sv:3641$2074'.
No latch inferred for signal `\classification_tree.\tree_79$func$/Users/marcandre/Desktop/Startup/TowardsBNN/binaryneuralnet-asic-TTIHP26/src/classification_tree.sv:3640$109.$result' from process `\classification_tree.$proc$/Users/marcandre/Desktop/Startup/TowardsBNN/binaryneuralnet-asic-TTIHP26/src/classification_tree.sv:3640$2056'.
No latch inferred for signal `\classification_tree.\tree_79$func$/Users/marcandre/Desktop/Startup/TowardsBNN/binaryneuralnet-asic-TTIHP26/src/classification_tree.sv:3640$209.$result' from process `\classification_tree.$proc$/Users/marcandre/Desktop/Startup/TowardsBNN/binaryneuralnet-asic-TTIHP26/src/classification_tree.sv:3640$2056'.
No latch inferred for signal `\classification_tree.\tree_79$func$/Users/marcandre/Desktop/Startup/TowardsBNN/binaryneuralnet-asic-TTIHP26/src/classification_tree.sv:3640$209.emb' from process `\classification_tree.$proc$/Users/marcandre/Desktop/Startup/TowardsBNN/binaryneuralnet-asic-TTIHP26/src/classification_tree.sv:3640$2056'.
No latch inferred for signal `\classification_tree.\tree_69$func$/Users/marcandre/Desktop/Startup/TowardsBNN/binaryneuralnet-asic-TTIHP26/src/classification_tree.sv:3639$108.$result' from process `\classification_tree.$proc$/Users/marcandre/Desktop/Startup/TowardsBNN/binaryneuralnet-asic-TTIHP26/src/classification_tree.sv:3639$2038'.
No latch inferred for signal `\classification_tree.\tree_69$func$/Users/marcandre/Desktop/Startup/TowardsBNN/binaryneuralnet-asic-TTIHP26/src/classification_tree.sv:3639$208.$result' from process `\classification_tree.$proc$/Users/marcandre/Desktop/Startup/TowardsBNN/binaryneuralnet-asic-TTIHP26/src/classification_tree.sv:3639$2038'.
No latch inferred for signal `\classification_tree.\tree_69$func$/Users/marcandre/Desktop/Startup/TowardsBNN/binaryneuralnet-asic-TTIHP26/src/classification_tree.sv:3639$208.emb' from process `\classification_tree.$proc$/Users/marcandre/Desktop/Startup/TowardsBNN/binaryneuralnet-asic-TTIHP26/src/classification_tree.sv:3639$2038'.
No latch inferred for signal `\classification_tree.\tree_59$func$/Users/marcandre/Desktop/Startup/TowardsBNN/binaryneuralnet-asic-TTIHP26/src/classification_tree.sv:3638$107.$result' from process `\classification_tree.$proc$/Users/marcandre/Desktop/Startup/TowardsBNN/binaryneuralnet-asic-TTIHP26/src/classification_tree.sv:3638$2020'.
No latch inferred for signal `\classification_tree.\tree_59$func$/Users/marcandre/Desktop/Startup/TowardsBNN/binaryneuralnet-asic-TTIHP26/src/classification_tree.sv:3638$207.$result' from process `\classification_tree.$proc$/Users/marcandre/Desktop/Startup/TowardsBNN/binaryneuralnet-asic-TTIHP26/src/classification_tree.sv:3638$2020'.
No latch inferred for signal `\classification_tree.\tree_59$func$/Users/marcandre/Desktop/Startup/TowardsBNN/binaryneuralnet-asic-TTIHP26/src/classification_tree.sv:3638$207.emb' from process `\classification_tree.$proc$/Users/marcandre/Desktop/Startup/TowardsBNN/binaryneuralnet-asic-TTIHP26/src/classification_tree.sv:3638$2020'.
No latch inferred for signal `\classification_tree.\tree_49$func$/Users/marcandre/Desktop/Startup/TowardsBNN/binaryneuralnet-asic-TTIHP26/src/classification_tree.sv:3637$106.$result' from process `\classification_tree.$proc$/Users/marcandre/Desktop/Startup/TowardsBNN/binaryneuralnet-asic-TTIHP26/src/classification_tree.sv:3637$2002'.
No latch inferred for signal `\classification_tree.\tree_49$func$/Users/marcandre/Desktop/Startup/TowardsBNN/binaryneuralnet-asic-TTIHP26/src/classification_tree.sv:3637$206.$result' from process `\classification_tree.$proc$/Users/marcandre/Desktop/Startup/TowardsBNN/binaryneuralnet-asic-TTIHP26/src/classification_tree.sv:3637$2002'.
No latch inferred for signal `\classification_tree.\tree_49$func$/Users/marcandre/Desktop/Startup/TowardsBNN/binaryneuralnet-asic-TTIHP26/src/classification_tree.sv:3637$206.emb' from process `\classification_tree.$proc$/Users/marcandre/Desktop/Startup/TowardsBNN/binaryneuralnet-asic-TTIHP26/src/classification_tree.sv:3637$2002'.
No latch inferred for signal `\classification_tree.\tree_39$func$/Users/marcandre/Desktop/Startup/TowardsBNN/binaryneuralnet-asic-TTIHP26/src/classification_tree.sv:3636$105.$result' from process `\classification_tree.$proc$/Users/marcandre/Desktop/Startup/TowardsBNN/binaryneuralnet-asic-TTIHP26/src/classification_tree.sv:3636$1984'.
No latch inferred for signal `\classification_tree.\tree_39$func$/Users/marcandre/Desktop/Startup/TowardsBNN/binaryneuralnet-asic-TTIHP26/src/classification_tree.sv:3636$205.$result' from process `\classification_tree.$proc$/Users/marcandre/Desktop/Startup/TowardsBNN/binaryneuralnet-asic-TTIHP26/src/classification_tree.sv:3636$1984'.
No latch inferred for signal `\classification_tree.\tree_39$func$/Users/marcandre/Desktop/Startup/TowardsBNN/binaryneuralnet-asic-TTIHP26/src/classification_tree.sv:3636$205.emb' from process `\classification_tree.$proc$/Users/marcandre/Desktop/Startup/TowardsBNN/binaryneuralnet-asic-TTIHP26/src/classification_tree.sv:3636$1984'.
No latch inferred for signal `\classification_tree.\tree_29$func$/Users/marcandre/Desktop/Startup/TowardsBNN/binaryneuralnet-asic-TTIHP26/src/classification_tree.sv:3635$104.$result' from process `\classification_tree.$proc$/Users/marcandre/Desktop/Startup/TowardsBNN/binaryneuralnet-asic-TTIHP26/src/classification_tree.sv:3635$1966'.
No latch inferred for signal `\classification_tree.\tree_29$func$/Users/marcandre/Desktop/Startup/TowardsBNN/binaryneuralnet-asic-TTIHP26/src/classification_tree.sv:3635$204.$result' from process `\classification_tree.$proc$/Users/marcandre/Desktop/Startup/TowardsBNN/binaryneuralnet-asic-TTIHP26/src/classification_tree.sv:3635$1966'.
No latch inferred for signal `\classification_tree.\tree_29$func$/Users/marcandre/Desktop/Startup/TowardsBNN/binaryneuralnet-asic-TTIHP26/src/classification_tree.sv:3635$204.emb' from process `\classification_tree.$proc$/Users/marcandre/Desktop/Startup/TowardsBNN/binaryneuralnet-asic-TTIHP26/src/classification_tree.sv:3635$1966'.
No latch inferred for signal `\classification_tree.\tree_19$func$/Users/marcandre/Desktop/Startup/TowardsBNN/binaryneuralnet-asic-TTIHP26/src/classification_tree.sv:3634$103.$result' from process `\classification_tree.$proc$/Users/marcandre/Desktop/Startup/TowardsBNN/binaryneuralnet-asic-TTIHP26/src/classification_tree.sv:3634$1948'.
No latch inferred for signal `\classification_tree.\tree_19$func$/Users/marcandre/Desktop/Startup/TowardsBNN/binaryneuralnet-asic-TTIHP26/src/classification_tree.sv:3634$203.$result' from process `\classification_tree.$proc$/Users/marcandre/Desktop/Startup/TowardsBNN/binaryneuralnet-asic-TTIHP26/src/classification_tree.sv:3634$1948'.
No latch inferred for signal `\classification_tree.\tree_19$func$/Users/marcandre/Desktop/Startup/TowardsBNN/binaryneuralnet-asic-TTIHP26/src/classification_tree.sv:3634$203.emb' from process `\classification_tree.$proc$/Users/marcandre/Desktop/Startup/TowardsBNN/binaryneuralnet-asic-TTIHP26/src/classification_tree.sv:3634$1948'.
No latch inferred for signal `\classification_tree.\tree_9$func$/Users/marcandre/Desktop/Startup/TowardsBNN/binaryneuralnet-asic-TTIHP26/src/classification_tree.sv:3633$102.$result' from process `\classification_tree.$proc$/Users/marcandre/Desktop/Startup/TowardsBNN/binaryneuralnet-asic-TTIHP26/src/classification_tree.sv:3633$1930'.
No latch inferred for signal `\classification_tree.\tree_9$func$/Users/marcandre/Desktop/Startup/TowardsBNN/binaryneuralnet-asic-TTIHP26/src/classification_tree.sv:3633$202.$result' from process `\classification_tree.$proc$/Users/marcandre/Desktop/Startup/TowardsBNN/binaryneuralnet-asic-TTIHP26/src/classification_tree.sv:3633$1930'.
No latch inferred for signal `\classification_tree.\tree_9$func$/Users/marcandre/Desktop/Startup/TowardsBNN/binaryneuralnet-asic-TTIHP26/src/classification_tree.sv:3633$202.emb' from process `\classification_tree.$proc$/Users/marcandre/Desktop/Startup/TowardsBNN/binaryneuralnet-asic-TTIHP26/src/classification_tree.sv:3633$1930'.
No latch inferred for signal `\classification_tree.\tree_98$func$/Users/marcandre/Desktop/Startup/TowardsBNN/binaryneuralnet-asic-TTIHP26/src/classification_tree.sv:3630$101.$result' from process `\classification_tree.$proc$/Users/marcandre/Desktop/Startup/TowardsBNN/binaryneuralnet-asic-TTIHP26/src/classification_tree.sv:3630$1912'.
No latch inferred for signal `\classification_tree.\tree_98$func$/Users/marcandre/Desktop/Startup/TowardsBNN/binaryneuralnet-asic-TTIHP26/src/classification_tree.sv:3630$201.$result' from process `\classification_tree.$proc$/Users/marcandre/Desktop/Startup/TowardsBNN/binaryneuralnet-asic-TTIHP26/src/classification_tree.sv:3630$1912'.
No latch inferred for signal `\classification_tree.\tree_98$func$/Users/marcandre/Desktop/Startup/TowardsBNN/binaryneuralnet-asic-TTIHP26/src/classification_tree.sv:3630$201.emb' from process `\classification_tree.$proc$/Users/marcandre/Desktop/Startup/TowardsBNN/binaryneuralnet-asic-TTIHP26/src/classification_tree.sv:3630$1912'.
No latch inferred for signal `\classification_tree.\tree_88$func$/Users/marcandre/Desktop/Startup/TowardsBNN/binaryneuralnet-asic-TTIHP26/src/classification_tree.sv:3629$100.$result' from process `\classification_tree.$proc$/Users/marcandre/Desktop/Startup/TowardsBNN/binaryneuralnet-asic-TTIHP26/src/classification_tree.sv:3629$1894'.
No latch inferred for signal `\classification_tree.\tree_88$func$/Users/marcandre/Desktop/Startup/TowardsBNN/binaryneuralnet-asic-TTIHP26/src/classification_tree.sv:3629$200.$result' from process `\classification_tree.$proc$/Users/marcandre/Desktop/Startup/TowardsBNN/binaryneuralnet-asic-TTIHP26/src/classification_tree.sv:3629$1894'.
No latch inferred for signal `\classification_tree.\tree_88$func$/Users/marcandre/Desktop/Startup/TowardsBNN/binaryneuralnet-asic-TTIHP26/src/classification_tree.sv:3629$200.emb' from process `\classification_tree.$proc$/Users/marcandre/Desktop/Startup/TowardsBNN/binaryneuralnet-asic-TTIHP26/src/classification_tree.sv:3629$1894'.
No latch inferred for signal `\classification_tree.\tree_78$func$/Users/marcandre/Desktop/Startup/TowardsBNN/binaryneuralnet-asic-TTIHP26/src/classification_tree.sv:3628$99.$result' from process `\classification_tree.$proc$/Users/marcandre/Desktop/Startup/TowardsBNN/binaryneuralnet-asic-TTIHP26/src/classification_tree.sv:3628$1876'.
No latch inferred for signal `\classification_tree.\tree_78$func$/Users/marcandre/Desktop/Startup/TowardsBNN/binaryneuralnet-asic-TTIHP26/src/classification_tree.sv:3628$199.$result' from process `\classification_tree.$proc$/Users/marcandre/Desktop/Startup/TowardsBNN/binaryneuralnet-asic-TTIHP26/src/classification_tree.sv:3628$1876'.
No latch inferred for signal `\classification_tree.\tree_78$func$/Users/marcandre/Desktop/Startup/TowardsBNN/binaryneuralnet-asic-TTIHP26/src/classification_tree.sv:3628$199.emb' from process `\classification_tree.$proc$/Users/marcandre/Desktop/Startup/TowardsBNN/binaryneuralnet-asic-TTIHP26/src/classification_tree.sv:3628$1876'.
No latch inferred for signal `\classification_tree.\tree_68$func$/Users/marcandre/Desktop/Startup/TowardsBNN/binaryneuralnet-asic-TTIHP26/src/classification_tree.sv:3627$98.$result' from process `\classification_tree.$proc$/Users/marcandre/Desktop/Startup/TowardsBNN/binaryneuralnet-asic-TTIHP26/src/classification_tree.sv:3627$1858'.
No latch inferred for signal `\classification_tree.\tree_68$func$/Users/marcandre/Desktop/Startup/TowardsBNN/binaryneuralnet-asic-TTIHP26/src/classification_tree.sv:3627$198.$result' from process `\classification_tree.$proc$/Users/marcandre/Desktop/Startup/TowardsBNN/binaryneuralnet-asic-TTIHP26/src/classification_tree.sv:3627$1858'.
No latch inferred for signal `\classification_tree.\tree_68$func$/Users/marcandre/Desktop/Startup/TowardsBNN/binaryneuralnet-asic-TTIHP26/src/classification_tree.sv:3627$198.emb' from process `\classification_tree.$proc$/Users/marcandre/Desktop/Startup/TowardsBNN/binaryneuralnet-asic-TTIHP26/src/classification_tree.sv:3627$1858'.
No latch inferred for signal `\classification_tree.\tree_58$func$/Users/marcandre/Desktop/Startup/TowardsBNN/binaryneuralnet-asic-TTIHP26/src/classification_tree.sv:3626$97.$result' from process `\classification_tree.$proc$/Users/marcandre/Desktop/Startup/TowardsBNN/binaryneuralnet-asic-TTIHP26/src/classification_tree.sv:3626$1840'.
No latch inferred for signal `\classification_tree.\tree_58$func$/Users/marcandre/Desktop/Startup/TowardsBNN/binaryneuralnet-asic-TTIHP26/src/classification_tree.sv:3626$197.$result' from process `\classification_tree.$proc$/Users/marcandre/Desktop/Startup/TowardsBNN/binaryneuralnet-asic-TTIHP26/src/classification_tree.sv:3626$1840'.
No latch inferred for signal `\classification_tree.\tree_58$func$/Users/marcandre/Desktop/Startup/TowardsBNN/binaryneuralnet-asic-TTIHP26/src/classification_tree.sv:3626$197.emb' from process `\classification_tree.$proc$/Users/marcandre/Desktop/Startup/TowardsBNN/binaryneuralnet-asic-TTIHP26/src/classification_tree.sv:3626$1840'.
No latch inferred for signal `\classification_tree.\tree_48$func$/Users/marcandre/Desktop/Startup/TowardsBNN/binaryneuralnet-asic-TTIHP26/src/classification_tree.sv:3625$96.$result' from process `\classification_tree.$proc$/Users/marcandre/Desktop/Startup/TowardsBNN/binaryneuralnet-asic-TTIHP26/src/classification_tree.sv:3625$1822'.
No latch inferred for signal `\classification_tree.\tree_48$func$/Users/marcandre/Desktop/Startup/TowardsBNN/binaryneuralnet-asic-TTIHP26/src/classification_tree.sv:3625$196.$result' from process `\classification_tree.$proc$/Users/marcandre/Desktop/Startup/TowardsBNN/binaryneuralnet-asic-TTIHP26/src/classification_tree.sv:3625$1822'.
No latch inferred for signal `\classification_tree.\tree_48$func$/Users/marcandre/Desktop/Startup/TowardsBNN/binaryneuralnet-asic-TTIHP26/src/classification_tree.sv:3625$196.emb' from process `\classification_tree.$proc$/Users/marcandre/Desktop/Startup/TowardsBNN/binaryneuralnet-asic-TTIHP26/src/classification_tree.sv:3625$1822'.
No latch inferred for signal `\classification_tree.\tree_38$func$/Users/marcandre/Desktop/Startup/TowardsBNN/binaryneuralnet-asic-TTIHP26/src/classification_tree.sv:3624$95.$result' from process `\classification_tree.$proc$/Users/marcandre/Desktop/Startup/TowardsBNN/binaryneuralnet-asic-TTIHP26/src/classification_tree.sv:3624$1804'.
No latch inferred for signal `\classification_tree.\tree_38$func$/Users/marcandre/Desktop/Startup/TowardsBNN/binaryneuralnet-asic-TTIHP26/src/classification_tree.sv:3624$195.$result' from process `\classification_tree.$proc$/Users/marcandre/Desktop/Startup/TowardsBNN/binaryneuralnet-asic-TTIHP26/src/classification_tree.sv:3624$1804'.
No latch inferred for signal `\classification_tree.\tree_38$func$/Users/marcandre/Desktop/Startup/TowardsBNN/binaryneuralnet-asic-TTIHP26/src/classification_tree.sv:3624$195.emb' from process `\classification_tree.$proc$/Users/marcandre/Desktop/Startup/TowardsBNN/binaryneuralnet-asic-TTIHP26/src/classification_tree.sv:3624$1804'.
No latch inferred for signal `\classification_tree.\tree_28$func$/Users/marcandre/Desktop/Startup/TowardsBNN/binaryneuralnet-asic-TTIHP26/src/classification_tree.sv:3623$94.$result' from process `\classification_tree.$proc$/Users/marcandre/Desktop/Startup/TowardsBNN/binaryneuralnet-asic-TTIHP26/src/classification_tree.sv:3623$1786'.
No latch inferred for signal `\classification_tree.\tree_28$func$/Users/marcandre/Desktop/Startup/TowardsBNN/binaryneuralnet-asic-TTIHP26/src/classification_tree.sv:3623$194.$result' from process `\classification_tree.$proc$/Users/marcandre/Desktop/Startup/TowardsBNN/binaryneuralnet-asic-TTIHP26/src/classification_tree.sv:3623$1786'.
No latch inferred for signal `\classification_tree.\tree_28$func$/Users/marcandre/Desktop/Startup/TowardsBNN/binaryneuralnet-asic-TTIHP26/src/classification_tree.sv:3623$194.emb' from process `\classification_tree.$proc$/Users/marcandre/Desktop/Startup/TowardsBNN/binaryneuralnet-asic-TTIHP26/src/classification_tree.sv:3623$1786'.
No latch inferred for signal `\classification_tree.\tree_18$func$/Users/marcandre/Desktop/Startup/TowardsBNN/binaryneuralnet-asic-TTIHP26/src/classification_tree.sv:3622$93.$result' from process `\classification_tree.$proc$/Users/marcandre/Desktop/Startup/TowardsBNN/binaryneuralnet-asic-TTIHP26/src/classification_tree.sv:3622$1768'.
No latch inferred for signal `\classification_tree.\tree_18$func$/Users/marcandre/Desktop/Startup/TowardsBNN/binaryneuralnet-asic-TTIHP26/src/classification_tree.sv:3622$193.$result' from process `\classification_tree.$proc$/Users/marcandre/Desktop/Startup/TowardsBNN/binaryneuralnet-asic-TTIHP26/src/classification_tree.sv:3622$1768'.
No latch inferred for signal `\classification_tree.\tree_18$func$/Users/marcandre/Desktop/Startup/TowardsBNN/binaryneuralnet-asic-TTIHP26/src/classification_tree.sv:3622$193.emb' from process `\classification_tree.$proc$/Users/marcandre/Desktop/Startup/TowardsBNN/binaryneuralnet-asic-TTIHP26/src/classification_tree.sv:3622$1768'.
No latch inferred for signal `\classification_tree.\tree_8$func$/Users/marcandre/Desktop/Startup/TowardsBNN/binaryneuralnet-asic-TTIHP26/src/classification_tree.sv:3621$92.$result' from process `\classification_tree.$proc$/Users/marcandre/Desktop/Startup/TowardsBNN/binaryneuralnet-asic-TTIHP26/src/classification_tree.sv:3621$1750'.
No latch inferred for signal `\classification_tree.\tree_8$func$/Users/marcandre/Desktop/Startup/TowardsBNN/binaryneuralnet-asic-TTIHP26/src/classification_tree.sv:3621$192.$result' from process `\classification_tree.$proc$/Users/marcandre/Desktop/Startup/TowardsBNN/binaryneuralnet-asic-TTIHP26/src/classification_tree.sv:3621$1750'.
No latch inferred for signal `\classification_tree.\tree_8$func$/Users/marcandre/Desktop/Startup/TowardsBNN/binaryneuralnet-asic-TTIHP26/src/classification_tree.sv:3621$192.emb' from process `\classification_tree.$proc$/Users/marcandre/Desktop/Startup/TowardsBNN/binaryneuralnet-asic-TTIHP26/src/classification_tree.sv:3621$1750'.
No latch inferred for signal `\classification_tree.\tree_97$func$/Users/marcandre/Desktop/Startup/TowardsBNN/binaryneuralnet-asic-TTIHP26/src/classification_tree.sv:3618$91.$result' from process `\classification_tree.$proc$/Users/marcandre/Desktop/Startup/TowardsBNN/binaryneuralnet-asic-TTIHP26/src/classification_tree.sv:3618$1732'.
No latch inferred for signal `\classification_tree.\tree_97$func$/Users/marcandre/Desktop/Startup/TowardsBNN/binaryneuralnet-asic-TTIHP26/src/classification_tree.sv:3618$191.$result' from process `\classification_tree.$proc$/Users/marcandre/Desktop/Startup/TowardsBNN/binaryneuralnet-asic-TTIHP26/src/classification_tree.sv:3618$1732'.
No latch inferred for signal `\classification_tree.\tree_97$func$/Users/marcandre/Desktop/Startup/TowardsBNN/binaryneuralnet-asic-TTIHP26/src/classification_tree.sv:3618$191.emb' from process `\classification_tree.$proc$/Users/marcandre/Desktop/Startup/TowardsBNN/binaryneuralnet-asic-TTIHP26/src/classification_tree.sv:3618$1732'.
No latch inferred for signal `\classification_tree.\tree_87$func$/Users/marcandre/Desktop/Startup/TowardsBNN/binaryneuralnet-asic-TTIHP26/src/classification_tree.sv:3617$90.$result' from process `\classification_tree.$proc$/Users/marcandre/Desktop/Startup/TowardsBNN/binaryneuralnet-asic-TTIHP26/src/classification_tree.sv:3617$1714'.
No latch inferred for signal `\classification_tree.\tree_87$func$/Users/marcandre/Desktop/Startup/TowardsBNN/binaryneuralnet-asic-TTIHP26/src/classification_tree.sv:3617$190.$result' from process `\classification_tree.$proc$/Users/marcandre/Desktop/Startup/TowardsBNN/binaryneuralnet-asic-TTIHP26/src/classification_tree.sv:3617$1714'.
No latch inferred for signal `\classification_tree.\tree_87$func$/Users/marcandre/Desktop/Startup/TowardsBNN/binaryneuralnet-asic-TTIHP26/src/classification_tree.sv:3617$190.emb' from process `\classification_tree.$proc$/Users/marcandre/Desktop/Startup/TowardsBNN/binaryneuralnet-asic-TTIHP26/src/classification_tree.sv:3617$1714'.
No latch inferred for signal `\classification_tree.\tree_77$func$/Users/marcandre/Desktop/Startup/TowardsBNN/binaryneuralnet-asic-TTIHP26/src/classification_tree.sv:3616$89.$result' from process `\classification_tree.$proc$/Users/marcandre/Desktop/Startup/TowardsBNN/binaryneuralnet-asic-TTIHP26/src/classification_tree.sv:3616$1696'.
No latch inferred for signal `\classification_tree.\tree_77$func$/Users/marcandre/Desktop/Startup/TowardsBNN/binaryneuralnet-asic-TTIHP26/src/classification_tree.sv:3616$189.$result' from process `\classification_tree.$proc$/Users/marcandre/Desktop/Startup/TowardsBNN/binaryneuralnet-asic-TTIHP26/src/classification_tree.sv:3616$1696'.
No latch inferred for signal `\classification_tree.\tree_77$func$/Users/marcandre/Desktop/Startup/TowardsBNN/binaryneuralnet-asic-TTIHP26/src/classification_tree.sv:3616$189.emb' from process `\classification_tree.$proc$/Users/marcandre/Desktop/Startup/TowardsBNN/binaryneuralnet-asic-TTIHP26/src/classification_tree.sv:3616$1696'.
No latch inferred for signal `\classification_tree.\tree_67$func$/Users/marcandre/Desktop/Startup/TowardsBNN/binaryneuralnet-asic-TTIHP26/src/classification_tree.sv:3615$88.$result' from process `\classification_tree.$proc$/Users/marcandre/Desktop/Startup/TowardsBNN/binaryneuralnet-asic-TTIHP26/src/classification_tree.sv:3615$1678'.
No latch inferred for signal `\classification_tree.\tree_67$func$/Users/marcandre/Desktop/Startup/TowardsBNN/binaryneuralnet-asic-TTIHP26/src/classification_tree.sv:3615$188.$result' from process `\classification_tree.$proc$/Users/marcandre/Desktop/Startup/TowardsBNN/binaryneuralnet-asic-TTIHP26/src/classification_tree.sv:3615$1678'.
No latch inferred for signal `\classification_tree.\tree_67$func$/Users/marcandre/Desktop/Startup/TowardsBNN/binaryneuralnet-asic-TTIHP26/src/classification_tree.sv:3615$188.emb' from process `\classification_tree.$proc$/Users/marcandre/Desktop/Startup/TowardsBNN/binaryneuralnet-asic-TTIHP26/src/classification_tree.sv:3615$1678'.
No latch inferred for signal `\classification_tree.\tree_57$func$/Users/marcandre/Desktop/Startup/TowardsBNN/binaryneuralnet-asic-TTIHP26/src/classification_tree.sv:3614$87.$result' from process `\classification_tree.$proc$/Users/marcandre/Desktop/Startup/TowardsBNN/binaryneuralnet-asic-TTIHP26/src/classification_tree.sv:3614$1660'.
No latch inferred for signal `\classification_tree.\tree_57$func$/Users/marcandre/Desktop/Startup/TowardsBNN/binaryneuralnet-asic-TTIHP26/src/classification_tree.sv:3614$187.$result' from process `\classification_tree.$proc$/Users/marcandre/Desktop/Startup/TowardsBNN/binaryneuralnet-asic-TTIHP26/src/classification_tree.sv:3614$1660'.
No latch inferred for signal `\classification_tree.\tree_57$func$/Users/marcandre/Desktop/Startup/TowardsBNN/binaryneuralnet-asic-TTIHP26/src/classification_tree.sv:3614$187.emb' from process `\classification_tree.$proc$/Users/marcandre/Desktop/Startup/TowardsBNN/binaryneuralnet-asic-TTIHP26/src/classification_tree.sv:3614$1660'.
No latch inferred for signal `\classification_tree.\tree_47$func$/Users/marcandre/Desktop/Startup/TowardsBNN/binaryneuralnet-asic-TTIHP26/src/classification_tree.sv:3613$86.$result' from process `\classification_tree.$proc$/Users/marcandre/Desktop/Startup/TowardsBNN/binaryneuralnet-asic-TTIHP26/src/classification_tree.sv:3613$1642'.
No latch inferred for signal `\classification_tree.\tree_47$func$/Users/marcandre/Desktop/Startup/TowardsBNN/binaryneuralnet-asic-TTIHP26/src/classification_tree.sv:3613$186.$result' from process `\classification_tree.$proc$/Users/marcandre/Desktop/Startup/TowardsBNN/binaryneuralnet-asic-TTIHP26/src/classification_tree.sv:3613$1642'.
No latch inferred for signal `\classification_tree.\tree_47$func$/Users/marcandre/Desktop/Startup/TowardsBNN/binaryneuralnet-asic-TTIHP26/src/classification_tree.sv:3613$186.emb' from process `\classification_tree.$proc$/Users/marcandre/Desktop/Startup/TowardsBNN/binaryneuralnet-asic-TTIHP26/src/classification_tree.sv:3613$1642'.
No latch inferred for signal `\classification_tree.\tree_37$func$/Users/marcandre/Desktop/Startup/TowardsBNN/binaryneuralnet-asic-TTIHP26/src/classification_tree.sv:3612$85.$result' from process `\classification_tree.$proc$/Users/marcandre/Desktop/Startup/TowardsBNN/binaryneuralnet-asic-TTIHP26/src/classification_tree.sv:3612$1624'.
No latch inferred for signal `\classification_tree.\tree_37$func$/Users/marcandre/Desktop/Startup/TowardsBNN/binaryneuralnet-asic-TTIHP26/src/classification_tree.sv:3612$185.$result' from process `\classification_tree.$proc$/Users/marcandre/Desktop/Startup/TowardsBNN/binaryneuralnet-asic-TTIHP26/src/classification_tree.sv:3612$1624'.
No latch inferred for signal `\classification_tree.\tree_37$func$/Users/marcandre/Desktop/Startup/TowardsBNN/binaryneuralnet-asic-TTIHP26/src/classification_tree.sv:3612$185.emb' from process `\classification_tree.$proc$/Users/marcandre/Desktop/Startup/TowardsBNN/binaryneuralnet-asic-TTIHP26/src/classification_tree.sv:3612$1624'.
No latch inferred for signal `\classification_tree.\tree_27$func$/Users/marcandre/Desktop/Startup/TowardsBNN/binaryneuralnet-asic-TTIHP26/src/classification_tree.sv:3611$84.$result' from process `\classification_tree.$proc$/Users/marcandre/Desktop/Startup/TowardsBNN/binaryneuralnet-asic-TTIHP26/src/classification_tree.sv:3611$1606'.
No latch inferred for signal `\classification_tree.\tree_27$func$/Users/marcandre/Desktop/Startup/TowardsBNN/binaryneuralnet-asic-TTIHP26/src/classification_tree.sv:3611$184.$result' from process `\classification_tree.$proc$/Users/marcandre/Desktop/Startup/TowardsBNN/binaryneuralnet-asic-TTIHP26/src/classification_tree.sv:3611$1606'.
No latch inferred for signal `\classification_tree.\tree_27$func$/Users/marcandre/Desktop/Startup/TowardsBNN/binaryneuralnet-asic-TTIHP26/src/classification_tree.sv:3611$184.emb' from process `\classification_tree.$proc$/Users/marcandre/Desktop/Startup/TowardsBNN/binaryneuralnet-asic-TTIHP26/src/classification_tree.sv:3611$1606'.
No latch inferred for signal `\classification_tree.\tree_17$func$/Users/marcandre/Desktop/Startup/TowardsBNN/binaryneuralnet-asic-TTIHP26/src/classification_tree.sv:3610$83.$result' from process `\classification_tree.$proc$/Users/marcandre/Desktop/Startup/TowardsBNN/binaryneuralnet-asic-TTIHP26/src/classification_tree.sv:3610$1588'.
No latch inferred for signal `\classification_tree.\tree_17$func$/Users/marcandre/Desktop/Startup/TowardsBNN/binaryneuralnet-asic-TTIHP26/src/classification_tree.sv:3610$183.$result' from process `\classification_tree.$proc$/Users/marcandre/Desktop/Startup/TowardsBNN/binaryneuralnet-asic-TTIHP26/src/classification_tree.sv:3610$1588'.
No latch inferred for signal `\classification_tree.\tree_17$func$/Users/marcandre/Desktop/Startup/TowardsBNN/binaryneuralnet-asic-TTIHP26/src/classification_tree.sv:3610$183.emb' from process `\classification_tree.$proc$/Users/marcandre/Desktop/Startup/TowardsBNN/binaryneuralnet-asic-TTIHP26/src/classification_tree.sv:3610$1588'.
No latch inferred for signal `\classification_tree.\tree_7$func$/Users/marcandre/Desktop/Startup/TowardsBNN/binaryneuralnet-asic-TTIHP26/src/classification_tree.sv:3609$82.$result' from process `\classification_tree.$proc$/Users/marcandre/Desktop/Startup/TowardsBNN/binaryneuralnet-asic-TTIHP26/src/classification_tree.sv:3609$1570'.
No latch inferred for signal `\classification_tree.\tree_7$func$/Users/marcandre/Desktop/Startup/TowardsBNN/binaryneuralnet-asic-TTIHP26/src/classification_tree.sv:3609$182.$result' from process `\classification_tree.$proc$/Users/marcandre/Desktop/Startup/TowardsBNN/binaryneuralnet-asic-TTIHP26/src/classification_tree.sv:3609$1570'.
No latch inferred for signal `\classification_tree.\tree_7$func$/Users/marcandre/Desktop/Startup/TowardsBNN/binaryneuralnet-asic-TTIHP26/src/classification_tree.sv:3609$182.emb' from process `\classification_tree.$proc$/Users/marcandre/Desktop/Startup/TowardsBNN/binaryneuralnet-asic-TTIHP26/src/classification_tree.sv:3609$1570'.
No latch inferred for signal `\classification_tree.\tree_96$func$/Users/marcandre/Desktop/Startup/TowardsBNN/binaryneuralnet-asic-TTIHP26/src/classification_tree.sv:3606$81.$result' from process `\classification_tree.$proc$/Users/marcandre/Desktop/Startup/TowardsBNN/binaryneuralnet-asic-TTIHP26/src/classification_tree.sv:3606$1552'.
No latch inferred for signal `\classification_tree.\tree_96$func$/Users/marcandre/Desktop/Startup/TowardsBNN/binaryneuralnet-asic-TTIHP26/src/classification_tree.sv:3606$181.$result' from process `\classification_tree.$proc$/Users/marcandre/Desktop/Startup/TowardsBNN/binaryneuralnet-asic-TTIHP26/src/classification_tree.sv:3606$1552'.
No latch inferred for signal `\classification_tree.\tree_96$func$/Users/marcandre/Desktop/Startup/TowardsBNN/binaryneuralnet-asic-TTIHP26/src/classification_tree.sv:3606$181.emb' from process `\classification_tree.$proc$/Users/marcandre/Desktop/Startup/TowardsBNN/binaryneuralnet-asic-TTIHP26/src/classification_tree.sv:3606$1552'.
No latch inferred for signal `\classification_tree.\tree_86$func$/Users/marcandre/Desktop/Startup/TowardsBNN/binaryneuralnet-asic-TTIHP26/src/classification_tree.sv:3605$80.$result' from process `\classification_tree.$proc$/Users/marcandre/Desktop/Startup/TowardsBNN/binaryneuralnet-asic-TTIHP26/src/classification_tree.sv:3605$1534'.
No latch inferred for signal `\classification_tree.\tree_86$func$/Users/marcandre/Desktop/Startup/TowardsBNN/binaryneuralnet-asic-TTIHP26/src/classification_tree.sv:3605$180.$result' from process `\classification_tree.$proc$/Users/marcandre/Desktop/Startup/TowardsBNN/binaryneuralnet-asic-TTIHP26/src/classification_tree.sv:3605$1534'.
No latch inferred for signal `\classification_tree.\tree_86$func$/Users/marcandre/Desktop/Startup/TowardsBNN/binaryneuralnet-asic-TTIHP26/src/classification_tree.sv:3605$180.emb' from process `\classification_tree.$proc$/Users/marcandre/Desktop/Startup/TowardsBNN/binaryneuralnet-asic-TTIHP26/src/classification_tree.sv:3605$1534'.
No latch inferred for signal `\classification_tree.\tree_76$func$/Users/marcandre/Desktop/Startup/TowardsBNN/binaryneuralnet-asic-TTIHP26/src/classification_tree.sv:3604$79.$result' from process `\classification_tree.$proc$/Users/marcandre/Desktop/Startup/TowardsBNN/binaryneuralnet-asic-TTIHP26/src/classification_tree.sv:3604$1516'.
No latch inferred for signal `\classification_tree.\tree_76$func$/Users/marcandre/Desktop/Startup/TowardsBNN/binaryneuralnet-asic-TTIHP26/src/classification_tree.sv:3604$179.$result' from process `\classification_tree.$proc$/Users/marcandre/Desktop/Startup/TowardsBNN/binaryneuralnet-asic-TTIHP26/src/classification_tree.sv:3604$1516'.
No latch inferred for signal `\classification_tree.\tree_76$func$/Users/marcandre/Desktop/Startup/TowardsBNN/binaryneuralnet-asic-TTIHP26/src/classification_tree.sv:3604$179.emb' from process `\classification_tree.$proc$/Users/marcandre/Desktop/Startup/TowardsBNN/binaryneuralnet-asic-TTIHP26/src/classification_tree.sv:3604$1516'.
No latch inferred for signal `\classification_tree.\tree_66$func$/Users/marcandre/Desktop/Startup/TowardsBNN/binaryneuralnet-asic-TTIHP26/src/classification_tree.sv:3603$78.$result' from process `\classification_tree.$proc$/Users/marcandre/Desktop/Startup/TowardsBNN/binaryneuralnet-asic-TTIHP26/src/classification_tree.sv:3603$1498'.
No latch inferred for signal `\classification_tree.\tree_66$func$/Users/marcandre/Desktop/Startup/TowardsBNN/binaryneuralnet-asic-TTIHP26/src/classification_tree.sv:3603$178.$result' from process `\classification_tree.$proc$/Users/marcandre/Desktop/Startup/TowardsBNN/binaryneuralnet-asic-TTIHP26/src/classification_tree.sv:3603$1498'.
No latch inferred for signal `\classification_tree.\tree_66$func$/Users/marcandre/Desktop/Startup/TowardsBNN/binaryneuralnet-asic-TTIHP26/src/classification_tree.sv:3603$178.emb' from process `\classification_tree.$proc$/Users/marcandre/Desktop/Startup/TowardsBNN/binaryneuralnet-asic-TTIHP26/src/classification_tree.sv:3603$1498'.
No latch inferred for signal `\classification_tree.\tree_56$func$/Users/marcandre/Desktop/Startup/TowardsBNN/binaryneuralnet-asic-TTIHP26/src/classification_tree.sv:3602$77.$result' from process `\classification_tree.$proc$/Users/marcandre/Desktop/Startup/TowardsBNN/binaryneuralnet-asic-TTIHP26/src/classification_tree.sv:3602$1480'.
No latch inferred for signal `\classification_tree.\tree_56$func$/Users/marcandre/Desktop/Startup/TowardsBNN/binaryneuralnet-asic-TTIHP26/src/classification_tree.sv:3602$177.$result' from process `\classification_tree.$proc$/Users/marcandre/Desktop/Startup/TowardsBNN/binaryneuralnet-asic-TTIHP26/src/classification_tree.sv:3602$1480'.
No latch inferred for signal `\classification_tree.\tree_56$func$/Users/marcandre/Desktop/Startup/TowardsBNN/binaryneuralnet-asic-TTIHP26/src/classification_tree.sv:3602$177.emb' from process `\classification_tree.$proc$/Users/marcandre/Desktop/Startup/TowardsBNN/binaryneuralnet-asic-TTIHP26/src/classification_tree.sv:3602$1480'.
No latch inferred for signal `\classification_tree.\tree_46$func$/Users/marcandre/Desktop/Startup/TowardsBNN/binaryneuralnet-asic-TTIHP26/src/classification_tree.sv:3601$76.$result' from process `\classification_tree.$proc$/Users/marcandre/Desktop/Startup/TowardsBNN/binaryneuralnet-asic-TTIHP26/src/classification_tree.sv:3601$1462'.
No latch inferred for signal `\classification_tree.\tree_46$func$/Users/marcandre/Desktop/Startup/TowardsBNN/binaryneuralnet-asic-TTIHP26/src/classification_tree.sv:3601$176.$result' from process `\classification_tree.$proc$/Users/marcandre/Desktop/Startup/TowardsBNN/binaryneuralnet-asic-TTIHP26/src/classification_tree.sv:3601$1462'.
No latch inferred for signal `\classification_tree.\tree_46$func$/Users/marcandre/Desktop/Startup/TowardsBNN/binaryneuralnet-asic-TTIHP26/src/classification_tree.sv:3601$176.emb' from process `\classification_tree.$proc$/Users/marcandre/Desktop/Startup/TowardsBNN/binaryneuralnet-asic-TTIHP26/src/classification_tree.sv:3601$1462'.
No latch inferred for signal `\classification_tree.\tree_36$func$/Users/marcandre/Desktop/Startup/TowardsBNN/binaryneuralnet-asic-TTIHP26/src/classification_tree.sv:3600$75.$result' from process `\classification_tree.$proc$/Users/marcandre/Desktop/Startup/TowardsBNN/binaryneuralnet-asic-TTIHP26/src/classification_tree.sv:3600$1444'.
No latch inferred for signal `\classification_tree.\tree_36$func$/Users/marcandre/Desktop/Startup/TowardsBNN/binaryneuralnet-asic-TTIHP26/src/classification_tree.sv:3600$175.$result' from process `\classification_tree.$proc$/Users/marcandre/Desktop/Startup/TowardsBNN/binaryneuralnet-asic-TTIHP26/src/classification_tree.sv:3600$1444'.
No latch inferred for signal `\classification_tree.\tree_36$func$/Users/marcandre/Desktop/Startup/TowardsBNN/binaryneuralnet-asic-TTIHP26/src/classification_tree.sv:3600$175.emb' from process `\classification_tree.$proc$/Users/marcandre/Desktop/Startup/TowardsBNN/binaryneuralnet-asic-TTIHP26/src/classification_tree.sv:3600$1444'.
No latch inferred for signal `\classification_tree.\tree_26$func$/Users/marcandre/Desktop/Startup/TowardsBNN/binaryneuralnet-asic-TTIHP26/src/classification_tree.sv:3599$74.$result' from process `\classification_tree.$proc$/Users/marcandre/Desktop/Startup/TowardsBNN/binaryneuralnet-asic-TTIHP26/src/classification_tree.sv:3599$1426'.
No latch inferred for signal `\classification_tree.\tree_26$func$/Users/marcandre/Desktop/Startup/TowardsBNN/binaryneuralnet-asic-TTIHP26/src/classification_tree.sv:3599$174.$result' from process `\classification_tree.$proc$/Users/marcandre/Desktop/Startup/TowardsBNN/binaryneuralnet-asic-TTIHP26/src/classification_tree.sv:3599$1426'.
No latch inferred for signal `\classification_tree.\tree_26$func$/Users/marcandre/Desktop/Startup/TowardsBNN/binaryneuralnet-asic-TTIHP26/src/classification_tree.sv:3599$174.emb' from process `\classification_tree.$proc$/Users/marcandre/Desktop/Startup/TowardsBNN/binaryneuralnet-asic-TTIHP26/src/classification_tree.sv:3599$1426'.
No latch inferred for signal `\classification_tree.\tree_16$func$/Users/marcandre/Desktop/Startup/TowardsBNN/binaryneuralnet-asic-TTIHP26/src/classification_tree.sv:3598$73.$result' from process `\classification_tree.$proc$/Users/marcandre/Desktop/Startup/TowardsBNN/binaryneuralnet-asic-TTIHP26/src/classification_tree.sv:3598$1408'.
No latch inferred for signal `\classification_tree.\tree_16$func$/Users/marcandre/Desktop/Startup/TowardsBNN/binaryneuralnet-asic-TTIHP26/src/classification_tree.sv:3598$173.$result' from process `\classification_tree.$proc$/Users/marcandre/Desktop/Startup/TowardsBNN/binaryneuralnet-asic-TTIHP26/src/classification_tree.sv:3598$1408'.
No latch inferred for signal `\classification_tree.\tree_16$func$/Users/marcandre/Desktop/Startup/TowardsBNN/binaryneuralnet-asic-TTIHP26/src/classification_tree.sv:3598$173.emb' from process `\classification_tree.$proc$/Users/marcandre/Desktop/Startup/TowardsBNN/binaryneuralnet-asic-TTIHP26/src/classification_tree.sv:3598$1408'.
No latch inferred for signal `\classification_tree.\tree_6$func$/Users/marcandre/Desktop/Startup/TowardsBNN/binaryneuralnet-asic-TTIHP26/src/classification_tree.sv:3597$72.$result' from process `\classification_tree.$proc$/Users/marcandre/Desktop/Startup/TowardsBNN/binaryneuralnet-asic-TTIHP26/src/classification_tree.sv:3597$1390'.
No latch inferred for signal `\classification_tree.\tree_6$func$/Users/marcandre/Desktop/Startup/TowardsBNN/binaryneuralnet-asic-TTIHP26/src/classification_tree.sv:3597$172.$result' from process `\classification_tree.$proc$/Users/marcandre/Desktop/Startup/TowardsBNN/binaryneuralnet-asic-TTIHP26/src/classification_tree.sv:3597$1390'.
No latch inferred for signal `\classification_tree.\tree_6$func$/Users/marcandre/Desktop/Startup/TowardsBNN/binaryneuralnet-asic-TTIHP26/src/classification_tree.sv:3597$172.emb' from process `\classification_tree.$proc$/Users/marcandre/Desktop/Startup/TowardsBNN/binaryneuralnet-asic-TTIHP26/src/classification_tree.sv:3597$1390'.
No latch inferred for signal `\classification_tree.\tree_95$func$/Users/marcandre/Desktop/Startup/TowardsBNN/binaryneuralnet-asic-TTIHP26/src/classification_tree.sv:3594$71.$result' from process `\classification_tree.$proc$/Users/marcandre/Desktop/Startup/TowardsBNN/binaryneuralnet-asic-TTIHP26/src/classification_tree.sv:3594$1372'.
No latch inferred for signal `\classification_tree.\tree_95$func$/Users/marcandre/Desktop/Startup/TowardsBNN/binaryneuralnet-asic-TTIHP26/src/classification_tree.sv:3594$171.$result' from process `\classification_tree.$proc$/Users/marcandre/Desktop/Startup/TowardsBNN/binaryneuralnet-asic-TTIHP26/src/classification_tree.sv:3594$1372'.
No latch inferred for signal `\classification_tree.\tree_95$func$/Users/marcandre/Desktop/Startup/TowardsBNN/binaryneuralnet-asic-TTIHP26/src/classification_tree.sv:3594$171.emb' from process `\classification_tree.$proc$/Users/marcandre/Desktop/Startup/TowardsBNN/binaryneuralnet-asic-TTIHP26/src/classification_tree.sv:3594$1372'.
No latch inferred for signal `\classification_tree.\tree_85$func$/Users/marcandre/Desktop/Startup/TowardsBNN/binaryneuralnet-asic-TTIHP26/src/classification_tree.sv:3593$70.$result' from process `\classification_tree.$proc$/Users/marcandre/Desktop/Startup/TowardsBNN/binaryneuralnet-asic-TTIHP26/src/classification_tree.sv:3593$1354'.
No latch inferred for signal `\classification_tree.\tree_85$func$/Users/marcandre/Desktop/Startup/TowardsBNN/binaryneuralnet-asic-TTIHP26/src/classification_tree.sv:3593$170.$result' from process `\classification_tree.$proc$/Users/marcandre/Desktop/Startup/TowardsBNN/binaryneuralnet-asic-TTIHP26/src/classification_tree.sv:3593$1354'.
No latch inferred for signal `\classification_tree.\tree_85$func$/Users/marcandre/Desktop/Startup/TowardsBNN/binaryneuralnet-asic-TTIHP26/src/classification_tree.sv:3593$170.emb' from process `\classification_tree.$proc$/Users/marcandre/Desktop/Startup/TowardsBNN/binaryneuralnet-asic-TTIHP26/src/classification_tree.sv:3593$1354'.
No latch inferred for signal `\classification_tree.\tree_75$func$/Users/marcandre/Desktop/Startup/TowardsBNN/binaryneuralnet-asic-TTIHP26/src/classification_tree.sv:3592$69.$result' from process `\classification_tree.$proc$/Users/marcandre/Desktop/Startup/TowardsBNN/binaryneuralnet-asic-TTIHP26/src/classification_tree.sv:3592$1336'.
No latch inferred for signal `\classification_tree.\tree_75$func$/Users/marcandre/Desktop/Startup/TowardsBNN/binaryneuralnet-asic-TTIHP26/src/classification_tree.sv:3592$169.$result' from process `\classification_tree.$proc$/Users/marcandre/Desktop/Startup/TowardsBNN/binaryneuralnet-asic-TTIHP26/src/classification_tree.sv:3592$1336'.
No latch inferred for signal `\classification_tree.\tree_75$func$/Users/marcandre/Desktop/Startup/TowardsBNN/binaryneuralnet-asic-TTIHP26/src/classification_tree.sv:3592$169.emb' from process `\classification_tree.$proc$/Users/marcandre/Desktop/Startup/TowardsBNN/binaryneuralnet-asic-TTIHP26/src/classification_tree.sv:3592$1336'.
No latch inferred for signal `\classification_tree.\tree_65$func$/Users/marcandre/Desktop/Startup/TowardsBNN/binaryneuralnet-asic-TTIHP26/src/classification_tree.sv:3591$68.$result' from process `\classification_tree.$proc$/Users/marcandre/Desktop/Startup/TowardsBNN/binaryneuralnet-asic-TTIHP26/src/classification_tree.sv:3591$1318'.
No latch inferred for signal `\classification_tree.\tree_65$func$/Users/marcandre/Desktop/Startup/TowardsBNN/binaryneuralnet-asic-TTIHP26/src/classification_tree.sv:3591$168.$result' from process `\classification_tree.$proc$/Users/marcandre/Desktop/Startup/TowardsBNN/binaryneuralnet-asic-TTIHP26/src/classification_tree.sv:3591$1318'.
No latch inferred for signal `\classification_tree.\tree_65$func$/Users/marcandre/Desktop/Startup/TowardsBNN/binaryneuralnet-asic-TTIHP26/src/classification_tree.sv:3591$168.emb' from process `\classification_tree.$proc$/Users/marcandre/Desktop/Startup/TowardsBNN/binaryneuralnet-asic-TTIHP26/src/classification_tree.sv:3591$1318'.
No latch inferred for signal `\classification_tree.\tree_55$func$/Users/marcandre/Desktop/Startup/TowardsBNN/binaryneuralnet-asic-TTIHP26/src/classification_tree.sv:3590$67.$result' from process `\classification_tree.$proc$/Users/marcandre/Desktop/Startup/TowardsBNN/binaryneuralnet-asic-TTIHP26/src/classification_tree.sv:3590$1300'.
No latch inferred for signal `\classification_tree.\tree_55$func$/Users/marcandre/Desktop/Startup/TowardsBNN/binaryneuralnet-asic-TTIHP26/src/classification_tree.sv:3590$167.$result' from process `\classification_tree.$proc$/Users/marcandre/Desktop/Startup/TowardsBNN/binaryneuralnet-asic-TTIHP26/src/classification_tree.sv:3590$1300'.
No latch inferred for signal `\classification_tree.\tree_55$func$/Users/marcandre/Desktop/Startup/TowardsBNN/binaryneuralnet-asic-TTIHP26/src/classification_tree.sv:3590$167.emb' from process `\classification_tree.$proc$/Users/marcandre/Desktop/Startup/TowardsBNN/binaryneuralnet-asic-TTIHP26/src/classification_tree.sv:3590$1300'.
No latch inferred for signal `\classification_tree.\tree_45$func$/Users/marcandre/Desktop/Startup/TowardsBNN/binaryneuralnet-asic-TTIHP26/src/classification_tree.sv:3589$66.$result' from process `\classification_tree.$proc$/Users/marcandre/Desktop/Startup/TowardsBNN/binaryneuralnet-asic-TTIHP26/src/classification_tree.sv:3589$1282'.
No latch inferred for signal `\classification_tree.\tree_45$func$/Users/marcandre/Desktop/Startup/TowardsBNN/binaryneuralnet-asic-TTIHP26/src/classification_tree.sv:3589$166.$result' from process `\classification_tree.$proc$/Users/marcandre/Desktop/Startup/TowardsBNN/binaryneuralnet-asic-TTIHP26/src/classification_tree.sv:3589$1282'.
No latch inferred for signal `\classification_tree.\tree_45$func$/Users/marcandre/Desktop/Startup/TowardsBNN/binaryneuralnet-asic-TTIHP26/src/classification_tree.sv:3589$166.emb' from process `\classification_tree.$proc$/Users/marcandre/Desktop/Startup/TowardsBNN/binaryneuralnet-asic-TTIHP26/src/classification_tree.sv:3589$1282'.
No latch inferred for signal `\classification_tree.\tree_35$func$/Users/marcandre/Desktop/Startup/TowardsBNN/binaryneuralnet-asic-TTIHP26/src/classification_tree.sv:3588$65.$result' from process `\classification_tree.$proc$/Users/marcandre/Desktop/Startup/TowardsBNN/binaryneuralnet-asic-TTIHP26/src/classification_tree.sv:3588$1264'.
No latch inferred for signal `\classification_tree.\tree_35$func$/Users/marcandre/Desktop/Startup/TowardsBNN/binaryneuralnet-asic-TTIHP26/src/classification_tree.sv:3588$165.$result' from process `\classification_tree.$proc$/Users/marcandre/Desktop/Startup/TowardsBNN/binaryneuralnet-asic-TTIHP26/src/classification_tree.sv:3588$1264'.
No latch inferred for signal `\classification_tree.\tree_35$func$/Users/marcandre/Desktop/Startup/TowardsBNN/binaryneuralnet-asic-TTIHP26/src/classification_tree.sv:3588$165.emb' from process `\classification_tree.$proc$/Users/marcandre/Desktop/Startup/TowardsBNN/binaryneuralnet-asic-TTIHP26/src/classification_tree.sv:3588$1264'.
No latch inferred for signal `\classification_tree.\tree_25$func$/Users/marcandre/Desktop/Startup/TowardsBNN/binaryneuralnet-asic-TTIHP26/src/classification_tree.sv:3587$64.$result' from process `\classification_tree.$proc$/Users/marcandre/Desktop/Startup/TowardsBNN/binaryneuralnet-asic-TTIHP26/src/classification_tree.sv:3587$1246'.
No latch inferred for signal `\classification_tree.\tree_25$func$/Users/marcandre/Desktop/Startup/TowardsBNN/binaryneuralnet-asic-TTIHP26/src/classification_tree.sv:3587$164.$result' from process `\classification_tree.$proc$/Users/marcandre/Desktop/Startup/TowardsBNN/binaryneuralnet-asic-TTIHP26/src/classification_tree.sv:3587$1246'.
No latch inferred for signal `\classification_tree.\tree_25$func$/Users/marcandre/Desktop/Startup/TowardsBNN/binaryneuralnet-asic-TTIHP26/src/classification_tree.sv:3587$164.emb' from process `\classification_tree.$proc$/Users/marcandre/Desktop/Startup/TowardsBNN/binaryneuralnet-asic-TTIHP26/src/classification_tree.sv:3587$1246'.
No latch inferred for signal `\classification_tree.\tree_15$func$/Users/marcandre/Desktop/Startup/TowardsBNN/binaryneuralnet-asic-TTIHP26/src/classification_tree.sv:3586$63.$result' from process `\classification_tree.$proc$/Users/marcandre/Desktop/Startup/TowardsBNN/binaryneuralnet-asic-TTIHP26/src/classification_tree.sv:3586$1228'.
No latch inferred for signal `\classification_tree.\tree_15$func$/Users/marcandre/Desktop/Startup/TowardsBNN/binaryneuralnet-asic-TTIHP26/src/classification_tree.sv:3586$163.$result' from process `\classification_tree.$proc$/Users/marcandre/Desktop/Startup/TowardsBNN/binaryneuralnet-asic-TTIHP26/src/classification_tree.sv:3586$1228'.
No latch inferred for signal `\classification_tree.\tree_15$func$/Users/marcandre/Desktop/Startup/TowardsBNN/binaryneuralnet-asic-TTIHP26/src/classification_tree.sv:3586$163.emb' from process `\classification_tree.$proc$/Users/marcandre/Desktop/Startup/TowardsBNN/binaryneuralnet-asic-TTIHP26/src/classification_tree.sv:3586$1228'.
No latch inferred for signal `\classification_tree.\tree_5$func$/Users/marcandre/Desktop/Startup/TowardsBNN/binaryneuralnet-asic-TTIHP26/src/classification_tree.sv:3585$62.$result' from process `\classification_tree.$proc$/Users/marcandre/Desktop/Startup/TowardsBNN/binaryneuralnet-asic-TTIHP26/src/classification_tree.sv:3585$1210'.
No latch inferred for signal `\classification_tree.\tree_5$func$/Users/marcandre/Desktop/Startup/TowardsBNN/binaryneuralnet-asic-TTIHP26/src/classification_tree.sv:3585$162.$result' from process `\classification_tree.$proc$/Users/marcandre/Desktop/Startup/TowardsBNN/binaryneuralnet-asic-TTIHP26/src/classification_tree.sv:3585$1210'.
No latch inferred for signal `\classification_tree.\tree_5$func$/Users/marcandre/Desktop/Startup/TowardsBNN/binaryneuralnet-asic-TTIHP26/src/classification_tree.sv:3585$162.emb' from process `\classification_tree.$proc$/Users/marcandre/Desktop/Startup/TowardsBNN/binaryneuralnet-asic-TTIHP26/src/classification_tree.sv:3585$1210'.
No latch inferred for signal `\classification_tree.\tree_94$func$/Users/marcandre/Desktop/Startup/TowardsBNN/binaryneuralnet-asic-TTIHP26/src/classification_tree.sv:3582$61.$result' from process `\classification_tree.$proc$/Users/marcandre/Desktop/Startup/TowardsBNN/binaryneuralnet-asic-TTIHP26/src/classification_tree.sv:3582$1192'.
No latch inferred for signal `\classification_tree.\tree_94$func$/Users/marcandre/Desktop/Startup/TowardsBNN/binaryneuralnet-asic-TTIHP26/src/classification_tree.sv:3582$161.$result' from process `\classification_tree.$proc$/Users/marcandre/Desktop/Startup/TowardsBNN/binaryneuralnet-asic-TTIHP26/src/classification_tree.sv:3582$1192'.
No latch inferred for signal `\classification_tree.\tree_94$func$/Users/marcandre/Desktop/Startup/TowardsBNN/binaryneuralnet-asic-TTIHP26/src/classification_tree.sv:3582$161.emb' from process `\classification_tree.$proc$/Users/marcandre/Desktop/Startup/TowardsBNN/binaryneuralnet-asic-TTIHP26/src/classification_tree.sv:3582$1192'.
No latch inferred for signal `\classification_tree.\tree_84$func$/Users/marcandre/Desktop/Startup/TowardsBNN/binaryneuralnet-asic-TTIHP26/src/classification_tree.sv:3581$60.$result' from process `\classification_tree.$proc$/Users/marcandre/Desktop/Startup/TowardsBNN/binaryneuralnet-asic-TTIHP26/src/classification_tree.sv:3581$1174'.
No latch inferred for signal `\classification_tree.\tree_84$func$/Users/marcandre/Desktop/Startup/TowardsBNN/binaryneuralnet-asic-TTIHP26/src/classification_tree.sv:3581$160.$result' from process `\classification_tree.$proc$/Users/marcandre/Desktop/Startup/TowardsBNN/binaryneuralnet-asic-TTIHP26/src/classification_tree.sv:3581$1174'.
No latch inferred for signal `\classification_tree.\tree_84$func$/Users/marcandre/Desktop/Startup/TowardsBNN/binaryneuralnet-asic-TTIHP26/src/classification_tree.sv:3581$160.emb' from process `\classification_tree.$proc$/Users/marcandre/Desktop/Startup/TowardsBNN/binaryneuralnet-asic-TTIHP26/src/classification_tree.sv:3581$1174'.
No latch inferred for signal `\classification_tree.\tree_74$func$/Users/marcandre/Desktop/Startup/TowardsBNN/binaryneuralnet-asic-TTIHP26/src/classification_tree.sv:3580$59.$result' from process `\classification_tree.$proc$/Users/marcandre/Desktop/Startup/TowardsBNN/binaryneuralnet-asic-TTIHP26/src/classification_tree.sv:3580$1156'.
No latch inferred for signal `\classification_tree.\tree_74$func$/Users/marcandre/Desktop/Startup/TowardsBNN/binaryneuralnet-asic-TTIHP26/src/classification_tree.sv:3580$159.$result' from process `\classification_tree.$proc$/Users/marcandre/Desktop/Startup/TowardsBNN/binaryneuralnet-asic-TTIHP26/src/classification_tree.sv:3580$1156'.
No latch inferred for signal `\classification_tree.\tree_74$func$/Users/marcandre/Desktop/Startup/TowardsBNN/binaryneuralnet-asic-TTIHP26/src/classification_tree.sv:3580$159.emb' from process `\classification_tree.$proc$/Users/marcandre/Desktop/Startup/TowardsBNN/binaryneuralnet-asic-TTIHP26/src/classification_tree.sv:3580$1156'.
No latch inferred for signal `\classification_tree.\tree_64$func$/Users/marcandre/Desktop/Startup/TowardsBNN/binaryneuralnet-asic-TTIHP26/src/classification_tree.sv:3579$58.$result' from process `\classification_tree.$proc$/Users/marcandre/Desktop/Startup/TowardsBNN/binaryneuralnet-asic-TTIHP26/src/classification_tree.sv:3579$1138'.
No latch inferred for signal `\classification_tree.\tree_64$func$/Users/marcandre/Desktop/Startup/TowardsBNN/binaryneuralnet-asic-TTIHP26/src/classification_tree.sv:3579$158.$result' from process `\classification_tree.$proc$/Users/marcandre/Desktop/Startup/TowardsBNN/binaryneuralnet-asic-TTIHP26/src/classification_tree.sv:3579$1138'.
No latch inferred for signal `\classification_tree.\tree_64$func$/Users/marcandre/Desktop/Startup/TowardsBNN/binaryneuralnet-asic-TTIHP26/src/classification_tree.sv:3579$158.emb' from process `\classification_tree.$proc$/Users/marcandre/Desktop/Startup/TowardsBNN/binaryneuralnet-asic-TTIHP26/src/classification_tree.sv:3579$1138'.
No latch inferred for signal `\classification_tree.\tree_54$func$/Users/marcandre/Desktop/Startup/TowardsBNN/binaryneuralnet-asic-TTIHP26/src/classification_tree.sv:3578$57.$result' from process `\classification_tree.$proc$/Users/marcandre/Desktop/Startup/TowardsBNN/binaryneuralnet-asic-TTIHP26/src/classification_tree.sv:3578$1120'.
No latch inferred for signal `\classification_tree.\tree_54$func$/Users/marcandre/Desktop/Startup/TowardsBNN/binaryneuralnet-asic-TTIHP26/src/classification_tree.sv:3578$157.$result' from process `\classification_tree.$proc$/Users/marcandre/Desktop/Startup/TowardsBNN/binaryneuralnet-asic-TTIHP26/src/classification_tree.sv:3578$1120'.
No latch inferred for signal `\classification_tree.\tree_54$func$/Users/marcandre/Desktop/Startup/TowardsBNN/binaryneuralnet-asic-TTIHP26/src/classification_tree.sv:3578$157.emb' from process `\classification_tree.$proc$/Users/marcandre/Desktop/Startup/TowardsBNN/binaryneuralnet-asic-TTIHP26/src/classification_tree.sv:3578$1120'.
No latch inferred for signal `\classification_tree.\tree_44$func$/Users/marcandre/Desktop/Startup/TowardsBNN/binaryneuralnet-asic-TTIHP26/src/classification_tree.sv:3577$56.$result' from process `\classification_tree.$proc$/Users/marcandre/Desktop/Startup/TowardsBNN/binaryneuralnet-asic-TTIHP26/src/classification_tree.sv:3577$1102'.
No latch inferred for signal `\classification_tree.\tree_44$func$/Users/marcandre/Desktop/Startup/TowardsBNN/binaryneuralnet-asic-TTIHP26/src/classification_tree.sv:3577$156.$result' from process `\classification_tree.$proc$/Users/marcandre/Desktop/Startup/TowardsBNN/binaryneuralnet-asic-TTIHP26/src/classification_tree.sv:3577$1102'.
No latch inferred for signal `\classification_tree.\tree_44$func$/Users/marcandre/Desktop/Startup/TowardsBNN/binaryneuralnet-asic-TTIHP26/src/classification_tree.sv:3577$156.emb' from process `\classification_tree.$proc$/Users/marcandre/Desktop/Startup/TowardsBNN/binaryneuralnet-asic-TTIHP26/src/classification_tree.sv:3577$1102'.
No latch inferred for signal `\classification_tree.\tree_34$func$/Users/marcandre/Desktop/Startup/TowardsBNN/binaryneuralnet-asic-TTIHP26/src/classification_tree.sv:3576$55.$result' from process `\classification_tree.$proc$/Users/marcandre/Desktop/Startup/TowardsBNN/binaryneuralnet-asic-TTIHP26/src/classification_tree.sv:3576$1084'.
No latch inferred for signal `\classification_tree.\tree_34$func$/Users/marcandre/Desktop/Startup/TowardsBNN/binaryneuralnet-asic-TTIHP26/src/classification_tree.sv:3576$155.$result' from process `\classification_tree.$proc$/Users/marcandre/Desktop/Startup/TowardsBNN/binaryneuralnet-asic-TTIHP26/src/classification_tree.sv:3576$1084'.
No latch inferred for signal `\classification_tree.\tree_34$func$/Users/marcandre/Desktop/Startup/TowardsBNN/binaryneuralnet-asic-TTIHP26/src/classification_tree.sv:3576$155.emb' from process `\classification_tree.$proc$/Users/marcandre/Desktop/Startup/TowardsBNN/binaryneuralnet-asic-TTIHP26/src/classification_tree.sv:3576$1084'.
No latch inferred for signal `\classification_tree.\tree_24$func$/Users/marcandre/Desktop/Startup/TowardsBNN/binaryneuralnet-asic-TTIHP26/src/classification_tree.sv:3575$54.$result' from process `\classification_tree.$proc$/Users/marcandre/Desktop/Startup/TowardsBNN/binaryneuralnet-asic-TTIHP26/src/classification_tree.sv:3575$1066'.
No latch inferred for signal `\classification_tree.\tree_24$func$/Users/marcandre/Desktop/Startup/TowardsBNN/binaryneuralnet-asic-TTIHP26/src/classification_tree.sv:3575$154.$result' from process `\classification_tree.$proc$/Users/marcandre/Desktop/Startup/TowardsBNN/binaryneuralnet-asic-TTIHP26/src/classification_tree.sv:3575$1066'.
No latch inferred for signal `\classification_tree.\tree_24$func$/Users/marcandre/Desktop/Startup/TowardsBNN/binaryneuralnet-asic-TTIHP26/src/classification_tree.sv:3575$154.emb' from process `\classification_tree.$proc$/Users/marcandre/Desktop/Startup/TowardsBNN/binaryneuralnet-asic-TTIHP26/src/classification_tree.sv:3575$1066'.
No latch inferred for signal `\classification_tree.\tree_14$func$/Users/marcandre/Desktop/Startup/TowardsBNN/binaryneuralnet-asic-TTIHP26/src/classification_tree.sv:3574$53.$result' from process `\classification_tree.$proc$/Users/marcandre/Desktop/Startup/TowardsBNN/binaryneuralnet-asic-TTIHP26/src/classification_tree.sv:3574$1048'.
No latch inferred for signal `\classification_tree.\tree_14$func$/Users/marcandre/Desktop/Startup/TowardsBNN/binaryneuralnet-asic-TTIHP26/src/classification_tree.sv:3574$153.$result' from process `\classification_tree.$proc$/Users/marcandre/Desktop/Startup/TowardsBNN/binaryneuralnet-asic-TTIHP26/src/classification_tree.sv:3574$1048'.
No latch inferred for signal `\classification_tree.\tree_14$func$/Users/marcandre/Desktop/Startup/TowardsBNN/binaryneuralnet-asic-TTIHP26/src/classification_tree.sv:3574$153.emb' from process `\classification_tree.$proc$/Users/marcandre/Desktop/Startup/TowardsBNN/binaryneuralnet-asic-TTIHP26/src/classification_tree.sv:3574$1048'.
No latch inferred for signal `\classification_tree.\tree_4$func$/Users/marcandre/Desktop/Startup/TowardsBNN/binaryneuralnet-asic-TTIHP26/src/classification_tree.sv:3573$52.$result' from process `\classification_tree.$proc$/Users/marcandre/Desktop/Startup/TowardsBNN/binaryneuralnet-asic-TTIHP26/src/classification_tree.sv:3573$1030'.
No latch inferred for signal `\classification_tree.\tree_4$func$/Users/marcandre/Desktop/Startup/TowardsBNN/binaryneuralnet-asic-TTIHP26/src/classification_tree.sv:3573$152.$result' from process `\classification_tree.$proc$/Users/marcandre/Desktop/Startup/TowardsBNN/binaryneuralnet-asic-TTIHP26/src/classification_tree.sv:3573$1030'.
No latch inferred for signal `\classification_tree.\tree_4$func$/Users/marcandre/Desktop/Startup/TowardsBNN/binaryneuralnet-asic-TTIHP26/src/classification_tree.sv:3573$152.emb' from process `\classification_tree.$proc$/Users/marcandre/Desktop/Startup/TowardsBNN/binaryneuralnet-asic-TTIHP26/src/classification_tree.sv:3573$1030'.
No latch inferred for signal `\classification_tree.\tree_93$func$/Users/marcandre/Desktop/Startup/TowardsBNN/binaryneuralnet-asic-TTIHP26/src/classification_tree.sv:3570$51.$result' from process `\classification_tree.$proc$/Users/marcandre/Desktop/Startup/TowardsBNN/binaryneuralnet-asic-TTIHP26/src/classification_tree.sv:3570$1012'.
No latch inferred for signal `\classification_tree.\tree_93$func$/Users/marcandre/Desktop/Startup/TowardsBNN/binaryneuralnet-asic-TTIHP26/src/classification_tree.sv:3570$151.$result' from process `\classification_tree.$proc$/Users/marcandre/Desktop/Startup/TowardsBNN/binaryneuralnet-asic-TTIHP26/src/classification_tree.sv:3570$1012'.
No latch inferred for signal `\classification_tree.\tree_93$func$/Users/marcandre/Desktop/Startup/TowardsBNN/binaryneuralnet-asic-TTIHP26/src/classification_tree.sv:3570$151.emb' from process `\classification_tree.$proc$/Users/marcandre/Desktop/Startup/TowardsBNN/binaryneuralnet-asic-TTIHP26/src/classification_tree.sv:3570$1012'.
No latch inferred for signal `\classification_tree.\tree_83$func$/Users/marcandre/Desktop/Startup/TowardsBNN/binaryneuralnet-asic-TTIHP26/src/classification_tree.sv:3569$50.$result' from process `\classification_tree.$proc$/Users/marcandre/Desktop/Startup/TowardsBNN/binaryneuralnet-asic-TTIHP26/src/classification_tree.sv:3569$994'.
No latch inferred for signal `\classification_tree.\tree_83$func$/Users/marcandre/Desktop/Startup/TowardsBNN/binaryneuralnet-asic-TTIHP26/src/classification_tree.sv:3569$150.$result' from process `\classification_tree.$proc$/Users/marcandre/Desktop/Startup/TowardsBNN/binaryneuralnet-asic-TTIHP26/src/classification_tree.sv:3569$994'.
No latch inferred for signal `\classification_tree.\tree_83$func$/Users/marcandre/Desktop/Startup/TowardsBNN/binaryneuralnet-asic-TTIHP26/src/classification_tree.sv:3569$150.emb' from process `\classification_tree.$proc$/Users/marcandre/Desktop/Startup/TowardsBNN/binaryneuralnet-asic-TTIHP26/src/classification_tree.sv:3569$994'.
No latch inferred for signal `\classification_tree.\tree_73$func$/Users/marcandre/Desktop/Startup/TowardsBNN/binaryneuralnet-asic-TTIHP26/src/classification_tree.sv:3568$49.$result' from process `\classification_tree.$proc$/Users/marcandre/Desktop/Startup/TowardsBNN/binaryneuralnet-asic-TTIHP26/src/classification_tree.sv:3568$976'.
No latch inferred for signal `\classification_tree.\tree_73$func$/Users/marcandre/Desktop/Startup/TowardsBNN/binaryneuralnet-asic-TTIHP26/src/classification_tree.sv:3568$149.$result' from process `\classification_tree.$proc$/Users/marcandre/Desktop/Startup/TowardsBNN/binaryneuralnet-asic-TTIHP26/src/classification_tree.sv:3568$976'.
No latch inferred for signal `\classification_tree.\tree_73$func$/Users/marcandre/Desktop/Startup/TowardsBNN/binaryneuralnet-asic-TTIHP26/src/classification_tree.sv:3568$149.emb' from process `\classification_tree.$proc$/Users/marcandre/Desktop/Startup/TowardsBNN/binaryneuralnet-asic-TTIHP26/src/classification_tree.sv:3568$976'.
No latch inferred for signal `\classification_tree.\tree_63$func$/Users/marcandre/Desktop/Startup/TowardsBNN/binaryneuralnet-asic-TTIHP26/src/classification_tree.sv:3567$48.$result' from process `\classification_tree.$proc$/Users/marcandre/Desktop/Startup/TowardsBNN/binaryneuralnet-asic-TTIHP26/src/classification_tree.sv:3567$958'.
No latch inferred for signal `\classification_tree.\tree_63$func$/Users/marcandre/Desktop/Startup/TowardsBNN/binaryneuralnet-asic-TTIHP26/src/classification_tree.sv:3567$148.$result' from process `\classification_tree.$proc$/Users/marcandre/Desktop/Startup/TowardsBNN/binaryneuralnet-asic-TTIHP26/src/classification_tree.sv:3567$958'.
No latch inferred for signal `\classification_tree.\tree_63$func$/Users/marcandre/Desktop/Startup/TowardsBNN/binaryneuralnet-asic-TTIHP26/src/classification_tree.sv:3567$148.emb' from process `\classification_tree.$proc$/Users/marcandre/Desktop/Startup/TowardsBNN/binaryneuralnet-asic-TTIHP26/src/classification_tree.sv:3567$958'.
No latch inferred for signal `\classification_tree.\tree_53$func$/Users/marcandre/Desktop/Startup/TowardsBNN/binaryneuralnet-asic-TTIHP26/src/classification_tree.sv:3566$47.$result' from process `\classification_tree.$proc$/Users/marcandre/Desktop/Startup/TowardsBNN/binaryneuralnet-asic-TTIHP26/src/classification_tree.sv:3566$940'.
No latch inferred for signal `\classification_tree.\tree_53$func$/Users/marcandre/Desktop/Startup/TowardsBNN/binaryneuralnet-asic-TTIHP26/src/classification_tree.sv:3566$147.$result' from process `\classification_tree.$proc$/Users/marcandre/Desktop/Startup/TowardsBNN/binaryneuralnet-asic-TTIHP26/src/classification_tree.sv:3566$940'.
No latch inferred for signal `\classification_tree.\tree_53$func$/Users/marcandre/Desktop/Startup/TowardsBNN/binaryneuralnet-asic-TTIHP26/src/classification_tree.sv:3566$147.emb' from process `\classification_tree.$proc$/Users/marcandre/Desktop/Startup/TowardsBNN/binaryneuralnet-asic-TTIHP26/src/classification_tree.sv:3566$940'.
No latch inferred for signal `\classification_tree.\tree_43$func$/Users/marcandre/Desktop/Startup/TowardsBNN/binaryneuralnet-asic-TTIHP26/src/classification_tree.sv:3565$46.$result' from process `\classification_tree.$proc$/Users/marcandre/Desktop/Startup/TowardsBNN/binaryneuralnet-asic-TTIHP26/src/classification_tree.sv:3565$922'.
No latch inferred for signal `\classification_tree.\tree_43$func$/Users/marcandre/Desktop/Startup/TowardsBNN/binaryneuralnet-asic-TTIHP26/src/classification_tree.sv:3565$146.$result' from process `\classification_tree.$proc$/Users/marcandre/Desktop/Startup/TowardsBNN/binaryneuralnet-asic-TTIHP26/src/classification_tree.sv:3565$922'.
No latch inferred for signal `\classification_tree.\tree_43$func$/Users/marcandre/Desktop/Startup/TowardsBNN/binaryneuralnet-asic-TTIHP26/src/classification_tree.sv:3565$146.emb' from process `\classification_tree.$proc$/Users/marcandre/Desktop/Startup/TowardsBNN/binaryneuralnet-asic-TTIHP26/src/classification_tree.sv:3565$922'.
No latch inferred for signal `\classification_tree.\tree_33$func$/Users/marcandre/Desktop/Startup/TowardsBNN/binaryneuralnet-asic-TTIHP26/src/classification_tree.sv:3564$45.$result' from process `\classification_tree.$proc$/Users/marcandre/Desktop/Startup/TowardsBNN/binaryneuralnet-asic-TTIHP26/src/classification_tree.sv:3564$904'.
No latch inferred for signal `\classification_tree.\tree_33$func$/Users/marcandre/Desktop/Startup/TowardsBNN/binaryneuralnet-asic-TTIHP26/src/classification_tree.sv:3564$145.$result' from process `\classification_tree.$proc$/Users/marcandre/Desktop/Startup/TowardsBNN/binaryneuralnet-asic-TTIHP26/src/classification_tree.sv:3564$904'.
No latch inferred for signal `\classification_tree.\tree_33$func$/Users/marcandre/Desktop/Startup/TowardsBNN/binaryneuralnet-asic-TTIHP26/src/classification_tree.sv:3564$145.emb' from process `\classification_tree.$proc$/Users/marcandre/Desktop/Startup/TowardsBNN/binaryneuralnet-asic-TTIHP26/src/classification_tree.sv:3564$904'.
No latch inferred for signal `\classification_tree.\tree_23$func$/Users/marcandre/Desktop/Startup/TowardsBNN/binaryneuralnet-asic-TTIHP26/src/classification_tree.sv:3563$44.$result' from process `\classification_tree.$proc$/Users/marcandre/Desktop/Startup/TowardsBNN/binaryneuralnet-asic-TTIHP26/src/classification_tree.sv:3563$886'.
No latch inferred for signal `\classification_tree.\tree_23$func$/Users/marcandre/Desktop/Startup/TowardsBNN/binaryneuralnet-asic-TTIHP26/src/classification_tree.sv:3563$144.$result' from process `\classification_tree.$proc$/Users/marcandre/Desktop/Startup/TowardsBNN/binaryneuralnet-asic-TTIHP26/src/classification_tree.sv:3563$886'.
No latch inferred for signal `\classification_tree.\tree_23$func$/Users/marcandre/Desktop/Startup/TowardsBNN/binaryneuralnet-asic-TTIHP26/src/classification_tree.sv:3563$144.emb' from process `\classification_tree.$proc$/Users/marcandre/Desktop/Startup/TowardsBNN/binaryneuralnet-asic-TTIHP26/src/classification_tree.sv:3563$886'.
No latch inferred for signal `\classification_tree.\tree_13$func$/Users/marcandre/Desktop/Startup/TowardsBNN/binaryneuralnet-asic-TTIHP26/src/classification_tree.sv:3562$43.$result' from process `\classification_tree.$proc$/Users/marcandre/Desktop/Startup/TowardsBNN/binaryneuralnet-asic-TTIHP26/src/classification_tree.sv:3562$868'.
No latch inferred for signal `\classification_tree.\tree_13$func$/Users/marcandre/Desktop/Startup/TowardsBNN/binaryneuralnet-asic-TTIHP26/src/classification_tree.sv:3562$143.$result' from process `\classification_tree.$proc$/Users/marcandre/Desktop/Startup/TowardsBNN/binaryneuralnet-asic-TTIHP26/src/classification_tree.sv:3562$868'.
No latch inferred for signal `\classification_tree.\tree_13$func$/Users/marcandre/Desktop/Startup/TowardsBNN/binaryneuralnet-asic-TTIHP26/src/classification_tree.sv:3562$143.emb' from process `\classification_tree.$proc$/Users/marcandre/Desktop/Startup/TowardsBNN/binaryneuralnet-asic-TTIHP26/src/classification_tree.sv:3562$868'.
No latch inferred for signal `\classification_tree.\tree_3$func$/Users/marcandre/Desktop/Startup/TowardsBNN/binaryneuralnet-asic-TTIHP26/src/classification_tree.sv:3561$42.$result' from process `\classification_tree.$proc$/Users/marcandre/Desktop/Startup/TowardsBNN/binaryneuralnet-asic-TTIHP26/src/classification_tree.sv:3561$850'.
No latch inferred for signal `\classification_tree.\tree_3$func$/Users/marcandre/Desktop/Startup/TowardsBNN/binaryneuralnet-asic-TTIHP26/src/classification_tree.sv:3561$142.$result' from process `\classification_tree.$proc$/Users/marcandre/Desktop/Startup/TowardsBNN/binaryneuralnet-asic-TTIHP26/src/classification_tree.sv:3561$850'.
No latch inferred for signal `\classification_tree.\tree_3$func$/Users/marcandre/Desktop/Startup/TowardsBNN/binaryneuralnet-asic-TTIHP26/src/classification_tree.sv:3561$142.emb' from process `\classification_tree.$proc$/Users/marcandre/Desktop/Startup/TowardsBNN/binaryneuralnet-asic-TTIHP26/src/classification_tree.sv:3561$850'.
No latch inferred for signal `\classification_tree.\tree_92$func$/Users/marcandre/Desktop/Startup/TowardsBNN/binaryneuralnet-asic-TTIHP26/src/classification_tree.sv:3558$41.$result' from process `\classification_tree.$proc$/Users/marcandre/Desktop/Startup/TowardsBNN/binaryneuralnet-asic-TTIHP26/src/classification_tree.sv:3558$832'.
No latch inferred for signal `\classification_tree.\tree_92$func$/Users/marcandre/Desktop/Startup/TowardsBNN/binaryneuralnet-asic-TTIHP26/src/classification_tree.sv:3558$141.$result' from process `\classification_tree.$proc$/Users/marcandre/Desktop/Startup/TowardsBNN/binaryneuralnet-asic-TTIHP26/src/classification_tree.sv:3558$832'.
No latch inferred for signal `\classification_tree.\tree_92$func$/Users/marcandre/Desktop/Startup/TowardsBNN/binaryneuralnet-asic-TTIHP26/src/classification_tree.sv:3558$141.emb' from process `\classification_tree.$proc$/Users/marcandre/Desktop/Startup/TowardsBNN/binaryneuralnet-asic-TTIHP26/src/classification_tree.sv:3558$832'.
No latch inferred for signal `\classification_tree.\tree_82$func$/Users/marcandre/Desktop/Startup/TowardsBNN/binaryneuralnet-asic-TTIHP26/src/classification_tree.sv:3557$40.$result' from process `\classification_tree.$proc$/Users/marcandre/Desktop/Startup/TowardsBNN/binaryneuralnet-asic-TTIHP26/src/classification_tree.sv:3557$814'.
No latch inferred for signal `\classification_tree.\tree_82$func$/Users/marcandre/Desktop/Startup/TowardsBNN/binaryneuralnet-asic-TTIHP26/src/classification_tree.sv:3557$140.$result' from process `\classification_tree.$proc$/Users/marcandre/Desktop/Startup/TowardsBNN/binaryneuralnet-asic-TTIHP26/src/classification_tree.sv:3557$814'.
No latch inferred for signal `\classification_tree.\tree_82$func$/Users/marcandre/Desktop/Startup/TowardsBNN/binaryneuralnet-asic-TTIHP26/src/classification_tree.sv:3557$140.emb' from process `\classification_tree.$proc$/Users/marcandre/Desktop/Startup/TowardsBNN/binaryneuralnet-asic-TTIHP26/src/classification_tree.sv:3557$814'.
No latch inferred for signal `\classification_tree.\tree_72$func$/Users/marcandre/Desktop/Startup/TowardsBNN/binaryneuralnet-asic-TTIHP26/src/classification_tree.sv:3556$39.$result' from process `\classification_tree.$proc$/Users/marcandre/Desktop/Startup/TowardsBNN/binaryneuralnet-asic-TTIHP26/src/classification_tree.sv:3556$796'.
No latch inferred for signal `\classification_tree.\tree_72$func$/Users/marcandre/Desktop/Startup/TowardsBNN/binaryneuralnet-asic-TTIHP26/src/classification_tree.sv:3556$139.$result' from process `\classification_tree.$proc$/Users/marcandre/Desktop/Startup/TowardsBNN/binaryneuralnet-asic-TTIHP26/src/classification_tree.sv:3556$796'.
No latch inferred for signal `\classification_tree.\tree_72$func$/Users/marcandre/Desktop/Startup/TowardsBNN/binaryneuralnet-asic-TTIHP26/src/classification_tree.sv:3556$139.emb' from process `\classification_tree.$proc$/Users/marcandre/Desktop/Startup/TowardsBNN/binaryneuralnet-asic-TTIHP26/src/classification_tree.sv:3556$796'.
No latch inferred for signal `\classification_tree.\tree_62$func$/Users/marcandre/Desktop/Startup/TowardsBNN/binaryneuralnet-asic-TTIHP26/src/classification_tree.sv:3555$38.$result' from process `\classification_tree.$proc$/Users/marcandre/Desktop/Startup/TowardsBNN/binaryneuralnet-asic-TTIHP26/src/classification_tree.sv:3555$778'.
No latch inferred for signal `\classification_tree.\tree_62$func$/Users/marcandre/Desktop/Startup/TowardsBNN/binaryneuralnet-asic-TTIHP26/src/classification_tree.sv:3555$138.$result' from process `\classification_tree.$proc$/Users/marcandre/Desktop/Startup/TowardsBNN/binaryneuralnet-asic-TTIHP26/src/classification_tree.sv:3555$778'.
No latch inferred for signal `\classification_tree.\tree_62$func$/Users/marcandre/Desktop/Startup/TowardsBNN/binaryneuralnet-asic-TTIHP26/src/classification_tree.sv:3555$138.emb' from process `\classification_tree.$proc$/Users/marcandre/Desktop/Startup/TowardsBNN/binaryneuralnet-asic-TTIHP26/src/classification_tree.sv:3555$778'.
No latch inferred for signal `\classification_tree.\tree_52$func$/Users/marcandre/Desktop/Startup/TowardsBNN/binaryneuralnet-asic-TTIHP26/src/classification_tree.sv:3554$37.$result' from process `\classification_tree.$proc$/Users/marcandre/Desktop/Startup/TowardsBNN/binaryneuralnet-asic-TTIHP26/src/classification_tree.sv:3554$760'.
No latch inferred for signal `\classification_tree.\tree_52$func$/Users/marcandre/Desktop/Startup/TowardsBNN/binaryneuralnet-asic-TTIHP26/src/classification_tree.sv:3554$137.$result' from process `\classification_tree.$proc$/Users/marcandre/Desktop/Startup/TowardsBNN/binaryneuralnet-asic-TTIHP26/src/classification_tree.sv:3554$760'.
No latch inferred for signal `\classification_tree.\tree_52$func$/Users/marcandre/Desktop/Startup/TowardsBNN/binaryneuralnet-asic-TTIHP26/src/classification_tree.sv:3554$137.emb' from process `\classification_tree.$proc$/Users/marcandre/Desktop/Startup/TowardsBNN/binaryneuralnet-asic-TTIHP26/src/classification_tree.sv:3554$760'.
No latch inferred for signal `\classification_tree.\tree_42$func$/Users/marcandre/Desktop/Startup/TowardsBNN/binaryneuralnet-asic-TTIHP26/src/classification_tree.sv:3553$36.$result' from process `\classification_tree.$proc$/Users/marcandre/Desktop/Startup/TowardsBNN/binaryneuralnet-asic-TTIHP26/src/classification_tree.sv:3553$742'.
No latch inferred for signal `\classification_tree.\tree_42$func$/Users/marcandre/Desktop/Startup/TowardsBNN/binaryneuralnet-asic-TTIHP26/src/classification_tree.sv:3553$136.$result' from process `\classification_tree.$proc$/Users/marcandre/Desktop/Startup/TowardsBNN/binaryneuralnet-asic-TTIHP26/src/classification_tree.sv:3553$742'.
No latch inferred for signal `\classification_tree.\tree_42$func$/Users/marcandre/Desktop/Startup/TowardsBNN/binaryneuralnet-asic-TTIHP26/src/classification_tree.sv:3553$136.emb' from process `\classification_tree.$proc$/Users/marcandre/Desktop/Startup/TowardsBNN/binaryneuralnet-asic-TTIHP26/src/classification_tree.sv:3553$742'.
No latch inferred for signal `\classification_tree.\tree_32$func$/Users/marcandre/Desktop/Startup/TowardsBNN/binaryneuralnet-asic-TTIHP26/src/classification_tree.sv:3552$35.$result' from process `\classification_tree.$proc$/Users/marcandre/Desktop/Startup/TowardsBNN/binaryneuralnet-asic-TTIHP26/src/classification_tree.sv:3552$724'.
No latch inferred for signal `\classification_tree.\tree_32$func$/Users/marcandre/Desktop/Startup/TowardsBNN/binaryneuralnet-asic-TTIHP26/src/classification_tree.sv:3552$135.$result' from process `\classification_tree.$proc$/Users/marcandre/Desktop/Startup/TowardsBNN/binaryneuralnet-asic-TTIHP26/src/classification_tree.sv:3552$724'.
No latch inferred for signal `\classification_tree.\tree_32$func$/Users/marcandre/Desktop/Startup/TowardsBNN/binaryneuralnet-asic-TTIHP26/src/classification_tree.sv:3552$135.emb' from process `\classification_tree.$proc$/Users/marcandre/Desktop/Startup/TowardsBNN/binaryneuralnet-asic-TTIHP26/src/classification_tree.sv:3552$724'.
No latch inferred for signal `\classification_tree.\tree_22$func$/Users/marcandre/Desktop/Startup/TowardsBNN/binaryneuralnet-asic-TTIHP26/src/classification_tree.sv:3551$34.$result' from process `\classification_tree.$proc$/Users/marcandre/Desktop/Startup/TowardsBNN/binaryneuralnet-asic-TTIHP26/src/classification_tree.sv:3551$706'.
No latch inferred for signal `\classification_tree.\tree_22$func$/Users/marcandre/Desktop/Startup/TowardsBNN/binaryneuralnet-asic-TTIHP26/src/classification_tree.sv:3551$134.$result' from process `\classification_tree.$proc$/Users/marcandre/Desktop/Startup/TowardsBNN/binaryneuralnet-asic-TTIHP26/src/classification_tree.sv:3551$706'.
No latch inferred for signal `\classification_tree.\tree_22$func$/Users/marcandre/Desktop/Startup/TowardsBNN/binaryneuralnet-asic-TTIHP26/src/classification_tree.sv:3551$134.emb' from process `\classification_tree.$proc$/Users/marcandre/Desktop/Startup/TowardsBNN/binaryneuralnet-asic-TTIHP26/src/classification_tree.sv:3551$706'.
No latch inferred for signal `\classification_tree.\tree_12$func$/Users/marcandre/Desktop/Startup/TowardsBNN/binaryneuralnet-asic-TTIHP26/src/classification_tree.sv:3550$33.$result' from process `\classification_tree.$proc$/Users/marcandre/Desktop/Startup/TowardsBNN/binaryneuralnet-asic-TTIHP26/src/classification_tree.sv:3550$688'.
No latch inferred for signal `\classification_tree.\tree_12$func$/Users/marcandre/Desktop/Startup/TowardsBNN/binaryneuralnet-asic-TTIHP26/src/classification_tree.sv:3550$133.$result' from process `\classification_tree.$proc$/Users/marcandre/Desktop/Startup/TowardsBNN/binaryneuralnet-asic-TTIHP26/src/classification_tree.sv:3550$688'.
No latch inferred for signal `\classification_tree.\tree_12$func$/Users/marcandre/Desktop/Startup/TowardsBNN/binaryneuralnet-asic-TTIHP26/src/classification_tree.sv:3550$133.emb' from process `\classification_tree.$proc$/Users/marcandre/Desktop/Startup/TowardsBNN/binaryneuralnet-asic-TTIHP26/src/classification_tree.sv:3550$688'.
No latch inferred for signal `\classification_tree.\tree_2$func$/Users/marcandre/Desktop/Startup/TowardsBNN/binaryneuralnet-asic-TTIHP26/src/classification_tree.sv:3549$32.$result' from process `\classification_tree.$proc$/Users/marcandre/Desktop/Startup/TowardsBNN/binaryneuralnet-asic-TTIHP26/src/classification_tree.sv:3549$670'.
No latch inferred for signal `\classification_tree.\tree_2$func$/Users/marcandre/Desktop/Startup/TowardsBNN/binaryneuralnet-asic-TTIHP26/src/classification_tree.sv:3549$132.$result' from process `\classification_tree.$proc$/Users/marcandre/Desktop/Startup/TowardsBNN/binaryneuralnet-asic-TTIHP26/src/classification_tree.sv:3549$670'.
No latch inferred for signal `\classification_tree.\tree_2$func$/Users/marcandre/Desktop/Startup/TowardsBNN/binaryneuralnet-asic-TTIHP26/src/classification_tree.sv:3549$132.emb' from process `\classification_tree.$proc$/Users/marcandre/Desktop/Startup/TowardsBNN/binaryneuralnet-asic-TTIHP26/src/classification_tree.sv:3549$670'.
No latch inferred for signal `\classification_tree.\tree_91$func$/Users/marcandre/Desktop/Startup/TowardsBNN/binaryneuralnet-asic-TTIHP26/src/classification_tree.sv:3546$31.$result' from process `\classification_tree.$proc$/Users/marcandre/Desktop/Startup/TowardsBNN/binaryneuralnet-asic-TTIHP26/src/classification_tree.sv:3546$652'.
No latch inferred for signal `\classification_tree.\tree_91$func$/Users/marcandre/Desktop/Startup/TowardsBNN/binaryneuralnet-asic-TTIHP26/src/classification_tree.sv:3546$131.$result' from process `\classification_tree.$proc$/Users/marcandre/Desktop/Startup/TowardsBNN/binaryneuralnet-asic-TTIHP26/src/classification_tree.sv:3546$652'.
No latch inferred for signal `\classification_tree.\tree_91$func$/Users/marcandre/Desktop/Startup/TowardsBNN/binaryneuralnet-asic-TTIHP26/src/classification_tree.sv:3546$131.emb' from process `\classification_tree.$proc$/Users/marcandre/Desktop/Startup/TowardsBNN/binaryneuralnet-asic-TTIHP26/src/classification_tree.sv:3546$652'.
No latch inferred for signal `\classification_tree.\tree_81$func$/Users/marcandre/Desktop/Startup/TowardsBNN/binaryneuralnet-asic-TTIHP26/src/classification_tree.sv:3545$30.$result' from process `\classification_tree.$proc$/Users/marcandre/Desktop/Startup/TowardsBNN/binaryneuralnet-asic-TTIHP26/src/classification_tree.sv:3545$634'.
No latch inferred for signal `\classification_tree.\tree_81$func$/Users/marcandre/Desktop/Startup/TowardsBNN/binaryneuralnet-asic-TTIHP26/src/classification_tree.sv:3545$130.$result' from process `\classification_tree.$proc$/Users/marcandre/Desktop/Startup/TowardsBNN/binaryneuralnet-asic-TTIHP26/src/classification_tree.sv:3545$634'.
No latch inferred for signal `\classification_tree.\tree_81$func$/Users/marcandre/Desktop/Startup/TowardsBNN/binaryneuralnet-asic-TTIHP26/src/classification_tree.sv:3545$130.emb' from process `\classification_tree.$proc$/Users/marcandre/Desktop/Startup/TowardsBNN/binaryneuralnet-asic-TTIHP26/src/classification_tree.sv:3545$634'.
No latch inferred for signal `\classification_tree.\tree_71$func$/Users/marcandre/Desktop/Startup/TowardsBNN/binaryneuralnet-asic-TTIHP26/src/classification_tree.sv:3544$29.$result' from process `\classification_tree.$proc$/Users/marcandre/Desktop/Startup/TowardsBNN/binaryneuralnet-asic-TTIHP26/src/classification_tree.sv:3544$616'.
No latch inferred for signal `\classification_tree.\tree_71$func$/Users/marcandre/Desktop/Startup/TowardsBNN/binaryneuralnet-asic-TTIHP26/src/classification_tree.sv:3544$129.$result' from process `\classification_tree.$proc$/Users/marcandre/Desktop/Startup/TowardsBNN/binaryneuralnet-asic-TTIHP26/src/classification_tree.sv:3544$616'.
No latch inferred for signal `\classification_tree.\tree_71$func$/Users/marcandre/Desktop/Startup/TowardsBNN/binaryneuralnet-asic-TTIHP26/src/classification_tree.sv:3544$129.emb' from process `\classification_tree.$proc$/Users/marcandre/Desktop/Startup/TowardsBNN/binaryneuralnet-asic-TTIHP26/src/classification_tree.sv:3544$616'.
No latch inferred for signal `\classification_tree.\tree_61$func$/Users/marcandre/Desktop/Startup/TowardsBNN/binaryneuralnet-asic-TTIHP26/src/classification_tree.sv:3543$28.$result' from process `\classification_tree.$proc$/Users/marcandre/Desktop/Startup/TowardsBNN/binaryneuralnet-asic-TTIHP26/src/classification_tree.sv:3543$598'.
No latch inferred for signal `\classification_tree.\tree_61$func$/Users/marcandre/Desktop/Startup/TowardsBNN/binaryneuralnet-asic-TTIHP26/src/classification_tree.sv:3543$128.$result' from process `\classification_tree.$proc$/Users/marcandre/Desktop/Startup/TowardsBNN/binaryneuralnet-asic-TTIHP26/src/classification_tree.sv:3543$598'.
No latch inferred for signal `\classification_tree.\tree_61$func$/Users/marcandre/Desktop/Startup/TowardsBNN/binaryneuralnet-asic-TTIHP26/src/classification_tree.sv:3543$128.emb' from process `\classification_tree.$proc$/Users/marcandre/Desktop/Startup/TowardsBNN/binaryneuralnet-asic-TTIHP26/src/classification_tree.sv:3543$598'.
No latch inferred for signal `\classification_tree.\tree_51$func$/Users/marcandre/Desktop/Startup/TowardsBNN/binaryneuralnet-asic-TTIHP26/src/classification_tree.sv:3542$27.$result' from process `\classification_tree.$proc$/Users/marcandre/Desktop/Startup/TowardsBNN/binaryneuralnet-asic-TTIHP26/src/classification_tree.sv:3542$580'.
No latch inferred for signal `\classification_tree.\tree_51$func$/Users/marcandre/Desktop/Startup/TowardsBNN/binaryneuralnet-asic-TTIHP26/src/classification_tree.sv:3542$127.$result' from process `\classification_tree.$proc$/Users/marcandre/Desktop/Startup/TowardsBNN/binaryneuralnet-asic-TTIHP26/src/classification_tree.sv:3542$580'.
No latch inferred for signal `\classification_tree.\tree_51$func$/Users/marcandre/Desktop/Startup/TowardsBNN/binaryneuralnet-asic-TTIHP26/src/classification_tree.sv:3542$127.emb' from process `\classification_tree.$proc$/Users/marcandre/Desktop/Startup/TowardsBNN/binaryneuralnet-asic-TTIHP26/src/classification_tree.sv:3542$580'.
No latch inferred for signal `\classification_tree.\tree_41$func$/Users/marcandre/Desktop/Startup/TowardsBNN/binaryneuralnet-asic-TTIHP26/src/classification_tree.sv:3541$26.$result' from process `\classification_tree.$proc$/Users/marcandre/Desktop/Startup/TowardsBNN/binaryneuralnet-asic-TTIHP26/src/classification_tree.sv:3541$562'.
No latch inferred for signal `\classification_tree.\tree_41$func$/Users/marcandre/Desktop/Startup/TowardsBNN/binaryneuralnet-asic-TTIHP26/src/classification_tree.sv:3541$126.$result' from process `\classification_tree.$proc$/Users/marcandre/Desktop/Startup/TowardsBNN/binaryneuralnet-asic-TTIHP26/src/classification_tree.sv:3541$562'.
No latch inferred for signal `\classification_tree.\tree_41$func$/Users/marcandre/Desktop/Startup/TowardsBNN/binaryneuralnet-asic-TTIHP26/src/classification_tree.sv:3541$126.emb' from process `\classification_tree.$proc$/Users/marcandre/Desktop/Startup/TowardsBNN/binaryneuralnet-asic-TTIHP26/src/classification_tree.sv:3541$562'.
No latch inferred for signal `\classification_tree.\tree_31$func$/Users/marcandre/Desktop/Startup/TowardsBNN/binaryneuralnet-asic-TTIHP26/src/classification_tree.sv:3540$25.$result' from process `\classification_tree.$proc$/Users/marcandre/Desktop/Startup/TowardsBNN/binaryneuralnet-asic-TTIHP26/src/classification_tree.sv:3540$544'.
No latch inferred for signal `\classification_tree.\tree_31$func$/Users/marcandre/Desktop/Startup/TowardsBNN/binaryneuralnet-asic-TTIHP26/src/classification_tree.sv:3540$125.$result' from process `\classification_tree.$proc$/Users/marcandre/Desktop/Startup/TowardsBNN/binaryneuralnet-asic-TTIHP26/src/classification_tree.sv:3540$544'.
No latch inferred for signal `\classification_tree.\tree_31$func$/Users/marcandre/Desktop/Startup/TowardsBNN/binaryneuralnet-asic-TTIHP26/src/classification_tree.sv:3540$125.emb' from process `\classification_tree.$proc$/Users/marcandre/Desktop/Startup/TowardsBNN/binaryneuralnet-asic-TTIHP26/src/classification_tree.sv:3540$544'.
No latch inferred for signal `\classification_tree.\tree_21$func$/Users/marcandre/Desktop/Startup/TowardsBNN/binaryneuralnet-asic-TTIHP26/src/classification_tree.sv:3539$24.$result' from process `\classification_tree.$proc$/Users/marcandre/Desktop/Startup/TowardsBNN/binaryneuralnet-asic-TTIHP26/src/classification_tree.sv:3539$526'.
No latch inferred for signal `\classification_tree.\tree_21$func$/Users/marcandre/Desktop/Startup/TowardsBNN/binaryneuralnet-asic-TTIHP26/src/classification_tree.sv:3539$124.$result' from process `\classification_tree.$proc$/Users/marcandre/Desktop/Startup/TowardsBNN/binaryneuralnet-asic-TTIHP26/src/classification_tree.sv:3539$526'.
No latch inferred for signal `\classification_tree.\tree_21$func$/Users/marcandre/Desktop/Startup/TowardsBNN/binaryneuralnet-asic-TTIHP26/src/classification_tree.sv:3539$124.emb' from process `\classification_tree.$proc$/Users/marcandre/Desktop/Startup/TowardsBNN/binaryneuralnet-asic-TTIHP26/src/classification_tree.sv:3539$526'.
No latch inferred for signal `\classification_tree.\tree_11$func$/Users/marcandre/Desktop/Startup/TowardsBNN/binaryneuralnet-asic-TTIHP26/src/classification_tree.sv:3538$23.$result' from process `\classification_tree.$proc$/Users/marcandre/Desktop/Startup/TowardsBNN/binaryneuralnet-asic-TTIHP26/src/classification_tree.sv:3538$510'.
No latch inferred for signal `\classification_tree.\tree_11$func$/Users/marcandre/Desktop/Startup/TowardsBNN/binaryneuralnet-asic-TTIHP26/src/classification_tree.sv:3538$123.$result' from process `\classification_tree.$proc$/Users/marcandre/Desktop/Startup/TowardsBNN/binaryneuralnet-asic-TTIHP26/src/classification_tree.sv:3538$510'.
No latch inferred for signal `\classification_tree.\tree_11$func$/Users/marcandre/Desktop/Startup/TowardsBNN/binaryneuralnet-asic-TTIHP26/src/classification_tree.sv:3538$123.emb' from process `\classification_tree.$proc$/Users/marcandre/Desktop/Startup/TowardsBNN/binaryneuralnet-asic-TTIHP26/src/classification_tree.sv:3538$510'.
No latch inferred for signal `\classification_tree.\tree_1$func$/Users/marcandre/Desktop/Startup/TowardsBNN/binaryneuralnet-asic-TTIHP26/src/classification_tree.sv:3537$22.$result' from process `\classification_tree.$proc$/Users/marcandre/Desktop/Startup/TowardsBNN/binaryneuralnet-asic-TTIHP26/src/classification_tree.sv:3537$492'.
No latch inferred for signal `\classification_tree.\tree_1$func$/Users/marcandre/Desktop/Startup/TowardsBNN/binaryneuralnet-asic-TTIHP26/src/classification_tree.sv:3537$122.$result' from process `\classification_tree.$proc$/Users/marcandre/Desktop/Startup/TowardsBNN/binaryneuralnet-asic-TTIHP26/src/classification_tree.sv:3537$492'.
No latch inferred for signal `\classification_tree.\tree_1$func$/Users/marcandre/Desktop/Startup/TowardsBNN/binaryneuralnet-asic-TTIHP26/src/classification_tree.sv:3537$122.emb' from process `\classification_tree.$proc$/Users/marcandre/Desktop/Startup/TowardsBNN/binaryneuralnet-asic-TTIHP26/src/classification_tree.sv:3537$492'.
No latch inferred for signal `\classification_tree.\tree_90$func$/Users/marcandre/Desktop/Startup/TowardsBNN/binaryneuralnet-asic-TTIHP26/src/classification_tree.sv:3534$21.$result' from process `\classification_tree.$proc$/Users/marcandre/Desktop/Startup/TowardsBNN/binaryneuralnet-asic-TTIHP26/src/classification_tree.sv:3534$474'.
No latch inferred for signal `\classification_tree.\tree_90$func$/Users/marcandre/Desktop/Startup/TowardsBNN/binaryneuralnet-asic-TTIHP26/src/classification_tree.sv:3534$121.$result' from process `\classification_tree.$proc$/Users/marcandre/Desktop/Startup/TowardsBNN/binaryneuralnet-asic-TTIHP26/src/classification_tree.sv:3534$474'.
No latch inferred for signal `\classification_tree.\tree_90$func$/Users/marcandre/Desktop/Startup/TowardsBNN/binaryneuralnet-asic-TTIHP26/src/classification_tree.sv:3534$121.emb' from process `\classification_tree.$proc$/Users/marcandre/Desktop/Startup/TowardsBNN/binaryneuralnet-asic-TTIHP26/src/classification_tree.sv:3534$474'.
No latch inferred for signal `\classification_tree.\tree_80$func$/Users/marcandre/Desktop/Startup/TowardsBNN/binaryneuralnet-asic-TTIHP26/src/classification_tree.sv:3533$20.$result' from process `\classification_tree.$proc$/Users/marcandre/Desktop/Startup/TowardsBNN/binaryneuralnet-asic-TTIHP26/src/classification_tree.sv:3533$456'.
No latch inferred for signal `\classification_tree.\tree_80$func$/Users/marcandre/Desktop/Startup/TowardsBNN/binaryneuralnet-asic-TTIHP26/src/classification_tree.sv:3533$120.$result' from process `\classification_tree.$proc$/Users/marcandre/Desktop/Startup/TowardsBNN/binaryneuralnet-asic-TTIHP26/src/classification_tree.sv:3533$456'.
No latch inferred for signal `\classification_tree.\tree_80$func$/Users/marcandre/Desktop/Startup/TowardsBNN/binaryneuralnet-asic-TTIHP26/src/classification_tree.sv:3533$120.emb' from process `\classification_tree.$proc$/Users/marcandre/Desktop/Startup/TowardsBNN/binaryneuralnet-asic-TTIHP26/src/classification_tree.sv:3533$456'.
No latch inferred for signal `\classification_tree.\tree_70$func$/Users/marcandre/Desktop/Startup/TowardsBNN/binaryneuralnet-asic-TTIHP26/src/classification_tree.sv:3532$19.$result' from process `\classification_tree.$proc$/Users/marcandre/Desktop/Startup/TowardsBNN/binaryneuralnet-asic-TTIHP26/src/classification_tree.sv:3532$438'.
No latch inferred for signal `\classification_tree.\tree_70$func$/Users/marcandre/Desktop/Startup/TowardsBNN/binaryneuralnet-asic-TTIHP26/src/classification_tree.sv:3532$119.$result' from process `\classification_tree.$proc$/Users/marcandre/Desktop/Startup/TowardsBNN/binaryneuralnet-asic-TTIHP26/src/classification_tree.sv:3532$438'.
No latch inferred for signal `\classification_tree.\tree_70$func$/Users/marcandre/Desktop/Startup/TowardsBNN/binaryneuralnet-asic-TTIHP26/src/classification_tree.sv:3532$119.emb' from process `\classification_tree.$proc$/Users/marcandre/Desktop/Startup/TowardsBNN/binaryneuralnet-asic-TTIHP26/src/classification_tree.sv:3532$438'.
No latch inferred for signal `\classification_tree.\tree_60$func$/Users/marcandre/Desktop/Startup/TowardsBNN/binaryneuralnet-asic-TTIHP26/src/classification_tree.sv:3531$18.$result' from process `\classification_tree.$proc$/Users/marcandre/Desktop/Startup/TowardsBNN/binaryneuralnet-asic-TTIHP26/src/classification_tree.sv:3531$420'.
No latch inferred for signal `\classification_tree.\tree_60$func$/Users/marcandre/Desktop/Startup/TowardsBNN/binaryneuralnet-asic-TTIHP26/src/classification_tree.sv:3531$118.$result' from process `\classification_tree.$proc$/Users/marcandre/Desktop/Startup/TowardsBNN/binaryneuralnet-asic-TTIHP26/src/classification_tree.sv:3531$420'.
No latch inferred for signal `\classification_tree.\tree_60$func$/Users/marcandre/Desktop/Startup/TowardsBNN/binaryneuralnet-asic-TTIHP26/src/classification_tree.sv:3531$118.emb' from process `\classification_tree.$proc$/Users/marcandre/Desktop/Startup/TowardsBNN/binaryneuralnet-asic-TTIHP26/src/classification_tree.sv:3531$420'.
No latch inferred for signal `\classification_tree.\tree_50$func$/Users/marcandre/Desktop/Startup/TowardsBNN/binaryneuralnet-asic-TTIHP26/src/classification_tree.sv:3530$17.$result' from process `\classification_tree.$proc$/Users/marcandre/Desktop/Startup/TowardsBNN/binaryneuralnet-asic-TTIHP26/src/classification_tree.sv:3530$402'.
No latch inferred for signal `\classification_tree.\tree_50$func$/Users/marcandre/Desktop/Startup/TowardsBNN/binaryneuralnet-asic-TTIHP26/src/classification_tree.sv:3530$117.$result' from process `\classification_tree.$proc$/Users/marcandre/Desktop/Startup/TowardsBNN/binaryneuralnet-asic-TTIHP26/src/classification_tree.sv:3530$402'.
No latch inferred for signal `\classification_tree.\tree_50$func$/Users/marcandre/Desktop/Startup/TowardsBNN/binaryneuralnet-asic-TTIHP26/src/classification_tree.sv:3530$117.emb' from process `\classification_tree.$proc$/Users/marcandre/Desktop/Startup/TowardsBNN/binaryneuralnet-asic-TTIHP26/src/classification_tree.sv:3530$402'.
No latch inferred for signal `\classification_tree.\tree_40$func$/Users/marcandre/Desktop/Startup/TowardsBNN/binaryneuralnet-asic-TTIHP26/src/classification_tree.sv:3529$16.$result' from process `\classification_tree.$proc$/Users/marcandre/Desktop/Startup/TowardsBNN/binaryneuralnet-asic-TTIHP26/src/classification_tree.sv:3529$384'.
No latch inferred for signal `\classification_tree.\tree_40$func$/Users/marcandre/Desktop/Startup/TowardsBNN/binaryneuralnet-asic-TTIHP26/src/classification_tree.sv:3529$116.$result' from process `\classification_tree.$proc$/Users/marcandre/Desktop/Startup/TowardsBNN/binaryneuralnet-asic-TTIHP26/src/classification_tree.sv:3529$384'.
No latch inferred for signal `\classification_tree.\tree_40$func$/Users/marcandre/Desktop/Startup/TowardsBNN/binaryneuralnet-asic-TTIHP26/src/classification_tree.sv:3529$116.emb' from process `\classification_tree.$proc$/Users/marcandre/Desktop/Startup/TowardsBNN/binaryneuralnet-asic-TTIHP26/src/classification_tree.sv:3529$384'.
No latch inferred for signal `\classification_tree.\tree_30$func$/Users/marcandre/Desktop/Startup/TowardsBNN/binaryneuralnet-asic-TTIHP26/src/classification_tree.sv:3528$15.$result' from process `\classification_tree.$proc$/Users/marcandre/Desktop/Startup/TowardsBNN/binaryneuralnet-asic-TTIHP26/src/classification_tree.sv:3528$366'.
No latch inferred for signal `\classification_tree.\tree_30$func$/Users/marcandre/Desktop/Startup/TowardsBNN/binaryneuralnet-asic-TTIHP26/src/classification_tree.sv:3528$115.$result' from process `\classification_tree.$proc$/Users/marcandre/Desktop/Startup/TowardsBNN/binaryneuralnet-asic-TTIHP26/src/classification_tree.sv:3528$366'.
No latch inferred for signal `\classification_tree.\tree_30$func$/Users/marcandre/Desktop/Startup/TowardsBNN/binaryneuralnet-asic-TTIHP26/src/classification_tree.sv:3528$115.emb' from process `\classification_tree.$proc$/Users/marcandre/Desktop/Startup/TowardsBNN/binaryneuralnet-asic-TTIHP26/src/classification_tree.sv:3528$366'.
No latch inferred for signal `\classification_tree.\tree_20$func$/Users/marcandre/Desktop/Startup/TowardsBNN/binaryneuralnet-asic-TTIHP26/src/classification_tree.sv:3527$14.$result' from process `\classification_tree.$proc$/Users/marcandre/Desktop/Startup/TowardsBNN/binaryneuralnet-asic-TTIHP26/src/classification_tree.sv:3527$348'.
No latch inferred for signal `\classification_tree.\tree_20$func$/Users/marcandre/Desktop/Startup/TowardsBNN/binaryneuralnet-asic-TTIHP26/src/classification_tree.sv:3527$114.$result' from process `\classification_tree.$proc$/Users/marcandre/Desktop/Startup/TowardsBNN/binaryneuralnet-asic-TTIHP26/src/classification_tree.sv:3527$348'.
No latch inferred for signal `\classification_tree.\tree_20$func$/Users/marcandre/Desktop/Startup/TowardsBNN/binaryneuralnet-asic-TTIHP26/src/classification_tree.sv:3527$114.emb' from process `\classification_tree.$proc$/Users/marcandre/Desktop/Startup/TowardsBNN/binaryneuralnet-asic-TTIHP26/src/classification_tree.sv:3527$348'.
No latch inferred for signal `\classification_tree.\tree_10$func$/Users/marcandre/Desktop/Startup/TowardsBNN/binaryneuralnet-asic-TTIHP26/src/classification_tree.sv:3526$13.$result' from process `\classification_tree.$proc$/Users/marcandre/Desktop/Startup/TowardsBNN/binaryneuralnet-asic-TTIHP26/src/classification_tree.sv:3526$330'.
No latch inferred for signal `\classification_tree.\tree_10$func$/Users/marcandre/Desktop/Startup/TowardsBNN/binaryneuralnet-asic-TTIHP26/src/classification_tree.sv:3526$113.$result' from process `\classification_tree.$proc$/Users/marcandre/Desktop/Startup/TowardsBNN/binaryneuralnet-asic-TTIHP26/src/classification_tree.sv:3526$330'.
No latch inferred for signal `\classification_tree.\tree_10$func$/Users/marcandre/Desktop/Startup/TowardsBNN/binaryneuralnet-asic-TTIHP26/src/classification_tree.sv:3526$113.emb' from process `\classification_tree.$proc$/Users/marcandre/Desktop/Startup/TowardsBNN/binaryneuralnet-asic-TTIHP26/src/classification_tree.sv:3526$330'.
No latch inferred for signal `\classification_tree.\tree_0$func$/Users/marcandre/Desktop/Startup/TowardsBNN/binaryneuralnet-asic-TTIHP26/src/classification_tree.sv:3525$12.$result' from process `\classification_tree.$proc$/Users/marcandre/Desktop/Startup/TowardsBNN/binaryneuralnet-asic-TTIHP26/src/classification_tree.sv:3525$312'.
No latch inferred for signal `\classification_tree.\tree_0$func$/Users/marcandre/Desktop/Startup/TowardsBNN/binaryneuralnet-asic-TTIHP26/src/classification_tree.sv:3525$112.$result' from process `\classification_tree.$proc$/Users/marcandre/Desktop/Startup/TowardsBNN/binaryneuralnet-asic-TTIHP26/src/classification_tree.sv:3525$312'.
No latch inferred for signal `\classification_tree.\tree_0$func$/Users/marcandre/Desktop/Startup/TowardsBNN/binaryneuralnet-asic-TTIHP26/src/classification_tree.sv:3525$112.emb' from process `\classification_tree.$proc$/Users/marcandre/Desktop/Startup/TowardsBNN/binaryneuralnet-asic-TTIHP26/src/classification_tree.sv:3525$312'.
No latch inferred for signal `\classification_tree.\number_o' from process `\classification_tree.$proc$/Users/marcandre/Desktop/Startup/TowardsBNN/binaryneuralnet-asic-TTIHP26/src/classification_tree.sv:3646$302'.
No latch inferred for signal `\classification_tree.\max_score' from process `\classification_tree.$proc$/Users/marcandre/Desktop/Startup/TowardsBNN/binaryneuralnet-asic-TTIHP26/src/classification_tree.sv:3646$302'.
No latch inferred for signal `\main.\sram_req' from process `\main.$proc$/Users/marcandre/Desktop/Startup/TowardsBNN/binaryneuralnet-asic-TTIHP26/src/main.sv:233$11'.

19.9. Executing PROC_DFF pass (convert process syncs to FFs).
Creating register for signal `\load_conv_op_3x6.\state' using process `\load_conv_op_3x6.$proc$/Users/marcandre/Desktop/Startup/TowardsBNN/binaryneuralnet-asic-TTIHP26/src/load_conv_op_3x6.sv:126$2522'.
  created $adff cell `$procdff$31162' with positive edge clock and positive level reset.
Creating register for signal `\load_conv_op_3x6.\ready_o' using process `\load_conv_op_3x6.$proc$/Users/marcandre/Desktop/Startup/TowardsBNN/binaryneuralnet-asic-TTIHP26/src/load_conv_op_3x6.sv:126$2522'.
  created $adff cell `$procdff$31167' with positive edge clock and positive level reset.
Creating register for signal `\load_conv_op_3x6.\buffer_o' using process `\load_conv_op_3x6.$proc$/Users/marcandre/Desktop/Startup/TowardsBNN/binaryneuralnet-asic-TTIHP26/src/load_conv_op_3x6.sv:126$2522'.
  created $adff cell `$procdff$31172' with positive edge clock and positive level reset.
Creating register for signal `\load_conv_op_3x6.\byte_a_r' using process `\load_conv_op_3x6.$proc$/Users/marcandre/Desktop/Startup/TowardsBNN/binaryneuralnet-asic-TTIHP26/src/load_conv_op_3x6.sv:126$2522'.
  created $adff cell `$procdff$31177' with positive edge clock and positive level reset.
Creating register for signal `\load_conv_op_3x6.\extract6$func$/Users/marcandre/Desktop/Startup/TowardsBNN/binaryneuralnet-asic-TTIHP26/src/load_conv_op_3x6.sv:151$2510.$result' using process `\load_conv_op_3x6.$proc$/Users/marcandre/Desktop/Startup/TowardsBNN/binaryneuralnet-asic-TTIHP26/src/load_conv_op_3x6.sv:126$2522'.
  created $adff cell `$procdff$31182' with positive edge clock and positive level reset.
Creating register for signal `\load_conv_op_3x6.\extract6$func$/Users/marcandre/Desktop/Startup/TowardsBNN/binaryneuralnet-asic-TTIHP26/src/load_conv_op_3x6.sv:151$2510.byte_a' using process `\load_conv_op_3x6.$proc$/Users/marcandre/Desktop/Startup/TowardsBNN/binaryneuralnet-asic-TTIHP26/src/load_conv_op_3x6.sv:126$2522'.
  created $adff cell `$procdff$31187' with positive edge clock and positive level reset.
Creating register for signal `\load_conv_op_3x6.\extract6$func$/Users/marcandre/Desktop/Startup/TowardsBNN/binaryneuralnet-asic-TTIHP26/src/load_conv_op_3x6.sv:151$2510.byte_b' using process `\load_conv_op_3x6.$proc$/Users/marcandre/Desktop/Startup/TowardsBNN/binaryneuralnet-asic-TTIHP26/src/load_conv_op_3x6.sv:126$2522'.
  created $adff cell `$procdff$31192' with positive edge clock and positive level reset.
Creating register for signal `\load_conv_op_3x6.\extract6$func$/Users/marcandre/Desktop/Startup/TowardsBNN/binaryneuralnet-asic-TTIHP26/src/load_conv_op_3x6.sv:151$2510.bit_off' using process `\load_conv_op_3x6.$proc$/Users/marcandre/Desktop/Startup/TowardsBNN/binaryneuralnet-asic-TTIHP26/src/load_conv_op_3x6.sv:126$2522'.
  created $adff cell `$procdff$31197' with positive edge clock and positive level reset.
Creating register for signal `\load_conv_op_3x6.\extract6$func$/Users/marcandre/Desktop/Startup/TowardsBNN/binaryneuralnet-asic-TTIHP26/src/load_conv_op_3x6.sv:151$2510.combined' using process `\load_conv_op_3x6.$proc$/Users/marcandre/Desktop/Startup/TowardsBNN/binaryneuralnet-asic-TTIHP26/src/load_conv_op_3x6.sv:126$2522'.
  created $adff cell `$procdff$31202' with positive edge clock and positive level reset.
Creating register for signal `\load_conv_op_3x6.\extract6$func$/Users/marcandre/Desktop/Startup/TowardsBNN/binaryneuralnet-asic-TTIHP26/src/load_conv_op_3x6.sv:151$2510.shifted' using process `\load_conv_op_3x6.$proc$/Users/marcandre/Desktop/Startup/TowardsBNN/binaryneuralnet-asic-TTIHP26/src/load_conv_op_3x6.sv:126$2522'.
  created $adff cell `$procdff$31207' with positive edge clock and positive level reset.
Creating register for signal `\load_conv_op_3x6.\extract6$func$/Users/marcandre/Desktop/Startup/TowardsBNN/binaryneuralnet-asic-TTIHP26/src/load_conv_op_3x6.sv:162$2511.$result' using process `\load_conv_op_3x6.$proc$/Users/marcandre/Desktop/Startup/TowardsBNN/binaryneuralnet-asic-TTIHP26/src/load_conv_op_3x6.sv:126$2522'.
  created $adff cell `$procdff$31212' with positive edge clock and positive level reset.
Creating register for signal `\load_conv_op_3x6.\extract6$func$/Users/marcandre/Desktop/Startup/TowardsBNN/binaryneuralnet-asic-TTIHP26/src/load_conv_op_3x6.sv:162$2511.byte_a' using process `\load_conv_op_3x6.$proc$/Users/marcandre/Desktop/Startup/TowardsBNN/binaryneuralnet-asic-TTIHP26/src/load_conv_op_3x6.sv:126$2522'.
  created $adff cell `$procdff$31217' with positive edge clock and positive level reset.
Creating register for signal `\load_conv_op_3x6.\extract6$func$/Users/marcandre/Desktop/Startup/TowardsBNN/binaryneuralnet-asic-TTIHP26/src/load_conv_op_3x6.sv:162$2511.byte_b' using process `\load_conv_op_3x6.$proc$/Users/marcandre/Desktop/Startup/TowardsBNN/binaryneuralnet-asic-TTIHP26/src/load_conv_op_3x6.sv:126$2522'.
  created $adff cell `$procdff$31222' with positive edge clock and positive level reset.
Creating register for signal `\load_conv_op_3x6.\extract6$func$/Users/marcandre/Desktop/Startup/TowardsBNN/binaryneuralnet-asic-TTIHP26/src/load_conv_op_3x6.sv:162$2511.bit_off' using process `\load_conv_op_3x6.$proc$/Users/marcandre/Desktop/Startup/TowardsBNN/binaryneuralnet-asic-TTIHP26/src/load_conv_op_3x6.sv:126$2522'.
  created $adff cell `$procdff$31227' with positive edge clock and positive level reset.
Creating register for signal `\load_conv_op_3x6.\extract6$func$/Users/marcandre/Desktop/Startup/TowardsBNN/binaryneuralnet-asic-TTIHP26/src/load_conv_op_3x6.sv:162$2511.combined' using process `\load_conv_op_3x6.$proc$/Users/marcandre/Desktop/Startup/TowardsBNN/binaryneuralnet-asic-TTIHP26/src/load_conv_op_3x6.sv:126$2522'.
  created $adff cell `$procdff$31232' with positive edge clock and positive level reset.
Creating register for signal `\load_conv_op_3x6.\extract6$func$/Users/marcandre/Desktop/Startup/TowardsBNN/binaryneuralnet-asic-TTIHP26/src/load_conv_op_3x6.sv:162$2511.shifted' using process `\load_conv_op_3x6.$proc$/Users/marcandre/Desktop/Startup/TowardsBNN/binaryneuralnet-asic-TTIHP26/src/load_conv_op_3x6.sv:126$2522'.
  created $adff cell `$procdff$31237' with positive edge clock and positive level reset.
Creating register for signal `\load_conv_op_3x6.\extract6$func$/Users/marcandre/Desktop/Startup/TowardsBNN/binaryneuralnet-asic-TTIHP26/src/load_conv_op_3x6.sv:173$2512.$result' using process `\load_conv_op_3x6.$proc$/Users/marcandre/Desktop/Startup/TowardsBNN/binaryneuralnet-asic-TTIHP26/src/load_conv_op_3x6.sv:126$2522'.
  created $adff cell `$procdff$31242' with positive edge clock and positive level reset.
Creating register for signal `\load_conv_op_3x6.\extract6$func$/Users/marcandre/Desktop/Startup/TowardsBNN/binaryneuralnet-asic-TTIHP26/src/load_conv_op_3x6.sv:173$2512.byte_a' using process `\load_conv_op_3x6.$proc$/Users/marcandre/Desktop/Startup/TowardsBNN/binaryneuralnet-asic-TTIHP26/src/load_conv_op_3x6.sv:126$2522'.
  created $adff cell `$procdff$31247' with positive edge clock and positive level reset.
Creating register for signal `\load_conv_op_3x6.\extract6$func$/Users/marcandre/Desktop/Startup/TowardsBNN/binaryneuralnet-asic-TTIHP26/src/load_conv_op_3x6.sv:173$2512.byte_b' using process `\load_conv_op_3x6.$proc$/Users/marcandre/Desktop/Startup/TowardsBNN/binaryneuralnet-asic-TTIHP26/src/load_conv_op_3x6.sv:126$2522'.
  created $adff cell `$procdff$31252' with positive edge clock and positive level reset.
Creating register for signal `\load_conv_op_3x6.\extract6$func$/Users/marcandre/Desktop/Startup/TowardsBNN/binaryneuralnet-asic-TTIHP26/src/load_conv_op_3x6.sv:173$2512.bit_off' using process `\load_conv_op_3x6.$proc$/Users/marcandre/Desktop/Startup/TowardsBNN/binaryneuralnet-asic-TTIHP26/src/load_conv_op_3x6.sv:126$2522'.
  created $adff cell `$procdff$31257' with positive edge clock and positive level reset.
Creating register for signal `\load_conv_op_3x6.\extract6$func$/Users/marcandre/Desktop/Startup/TowardsBNN/binaryneuralnet-asic-TTIHP26/src/load_conv_op_3x6.sv:173$2512.combined' using process `\load_conv_op_3x6.$proc$/Users/marcandre/Desktop/Startup/TowardsBNN/binaryneuralnet-asic-TTIHP26/src/load_conv_op_3x6.sv:126$2522'.
  created $adff cell `$procdff$31262' with positive edge clock and positive level reset.
Creating register for signal `\load_conv_op_3x6.\extract6$func$/Users/marcandre/Desktop/Startup/TowardsBNN/binaryneuralnet-asic-TTIHP26/src/load_conv_op_3x6.sv:173$2512.shifted' using process `\load_conv_op_3x6.$proc$/Users/marcandre/Desktop/Startup/TowardsBNN/binaryneuralnet-asic-TTIHP26/src/load_conv_op_3x6.sv:126$2522'.
  created $adff cell `$procdff$31267' with positive edge clock and positive level reset.
Creating register for signal `\mnist_loader.\state' using process `\mnist_loader.$proc$/Users/marcandre/Desktop/Startup/TowardsBNN/binaryneuralnet-asic-TTIHP26/src/mnist_loader.sv:64$2400'.
  created $adff cell `$procdff$31272' with positive edge clock and positive level reset.
Creating register for signal `\mnist_loader.\packet_counter' using process `\mnist_loader.$proc$/Users/marcandre/Desktop/Startup/TowardsBNN/binaryneuralnet-asic-TTIHP26/src/mnist_loader.sv:64$2400'.
  created $adff cell `$procdff$31277' with positive edge clock and positive level reset.
Creating register for signal `\conv_layer1.\state' using process `\conv_layer1.$proc$/Users/marcandre/Desktop/Startup/TowardsBNN/binaryneuralnet-asic-TTIHP26/src/conv_layer1.sv:168$2378'.
  created $adff cell `$procdff$31282' with positive edge clock and positive level reset.
Creating register for signal `\conv_layer1.\co' using process `\conv_layer1.$proc$/Users/marcandre/Desktop/Startup/TowardsBNN/binaryneuralnet-asic-TTIHP26/src/conv_layer1.sv:168$2378'.
  created $adff cell `$procdff$31287' with positive edge clock and positive level reset.
Creating register for signal `\conv_layer1.\row_out' using process `\conv_layer1.$proc$/Users/marcandre/Desktop/Startup/TowardsBNN/binaryneuralnet-asic-TTIHP26/src/conv_layer1.sv:168$2378'.
  created $adff cell `$procdff$31292' with positive edge clock and positive level reset.
Creating register for signal `\conv_layer1.\write_j' using process `\conv_layer1.$proc$/Users/marcandre/Desktop/Startup/TowardsBNN/binaryneuralnet-asic-TTIHP26/src/conv_layer1.sv:168$2378'.
  created $adff cell `$procdff$31297' with positive edge clock and positive level reset.
Creating register for signal `\conv_layer1.\col_start' using process `\conv_layer1.$proc$/Users/marcandre/Desktop/Startup/TowardsBNN/binaryneuralnet-asic-TTIHP26/src/conv_layer1.sv:168$2378'.
  created $adff cell `$procdff$31302' with positive edge clock and positive level reset.
Creating register for signal `\conv_layer1.\buffer_reg' using process `\conv_layer1.$proc$/Users/marcandre/Desktop/Startup/TowardsBNN/binaryneuralnet-asic-TTIHP26/src/conv_layer1.sv:88$2355'.
  created $dff cell `$procdff$31303' with positive edge clock.
Creating register for signal `$paramod$c9bc438dfe858e9d75bddd12c427471508300052\maxpool_2x2.\state' using process `$paramod$c9bc438dfe858e9d75bddd12c427471508300052\maxpool_2x2.$proc$/Users/marcandre/Desktop/Startup/TowardsBNN/binaryneuralnet-asic-TTIHP26/src/maxpool_2x2.sv:165$2345'.
  created $adff cell `$procdff$31308' with positive edge clock and positive level reset.
Creating register for signal `$paramod$c9bc438dfe858e9d75bddd12c427471508300052\maxpool_2x2.\co' using process `$paramod$c9bc438dfe858e9d75bddd12c427471508300052\maxpool_2x2.$proc$/Users/marcandre/Desktop/Startup/TowardsBNN/binaryneuralnet-asic-TTIHP26/src/maxpool_2x2.sv:165$2345'.
  created $adff cell `$procdff$31313' with positive edge clock and positive level reset.
Creating register for signal `$paramod$c9bc438dfe858e9d75bddd12c427471508300052\maxpool_2x2.\r_out' using process `$paramod$c9bc438dfe858e9d75bddd12c427471508300052\maxpool_2x2.$proc$/Users/marcandre/Desktop/Startup/TowardsBNN/binaryneuralnet-asic-TTIHP26/src/maxpool_2x2.sv:165$2345'.
  created $adff cell `$procdff$31318' with positive edge clock and positive level reset.
Creating register for signal `$paramod$c9bc438dfe858e9d75bddd12c427471508300052\maxpool_2x2.\c_out' using process `$paramod$c9bc438dfe858e9d75bddd12c427471508300052\maxpool_2x2.$proc$/Users/marcandre/Desktop/Startup/TowardsBNN/binaryneuralnet-asic-TTIHP26/src/maxpool_2x2.sv:165$2345'.
  created $adff cell `$procdff$31323' with positive edge clock and positive level reset.
Creating register for signal `$paramod$c9bc438dfe858e9d75bddd12c427471508300052\maxpool_2x2.\top_byte_reg' using process `$paramod$c9bc438dfe858e9d75bddd12c427471508300052\maxpool_2x2.$proc$/Users/marcandre/Desktop/Startup/TowardsBNN/binaryneuralnet-asic-TTIHP26/src/maxpool_2x2.sv:165$2345'.
  created $adff cell `$procdff$31328' with positive edge clock and positive level reset.
Creating register for signal `$paramod$c9bc438dfe858e9d75bddd12c427471508300052\maxpool_2x2.\bot_byte_reg' using process `$paramod$c9bc438dfe858e9d75bddd12c427471508300052\maxpool_2x2.$proc$/Users/marcandre/Desktop/Startup/TowardsBNN/binaryneuralnet-asic-TTIHP26/src/maxpool_2x2.sv:165$2345'.
  created $adff cell `$procdff$31333' with positive edge clock and positive level reset.
Creating register for signal `\conv_layer2.\state' using process `\conv_layer2.$proc$/Users/marcandre/Desktop/Startup/TowardsBNN/binaryneuralnet-asic-TTIHP26/src/conv_layer2.sv:186$2198'.
  created $adff cell `$procdff$31338' with positive edge clock and positive level reset.
Creating register for signal `\conv_layer2.\co' using process `\conv_layer2.$proc$/Users/marcandre/Desktop/Startup/TowardsBNN/binaryneuralnet-asic-TTIHP26/src/conv_layer2.sv:186$2198'.
  created $adff cell `$procdff$31343' with positive edge clock and positive level reset.
Creating register for signal `\conv_layer2.\row_out' using process `\conv_layer2.$proc$/Users/marcandre/Desktop/Startup/TowardsBNN/binaryneuralnet-asic-TTIHP26/src/conv_layer2.sv:186$2198'.
  created $adff cell `$procdff$31348' with positive edge clock and positive level reset.
Creating register for signal `\conv_layer2.\ci' using process `\conv_layer2.$proc$/Users/marcandre/Desktop/Startup/TowardsBNN/binaryneuralnet-asic-TTIHP26/src/conv_layer2.sv:186$2198'.
  created $adff cell `$procdff$31353' with positive edge clock and positive level reset.
Creating register for signal `\conv_layer2.\write_j' using process `\conv_layer2.$proc$/Users/marcandre/Desktop/Startup/TowardsBNN/binaryneuralnet-asic-TTIHP26/src/conv_layer2.sv:186$2198'.
  created $adff cell `$procdff$31358' with positive edge clock and positive level reset.
Creating register for signal `\conv_layer2.$unnamed_block$7.i' using process `\conv_layer2.$proc$/Users/marcandre/Desktop/Startup/TowardsBNN/binaryneuralnet-asic-TTIHP26/src/conv_layer2.sv:186$2198'.
  created $adff cell `$procdff$31363' with positive edge clock and positive level reset.
Creating register for signal `\conv_layer2.$unnamed_block$7.j' using process `\conv_layer2.$proc$/Users/marcandre/Desktop/Startup/TowardsBNN/binaryneuralnet-asic-TTIHP26/src/conv_layer2.sv:186$2198'.
  created $adff cell `$procdff$31368' with positive edge clock and positive level reset.
Creating register for signal `\conv_layer2.\acc[0]' using process `\conv_layer2.$proc$/Users/marcandre/Desktop/Startup/TowardsBNN/binaryneuralnet-asic-TTIHP26/src/conv_layer2.sv:186$2198'.
  created $adff cell `$procdff$31373' with positive edge clock and positive level reset.
Creating register for signal `\conv_layer2.\acc[1]' using process `\conv_layer2.$proc$/Users/marcandre/Desktop/Startup/TowardsBNN/binaryneuralnet-asic-TTIHP26/src/conv_layer2.sv:186$2198'.
  created $adff cell `$procdff$31378' with positive edge clock and positive level reset.
Creating register for signal `\conv_layer2.\acc[2]' using process `\conv_layer2.$proc$/Users/marcandre/Desktop/Startup/TowardsBNN/binaryneuralnet-asic-TTIHP26/src/conv_layer2.sv:186$2198'.
  created $adff cell `$procdff$31383' with positive edge clock and positive level reset.
Creating register for signal `\conv_layer2.\acc[3]' using process `\conv_layer2.$proc$/Users/marcandre/Desktop/Startup/TowardsBNN/binaryneuralnet-asic-TTIHP26/src/conv_layer2.sv:186$2198'.
  created $adff cell `$procdff$31388' with positive edge clock and positive level reset.
Creating register for signal `\conv_layer2.\acc[4]' using process `\conv_layer2.$proc$/Users/marcandre/Desktop/Startup/TowardsBNN/binaryneuralnet-asic-TTIHP26/src/conv_layer2.sv:186$2198'.
  created $adff cell `$procdff$31393' with positive edge clock and positive level reset.
Creating register for signal `\conv_layer2.\acc[5]' using process `\conv_layer2.$proc$/Users/marcandre/Desktop/Startup/TowardsBNN/binaryneuralnet-asic-TTIHP26/src/conv_layer2.sv:186$2198'.
  created $adff cell `$procdff$31398' with positive edge clock and positive level reset.
Creating register for signal `\conv_layer2.\acc[6]' using process `\conv_layer2.$proc$/Users/marcandre/Desktop/Startup/TowardsBNN/binaryneuralnet-asic-TTIHP26/src/conv_layer2.sv:186$2198'.
  created $adff cell `$procdff$31403' with positive edge clock and positive level reset.
Creating register for signal `\conv_layer2.\acc[7]' using process `\conv_layer2.$proc$/Users/marcandre/Desktop/Startup/TowardsBNN/binaryneuralnet-asic-TTIHP26/src/conv_layer2.sv:186$2198'.
  created $adff cell `$procdff$31408' with positive edge clock and positive level reset.
Creating register for signal `\conv_layer2.\acc[8]' using process `\conv_layer2.$proc$/Users/marcandre/Desktop/Startup/TowardsBNN/binaryneuralnet-asic-TTIHP26/src/conv_layer2.sv:186$2198'.
  created $adff cell `$procdff$31413' with positive edge clock and positive level reset.
Creating register for signal `\conv_layer2.\acc[9]' using process `\conv_layer2.$proc$/Users/marcandre/Desktop/Startup/TowardsBNN/binaryneuralnet-asic-TTIHP26/src/conv_layer2.sv:186$2198'.
  created $adff cell `$procdff$31418' with positive edge clock and positive level reset.
Creating register for signal `\conv_layer2.\acc[10]' using process `\conv_layer2.$proc$/Users/marcandre/Desktop/Startup/TowardsBNN/binaryneuralnet-asic-TTIHP26/src/conv_layer2.sv:186$2198'.
  created $adff cell `$procdff$31423' with positive edge clock and positive level reset.
Creating register for signal `\conv_layer2.\acc[11]' using process `\conv_layer2.$proc$/Users/marcandre/Desktop/Startup/TowardsBNN/binaryneuralnet-asic-TTIHP26/src/conv_layer2.sv:186$2198'.
  created $adff cell `$procdff$31428' with positive edge clock and positive level reset.
Creating register for signal `\conv_layer2.\acc[12]' using process `\conv_layer2.$proc$/Users/marcandre/Desktop/Startup/TowardsBNN/binaryneuralnet-asic-TTIHP26/src/conv_layer2.sv:186$2198'.
  created $adff cell `$procdff$31433' with positive edge clock and positive level reset.
Creating register for signal `\conv_layer2.\acc[13]' using process `\conv_layer2.$proc$/Users/marcandre/Desktop/Startup/TowardsBNN/binaryneuralnet-asic-TTIHP26/src/conv_layer2.sv:186$2198'.
  created $adff cell `$procdff$31438' with positive edge clock and positive level reset.
Creating register for signal `\conv_layer2.\acc[14]' using process `\conv_layer2.$proc$/Users/marcandre/Desktop/Startup/TowardsBNN/binaryneuralnet-asic-TTIHP26/src/conv_layer2.sv:186$2198'.
  created $adff cell `$procdff$31443' with positive edge clock and positive level reset.
Creating register for signal `\conv_layer2.\acc[15]' using process `\conv_layer2.$proc$/Users/marcandre/Desktop/Startup/TowardsBNN/binaryneuralnet-asic-TTIHP26/src/conv_layer2.sv:186$2198'.
  created $adff cell `$procdff$31448' with positive edge clock and positive level reset.
Creating register for signal `\conv_layer2.\acc[16]' using process `\conv_layer2.$proc$/Users/marcandre/Desktop/Startup/TowardsBNN/binaryneuralnet-asic-TTIHP26/src/conv_layer2.sv:186$2198'.
  created $adff cell `$procdff$31453' with positive edge clock and positive level reset.
Creating register for signal `\conv_layer2.\acc[17]' using process `\conv_layer2.$proc$/Users/marcandre/Desktop/Startup/TowardsBNN/binaryneuralnet-asic-TTIHP26/src/conv_layer2.sv:186$2198'.
  created $adff cell `$procdff$31458' with positive edge clock and positive level reset.
Creating register for signal `\conv_layer2.\acc[18]' using process `\conv_layer2.$proc$/Users/marcandre/Desktop/Startup/TowardsBNN/binaryneuralnet-asic-TTIHP26/src/conv_layer2.sv:186$2198'.
  created $adff cell `$procdff$31463' with positive edge clock and positive level reset.
Creating register for signal `\conv_layer2.\acc[19]' using process `\conv_layer2.$proc$/Users/marcandre/Desktop/Startup/TowardsBNN/binaryneuralnet-asic-TTIHP26/src/conv_layer2.sv:186$2198'.
  created $adff cell `$procdff$31468' with positive edge clock and positive level reset.
Creating register for signal `\conv_layer2.\acc[20]' using process `\conv_layer2.$proc$/Users/marcandre/Desktop/Startup/TowardsBNN/binaryneuralnet-asic-TTIHP26/src/conv_layer2.sv:186$2198'.
  created $adff cell `$procdff$31473' with positive edge clock and positive level reset.
Creating register for signal `\conv_layer2.\acc[21]' using process `\conv_layer2.$proc$/Users/marcandre/Desktop/Startup/TowardsBNN/binaryneuralnet-asic-TTIHP26/src/conv_layer2.sv:186$2198'.
  created $adff cell `$procdff$31478' with positive edge clock and positive level reset.
Creating register for signal `\conv_layer2.\acc[22]' using process `\conv_layer2.$proc$/Users/marcandre/Desktop/Startup/TowardsBNN/binaryneuralnet-asic-TTIHP26/src/conv_layer2.sv:186$2198'.
  created $adff cell `$procdff$31483' with positive edge clock and positive level reset.
Creating register for signal `\conv_layer2.\acc[23]' using process `\conv_layer2.$proc$/Users/marcandre/Desktop/Startup/TowardsBNN/binaryneuralnet-asic-TTIHP26/src/conv_layer2.sv:186$2198'.
  created $adff cell `$procdff$31488' with positive edge clock and positive level reset.
Creating register for signal `\conv_layer2.\acc[24]' using process `\conv_layer2.$proc$/Users/marcandre/Desktop/Startup/TowardsBNN/binaryneuralnet-asic-TTIHP26/src/conv_layer2.sv:186$2198'.
  created $adff cell `$procdff$31493' with positive edge clock and positive level reset.
Creating register for signal `\conv_layer2.\acc[25]' using process `\conv_layer2.$proc$/Users/marcandre/Desktop/Startup/TowardsBNN/binaryneuralnet-asic-TTIHP26/src/conv_layer2.sv:186$2198'.
  created $adff cell `$procdff$31498' with positive edge clock and positive level reset.
Creating register for signal `\conv_layer2.\acc[26]' using process `\conv_layer2.$proc$/Users/marcandre/Desktop/Startup/TowardsBNN/binaryneuralnet-asic-TTIHP26/src/conv_layer2.sv:186$2198'.
  created $adff cell `$procdff$31503' with positive edge clock and positive level reset.
Creating register for signal `\conv_layer2.\acc[27]' using process `\conv_layer2.$proc$/Users/marcandre/Desktop/Startup/TowardsBNN/binaryneuralnet-asic-TTIHP26/src/conv_layer2.sv:186$2198'.
  created $adff cell `$procdff$31508' with positive edge clock and positive level reset.
Creating register for signal `\conv_layer2.\acc[28]' using process `\conv_layer2.$proc$/Users/marcandre/Desktop/Startup/TowardsBNN/binaryneuralnet-asic-TTIHP26/src/conv_layer2.sv:186$2198'.
  created $adff cell `$procdff$31513' with positive edge clock and positive level reset.
Creating register for signal `\conv_layer2.\acc[29]' using process `\conv_layer2.$proc$/Users/marcandre/Desktop/Startup/TowardsBNN/binaryneuralnet-asic-TTIHP26/src/conv_layer2.sv:186$2198'.
  created $adff cell `$procdff$31518' with positive edge clock and positive level reset.
Creating register for signal `\conv_layer2.\acc[30]' using process `\conv_layer2.$proc$/Users/marcandre/Desktop/Startup/TowardsBNN/binaryneuralnet-asic-TTIHP26/src/conv_layer2.sv:186$2198'.
  created $adff cell `$procdff$31523' with positive edge clock and positive level reset.
Creating register for signal `\conv_layer2.\acc[31]' using process `\conv_layer2.$proc$/Users/marcandre/Desktop/Startup/TowardsBNN/binaryneuralnet-asic-TTIHP26/src/conv_layer2.sv:186$2198'.
  created $adff cell `$procdff$31528' with positive edge clock and positive level reset.
Creating register for signal `\conv_layer2.\acc[32]' using process `\conv_layer2.$proc$/Users/marcandre/Desktop/Startup/TowardsBNN/binaryneuralnet-asic-TTIHP26/src/conv_layer2.sv:186$2198'.
  created $adff cell `$procdff$31533' with positive edge clock and positive level reset.
Creating register for signal `\conv_layer2.\acc[33]' using process `\conv_layer2.$proc$/Users/marcandre/Desktop/Startup/TowardsBNN/binaryneuralnet-asic-TTIHP26/src/conv_layer2.sv:186$2198'.
  created $adff cell `$procdff$31538' with positive edge clock and positive level reset.
Creating register for signal `\conv_layer2.\acc[34]' using process `\conv_layer2.$proc$/Users/marcandre/Desktop/Startup/TowardsBNN/binaryneuralnet-asic-TTIHP26/src/conv_layer2.sv:186$2198'.
  created $adff cell `$procdff$31543' with positive edge clock and positive level reset.
Creating register for signal `\conv_layer2.\acc[35]' using process `\conv_layer2.$proc$/Users/marcandre/Desktop/Startup/TowardsBNN/binaryneuralnet-asic-TTIHP26/src/conv_layer2.sv:186$2198'.
  created $adff cell `$procdff$31548' with positive edge clock and positive level reset.
Creating register for signal `\conv_layer2.\acc[36]' using process `\conv_layer2.$proc$/Users/marcandre/Desktop/Startup/TowardsBNN/binaryneuralnet-asic-TTIHP26/src/conv_layer2.sv:186$2198'.
  created $adff cell `$procdff$31553' with positive edge clock and positive level reset.
Creating register for signal `\conv_layer2.\acc[37]' using process `\conv_layer2.$proc$/Users/marcandre/Desktop/Startup/TowardsBNN/binaryneuralnet-asic-TTIHP26/src/conv_layer2.sv:186$2198'.
  created $adff cell `$procdff$31558' with positive edge clock and positive level reset.
Creating register for signal `\conv_layer2.\acc[38]' using process `\conv_layer2.$proc$/Users/marcandre/Desktop/Startup/TowardsBNN/binaryneuralnet-asic-TTIHP26/src/conv_layer2.sv:186$2198'.
  created $adff cell `$procdff$31563' with positive edge clock and positive level reset.
Creating register for signal `\conv_layer2.\acc[39]' using process `\conv_layer2.$proc$/Users/marcandre/Desktop/Startup/TowardsBNN/binaryneuralnet-asic-TTIHP26/src/conv_layer2.sv:186$2198'.
  created $adff cell `$procdff$31568' with positive edge clock and positive level reset.
Creating register for signal `\conv_layer2.\acc[40]' using process `\conv_layer2.$proc$/Users/marcandre/Desktop/Startup/TowardsBNN/binaryneuralnet-asic-TTIHP26/src/conv_layer2.sv:186$2198'.
  created $adff cell `$procdff$31573' with positive edge clock and positive level reset.
Creating register for signal `\conv_layer2.\acc[41]' using process `\conv_layer2.$proc$/Users/marcandre/Desktop/Startup/TowardsBNN/binaryneuralnet-asic-TTIHP26/src/conv_layer2.sv:186$2198'.
  created $adff cell `$procdff$31578' with positive edge clock and positive level reset.
Creating register for signal `\conv_layer2.\acc[42]' using process `\conv_layer2.$proc$/Users/marcandre/Desktop/Startup/TowardsBNN/binaryneuralnet-asic-TTIHP26/src/conv_layer2.sv:186$2198'.
  created $adff cell `$procdff$31583' with positive edge clock and positive level reset.
Creating register for signal `\conv_layer2.\acc[43]' using process `\conv_layer2.$proc$/Users/marcandre/Desktop/Startup/TowardsBNN/binaryneuralnet-asic-TTIHP26/src/conv_layer2.sv:186$2198'.
  created $adff cell `$procdff$31588' with positive edge clock and positive level reset.
Creating register for signal `\conv_layer2.\acc[44]' using process `\conv_layer2.$proc$/Users/marcandre/Desktop/Startup/TowardsBNN/binaryneuralnet-asic-TTIHP26/src/conv_layer2.sv:186$2198'.
  created $adff cell `$procdff$31593' with positive edge clock and positive level reset.
Creating register for signal `\conv_layer2.\acc[45]' using process `\conv_layer2.$proc$/Users/marcandre/Desktop/Startup/TowardsBNN/binaryneuralnet-asic-TTIHP26/src/conv_layer2.sv:186$2198'.
  created $adff cell `$procdff$31598' with positive edge clock and positive level reset.
Creating register for signal `\conv_layer2.\acc[46]' using process `\conv_layer2.$proc$/Users/marcandre/Desktop/Startup/TowardsBNN/binaryneuralnet-asic-TTIHP26/src/conv_layer2.sv:186$2198'.
  created $adff cell `$procdff$31603' with positive edge clock and positive level reset.
Creating register for signal `\conv_layer2.\acc[47]' using process `\conv_layer2.$proc$/Users/marcandre/Desktop/Startup/TowardsBNN/binaryneuralnet-asic-TTIHP26/src/conv_layer2.sv:186$2198'.
  created $adff cell `$procdff$31608' with positive edge clock and positive level reset.
Creating register for signal `\conv_layer2.\acc[48]' using process `\conv_layer2.$proc$/Users/marcandre/Desktop/Startup/TowardsBNN/binaryneuralnet-asic-TTIHP26/src/conv_layer2.sv:186$2198'.
  created $adff cell `$procdff$31613' with positive edge clock and positive level reset.
Creating register for signal `\conv_layer2.\acc[49]' using process `\conv_layer2.$proc$/Users/marcandre/Desktop/Startup/TowardsBNN/binaryneuralnet-asic-TTIHP26/src/conv_layer2.sv:186$2198'.
  created $adff cell `$procdff$31618' with positive edge clock and positive level reset.
Creating register for signal `\conv_layer2.\acc[50]' using process `\conv_layer2.$proc$/Users/marcandre/Desktop/Startup/TowardsBNN/binaryneuralnet-asic-TTIHP26/src/conv_layer2.sv:186$2198'.
  created $adff cell `$procdff$31623' with positive edge clock and positive level reset.
Creating register for signal `\conv_layer2.\acc[51]' using process `\conv_layer2.$proc$/Users/marcandre/Desktop/Startup/TowardsBNN/binaryneuralnet-asic-TTIHP26/src/conv_layer2.sv:186$2198'.
  created $adff cell `$procdff$31628' with positive edge clock and positive level reset.
Creating register for signal `\conv_layer2.\acc[52]' using process `\conv_layer2.$proc$/Users/marcandre/Desktop/Startup/TowardsBNN/binaryneuralnet-asic-TTIHP26/src/conv_layer2.sv:186$2198'.
  created $adff cell `$procdff$31633' with positive edge clock and positive level reset.
Creating register for signal `\conv_layer2.\acc[53]' using process `\conv_layer2.$proc$/Users/marcandre/Desktop/Startup/TowardsBNN/binaryneuralnet-asic-TTIHP26/src/conv_layer2.sv:186$2198'.
  created $adff cell `$procdff$31638' with positive edge clock and positive level reset.
Creating register for signal `\conv_layer2.\acc[54]' using process `\conv_layer2.$proc$/Users/marcandre/Desktop/Startup/TowardsBNN/binaryneuralnet-asic-TTIHP26/src/conv_layer2.sv:186$2198'.
  created $adff cell `$procdff$31643' with positive edge clock and positive level reset.
Creating register for signal `\conv_layer2.\acc[55]' using process `\conv_layer2.$proc$/Users/marcandre/Desktop/Startup/TowardsBNN/binaryneuralnet-asic-TTIHP26/src/conv_layer2.sv:186$2198'.
  created $adff cell `$procdff$31648' with positive edge clock and positive level reset.
Creating register for signal `\conv_layer2.\acc[56]' using process `\conv_layer2.$proc$/Users/marcandre/Desktop/Startup/TowardsBNN/binaryneuralnet-asic-TTIHP26/src/conv_layer2.sv:186$2198'.
  created $adff cell `$procdff$31653' with positive edge clock and positive level reset.
Creating register for signal `\conv_layer2.\acc[57]' using process `\conv_layer2.$proc$/Users/marcandre/Desktop/Startup/TowardsBNN/binaryneuralnet-asic-TTIHP26/src/conv_layer2.sv:186$2198'.
  created $adff cell `$procdff$31658' with positive edge clock and positive level reset.
Creating register for signal `\conv_layer2.\acc[58]' using process `\conv_layer2.$proc$/Users/marcandre/Desktop/Startup/TowardsBNN/binaryneuralnet-asic-TTIHP26/src/conv_layer2.sv:186$2198'.
  created $adff cell `$procdff$31663' with positive edge clock and positive level reset.
Creating register for signal `\conv_layer2.\acc[59]' using process `\conv_layer2.$proc$/Users/marcandre/Desktop/Startup/TowardsBNN/binaryneuralnet-asic-TTIHP26/src/conv_layer2.sv:186$2198'.
  created $adff cell `$procdff$31668' with positive edge clock and positive level reset.
Creating register for signal `\conv_layer2.\acc[60]' using process `\conv_layer2.$proc$/Users/marcandre/Desktop/Startup/TowardsBNN/binaryneuralnet-asic-TTIHP26/src/conv_layer2.sv:186$2198'.
  created $adff cell `$procdff$31673' with positive edge clock and positive level reset.
Creating register for signal `\conv_layer2.\acc[61]' using process `\conv_layer2.$proc$/Users/marcandre/Desktop/Startup/TowardsBNN/binaryneuralnet-asic-TTIHP26/src/conv_layer2.sv:186$2198'.
  created $adff cell `$procdff$31678' with positive edge clock and positive level reset.
Creating register for signal `\conv_layer2.\acc[62]' using process `\conv_layer2.$proc$/Users/marcandre/Desktop/Startup/TowardsBNN/binaryneuralnet-asic-TTIHP26/src/conv_layer2.sv:186$2198'.
  created $adff cell `$procdff$31683' with positive edge clock and positive level reset.
Creating register for signal `\conv_layer2.\acc[63]' using process `\conv_layer2.$proc$/Users/marcandre/Desktop/Startup/TowardsBNN/binaryneuralnet-asic-TTIHP26/src/conv_layer2.sv:186$2198'.
  created $adff cell `$procdff$31688' with positive edge clock and positive level reset.
Creating register for signal `\conv_layer2.$mem2reg_wr$\acc$/Users/marcandre/Desktop/Startup/TowardsBNN/binaryneuralnet-asic-TTIHP26/src/conv_layer2.sv:227$2164_ADDR' using process `\conv_layer2.$proc$/Users/marcandre/Desktop/Startup/TowardsBNN/binaryneuralnet-asic-TTIHP26/src/conv_layer2.sv:186$2198'.
  created $adff cell `$procdff$31693' with positive edge clock and positive level reset.
Creating register for signal `\conv_layer2.$mem2reg_wr$\acc$/Users/marcandre/Desktop/Startup/TowardsBNN/binaryneuralnet-asic-TTIHP26/src/conv_layer2.sv:227$2164_DATA' using process `\conv_layer2.$proc$/Users/marcandre/Desktop/Startup/TowardsBNN/binaryneuralnet-asic-TTIHP26/src/conv_layer2.sv:186$2198'.
  created $adff cell `$procdff$31698' with positive edge clock and positive level reset.
Creating register for signal `\conv_layer2.$mem2reg_rd$\acc$/Users/marcandre/Desktop/Startup/TowardsBNN/binaryneuralnet-asic-TTIHP26/src/conv_layer2.sv:227$2165_ADDR' using process `\conv_layer2.$proc$/Users/marcandre/Desktop/Startup/TowardsBNN/binaryneuralnet-asic-TTIHP26/src/conv_layer2.sv:186$2198'.
  created $adff cell `$procdff$31703' with positive edge clock and positive level reset.
Creating register for signal `\conv_layer2.$mem2reg_rd$\acc$/Users/marcandre/Desktop/Startup/TowardsBNN/binaryneuralnet-asic-TTIHP26/src/conv_layer2.sv:227$2165_DATA' using process `\conv_layer2.$proc$/Users/marcandre/Desktop/Startup/TowardsBNN/binaryneuralnet-asic-TTIHP26/src/conv_layer2.sv:186$2198'.
  created $adff cell `$procdff$31708' with positive edge clock and positive level reset.
Creating register for signal `\conv_layer2.$mem2reg_wr$\acc$/Users/marcandre/Desktop/Startup/TowardsBNN/binaryneuralnet-asic-TTIHP26/src/conv_layer2.sv:228$2166_ADDR' using process `\conv_layer2.$proc$/Users/marcandre/Desktop/Startup/TowardsBNN/binaryneuralnet-asic-TTIHP26/src/conv_layer2.sv:186$2198'.
  created $adff cell `$procdff$31713' with positive edge clock and positive level reset.
Creating register for signal `\conv_layer2.$mem2reg_wr$\acc$/Users/marcandre/Desktop/Startup/TowardsBNN/binaryneuralnet-asic-TTIHP26/src/conv_layer2.sv:228$2166_DATA' using process `\conv_layer2.$proc$/Users/marcandre/Desktop/Startup/TowardsBNN/binaryneuralnet-asic-TTIHP26/src/conv_layer2.sv:186$2198'.
  created $adff cell `$procdff$31718' with positive edge clock and positive level reset.
Creating register for signal `\conv_layer2.$mem2reg_rd$\acc$/Users/marcandre/Desktop/Startup/TowardsBNN/binaryneuralnet-asic-TTIHP26/src/conv_layer2.sv:228$2167_ADDR' using process `\conv_layer2.$proc$/Users/marcandre/Desktop/Startup/TowardsBNN/binaryneuralnet-asic-TTIHP26/src/conv_layer2.sv:186$2198'.
  created $adff cell `$procdff$31723' with positive edge clock and positive level reset.
Creating register for signal `\conv_layer2.$mem2reg_rd$\acc$/Users/marcandre/Desktop/Startup/TowardsBNN/binaryneuralnet-asic-TTIHP26/src/conv_layer2.sv:228$2167_DATA' using process `\conv_layer2.$proc$/Users/marcandre/Desktop/Startup/TowardsBNN/binaryneuralnet-asic-TTIHP26/src/conv_layer2.sv:186$2198'.
  created $adff cell `$procdff$31728' with positive edge clock and positive level reset.
Creating register for signal `\conv_layer2.$mem2reg_wr$\acc$/Users/marcandre/Desktop/Startup/TowardsBNN/binaryneuralnet-asic-TTIHP26/src/conv_layer2.sv:229$2168_ADDR' using process `\conv_layer2.$proc$/Users/marcandre/Desktop/Startup/TowardsBNN/binaryneuralnet-asic-TTIHP26/src/conv_layer2.sv:186$2198'.
  created $adff cell `$procdff$31733' with positive edge clock and positive level reset.
Creating register for signal `\conv_layer2.$mem2reg_wr$\acc$/Users/marcandre/Desktop/Startup/TowardsBNN/binaryneuralnet-asic-TTIHP26/src/conv_layer2.sv:229$2168_DATA' using process `\conv_layer2.$proc$/Users/marcandre/Desktop/Startup/TowardsBNN/binaryneuralnet-asic-TTIHP26/src/conv_layer2.sv:186$2198'.
  created $adff cell `$procdff$31738' with positive edge clock and positive level reset.
Creating register for signal `\conv_layer2.$mem2reg_rd$\acc$/Users/marcandre/Desktop/Startup/TowardsBNN/binaryneuralnet-asic-TTIHP26/src/conv_layer2.sv:229$2169_ADDR' using process `\conv_layer2.$proc$/Users/marcandre/Desktop/Startup/TowardsBNN/binaryneuralnet-asic-TTIHP26/src/conv_layer2.sv:186$2198'.
  created $adff cell `$procdff$31743' with positive edge clock and positive level reset.
Creating register for signal `\conv_layer2.$mem2reg_rd$\acc$/Users/marcandre/Desktop/Startup/TowardsBNN/binaryneuralnet-asic-TTIHP26/src/conv_layer2.sv:229$2169_DATA' using process `\conv_layer2.$proc$/Users/marcandre/Desktop/Startup/TowardsBNN/binaryneuralnet-asic-TTIHP26/src/conv_layer2.sv:186$2198'.
  created $adff cell `$procdff$31748' with positive edge clock and positive level reset.
Creating register for signal `\conv_layer2.$mem2reg_wr$\acc$/Users/marcandre/Desktop/Startup/TowardsBNN/binaryneuralnet-asic-TTIHP26/src/conv_layer2.sv:230$2170_ADDR' using process `\conv_layer2.$proc$/Users/marcandre/Desktop/Startup/TowardsBNN/binaryneuralnet-asic-TTIHP26/src/conv_layer2.sv:186$2198'.
  created $adff cell `$procdff$31753' with positive edge clock and positive level reset.
Creating register for signal `\conv_layer2.$mem2reg_wr$\acc$/Users/marcandre/Desktop/Startup/TowardsBNN/binaryneuralnet-asic-TTIHP26/src/conv_layer2.sv:230$2170_DATA' using process `\conv_layer2.$proc$/Users/marcandre/Desktop/Startup/TowardsBNN/binaryneuralnet-asic-TTIHP26/src/conv_layer2.sv:186$2198'.
  created $adff cell `$procdff$31758' with positive edge clock and positive level reset.
Creating register for signal `\conv_layer2.$mem2reg_rd$\acc$/Users/marcandre/Desktop/Startup/TowardsBNN/binaryneuralnet-asic-TTIHP26/src/conv_layer2.sv:230$2171_ADDR' using process `\conv_layer2.$proc$/Users/marcandre/Desktop/Startup/TowardsBNN/binaryneuralnet-asic-TTIHP26/src/conv_layer2.sv:186$2198'.
  created $adff cell `$procdff$31763' with positive edge clock and positive level reset.
Creating register for signal `\conv_layer2.$mem2reg_rd$\acc$/Users/marcandre/Desktop/Startup/TowardsBNN/binaryneuralnet-asic-TTIHP26/src/conv_layer2.sv:230$2171_DATA' using process `\conv_layer2.$proc$/Users/marcandre/Desktop/Startup/TowardsBNN/binaryneuralnet-asic-TTIHP26/src/conv_layer2.sv:186$2198'.
  created $adff cell `$procdff$31768' with positive edge clock and positive level reset.
Creating register for signal `\conv_layer2.\buffer_reg' using process `\conv_layer2.$proc$/Users/marcandre/Desktop/Startup/TowardsBNN/binaryneuralnet-asic-TTIHP26/src/conv_layer2.sv:108$2176'.
  created $dff cell `$procdff$31769' with positive edge clock.
Creating register for signal `$paramod$f16bc6def46f6441af0290023d3b6045c72e1335\maxpool_2x2.\state' using process `$paramod$f16bc6def46f6441af0290023d3b6045c72e1335\maxpool_2x2.$proc$/Users/marcandre/Desktop/Startup/TowardsBNN/binaryneuralnet-asic-TTIHP26/src/maxpool_2x2.sv:165$2152'.
  created $adff cell `$procdff$31774' with positive edge clock and positive level reset.
Creating register for signal `$paramod$f16bc6def46f6441af0290023d3b6045c72e1335\maxpool_2x2.\co' using process `$paramod$f16bc6def46f6441af0290023d3b6045c72e1335\maxpool_2x2.$proc$/Users/marcandre/Desktop/Startup/TowardsBNN/binaryneuralnet-asic-TTIHP26/src/maxpool_2x2.sv:165$2152'.
  created $adff cell `$procdff$31779' with positive edge clock and positive level reset.
Creating register for signal `$paramod$f16bc6def46f6441af0290023d3b6045c72e1335\maxpool_2x2.\r_out' using process `$paramod$f16bc6def46f6441af0290023d3b6045c72e1335\maxpool_2x2.$proc$/Users/marcandre/Desktop/Startup/TowardsBNN/binaryneuralnet-asic-TTIHP26/src/maxpool_2x2.sv:165$2152'.
  created $adff cell `$procdff$31784' with positive edge clock and positive level reset.
Creating register for signal `$paramod$f16bc6def46f6441af0290023d3b6045c72e1335\maxpool_2x2.\c_out' using process `$paramod$f16bc6def46f6441af0290023d3b6045c72e1335\maxpool_2x2.$proc$/Users/marcandre/Desktop/Startup/TowardsBNN/binaryneuralnet-asic-TTIHP26/src/maxpool_2x2.sv:165$2152'.
  created $adff cell `$procdff$31789' with positive edge clock and positive level reset.
Creating register for signal `$paramod$f16bc6def46f6441af0290023d3b6045c72e1335\maxpool_2x2.\top_byte_reg' using process `$paramod$f16bc6def46f6441af0290023d3b6045c72e1335\maxpool_2x2.$proc$/Users/marcandre/Desktop/Startup/TowardsBNN/binaryneuralnet-asic-TTIHP26/src/maxpool_2x2.sv:165$2152'.
  created $adff cell `$procdff$31794' with positive edge clock and positive level reset.
Creating register for signal `$paramod$f16bc6def46f6441af0290023d3b6045c72e1335\maxpool_2x2.\bot_byte_reg' using process `$paramod$f16bc6def46f6441af0290023d3b6045c72e1335\maxpool_2x2.$proc$/Users/marcandre/Desktop/Startup/TowardsBNN/binaryneuralnet-asic-TTIHP26/src/maxpool_2x2.sv:165$2152'.
  created $adff cell `$procdff$31799' with positive edge clock and positive level reset.
Creating register for signal `\conv_layer3.\state' using process `\conv_layer3.$proc$/Users/marcandre/Desktop/Startup/TowardsBNN/binaryneuralnet-asic-TTIHP26/src/conv_layer3.sv:118$2115'.
  created $adff cell `$procdff$31804' with positive edge clock and positive level reset.
Creating register for signal `\conv_layer3.\byte_idx' using process `\conv_layer3.$proc$/Users/marcandre/Desktop/Startup/TowardsBNN/binaryneuralnet-asic-TTIHP26/src/conv_layer3.sv:118$2115'.
  created $adff cell `$procdff$31809' with positive edge clock and positive level reset.
Creating register for signal `\conv_layer3.\input_buf' using process `\conv_layer3.$proc$/Users/marcandre/Desktop/Startup/TowardsBNN/binaryneuralnet-asic-TTIHP26/src/conv_layer3.sv:118$2115'.
  created $adff cell `$procdff$31814' with positive edge clock and positive level reset.
Creating register for signal `\main.\inference_done_o' using process `\main.$proc$/Users/marcandre/Desktop/Startup/TowardsBNN/binaryneuralnet-asic-TTIHP26/src/main.sv:160$9'.
  created $adff cell `$procdff$31819' with positive edge clock and positive level reset.
Creating register for signal `\main.\conv1_start' using process `\main.$proc$/Users/marcandre/Desktop/Startup/TowardsBNN/binaryneuralnet-asic-TTIHP26/src/main.sv:160$9'.
  created $adff cell `$procdff$31824' with positive edge clock and positive level reset.
Creating register for signal `\main.\pool1_start' using process `\main.$proc$/Users/marcandre/Desktop/Startup/TowardsBNN/binaryneuralnet-asic-TTIHP26/src/main.sv:160$9'.
  created $adff cell `$procdff$31829' with positive edge clock and positive level reset.
Creating register for signal `\main.\conv2_start' using process `\main.$proc$/Users/marcandre/Desktop/Startup/TowardsBNN/binaryneuralnet-asic-TTIHP26/src/main.sv:160$9'.
  created $adff cell `$procdff$31834' with positive edge clock and positive level reset.
Creating register for signal `\main.\pool2_start' using process `\main.$proc$/Users/marcandre/Desktop/Startup/TowardsBNN/binaryneuralnet-asic-TTIHP26/src/main.sv:160$9'.
  created $adff cell `$procdff$31839' with positive edge clock and positive level reset.
Creating register for signal `\main.\conv3_start' using process `\main.$proc$/Users/marcandre/Desktop/Startup/TowardsBNN/binaryneuralnet-asic-TTIHP26/src/main.sv:160$9'.
  created $adff cell `$procdff$31844' with positive edge clock and positive level reset.
Creating register for signal `\main.\seq_state' using process `\main.$proc$/Users/marcandre/Desktop/Startup/TowardsBNN/binaryneuralnet-asic-TTIHP26/src/main.sv:160$9'.
  created $adff cell `$procdff$31849' with positive edge clock and positive level reset.

19.10. Executing PROC_MEMWR pass (convert process memory writes to cells).

19.11. Executing PROC_CLEAN pass (remove empty switches from decision trees).
Found and cleaned up 1 empty switch in `\conv_weights_3x3_l2.$proc$/Users/marcandre/Desktop/Startup/TowardsBNN/binaryneuralnet-asic-TTIHP26/src/conv_weights_3x3_l2.sv:71$2688'.
Removing empty process `conv_weights_3x3_l2.$proc$/Users/marcandre/Desktop/Startup/TowardsBNN/binaryneuralnet-asic-TTIHP26/src/conv_weights_3x3_l2.sv:71$2688'.
Found and cleaned up 2 empty switches in `\load_conv_op_3x6.$proc$/Users/marcandre/Desktop/Startup/TowardsBNN/binaryneuralnet-asic-TTIHP26/src/load_conv_op_3x6.sv:126$2522'.
Removing empty process `load_conv_op_3x6.$proc$/Users/marcandre/Desktop/Startup/TowardsBNN/binaryneuralnet-asic-TTIHP26/src/load_conv_op_3x6.sv:126$2522'.
Found and cleaned up 1 empty switch in `\load_conv_op_3x6.$proc$/Users/marcandre/Desktop/Startup/TowardsBNN/binaryneuralnet-asic-TTIHP26/src/load_conv_op_3x6.sv:103$2521'.
Removing empty process `load_conv_op_3x6.$proc$/Users/marcandre/Desktop/Startup/TowardsBNN/binaryneuralnet-asic-TTIHP26/src/load_conv_op_3x6.sv:103$2521'.
Found and cleaned up 1 empty switch in `\conv_weights_3x3_l1.$proc$/Users/marcandre/Desktop/Startup/TowardsBNN/binaryneuralnet-asic-TTIHP26/src/conv_weights_3x3_l1.sv:71$2509'.
Removing empty process `conv_weights_3x3_l1.$proc$/Users/marcandre/Desktop/Startup/TowardsBNN/binaryneuralnet-asic-TTIHP26/src/conv_weights_3x3_l1.sv:71$2509'.
Found and cleaned up 4 empty switches in `\mnist_loader.$proc$/Users/marcandre/Desktop/Startup/TowardsBNN/binaryneuralnet-asic-TTIHP26/src/mnist_loader.sv:64$2400'.
Removing empty process `mnist_loader.$proc$/Users/marcandre/Desktop/Startup/TowardsBNN/binaryneuralnet-asic-TTIHP26/src/mnist_loader.sv:64$2400'.
Found and cleaned up 7 empty switches in `\conv_layer1.$proc$/Users/marcandre/Desktop/Startup/TowardsBNN/binaryneuralnet-asic-TTIHP26/src/conv_layer1.sv:168$2378'.
Removing empty process `conv_layer1.$proc$/Users/marcandre/Desktop/Startup/TowardsBNN/binaryneuralnet-asic-TTIHP26/src/conv_layer1.sv:168$2378'.
Found and cleaned up 1 empty switch in `\conv_layer1.$proc$/Users/marcandre/Desktop/Startup/TowardsBNN/binaryneuralnet-asic-TTIHP26/src/conv_layer1.sv:155$2374'.
Removing empty process `conv_layer1.$proc$/Users/marcandre/Desktop/Startup/TowardsBNN/binaryneuralnet-asic-TTIHP26/src/conv_layer1.sv:155$2374'.
Removing empty process `conv_layer1.$proc$/Users/marcandre/Desktop/Startup/TowardsBNN/binaryneuralnet-asic-TTIHP26/src/conv_layer1.sv:146$2371'.
Found and cleaned up 1 empty switch in `\conv_layer1.$proc$/Users/marcandre/Desktop/Startup/TowardsBNN/binaryneuralnet-asic-TTIHP26/src/conv_layer1.sv:88$2355'.
Removing empty process `conv_layer1.$proc$/Users/marcandre/Desktop/Startup/TowardsBNN/binaryneuralnet-asic-TTIHP26/src/conv_layer1.sv:88$2355'.
Found and cleaned up 5 empty switches in `$paramod$c9bc438dfe858e9d75bddd12c427471508300052\maxpool_2x2.$proc$/Users/marcandre/Desktop/Startup/TowardsBNN/binaryneuralnet-asic-TTIHP26/src/maxpool_2x2.sv:165$2345'.
Removing empty process `$paramod$c9bc438dfe858e9d75bddd12c427471508300052\maxpool_2x2.$proc$/Users/marcandre/Desktop/Startup/TowardsBNN/binaryneuralnet-asic-TTIHP26/src/maxpool_2x2.sv:165$2345'.
Found and cleaned up 1 empty switch in `$paramod$c9bc438dfe858e9d75bddd12c427471508300052\maxpool_2x2.$proc$/Users/marcandre/Desktop/Startup/TowardsBNN/binaryneuralnet-asic-TTIHP26/src/maxpool_2x2.sv:139$2341'.
Removing empty process `$paramod$c9bc438dfe858e9d75bddd12c427471508300052\maxpool_2x2.$proc$/Users/marcandre/Desktop/Startup/TowardsBNN/binaryneuralnet-asic-TTIHP26/src/maxpool_2x2.sv:139$2341'.
Found and cleaned up 1 empty switch in `\conv_layer2.$proc$/Users/marcandre/Desktop/Startup/TowardsBNN/binaryneuralnet-asic-TTIHP26/src/conv_layer2.sv:157$2309'.
Removing empty process `conv_layer2.$proc$/Users/marcandre/Desktop/Startup/TowardsBNN/binaryneuralnet-asic-TTIHP26/src/conv_layer2.sv:157$2309'.
Found and cleaned up 1 empty switch in `\conv_layer2.$proc$/Users/marcandre/Desktop/Startup/TowardsBNN/binaryneuralnet-asic-TTIHP26/src/conv_layer2.sv:156$2304'.
Removing empty process `conv_layer2.$proc$/Users/marcandre/Desktop/Startup/TowardsBNN/binaryneuralnet-asic-TTIHP26/src/conv_layer2.sv:156$2304'.
Found and cleaned up 1 empty switch in `\conv_layer2.$proc$/Users/marcandre/Desktop/Startup/TowardsBNN/binaryneuralnet-asic-TTIHP26/src/conv_layer2.sv:155$2299'.
Removing empty process `conv_layer2.$proc$/Users/marcandre/Desktop/Startup/TowardsBNN/binaryneuralnet-asic-TTIHP26/src/conv_layer2.sv:155$2299'.
Found and cleaned up 1 empty switch in `\conv_layer2.$proc$/Users/marcandre/Desktop/Startup/TowardsBNN/binaryneuralnet-asic-TTIHP26/src/conv_layer2.sv:154$2294'.
Removing empty process `conv_layer2.$proc$/Users/marcandre/Desktop/Startup/TowardsBNN/binaryneuralnet-asic-TTIHP26/src/conv_layer2.sv:154$2294'.
Found and cleaned up 16 empty switches in `\conv_layer2.$proc$/Users/marcandre/Desktop/Startup/TowardsBNN/binaryneuralnet-asic-TTIHP26/src/conv_layer2.sv:186$2198'.
Removing empty process `conv_layer2.$proc$/Users/marcandre/Desktop/Startup/TowardsBNN/binaryneuralnet-asic-TTIHP26/src/conv_layer2.sv:186$2198'.
Found and cleaned up 1 empty switch in `\conv_layer2.$proc$/Users/marcandre/Desktop/Startup/TowardsBNN/binaryneuralnet-asic-TTIHP26/src/conv_layer2.sv:173$2194'.
Removing empty process `conv_layer2.$proc$/Users/marcandre/Desktop/Startup/TowardsBNN/binaryneuralnet-asic-TTIHP26/src/conv_layer2.sv:173$2194'.
Removing empty process `conv_layer2.$proc$/Users/marcandre/Desktop/Startup/TowardsBNN/binaryneuralnet-asic-TTIHP26/src/conv_layer2.sv:164$2191'.
Found and cleaned up 1 empty switch in `\conv_layer2.$proc$/Users/marcandre/Desktop/Startup/TowardsBNN/binaryneuralnet-asic-TTIHP26/src/conv_layer2.sv:108$2176'.
Removing empty process `conv_layer2.$proc$/Users/marcandre/Desktop/Startup/TowardsBNN/binaryneuralnet-asic-TTIHP26/src/conv_layer2.sv:108$2176'.
Found and cleaned up 5 empty switches in `$paramod$f16bc6def46f6441af0290023d3b6045c72e1335\maxpool_2x2.$proc$/Users/marcandre/Desktop/Startup/TowardsBNN/binaryneuralnet-asic-TTIHP26/src/maxpool_2x2.sv:165$2152'.
Removing empty process `$paramod$f16bc6def46f6441af0290023d3b6045c72e1335\maxpool_2x2.$proc$/Users/marcandre/Desktop/Startup/TowardsBNN/binaryneuralnet-asic-TTIHP26/src/maxpool_2x2.sv:165$2152'.
Found and cleaned up 1 empty switch in `$paramod$f16bc6def46f6441af0290023d3b6045c72e1335\maxpool_2x2.$proc$/Users/marcandre/Desktop/Startup/TowardsBNN/binaryneuralnet-asic-TTIHP26/src/maxpool_2x2.sv:139$2148'.
Removing empty process `$paramod$f16bc6def46f6441af0290023d3b6045c72e1335\maxpool_2x2.$proc$/Users/marcandre/Desktop/Startup/TowardsBNN/binaryneuralnet-asic-TTIHP26/src/maxpool_2x2.sv:139$2148'.
Found and cleaned up 5 empty switches in `\conv_layer3.$proc$/Users/marcandre/Desktop/Startup/TowardsBNN/binaryneuralnet-asic-TTIHP26/src/conv_layer3.sv:118$2115'.
Removing empty process `conv_layer3.$proc$/Users/marcandre/Desktop/Startup/TowardsBNN/binaryneuralnet-asic-TTIHP26/src/conv_layer3.sv:118$2115'.
Found and cleaned up 1 empty switch in `\conv_layer3.$proc$/Users/marcandre/Desktop/Startup/TowardsBNN/binaryneuralnet-asic-TTIHP26/src/conv_layer3.sv:96$2111'.
Removing empty process `conv_layer3.$proc$/Users/marcandre/Desktop/Startup/TowardsBNN/binaryneuralnet-asic-TTIHP26/src/conv_layer3.sv:96$2111'.
Found and cleaned up 1 empty switch in `\conv_layer3.$proc$/Users/marcandre/Desktop/Startup/TowardsBNN/binaryneuralnet-asic-TTIHP26/src/conv_layer3.sv:71$2110'.
Removing empty process `conv_layer3.$proc$/Users/marcandre/Desktop/Startup/TowardsBNN/binaryneuralnet-asic-TTIHP26/src/conv_layer3.sv:71$2110'.
Found and cleaned up 7 empty switches in `\classification_tree.$proc$/Users/marcandre/Desktop/Startup/TowardsBNN/binaryneuralnet-asic-TTIHP26/src/classification_tree.sv:3642$2092'.
Removing empty process `classification_tree.$proc$/Users/marcandre/Desktop/Startup/TowardsBNN/binaryneuralnet-asic-TTIHP26/src/classification_tree.sv:3642$2092'.
Found and cleaned up 7 empty switches in `\classification_tree.$proc$/Users/marcandre/Desktop/Startup/TowardsBNN/binaryneuralnet-asic-TTIHP26/src/classification_tree.sv:3641$2074'.
Removing empty process `classification_tree.$proc$/Users/marcandre/Desktop/Startup/TowardsBNN/binaryneuralnet-asic-TTIHP26/src/classification_tree.sv:3641$2074'.
Found and cleaned up 7 empty switches in `\classification_tree.$proc$/Users/marcandre/Desktop/Startup/TowardsBNN/binaryneuralnet-asic-TTIHP26/src/classification_tree.sv:3640$2056'.
Removing empty process `classification_tree.$proc$/Users/marcandre/Desktop/Startup/TowardsBNN/binaryneuralnet-asic-TTIHP26/src/classification_tree.sv:3640$2056'.
Found and cleaned up 7 empty switches in `\classification_tree.$proc$/Users/marcandre/Desktop/Startup/TowardsBNN/binaryneuralnet-asic-TTIHP26/src/classification_tree.sv:3639$2038'.
Removing empty process `classification_tree.$proc$/Users/marcandre/Desktop/Startup/TowardsBNN/binaryneuralnet-asic-TTIHP26/src/classification_tree.sv:3639$2038'.
Found and cleaned up 7 empty switches in `\classification_tree.$proc$/Users/marcandre/Desktop/Startup/TowardsBNN/binaryneuralnet-asic-TTIHP26/src/classification_tree.sv:3638$2020'.
Removing empty process `classification_tree.$proc$/Users/marcandre/Desktop/Startup/TowardsBNN/binaryneuralnet-asic-TTIHP26/src/classification_tree.sv:3638$2020'.
Found and cleaned up 7 empty switches in `\classification_tree.$proc$/Users/marcandre/Desktop/Startup/TowardsBNN/binaryneuralnet-asic-TTIHP26/src/classification_tree.sv:3637$2002'.
Removing empty process `classification_tree.$proc$/Users/marcandre/Desktop/Startup/TowardsBNN/binaryneuralnet-asic-TTIHP26/src/classification_tree.sv:3637$2002'.
Found and cleaned up 7 empty switches in `\classification_tree.$proc$/Users/marcandre/Desktop/Startup/TowardsBNN/binaryneuralnet-asic-TTIHP26/src/classification_tree.sv:3636$1984'.
Removing empty process `classification_tree.$proc$/Users/marcandre/Desktop/Startup/TowardsBNN/binaryneuralnet-asic-TTIHP26/src/classification_tree.sv:3636$1984'.
Found and cleaned up 7 empty switches in `\classification_tree.$proc$/Users/marcandre/Desktop/Startup/TowardsBNN/binaryneuralnet-asic-TTIHP26/src/classification_tree.sv:3635$1966'.
Removing empty process `classification_tree.$proc$/Users/marcandre/Desktop/Startup/TowardsBNN/binaryneuralnet-asic-TTIHP26/src/classification_tree.sv:3635$1966'.
Found and cleaned up 7 empty switches in `\classification_tree.$proc$/Users/marcandre/Desktop/Startup/TowardsBNN/binaryneuralnet-asic-TTIHP26/src/classification_tree.sv:3634$1948'.
Removing empty process `classification_tree.$proc$/Users/marcandre/Desktop/Startup/TowardsBNN/binaryneuralnet-asic-TTIHP26/src/classification_tree.sv:3634$1948'.
Found and cleaned up 7 empty switches in `\classification_tree.$proc$/Users/marcandre/Desktop/Startup/TowardsBNN/binaryneuralnet-asic-TTIHP26/src/classification_tree.sv:3633$1930'.
Removing empty process `classification_tree.$proc$/Users/marcandre/Desktop/Startup/TowardsBNN/binaryneuralnet-asic-TTIHP26/src/classification_tree.sv:3633$1930'.
Found and cleaned up 7 empty switches in `\classification_tree.$proc$/Users/marcandre/Desktop/Startup/TowardsBNN/binaryneuralnet-asic-TTIHP26/src/classification_tree.sv:3630$1912'.
Removing empty process `classification_tree.$proc$/Users/marcandre/Desktop/Startup/TowardsBNN/binaryneuralnet-asic-TTIHP26/src/classification_tree.sv:3630$1912'.
Found and cleaned up 7 empty switches in `\classification_tree.$proc$/Users/marcandre/Desktop/Startup/TowardsBNN/binaryneuralnet-asic-TTIHP26/src/classification_tree.sv:3629$1894'.
Removing empty process `classification_tree.$proc$/Users/marcandre/Desktop/Startup/TowardsBNN/binaryneuralnet-asic-TTIHP26/src/classification_tree.sv:3629$1894'.
Found and cleaned up 7 empty switches in `\classification_tree.$proc$/Users/marcandre/Desktop/Startup/TowardsBNN/binaryneuralnet-asic-TTIHP26/src/classification_tree.sv:3628$1876'.
Removing empty process `classification_tree.$proc$/Users/marcandre/Desktop/Startup/TowardsBNN/binaryneuralnet-asic-TTIHP26/src/classification_tree.sv:3628$1876'.
Found and cleaned up 7 empty switches in `\classification_tree.$proc$/Users/marcandre/Desktop/Startup/TowardsBNN/binaryneuralnet-asic-TTIHP26/src/classification_tree.sv:3627$1858'.
Removing empty process `classification_tree.$proc$/Users/marcandre/Desktop/Startup/TowardsBNN/binaryneuralnet-asic-TTIHP26/src/classification_tree.sv:3627$1858'.
Found and cleaned up 7 empty switches in `\classification_tree.$proc$/Users/marcandre/Desktop/Startup/TowardsBNN/binaryneuralnet-asic-TTIHP26/src/classification_tree.sv:3626$1840'.
Removing empty process `classification_tree.$proc$/Users/marcandre/Desktop/Startup/TowardsBNN/binaryneuralnet-asic-TTIHP26/src/classification_tree.sv:3626$1840'.
Found and cleaned up 7 empty switches in `\classification_tree.$proc$/Users/marcandre/Desktop/Startup/TowardsBNN/binaryneuralnet-asic-TTIHP26/src/classification_tree.sv:3625$1822'.
Removing empty process `classification_tree.$proc$/Users/marcandre/Desktop/Startup/TowardsBNN/binaryneuralnet-asic-TTIHP26/src/classification_tree.sv:3625$1822'.
Found and cleaned up 7 empty switches in `\classification_tree.$proc$/Users/marcandre/Desktop/Startup/TowardsBNN/binaryneuralnet-asic-TTIHP26/src/classification_tree.sv:3624$1804'.
Removing empty process `classification_tree.$proc$/Users/marcandre/Desktop/Startup/TowardsBNN/binaryneuralnet-asic-TTIHP26/src/classification_tree.sv:3624$1804'.
Found and cleaned up 7 empty switches in `\classification_tree.$proc$/Users/marcandre/Desktop/Startup/TowardsBNN/binaryneuralnet-asic-TTIHP26/src/classification_tree.sv:3623$1786'.
Removing empty process `classification_tree.$proc$/Users/marcandre/Desktop/Startup/TowardsBNN/binaryneuralnet-asic-TTIHP26/src/classification_tree.sv:3623$1786'.
Found and cleaned up 7 empty switches in `\classification_tree.$proc$/Users/marcandre/Desktop/Startup/TowardsBNN/binaryneuralnet-asic-TTIHP26/src/classification_tree.sv:3622$1768'.
Removing empty process `classification_tree.$proc$/Users/marcandre/Desktop/Startup/TowardsBNN/binaryneuralnet-asic-TTIHP26/src/classification_tree.sv:3622$1768'.
Found and cleaned up 7 empty switches in `\classification_tree.$proc$/Users/marcandre/Desktop/Startup/TowardsBNN/binaryneuralnet-asic-TTIHP26/src/classification_tree.sv:3621$1750'.
Removing empty process `classification_tree.$proc$/Users/marcandre/Desktop/Startup/TowardsBNN/binaryneuralnet-asic-TTIHP26/src/classification_tree.sv:3621$1750'.
Found and cleaned up 7 empty switches in `\classification_tree.$proc$/Users/marcandre/Desktop/Startup/TowardsBNN/binaryneuralnet-asic-TTIHP26/src/classification_tree.sv:3618$1732'.
Removing empty process `classification_tree.$proc$/Users/marcandre/Desktop/Startup/TowardsBNN/binaryneuralnet-asic-TTIHP26/src/classification_tree.sv:3618$1732'.
Found and cleaned up 7 empty switches in `\classification_tree.$proc$/Users/marcandre/Desktop/Startup/TowardsBNN/binaryneuralnet-asic-TTIHP26/src/classification_tree.sv:3617$1714'.
Removing empty process `classification_tree.$proc$/Users/marcandre/Desktop/Startup/TowardsBNN/binaryneuralnet-asic-TTIHP26/src/classification_tree.sv:3617$1714'.
Found and cleaned up 7 empty switches in `\classification_tree.$proc$/Users/marcandre/Desktop/Startup/TowardsBNN/binaryneuralnet-asic-TTIHP26/src/classification_tree.sv:3616$1696'.
Removing empty process `classification_tree.$proc$/Users/marcandre/Desktop/Startup/TowardsBNN/binaryneuralnet-asic-TTIHP26/src/classification_tree.sv:3616$1696'.
Found and cleaned up 7 empty switches in `\classification_tree.$proc$/Users/marcandre/Desktop/Startup/TowardsBNN/binaryneuralnet-asic-TTIHP26/src/classification_tree.sv:3615$1678'.
Removing empty process `classification_tree.$proc$/Users/marcandre/Desktop/Startup/TowardsBNN/binaryneuralnet-asic-TTIHP26/src/classification_tree.sv:3615$1678'.
Found and cleaned up 7 empty switches in `\classification_tree.$proc$/Users/marcandre/Desktop/Startup/TowardsBNN/binaryneuralnet-asic-TTIHP26/src/classification_tree.sv:3614$1660'.
Removing empty process `classification_tree.$proc$/Users/marcandre/Desktop/Startup/TowardsBNN/binaryneuralnet-asic-TTIHP26/src/classification_tree.sv:3614$1660'.
Found and cleaned up 7 empty switches in `\classification_tree.$proc$/Users/marcandre/Desktop/Startup/TowardsBNN/binaryneuralnet-asic-TTIHP26/src/classification_tree.sv:3613$1642'.
Removing empty process `classification_tree.$proc$/Users/marcandre/Desktop/Startup/TowardsBNN/binaryneuralnet-asic-TTIHP26/src/classification_tree.sv:3613$1642'.
Found and cleaned up 7 empty switches in `\classification_tree.$proc$/Users/marcandre/Desktop/Startup/TowardsBNN/binaryneuralnet-asic-TTIHP26/src/classification_tree.sv:3612$1624'.
Removing empty process `classification_tree.$proc$/Users/marcandre/Desktop/Startup/TowardsBNN/binaryneuralnet-asic-TTIHP26/src/classification_tree.sv:3612$1624'.
Found and cleaned up 7 empty switches in `\classification_tree.$proc$/Users/marcandre/Desktop/Startup/TowardsBNN/binaryneuralnet-asic-TTIHP26/src/classification_tree.sv:3611$1606'.
Removing empty process `classification_tree.$proc$/Users/marcandre/Desktop/Startup/TowardsBNN/binaryneuralnet-asic-TTIHP26/src/classification_tree.sv:3611$1606'.
Found and cleaned up 7 empty switches in `\classification_tree.$proc$/Users/marcandre/Desktop/Startup/TowardsBNN/binaryneuralnet-asic-TTIHP26/src/classification_tree.sv:3610$1588'.
Removing empty process `classification_tree.$proc$/Users/marcandre/Desktop/Startup/TowardsBNN/binaryneuralnet-asic-TTIHP26/src/classification_tree.sv:3610$1588'.
Found and cleaned up 7 empty switches in `\classification_tree.$proc$/Users/marcandre/Desktop/Startup/TowardsBNN/binaryneuralnet-asic-TTIHP26/src/classification_tree.sv:3609$1570'.
Removing empty process `classification_tree.$proc$/Users/marcandre/Desktop/Startup/TowardsBNN/binaryneuralnet-asic-TTIHP26/src/classification_tree.sv:3609$1570'.
Found and cleaned up 7 empty switches in `\classification_tree.$proc$/Users/marcandre/Desktop/Startup/TowardsBNN/binaryneuralnet-asic-TTIHP26/src/classification_tree.sv:3606$1552'.
Removing empty process `classification_tree.$proc$/Users/marcandre/Desktop/Startup/TowardsBNN/binaryneuralnet-asic-TTIHP26/src/classification_tree.sv:3606$1552'.
Found and cleaned up 7 empty switches in `\classification_tree.$proc$/Users/marcandre/Desktop/Startup/TowardsBNN/binaryneuralnet-asic-TTIHP26/src/classification_tree.sv:3605$1534'.
Removing empty process `classification_tree.$proc$/Users/marcandre/Desktop/Startup/TowardsBNN/binaryneuralnet-asic-TTIHP26/src/classification_tree.sv:3605$1534'.
Found and cleaned up 7 empty switches in `\classification_tree.$proc$/Users/marcandre/Desktop/Startup/TowardsBNN/binaryneuralnet-asic-TTIHP26/src/classification_tree.sv:3604$1516'.
Removing empty process `classification_tree.$proc$/Users/marcandre/Desktop/Startup/TowardsBNN/binaryneuralnet-asic-TTIHP26/src/classification_tree.sv:3604$1516'.
Found and cleaned up 7 empty switches in `\classification_tree.$proc$/Users/marcandre/Desktop/Startup/TowardsBNN/binaryneuralnet-asic-TTIHP26/src/classification_tree.sv:3603$1498'.
Removing empty process `classification_tree.$proc$/Users/marcandre/Desktop/Startup/TowardsBNN/binaryneuralnet-asic-TTIHP26/src/classification_tree.sv:3603$1498'.
Found and cleaned up 7 empty switches in `\classification_tree.$proc$/Users/marcandre/Desktop/Startup/TowardsBNN/binaryneuralnet-asic-TTIHP26/src/classification_tree.sv:3602$1480'.
Removing empty process `classification_tree.$proc$/Users/marcandre/Desktop/Startup/TowardsBNN/binaryneuralnet-asic-TTIHP26/src/classification_tree.sv:3602$1480'.
Found and cleaned up 7 empty switches in `\classification_tree.$proc$/Users/marcandre/Desktop/Startup/TowardsBNN/binaryneuralnet-asic-TTIHP26/src/classification_tree.sv:3601$1462'.
Removing empty process `classification_tree.$proc$/Users/marcandre/Desktop/Startup/TowardsBNN/binaryneuralnet-asic-TTIHP26/src/classification_tree.sv:3601$1462'.
Found and cleaned up 7 empty switches in `\classification_tree.$proc$/Users/marcandre/Desktop/Startup/TowardsBNN/binaryneuralnet-asic-TTIHP26/src/classification_tree.sv:3600$1444'.
Removing empty process `classification_tree.$proc$/Users/marcandre/Desktop/Startup/TowardsBNN/binaryneuralnet-asic-TTIHP26/src/classification_tree.sv:3600$1444'.
Found and cleaned up 7 empty switches in `\classification_tree.$proc$/Users/marcandre/Desktop/Startup/TowardsBNN/binaryneuralnet-asic-TTIHP26/src/classification_tree.sv:3599$1426'.
Removing empty process `classification_tree.$proc$/Users/marcandre/Desktop/Startup/TowardsBNN/binaryneuralnet-asic-TTIHP26/src/classification_tree.sv:3599$1426'.
Found and cleaned up 7 empty switches in `\classification_tree.$proc$/Users/marcandre/Desktop/Startup/TowardsBNN/binaryneuralnet-asic-TTIHP26/src/classification_tree.sv:3598$1408'.
Removing empty process `classification_tree.$proc$/Users/marcandre/Desktop/Startup/TowardsBNN/binaryneuralnet-asic-TTIHP26/src/classification_tree.sv:3598$1408'.
Found and cleaned up 7 empty switches in `\classification_tree.$proc$/Users/marcandre/Desktop/Startup/TowardsBNN/binaryneuralnet-asic-TTIHP26/src/classification_tree.sv:3597$1390'.
Removing empty process `classification_tree.$proc$/Users/marcandre/Desktop/Startup/TowardsBNN/binaryneuralnet-asic-TTIHP26/src/classification_tree.sv:3597$1390'.
Found and cleaned up 7 empty switches in `\classification_tree.$proc$/Users/marcandre/Desktop/Startup/TowardsBNN/binaryneuralnet-asic-TTIHP26/src/classification_tree.sv:3594$1372'.
Removing empty process `classification_tree.$proc$/Users/marcandre/Desktop/Startup/TowardsBNN/binaryneuralnet-asic-TTIHP26/src/classification_tree.sv:3594$1372'.
Found and cleaned up 7 empty switches in `\classification_tree.$proc$/Users/marcandre/Desktop/Startup/TowardsBNN/binaryneuralnet-asic-TTIHP26/src/classification_tree.sv:3593$1354'.
Removing empty process `classification_tree.$proc$/Users/marcandre/Desktop/Startup/TowardsBNN/binaryneuralnet-asic-TTIHP26/src/classification_tree.sv:3593$1354'.
Found and cleaned up 7 empty switches in `\classification_tree.$proc$/Users/marcandre/Desktop/Startup/TowardsBNN/binaryneuralnet-asic-TTIHP26/src/classification_tree.sv:3592$1336'.
Removing empty process `classification_tree.$proc$/Users/marcandre/Desktop/Startup/TowardsBNN/binaryneuralnet-asic-TTIHP26/src/classification_tree.sv:3592$1336'.
Found and cleaned up 7 empty switches in `\classification_tree.$proc$/Users/marcandre/Desktop/Startup/TowardsBNN/binaryneuralnet-asic-TTIHP26/src/classification_tree.sv:3591$1318'.
Removing empty process `classification_tree.$proc$/Users/marcandre/Desktop/Startup/TowardsBNN/binaryneuralnet-asic-TTIHP26/src/classification_tree.sv:3591$1318'.
Found and cleaned up 7 empty switches in `\classification_tree.$proc$/Users/marcandre/Desktop/Startup/TowardsBNN/binaryneuralnet-asic-TTIHP26/src/classification_tree.sv:3590$1300'.
Removing empty process `classification_tree.$proc$/Users/marcandre/Desktop/Startup/TowardsBNN/binaryneuralnet-asic-TTIHP26/src/classification_tree.sv:3590$1300'.
Found and cleaned up 7 empty switches in `\classification_tree.$proc$/Users/marcandre/Desktop/Startup/TowardsBNN/binaryneuralnet-asic-TTIHP26/src/classification_tree.sv:3589$1282'.
Removing empty process `classification_tree.$proc$/Users/marcandre/Desktop/Startup/TowardsBNN/binaryneuralnet-asic-TTIHP26/src/classification_tree.sv:3589$1282'.
Found and cleaned up 7 empty switches in `\classification_tree.$proc$/Users/marcandre/Desktop/Startup/TowardsBNN/binaryneuralnet-asic-TTIHP26/src/classification_tree.sv:3588$1264'.
Removing empty process `classification_tree.$proc$/Users/marcandre/Desktop/Startup/TowardsBNN/binaryneuralnet-asic-TTIHP26/src/classification_tree.sv:3588$1264'.
Found and cleaned up 7 empty switches in `\classification_tree.$proc$/Users/marcandre/Desktop/Startup/TowardsBNN/binaryneuralnet-asic-TTIHP26/src/classification_tree.sv:3587$1246'.
Removing empty process `classification_tree.$proc$/Users/marcandre/Desktop/Startup/TowardsBNN/binaryneuralnet-asic-TTIHP26/src/classification_tree.sv:3587$1246'.
Found and cleaned up 7 empty switches in `\classification_tree.$proc$/Users/marcandre/Desktop/Startup/TowardsBNN/binaryneuralnet-asic-TTIHP26/src/classification_tree.sv:3586$1228'.
Removing empty process `classification_tree.$proc$/Users/marcandre/Desktop/Startup/TowardsBNN/binaryneuralnet-asic-TTIHP26/src/classification_tree.sv:3586$1228'.
Found and cleaned up 7 empty switches in `\classification_tree.$proc$/Users/marcandre/Desktop/Startup/TowardsBNN/binaryneuralnet-asic-TTIHP26/src/classification_tree.sv:3585$1210'.
Removing empty process `classification_tree.$proc$/Users/marcandre/Desktop/Startup/TowardsBNN/binaryneuralnet-asic-TTIHP26/src/classification_tree.sv:3585$1210'.
Found and cleaned up 7 empty switches in `\classification_tree.$proc$/Users/marcandre/Desktop/Startup/TowardsBNN/binaryneuralnet-asic-TTIHP26/src/classification_tree.sv:3582$1192'.
Removing empty process `classification_tree.$proc$/Users/marcandre/Desktop/Startup/TowardsBNN/binaryneuralnet-asic-TTIHP26/src/classification_tree.sv:3582$1192'.
Found and cleaned up 7 empty switches in `\classification_tree.$proc$/Users/marcandre/Desktop/Startup/TowardsBNN/binaryneuralnet-asic-TTIHP26/src/classification_tree.sv:3581$1174'.
Removing empty process `classification_tree.$proc$/Users/marcandre/Desktop/Startup/TowardsBNN/binaryneuralnet-asic-TTIHP26/src/classification_tree.sv:3581$1174'.
Found and cleaned up 7 empty switches in `\classification_tree.$proc$/Users/marcandre/Desktop/Startup/TowardsBNN/binaryneuralnet-asic-TTIHP26/src/classification_tree.sv:3580$1156'.
Removing empty process `classification_tree.$proc$/Users/marcandre/Desktop/Startup/TowardsBNN/binaryneuralnet-asic-TTIHP26/src/classification_tree.sv:3580$1156'.
Found and cleaned up 7 empty switches in `\classification_tree.$proc$/Users/marcandre/Desktop/Startup/TowardsBNN/binaryneuralnet-asic-TTIHP26/src/classification_tree.sv:3579$1138'.
Removing empty process `classification_tree.$proc$/Users/marcandre/Desktop/Startup/TowardsBNN/binaryneuralnet-asic-TTIHP26/src/classification_tree.sv:3579$1138'.
Found and cleaned up 7 empty switches in `\classification_tree.$proc$/Users/marcandre/Desktop/Startup/TowardsBNN/binaryneuralnet-asic-TTIHP26/src/classification_tree.sv:3578$1120'.
Removing empty process `classification_tree.$proc$/Users/marcandre/Desktop/Startup/TowardsBNN/binaryneuralnet-asic-TTIHP26/src/classification_tree.sv:3578$1120'.
Found and cleaned up 7 empty switches in `\classification_tree.$proc$/Users/marcandre/Desktop/Startup/TowardsBNN/binaryneuralnet-asic-TTIHP26/src/classification_tree.sv:3577$1102'.
Removing empty process `classification_tree.$proc$/Users/marcandre/Desktop/Startup/TowardsBNN/binaryneuralnet-asic-TTIHP26/src/classification_tree.sv:3577$1102'.
Found and cleaned up 7 empty switches in `\classification_tree.$proc$/Users/marcandre/Desktop/Startup/TowardsBNN/binaryneuralnet-asic-TTIHP26/src/classification_tree.sv:3576$1084'.
Removing empty process `classification_tree.$proc$/Users/marcandre/Desktop/Startup/TowardsBNN/binaryneuralnet-asic-TTIHP26/src/classification_tree.sv:3576$1084'.
Found and cleaned up 7 empty switches in `\classification_tree.$proc$/Users/marcandre/Desktop/Startup/TowardsBNN/binaryneuralnet-asic-TTIHP26/src/classification_tree.sv:3575$1066'.
Removing empty process `classification_tree.$proc$/Users/marcandre/Desktop/Startup/TowardsBNN/binaryneuralnet-asic-TTIHP26/src/classification_tree.sv:3575$1066'.
Found and cleaned up 7 empty switches in `\classification_tree.$proc$/Users/marcandre/Desktop/Startup/TowardsBNN/binaryneuralnet-asic-TTIHP26/src/classification_tree.sv:3574$1048'.
Removing empty process `classification_tree.$proc$/Users/marcandre/Desktop/Startup/TowardsBNN/binaryneuralnet-asic-TTIHP26/src/classification_tree.sv:3574$1048'.
Found and cleaned up 7 empty switches in `\classification_tree.$proc$/Users/marcandre/Desktop/Startup/TowardsBNN/binaryneuralnet-asic-TTIHP26/src/classification_tree.sv:3573$1030'.
Removing empty process `classification_tree.$proc$/Users/marcandre/Desktop/Startup/TowardsBNN/binaryneuralnet-asic-TTIHP26/src/classification_tree.sv:3573$1030'.
Found and cleaned up 7 empty switches in `\classification_tree.$proc$/Users/marcandre/Desktop/Startup/TowardsBNN/binaryneuralnet-asic-TTIHP26/src/classification_tree.sv:3570$1012'.
Removing empty process `classification_tree.$proc$/Users/marcandre/Desktop/Startup/TowardsBNN/binaryneuralnet-asic-TTIHP26/src/classification_tree.sv:3570$1012'.
Found and cleaned up 7 empty switches in `\classification_tree.$proc$/Users/marcandre/Desktop/Startup/TowardsBNN/binaryneuralnet-asic-TTIHP26/src/classification_tree.sv:3569$994'.
Removing empty process `classification_tree.$proc$/Users/marcandre/Desktop/Startup/TowardsBNN/binaryneuralnet-asic-TTIHP26/src/classification_tree.sv:3569$994'.
Found and cleaned up 7 empty switches in `\classification_tree.$proc$/Users/marcandre/Desktop/Startup/TowardsBNN/binaryneuralnet-asic-TTIHP26/src/classification_tree.sv:3568$976'.
Removing empty process `classification_tree.$proc$/Users/marcandre/Desktop/Startup/TowardsBNN/binaryneuralnet-asic-TTIHP26/src/classification_tree.sv:3568$976'.
Found and cleaned up 7 empty switches in `\classification_tree.$proc$/Users/marcandre/Desktop/Startup/TowardsBNN/binaryneuralnet-asic-TTIHP26/src/classification_tree.sv:3567$958'.
Removing empty process `classification_tree.$proc$/Users/marcandre/Desktop/Startup/TowardsBNN/binaryneuralnet-asic-TTIHP26/src/classification_tree.sv:3567$958'.
Found and cleaned up 7 empty switches in `\classification_tree.$proc$/Users/marcandre/Desktop/Startup/TowardsBNN/binaryneuralnet-asic-TTIHP26/src/classification_tree.sv:3566$940'.
Removing empty process `classification_tree.$proc$/Users/marcandre/Desktop/Startup/TowardsBNN/binaryneuralnet-asic-TTIHP26/src/classification_tree.sv:3566$940'.
Found and cleaned up 7 empty switches in `\classification_tree.$proc$/Users/marcandre/Desktop/Startup/TowardsBNN/binaryneuralnet-asic-TTIHP26/src/classification_tree.sv:3565$922'.
Removing empty process `classification_tree.$proc$/Users/marcandre/Desktop/Startup/TowardsBNN/binaryneuralnet-asic-TTIHP26/src/classification_tree.sv:3565$922'.
Found and cleaned up 7 empty switches in `\classification_tree.$proc$/Users/marcandre/Desktop/Startup/TowardsBNN/binaryneuralnet-asic-TTIHP26/src/classification_tree.sv:3564$904'.
Removing empty process `classification_tree.$proc$/Users/marcandre/Desktop/Startup/TowardsBNN/binaryneuralnet-asic-TTIHP26/src/classification_tree.sv:3564$904'.
Found and cleaned up 7 empty switches in `\classification_tree.$proc$/Users/marcandre/Desktop/Startup/TowardsBNN/binaryneuralnet-asic-TTIHP26/src/classification_tree.sv:3563$886'.
Removing empty process `classification_tree.$proc$/Users/marcandre/Desktop/Startup/TowardsBNN/binaryneuralnet-asic-TTIHP26/src/classification_tree.sv:3563$886'.
Found and cleaned up 7 empty switches in `\classification_tree.$proc$/Users/marcandre/Desktop/Startup/TowardsBNN/binaryneuralnet-asic-TTIHP26/src/classification_tree.sv:3562$868'.
Removing empty process `classification_tree.$proc$/Users/marcandre/Desktop/Startup/TowardsBNN/binaryneuralnet-asic-TTIHP26/src/classification_tree.sv:3562$868'.
Found and cleaned up 7 empty switches in `\classification_tree.$proc$/Users/marcandre/Desktop/Startup/TowardsBNN/binaryneuralnet-asic-TTIHP26/src/classification_tree.sv:3561$850'.
Removing empty process `classification_tree.$proc$/Users/marcandre/Desktop/Startup/TowardsBNN/binaryneuralnet-asic-TTIHP26/src/classification_tree.sv:3561$850'.
Found and cleaned up 7 empty switches in `\classification_tree.$proc$/Users/marcandre/Desktop/Startup/TowardsBNN/binaryneuralnet-asic-TTIHP26/src/classification_tree.sv:3558$832'.
Removing empty process `classification_tree.$proc$/Users/marcandre/Desktop/Startup/TowardsBNN/binaryneuralnet-asic-TTIHP26/src/classification_tree.sv:3558$832'.
Found and cleaned up 7 empty switches in `\classification_tree.$proc$/Users/marcandre/Desktop/Startup/TowardsBNN/binaryneuralnet-asic-TTIHP26/src/classification_tree.sv:3557$814'.
Removing empty process `classification_tree.$proc$/Users/marcandre/Desktop/Startup/TowardsBNN/binaryneuralnet-asic-TTIHP26/src/classification_tree.sv:3557$814'.
Found and cleaned up 7 empty switches in `\classification_tree.$proc$/Users/marcandre/Desktop/Startup/TowardsBNN/binaryneuralnet-asic-TTIHP26/src/classification_tree.sv:3556$796'.
Removing empty process `classification_tree.$proc$/Users/marcandre/Desktop/Startup/TowardsBNN/binaryneuralnet-asic-TTIHP26/src/classification_tree.sv:3556$796'.
Found and cleaned up 7 empty switches in `\classification_tree.$proc$/Users/marcandre/Desktop/Startup/TowardsBNN/binaryneuralnet-asic-TTIHP26/src/classification_tree.sv:3555$778'.
Removing empty process `classification_tree.$proc$/Users/marcandre/Desktop/Startup/TowardsBNN/binaryneuralnet-asic-TTIHP26/src/classification_tree.sv:3555$778'.
Found and cleaned up 7 empty switches in `\classification_tree.$proc$/Users/marcandre/Desktop/Startup/TowardsBNN/binaryneuralnet-asic-TTIHP26/src/classification_tree.sv:3554$760'.
Removing empty process `classification_tree.$proc$/Users/marcandre/Desktop/Startup/TowardsBNN/binaryneuralnet-asic-TTIHP26/src/classification_tree.sv:3554$760'.
Found and cleaned up 7 empty switches in `\classification_tree.$proc$/Users/marcandre/Desktop/Startup/TowardsBNN/binaryneuralnet-asic-TTIHP26/src/classification_tree.sv:3553$742'.
Removing empty process `classification_tree.$proc$/Users/marcandre/Desktop/Startup/TowardsBNN/binaryneuralnet-asic-TTIHP26/src/classification_tree.sv:3553$742'.
Found and cleaned up 7 empty switches in `\classification_tree.$proc$/Users/marcandre/Desktop/Startup/TowardsBNN/binaryneuralnet-asic-TTIHP26/src/classification_tree.sv:3552$724'.
Removing empty process `classification_tree.$proc$/Users/marcandre/Desktop/Startup/TowardsBNN/binaryneuralnet-asic-TTIHP26/src/classification_tree.sv:3552$724'.
Found and cleaned up 7 empty switches in `\classification_tree.$proc$/Users/marcandre/Desktop/Startup/TowardsBNN/binaryneuralnet-asic-TTIHP26/src/classification_tree.sv:3551$706'.
Removing empty process `classification_tree.$proc$/Users/marcandre/Desktop/Startup/TowardsBNN/binaryneuralnet-asic-TTIHP26/src/classification_tree.sv:3551$706'.
Found and cleaned up 7 empty switches in `\classification_tree.$proc$/Users/marcandre/Desktop/Startup/TowardsBNN/binaryneuralnet-asic-TTIHP26/src/classification_tree.sv:3550$688'.
Removing empty process `classification_tree.$proc$/Users/marcandre/Desktop/Startup/TowardsBNN/binaryneuralnet-asic-TTIHP26/src/classification_tree.sv:3550$688'.
Found and cleaned up 7 empty switches in `\classification_tree.$proc$/Users/marcandre/Desktop/Startup/TowardsBNN/binaryneuralnet-asic-TTIHP26/src/classification_tree.sv:3549$670'.
Removing empty process `classification_tree.$proc$/Users/marcandre/Desktop/Startup/TowardsBNN/binaryneuralnet-asic-TTIHP26/src/classification_tree.sv:3549$670'.
Found and cleaned up 7 empty switches in `\classification_tree.$proc$/Users/marcandre/Desktop/Startup/TowardsBNN/binaryneuralnet-asic-TTIHP26/src/classification_tree.sv:3546$652'.
Removing empty process `classification_tree.$proc$/Users/marcandre/Desktop/Startup/TowardsBNN/binaryneuralnet-asic-TTIHP26/src/classification_tree.sv:3546$652'.
Found and cleaned up 7 empty switches in `\classification_tree.$proc$/Users/marcandre/Desktop/Startup/TowardsBNN/binaryneuralnet-asic-TTIHP26/src/classification_tree.sv:3545$634'.
Removing empty process `classification_tree.$proc$/Users/marcandre/Desktop/Startup/TowardsBNN/binaryneuralnet-asic-TTIHP26/src/classification_tree.sv:3545$634'.
Found and cleaned up 7 empty switches in `\classification_tree.$proc$/Users/marcandre/Desktop/Startup/TowardsBNN/binaryneuralnet-asic-TTIHP26/src/classification_tree.sv:3544$616'.
Removing empty process `classification_tree.$proc$/Users/marcandre/Desktop/Startup/TowardsBNN/binaryneuralnet-asic-TTIHP26/src/classification_tree.sv:3544$616'.
Found and cleaned up 7 empty switches in `\classification_tree.$proc$/Users/marcandre/Desktop/Startup/TowardsBNN/binaryneuralnet-asic-TTIHP26/src/classification_tree.sv:3543$598'.
Removing empty process `classification_tree.$proc$/Users/marcandre/Desktop/Startup/TowardsBNN/binaryneuralnet-asic-TTIHP26/src/classification_tree.sv:3543$598'.
Found and cleaned up 7 empty switches in `\classification_tree.$proc$/Users/marcandre/Desktop/Startup/TowardsBNN/binaryneuralnet-asic-TTIHP26/src/classification_tree.sv:3542$580'.
Removing empty process `classification_tree.$proc$/Users/marcandre/Desktop/Startup/TowardsBNN/binaryneuralnet-asic-TTIHP26/src/classification_tree.sv:3542$580'.
Found and cleaned up 7 empty switches in `\classification_tree.$proc$/Users/marcandre/Desktop/Startup/TowardsBNN/binaryneuralnet-asic-TTIHP26/src/classification_tree.sv:3541$562'.
Removing empty process `classification_tree.$proc$/Users/marcandre/Desktop/Startup/TowardsBNN/binaryneuralnet-asic-TTIHP26/src/classification_tree.sv:3541$562'.
Found and cleaned up 7 empty switches in `\classification_tree.$proc$/Users/marcandre/Desktop/Startup/TowardsBNN/binaryneuralnet-asic-TTIHP26/src/classification_tree.sv:3540$544'.
Removing empty process `classification_tree.$proc$/Users/marcandre/Desktop/Startup/TowardsBNN/binaryneuralnet-asic-TTIHP26/src/classification_tree.sv:3540$544'.
Found and cleaned up 7 empty switches in `\classification_tree.$proc$/Users/marcandre/Desktop/Startup/TowardsBNN/binaryneuralnet-asic-TTIHP26/src/classification_tree.sv:3539$526'.
Removing empty process `classification_tree.$proc$/Users/marcandre/Desktop/Startup/TowardsBNN/binaryneuralnet-asic-TTIHP26/src/classification_tree.sv:3539$526'.
Found and cleaned up 6 empty switches in `\classification_tree.$proc$/Users/marcandre/Desktop/Startup/TowardsBNN/binaryneuralnet-asic-TTIHP26/src/classification_tree.sv:3538$510'.
Removing empty process `classification_tree.$proc$/Users/marcandre/Desktop/Startup/TowardsBNN/binaryneuralnet-asic-TTIHP26/src/classification_tree.sv:3538$510'.
Found and cleaned up 7 empty switches in `\classification_tree.$proc$/Users/marcandre/Desktop/Startup/TowardsBNN/binaryneuralnet-asic-TTIHP26/src/classification_tree.sv:3537$492'.
Removing empty process `classification_tree.$proc$/Users/marcandre/Desktop/Startup/TowardsBNN/binaryneuralnet-asic-TTIHP26/src/classification_tree.sv:3537$492'.
Found and cleaned up 7 empty switches in `\classification_tree.$proc$/Users/marcandre/Desktop/Startup/TowardsBNN/binaryneuralnet-asic-TTIHP26/src/classification_tree.sv:3534$474'.
Removing empty process `classification_tree.$proc$/Users/marcandre/Desktop/Startup/TowardsBNN/binaryneuralnet-asic-TTIHP26/src/classification_tree.sv:3534$474'.
Found and cleaned up 7 empty switches in `\classification_tree.$proc$/Users/marcandre/Desktop/Startup/TowardsBNN/binaryneuralnet-asic-TTIHP26/src/classification_tree.sv:3533$456'.
Removing empty process `classification_tree.$proc$/Users/marcandre/Desktop/Startup/TowardsBNN/binaryneuralnet-asic-TTIHP26/src/classification_tree.sv:3533$456'.
Found and cleaned up 7 empty switches in `\classification_tree.$proc$/Users/marcandre/Desktop/Startup/TowardsBNN/binaryneuralnet-asic-TTIHP26/src/classification_tree.sv:3532$438'.
Removing empty process `classification_tree.$proc$/Users/marcandre/Desktop/Startup/TowardsBNN/binaryneuralnet-asic-TTIHP26/src/classification_tree.sv:3532$438'.
Found and cleaned up 7 empty switches in `\classification_tree.$proc$/Users/marcandre/Desktop/Startup/TowardsBNN/binaryneuralnet-asic-TTIHP26/src/classification_tree.sv:3531$420'.
Removing empty process `classification_tree.$proc$/Users/marcandre/Desktop/Startup/TowardsBNN/binaryneuralnet-asic-TTIHP26/src/classification_tree.sv:3531$420'.
Found and cleaned up 7 empty switches in `\classification_tree.$proc$/Users/marcandre/Desktop/Startup/TowardsBNN/binaryneuralnet-asic-TTIHP26/src/classification_tree.sv:3530$402'.
Removing empty process `classification_tree.$proc$/Users/marcandre/Desktop/Startup/TowardsBNN/binaryneuralnet-asic-TTIHP26/src/classification_tree.sv:3530$402'.
Found and cleaned up 7 empty switches in `\classification_tree.$proc$/Users/marcandre/Desktop/Startup/TowardsBNN/binaryneuralnet-asic-TTIHP26/src/classification_tree.sv:3529$384'.
Removing empty process `classification_tree.$proc$/Users/marcandre/Desktop/Startup/TowardsBNN/binaryneuralnet-asic-TTIHP26/src/classification_tree.sv:3529$384'.
Found and cleaned up 7 empty switches in `\classification_tree.$proc$/Users/marcandre/Desktop/Startup/TowardsBNN/binaryneuralnet-asic-TTIHP26/src/classification_tree.sv:3528$366'.
Removing empty process `classification_tree.$proc$/Users/marcandre/Desktop/Startup/TowardsBNN/binaryneuralnet-asic-TTIHP26/src/classification_tree.sv:3528$366'.
Found and cleaned up 7 empty switches in `\classification_tree.$proc$/Users/marcandre/Desktop/Startup/TowardsBNN/binaryneuralnet-asic-TTIHP26/src/classification_tree.sv:3527$348'.
Removing empty process `classification_tree.$proc$/Users/marcandre/Desktop/Startup/TowardsBNN/binaryneuralnet-asic-TTIHP26/src/classification_tree.sv:3527$348'.
Found and cleaned up 7 empty switches in `\classification_tree.$proc$/Users/marcandre/Desktop/Startup/TowardsBNN/binaryneuralnet-asic-TTIHP26/src/classification_tree.sv:3526$330'.
Removing empty process `classification_tree.$proc$/Users/marcandre/Desktop/Startup/TowardsBNN/binaryneuralnet-asic-TTIHP26/src/classification_tree.sv:3526$330'.
Found and cleaned up 7 empty switches in `\classification_tree.$proc$/Users/marcandre/Desktop/Startup/TowardsBNN/binaryneuralnet-asic-TTIHP26/src/classification_tree.sv:3525$312'.
Removing empty process `classification_tree.$proc$/Users/marcandre/Desktop/Startup/TowardsBNN/binaryneuralnet-asic-TTIHP26/src/classification_tree.sv:3525$312'.
Found and cleaned up 9 empty switches in `\classification_tree.$proc$/Users/marcandre/Desktop/Startup/TowardsBNN/binaryneuralnet-asic-TTIHP26/src/classification_tree.sv:3646$302'.
Removing empty process `classification_tree.$proc$/Users/marcandre/Desktop/Startup/TowardsBNN/binaryneuralnet-asic-TTIHP26/src/classification_tree.sv:3646$302'.
Found and cleaned up 1 empty switch in `\main.$proc$/Users/marcandre/Desktop/Startup/TowardsBNN/binaryneuralnet-asic-TTIHP26/src/main.sv:233$11'.
Removing empty process `main.$proc$/Users/marcandre/Desktop/Startup/TowardsBNN/binaryneuralnet-asic-TTIHP26/src/main.sv:233$11'.
Found and cleaned up 7 empty switches in `\main.$proc$/Users/marcandre/Desktop/Startup/TowardsBNN/binaryneuralnet-asic-TTIHP26/src/main.sv:160$9'.
Removing empty process `main.$proc$/Users/marcandre/Desktop/Startup/TowardsBNN/binaryneuralnet-asic-TTIHP26/src/main.sv:160$9'.
Cleaned up 775 empty switches.

19.12. Executing OPT_EXPR pass (perform const folding).
Optimizing module tt_um_maw_mnistbnn.
Optimizing module conv_weights_3x3_l2.
<suppressed ~2 debug messages>
Optimizing module load_conv_op_3x6.
<suppressed ~46 debug messages>
Optimizing module conv_weights_3x3_l1.
<suppressed ~2 debug messages>
Optimizing module mnist_loader.
<suppressed ~10 debug messages>
Optimizing module conv_layer1.
<suppressed ~16 debug messages>
Optimizing module $paramod$c9bc438dfe858e9d75bddd12c427471508300052\maxpool_2x2.
<suppressed ~16 debug messages>
Optimizing module conv_layer2.
<suppressed ~260 debug messages>
Optimizing module $paramod$f16bc6def46f6441af0290023d3b6045c72e1335\maxpool_2x2.
<suppressed ~16 debug messages>
Optimizing module conv_layer3.
<suppressed ~18 debug messages>
Optimizing module classification_tree.
<suppressed ~1642 debug messages>
Optimizing module main.
<suppressed ~18 debug messages>
Optimizing module conv_weights_2x2_l3.
<suppressed ~6142 debug messages>

20. Executing FLATTEN pass (flatten design).
Deleting now unused module conv_weights_3x3_l2.
Deleting now unused module load_conv_op_3x6.
Deleting now unused module conv_weights_3x3_l1.
Deleting now unused module mnist_loader.
Deleting now unused module conv_layer1.
Deleting now unused module $paramod$c9bc438dfe858e9d75bddd12c427471508300052\maxpool_2x2.
Deleting now unused module conv_layer2.
Deleting now unused module $paramod$f16bc6def46f6441af0290023d3b6045c72e1335\maxpool_2x2.
Deleting now unused module conv_layer3.
Deleting now unused module classification_tree.
Deleting now unused module main.
Deleting now unused module conv_weights_2x2_l3.
<suppressed ~13 debug messages>

21. Executing OPT_CLEAN pass (remove unused cells and wires).
Finding unused cells or wires in module \tt_um_maw_mnistbnn..
Removed 3117 unused cells and 13346 unused wires.
<suppressed ~3360 debug messages>
