net,length_um
m.u_conv3.u_weights._12696_,1.337445mm
net515,1.28687mm
net1456,1.28346mm
m.u_conv3.u_weights._00600_,1.24849mm
net689,1.230835mm
net731,1.21255mm
m.u_conv3.u_weights._06963_,1.209445mm
net724,1.20438mm
net644,1.20143mm
net860,1.1894mm
net1250,1.188235mm
m.embedding\[28\],1.173245mm
net998,1.16748mm
m.u_conv3.u_weights._08284_,1.14969mm
net1145,1.14367mm
net466,1.142545mm
net1545,1.14164mm
net1273,1.140985mm
net666,1.125535mm
net613,1.122765mm
m.embedding\[63\],1.11833mm
m.embedding\[39\],1.11589mm
net716,1.1152mm
net897,1.1117mm
net1323,1.105345mm
net1304,1.1024mm
net931,1.10214mm
net668,1.0941mm
net663,1.089565mm
m.u_conv3.u_weights._03541_,1.08869mm
m.u_conv3.input_buf\[58\],1.086495mm
net616,1.082145mm
net611,1.081355mm
net678,1.077705mm
m.u_conv3.u_weights._10020_,1.073755mm
net456,1.072485mm
net674,1.07016mm
net714,1.067065mm
net1080,1.065025mm
net470,1.06147mm
m.embedding\[44\],1.05855mm
net711,1.05819mm
net737,1.058135mm
net974,1.054085mm
net599,1.051765mm
m.u_conv3.u_weights._00534_,1.05015mm
m.u_conv3.u_weights._00831_,1.050015mm
net704,1.049625mm
net742,1.047895mm
net514,1.047355mm
net749,1.044795mm
net1213,1.04165mm
net654,1.041105mm
net499,1.03967mm
net638,1.03937mm
net910,1.037075mm
m.u_conv3.u_weights._09918_,1.037065mm
net623,1.03652mm
m.u_conv3.u_weights._05829_,1.036435mm
net1074,1.036045mm
net583,1.033785mm
net604,1.02839mm
net468,1.021515mm
net1107,1.01547mm
net510,1.014835mm
net848,1.01273mm
net1019,1.01231mm
m.u_conv3.u_weights._09920_,1.009865mm
net586,1.009175mm
net893,1.008475mm
m.u_conv3.u_weights._10532_,1.008175mm
m.u_conv3.u_weights._03618_,1.004395mm
net939,1.002875mm
net533,997.895µm
m.u_conv3.u_weights._06837_,997.385µm
m.u_conv3.u_weights._10377_,996.38µm
m.embedding\[8\],994.77µm
net460,993.605µm
net511,993.37µm
net473,993.245µm
net582,985.82µm
net558,984.2µm
net904,981.705µm
m.u_conv3.u_weights._03717_,977.82µm
net701,977.765µm
clk,976.68µm
net544,975.39µm
net673,973.315µm
m.u_conv3.u_weights._09975_,971.715µm
m.embedding\[61\],965.235µm
net547,962.465µm
net675,961.62µm
net855,957.6µm
net751,956.67µm
m.u_conv3.u_weights._10477_,956.045µm
net597,954.715µm
m.u_conv3.input_buf\[18\],953.91µm
net610,951.25µm
net478,950.06µm
net719,947.865µm
net507,945.64µm
net1462,945.485µm
m.u_conv3.u_weights._14409_,943.415µm
m.embedding\[52\],942.39µm
net1134,942.265µm
net588,942.055µm
net634,938.01µm
m.u_conv3.u_weights._06684_,937.775µm
m.embedding\[9\],936.575µm
m.embedding\[57\],936.09µm
net635,933.86µm
m.u_conv3.u_weights._05719_,932.5µm
net683,930.515µm
net602,927.36µm
net1482,925.275µm
m.u_conv3.u_weights._14234_,925.03µm
m.u_conv3.u_weights._04502_,923.785µm
net1199,919.695µm
net1553,919.275µm
net1335,916.395µm
net573,912.79µm
net593,912.36µm
net617,911.51µm
net545,909.07µm
net1347,908.075µm
net693,907.495µm
net568,905.43µm
net605,905.235µm
m.u_conv3.input_buf\[23\],900.81µm
net643,899.96µm
net584,897.565µm
net526,897.395µm
net494,894.33µm
net853,892.625µm
net608,889.145µm
net1162,886.93µm
net472,883.43µm
net528,881.265µm
net525,878.57µm
net660,878.05µm
net1166,872.51µm
net523,870.185µm
net694,870.165µm
m.u_conv3.input_buf\[12\],869.525µm
net577,869.055µm
m.u_conv3.u_weights._01434_,866.225µm
m.embedding\[33\],862.51µm
net871,862.475µm
net463,862.07µm
m.u_conv3.u_weights._06826_,860.63µm
net555,857.885µm
net198,853.635µm
net1205,852.735µm
net1,852.255µm
m.u_conv3.u_weights._06717_,848.705µm
net627,848.05µm
net743,846.505µm
m.u_conv3.u_weights._00788_,846.09µm
m.u_conv3.u_weights._08574_,845.82µm
m.u_conv3.u_weights._07188_,845.49µm
net1549,844.49µm
net560,844.46µm
net600,843.485µm
net841,843.435µm
net1120,840.065µm
clknet_0_clk_regs,838.21µm
net488,835.14µm
m.u_conv3.u_weights._05608_,834.365µm
m.u_conv3.input_buf\[27\],832.21µm
net909,831.11µm
net483,830.235µm
m.u_conv3.input_buf\[20\],829.88µm
net1138,829.27µm
net1121,827.685µm
net621,827.14µm
net676,826.24µm
m.u_conv3.input_buf\[37\],825.395µm
net495,823.565µm
net333,823.525µm
net486,821.345µm
net679,820.14µm
net913,819.97µm
net870,817.89µm
net1079,816.87µm
m.u_conv3.u_weights._04032_,816.075µm
net699,814.9µm
net592,814.895µm
m.u_conv3.input_buf\[0\],813.59µm
m.embedding\[56\],813.44µm
net1373,812.985µm
net332,808.575µm
net902,808.37µm
m.u_conv3.u_weights._06695_,806.985µm
net738,805.51µm
m.u_conv3.u_weights._05189_,804.335µm
net562,803.015µm
net883,803µm
net664,801.675µm
net614,801.06µm
net1368,799.425µm
net567,799.395µm
net887,799.23µm
net581,798.895µm
net741,797.175µm
net908,795.495µm
m.embedding\[4\],793.235µm
net574,793.215µm
net708,793.21µm
net603,791.685µm
net879,790.75µm
m.u_conv3.input_buf\[43\],790.02µm
net926,788.865µm
m.u_conv3.u_weights._06381_,788.52µm
m.u_conv3.u_weights._15311_,787.595µm
m.u_conv3.u_weights._07830_,787.11µm
m.u_conv3.u_weights._01483_,786.56µm
m.u_conv3.input_buf\[40\],786.54µm
net578,786.435µm
net1558,785.75µm
m.u_conv3.u_weights._06728_,784.995µm
net1502,784.775µm
net680,784.345µm
m.u_conv3.u_weights._13695_,783.8µm
net513,783.445µm
net1543,783.35µm
net506,783.26µm
net340,782.96µm
net810,780.965µm
m.u_conv3.u_weights._06870_,780.415µm
net556,780.385µm
net646,779.465µm
net1003,779.385µm
net520,779.11µm
net705,779.055µm
m.u_conv3.u_weights._06848_,777.91µm
net1340,776.68µm
net728,776.06µm
net580,772.68µm
net685,770.245µm
net754,770.09µm
net808,769.79µm
net519,769.42µm
net1262,767.65µm
m.embedding\[62\],767.52µm
m.u_conv3.u_weights._08079_,767.44µm
net955,766.705µm
net469,766.575µm
net951,764.855µm
net345,762.41µm
m.u_conv3.u_weights._07421_,761.47µm
net554,761.22µm
net465,760.44µm
net1112,759.805µm
net989,757.8µm
net892,757.345µm
net1084,754.71µm
m.u_conv3.u_weights._03994_,751.555µm
net615,751.55µm
net1505,751.34µm
net956,750.69µm
net697,749.74µm
net1557,747.38µm
net1312,746.915µm
m.embedding\[14\],746.015µm
net631,745.42µm
net736,743.765µm
net915,743.2µm
net691,742.755µm
net1012,742.34µm
net498,742.295µm
net730,741.575µm
net1455,741.13µm
net1551,739.38µm
net548,739.105µm
net967,738.525µm
net748,738.49µm
net672,738.035µm
m.u_conv3.u_weights._03839_,737.32µm
net485,736.45µm
net710,735.345µm
m.u_conv3.u_weights._01882_,734.625µm
net1531,734.33µm
m.u_conv3.input_buf\[42\],733.805µm
m.u_conv3.u_weights._14310_,732.95µm
net1518,732.32µm
net1291,731.89µm
m.u_conv3.u_weights._05307_,731.105µm
m.u_conv3.u_weights._05313_,730.665µm
m.u_conv3.u_weights._03370_,730.17µm
net1492,730.03µm
m.embedding\[0\],729.615µm
net1217,727.34µm
net524,727.145µm
net739,727.09µm
m.u_conv3.u_weights._13192_,726.465µm
m.u_conv3.u_weights._08611_,724.77µm
net1481,724.34µm
m.u_conv3.u_weights._12450_,724.13µm
m.embedding\[1\],723.44µm
net1504,722.97µm
net1269,721.58µm
net1426,719.885µm
net1266,719.515µm
m.u_conv3.u_weights._10114_,719.37µm
m.u_conv3.u_weights._13694_,719.11µm
net894,718.36µm
m.u_conv3.u_weights._06804_,718.175µm
net686,718.175µm
net798,717.75µm
m.u_conv3.u_weights._12524_,717.745µm
m.embedding\[26\],716.68µm
m.u_conv3.u_weights._06590_,716.56µm
net1243,715.605µm
net682,714.615µm
net1144,713.635µm
net1239,713.56µm
m.u_conv3.input_buf\[55\],713.095µm
net652,711.895µm
net1037,711.85µm
net707,711.805µm
net1387,711.43µm
net876,711.395µm
net628,710.435µm
net1026,710.405µm
net541,710.4µm
net717,710.18µm
m.u_conv3.input_buf\[53\],709.755µm
m.u_conv3.u_weights._10443_,708.97µm
m.embedding\[7\],708.91µm
m.u_conv3.u_weights._05387_,705.705µm
m.embedding\[25\],705.075µm
m.u_conv3.u_weights._00612_,704.82µm
net659,704.095µm
net670,703.87µm
net1288,703.335µm
net744,703.29µm
net1332,703.17µm
net199,701.35µm
net575,700.55µm
m.u_conv3.input_buf\[28\],700.53µm
net647,698.7µm
net980,698.04µm
net197,697.61µm
net888,697.27µm
net986,696.51µm
m.u_conv3.u_weights._03456_,695.85µm
m.u_conv3.u_weights._01512_,695.15µm
net641,694.46µm
net684,693.66µm
net539,693.295µm
net750,691.955µm
net518,690.42µm
net1405,690.265µm
net921,688.515µm
net725,687.88µm
net1192,687.695µm
net1535,687.435µm
m.embedding\[30\],686.13µm
m.embedding\[38\],686µm
net1030,685.965µm
net713,685.845µm
net1498,685.42µm
m.u_conv3.u_weights._01898_,685.15µm
net1536,685.055µm
net1085,684.965µm
net1560,684.46µm
m.u_conv3.u_weights._06651_,684.45µm
net1029,684.405µm
net540,683.46µm
net1306,683.255µm
net1495,683.245µm
net801,682.355µm
net885,682.12µm
net657,681.815µm
net1330,681.185µm
m.u_conv3.u_weights._00585_,681.1µm
net715,680.865µm
net865,680.82µm
net690,680.495µm
net459,680.44µm
net753,679.005µm
m.u_conv3.u_weights._03507_,678.92µm
net1077,678.87µm
m.u_conv3.u_weights._03728_,677.825µm
m.u_conv3.u_weights._08814_,677.7µm
m.u_conv3.u_weights._12406_,677.615µm
net1358,676.575µm
net457,676.04µm
net1165,676.03µm
net928,676.025µm
net1261,675.315µm
m.u_conv3.u_weights._03176_,675.16µm
net501,673.955µm
m.u_conv3.u_weights._10706_,673.84µm
m.u_conv3.input_buf\[56\],673µm
net1523,672.55µm
net706,671.775µm
net571,671.69µm
m.u_conv3.u_weights._07890_,670.73µm
net1180,670.35µm
net579,670.33µm
net607,669.19µm
net349,669.03µm
net702,668.39µm
net1310,667.665µm
net721,667.25µm
net901,666.71µm
net500,666.66µm
m.u_conv3.u_weights._08952_,666.405µm
net959,666.03µm
net1314,665.45µm
net712,664.815µm
m.u_conv3.u_weights._08334_,663.445µm
net985,662.65µm
net1011,662.57µm
net650,662.235µm
m.u_conv3.u_weights._06761_,661.82µm
net982,660.59µm
m.u_conv3.u_weights._08880_,659.33µm
net1255,659.27µm
net461,659.25µm
net804,659.2µm
m.embedding\[43\],658.75µm
net1297,658.32µm
m.u_conv3.u_weights._06662_,658.035µm
net1494,657.325µm
net1509,657.115µm
net907,656.25µm
net938,656.085µm
net1488,654.975µm
net973,654.84µm
net651,654.16µm
net997,654.155µm
net979,653.16µm
net1058,652.565µm
net1178,652.41µm
net948,652.1µm
m.u_conv3.u_weights._05166_,651.26µm
net667,651.2µm
net1301,650.92µm
m.u_conv3.u_weights._06750_,648.805µm
net1006,647.82µm
net665,647.58µm
net941,647.485µm
net695,647.05µm
m.u_conv3.u_weights._06050_,645.32µm
net658,643.72µm
net546,642.735µm
net639,640.25µm
net1082,639.73µm
net1000,639.02µm
net718,638.615µm
net451,638.355µm
net1189,637.25µm
net1246,637.035µm
net1198,636.775µm
net1392,636.77µm
m.u_conv3.input_buf\[2\],635.75µm
net1359,635.155µm
net512,634.98µm
net1238,634.655µm
net669,634.34µm
net1528,634.215µm
m.u_conv3.input_buf\[35\],634.18µm
net648,633.39µm
net1126,633.03µm
net911,632.355µm
net1102,632.305µm
net1473,631.95µm
net993,631.05µm
net1540,630.285µm
net687,630.245µm
m.u_conv3.input_buf\[8\],629.95µm
net1215,629.82µm
m.u_conv3.u_weights._12945_,629.705µm
net840,628.92µm
m.embedding\[55\],627.92µm
m.u_conv3.u_weights._10278_,627.31µm
m.u_conv3.u_weights._00829_,627.28µm
net649,625.52µm
net334,623.125µm
net561,622.505µm
net849,622.47µm
net1057,621.855µm
m.embedding\[16\],621.42µm
m.embedding\[36\],620.96µm
net1163,620.94µm
net596,620.08µm
net1563,618.87µm
net487,618.835µm
net1272,617.985µm
net962,617.645µm
net1286,617.37µm
net1047,617.33µm
net1194,617.325µm
m.u_conv3.u_weights._04074_,616.62µm
net1445,616.025µm
net912,615.7µm
m.u_conv3.u_weights._10074_,615.36µm
m.u_conv3.u_weights._09417_,615.26µm
net1403,615.07µm
m.u_conv3.u_weights._08043_,614.485µm
net476,613.615µm
net1127,613.215µm
net509,612.9µm
net1342,612.9µm
net1258,612.47µm
net535,612.42µm
net632,612.2µm
net1056,610.94µm
net455,610.59µm
net522,610.1µm
net896,610.045µm
m.u_conv3.u_weights._00652_,609.05µm
net1459,609.01µm
m.u_conv3.u_weights._10432_,605.785µm
net504,605.27µm
net1293,604.865µm
net1443,604.44µm
net1298,604.1µm
m.u_conv3.u_weights._08636_,603.905µm
net1227,603.785µm
net919,602.76µm
m.u_conv3.u_weights._03273_,602.45µm
net1256,599.74µm
net550,599.63µm
net1331,599.225µm
m.u_conv3.u_weights._09125_,598.93µm
net1045,598.53µm
net837,597.74µm
net1439,597.685µm
m.embedding\[3\],597.54µm
net1561,597.25µm
net983,597.015µm
net1425,596.845µm
net734,596.665µm
net196,595.695µm
m.u_conv3.u_weights._09388_,595.23µm
net464,595.02µm
net633,594.515µm
m.u_conv3.u_weights._03983_,593.995µm
net975,593.845µm
m.u_conv3.u_weights._05498_,592.55µm
net462,592.435µm
net984,591.79µm
net1089,590.985µm
net645,590.835µm
m.u_conv3.u_weights._08333_,588.945µm
net620,588.395µm
net963,588.34µm
m.u_conv3.u_weights._14299_,588.2µm
net661,587.85µm
net1546,587.655µm
m.u_conv3.input_buf\[33\],586.75µm
net542,586.39µm
m.embedding\[5\],586.155µm
m.u_conv3.u_weights._10075_,585.88µm
net1334,585.745µm
m.u_conv3.u_weights._12843_,585.51µm
m.u_conv3.input_buf\[34\],585.5µm
net450,585.48µm
net958,585.465µm
m.u_conv3.u_weights._10552_,585.405µm
net1052,584.89µm
net830,584.475µm
net564,584.255µm
net587,583.035µm
net1475,582.8µm
m.u_conv3.u_weights._13953_,582.01µm
m.u_conv3.u_weights._07177_,580.7µm
m.u_conv2._0648_,580.65µm
net1555,580.135µm
net1226,579.265µm
m.u_conv3.u_weights._08332_,578.83µm
net933,578.67µm
net1533,578.54µm
net692,577.69µm
net572,576.88µm
net609,576.85µm
net1530,575.135µm
net677,575.105µm
m.embedding\[49\],575.08µm
net831,575.07µm
m.embedding\[29\],574.86µm
net1562,574.53µm
m.u_conv3.u_weights._06881_,574.12µm
net1489,573.605µm
net733,573.525µm
net864,572.67µm
net1022,572.635µm
m.embedding\[47\],572.615µm
m.u_conv3.input_buf\[19\],572.195µm
net1154,571.725µm
net636,571.66µm
m.u_conv3.u_weights._06820_,571.445µm
net1002,570.785µm
net1507,570.575µm
m.u_conv3.u_weights._12448_,570.555µm
net1444,570.525µm
net1372,570.33µm
m.u_conv3.input_buf\[22\],569.195µm
net595,568.735µm
m.u_conv3.u_weights._03331_,568.58µm
net1309,568.58µm
m.u_conv3.u_weights._08204_,568.165µm
m.u_conv3.u_weights._00492_,567.54µm
net1069,567.47µm
net347,567.405µm
net1234,566.805µm
m.u_conv3.u_weights._09938_,566.02µm
net1100,565.345µm
m.u_conv3.u_weights._10421_,565.185µm
net1466,565.155µm
net477,565.07µm
net1284,565.015µm
net1249,564.95µm
net1436,564.805µm
net1396,564.68µm
m.u_conv3.u_weights._13204_,564.475µm
net1541,564.05µm
net598,563.475µm
net1338,562.975µm
net591,562.09µm
net1171,562.065µm
m.u_conv3.u_weights._09667_,561.565µm
m.u_conv3.input_buf\[1\],561.555µm
net10,561.1µm
m.u_conv3.u_weights._10204_,559.615µm
net1212,557.81µm
net1353,557.77µm
net1355,557.715µm
net589,557.61µm
m.u_conv3.u_weights._10203_,557.45µm
net1040,557.38µm
uo_out[4],557.13µm
net735,556.86µm
net700,556.445µm
net990,556.42µm
net727,556.09µm
m.u_conv3.input_buf\[15\],555.94µm
m.u_conv3.u_weights._12421_,555.875µm
m.u_conv3.u_weights._08229_,555.53µm
m.u_conv3.input_buf\[21\],555.45µm
net538,555.395µm
net454,554.78µm
net898,554.33µm
net601,553.335µm
m.u_conv3.u_weights._00869_,553.235µm
net517,552.41µm
m.u_conv3.u_weights._06887_,551.88µm
net552,551.825µm
net992,551.68µm
net930,551.52µm
net882,551.14µm
m.u_conv3.u_weights._10772_,550.515µm
net1008,550.375µm
net1237,550.21µm
m.u_conv3.input_buf\[10\],549.75µm
net1282,549.34µm
net1525,549.065µm
net917,548.69µm
net1241,548.64µm
net903,548.075µm
net1115,547.47µm
m.u_conv3.u_weights._11111_,546.125µm
m.embedding\[54\],545.945µm
net874,545.885µm
net1472,545.67µm
m.u_conv3.u_weights._15313_,545.205µm
m.u_conv3.u_weights._10769_,544.97µm
net1187,544.825µm
net585,543.535µm
net1452,543.515µm
net491,543.51µm
net341,542.36µm
net480,542.11µm
net1461,541.79µm
net626,541.555µm
m.u_conv3.u_weights._07000_,540.805µm
net1391,540.295µm
m.u_conv3.input_buf\[13\],539.76µm
net1093,539.04µm
net745,539.035µm
net681,538.2µm
net1435,537.96µm
net696,537.51µm
net569,536.805µm
net752,536.78µm
m.u_conv3.u_weights._04815_,536.7µm
net527,536.205µm
net553,536.16µm
net1378,535.795µm
m.u_conv3.input_buf\[5\],535.755µm
net1413,535.69µm
net655,534.72µm
m.u_conv3.u_weights._12942_,534.38µm
net872,533.86µm
m.embedding\[60\],533.51µm
net777,533.485µm
m.u_conv2._1565_,532.7µm
net1190,532.69µm
m.u_conv3.u_weights._06885_,532.48µm
net559,531.965µm
net1094,531.9µm
net1064,531.73µm
m.embedding\[24\],531.7µm
net1379,531.335µm
net1167,530.67µm
net1429,530.6µm
net1151,530.515µm
net1277,529.9µm
net1449,529.465µm
m.u_conv3.input_buf\[62\],529.425µm
net637,529.38µm
net1412,528.995µm
net726,528.85µm
net914,528.72µm
net1131,528.46µm
m.u_conv3.u_weights._09098_,528.18µm
net800,527.445µm
m.u_conv3.input_buf\[57\],527.075µm
net1506,526.025µm
net342,524.405µm
net482,524.405µm
net884,524.035µm
net1049,523.955µm
net1124,523.23µm
m.u_conv3.u_weights._00823_,523.035µm
net570,522.3µm
net1207,522.02µm
net1267,521.91µm
net1252,521.525µm
net1024,520.895µm
net490,520.595µm
m.u_conv3.u_weights._03511_,520.03µm
net1225,519.8µm
net1490,517.545µm
m.u_conv3.u_weights._07710_,517.385µm
net1544,516.955µm
net961,516.86µm
net842,516.595µm
net492,516.285µm
net1090,516.02µm
m.u_conv3.u_weights._10815_,514.48µm
m.u_conv3.u_weights._03495_,514.1µm
net458,513.505µm
net991,513.36µm
net723,513.205µm
net1161,513.025µm
net1063,512.445µm
net747,512.41µm
net640,511.335µm
net949,511.185µm
net1231,510.96µm
net1548,510.495µm
net987,510.34µm
m.u_conv3.input_buf\[3\],510.24µm
net1009,509.975µm
net662,509.875µm
m.u_conv3.u_weights._07662_,509.6µm
m.u_conv3.u_weights._00827_,509.355µm
net1095,509.115µm
net1402,508.89µm
m.u_conv3.u_weights._07706_,508.885µm
net1067,508.615µm
net529,508.135µm
net1184,507.41µm
net445,507.36µm
m.u_conv3.u_weights._10271_,507.225µm
net1130,506.675µm
net625,506.25µm
m.u_conv3.u_weights._07106_,506.23µm
net590,505.875µm
net1550,505.425µm
net1383,505.315µm
net1128,504.45µm
net845,503.28µm
net516,503.18µm
net606,502.52µm
net1395,502.35µm
net1416,502.135µm
net1464,501.635µm
net201,500.945µm
net1156,500.89µm
net467,500.465µm
net1328,499.575µm
net489,499.475µm
net859,499.295µm
m.embedding\[46\],497.35µm
m.u_conv3.u_weights._08871_,497.315µm
net869,495.92µm
m.u_conv3.u_weights._15659_,495.78µm
net1036,495.14µm
m.u_conv3.u_weights._14765_,494.605µm
m.u_conv3.u_weights._08063_,494.005µm
m.u_conv3.u_weights._10826_,493.97µm
net1220,493.535µm
net497,493.32µm
net1388,493.145µm
m.u_conv3.u_weights._09056_,493.015µm
net844,492.995µm
net576,492.635µm
net1087,492.255µm
net1322,492.195µm
net952,492.115µm
m.u_conv3.u_weights._08905_,491.92µm
m.u_conv3.input_buf\[24\],491.89µm
m.embedding\[35\],491.85µm
net563,491.715µm
net1133,491.195µm
m.u_conv3.u_weights._03508_,490.69µm
net396,490.57µm
net1177,490.38µm
m.u_conv3.input_buf\[63\],490.19µm
m.u_conv3.u_weights._10750_,489.805µm
net428,488.875µm
net66,488.73µm
m.u_conv3.input_buf\[47\],487.81µm
m.u_conv3.u_weights._14808_,487.76µm
net1423,486.165µm
m.u_conv3.u_weights._09147_,486.14µm
net852,485.835µm
net1357,485.585µm
net433,485.515µm
net1468,485.42µm
net851,485.015µm
net996,484.78µm
net630,484.73µm
m.u_conv3.u_weights._07963_,484.28µm
net1356,484.255µm
net1430,484.005µm
net1176,483.455µm
net401,483.36µm
net1260,482.81µm
net945,482.51µm
m.embedding\[23\],482.495µm
m.u_conv3.u_weights._04492_,482.475µm
m.u_conv3.u_weights._08542_,482.46µm
net954,481.19µm
net1329,480.53µm
net857,480.26µm
net1248,480.15µm
net900,479.925µm
net1399,479.63µm
net729,479.495µm
m.u_conv3.u_weights._04273_,479.48µm
net200,478.725µm
net927,477.65µm
m.embedding\[41\],477.64µm
net521,477.48µm
net836,477.36µm
net1018,476.945µm
net431,476.445µm
net965,476.25µm
net995,475.985µm
net1351,475.785µm
net423,475.545µm
net1517,475.075µm
m.u_conv3.u_weights._02864_,475.025µm
net1394,474.71µm
net1254,474.295µm
net1366,473.82µm
net1501,473.805µm
net1242,473.215µm
net594,472.91µm
net1510,472.045µm
m.u_conv3.u_weights._06367_,471.96µm
net534,471.875µm
net1001,471.845µm
m.embedding\[42\],471.445µm
net383,470.93µm
m.u_conv3.u_weights._07691_,470.795µm
m.u_conv3.u_weights._14228_,470.76µm
m.u_conv3.u_weights._06687_,470.525µm
m.u_conv3.u_weights._03422_,470.4µm
m.embedding\[2\],469.54µm
m.u_conv3.u_weights._07057_,468.28µm
m.u_conv3.u_weights._14051_,467.87µm
m.u_conv3.u_weights._15694_,467.27µm
net505,467.25µm
net916,466.92µm
net531,466.4µm
net1020,466.125µm
net940,466.095µm
net432,466.055µm
m.u_conv2._1133_,466µm
net359,465.24µm
net618,465.185µm
net1091,465.18µm
net1071,465.09µm
net1470,465.04µm
m.u_conv3.u_weights._09136_,464.385µm
net1033,464.325µm
net532,464.32µm
net1035,464.055µm
m.u_conv3.u_weights._00481_,463.965µm
m.u_conv3.input_buf\[51\],462.94µm
net1025,462.415µm
net1371,462.32µm
net1519,462.16µm
net1193,461.885µm
net1235,461.795µm
net1046,460.89µm
net1202,458.815µm
m.u_conv3.u_weights._05593_,458.755µm
net380,458.32µm
m.u_conv3.input_buf\[4\],457.655µm
net994,457.54µm
net1485,456.98µm
net877,456.505µm
m.u_conv3.u_weights._09529_,456.39µm
m.u_conv3.input_buf\[48\],456.11µm
net1292,456.015µm
net932,455.595µm
net1302,455.465µm
net843,455.065µm
m.embedding\[34\],454.05µm
m.u_conv3.u_weights._07443_,453.97µm
net1386,453.56µm
m.u_conv3.u_weights._07397_,453.29µm
m.u_conv3.u_weights._13970_,453.075µm
net861,452.63µm
net612,452.425µm
net1308,452.385µm
m.u_conv3.u_weights._02971_,452.355µm
net1480,452.125µm
net920,451.865µm
net1173,451.6µm
net502,451.075µm
net1280,449.545µm
net344,449.175µm
m.u_conv3.u_weights._08789_,449.145µm
net1244,448.895µm
m.u_conv3.u_weights._11841_,448.72µm
net969,448.44µm
net1150,447.36µm
net1175,446.8µm
net1186,446.67µm
net1218,446.655µm
net1346,446.615µm
m.u_conv3.u_weights._00514_,446.205µm
net947,445.815µm
net1442,445.595µm
net1219,445.025µm
m.u_conv3.u_weights._00601_,444.91µm
m.u_conv3.u_weights._08550_,444.88µm
net413,444.04µm
net1433,443.48µm
m.u_conv3.u_weights._08903_,443.44µm
net1474,443.42µm
net408,443.335µm
net619,443.265µm
net1408,443.22µm
net868,443.075µm
net1221,443.06µm
net1486,442.87µm
net1136,442.755µm
net950,442.665µm
net1109,441.975µm
m.embedding\[53\],441.39µm
net392,440.915µm
net1083,440.715µm
net671,440.185µm
net1400,439.835µm
m.u_conv3.u_weights._09451_,438.875µm
m.u_conv3.u_weights._10717_,438.86µm
m.u_conv2._0530_,438.05µm
m.u_conv3.u_weights._14065_,438.01µm
m.u_conv2._1257_,437.77µm
m.u_conv3.u_weights._02929_,437.655µm
net1437,437.51µm
m.u_conv3.u_weights._07690_,437.47µm
net1552,437.47µm
net1278,437.43µm
m.u_conv3.u_weights._08612_,437.305µm
m.embedding\[48\],436.835µm
net1318,436.625µm
net944,436.385µm
m.u_conv3.u_weights._01171_,435.155µm
net1041,434.395µm
net722,434.28µm
net847,433.86µm
net508,433.335µm
m.embedding\[13\],433.09µm
net1014,433µm
m.u_conv2._1442_,431.86µm
net1259,431.805µm
net1274,431.75µm
net1104,431.66µm
net416,431.515µm
net1208,431.395µm
net1289,431µm
net1257,430.415µm
net1313,430.105µm
m.u_conv3.u_weights._09685_,429.88µm
net1114,429.86µm
m.u_conv3.u_weights._07973_,429.385µm
net867,429.065µm
net142,428.8µm
net811,428.53µm
net802,428.235µm
net1137,427.785µm
m.u_conv3.u_weights._03320_,427.65µm
net135,427.36µm
m.u_conv3.input_buf\[41\],427.22µm
net406,426.98µm
net536,426.965µm
net1333,426.885µm
net346,426.74µm
net1460,426.445µm
net1362,426.185µm
m.u_conv3.u_weights._13454_,425.855µm
m.u_conv3.u_weights._07474_,425.595µm
net1434,425.47µm
net918,425.465µm
m.u_conv3.u_weights._07488_,424.88µm
m.embedding\[11\],424.77µm
net444,424.065µm
m.u_conv3.u_weights._11040_,423.72µm
m.embedding\[40\],423.6µm
net1554,423.28µm
net21,422.53µm
net266,421.96µm
net1539,421.75µm
net968,421.67µm
net389,421.495µm
net981,421.445µm
net1512,421.075µm
net732,420.58µm
net1529,420.035µm
net1116,419.925µm
m.u_conv3.u_weights._07455_,419.87µm
net1159,419.835µm
net936,419.675µm
net1264,419.535µm
net481,418.875µm
net1050,418.705µm
net1201,418.19µm
net1407,418.09µm
net905,418.055µm
net629,417.865µm
m.u_conv3.u_weights._08253_,417.71µm
net1070,417.6µm
m.u_conv3.u_weights._11308_,416.77µm
net1320,416.735µm
net1471,416.24µm
m.u_conv3.u_weights._05532_,416.075µm
net972,416.04µm
m.u_conv3.u_weights._00285_,416.035µm
net1265,415.975µm
net1457,415.875µm
net1287,415.58µm
m.u_conv3.u_weights._07489_,415.11µm
m.u_conv3.u_weights._09124_,414.775µm
m.u_conv3.u_weights._09103_,414.67µm
net565,414.39µm
m.u_conv3.u_weights._07416_,414.365µm
net120,414.175µm
m.u_conv3.u_weights._07235_,414.09µm
net1105,414.045µm
net838,413.95µm
net60,413.81µm
net440,413.725µm
m.embedding\[15\],413.29µm
net1169,412.91µm
net720,412.9µm
net1421,412.72µm
net1467,412.585µm
net1354,412.505µm
m.u_conv2._1195_,412.135µm
net866,411.605µm
m.u_conv3.u_weights._13143_,411.44µm
net1350,411.4µm
net1281,411.045µm
clknet_3_1_0_clk_regs,410.905µm
m.u_conv3.input_buf\[52\],410.435µm
net960,410.405µm
net1270,410.37µm
m.u_conv3.u_weights._11866_,410.295µm
net1039,410.115µm
net566,409.27µm
m.u_conv3.u_weights._13144_,409.115µm
net999,408.63µm
m.u_conv3.u_weights._06563_,408.39µm
net863,408.36µm
net1409,408.265µm
net1420,406.98µm
m.u_conv3.u_weights._06227_,406.7µm
m.u_conv3.u_weights._08803_,406.6µm
net1097,406.6µm
m.u_conv3.u_weights._08847_,406.495µm
net474,406.19µm
m.u_conv3.u_weights._01921_,406.07µm
net809,405.415µm
m.u_conv3.u_weights._07068_,405.01µm
net551,404.98µm
net1285,404.75µm
m.u_conv2._0675_,404.655µm
net549,404.165µm
m.u_conv2._1318_,403.975µm
m.u_conv3.u_weights._14976_,403.52µm
m.u_conv3.u_weights._14977_,403.445µm
net1055,403.325µm
m.u_conv3.u_weights._09144_,403.18µm
m.u_conv2._1473_,402.995µm
net1305,402.455µm
net1327,402.08µm
m.u_conv3.u_weights._07661_,401.91µm
net957,401.7µm
net417,401.54µm
net122,400.825µm
net1148,400.81µm
net1321,400.43µm
m.u_conv3.u_weights._11853_,399.72µm
net1146,399.585µm
net1590,399.53µm
net1214,399.345µm
net391,399.215µm
m.u_conv3.u_weights._05029_,398.685µm
net133,398.005µm
net404,397.245µm
net1135,396.11µm
net412,396.03µm
net890,396.005µm
m.u_conv2._1226_,395.765µm
net1508,395.505µm
clknet_3_0_0_clk_regs,395.37µm
net1203,395.15µm
net1487,394.565µm
m.u_conv3.u_weights._06059_,394.475µm
net1432,394.325µm
m.u_conv3.u_weights._08584_,394.31µm
m.u_conv3.u_weights._14091_,393.82µm
net943,393.15µm
net1337,393.06µm
m.sram_dout_i\[6\],393.025µm
net1451,392.955µm
net1251,392.9µm
net899,392.32µm
m.u_conv2._0511_,392.075µm
m.embedding\[20\],392µm
net543,391.74µm
net395,391.35µm
net782,390.76µm
net1086,390.465µm
m.u_conv3.u_weights._14639_,390.37µm
net360,390.17µm
net1253,389.84µm
net1438,389.675µm
net1081,389.655µm
m.u_conv2._0905_,389.42µm
net484,388.855µm
net1343,388.725µm
net1307,388.705µm
m.u_conv3.u_weights._07207_,388.525µm
net277,388.11µm
net1384,388.1µm
net1493,388.04µm
net422,388.035µm
net622,387.75µm
net1188,386.74µm
net1195,386.49µm
net57,385.92µm
net1819,385.28µm
net880,384.545µm
net393,383.99µm
net1149,383.67µm
net925,383.615µm
net1013,383.36µm
net1497,383.175µm
m.u_conv3.u_weights._08624_,383.13µm
m.u_conv3.u_weights._10267_,382.41µm
net1419,381.97µm
net1129,381.8µm
net106,381.14µm
net1597,380.93µm
net1015,380.865µm
m.u_conv3.u_weights._14233_,380.56µm
net923,380.5µm
net1096,380.42µm
m.u_conv3.u_weights._01167_,380.28µm
net886,380.205µm
m.embedding\[22\],380.105µm
net1072,379.94µm
m.u_conv3.u_weights._07134_,379.85µm
m.u_conv3.u_weights._12398_,379.65µm
net1397,378.935µm
m.u_conv3.u_weights._06589_,378.84µm
net1344,378.395µm
m.u_conv2._1288_,378.315µm
m.u_tree._1283_,378.215µm
net1157,378.07µm
m.u_tree._1228_,377.63µm
net496,377.6µm
net1119,377.43µm
net1206,377.395µm
net394,377.29µm
net1427,376.94µm
net1491,376.915µm
net530,376.18µm
net946,375.63µm
net439,375.445µm
net437,374.915µm
m.u_conv3.u_weights._00645_,374.385µm
net39,374.37µm
net1092,373.935µm
net1290,373.825µm
net1229,373.72µm
net873,373.65µm
net977,373.51µm
m.u_conv2._1164_,373.485µm
net1240,373.455µm
net758,373.14µm
m.u_tree._1316_,372.75µm
m.u_conv3.u_weights._07972_,372.49µm
net1738,372.45µm
net322,370.92µm
m.u_conv3.u_weights._08571_,370.845µm
net1524,370.8µm
net503,370.525µm
net409,370.48µm
m.u_conv3.u_weights._02204_,370.34µm
m.u_conv3.u_weights._00326_,370.24µm
m.u_conv3.u_weights._04588_,369.8µm
net22,369.32µm
net1021,369.29µm
m.u_conv2._0650_,369.09µm
net1179,369.06µm
net1043,369.015µm
m.u_conv3.u_weights._14003_,368.925µm
net398,368.82µm
m.u_conv3.u_weights._13981_,368.54µm
net41,368.13µm
net1410,367.76µm
net1223,367.155µm
m.u_conv3.u_weights._09530_,365.465µm
net1075,365.435µm
net1004,365.18µm
net1106,365.135µm
net929,365.065µm
net1367,364.11µm
net1341,364.055µm
net1200,363.815µm
net1172,363.245µm
net1311,363.2µm
m.embedding\[31\],362.23µm
m.u_conv3.u_weights._00164_,361.87µm
net232,361.855µm
net1153,361.84µm
net438,361.7µm
m.u_conv3.u_weights._05018_,361.62µm
m.u_conv3.u_weights._00327_,361.13µm
m.u_conv3.u_weights._00908_,360.84µm
net70,360.795µm
net1230,360.63µm
m.sram_req_conv3\[6\],360.54µm
m.u_conv3.u_weights._10277_,360.18µm
m.u_conv3.u_weights._07414_,360.16µm
m.u_conv3.u_weights._11297_,359.925µm
net1484,359.705µm
net14,359.69µm
m.u_conv2._1504_,359.63µm
net76,359.33µm
net1377,359.21µm
clknet_3_4_0_clk_regs,359.01µm
net1476,358.665µm
net1440,358.5µm
net1294,358.485µm
net310,357.735µm
net1140,357.375µm
net1381,357.06µm
m.u_conv3.u_weights._08227_,356.7µm
net1447,356.395µm
net421,356.22µm
net385,356.08µm
m.u_conv3.u_weights._01958_,355.88µm
m.u_conv3.u_weights._09126_,355.285µm
net1390,355.17µm
net906,354.72µm
net1345,354.49µm
net1142,354.08µm
m.u_conv3.u_weights._13162_,353.67µm
m.u_conv3.u_weights._01161_,353.525µm
net45,353.415µm
net1478,353.125µm
m.u_conv3.input_buf\[50\],352.8µm
m.u_conv3.u_weights._07475_,352.565µm
m.embedding\[6\],351.915µm
net1065,351.335µm
net1027,350.51µm
m.embedding\[21\],350.41µm
m.u_conv3.u_weights._05783_,350.235µm
net233,350.045µm
net1315,349.855µm
net50,349.58µm
net376,349.385µm
net1360,348.585µm
net63,348.055µm
net1182,347.985µm
net1522,347.885µm
m.u_conv3.u_weights._13732_,347.635µm
m.embedding\[32\],346.72µm
net386,346.7µm
m.u_conv3.u_weights._01132_,346.255µm
net757,346.22µm
m.u_conv3.u_weights._14011_,345.955µm
m.u_conv3.u_weights._07191_,345.68µm
net1415,345.665µm
net442,345.54µm
net1376,345.33µm
net1324,345.13µm
net1123,344.765µm
m.u_conv3._100_,344.535µm
m.sram_req_conv3\[4\],344.47µm
net382,344.33µm
net1374,344.285µm
net653,343.87µm
net805,343.365µm
net624,343.23µm
m.u_conv3.u_weights._11304_,343.21µm
m.u_conv3.u_weights._11824_,342.91µm
net1575,342.895µm
clknet_3_3_0_clk_regs,342.71µm
net1326,342.565µm
m.u_conv3.u_weights._01325_,341.995µm
net1513,341.925µm
net399,341.71µm
net436,341.69µm
net1364,341.58µm
net1197,341.09µm
net854,341.08µm
net302,341.005µm
m.u_conv3.u_weights._13163_,340.725µm
m.u_conv2._1411_,340.355µm
m.u_conv3.u_weights._01148_,340.325µm
net1139,340.285µm
m.u_conv3._102_,339.98µm
clknet_3_2_0_clk_regs,339.94µm
m.u_conv3.u_weights._02195_,339.93µm
m.embedding\[59\],339.81µm
m.embedding\[37\],339.43µm
m.u_conv3.u_weights._12669_,339.29µm
net384,339.205µm
net479,339.04µm
m.u_conv2._1062_,338.99µm
net290,338.895µm
net895,338.815µm
m.u_conv3.u_weights._09063_,338.335µm
m.u_conv3.u_weights._07206_,338.27µm
m.u_conv3.u_weights._10504_,338.24µm
net781,338.22µm
net850,338.16µm
m.u_conv2._1546_,338.015µm
net1380,337.865µm
net1500,337.835µm
net889,337.585µm
net1275,337.55µm
net1319,337.21µm
net1068,337.11µm
net397,336.31µm
net1352,336.155µm
net323,335.585µm
net858,335.495µm
m.u_conv3.u_weights._06824_,335.35µm
net117,334.91µm
net289,334.42µm
net1511,334.115µm
net95,334.09µm
net1108,333.76µm
net429,332.815µm
net1801,331.925µm
net1222,331.79µm
net537,331.545µm
net1299,331.295µm
net1339,331.19µm
net318,331.185µm
net1181,330.75µm
net75,330.505µm
net1398,330µm
net856,329.95µm
net1118,329.81µm
net388,329.735µm
net1538,329.625µm
net420,329.505µm
net202,329.41µm
net1054,329.405µm
m.u_conv3.u_weights._01314_,329.31µm
net427,329.215µm
net1496,328.73µm
net1393,328.72µm
net410,328.5µm
net1534,328.185µm
net971,327.45µm
m.sram_req_conv3\[1\],327.32µm
net1547,327.21µm
net1514,326.895µm
net1499,326.53µm
net1559,326.23µm
m.u_conv3.input_buf\[45\],326.18µm
net1143,326.18µm
m.u_conv2._0689_,325.895µm
net1276,325.78µm
m.sram_req_conv3\[3\],325.7µm
net407,325.34µm
m.u_conv3.u_weights._06903_,325.12µm
net756,325.11µm
net1422,323.875µm
net875,323.745µm
m.u_conv3._099_,323.12µm
net1141,323.08µm
m.u_conv3.u_weights._07431_,322.695µm
net698,321.96µm
m.sram_req_conv3\[5\],321.94µm
m.u_conv3.u_weights._06961_,321.94µm
net128,321.915µm
net812,321.72µm
m.u_conv3.u_weights._00065_,321.05µm
net1463,320.485µm
net1110,320.275µm
net418,319.805µm
net235,319.315µm
m.u_tree._0000_,319.105µm
net313,319.075µm
net1454,318.93µm
net387,318.63µm
m.u_tree._1547_,318.515µm
net1185,318.455µm
net1316,318.165µm
m.u_conv3.u_weights._09666_,317.63µm
m.u_conv3.u_weights._09989_,317.59µm
net1078,317.17µm
net25,317.065µm
m.u_conv3.u_weights._13707_,316.82µm
net282,316.7µm
net415,316.69µm
net1191,316.525µm
m.u_conv3.u_weights._06260_,316.28µm
m.u_conv3.u_weights._01953_,316.18µm
net195,315.58µm
net942,315.535µm
clknet_3_6_0_clk_regs,314.92µm
net1448,314.845µm
m.u_conv3._112_,314.525µm
m.sram_req_conv3\[2\],314.19µm
net656,314.155µm
net878,313.66µm
net1718,313.445µm
net1317,313.26µm
m.sram_req_conv3\[0\],312.93µm
net1406,312.9µm
m.u_conv3.u_weights._07321_,312.89µm
net1537,312.145µm
net803,312.01µm
net220,311.58µm
net1216,311.35µm
m.u_conv3.u_weights._12695_,310.865µm
m.u_conv3.u_weights._00043_,310.02µm
net1125,309.62µm
net253,309.595µm
net1365,309.54µm
m.u_conv3.u_weights._11635_,309.375µm
net1122,309.085µm
net779,308.91µm
net806,308.665µm
net443,308.55µm
net1164,308.52µm
net1061,307.725µm
net1296,306.74µm
m.u_conv3.u_weights._01939_,306.2µm
net79,305.9µm
net114,305.87µm
net1450,305.785µm
net1017,305.185µm
net430,304.78µm
net19,304.51µm
net305,304.425µm
m.u_conv3.u_weights._09399_,304.22µm
net297,303.365µm
net331,303.33µm
m.u_conv3.u_weights._12352_,302.435µm
m.u_conv2._0912_,301.74µm
m.u_conv3.u_weights._13729_,301.445µm
net435,301.43µm
net217,301.235µm
m.u_conv2.conv_out0\[0\],301.115µm
net1283,300.08µm
m.u_conv3.u_weights._09965_,300.005µm
net28,299.64µm
net1038,299.595µm
net1418,299.145µm
net1247,298.84µm
net227,298.585µm
m.u_conv2.conv_out0\[3\],298.085µm
net270,297.515µm
m.u_conv3.u_weights._14280_,297.51µm
m.u_conv3.u_weights._06966_,297.47µm
net471,296.94µm
m.u_conv2.conv_out0\[2\],296.035µm
net403,295.94µm
net241,295.41µm
net1032,295.18µm
net32,295.12µm
m.u_conv3.u_weights._09966_,295.035µm
net1446,294.985µm
m.sram_dout_i\[7\],294.425µm
net102,294.295µm
m.sram_req_conv3\[7\],294.07µm
m.u_conv2._1380_,294.07µm
net425,293.5µm
net970,292.87µm
m.u_conv3.u_weights._01090_,292.74µm
m.u_conv3._104_,292.655µm
m.u_conv3.u_weights._01089_,292.515µm
m.u_conv3.u_weights._06806_,292.475µm
net1113,291.735µm
net1483,291.7µm
net212,290.555µm
m.u_conv3.u_weights._11232_,290.26µm
m.u_conv3.u_weights._09083_,290.03µm
net109,290.02µm
net194,289.96µm
net381,289.6µm
net390,289.07µm
net1232,288.97µm
net1382,288.69µm
net1303,288.575µm
net307,287.6µm
net58,286.795µm
m.u_conv3.u_weights._15044_,286.78µm
net441,286.48µm
net1431,286.305µm
net321,286.045µm
net1556,285.875µm
m.u_conv3.u_weights._12888_,285.16µm
m.u_conv3._105_,285.095µm
m.u_conv3.u_weights._07667_,285.005µm
net1515,284.445µm
net68,283.61µm
net1211,282.955µm
net29,282.84µm
m.u_conv3.u_weights._10142_,282.78µm
m.u_conv3.u_weights._13322_,282.37µm
net493,282.25µm
m.u_conv3.u_weights._05792_,282.04µm
m.u_conv3.u_weights._06686_,281.96µm
m.u_tree._1327_,281.95µm
m.u_conv3.u_weights._13828_,281.54µm
m.u_conv3.u_weights._09375_,281.405µm
m.u_conv3.u_weights._02923_,281.4µm
net1210,281.275µm
net1233,280.085µm
m.u_conv3.u_weights._11126_,280.06µm
net44,279.715µm
net642,279.015µm
net688,278.855µm
net1569,278.825µm
net1196,278.36µm
m.u_conv3.u_weights._15068_,278.275µm
m.u_conv3.state\[4\],276.74µm
net288,276.68µm
net1016,276.285µm
m.u_conv3.u_weights._14292_,275.4µm
net317,275.15µm
net434,274.48µm
m.u_conv3.u_weights._10260_,274.28µm
m.u_conv2.conv_out0\[1\],273.84µm
net1375,273.695µm
net225,273.41µm
m.u_conv3.u_weights._11101_,273.27µm
net306,273.195µm
m.u_conv3.u_weights._01867_,272.955µm
m.u_conv3.u_weights._07164_,272.83µm
m.u_conv3.u_weights._13499_,272.22µm
m.u_conv3._097_,272.19µm
net1428,271.875µm
m.u_conv3._096_,271.84µm
m.u_conv3.u_weights._08164_,271.77µm
m.u_conv3.u_weights._05940_,271.7µm
m.u_conv2._1299_,271.59µm
net1458,271.57µm
m.embedding\[12\],271.45µm
clknet_leaf_0_clk_regs,271.41µm
net1066,271.36µm
net813,271.03µm
net97,270.905µm
net88,270.71µm
net426,270.645µm
net1572,270.64µm
net709,270.605µm
net1023,270.22µm
net228,269.985µm
m.u_conv3.u_weights._14338_,269.55µm
m.u_conv2._1535_,269.515µm
m.u_tree._1503_,269.215µm
m.u_conv3.u_weights._07155_,269.13µm
net1567,269.11µm
net1414,268.765µm
net405,267.68µm
net1048,267.59µm
m.u_conv3.u_weights._07429_,267.26µm
net1503,266.62µm
m.u_conv3.u_weights._08505_,266.1µm
m.u_conv3.u_weights._10591_,266.09µm
net1542,265.955µm
m.u_conv3.u_weights._01143_,265.68µm
net411,265.59µm
m.u_conv3.u_weights._09988_,265.51µm
m.u_conv2._0902_,265.38µm
net934,265.275µm
net1101,265.05µm
net240,264.68µm
m.embedding\[45\],264.67µm
m.u_conv3.u_weights._00755_,264.63µm
net210,264.625µm
m.u_conv3.u_weights._10366_,264.49µm
net740,264.44µm
net236,264.435µm
m.u_conv3.u_weights._04822_,264.405µm
m.u_conv3.u_weights._11070_,263.3µm
net304,263.215µm
net134,263.135µm
net130,262.995µm
m.u_conv2._0556_,262.85µm
m.u_conv3._109_,262.485µm
m.u_conv3.u_weights._14221_,262.44µm
net131,262.41µm
net1034,262.375µm
net1268,262.205µm
m.u_conv3.u_weights._11849_,262.2µm
net100,262.12µm
net69,261.965µm
net273,261.95µm
m.u_conv2._1349_,261.74µm
net1103,261.74µm
net314,261.58µm
net324,261.315µm
m.u_conv3.u_weights._11562_,261.01µm
m.u_conv3.u_weights._08412_,260.42µm
m.u_conv3.u_weights._10657_,260.28µm
m.u_conv3.u_weights._01740_,260.19µm
m.u_conv3.u_weights._06830_,260.12µm
m.u_conv3.u_weights._12898_,260.065µm
m.u_conv3.u_weights._08572_,260.03µm
clknet_leaf_6_clk_regs,259.91µm
net291,259.765µm
m.u_conv3.u_weights._14286_,259.76µm
clknet_3_7_0_clk_regs,259.675µm
net127,259.23µm
m.u_conv3.u_weights._06958_,258.91µm
net54,258.9µm
m.u_conv3.u_weights._02158_,258.56µm
m.u_conv3.u_weights._14606_,258.35µm
m.u_conv3.u_weights._03530_,258.275µm
net13,258.18µm
m.u_conv3.u_weights._06507_,258.03µm
m.u_conv3.u_weights._10562_,257.73µm
net111,257.705µm
net1760,257.685µm
m.u_conv3.u_weights._01129_,257.55µm
net361,256.865µm
m.u_conv3.u_weights._09082_,256.77µm
m.u_conv1._108_,256.45µm
net80,256.365µm
net40,256.02µm
clknet_leaf_1_clk_regs,255.71µm
net226,255.585µm
m.u_conv3.u_weights._11851_,255.315µm
net283,255.005µm
net402,254.61µm
m.u_conv3.u_weights._06892_,253.71µm
m.sram_dout_i\[0\],253.235µm
m.sram_dout_i\[4\],252.92µm
m.u_conv3.u_weights._08610_,252.63µm
net350,252.445µm
net1031,252.39µm
net107,252.17µm
m.u_conv3.u_weights._06947_,252.15µm
m.u_conv3.u_weights._10269_,252.145µm
net231,251.995µm
m.u_conv3.u_weights._14694_,251.785µm
m.u_conv3.u_weights._14924_,251.435µm
net96,251.37µm
m.u_conv3.u_weights._07144_,251.195µm
clknet_leaf_4_clk_regs,251.165µm
m.u_conv3.u_weights._14266_,251.09µm
net1630,250.76µm
m.u_conv3.u_weights._14281_,250.4µm
m.u_conv2._0558_,250.37µm
clknet_3_5_0_clk_regs,250.36µm
m.u_conv3.u_weights._06238_,250.23µm
m.u_conv3.u_weights._10673_,249.795µm
net1369,249.315µm
net26,248.855µm
m.u_conv3.u_weights._07733_,248.595µm
m.embedding\[27\],248.5µm
m.u_conv3.u_weights._06831_,248.47µm
m.sram_dout_i\[5\],248.4µm
net78,248.37µm
net219,248.265µm
clknet_leaf_47_clk_regs,248.2µm
m.u_conv3.u_weights._06813_,248.19µm
m.u_conv3.u_weights._11098_,248.01µm
net780,247.955µm
net298,247.89µm
net924,247.77µm
net1453,247.465µm
m.u_conv3.u_weights._10622_,246.45µm
m.u_conv3.u_weights._15058_,246.39µm
m.u_conv2.conv_out2\[3\],246.345µm
net953,246.32µm
m.u_conv3.u_weights._10749_,246.205µm
m.u_conv3.u_weights._11155_,246.16µm
m.u_conv3.u_weights._13564_,246.005µm
m.u_conv2._1392_,245.5µm
net1526,245.34µm
net778,245.225µm
m.u_conv3.u_weights._08239_,245.095µm
m.u_conv3.u_weights._10388_,244.94µm
net245,244.595µm
net205,244.495µm
net267,242.91µm
net1010,242.78µm
m.u_conv3.u_weights._08328_,242.565µm
m.u_conv3.u_weights._04824_,242.44µm
net419,242.21µm
m.sram_dout_i\[3\],241.255µm
m.u_conv3.u_weights._00459_,241.075µm
net260,241.05µm
net446,240.75µm
m.embedding\[50\],240.465µm
net296,240.33µm
net400,239.91µm
clknet_leaf_36_clk_regs,239.315µm
net1723,239.085µm
clknet_leaf_28_clk_regs,238.955µm
net846,238.67µm
net319,238.45µm
net1099,238.425µm
m.u_conv3.u_weights._11352_,238.17µm
m.u_tree._0048_,237.31µm
clknet_leaf_14_clk_regs,236.96µm
net47,236.935µm
net1051,236.91µm
m.u_conv3.u_weights._11374_,236.675µm
m.u_conv3._117_,236.13µm
net37,236.06µm
m.u_conv3.u_weights._09350_,236.035µm
m.u_conv3.u_weights._14828_,235.63µm
net1589,235.505µm
m.u_conv3.u_weights._01742_,235.22µm
net118,235.195µm
m.u_conv2._1423_,235.09µm
net1411,234.805µm
net207,234.745µm
net1152,234.56µm
clknet_leaf_2_clk_regs,234.405µm
m.u_conv3.u_weights._09057_,234.14µm
m.u_conv2._1454_,234.045µm
net325,233.905µm
net105,233.83µm
net1612,233.685µm
net223,233.3µm
m.u_conv3.u_weights._05598_,233.15µm
clknet_leaf_13_clk_regs,232.675µm
net1174,232.65µm
m.u_conv3.u_weights._01673_,232.63µm
net787,232.065µm
net424,232.03µm
net274,232.015µm
net23,231.925µm
net110,231.855µm
m.u_conv3.u_weights._14272_,231.815µm
net71,231.77µm
m.u_conv3.u_weights._10575_,231.54µm
m.u_conv3.u_weights._10449_,231.38µm
net1516,231.15µm
net1209,231.085µm
net1424,230.86µm
m.u_conv2._0649_,230.725µm
net2945,230.4µm
net208,230.355µm
net1168,230.23µm
net1615,229.41µm
m.u_conv2._0562_,229.225µm
net1759,229.18µm
net807,228.945µm
net326,228.89µm
net1637,228.875µm
m.u_tree._0050_,228.22µm
net799,228.16µm
net746,228.085µm
m.u_conv2._0561_,227.985µm
clknet_leaf_30_clk_regs,227.87µm
m.u_conv3.u_weights._11330_,227.845µm
m.u_conv2._1361_,227.765µm
m.u_conv3.u_weights._04617_,227.71µm
net1580,227.44µm
m.u_conv3.u_weights._11315_,227.2µm
clknet_leaf_26_clk_regs,227.06µm
net1076,227.005µm
m.u_conv3.u_weights._11661_,226.81µm
m.u_conv3.u_weights._13831_,226.695µm
m.u_conv3.u_weights._10484_,226.68µm
net82,226.605µm
m.u_conv3.u_weights._14498_,226.53µm
net414,226.32µm
net108,226.24µm
clknet_leaf_17_clk_regs,226.07µm
net330,225.93µm
m.u_conv3.u_weights._09171_,225.81µm
net1465,225.785µm
m.u_conv3.u_weights._05696_,225.78µm
net1610,225.605µm
net259,225.42µm
net1236,224.77µm
net237,224.58µm
m.u_conv3.u_weights._10794_,224.52µm
m.u_conv3.u_weights._06807_,224.065µm
net1574,223.71µm
m.u_conv3.u_weights._08537_,223.46µm
m.u_conv3.u_weights._12589_,223.065µm
m.u_conv2._0563_,223.015µm
net452,222.99µm
m.u_conv3.u_weights._10450_,222.97µm
clknet_leaf_25_clk_regs,222.64µm
m.u_conv3.u_weights._08664_,222.635µm
m.u_conv3.u_weights._03706_,222.08µm
net1060,221.98µm
m.u_tree._1338_,221.82µm
m._001_,221.62µm
m.u_conv3.u_weights._11088_,221.16µm
net263,221.055µm
m.u_conv2._1176_,220.715µm
net56,220.66µm
net1527,220.595µm
m.u_conv3.u_weights._10008_,220.285µm
m.u_conv3.u_weights._09824_,220.13µm
clknet_leaf_16_clk_regs,220.095µm
net988,220.045µm
net1521,219.885µm
net343,219.635µm
net261,219.385µm
clknet_leaf_19_clk_regs,219.255µm
m.u_conv2._0564_,218.955µm
m.u_conv3.u_weights._03729_,218.8µm
clknet_leaf_11_clk_regs,218.625µm
net1469,218.44µm
m.u_conv3.u_weights._06715_,218.175µm
m.u_conv3.u_weights._11363_,217.45µm
clknet_leaf_45_clk_regs,217.45µm
net1160,217.375µm
m.u_conv3.u_weights._09448_,217.34µm
net36,217.145µm
m.u_conv3.u_weights._03917_,217.085µm
m.u_conv3.u_weights._08100_,216.575µm
m.u_conv3.u_weights._02710_,216.435µm
m.u_conv3.u_weights._05529_,216.405µm
m.u_conv3.u_weights._06216_,216.36µm
m.u_conv3.u_weights._02711_,216.35µm
net129,215.87µm
net38,215.305µm
net703,215.265µm
m.u_conv3.u_weights._00615_,215.17µm
net788,215.13µm
clknet_leaf_9_clk_regs,214.85µm
m.u_conv3.u_weights._08297_,214.83µm
m.u_conv3.u_weights._07999_,214.48µm
clknet_leaf_46_clk_regs,214.3µm
m.u_conv3.u_weights._03247_,214.215µm
net204,214.155µm
net15,213.92µm
m.u_conv2._0555_,213.68µm
m.u_conv3.u_weights._13764_,213.21µm
net1477,213.13µm
m.u_conv3.u_weights._07115_,213.075µm
net309,213.03µm
clknet_leaf_31_clk_regs,212.975µm
m.u_conv3.u_weights._00022_,212.625µm
net475,212.495µm
m.u_conv3.u_weights._03750_,211.71µm
m.u_conv3.u_weights._04553_,211.445µm
m.u_conv3.u_weights._02663_,211.32µm
net1775,211.29µm
net964,211.04µm
net1370,210.91µm
net1441,210.43µm
net1640,210.37µm
m.u_conv3.u_weights._14858_,210.08µm
net2944,209.77µm
net30,209.765µm
net839,209.755µm
net301,209.68µm
net1158,209.39µm
net206,209.34µm
net275,209.275µm
net224,209.21µm
m.u_tree._0033_,209.145µm
clknet_leaf_18_clk_regs,209.1µm
m.u_conv3.u_weights._10500_,208.995µm
m.u_conv3.u_weights._11038_,208.83µm
m.u_conv3.u_weights._02717_,208.825µm
m.u_conv3.u_weights._12668_,208.475µm
net294,208.415µm
clknet_leaf_41_clk_regs,208.1µm
m.u_conv3.u_weights._13832_,208.02µm
net978,207.43µm
m.u_conv3.u_weights._10465_,207.26µm
m.u_conv3.u_weights._10399_,207.14µm
net1699,206.925µm
net1073,206.84µm
clknet_leaf_8_clk_regs,206.82µm
clknet_leaf_44_clk_regs,205.325µm
clknet_leaf_38_clk_regs,205.305µm
clknet_leaf_34_clk_regs,205.235µm
m.u_conv1.u_loader.state\[4\],205.02µm
net891,204.815µm
m.u_conv3.u_weights._06877_,204.745µm
clknet_leaf_42_clk_regs,204.725µm
m.u_tree._1481_,204.3µm
net1385,203.995µm
m.u_conv3.u_weights._05676_,203.82µm
net55,203.76µm
net246,203.645µm
net1059,203.555µm
m.u_conv3.u_weights._02722_,203.255µm
m.u_conv3.u_weights._12653_,202.865µm
m.u_conv3.u_weights._03874_,202.23µm
net1417,202.18µm
clknet_leaf_29_clk_regs,201.68µm
m.u_conv1._104_,201.51µm
m.u_conv3.u_weights._07413_,201.475µm
m.u_conv3.u_weights._11662_,201.27µm
m.u_conv2._1114_,201.025µm
net794,200.785µm
m.u_conv3.u_weights._14453_,200.18µm
net1605,200.115µm
net284,200µm
net816,199.91µm
m.u_conv3.u_weights._14782_,199.9µm
net1224,199.89µm
net281,199.755µm
m.u_conv3.u_weights._08541_,199.6µm
net83,199.345µm
m.u_conv2._1516_,199.33µm
m.u_conv3.u_weights._13532_,199.325µm
net1616,199.28µm
net92,199.165µm
net16,198.605µm
m.u_conv1._092_,198.6µm
clknet_leaf_23_clk_regs,198.56µm
net1325,198.485µm
m.u_conv3.u_weights._00078_,198.3µm
net348,198.27µm
m.u_conv3.u_weights._05604_,198.2µm
net1617,198.16µm
net772,198.13µm
net1520,198.065µm
clknet_leaf_27_clk_regs,197.965µm
m.u_conv3.u_weights._11099_,197.73µm
net126,197.71µm
net1627,197.515µm
net121,197.495µm
net234,197.38µm
m.u_conv3.u_weights._00636_,196.995µm
m.u_conv1._100_,196.845µm
net48,196.605µm
net2913,196.21µm
m.u_conv3.u_weights._11625_,196.08µm
net293,195.915µm
m.u_conv3.u_weights._04288_,195.855µm
clknet_leaf_12_clk_regs,195.66µm
m.u_conv3.u_weights._10564_,195.63µm
m.u_tree._0055_,195.54µm
clknet_leaf_10_clk_regs,195.01µm
m.u_conv3.u_weights._07097_,194.9µm
net1361,194.64µm
net91,194.585µm
m.u_conv3.u_weights._10651_,194.34µm
m.u_conv3.u_weights._09135_,194.115µm
clknet_leaf_33_clk_regs,194.1µm
net935,193.99µm
net329,193.825µm
m.u_conv3.u_weights._11381_,193.715µm
clknet_leaf_43_clk_regs,193.575µm
clknet_leaf_3_clk_regs,193.525µm
m.u_tree._1195_,193.43µm
m.u_conv3.u_weights._09249_,193.33µm
clknet_leaf_15_clk_regs,192.97µm
net1363,192.92µm
net315,192.9µm
m.u_conv3.u_weights._09127_,192.885µm
net85,192.875µm
m.u_conv3.u_weights._02970_,192.79µm
m.u_conv3.u_weights._02998_,192.79µm
clknet_leaf_22_clk_regs,192.635µm
net276,192.53µm
m.u_conv3.u_weights._10896_,192.495µm
m.u_conv3.u_weights._07167_,192.48µm
net247,192.335µm
clknet_leaf_49_clk_regs,192.32µm
net64,192.15µm
net271,192.095µm
net327,192.045µm
m.u_conv3._222_,191.6µm
m.u_conv3.u_weights._10930_,191.37µm
net211,191.325µm
m.u_conv3.u_weights._08320_,191.21µm
clknet_leaf_5_clk_regs,191.075µm
net775,191.07µm
m.u_conv3.u_weights._11089_,190.835µm
clknet_leaf_48_clk_regs,190.825µm
clknet_leaf_35_clk_regs,190.785µm
m.u_conv3.u_weights._08580_,190.6µm
net286,190.41µm
m.u_conv3.u_weights._02993_,190.04µm
clknet_leaf_21_clk_regs,189.935µm
m.u_conv3.u_weights._11317_,189.87µm
net214,189.86µm
net377,189.56µm
m.u_conv3.u_weights._01890_,189.38µm
m.u_conv3.u_weights._09238_,189.265µm
m.u_conv3.u_weights._05605_,189.17µm
net1147,188.89µm
m.u_conv2._0952_,188.805µm
net764,188.72µm
m.u_conv3.u_weights._01668_,188.65µm
m.u_conv3.u_weights._10569_,188.64µm
m.u_conv3.u_weights._02468_,188.6µm
m.u_conv3.u_weights._08389_,188.59µm
net258,188.55µm
net1389,188.51µm
net87,188.145µm
m.u_conv3.u_weights._07096_,188.125µm
m.u_conv3.u_weights._11385_,188.06µm
m.u_tree._0695_,187.87µm
net1098,187.05µm
m.u_conv3.u_weights._10774_,187.025µm
m.u_conv1.bit_offset\[2\],186.805µm
net132,186.47µm
m.u_conv3.u_weights._03353_,186.34µm
net49,186.325µm
m.u_tree._1239_,186.07µm
net27,186.065µm
net881,185.85µm
m.u_conv3.u_weights._09364_,185.835µm
net1700,185.155µm
clknet_leaf_50_clk_regs,185.135µm
clknet_leaf_32_clk_regs,184.895µm
m.u_conv2._0748_,184.81µm
m.u_conv3.u_weights._01248_,184.635µm
net1028,184.515µm
net252,184.39µm
net262,184.01µm
m.u_conv3.u_weights._12944_,183.9µm
m.u_conv3.u_weights._08951_,183.76µm
net1623,183.375µm
net256,183.31µm
net229,183.28µm
net254,183.25µm
net1271,183.145µm
clknet_leaf_20_clk_regs,182.495µm
net299,182.36µm
net62,182.315µm
m.u_conv3.u_weights._07145_,182.305µm
m.u_conv3.u_weights._09726_,182.045µm
m.u_conv2._1145_,182µm
net31,181.975µm
m.u_conv3.u_weights._05698_,181.885µm
m.u_conv3.u_weights._09725_,181.645µm
m.u_conv3.u_weights._09260_,181.49µm
net1654,181.11µm
net1132,181.04µm
m.u_conv2.u_loader._034_,180.965µm
net98,180.945µm
clknet_leaf_39_clk_regs,180.8µm
clknet_leaf_7_clk_regs,180.18µm
m.u_conv2.u_weights._168_,179.935µm
m.u_conv3.u_weights._07190_,179.6µm
net1818,179.515µm
net279,179.375µm
net257,179.3µm
m.u_conv3.u_weights._07180_,179.085µm
m.u_conv2._0915_,179µm
net213,178.05µm
net24,178.015µm
clknet_leaf_24_clk_regs,177.965µm
m.u_conv3.u_weights._08666_,177.38µm
net42,177.36µm
m.u_conv3.u_weights._10483_,177.115µm
net1611,177.045µm
net1117,176.98µm
net265,176.95µm
net1694,176.49µm
m.u_conv3.u_weights._07101_,176.29µm
net976,176.21µm
m.u_conv3.u_weights._14701_,176.12µm
net249,175.91µm
m.u_tree._0727_,175.785µm
net230,175.745µm
m.u_conv3.u_weights._08012_,175.52µm
net1062,175.325µm
m.u_conv3.u_weights._02449_,175.04µm
net1579,174.93µm
m.u_conv3.u_weights._07118_,174.765µm
net1754,174.635µm
m.u_conv3.u_weights._08854_,174.61µm
m.u_conv2._1036_,174.31µm
m.u_conv3.u_weights._12480_,174.12µm
net17,173.835µm
net1649,173.625µm
m.u_conv3.u_weights._14769_,173.58µm
m.u_conv2._1269_,173.49µm
net295,173.385µm
net1696,173.275µm
m.u_conv3.u_weights._08010_,172.95µm
net242,172.645µm
net1685,172.17µm
m.u_conv3.u_weights._06706_,172.09µm
net46,171.985µm
m.u_conv3.u_weights._09707_,171.83µm
m.u_pool2._036_,171.81µm
m.u_conv3.u_weights._15575_,171.79µm
net51,171.62µm
m.u_conv3.u_weights._06348_,171.55µm
net2821,171.105µm
m.u_tree._1382_,170.815µm
m.u_conv3.u_weights._07279_,170.52µm
m.u_conv3.u_weights._11559_,170.355µm
m.u_conv3.u_weights._13734_,170.28µm
clknet_leaf_37_clk_regs,170.27µm
m.u_conv2.u_loader._032_,170.245µm
m.u_conv3.u_weights._11206_,170.11µm
m.u_conv3.u_weights._06271_,169.8µm
m.u_conv2.u_loader.state\[6\],169.76µm
m.u_conv1.bit_offset\[6\],169.35µm
m.u_conv3.u_weights._07737_,169.195µm
m.u_conv3.u_weights._03859_,168.945µm
net1263,168.935µm
m.u_conv3.u_weights._13451_,168.9µm
net94,168.86µm
net269,168.445µm
net1007,168.435µm
m.u_conv3.u_weights._11634_,168.345µm
net1053,168.325µm
net316,168.18µm
m.u_conv3.u_weights._09642_,168.15µm
net104,168.055µm
net922,167.85µm
m.u_conv3.u_weights._06970_,167.2µm
m.u_conv3.u_weights._12672_,167.035µm
net244,167.035µm
m.u_conv3.u_weights._05782_,166.36µm
m.u_conv3.u_weights._15244_,166.335µm
net1743,166.295µm
net179,166.175µm
net364,166.175µm
net1042,166.04µm
net1170,165.945µm
m.u_conv3.u_weights._09141_,165.85µm
m.u_conv3.u_weights._06492_,165.76µm
m.u_conv2._0509_,165.74µm
m.u_tree._1371_,165.71µm
m.u_conv3.u_weights._09363_,165.565µm
m.u_conv3.u_weights._14829_,165.55µm
m.u_tree._0894_,165.315µm
m.u_conv3.u_weights._15586_,164.79µm
m.u_conv1.loader_buffer\[7\],164.76µm
m.u_conv3.u_weights._10065_,164.35µm
net2886,164.18µm
m.u_conv3.u_weights._04595_,163.88µm
clknet_leaf_40_clk_regs,163.81µm
m.u_conv3.u_weights._09416_,163.465µm
m.u_conv3.u_weights._04828_,163.32µm
m.u_conv2._0968_,163.3µm
net209,162.92µm
m.u_conv3.u_weights._09442_,162.865µm
m.u_conv3.u_weights._11052_,162.86µm
net1661,162.63µm
m.u_conv3.u_weights._06172_,162.61µm
net1578,162.445µm
m.u_conv3.u_weights._08427_,162.245µm
m.u_conv3.u_weights._11314_,162.245µm
net285,162.2µm
net250,162.135µm
m.u_tree._1002_,161.665µm
m.u_conv3.u_weights._11413_,161.525µm
m.u_tree._1525_,161.295µm
m.u_conv3.u_weights._15090_,161.06µm
m.u_conv3.u_weights._15541_,161.04µm
m.u_conv3.u_weights._06946_,160.99µm
net1348,160.905µm
m.u_conv2.loader_read_en,160.785µm
net770,160.7µm
m.u_conv3.u_weights._04027_,160.675µm
m.u_conv3.u_weights._04248_,160.65µm
m.u_conv3.u_weights._08405_,160.545µm
net1479,160.5µm
net966,160.29µm
m.u_conv3.u_weights._08281_,160.175µm
net1088,160.14µm
net1697,160.045µm
net1795,159.97µm
m.u_conv3.u_weights._09976_,159.905µm
m.u_conv2.u_weights._111_,159.835µm
m.u_conv2.u_weights._358_,159.81µm
net158,159.615µm
net20,159.59µm
m.u_conv2._0807_,159.57µm
m.u_conv3.u_weights._14199_,159.39µm
m.u_conv3.u_weights._08734_,159.37µm
net1629,159.26µm
net1606,159.195µm
m.u_conv3.u_weights._11205_,159.105µm
net1717,158.8µm
net1645,158.615µm
net59,158.55µm
m.u_conv3.u_weights._11668_,158.47µm
net43,158.335µm
m.u_conv3.u_weights._09790_,158.125µm
m.u_tree._1426_,157.98µm
net1708,157.91µm
m.u_conv1.bit_offset\[7\],157.48µm
net1636,157.48µm
m.u_tree._1463_,157.02µm
m.u_conv3.u_weights._13850_,156.43µm
m.u_conv3.u_weights._11156_,156.24µm
net99,156.21µm
m.u_conv3.u_weights._01934_,156µm
net1336,155.855µm
net557,155.735µm
m.u_conv3.u_weights._08310_,155.43µm
net1583,155.275µm
m.u_conv3.u_weights._06601_,155.24µm
m.u_conv2.u_weights._232_,154.92µm
m.u_conv3.u_weights._10969_,154.86µm
net35,154.805µm
m.u_conv3.u_weights._12684_,154.66µm
m.u_conv3.u_weights._10481_,154.64µm
m.u_conv3.u_weights._01445_,153.91µm
m.u_conv3.u_weights._09227_,153.885µm
m.u_conv2._0487_,153.87µm
m.u_conv3.u_weights._11678_,153.825µm
m.u_conv1.bit_offset\[4\],153.775µm
m.u_conv3.u_weights._01647_,153.56µm
m.u_conv1.u_loader.state\[6\],153.53µm
net18,153.25µm
net65,153.13µm
m._056_,153µm
m.u_conv1._057_,152.86µm
m.u_conv3.u_weights._08882_,152.54µm
net1632,152.145µm
m.u_conv2.u_weights._388_,152.095µm
m.u_conv3._212_,152.015µm
net760,151.915µm
m.u_conv3.u_weights._05280_,151.905µm
m.u_conv2.buffer_reg\[4\],151.64µm
m.u_conv3.u_weights._02964_,151.575µm
net280,151.56µm
m.u_conv3.u_weights._06094_,151.32µm
m.u_conv2.co\[3\],151.21µm
net255,151.195µm
net264,151.065µm
net1658,150.97µm
m.u_conv3.u_weights._14628_,150.73µm
m.u_conv1.u_loader._040_,150.63µm
m.u_conv3.u_weights._09432_,150.395µm
m.u_conv3.u_weights._07638_,150.34µm
m.u_conv3.u_weights._06609_,150.245µm
net817,149.915µm
net1111,149.78µm
m.u_conv3.u_weights._12961_,149.64µm
net1812,149.57µm
m.u_conv2._0972_,149.48µm
m.embedding\[51\],149.34µm
m.u_conv3.u_weights._14690_,149.215µm
net1686,149.21µm
m.u_conv3.u_weights._06493_,149.12µm
net2960,148.995µm
m.u_conv2.u_loader._040_,148.895µm
m.u_tree._1033_,148.8µm
m.u_conv3.u_weights._02980_,148.7µm
m.u_conv3.u_weights._08878_,148.685µm
m.u_conv1.buffer_reg\[8\],148.6µm
m.u_conv3._211_,148.46µm
net1300,148.39µm
m.u_tree._0014_,147.715µm
net1703,147.635µm
net215,147.485µm
m.u_conv1.buffer_reg\[9\],147.4µm
net116,147.4µm
net1673,147.365µm
net221,147.26µm
net203,147.24µm
net825,147.235µm
net835,147.14µm
net248,146.97µm
net1624,146.645µm
m.u_conv1._039_,146.52µm
m.u_conv1.bit_offset\[5\],146.505µm
m.u_conv3.u_weights._11130_,146.215µm
m.u_conv3.u_weights._11558_,146.155µm
net238,146.06µm
net1604,145.73µm
net222,145.72µm
m.u_conv3.u_weights._04075_,145.68µm
m.u_conv2.ci\[2\],145.62µm
net2476,145.565µm
m.u_tree._0288_,145.355µm
net1722,145.325µm
m.u_conv2.u_weights._367_,145.155µm
m.u_tree._1261_,144.99µm
m.u_conv3.u_weights._11172_,144.965µm
net112,144.93µm
m.u_conv3.u_weights._14912_,144.845µm
m.u_conv3.u_weights._14860_,144.825µm
m.u_conv3.u_weights._07197_,144.75µm
net287,144.685µm
m.u_conv3.u_weights._07193_,144.63µm
net1713,144.51µm
m.u_tree._0328_,144.495µm
net375,144.44µm
m.sram_req_conv2\[20\],144.38µm
m.u_conv2.load_ptr\[6\],144.37µm
m.u_conv2._1106_,143.77µm
net1573,143.71µm
net1599,143.53µm
m.u_conv3.u_weights._06562_,143.51µm
m.u_conv3.u_weights._15583_,143.49µm
m.u_conv3.u_weights._08619_,143.485µm
net311,143.4µm
m.u_conv3.u_weights._13195_,143.115µm
m.u_conv3.u_weights._06103_,142.89µm
m.u_conv3.u_weights._09156_,142.81µm
net183,142.77µm
m.u_conv3.u_weights._01456_,142.665µm
net1668,142.55µm
net1770,142.28µm
m.u_conv3.u_weights._02506_,142.2µm
net1809,142.18µm
net1204,142.13µm
net773,142.07µm
m.u_conv3.u_weights._08267_,141.985µm
net185,141.8µm
net1792,141.555µm
m.u_conv3.u_weights._04370_,141.48µm
net1774,141.425µm
net2275,141.425µm
m.u_conv3.u_weights._11321_,141.28µm
net2301,141.19µm
m.sram_req_pool2\[21\],140.82µm
net1695,140.755µm
net123,140.675µm
m.u_conv3.u_weights._07205_,140.45µm
m.u_conv1.u_loader._039_,140.42µm
net1789,140.325µm
m.u_conv3.u_weights._11319_,140.295µm
m.u_conv3.u_weights._12053_,140.265µm
net832,140.26µm
m.u_conv2._0853_,140.25µm
m.u_conv3.u_weights._09137_,139.89µm
net268,139.71µm
m.u_conv3.u_weights._14915_,139.21µm
net763,139.2µm
m.u_conv3.u_weights._03695_,139.115µm
m.u_conv3.u_weights._12953_,138.85µm
net1691,138.705µm
m.u_conv3.u_weights._09362_,138.6µm
net1588,138.345µm
m.u_tree._1349_,138.16µm
net34,138.14µm
m.u_pool2._073_,137.65µm
m.u_conv3.u_weights._09757_,137.49µm
net1601,137.405µm
net1349,137.325µm
m.u_pool1._037_,137.31µm
net193,136.905µm
net1720,136.76µm
net1609,136.63µm
m.u_conv1._107_,136.38µm
net1724,136.29µm
m.u_conv3.u_weights._11617_,136.065µm
m.u_tree._0230_,135.85µm
m.u_conv3.u_weights._09728_,135.62µm
m.u_conv3.u_weights._05178_,135.61µm
net278,135.605µm
m.u_tree._0248_,135.41µm
m.u_conv3.u_weights._15054_,135.195µm
net168,135.11µm
m.u_conv3.u_weights._14212_,135.02µm
m.u_conv3.u_weights._11658_,134.76µm
m.u_conv3.u_weights._09167_,134.695µm
m.u_conv3.u_weights._08634_,134.64µm
m.u_conv3.u_weights._11074_,134.56µm
net1788,134.175µm
m.sram_dout_i\[2\],134.075µm
m.u_tree._0192_,133.98µm
net218,133.91µm
net822,133.415µm
m.u_conv3.u_weights._05587_,133.4µm
m.u_conv3.u_weights._15067_,133.385µm
net1662,133.365µm
m.u_conv2._0795_,133.145µm
m.u_conv2.u_weights._045_,133.12µm
m.u_conv3.u_weights._07734_,133.085µm
m.u_conv2.u_loader.state\[4\],133.065µm
m.u_conv3.u_weights._08555_,133.04µm
net1642,132.805µm
m.u_conv1.u_loader._034_,132.785µm
m.u_conv3.u_weights._14033_,132.66µm
net1621,132.445µm
net823,132.395µm
m.u_conv3.u_weights._09159_,132.145µm
net1732,132.08µm
net335,131.815µm
m.u_conv3.u_weights._11636_,131.65µm
m.u_conv3.u_weights._11415_,131.55µm
net767,131.38µm
net352,131.29µm
m.u_conv3.u_weights._00587_,131.265µm
net818,131µm
net139,130.77µm
m.sram_din_o\[7\],130.75µm
m.u_tree._0689_,130.62µm
m.u_conv3.u_weights._06567_,130.585µm
net308,130.505µm
m.u_conv2.conv_out2\[2\],130.5µm
net814,130.435µm
m.u_conv3.u_weights._02403_,130.14µm
m.u_conv3.u_weights._12186_,130.14µm
m._112_,130.08µm
net1803,130.075µm
m.u_tree._0128_,129.975µm
m.u_conv3.u_weights._15084_,129.84µm
net1768,129.795µm
m.u_conv3.u_weights._14916_,129.785µm
net834,129.605µm
m.u_conv3.u_weights._12399_,129.11µm
m.u_conv3.u_weights._08745_,129.08µm
net1751,128.75µm
m.u_conv2._0984_,128.54µm
m.u_conv3.u_weights._12472_,128.42µm
m.u_conv2._1001_,128.36µm
m.u_conv2.conv_out3\[3\],128.295µm
m.u_conv2.buffer_reg\[2\],128.205µm
net821,128.18µm
net152,128.07µm
net1727,127.73µm
m.u_conv2.base_bit\[2\],127.715µm
m.sram_req_pool2\[19\],127.7µm
m.u_conv3.u_weights._07916_,127.59µm
net1404,127.52µm
m.u_conv3.u_weights._07278_,127.435µm
net1771,127.38µm
net2290,127.32µm
net2280,127.29µm
m.u_conv3.u_weights._09751_,127.08µm
m.u_conv3.u_weights._12451_,126.895µm
m.u_conv3.u_weights._09427_,126.84µm
m.u_conv2._0991_,126.67µm
m.u_conv3.u_weights._14203_,126.63µm
net1748,126.08µm
m.u_conv3.u_weights._09450_,126.055µm
m.u_conv3.u_weights._08304_,125.84µm
m.u_conv3.u_weights._11695_,125.68µm
net2969,125.61µm
net1228,125.49µm
net1664,125.4µm
net1805,125.38µm
net67,125.335µm
m.u_conv3.u_weights._09744_,125.29µm
net52,125.275µm
m.u_conv2.u_weights._389_,125.05µm
net1800,124.925µm
net1747,124.845µm
m.u_conv3.u_weights._01928_,124.84µm
m.u_conv3.u_weights._08065_,124.765µm
m.u_conv3.u_weights._07915_,124.57µm
m.u_conv3.u_weights._02591_,124.345µm
delaynet_0_clk,124.08µm
net1740,124.05µm
m.u_conv2.u_weights._142_,123.97µm
m.u_conv2.u_loader._049_,123.78µm
net1778,123.62µm
m.u_conv3.u_weights._09385_,123.605µm
net303,123.555µm
m.u_conv3.u_weights._09745_,123.51µm
net1596,123.435µm
m.u_conv3.u_weights._08585_,123.43µm
m.u_conv3.u_weights._09646_,123.365µm
net1586,123.33µm
m.u_conv3.u_weights._15074_,123.04µm
net191,122.74µm
m.u_conv3.u_weights._10746_,122.72µm
net1295,122.605µm
m.u_conv3.u_weights._07407_,122.555µm
net177,122.515µm
m.u_conv2._1063_,122.47µm
net1731,122.46µm
m.u_conv3.u_weights._07132_,122.44µm
net793,122.44µm
m.u_conv3.u_weights._02489_,122.41µm
m.u_conv3.u_weights._09705_,122.385µm
net1585,122.27µm
m.u_conv2.buffer_reg\[1\],122.05µm
net827,121.85µm
m.u_conv1.u_loader._388_,121.71µm
net1813,121.61µm
net154,121.49µm
net1807,121.43µm
m.u_conv3.u_weights._05028_,120.98µm
m.u_conv3.u_weights._09182_,120.75µm
m.u_tree._0665_,120.63µm
m.u_tree._0293_,120.565µm
net103,120.56µm
m.u_tree._0258_,120.54µm
m.u_conv3.u_weights._13742_,120.43µm
net73,120.185µm
m.u_conv3.u_weights._07418_,120.18µm
net216,120.05µm
m.u_conv3.u_weights._08101_,120.01µm
net1758,119.99µm
net2321,119.96µm
m.u_conv1.u_loader._134_,119.94µm
net1704,119.89µm
m.u_conv3.u_weights._07001_,119.76µm
m.u_conv3.u_weights._00337_,119.46µm
m.u_conv2._0997_,119.455µm
m.u_conv3.u_weights._10744_,119.45µm
m.u_conv3.u_weights._08251_,119.43µm
net1692,119.395µm
m.u_conv2._0609_,119.38µm
m.u_conv2._0761_,119.36µm
net1653,119.33µm
m._095_,119.29µm
m.u_conv2._0819_,119.21µm
m.sram_req_pool2\[24\],119.17µm
m.u_conv3.u_weights._09453_,119.155µm
m.u_conv3.u_weights._07976_,119.06µm
delaynet_2_clk,118.87µm
m.u_conv3.u_weights._08790_,118.865µm
m.u_conv3.u_weights._00681_,118.71µm
net292,118.64µm
delaynet_3_clk,118.64µm
m.u_tree._0414_,118.62µm
m.u_conv3.u_weights._09372_,118.615µm
net189,118.585µm
net72,118.54µm
m.u_conv3.u_weights._12407_,118.5µm
m.u_conv3.u_weights._06481_,118.495µm
m.u_conv3._111_,118.465µm
m.u_conv3.u_weights._02419_,118.315µm
m.sram_din_o\[0\],118.02µm
m.u_conv3.u_weights._08510_,117.8µm
m._099_,117.625µm
net1750,117.54µm
m.u_conv2.u_loader._039_,117.535µm
m.u_conv2.u_weights._217_,117.52µm
m.u_conv3.u_weights._12864_,117.435µm
m.u_conv3.u_weights._14464_,117.415µm
m.u_conv3.u_weights._08148_,117.37µm
m.u_conv2.u_weights._020_,117.165µm
net138,117.15µm
net369,117.145µm
net181,117.01µm
net819,117µm
m.u_conv3.u_weights._04613_,116.95µm
net1763,116.905µm
m.sram_req_pool2\[20\],116.78µm
m.u_conv3.u_weights._10745_,116.64µm
net1811,116.595µm
m.u_conv3.u_weights._06876_,116.58µm
net53,116.51µm
net1767,116.445µm
m.u_conv2.u_weights._380_,116.4µm
m.u_conv3.u_weights._15508_,116.375µm
m.u_conv3.u_weights._09177_,116.355µm
m.u_conv3.u_weights._09761_,116.35µm
net1798,116.34µm
m.u_conv3.u_weights._09452_,116.235µm
m.u_tree._0044_,116.22µm
m.u_conv2._0541_,116.075µm
m.u_conv2._0503_,115.92µm
net829,115.805µm
m._063_,115.57µm
m.u_conv3.u_weights._12694_,115.51µm
net447,115.51µm
m.u_conv3._206_,115.46µm
m.u_conv3.u_weights._03398_,115.42µm
net1613,115.415µm
m.conv1_start,115.39µm
m.u_conv3.u_weights._00885_,115.315µm
m.u_conv3.u_weights._03638_,115.28µm
m.u_conv3.u_weights._00292_,115.185µm
m.u_conv3.u_weights._09152_,115.1µm
m.sram_bm_o\[7\],115.065µm
net1781,114.91µm
m.u_conv3.u_weights._09467_,114.885µm
m.u_conv3.u_weights._01935_,114.81µm
m.u_conv3.u_weights._11149_,114.79µm
m.u_tree._1419_,114.705µm
net2296,114.55µm
net1793,114.49µm
m.u_conv3.u_weights._11837_,114.475µm
net243,114.365µm
m.u_conv3.u_weights._04514_,114.32µm
net170,114.31µm
net1785,114.23µm
net1279,114.195µm
m.u_conv3.u_weights._11416_,114.18µm
m.u_conv2.u_weights._034_,113.865µm
m.u_conv3.u_weights._01631_,113.85µm
m.u_conv3.u_weights._00892_,113.835µm
m.u_conv2._1040_,113.72µm
net1641,113.62µm
net1734,113.44µm
net1787,113.435µm
net1791,113.37µm
m.u_conv2.buffer_reg\[3\],113.33µm
m.u_tree._0426_,113.29µm
net2337,113.19µm
m.u_tree._0242_,113.155µm
net90,113.05µm
net162,112.95µm
m.u_conv3.u_weights._09678_,112.715µm
net2324,112.7µm
net1761,112.695µm
m.u_conv3._174_,112.57µm
net1660,112.57µm
m.sram_din_o\[6\],112.44µm
m.u_conv3.u_weights._00879_,112.425µm
net1772,112.415µm
m.sram_din_o\[5\],112.32µm
m.u_conv3.u_weights._11373_,112.15µm
net815,112.125µm
m.u_conv3.u_weights._05599_,112µm
net2314,111.99µm
m.sram_wen_o,111.93µm
m.u_conv2._1100_,111.92µm
m.u_conv3.u_weights._02647_,111.9µm
net372,111.895µm
net1765,111.775µm
net1780,111.755µm
net1683,111.7µm
m.u_conv2._1068_,111.68µm
net115,111.68µm
m.u_conv2._0512_,111.675µm
m.u_conv3.u_weights._14080_,111.66µm
m.u_conv3.u_weights._01303_,111.54µm
net1784,111.46µm
m.u_conv3.u_weights._05274_,111.38µm
m.u_tree._1448_,111.375µm
net1706,111.365µm
net101,111.22µm
net1764,111.12µm
m.u_conv3.u_weights._14460_,111.07µm
m.sram_dout_i\[1\],110.9µm
net167,110.88µm
net146,110.875µm
m.u_conv3.u_weights._07944_,110.76µm
net125,110.73µm
m.u_conv3.u_weights._01093_,110.505µm
m.u_conv1.buffer_reg\[1\],110.485µm
net1736,110.34µm
net367,110.25µm
net796,110.21µm
m.u_tree._0253_,110.18µm
net1659,110.095µm
m.u_conv1.bit_offset\[3\],109.99µm
m.u_conv3.u_weights._06264_,109.99µm
net1712,109.96µm
delaynet_1_clk,109.92µm
net61,109.83µm
m.u_conv3.u_weights._13962_,109.725µm
m.u_conv3.u_weights._11340_,109.68µm
net1581,109.595µm
m.u_conv3.u_weights._12422_,109.575µm
m.u_conv3.u_weights._08273_,109.57µm
net1245,109.33µm
net1815,109.275µm
m.u_conv3.u_weights._07791_,109.27µm
net1183,109.085µm
net1766,109.005µm
net362,108.98µm
m.sram_bm_o\[6\],108.79µm
m.u_conv3.u_weights._08784_,108.77µm
m.u_conv2.u_loader._204_,108.75µm
net1684,108.74µm
net1746,108.61µm
m.u_conv3.u_weights._05284_,108.54µm
m.u_tree._0200_,108.54µm
net2325,108.43µm
net187,108.345µm
net1783,108.335µm
net1647,108.105µm
net1643,108.03µm
net239,108.025µm
m.sram_req_conv2\[21\],108µm
m.u_conv3.u_weights._04561_,107.89µm
net2300,107.87µm
m.u_conv3.u_weights._10492_,107.715µm
m.u_conv3.u_weights._05600_,107.64µm
m.u_conv3.u_weights._08507_,107.555µm
m.u_conv3.u_weights._12045_,107.34µm
m.u_conv3.u_weights._07971_,107.3µm
m.u_tree._0545_,107.215µm
net148,107.125µm
m.u_conv1.buffer_reg\[15\],107.06µm
m.u_conv1.loader_buffer\[17\],107.05µm
m.u_conv3.u_weights._00880_,107µm
m.u_conv2.u_weights._049_,106.965µm
m.u_tree._0251_,106.945µm
m.u_conv2.u_weights._399_,106.925µm
net1681,106.695µm
net792,106.64µm
net1810,106.6µm
m.sram_bm_o\[5\],106.57µm
m.u_conv3.u_weights._10098_,106.515µm
m.u_conv3.u_weights._03448_,106.46µm
m.u_tree._0235_,106.455µm
m.u_tree._0341_,106.425µm
m.u_tree._0961_,106.35µm
m.u_conv3.u_weights._14852_,106.29µm
net1733,106.275µm
net2334,106.16µm
net2907,106.135µm
net172,106.11µm
m.u_conv1.buffer_reg\[16\],106.05µm
m.u_conv3.u_weights._06783_,105.67µm
m.u_conv1.col_start\[2\],105.54µm
m.u_conv3.u_weights._08141_,105.5µm
m.u_conv3.u_weights._14102_,105.49µm
m.u_conv3.u_weights._09469_,105.44µm
m.u_conv2.u_weights._088_,105.36µm
net1693,105.255µm
net1666,105.24µm
m.u_conv3.u_weights._13320_,105.195µm
m.u_conv3.u_weights._06967_,105.1µm
net173,105.075µm
net1631,104.955µm
m.u_tree._0448_,104.875µm
m.u_tree._1437_,104.84µm
net1702,104.785µm
net1725,104.77µm
m.u_tree._0130_,104.705µm
m.u_conv3.u_weights._08068_,104.695µm
m.u_conv3._173_,104.66µm
m.u_conv3.u_weights._04914_,104.65µm
m.u_conv2._0504_,104.64µm
m.u_mnist_loader._10_,104.545µm
m.u_conv3.u_weights._12178_,104.5µm
net1802,104.435µm
m.u_conv3.u_weights._14997_,104.4µm
net1600,104.225µm
m.u_tree._0241_,104.17µm
m.embedding\[58\],104.16µm
net2305,104.04µm
m.u_pool1._036_,104.01µm
m.u_conv3.u_weights._08518_,104µm
m.u_conv3.u_weights._10543_,103.98µm
net1806,103.945µm
net2273,103.88µm
net1709,103.82µm
m.u_tree._0310_,103.8µm
m.u_conv3.u_weights._09374_,103.68µm
m.u_conv2.u_weights._361_,103.65µm
net1752,103.615µm
m.u_tree._0281_,103.56µm
m.u_pool1.state\[1\],103.485µm
m.sram_req_mnist\[17\],103.45µm
net2278,103.3µm
m.u_conv3.u_weights._04315_,103.27µm
net89,103.255µm
m.u_conv3.u_weights._07331_,102.995µm
m.u_conv3.u_weights._06467_,102.8µm
m.u_conv3.u_weights._08845_,102.79µm
m.u_conv3.u_weights._13989_,102.78µm
m.u_conv3.u_weights._10072_,102.5µm
net1608,102.47µm
m.u_conv3.u_weights._02562_,102.43µm
m.u_conv3.u_weights._12365_,102.415µm
net1671,102.4µm
m.u_conv2._0963_,102.37µm
net1626,102.34µm
m._059_,102.25µm
m.u_conv3.u_weights._00584_,102.2µm
m._003_,102.16µm
m.u_tree._0549_,101.945µm
net93,101.785µm
m.sram_din_o\[1\],101.74µm
net1721,101.74µm
net178,101.655µm
m.u_conv3.u_weights._13547_,101.56µm
net862,101.53µm
net166,101.475µm
m.u_conv3.u_weights._10043_,101.465µm
m.u_conv2.u_weights._370_,101.335µm
m.u_tree._1084_,101.28µm
m.u_conv2.u_weights._117_,101.23µm
net1749,101.13µm
m.u_tree._0153_,101.09µm
net1769,100.83µm
m.u_tree._0363_,100.79µm
m.sram_req_conv3\[19\],100.75µm
m.u_conv3.u_weights._08576_,100.685µm
net1777,100.675µm
m.u_conv2.conv_out2\[0\],100.635µm
m.u_conv3.u_weights._08692_,100.63µm
net1755,100.575µm
m.u_conv3.u_weights._06815_,100.27µm
m.u_conv1.row_out\[3\],100.23µm
net1739,100.055µm
net77,100µm
net1744,99.98µm
m.u_conv3.u_weights._14232_,99.96µm
m.u_conv3.u_weights._12134_,99.87µm
net766,99.85µm
m.u_conv3.u_weights._06574_,99.79µm
net164,99.68µm
net165,99.595µm
m.u_conv2._0674_,99.515µm
net755,99.485µm
m.u_conv2.buffer_reg\[9\],99.365µm
net184,99.365µm
m.u_conv3.u_weights._06072_,99.355µm
net1592,99.3µm
m.sram_din_o\[4\],99.26µm
net141,99.175µm
net1633,99.125µm
m.u_conv2.u_weights._013_,99.07µm
m.u_conv3.u_weights._03286_,99.07µm
net163,99.005µm
m.u_conv3._188_,98.955µm
net1674,98.835µm
m.u_tree._0527_,98.81µm
net144,98.81µm
net186,98.725µm
net1714,98.7µm
m.u_tree._0167_,98.62µm
net1742,98.62µm
m.u_conv1.u_loader.byte_a_r\[2\],98.59µm
m.u_conv3.u_weights._07750_,98.47µm
m.u_conv1._103_,98.365µm
m.u_conv3.u_weights._11671_,98.23µm
net155,98.18µm
m.u_tree._1508_,98.07µm
net143,97.985µm
net169,97.89µm
net2929,97.82µm
m.u_conv3.u_weights._12507_,97.75µm
net1595,97.73µm
net453,97.61µm
m.u_conv1.buffer_reg\[11\],97.56µm
m.u_conv2._0662_,97.51µm
net150,97.495µm
m.u_conv3.u_weights._11305_,97.42µm
net1735,97.16µm
net1776,97.145µm
m.u_conv1.buffer_reg\[2\],97.1µm
net1797,96.97µm
m.u_conv3.u_weights._08235_,96.895µm
m.u_conv3.u_weights._02523_,96.86µm
net1707,96.68µm
m.u_conv3.u_weights._10073_,96.65µm
m.u_conv3.u_weights._14895_,96.6µm
net2269,96.51µm
net137,96.465µm
m.u_conv3.u_weights._07195_,96.315µm
m.u_conv3.u_weights._06174_,96.31µm
m.u_tree._1320_,96.29µm
m.u_conv3.u_weights._15275_,96.265µm
m.u_tree._1514_,96.115µm
m.u_conv2._1076_,96.075µm
m.u_conv3.u_weights._08622_,96.045µm
m.u_conv3.u_weights._06874_,95.985µm
m.u_conv3.u_weights._01962_,95.96µm
m.u_tree._0529_,95.905µm
m.u_conv1.u_loader._287_,95.82µm
m.u_conv3.u_weights._13703_,95.7µm
m.u_conv1.u_loader.byte_a_r\[1\],95.69µm
m.u_conv3.u_weights._04638_,95.635µm
net1620,95.41µm
net151,95.36µm
net776,95.355µm
m.u_conv1._086_,95.18µm
m.u_conv3.u_weights._09538_,95.17µm
m.u_conv3.u_weights._08559_,95.1µm
net2914,95.045µm
net337,94.97µm
m.u_conv3.u_weights._06241_,94.87µm
m.u_conv3.u_weights._08076_,94.775µm
m.u_tree._0254_,94.655µm
m.u_conv2.u_weights._336_,94.615µm
m.u_conv3.u_weights._08691_,94.59µm
net1677,94.445µm
m.u_conv3.u_weights._01467_,94.35µm
m.u_conv3.u_weights._03685_,94.17µm
net1638,94.1µm
m.u_conv3.u_weights._07234_,94.03µm
net1741,93.92µm
m.u_tree._1356_,93.86µm
m.u_conv2._1087_,93.85µm
m.u_conv3.u_weights._09946_,93.745µm
m.u_tree._0523_,93.72µm
net1622,93.69µm
m.u_conv3.u_weights._03274_,93.66µm
m.u_conv3.u_weights._06825_,93.66µm
m.u_conv3.u_weights._15065_,93.625µm
m.u_conv1.u_loader._089_,93.55µm
net1794,93.39µm
net175,93.365µm
m.u_conv2.u_weights._211_,93.34µm
m.u_pool2.state\[6\],93.3µm
m.u_conv3.u_weights._11367_,93.19µm
m.u_conv2._0951_,93.115µm
net1817,92.975µm
m.u_conv3.u_weights._06934_,92.88µm
m.u_conv3.u_weights._15063_,92.815µm
m.u_conv3.u_weights._01566_,92.76µm
net147,92.74µm
m.u_conv3.u_weights._08548_,92.71µm
m.u_conv3.u_weights._14030_,92.65µm
m.u_conv1.co\[1\],92.5µm
m.sram_din_o\[2\],92.47µm
net2259,92.44µm
m.u_conv2.u_weights._355_,92.425µm
m.u_conv3.u_weights._13321_,92.425µm
m.u_conv2.load_ptr\[0\],92.41µm
m.u_conv1.u_loader._131_,92.37µm
m.u_conv2.u_loader._388_,92.3µm
m.u_conv3.u_weights._04136_,92.18µm
m.u_conv2.u_loader._283_,92.125µm
m.u_conv3.u_weights._10107_,92.02µm
m.u_conv3.u_weights._01367_,91.82µm
net180,91.79µm
net149,91.745µm
m.u_conv3.u_weights._03478_,91.735µm
m.u_conv3.u_weights._10825_,91.685µm
m.u_conv3.u_weights._09990_,91.545µm
m.u_conv2.u_loader._270_,91.47µm
net1737,91.46µm
net1401,91.43µm
net1710,91.415µm
m.u_conv3.u_weights._01701_,91.33µm
m.u_conv1.u_loader._272_,91.24µm
net1628,90.985µm
net1711,90.955µm
net2286,90.88µm
m.u_conv3.u_weights._00616_,90.72µm
m.u_conv2._0933_,90.71µm
m.u_conv2.u_weights._356_,90.68µm
net1719,90.6µm
net1634,90.515µm
m.u_conv3.u_weights._09724_,90.49µm
m.u_conv3.u_weights._15261_,90.425µm
net1593,90.385µm
m.u_tree._0454_,90.33µm
net171,90.25µm
m.u_conv2._0574_,90.13µm
net119,90.125µm
net1689,90.09µm
m.u_conv3.u_weights._02540_,90.08µm
net2320,90.08µm
m.u_conv3.u_weights._08629_,90.02µm
m.u_conv1.buffer_reg\[10\],89.865µm
m.u_conv1.u_loader._032_,89.775µm
m.u_conv3.u_weights._07196_,89.63µm
net1602,89.63µm
net786,89.625µm
m.u_conv1.buffer_reg\[14\],89.535µm
net157,89.53µm
m.u_tree._0541_,89.425µm
net182,89.355µm
m.u_conv1.u_weights._041_,89.28µm
m.u_conv3.u_weights._10223_,89.275µm
m.u_conv3.u_weights._06629_,89.23µm
m.u_tree._0387_,89.23µm
m.u_tree._1459_,89.215µm
m.u_conv3.u_weights._04834_,89.145µm
net826,89.125µm
m.u_conv3.u_weights._12133_,89.005µm
m.u_conv3.u_weights._14534_,88.98µm
net2276,88.94µm
m.u_pool1._046_,88.74µm
m.u_tree._0964_,88.66µm
m.u_conv3.u_weights._09829_,88.52µm
m.u_conv2.u_loader._287_,88.51µm
m.u_conv3.u_weights._01100_,88.45µm
m.u_conv3.u_weights._13444_,88.44µm
m.u_conv1.buffer_reg\[13\],88.39µm
m.u_tree._0617_,88.39µm
net1618,88.37µm
m.u_conv3.u_weights._14339_,88.32µm
m.u_tree._0829_,88.26µm
m.u_conv3.u_weights._04614_,88.15µm
m.u_conv3.u_weights._07698_,88.1µm
net1570,88.045µm
m.u_pool2._047_,88.03µm
m.u_conv2.u_loader._051_,87.995µm
m.u_conv3.u_weights._11039_,87.93µm
net1657,87.915µm
net762,87.865µm
net1705,87.81µm
net136,87.695µm
net1756,87.6µm
m.u_conv2._0966_,87.34µm
m.u_conv2._1112_,87.19µm
m.u_tree._0276_,87.175µm
m.u_conv3.u_weights._08350_,87.15µm
m.u_conv3.u_weights._13861_,87.12µm
m.u_conv3.u_weights._07977_,87µm
net2309,86.91µm
m.u_conv2._1054_,86.88µm
m.u_conv2.conv_out3\[2\],86.82µm
m.u_conv3.u_weights._08413_,86.76µm
net192,86.755µm
m.u_conv3.u_weights._04005_,86.65µm
m.u_conv3.u_weights._15064_,86.645µm
m.u_conv3.u_weights._01237_,86.625µm
net3044,86.6µm
m.u_conv3.u_weights._12424_,86.56µm
m.u_conv3.u_weights._12457_,86.53µm
m.u_conv2.u_weights._190_,86.48µm
net1564,86.46µm
m.sram_addr_o\[5\],86.45µm
m.u_conv3.u_weights._11084_,86.3µm
net1644,86.155µm
net1786,86.145µm
m.sram_bm_o\[4\],86.1µm
m.u_conv3.u_weights._01227_,86.035µm
m.u_conv3.u_weights._13478_,86.025µm
m.u_conv3.u_weights._08054_,85.985µm
net145,85.935µm
m.u_tree._0963_,85.92µm
m.u_conv3.u_weights._08175_,85.88µm
m.u_conv3.u_weights._04160_,85.82µm
m.u_conv3.u_weights._01624_,85.7µm
m.u_conv3.u_weights._08504_,85.695µm
m.u_conv3.u_weights._00176_,85.665µm
m.u_tree._0298_,85.625µm
m.u_conv2.u_weights._003_,85.615µm
m.u_conv3._175_,85.55µm
m.u_tree._0780_,85.5µm
m.u_conv3.u_weights._03438_,85.475µm
m.u_tree._0306_,85.4µm
m.u_tree._0453_,85.365µm
net774,85.31µm
m.u_tree._1536_,85.285µm
net1782,85.22µm
m.u_conv3.u_weights._10542_,85.21µm
m.u_conv3.u_weights._10037_,85.185µm
m.u_conv2.u_weights._372_,85.15µm
m.u_conv3.u_weights._08702_,85.09µm
m.u_conv1.buffer_reg\[3\],85.03µm
m.u_conv3.u_weights._09134_,84.915µm
m.u_conv1.buffer_reg\[7\],84.86µm
m.u_tree._1134_,84.8µm
m.u_conv3.u_weights._08339_,84.765µm
net190,84.68µm
net351,84.61µm
net2291,84.43µm
m.u_conv2.u_loader._280_,84.25µm
net2940,84.235µm
m.u_conv3.u_weights._01085_,84.225µm
net84,84.205µm
net1716,84.09µm
m.u_conv2._1110_,84.03µm
net1576,83.89µm
m.u_conv3.u_weights._01965_,83.88µm
net365,83.875µm
m.u_conv1.u_loader._392_,83.78µm
m.u_conv3.u_weights._07419_,83.755µm
net1796,83.745µm
m.u_conv1.u_loader.byte_a_r\[0\],83.74µm
m.u_tree._0983_,83.66µm
net2331,83.595µm
net161,83.51µm
m.u_conv3.u_weights._08372_,83.43µm
m.u_conv2._1029_,83.41µm
m.u_conv3.u_weights._09554_,83.3µm
m.u_conv3.u_weights._04259_,83.08µm
m.u_tree._0314_,83.04µm
m.u_tree._0462_,83.03µm
net1044,82.975µm
net783,82.83µm
m.u_conv3.u_weights._06596_,82.8µm
m.u_conv3.u_weights._12814_,82.695µm
m.u_conv1._036_,82.635µm
m.u_conv2.u_loader._089_,82.585µm
net153,82.355µm
m.u_conv3.u_weights._08515_,82.3µm
m.number_o\[2\],82.27µm
m.u_conv3.u_weights._01121_,82.2µm
m.u_conv3.u_weights._06315_,82.11µm
m.u_tree._0524_,82.095µm
net2242,82.045µm
m.u_conv2.u_loader._272_,82.04µm
m.u_tree._0543_,82.04µm
m.u_conv3.u_weights._12631_,81.945µm
m.u_conv3.u_weights._03523_,81.94µm
m.u_conv3.u_weights._07165_,81.93µm
m.u_conv3.u_weights._13455_,81.89µm
m.u_tree._0419_,81.79µm
m.u_conv3.u_weights._01929_,81.77µm
net1669,81.755µm
m.u_conv2._0784_,81.73µm
net176,81.72µm
m.u_conv3.u_weights._09689_,81.67µm
net2955,81.67µm
m.sram_bm_o\[0\],81.66µm
m.u_conv1.u_weights._132_,81.49µm
m.u_tree._0626_,81.475µm
m.u_conv2.u_weights._362_,81.41µm
net1670,81.395µm
m.u_conv3.u_weights._10787_,81.385µm
net113,81.37µm
m.u_conv3.u_weights._03397_,81.28µm
m.u_tree._0891_,81.27µm
net791,81.26µm
m.u_conv1.u_weights._123_,81.08µm
clknet_leaf_51_clk_regs,81.08µm
net2241,81µm
net188,80.925µm
net74,80.915µm
m.u_conv3.u_weights._03710_,80.895µm
net251,80.89µm
m.u_conv2._0886_,80.78µm
m.u_conv3.u_weights._07261_,80.78µm
m.u_conv2.load_ptr\[3\],80.765µm
m.u_conv3.u_weights._14425_,80.6µm
m.u_conv2.u_weights._357_,80.59µm
m.u_pool1._035_,80.545µm
m.u_tree._1285_,80.47µm
net2950,80.465µm
m.u_conv1.u_weights._146_,80.41µm
m.u_conv3.u_weights._14362_,80.36µm
net1591,80.355µm
m.u_conv3.u_weights._00391_,80.325µm
m.u_conv3.u_weights._15357_,80.285µm
net140,80.27µm
net355,80.215µm
m.u_pool2._040_,80.17µm
m.u_tree._0699_,80.17µm
m._092_,80.16µm
m.u_conv3.u_weights._08197_,80.135µm
m.u_tree._1143_,80.13µm
net2327,80.02µm
m.u_conv2.u_weights._039_,79.97µm
m.u_conv3.u_weights._02751_,79.93µm
m.u_conv3.u_weights._15536_,79.82µm
m.u_pool2.state\[3\],79.64µm
net1005,79.64µm
m.u_conv1.buffer_reg\[4\],79.585µm
m.sram_addr_o\[4\],79.56µm
m.u_conv3.u_weights._04060_,79.51µm
net159,79.51µm
net160,79.46µm
m.u_conv3.u_weights._09688_,79.37µm
m.sram_din_o\[3\],79.26µm
m.u_conv3.u_weights._06607_,79.2µm
m.u_conv3.u_weights._08954_,78.99µm
net86,78.94µm
m.u_conv3.u_weights._00673_,78.85µm
net2875,78.85µm
m.u_conv1.u_loader._391_,78.79µm
net2915,78.73µm
m.u_tree._1357_,78.66µm
m.sram_ren_o,78.49µm
m.u_conv3.u_weights._12487_,78.47µm
m.u_conv3.u_weights._12836_,78.435µm
m.u_conv3.u_weights._08392_,78.41µm
m.sram_addr_o\[6\],78.36µm
m.u_conv3.u_weights._15486_,78.355µm
net2288,78.305µm
m.u_conv1.u_loader.byte_a_r\[4\],78.27µm
m.u_tree._0611_,78.265µm
m.u_conv3.u_weights._09131_,78.26µm
m.u_conv3.u_weights._14635_,78.24µm
m.u_conv1.u_loader._033_,78.18µm
m.u_conv2._0581_,78.14µm
net768,78.05µm
m.u_conv3.u_weights._05331_,78.005µm
net1701,77.995µm
m.u_conv3.u_weights._05012_,77.94µm
m.u_conv3.u_weights._00818_,77.9µm
net358,77.84µm
net339,77.8µm
m.u_conv3.u_weights._01137_,77.77µm
net1598,77.725µm
m.u_conv1.u_loader.byte_a_r\[5\],77.68µm
m.u_tree._0295_,77.59µm
m.u_tree._0445_,77.54µm
m.u_conv3.u_weights._09550_,77.48µm
m.u_conv3.u_weights._06209_,77.46µm
m.u_conv3.u_weights._10070_,77.43µm
m.u_conv3.u_weights._04392_,77.35µm
m.u_conv3.u_weights._08232_,77.335µm
m.u_conv2._1094_,77.22µm
m.u_conv3.u_weights._04590_,77.11µm
m.u_conv3.u_weights._05330_,77.1µm
m._002_,77.085µm
m.u_conv1._062_,77.02µm
net156,77.01µm
m.u_pool2.co\[1\],77µm
m.sram_req_conv3\[18\],76.83µm
m.u_conv3.u_weights._07131_,76.815µm
m.u_conv2._0864_,76.78µm
m.u_conv3.u_weights._04527_,76.725µm
net2942,76.7µm
m.u_conv3.u_weights._04038_,76.68µm
m.u_conv3.u_weights._02668_,76.63µm
net2245,76.63µm
m.u_conv3.u_weights._11684_,76.61µm
m.u_tree._0209_,76.595µm
net1728,76.575µm
net2906,76.575µm
m.u_conv3.u_weights._10707_,76.57µm
m.u_conv3.u_weights._10629_,76.56µm
m.u_conv1.co\[0\],76.51µm
m.u_conv3.u_weights._08323_,76.375µm
m.u_conv2._0842_,76.26µm
m.u_conv3.u_weights._06989_,76.26µm
net1568,76.245µm
net1603,76.245µm
m.sram_req_conv1\[18\],76.22µm
m.u_pool1._053_,76.22µm
m.u_conv3.u_weights._14025_,76.16µm
m.u_conv3.u_weights._01653_,76.13µm
m.u_conv1._058_,76.09µm
m.u_conv3.u_weights._01108_,75.98µm
net124,75.94µm
m.u_conv3.u_weights._12150_,75.895µm
net1607,75.89µm
m.u_conv3.u_weights._04712_,75.84µm
m.u_conv3.u_weights._01272_,75.825µm
m.u_conv3.u_weights._11581_,75.8µm
m.u_conv2.u_weights._131_,75.74µm
m.u_tree._0551_,75.72µm
net368,75.69µm
m.u_conv2._1005_,75.55µm
m.u_conv3.u_weights._12167_,75.51µm
m.u_conv1.u_weights._127_,75.42µm
m.u_pool2._055_,75.415µm
m.u_conv3.u_weights._05365_,75.37µm
m.u_tree._0807_,75.36µm
net1646,75.31µm
m.u_conv2.u_weights._014_,75.265µm
m.u_conv1.u_loader._227_,75.25µm
m.u_conv3.u_weights._01224_,75.13µm
m.u_conv2.load_ptr\[1\],75.085µm
m.u_conv3.u_weights._06032_,75.06µm
net2253,75.03µm
net1625,74.97µm
m.u_conv3.u_weights._00316_,74.94µm
m.sram_addr_o\[7\],74.89µm
m.u_conv3.u_weights._04637_,74.83µm
m.u_conv3.u_weights._08881_,74.805µm
m.u_conv3.u_weights._10032_,74.8µm
m.u_conv3.u_weights._01648_,74.76µm
m.u_conv3.u_weights._04895_,74.76µm
m.u_conv3.u_weights._12317_,74.7µm
net2240,74.7µm
net761,74.66µm
m.u_conv3.u_weights._06840_,74.615µm
net3054,74.59µm
net300,74.51µm
net1155,74.495µm
m.u_conv3.u_weights._02956_,74.49µm
m.u_conv3.u_weights._07739_,74.415µm
m.u_conv1.u_weights._042_,74.395µm
m.u_conv3.u_weights._11689_,74.37µm
m.u_conv3.u_weights._13753_,74.35µm
m.u_conv3.u_weights._04001_,74.29µm
m.number_o\[3\],74.28µm
net320,74.27µm
m.u_conv3.u_weights._08792_,74.19µm
m.u_conv3.u_weights._12044_,74.17µm
net2264,74.16µm
m.u_conv3.u_weights._00707_,74.11µm
m.sram_addr_o\[3\],74.1µm
m.u_conv2.u_weights._101_,74.095µm
m.u_conv3.u_weights._12523_,74.01µm
m.u_conv3.u_weights._09661_,73.98µm
m.u_conv1.u_loader._051_,73.96µm
m.u_conv3.u_weights._11683_,73.93µm
net1582,73.9µm
m.u_conv2.u_loader._390_,73.825µm
m.u_conv3.u_weights._01385_,73.69µm
m.u_tree._0266_,73.67µm
m.u_conv3.u_weights._08317_,73.585µm
m.u_tree._1129_,73.54µm
net336,73.535µm
m.u_conv3.u_weights._10455_,73.45µm
m.u_conv3.u_weights._11659_,73.45µm
net2250,73.445µm
m.u_conv3.u_weights._05571_,73.4µm
m.u_conv2._0528_,73.39µm
m.u_conv2.u_weights._391_,73.38µm
net1648,73.365µm
m.number_o\[1\],73.32µm
m.u_conv3.u_weights._10099_,73.26µm
m.u_conv3.u_weights._02551_,72.9µm
m.u_conv3.u_weights._02411_,72.885µm
m.u_conv3.u_weights._10352_,72.885µm
m.u_conv2.buffer_reg\[7\],72.87µm
m.u_conv2.u_weights._060_,72.775µm
m.u_conv3.u_weights._00177_,72.72µm
m.u_tree._0354_,72.715µm
net2230,72.57µm
m.u_tree._0810_,72.505µm
m.u_conv3.u_weights._00907_,72.495µm
m.u_mnist_loader._11_,72.49µm
m.u_conv3._203_,72.445µm
m.u_tree._1558_,72.3µm
m.u_conv3.u_weights._03437_,72.18µm
m.u_tree._1217_,72.175µm
m.u_conv1.u_loader._288_,72.09µm
m.u_conv1.col_start\[3\],72.065µm
m.u_conv2.u_weights._398_,72.005µm
m.u_conv3._223_,71.895µm
m.u_conv2.u_weights._178_,71.89µm
net828,71.885µm
m.u_conv3.u_weights._11104_,71.76µm
m.u_conv2._0890_,71.64µm
m.u_tree._0708_,71.47µm
m.u_conv3.u_weights._01497_,71.41µm
m.u_conv3.u_weights._01945_,71.23µm
m.u_conv3.u_weights._12516_,71.205µm
m.u_pool1.state\[3\],71.17µm
m.u_conv3.u_weights._11654_,71.125µm
m.u_conv3.u_weights._00650_,71.11µm
m.u_conv3.u_weights._12323_,71.095µm
m.u_conv2.u_weights._374_,71.075µm
net765,71.055µm
m.u_conv1._043_,71.05µm
m.u_conv2.u_weights._065_,70.975µm
net1650,70.795µm
net1635,70.715µm
m.u_conv3.u_weights._08524_,70.695µm
m.u_conv2.u_weights._033_,70.64µm
m.u_conv1.u_weights._124_,70.59µm
m.u_conv3.u_weights._10336_,70.59µm
net1678,70.545µm
net3015,70.435µm
m.u_conv1.buffer_reg\[6\],70.33µm
m.u_conv3.u_weights._06828_,70.32µm
net370,70.31µm
m.u_conv2._0934_,70.26µm
m.u_tree._1085_,70.23µm
m.u_conv3.u_weights._12749_,70.2µm
m.u_tree._0350_,70.2µm
m.u_conv3.u_weights._08680_,70.185µm
m.u_conv3.u_weights._15004_,70.1µm
m.u_tree._0581_,70.035µm
m.sram_bm_o\[3\],70.025µm
m.u_conv3.u_weights._12906_,70.02µm
net1687,69.975µm
m.u_tree._1138_,69.96µm
m.u_tree._0039_,69.915µm
m.u_tree._1265_,69.835µm
net1614,69.79µm
m.u_conv2.u_loader._134_,69.715µm
net1584,69.66µm
m.u_conv3.u_weights._07517_,69.61µm
m.u_conv3.u_weights._07596_,69.595µm
m.u_conv3._197_,69.545µm
m.u_conv3.u_weights._10779_,69.43µm
net1565,69.3µm
m.u_conv3.u_weights._08597_,69.24µm
m.u_conv3.u_weights._03766_,69.14µm
m.u_pool2.state\[1\],69.14µm
m.u_tree._1275_,69.075µm
m.u_conv3.u_weights._07092_,69µm
m.u_conv3.u_weights._10064_,68.97µm
m.u_conv3.u_weights._04755_,68.96µm
m.u_conv3.u_weights._08682_,68.89µm
m.u_conv3.u_weights._07790_,68.79µm
m.sram_req_conv2\[16\],68.77µm
m.u_conv2.u_loader._350_,68.77µm
net1745,68.655µm
m.u_conv3.u_weights._09641_,68.635µm
m.u_conv3.u_weights._00077_,68.61µm
m.sram_bm_o\[2\],68.58µm
m.u_conv3.u_weights._00173_,68.58µm
m.u_conv3.u_weights._02520_,68.53µm
m.u_conv3.u_weights._10030_,68.53µm
net2246,68.53µm
m.u_conv3.u_weights._06250_,68.515µm
m.u_conv3.u_weights._11148_,68.505µm
m.u_tree._1465_,68.47µm
m.u_conv3.u_weights._10531_,68.46µm
m.u_tree._0694_,68.4µm
m.embedding\[17\],68.35µm
m.u_conv2._1058_,68.22µm
m.u_conv3.u_weights._07304_,68.115µm
m.u_conv1.u_loader._270_,68.11µm
m.u_conv2.u_weights._393_,68.105µm
m.u_conv2.conv_out1\[2\],68.065µm
net2234,68.065µm
m.u_conv3.u_weights._06437_,68.06µm
m.u_conv3.u_weights._14323_,67.94µm
net1619,67.93µm
m.u_conv3.u_weights._02653_,67.885µm
net2227,67.83µm
m.u_conv3.u_weights._05352_,67.8µm
m.u_pool1.co\[2\],67.765µm
m.u_conv3.u_weights._09741_,67.705µm
m.u_conv1.u_loader._350_,67.585µm
net449,67.535µm
m.u_conv3.u_weights._05342_,67.5µm
m.u_conv1._056_,67.44µm
m.u_conv3._209_,67.41µm
m.u_conv3.u_weights._09254_,67.275µm
m.u_conv2.u_weights._189_,67.245µm
net2236,67.24µm
m.u_conv2._0604_,67.15µm
net824,67.115µm
net1672,67.095µm
m.u_conv3.u_weights._05543_,67.065µm
m.u_conv3.u_weights._02526_,67.03µm
m.u_conv3.u_weights._08671_,67.03µm
net2306,67.03µm
m.u_tree._0709_,67µm
net2977,66.985µm
m.u_conv3.u_weights._02736_,66.96µm
m.u_conv2._1047_,66.945µm
m.u_tree._1139_,66.94µm
net2233,66.88µm
m.u_conv3._094_,66.84µm
m.u_conv1.u_loader._327_,66.78µm
m.u_tree._0355_,66.735µm
m.u_conv3.u_weights._00545_,66.685µm
net1676,66.63µm
m.u_tree._1549_,66.5µm
m.u_conv3.u_weights._07684_,66.46µm
m.u_conv3.u_weights._01223_,66.36µm
m.u_tree._1470_,66.305µm
m.u_conv3.u_weights._00027_,66.26µm
m.u_conv3.u_weights._10069_,66.225µm
m.u_tree._0591_,66.215µm
m.u_conv2.u_weights._353_,66.14µm
m.u_tree._0401_,66.055µm
m.u_conv3.u_weights._08857_,66.04µm
m.u_tree._0832_,66.03µm
m.u_pool1.co\[0\],66.015µm
m.u_conv3.u_weights._12353_,66.01µm
m.u_conv3.u_weights._14496_,65.89µm
m.u_conv3.u_weights._03330_,65.88µm
net2261,65.87µm
m.u_conv3.u_weights._00154_,65.865µm
m.u_conv2.buffer_reg\[13\],65.825µm
m.u_conv3.u_weights._14851_,65.815µm
m.u_conv3.u_weights._13484_,65.79µm
m.u_conv3.u_weights._15404_,65.755µm
m.u_conv3.u_weights._04724_,65.73µm
m.u_conv2.u_weights._373_,65.725µm
m.u_conv3.u_weights._03516_,65.7µm
m.u_conv3.u_weights._11434_,65.7µm
net373,65.67µm
net1587,65.585µm
m.u_conv3.u_weights._06886_,65.56µm
m.u_pool2.co\[2\],65.525µm
m.u_conv2.u_loader._330_,65.52µm
m.u_conv3.u_weights._08318_,65.405µm
m.u_pool2._042_,65.365µm
m.u_conv3.u_weights._00175_,65.355µm
m.u_tree._0470_,65.335µm
m.u_conv3.u_weights._06867_,65.28µm
m.u_conv3.u_weights._08796_,65.17µm
m.u_conv3.u_weights._04626_,65.12µm
m.u_conv2.u_weights._015_,65.04µm
m.u_conv3.u_weights._11865_,64.98µm
m.u_tree._0383_,64.92µm
m.u_conv3.u_weights._00580_,64.87µm
m.u_conv3.u_weights._02004_,64.855µm
m.u_conv3.u_weights._04610_,64.66µm
net2265,64.64µm
m.u_conv3.u_weights._02854_,64.635µm
m.u_pool2.r_out\[1\],64.56µm
m.u_conv2.u_loader.byte_a_r\[1\],64.505µm
m.u_conv3.u_weights._13427_,64.5µm
m.u_conv3.u_weights._05304_,64.495µm
m.u_conv3.u_weights._08811_,64.465µm
m.u_conv2._0737_,64.46µm
m.u_tree._0115_,64.45µm
m.u_tree._0297_,64.435µm
net769,64.39µm
m.u_tree._0937_,64.38µm
m.u_conv3.u_weights._08573_,64.29µm
m.u_tree._0636_,64.145µm
m.u_conv3.u_weights._02160_,64.14µm
m.u_conv3.u_weights._11968_,64.12µm
m.u_conv3.u_weights._09974_,64.105µm
m.u_conv3.u_weights._07800_,64.09µm
m.u_conv3.u_weights._01989_,64.08µm
m.u_pool1.state\[2\],64.08µm
m.u_conv3.u_weights._12770_,64.025µm
m.u_conv3.u_weights._06940_,63.97µm
m.u_conv3.u_weights._13716_,63.97µm
m.u_conv1.buffer_reg\[12\],63.955µm
m.u_conv1.u_loader.byte_a_r\[3\],63.905µm
m.u_conv3.u_weights._04714_,63.865µm
m._046_,63.85µm
m.u_tree._0690_,63.78µm
m.u_conv3.u_weights._04832_,63.6µm
m.u_conv3.u_weights._12496_,63.535µm
m.u_tree._0561_,63.535µm
m.u_conv3.u_weights._05802_,63.51µm
m.u_conv3.u_weights._05071_,63.47µm
m.u_conv3.u_weights._10501_,63.45µm
m.u_tree._0542_,63.405µm
m.u_conv3.u_weights._14533_,63.375µm
net784,63.325µm
m.u_conv2._0647_,63.26µm
m.u_tree._0834_,63.255µm
m.u_tree._1553_,63.19µm
m.embedding\[18\],63.16µm
m.u_conv2.u_weights._012_,63.16µm
m.sram_bm_o\[1\],63.12µm
m.u_conv3.u_weights._09770_,63.12µm
m.u_conv3.u_weights._14442_,63.12µm
m.u_conv3.u_weights._09419_,63.06µm
m.u_conv2.u_weights._202_,63µm
m.u_tree._0861_,62.985µm
m.u_conv3.u_weights._03226_,62.98µm
m.u_conv3.u_weights._00272_,62.97µm
m.u_conv3.u_weights._02948_,62.96µm
m.u_conv3.u_weights._00348_,62.955µm
net2251,62.76µm
m.u_conv3.u_weights._10048_,62.72µm
m.u_conv1.u_loader.byte_a_r\[7\],62.53µm
m.u_conv3.u_weights._01334_,62.45µm
m.u_conv2.buffer_reg\[15\],62.41µm
m.u_pool1.r_out\[1\],62.41µm
m.u_conv3.u_weights._05200_,62.4µm
m.u_conv3.u_weights._12640_,62.4µm
m.u_conv1._112_,62.3µm
net2224,62.265µm
m.u_conv3.u_weights._00916_,62.26µm
m.u_tree._0613_,62.085µm
m.u_conv3._075_,61.99µm
net81,61.985µm
net1594,61.975µm
net2238,61.965µm
net1656,61.885µm
m.u_conv3.u_weights._07945_,61.87µm
net2916,61.72µm
m.u_conv3.u_weights._03860_,61.71µm
m.u_conv3.u_weights._06957_,61.7µm
m.u_conv2._1009_,61.63µm
m.u_conv3.u_weights._12509_,61.56µm
m.u_conv3.u_weights._14459_,61.5µm
m.u_tree._0612_,61.44µm
m.u_conv2.conv_out1\[3\],61.435µm
m.u_conv1.u_loader._305_,61.38µm
m._065_,61.32µm
m.u_conv3.u_weights._06618_,61.32µm
m.u_conv3.u_weights._05351_,61.2µm
m.u_conv2.u_weights._301_,61.17µm
m.u_tree._0676_,61.13µm
net272,61.1µm
m.u_conv3.u_weights._01741_,61.09µm
m.u_conv3.u_weights._11838_,61.03µm
m.u_conv3.u_weights._12447_,61.03µm
m.u_conv3.u_weights._06318_,61.02µm
m.u_conv2._0841_,60.97µm
m.u_conv2.u_weights._363_,60.905µm
m.sram_req_pool1\[25\],60.9µm
m.u_conv2.u_weights._086_,60.9µm
m.u_conv2._0701_,60.895µm
m.u_tree._1270_,60.89µm
m.u_conv2.u_weights._348_,60.865µm
m.u_conv3.u_weights._07409_,60.825µm
m.u_pool1._050_,60.73µm
m.u_conv2._1072_,60.72µm
m.u_conv3.u_weights._03161_,60.69µm
m.u_conv3.u_weights._12545_,60.68µm
m.u_conv2.u_weights._315_,60.615µm
m.u_conv3.u_weights._14905_,60.61µm
m.u_pool2._148_,60.61µm
m.u_tree._0764_,60.605µm
m.u_conv2.u_weights._051_,60.5µm
m.u_tree._0733_,60.48µm
m.u_tree._0375_,60.42µm
m.u_conv2.u_loader.byte_a_r\[4\],60.415µm
m.u_conv3.u_weights._05131_,60.38µm
m.u_conv3.u_weights._08142_,60.38µm
net2281,60.37µm
m.u_tree._0846_,60.275µm
m.u_conv2._0535_,60.24µm
m.u_pool2._100_,60.2µm
m.u_conv1.u_weights._134_,60.15µm
m.u_tree._0494_,60.13µm
m.u_conv2._0544_,60.08µm
m.u_conv3.u_weights._06673_,60.06µm
net2249,60.06µm
m.u_conv3.u_weights._04618_,60.055µm
m.u_tree._0450_,60.035µm
m.u_conv1.buffer_reg\[0\],60µm
m.u_conv1.sram_req_load\[23\],59.95µm
m.u_conv3.u_weights._01692_,59.94µm
m.u_conv3.u_weights._00910_,59.905µm
m.u_conv3.u_weights._12489_,59.885µm
m.u_tree._0413_,59.865µm
m.u_conv3.u_weights._03962_,59.78µm
m.u_conv3.u_weights._07885_,59.775µm
m.u_pool2._053_,59.755µm
m._031_,59.74µm
m.u_mnist_loader._15_,59.655µm
m.u_conv3.u_weights._07562_,59.65µm
m.u_conv3.u_weights._04525_,59.645µm
m.sram_req_pool2\[13\],59.64µm
m.u_conv2.u_weights._115_,59.59µm
m.u_conv2._1330_,59.58µm
m.u_conv3.u_weights._02666_,59.58µm
m.u_tree._0815_,59.575µm
m.u_conv2.u_weights._210_,59.53µm
m.u_conv2._1485_,59.52µm
m.u_conv3.u_weights._05337_,59.51µm
m.u_conv2.buffer_reg\[8\],59.485µm
m.u_tree._0493_,59.485µm
m.u_conv3.u_weights._11303_,59.48µm
m.u_conv2.u_loader._197_,59.435µm
net1652,59.4µm
net1808,59.4µm
m.u_tree._1377_,59.35µm
m.u_conv3.u_weights._10095_,59.23µm
m.u_conv1.u_loader._267_,59.225µm
m.u_conv3.u_weights._07738_,59.22µm
m.u_conv3.u_weights._00283_,59.19µm
m.u_conv3.u_weights._14315_,59.16µm
m.u_conv3.u_weights._06132_,59.145µm
m.u_conv3.u_weights._13390_,59.11µm
m.u_conv3.u_weights._07143_,59.07µm
m.u_conv3.u_weights._13538_,59.04µm
m.u_conv3.u_weights._04658_,58.93µm
m.u_conv2._1066_,58.88µm
net1688,58.88µm
m.u_conv3.u_weights._07522_,58.75µm
m.u_conv3.u_weights._02756_,58.71µm
m.u_conv3.u_weights._12354_,58.7µm
m.u_conv1.u_loader._273_,58.66µm
net2921,58.63µm
m._079_,58.58µm
m.u_conv3.u_weights._05690_,58.56µm
net1779,58.46µm
m.u_conv3.u_weights._11983_,58.4µm
m.u_conv1.u_loader._316_,58.395µm
m.u_conv3.u_weights._07465_,58.385µm
m.sram_req_pool2\[11\],58.33µm
m.u_conv2.u_loader._269_,58.215µm
m.u_conv3.u_weights._08120_,58.185µm
m.u_conv3.u_weights._03759_,58.135µm
m.u_conv3.u_weights._07215_,58.09µm
m.u_tree._0291_,58.09µm
m.u_conv2._0616_,58.08µm
m.u_conv3.u_weights._09637_,58.02µm
m.u_pool1._214_,57.99µm
m.u_conv3.u_weights._04565_,57.93µm
m.u_conv2.u_loader._316_,57.85µm
m.u_conv3.u_weights._14691_,57.845µm
m.u_conv3.u_weights._14832_,57.825µm
m.u_conv2.conv_out2\[1\],57.78µm
m.u_conv3.u_weights._09005_,57.73µm
m.u_pool1._225_,57.73µm
m.u_conv3.u_weights._10374_,57.725µm
m.u_conv3.u_weights._05700_,57.67µm
m.u_conv3.u_weights._01218_,57.66µm
m.u_conv3.u_weights._04016_,57.62µm
m.u_pool2._037_,57.58µm
m.u_conv3.u_weights._08368_,57.55µm
m.u_conv3.u_weights._12652_,57.48µm
m.u_conv3.u_weights._11467_,57.44µm
net2254,57.385µm
m.u_conv3._001_,57.36µm
m.u_conv3.u_weights._00934_,57.25µm
m.u_tree._0333_,57.25µm
m.u_conv3.u_weights._03375_,57.195µm
m.u_conv3.u_weights._13202_,57.195µm
m.u_conv3.u_weights._02670_,57.19µm
m.u_conv3.u_weights._04568_,57.19µm
m.u_conv3.u_weights._11726_,57.18µm
m.u_conv2._1017_,57.165µm
m.u_tree._0477_,57.12µm
m.number_o\[0\],57µm
m.u_conv3.u_weights._09792_,56.92µm
m.u_conv3.u_weights._08562_,56.85µm
m.u_tree._0458_,56.78µm
net833,56.72µm
m.u_conv3.u_weights._07699_,56.715µm
m.u_tree._0924_,56.64µm
m.u_conv1._006_,56.635µm
m.u_conv2._0006_,56.625µm
m.u_conv3.u_weights._00593_,56.61µm
m.u_tree._0603_,56.605µm
m.u_conv1.u_loader._373_,56.59µm
m.u_conv3.u_weights._04612_,56.59µm
m.u_conv3.u_weights._08359_,56.52µm
m.u_conv3.u_weights._09155_,56.485µm
m.u_conv2.u_weights._375_,56.465µm
m.u_tree._1359_,56.455µm
m.u_conv2._0552_,56.425µm
m.u_conv3.u_weights._04215_,56.35µm
m.u_conv3.u_weights._05276_,56.335µm
m.u_conv3.u_weights._08262_,56.285µm
net2817,56.23µm
m.u_conv3._191_,56.22µm
m.u_tree._0560_,56.175µm
m.u_conv3.u_weights._06219_,56.17µm
m.u_tree._0697_,56.16µm
m.sram_req_pool1\[8\],56.12µm
m.u_conv3.u_weights._01920_,56.105µm
m.u_conv3.u_weights._02415_,56.085µm
m.u_conv3.u_weights._13749_,56.05µm
m.u_conv1.u_loader.state\[1\],55.99µm
m.u_conv3.u_weights._03619_,55.98µm
m.sram_req_pool2\[15\],55.8µm
m.u_conv3.u_weights._11976_,55.8µm
m.u_pool1._033_,55.775µm
m.u_conv3.u_weights._06237_,55.745µm
m.u_conv3.u_weights._06304_,55.68µm
net3061,55.565µm
m.u_conv3.u_weights._11293_,55.555µm
m.u_conv3.u_weights._13044_,55.535µm
m.u_conv2._1238_,55.51µm
m.u_conv3.u_weights._04115_,55.5µm
m.u_conv3.u_weights._06087_,55.5µm
m.u_conv3.u_weights._12347_,55.45µm
m.u_conv1.u_loader._249_,55.445µm
m.u_conv3.u_weights._02144_,55.395µm
m.u_conv3.u_weights._11950_,55.38µm
m.u_tree._1360_,55.38µm
m.u_conv3.u_weights._01088_,55.375µm
m.u_conv3.u_weights._05341_,55.34µm
m.u_conv3.u_weights._06135_,55.335µm
m.u_conv3.u_weights._13079_,55.32µm
m.u_conv3.u_weights._11929_,55.29µm
m.u_conv2._0721_,55.275µm
m.u_conv3.u_weights._09047_,55.26µm
m.u_conv3.u_weights._03333_,55.255µm
m.u_conv3.u_weights._04277_,55.23µm
m.u_conv2.buffer_reg\[16\],55.22µm
m.sram_req_pool2\[22\],55.2µm
m.u_conv1.u_weights._065_,55.2µm
m.u_conv3._113_,55.195µm
m.u_conv3.u_weights._09535_,55.145µm
m.u_conv2.u_weights._257_,55.13µm
net1753,54.97µm
m.u_conv3.u_weights._12200_,54.965µm
m.u_conv3.u_weights._10525_,54.86µm
m.u_conv3.u_weights._05616_,54.855µm
m.u_conv3.u_weights._04945_,54.84µm
m.u_conv3.u_weights._05314_,54.84µm
net1532,54.835µm
m.u_conv3.u_weights._02808_,54.825µm
net789,54.795µm
m.u_conv2.u_weights._139_,54.78µm
m.u_conv3.u_weights._08125_,54.765µm
m.u_conv3.u_weights._08649_,54.755µm
m.u_conv3.u_weights._06347_,54.745µm
m.u_conv3.u_weights._08628_,54.725µm
m.u_conv2.u_loader._290_,54.7µm
m.u_conv3.u_weights._10513_,54.645µm
m.u_conv3.u_weights._11387_,54.64µm
m.u_pool1.co\[1\],54.62µm
m.u_conv3.u_weights._06794_,54.61µm
m.u_conv3.u_weights._12199_,54.6µm
m.u_conv3.u_weights._15652_,54.57µm
m.sram_req_pool1\[23\],54.56µm
net1682,54.56µm
m.u_conv3.u_weights._04154_,54.52µm
m.u_conv3.u_weights._02911_,54.48µm
net2308,54.48µm
net1816,54.475µm
m.u_conv3.u_weights._14168_,54.46µm
m.u_conv2.u_loader.byte_a_r\[0\],54.45µm
m.u_conv3.u_weights._01065_,54.45µm
net3021,54.45µm
m.u_conv2.u_loader._346_,54.38µm
m.u_conv2.u_weights._080_,54.37µm
m.u_tree._0713_,54.37µm
m.u_conv3.u_weights._04513_,54.365µm
m.u_conv3.u_weights._12736_,54.36µm
m.u_conv3.u_weights._11971_,54.33µm
m.u_conv1.u_loader._352_,54.275µm
m.u_conv2.buffer_reg\[14\],54.26µm
m.u_conv2._0007_,54.24µm
m.u_conv3.u_weights._04106_,54.24µm
m.u_conv2.u_weights._017_,54.205µm
m.u_conv2.u_weights._304_,54.2µm
m.u_conv2.conv_out3\[0\],54.19µm
m.u_conv3.u_weights._14734_,54.09µm
m.u_conv2._0633_,54.07µm
m.u_conv3.u_weights._01128_,54.07µm
m.u_conv3.u_weights._06161_,54.06µm
m.u_conv2._0736_,54.02µm
net356,53.98µm
m.u_pool2._158_,53.965µm
m.u_tree._1014_,53.965µm
m.u_conv3.u_weights._04997_,53.96µm
m.u_conv3.u_weights._10573_,53.935µm
m.u_conv3.u_weights._13201_,53.9µm
m.u_conv3.u_weights._03220_,53.88µm
m.u_tree._0975_,53.865µm
m.u_tree._0380_,53.86µm
m.u_conv2._0546_,53.835µm
m.u_conv3.u_weights._03190_,53.805µm
m.u_conv3.u_weights._02638_,53.765µm
m.u_conv3.u_weights._13591_,53.73µm
m.u_conv3.u_weights._14742_,53.725µm
m.u_conv3.u_weights._10447_,53.7µm
m.u_conv3.u_weights._14878_,53.67µm
net1577,53.66µm
m.u_tree._0763_,53.65µm
m.u_pool2.r_out\[2\],53.645µm
m.u_pool1._177_,53.59µm
m.u_conv2._1052_,53.58µm
m.u_conv2.buffer_reg\[0\],53.54µm
m.sram_req_mnist\[13\],53.52µm
m.u_conv3.u_weights._12322_,53.52µm
m.u_conv3.u_weights._03663_,53.51µm
net3036,53.505µm
m.u_tree._0229_,53.49µm
m.u_conv3.u_weights._09052_,53.42µm
m.u_conv3.u_weights._10385_,53.41µm
m.u_conv3.u_weights._11140_,53.41µm
m.u_conv3.u_weights._08877_,53.37µm
m.u_conv3.u_weights._08742_,53.355µm
m.u_conv3.u_weights._12101_,53.315µm
m.u_conv3.u_weights._08032_,53.305µm
m.u_tree._0698_,53.29µm
m.u_conv1.u_loader._393_,53.27µm
m.u_conv3.u_weights._04236_,53.245µm
m.sram_req_conv2\[7\],53.17µm
m.u_conv3.u_weights._00679_,53.17µm
m.u_conv2.u_loader._170_,53.09µm
m.u_conv1.u_weights._153_,53.07µm
m.u_pool1._213_,53.06µm
m.u_tree._0749_,53.05µm
m.u_tree._0334_,53.045µm
m.u_tree._0263_,53.04µm
m.u_tree._0434_,53.04µm
m.u_conv2._0605_,53.02µm
m.u_conv3.u_weights._00703_,52.975µm
net759,52.89µm
m.u_conv3._073_,52.83µm
m.u_conv2.u_loader._033_,52.81µm
net1715,52.78µm
m.u_conv3.u_weights._02521_,52.755µm
m.u_conv3.u_weights._03847_,52.745µm
m.sram_req_conv2\[11\],52.69µm
m.u_conv3.u_weights._03982_,52.69µm
m.u_conv2.u_weights._233_,52.675µm
m.u_tree._0198_,52.615µm
m.u_conv3.u_weights._08660_,52.585µm
m.u_tree._0692_,52.58µm
net1773,52.58µm
m.u_conv3.u_weights._01220_,52.57µm
m.u_conv2._0932_,52.52µm
net174,52.51µm
m.u_conv3.u_weights._14584_,52.5µm
m.u_conv2._0937_,52.495µm
m.u_tree._0373_,52.35µm
m.u_conv2.u_loader._305_,52.33µm
m.u_conv1.u_loader._358_,52.32µm
m.u_conv3.u_weights._08098_,52.32µm
m.u_conv3.u_weights._07284_,52.315µm
m.u_conv3.u_weights._01241_,52.295µm
m.u_conv3.u_weights._10837_,52.28µm
m.u_conv3.u_weights._13472_,52.27µm
m.u_conv3.u_weights._12040_,52.21µm
net1566,52.17µm
m.u_conv3.u_weights._14304_,52.165µm
m.u_conv2.u_loader._219_,52.12µm
m.u_conv2.u_weights._397_,52.1µm
m.u_conv2.u_loader._268_,52.05µm
m.u_conv2.u_loader._327_,52.045µm
m.u_conv3.u_weights._11194_,52.03µm
m.u_conv3.u_weights._13509_,52.025µm
m.u_tree._1393_,52.025µm
m.u_conv3.u_weights._05699_,51.91µm
net1667,51.895µm
m.u_pool1._215_,51.85µm
m.u_conv3.u_weights._06010_,51.845µm
m.u_conv3.u_weights._04281_,51.835µm
m.u_tree._0548_,51.79µm
m.u_conv3.u_weights._02030_,51.73µm
m.u_conv3.u_weights._02985_,51.73µm
m.u_conv1.u_weights._138_,51.72µm
net2252,51.72µm
m.u_conv3.u_weights._05118_,51.715µm
m.u_conv1._185_,51.665µm
net2927,51.635µm
m.u_conv3.u_weights._11356_,51.595µm
m.u_conv2._0549_,51.505µm
m.u_conv3.u_weights._15371_,51.41µm
m.u_conv3.u_weights._09024_,51.39µm
m.u_conv3.u_weights._05197_,51.38µm
m.u_conv3.u_weights._13474_,51.36µm
net1799,51.345µm
m.u_conv2._0752_,51.315µm
m.u_tree._1504_,51.31µm
m.u_tree._0077_,51.26µm
m.u_conv2.u_weights._046_,51.13µm
m.u_tree._1288_,51.125µm
m.u_conv2.u_loader._395_,51.07µm
m.u_conv3.u_weights._00571_,51.07µm
m.u_tree._0122_,51.07µm
m.u_conv2._0805_,51.06µm
m.u_tree._0803_,51.06µm
net1639,51.06µm
net1729,51.055µm
m.u_conv2.u_loader._306_,51.045µm
m.u_conv2._0829_,51.02µm
m.u_conv3.u_weights._00196_,51.01µm
m.u_conv2.u_weights._076_,51µm
m.u_conv3._194_,51µm
m.u_conv3.u_weights._13727_,50.995µm
net1790,50.995µm
m.u_conv3.u_weights._12017_,50.985µm
net11,50.97µm
m.u_conv3.u_weights._02302_,50.89µm
m.u_conv2.u_loader._391_,50.885µm
m.u_conv3.u_weights._10922_,50.87µm
m.u_conv3.u_weights._11994_,50.85µm
m.u_tree._0520_,50.845µm
m.u_conv3.u_weights._08731_,50.83µm
m.u_conv2._1079_,50.82µm
m.u_conv3.u_weights._14528_,50.815µm
m.u_conv3.u_weights._13158_,50.805µm
m.u_conv3.u_weights._08711_,50.785µm
m.u_conv3.u_weights._09392_,50.74µm
m.u_conv3.u_weights._15298_,50.74µm
m.u_conv3.u_weights._14689_,50.73µm
net937,50.69µm
m.u_conv3.u_weights._00649_,50.67µm
m.u_conv3.u_weights._10405_,50.64µm
m.u_conv2._1031_,50.605µm
net3028,50.59µm
m.u_conv3.u_weights._11301_,50.58µm
m.u_conv2.u_weights._352_,50.55µm
m.u_conv3.u_weights._09062_,50.545µm
m.u_conv3.u_weights._04562_,50.52µm
net790,50.52µm
net379,50.51µm
m.u_conv2.linear_idx\[0\],50.47µm
m.u_conv3.u_weights._15533_,50.47µm
m.u_conv3.u_weights._13543_,50.445µm
m.u_conv1.u_weights._102_,50.43µm
m.u_conv3.u_weights._11326_,50.4µm
m.u_conv3.u_weights._11586_,50.37µm
m.u_conv3._086_,50.31µm
m.u_pool1.c_out\[3\],50.305µm
m.u_conv2.u_loader._344_,50.3µm
m.u_conv3.u_weights._15417_,50.28µm
m.u_conv1.u_weights._121_,50.265µm
m.u_conv3.u_weights._09986_,50.23µm
m.u_conv3.u_weights._11712_,50.19µm
m.u_conv1.u_loader._127_,50.18µm
m.u_conv3.u_weights._06244_,50.12µm
net1663,50.12µm
m.u_conv3.u_weights._00582_,50.1µm
m.u_conv3.u_weights._07137_,50.05µm
m.u_tree._0902_,50.04µm
m.u_conv3.u_weights._07852_,49.98µm
m.sram_req_conv1\[20\],49.965µm
m.mnist_done,49.95µm
m.u_conv3.u_weights._05617_,49.95µm
m.u_conv3.u_weights._09760_,49.89µm
m.u_conv3.u_weights._00641_,49.87µm
m.u_conv3.u_weights._07501_,49.86µm
net1726,49.835µm
m.u_conv3.u_weights._10597_,49.8µm
m.u_conv3.u_weights._13549_,49.76µm
m.u_conv3.u_weights._14673_,49.75µm
m.u_conv2.u_weights._270_,49.74µm
net2270,49.735µm
m.u_conv3.u_weights._03562_,49.69µm
m.u_conv3.u_weights._00899_,49.62µm
m.u_conv2.u_loader.byte_a_r\[5\],49.585µm
m.u_tree._1533_,49.585µm
m.u_conv3.u_weights._01947_,49.51µm
m.u_conv3.u_weights._10624_,49.505µm
m.u_conv2.u_weights._027_,49.48µm
m.u_tree._0469_,49.47µm
m.u_tree._1403_,49.46µm
m.u_conv1.u_loader._344_,49.455µm
m.u_conv2.u_weights._338_,49.455µm
m._076_,49.45µm
m.u_conv3.u_weights._01931_,49.38µm
m.u_conv3.u_weights._10797_,49.365µm
m.u_conv1._096_,49.32µm
net3035,49.32µm
m.u_conv3.u_weights._02538_,49.31µm
m.u_conv2.u_loader._087_,49.26µm
m.u_tree._0586_,49.26µm
m.u_conv2._0820_,49.21µm
m.u_tree._1384_,49.21µm
m.u_conv3.u_weights._12412_,49.2µm
m.u_conv3.u_weights._15735_,49.16µm
m.u_conv3.u_weights._04169_,49.15µm
m.u_conv3.u_weights._01379_,49.14µm
m.u_conv3.u_weights._05013_,49.14µm
m.u_conv3.u_weights._10834_,49.105µm
m._016_,49.075µm
m.u_conv3.u_weights._07214_,49.075µm
m.u_conv2._0836_,49.02µm
m.u_conv3.u_weights._12541_,48.98µm
m.u_conv3.u_weights._04599_,48.975µm
m.u_pool1._054_,48.97µm
m.u_pool1.bot_bit0\[2\],48.96µm
m.u_conv3.u_weights._02340_,48.92µm
m.u_pool1._075_,48.91µm
m.u_conv1._044_,48.905µm
m._000_,48.9µm
m.u_conv3.u_weights._01651_,48.86µm
m.u_conv3.u_weights._13045_,48.84µm
m.u_conv3.u_weights._05531_,48.79µm
m.u_tree._0444_,48.775µm
m.u_conv3.u_weights._11220_,48.73µm
m.u_conv3.u_weights._15355_,48.695µm
m._104_,48.69µm
m.u_conv2.u_weights._025_,48.67µm
m.u_tree._0104_,48.665µm
m.u_conv3.u_weights._15153_,48.61µm
m.u_conv2.u_weights._098_,48.575µm
m.u_conv2.u_weights._316_,48.57µm
m.u_conv2._0766_,48.55µm
net2258,48.55µm
m.u_conv2.u_loader._115_,48.54µm
m.u_conv3.u_weights._11048_,48.51µm
m.u_conv3.u_weights._14260_,48.48µm
m.u_conv3.u_weights._04048_,48.465µm
m.u_pool1.r_out\[3\],48.455µm
m.u_conv3.u_weights._07452_,48.405µm
m.u_conv3.u_weights._01351_,48.39µm
m.u_conv3.u_weights._01968_,48.36µm
m.u_conv3.u_weights._03829_,48.36µm
m.u_conv2.u_loader._075_,48.31µm
m.u_conv3.u_weights._01335_,48.31µm
net2243,48.31µm
m.u_pool1._189_,48.255µm
m.u_pool2._128_,48.25µm
m.u_conv3._200_,48.225µm
m.u_conv3.u_weights._09959_,48.21µm
m.u_conv3.u_weights._10035_,48.18µm
net1665,48.135µm
m.u_conv3.u_weights._00087_,48.13µm
m.u_conv3._180_,48.105µm
m.u_tree._1110_,47.98µm
net2841,47.96µm
m.u_conv2.u_loader._358_,47.955µm
m.u_conv3.u_weights._12682_,47.89µm
m.sram_req_conv1\[19\],47.88µm
m.u_conv3.u_weights._00354_,47.88µm
m.u_conv2.u_loader._273_,47.835µm
m.u_conv3.u_weights._03552_,47.83µm
m.u_conv3.u_weights._12058_,47.82µm
m.u_tree._1485_,47.82µm
m.u_tree._1056_,47.815µm
m.u_conv2.u_weights._104_,47.78µm
m.u_conv1.u_loader._371_,47.77µm
m.u_conv3.u_weights._03019_,47.77µm
m.u_pool1._059_,47.735µm
m.u_conv3.u_weights._05481_,47.73µm
m.u_conv3.u_weights._08575_,47.73µm
m.sram_req_pool2\[14\],47.71µm
m.u_tree._1186_,47.71µm
m.u_conv3.u_weights._05101_,47.695µm
m.u_conv1.u_loader._087_,47.65µm
m.u_conv3.u_weights._07466_,47.65µm
m.u_conv3.u_weights._10674_,47.65µm
m.u_tree._0146_,47.65µm
m.u_tree._0592_,47.65µm
m.u_conv3.u_weights._04087_,47.64µm
m.u_conv2._0634_,47.61µm
m.u_conv2.acc\[17\]\[5\],47.6µm
m.u_conv3.u_weights._10529_,47.59µm
m.u_conv3.u_weights._14525_,47.545µm
m.u_conv3._155_,47.53µm
m.u_conv3.u_weights._01638_,47.41µm
m.u_tree._1294_,47.41µm
m.u_conv3.u_weights._01206_,47.395µm
m.sram_req_conv1\[23\],47.31µm
m.u_conv2.u_loader._302_,47.3µm
m.u_conv2._0702_,47.28µm
m.u_conv2._0712_,47.275µm
m.u_tree._1551_,47.255µm
m.u_conv3.u_weights._08986_,47.225µm
m.u_conv2.u_loader.byte_a_r\[7\],47.22µm
m.u_tree._1409_,47.22µm
m.u_conv3.u_weights._11919_,47.2µm
m.u_conv3.u_weights._06975_,47.055µm
m.u_conv3.u_weights._15401_,47.01µm
m.u_conv3.u_weights._00964_,46.965µm
m.u_conv3.u_weights._14780_,46.93µm
m.u_conv2.u_loader._352_,46.925µm
m.u_conv3.u_weights._03502_,46.92µm
m.u_conv3.u_weights._12188_,46.825µm
m.u_conv3.u_weights._08181_,46.785µm
m.u_conv1.u_loader._115_,46.755µm
m.u_conv3.u_weights._04359_,46.71µm
m.u_conv3.u_weights._11061_,46.705µm
m.u_conv3.u_weights._00378_,46.69µm
m.u_conv1.u_loader._239_,46.63µm
m.u_conv3.u_weights._01003_,46.6µm
net797,46.6µm
m.u_conv3.u_weights._07540_,46.555µm
m.u_conv3.u_weights._08829_,46.54µm
m.u_conv2.u_weights._118_,46.535µm
m.u_conv3.u_weights._13803_,46.525µm
net353,46.46µm
m.u_conv3.u_weights._02786_,46.38µm
m.u_tree._0475_,46.335µm
m.u_conv3.u_weights._09736_,46.33µm
m.u_conv3.u_weights._08906_,46.26µm
m.u_conv3.u_weights._05232_,46.22µm
m.u_pool2._150_,46.22µm
m.u_pool2._101_,46.21µm
m.u_conv3.u_weights._07454_,46.18µm
m.u_conv3.u_weights._14396_,46.17µm
m.u_pool2.c_out\[3\],46.17µm
m.u_conv3.u_weights._01390_,46.155µm
m.u_conv3.u_weights._11563_,46.15µm
m.u_conv3.u_weights._10643_,46.09µm
m.u_conv3.u_weights._08788_,46.08µm
m.u_tree._0687_,46.08µm
m.u_conv2.u_loader.byte_a_r\[2\],46.055µm
m.u_conv3.u_weights._10370_,46.045µm
m.u_conv2._0550_,46.02µm
m.u_conv3.u_weights._07123_,46.02µm
m.u_tree._0754_,45.985µm
m.u_conv3.u_weights._00700_,45.96µm
m.u_conv3.u_weights._02746_,45.93µm
m.u_conv3.u_weights._15478_,45.92µm
m.u_conv2.conv_out3\[1\],45.9µm
m.u_conv3.u_weights._15268_,45.9µm
m.u_conv3.u_weights._08233_,45.885µm
m.u_conv3.u_weights._12437_,45.885µm
m.u_conv3.u_weights._01004_,45.87µm
m.u_conv3.u_weights._07395_,45.85µm
m.u_conv2._1207_,45.825µm
m.u_conv3.u_weights._14651_,45.8µm
m.u_tree._0391_,45.74µm
m._036_,45.72µm
m.u_conv1.u_weights._046_,45.675µm
m.u_conv3.u_weights._14305_,45.665µm
m.u_conv3.u_weights._04874_,45.66µm
m.u_conv3.u_weights._03988_,45.63µm
m.u_conv3.u_weights._04710_,45.62µm
m.u_conv2._0818_,45.61µm
m.u_conv3.u_weights._04607_,45.6µm
m.u_conv3.u_weights._01099_,45.54µm
m.u_conv3.u_weights._08153_,45.54µm
m.u_conv3.u_weights._05326_,45.5µm
m.u_conv3.u_weights._14770_,45.475µm
m.u_conv2._1035_,45.445µm
m.u_conv3.u_weights._00073_,45.42µm
m.u_tree._1335_,45.41µm
m.u_tree._0965_,45.37µm
m.u_conv3.u_weights._13556_,45.36µm
m.u_tree._0236_,45.355µm
m.u_conv3.u_weights._11177_,45.33µm
m.u_conv3.u_weights._05838_,45.315µm
m.u_conv2.u_loader._426_,45.31µm
m.u_conv3.u_weights._04012_,45.295µm
m.u_conv2.u_weights._340_,45.28µm
m.u_conv2.u_loader._058_,45.25µm
m.u_conv3.u_weights._10865_,45.25µm
m.u_conv3.u_weights._04119_,45.24µm
m.u_conv3.u_weights._13905_,45.19µm
m.u_conv3.u_weights._15535_,45.115µm
m.u_tree._0237_,45.115µm
m.u_tree._0587_,45.06µm
m.u_conv3.u_weights._13401_,45.03µm
m.u_conv3.u_weights._14897_,44.925µm
m.u_tree._0392_,44.9µm
m.u_tree._0814_,44.89µm
m.u_conv3.u_weights._13503_,44.84µm
m.u_conv3.u_weights._09210_,44.82µm
net1814,44.775µm
m.u_conv3.u_weights._03560_,44.77µm
m.u_conv2.u_loader._335_,44.76µm
m.u_conv3.u_weights._00992_,44.745µm
m.u_conv3.u_weights._14224_,44.73µm
m.u_conv3.state\[3\],44.7µm
m.u_conv3.u_weights._04801_,44.7µm
m.u_conv3.u_weights._09663_,44.675µm
m.u_tree._1351_,44.64µm
net1698,44.61µm
m.u_conv3.u_weights._11738_,44.59µm
m.u_pool1._175_,44.58µm
m.u_conv3.u_weights._08993_,44.53µm
m.u_conv3.u_weights._11318_,44.53µm
m.u_conv3.u_weights._11350_,44.5µm
m.u_conv2._0806_,44.47µm
m.u_conv3.u_weights._00347_,44.465µm
m.u_conv3.u_weights._10654_,44.445µm
m.u_conv3.u_weights._08663_,44.44µm
m.u_conv3.u_weights._14869_,44.44µm
m.u_conv3.u_weights._09252_,44.42µm
m.u_conv2.u_loader._267_,44.405µm
m.u_conv2.u_weights._018_,44.375µm
m.u_tree._1051_,44.35µm
m.u_conv1.u_loader._206_,44.345µm
m.u_conv3.u_weights._01675_,44.315µm
m.u_conv3.u_weights._05142_,44.29µm
m.u_conv3.u_weights._14530_,44.29µm
m.u_tree._1282_,44.28µm
m.u_conv3.u_weights._07726_,44.22µm
m.u_conv3.u_weights._11948_,44.16µm
m.u_pool1._076_,44.16µm
m.u_conv3.u_weights._02514_,44.125µm
m.u_conv3.u_weights._00661_,44.1µm
m.u_conv3.u_weights._08756_,44.085µm
m.u_conv3.u_weights._00606_,44.02µm
m.u_conv1.u_loader._219_,44.01µm
m.u_pool2.co\[0\],44.01µm
m.u_conv3.u_weights._03011_,44µm
m.u_conv3.u_weights._07094_,43.94µm
m.u_conv3.u_weights._03334_,43.93µm
m.u_pool1._226_,43.92µm
net1762,43.88µm
m.u_conv3.u_weights._11341_,43.87µm
m.u_conv3.u_weights._11357_,43.87µm
m.u_conv3.u_weights._05359_,43.86µm
m.u_conv3.u_weights._08799_,43.845µm
m.u_conv3.u_weights._01905_,43.835µm
m.u_conv3.u_weights._03228_,43.825µm
m.u_tree._0768_,43.81µm
m.u_conv1.u_weights._158_,43.8µm
m.u_conv3.u_weights._10251_,43.76µm
net2260,43.7µm
m.u_conv3.u_weights._04509_,43.69µm
m.u_conv3.u_weights._12771_,43.69µm
m.u_conv3.u_weights._08815_,43.68µm
m.u_tree._0558_,43.68µm
m.u_tree._1235_,43.68µm
m.u_conv3.u_weights._14067_,43.675µm
m.u_conv3.u_weights._05394_,43.665µm
net1757,43.645µm
m.u_conv1.u_loader.state\[3\],43.64µm
m.u_conv3.u_weights._14933_,43.625µm
m.u_conv1.u_loader._049_,43.615µm
m.u_conv3.u_weights._00609_,43.59µm
m.u_conv3.u_weights._09108_,43.545µm
m.u_conv1.u_weights._043_,43.54µm
m.u_conv3.u_weights._03840_,43.525µm
net1690,43.52µm
m.u_conv3.u_weights._05193_,43.5µm
m.u_conv3.u_weights._09557_,43.5µm
m._068_,43.45µm
m.u_conv3.u_weights._07565_,43.44µm
m.u_conv3.u_weights._02255_,43.4µm
m.u_conv3.u_weights._15300_,43.39µm
m.u_tree._1047_,43.34µm
m.u_conv2._0700_,43.33µm
m.u_tree._0848_,43.32µm
m.u_conv3.u_weights._13186_,43.315µm
m.u_tree._0488_,43.31µm
m.u_conv3.u_weights._01423_,43.29µm
m.u_conv3.u_weights._08386_,43.285µm
m.u_conv2._0852_,43.27µm
m.u_conv3.u_weights._01185_,43.26µm
m.u_conv3.u_weights._03250_,43.24µm
m.u_conv3.u_weights._11168_,43.2µm
m.u_conv2.u_weights._381_,43.16µm
m.u_conv3.u_weights._12488_,43.09µm
m.u_conv3.u_weights._03327_,43.08µm
m.u_conv3.u_weights._06236_,43.075µm
m.u_tree._0478_,43.065µm
m.u_conv2.u_loader._217_,43.035µm
m.u_conv3.u_weights._05349_,43.02µm
m.u_conv3.u_weights._12196_,43.015µm
m.u_pool1.r_out\[2\],43.005µm
m.u_conv3.u_weights._06935_,42.97µm
m.u_conv3.u_weights._07434_,42.97µm
m.u_conv3.u_weights._14946_,42.97µm
m.u_conv3.u_weights._00497_,42.96µm
m.u_conv3.u_weights._02856_,42.96µm
m.u_conv3.u_weights._13855_,42.96µm
m.u_conv3.u_weights._03442_,42.91µm
net820,42.9µm
m.u_conv3.u_weights._07593_,42.865µm
m.u_conv3.u_weights._07251_,42.86µm
m.u_tree._1215_,42.86µm
m.u_conv2.buffer_reg\[17\],42.85µm
m.u_conv3.u_weights._14935_,42.85µm
m.u_pool2._114_,42.85µm
m.u_conv2._0978_,42.835µm
m.u_conv2.u_weights._043_,42.835µm
net2918,42.765µm
m.u_tree._0769_,42.75µm
m.u_pool2.co\[3\],42.73µm
m.u_conv3.u_weights._08040_,42.685µm
m.u_conv3.u_weights._03868_,42.67µm
m.u_conv3.u_weights._14249_,42.67µm
m.u_tree._0388_,42.67µm
m.u_conv1.u_loader._121_,42.655µm
m.u_conv3.u_weights._13880_,42.63µm
m.u_tree._0635_,42.61µm
m.u_pool1._064_,42.605µm
m.u_conv3.u_weights._01346_,42.56µm
m.u_conv3.u_weights._01391_,42.56µm
m.u_conv3.u_weights._04196_,42.54µm
m.u_conv3.u_weights._00145_,42.525µm
m.u_conv3.u_weights._10633_,42.475µm
m.u_tree._1166_,42.425µm
net1651,42.42µm
m.u_conv3.u_weights._11745_,42.415µm
m.u_conv3.u_weights._08469_,42.41µm
net338,42.395µm
m.u_conv3.u_weights._00575_,42.39µm
m.u_conv3.u_weights._12456_,42.385µm
m.u_conv3.u_weights._05269_,42.305µm
m.u_conv3.u_weights._15150_,42.305µm
m.sram_addr_o\[1\],42.3µm
m.u_conv1._040_,42.295µm
m.u_tree._1277_,42.285µm
m.u_conv2.buffer_reg\[10\],42.25µm
net2222,42.245µm
m.u_conv3.u_weights._01070_,42.24µm
m.u_conv3.u_weights._10786_,42.235µm
m.u_tree._1009_,42.205µm
m.u_pool1._096_,42.185µm
m.u_conv3.u_weights._14823_,42.155µm
m.u_conv3.u_weights._08635_,42.13µm
m.u_pool1._219_,42.12µm
m.u_pool2._160_,42.06µm
m.u_conv3.u_weights._14938_,42.045µm
m.sram_req_pool2\[17\],42.01µm
m.u_tree._0620_,42.01µm
net2228,42.01µm
m.u_conv3.u_weights._00359_,42µm
m._097_,41.98µm
m.u_conv3.u_weights._02927_,41.97µm
m.u_conv3.u_weights._12548_,41.95µm
m.u_conv3.u_weights._04052_,41.94µm
m.u_conv2.u_weights._236_,41.925µm
m.u_tree._1031_,41.905µm
m.u_conv3.u_weights._00906_,41.89µm
m.u_conv3.u_weights._12512_,41.89µm
m.u_conv3.u_weights._13568_,41.83µm
m.u_conv3.u_weights._11585_,41.78µm
m.u_conv3.u_weights._09011_,41.77µm
m.u_conv3.u_weights._11642_,41.76µm
m.u_conv3.u_weights._13983_,41.71µm
m.u_conv3.u_weights._07263_,41.705µm
m.u_conv2.u_weights._032_,41.675µm
m.u_conv2.u_loader._288_,41.66µm
m.u_conv3.u_weights._08924_,41.645µm
m.u_conv3.u_weights._04055_,41.64µm
m.u_conv3.u_weights._07358_,41.605µm
m.u_conv1.u_loader._284_,41.595µm
m.u_tree._0654_,41.59µm
m.u_tree._1245_,41.59µm
m.sram_req_conv2\[4\],41.58µm
m.u_conv3.u_weights._03324_,41.575µm
net795,41.55µm
m.u_conv3.u_weights._01124_,41.52µm
m.u_conv1._187_,41.515µm
m.sram_req_pool2\[25\],41.47µm
m.u_conv3.u_weights._05097_,41.47µm
m.u_conv3.u_weights._01910_,41.46µm
m.u_conv3.u_weights._10765_,41.455µm
m.u_conv3.u_weights._09870_,41.43µm
m.u_conv3.u_weights._11238_,41.43µm
m.u_conv3.u_weights._09426_,41.42µm
m.u_conv3.u_weights._05656_,41.35µm
m.u_conv3.u_weights._08901_,41.34µm
m.u_conv3.u_weights._04153_,41.335µm
m.u_conv3.u_weights._07170_,41.29µm
m.u_conv1.u_loader._302_,41.28µm
m.u_conv2.u_weights._035_,41.27µm
m.u_conv2._1032_,41.23µm
m.u_conv3.u_weights._03614_,41.22µm
m.u_conv3.u_weights._02700_,41.175µm
net312,41.17µm
m.u_tree._1068_,41.155µm
m._108_,41.13µm
m.u_conv3.u_weights._00745_,41.08µm
m.u_conv2._0958_,41.01µm
m.u_conv3.u_weights._12678_,40.995µm
m.u_conv2.u_loader._392_,40.965µm
net1804,40.965µm
m.u_conv1.u_loader._306_,40.925µm
m.u_pool1._032_,40.925µm
m._113_,40.92µm
m.u_mnist_loader._17_,40.92µm
m.u_conv3.u_weights._01026_,40.89µm
m.u_conv3.u_weights._00965_,40.87µm
m.u_conv1._147_,40.81µm
m.u_conv3.u_weights._14371_,40.81µm
m.u_conv3.u_weights._14529_,40.81µm
m.u_tree._0634_,40.81µm
m.u_conv3.u_weights._14360_,40.8µm
m.u_conv3.u_weights._03450_,40.785µm
m.u_conv3.u_weights._06700_,40.785µm
m.u_conv3.u_weights._04654_,40.74µm
m.u_conv3.u_weights._04699_,40.74µm
m.u_conv3.u_weights._08673_,40.74µm
m.u_conv3.u_weights._15303_,40.715µm
m.u_tree._0985_,40.7µm
m.u_conv3.u_weights._14222_,40.68µm
m.u_conv3.u_weights._11067_,40.66µm
m.u_conv3.u_weights._10231_,40.65µm
m.u_tree._1005_,40.63µm
m.u_conv3.u_weights._13857_,40.605µm
m.u_conv3.u_weights._03755_,40.58µm
net1655,40.575µm
m._071_,40.57µm
m.u_conv3.u_weights._11439_,40.57µm
m.u_pool1._045_,40.55µm
net1679,40.54µm
m.u_conv1.u_loader._379_,40.51µm
m.u_conv3.u_weights._00551_,40.5µm
m.u_conv2.u_weights._185_,40.485µm
m.u_conv3.u_weights._07799_,40.48µm
net771,40.47µm
m.u_tree._0430_,40.465µm
m.u_pool1._131_,40.44µm
m.u_conv3.u_weights._09261_,40.425µm
m.u_conv3.u_weights._13461_,40.38µm
m.u_conv1._161_,40.375µm
m.u_conv3.u_weights._05762_,40.375µm
m.u_conv3.u_weights._03835_,40.35µm
m.u_tree._0607_,40.345µm
m.u_conv3.u_weights._07109_,40.335µm
m.u_conv3.u_weights._04151_,40.33µm
net3063,40.32µm
m.u_conv3.u_weights._14652_,40.315µm
m.u_conv1.u_weights._157_,40.26µm
m.u_conv2._0587_,40.26µm
m.u_conv3.u_weights._12284_,40.26µm
m.u_conv3.u_weights._15049_,40.26µm
m.u_pool1._141_,40.24µm
m.u_conv3.u_weights._00711_,40.23µm
m.u_conv3.u_weights._15722_,40.225µm
m.u_conv3.u_weights._06012_,40.215µm
m.u_conv3.u_weights._03545_,40.2µm
m.u_conv3.u_weights._06176_,40.2µm
m.u_tree._0245_,40.18µm
net3027,40.16µm
m.u_conv3.u_weights._12433_,40.15µm
m.u_conv3.u_weights._15442_,40.15µm
m.u_conv3.u_weights._00432_,40.05µm
m.u_conv3.u_weights._03793_,40.04µm
m.u_tree._0233_,40.025µm
m.u_conv3.u_weights._11603_,39.99µm
m._084_,39.97µm
m.u_conv3.u_weights._03259_,39.97µm
m.u_conv3.u_weights._05345_,39.97µm
m.u_conv3.u_weights._05213_,39.96µm
m.u_conv3.u_weights._08071_,39.96µm
m.u_conv3.u_weights._02765_,39.94µm
m.u_conv3.u_weights._11442_,39.91µm
m.u_conv3.u_weights._11499_,39.9µm
m.u_conv3.u_weights._03883_,39.875µm
m.u_tree._0544_,39.86µm
m.u_conv2.acc\[24\]\[5\],39.85µm
m.u_conv3.u_weights._06175_,39.85µm
m.u_conv3.u_weights._10147_,39.85µm
net3024,39.845µm
m.u_conv3.u_weights._00942_,39.84µm
m.u_conv2.load_ptr\[4\],39.82µm
m.u_conv2.load_ptr\[5\],39.775µm
m.u_conv3.u_weights._08499_,39.765µm
m.u_conv2.u_loader._160_,39.755µm
m.u_conv3.u_weights._04004_,39.74µm
m.u_conv1.u_loader._265_,39.72µm
m.u_conv3.u_weights._07659_,39.72µm
m.u_conv3.u_weights._10514_,39.72µm
m.u_conv3.u_weights._13679_,39.69µm
m.u_conv3.u_weights._04202_,39.67µm
m.u_conv3.u_weights._04526_,39.655µm
m.u_conv3.u_weights._05713_,39.61µm
net448,39.605µm
m.u_tree._0370_,39.595µm
m.u_conv3.u_weights._01000_,39.56µm
m.u_conv3.u_weights._01711_,39.55µm
m.u_conv3.u_weights._04930_,39.55µm
net2806,39.54µm
m.u_conv3.u_weights._00783_,39.525µm
m.u_conv3.u_weights._03160_,39.49µm
m.u_conv3.u_weights._10113_,39.49µm
m.u_conv3.u_weights._09543_,39.48µm
m.u_tree._0640_,39.48µm
m.u_conv3.u_weights._14016_,39.475µm
m.u_pool1._126_,39.445µm
m.u_conv1.u_loader._269_,39.4µm
m.u_conv3.u_weights._13581_,39.39µm
m.u_conv3.u_weights._10339_,39.38µm
m.u_conv1.u_loader._204_,39.37µm
m.u_conv3.u_weights._03017_,39.37µm
m.u_conv3.u_weights._00968_,39.36µm
m.u_conv3.u_weights._05448_,39.36µm
m.u_tree._0562_,39.36µm
m.u_conv3.u_weights._12474_,39.32µm
m.u_conv2._1102_,39.31µm
m.u_conv2.u_weights._330_,39.31µm
m.u_conv3.u_weights._07980_,39.31µm
m.u_tree._0381_,39.3µm
m.u_tree._1476_,39.26µm
m.u_conv3.u_weights._07767_,39.25µm
m.u_conv2.u_loader._183_,39.24µm
m.u_conv3.u_weights._08750_,39.22µm
m.u_conv3.u_weights._13704_,39.21µm
m.u_conv2.load_ptr\[2\],39.155µm
m.u_conv3.u_weights._13077_,39.15µm
m._025_,39.12µm
m.u_conv2._0636_,39.12µm
m.u_conv3.u_weights._05442_,39.12µm
m.u_conv3.u_weights._11975_,39.105µm
m.u_conv2.acc\[46\]\[5\],39.085µm
m.u_conv2.u_weights._173_,39.08µm
m.u_conv3.u_weights._07984_,39.08µm
m.u_conv2._0554_,39.06µm
m.u_conv3.u_weights._12521_,39.055µm
m.u_conv2.u_loader._389_,39.05µm
m.u_conv3.u_weights._02512_,39.05µm
m.u_conv3.u_weights._02566_,39.03µm
m.u_conv3.u_weights._14903_,39.01µm
m.u_conv3.u_weights._03561_,39µm
m.u_conv3.u_weights._04238_,39µm
m.u_conv3.u_weights._08936_,38.995µm
m.u_tree._0144_,38.995µm
m.u_conv3.u_weights._09838_,38.97µm
net2830,38.965µm
m.u_conv1._111_,38.955µm
m.u_conv2.u_loader.state\[3\],38.95µm
m.u_conv2.u_weights._369_,38.95µm
m.u_conv2.state\[1\],38.91µm
m.u_conv3.u_weights._15569_,38.9µm
m.u_conv3.u_weights._02681_,38.89µm
m.u_conv3.u_weights._10608_,38.89µm
m.u_conv2.u_weights._226_,38.87µm
m.u_conv3.u_weights._07186_,38.825µm
m.u_conv3.u_weights._05872_,38.82µm
m.u_conv3.u_weights._08975_,38.77µm
m.u_conv3.u_weights._12825_,38.76µm
m.u_conv3.u_weights._11810_,38.755µm
m.u_conv3.u_weights._12380_,38.745µm
m.u_pool1._089_,38.73µm
net2903,38.72µm
m.u_conv3.u_weights._01439_,38.68µm
m.u_conv3.u_weights._11071_,38.645µm
m.u_conv1._084_,38.62µm
m.u_conv3.u_weights._14098_,38.62µm
m.u_conv3.u_weights._06008_,38.61µm
m.u_conv3.u_weights._12550_,38.59µm
m.u_conv3.u_weights._07841_,38.58µm
m.sram_req_conv3\[25\],38.535µm
m.u_conv3.u_weights._05890_,38.535µm
m.u_conv3.u_weights._02493_,38.53µm
m.u_conv3.u_weights._11687_,38.52µm
m.u_conv3.u_weights._09443_,38.48µm
m.u_conv3.u_weights._09555_,38.46µm
m.u_conv1.buffer_reg\[5\],38.41µm
m.u_conv3.u_weights._01187_,38.39µm
m.u_conv3.u_weights._15585_,38.37µm
m.u_conv3.u_weights._14146_,38.33µm
net3007,38.305µm
m.u_pool2._090_,38.29µm
m.u_conv3.u_weights._01219_,38.26µm
m.u_conv3.u_weights._02002_,38.215µm
m.u_conv1._166_,38.17µm
m.u_conv3.u_weights._15086_,38.17µm
m.u_conv3.u_weights._09233_,38.16µm
m.u_conv1._193_,38.13µm
m.u_conv1.u_loader._359_,38.1µm
m.u_conv3.u_weights._11182_,38.07µm
m.u_conv1.u_loader._217_,38.045µm
m.u_conv3.u_weights._01885_,38.01µm
m.u_conv3.u_weights._11863_,38.01µm
m.u_conv3.u_weights._05318_,38µm
m.u_conv1.u_loader._394_,37.985µm
m.sram_req_conv1\[21\],37.98µm
m.u_conv3.u_weights._06822_,37.98µm
m.sram_req_pool2\[8\],37.945µm
m.u_conv3.u_weights._01332_,37.93µm
m.u_conv3.u_weights._15107_,37.92µm
m.u_conv3.u_weights._11248_,37.89µm
m.u_tree._0629_,37.82µm
m.u_conv2.u_weights._056_,37.81µm
m.u_conv1.row_out\[1\],37.8µm
net33,37.785µm
m.u_conv3.u_weights._02599_,37.77µm
m.u_conv3.u_weights._09088_,37.75µm
net2311,37.74µm
m.u_conv3.u_weights._07292_,37.72µm
m.u_conv3.u_weights._00055_,37.68µm
m.u_conv3.u_weights._04108_,37.68µm
m.u_conv3.u_weights._13002_,37.68µm
m.u_tree._1189_,37.68µm
m.u_conv1.u_loader._395_,37.67µm
m.u_conv2.u_weights._401_,37.62µm
m.u_conv3.u_weights._14892_,37.615µm
m.u_conv3.u_weights._07572_,37.58µm
m.u_conv3.u_weights._09712_,37.58µm
m.u_conv3.u_weights._05756_,37.57µm
m.u_conv3.u_weights._06951_,37.57µm
m.u_conv3.u_weights._10066_,37.57µm
m.u_pool1._048_,37.57µm
m.u_tree._0479_,37.54µm
m.u_conv3.u_weights._12442_,37.52µm
m.u_conv3.u_weights._10900_,37.47µm
m.u_conv3.u_weights._05390_,37.465µm
m.u_conv2.u_weights._110_,37.45µm
m.u_conv3.u_weights._10097_,37.44µm
m.u_tree._1200_,37.41µm
m.u_conv3.u_weights._05750_,37.4µm
m.u_conv3.u_weights._04645_,37.39µm
m.u_conv3.u_weights._07905_,37.39µm
m.u_conv2.u_loader._172_,37.36µm
m.u_conv3.u_weights._06737_,37.355µm
m.u_tree._0034_,37.35µm
m.u_conv3.u_weights._08526_,37.32µm
m.u_conv3.u_weights._00905_,37.3µm
m.u_conv3.u_weights._07232_,37.28µm
m.u_conv3.u_weights._02783_,37.27µm
net1675,37.245µm
m.u_tree._0959_,37.24µm
m.u_conv3.u_weights._15593_,37.21µm
m.u_conv3.u_weights._12965_,37.18µm
m.u_conv2.u_weights._197_,37.16µm
m.u_conv3.u_weights._00658_,37.16µm
m.u_conv2._0632_,37.15µm
m.u_conv3.u_weights._09503_,37.14µm
m.u_conv3.u_weights._03464_,37.13µm
m.u_pool2._048_,37.125µm
m.u_conv3.u_weights._02968_,37.12µm
m.u_conv1._150_,37.1µm
m.u_conv2.u_weights._085_,37.095µm
m.u_conv3.u_weights._13317_,37.095µm
m.u_conv3.u_weights._10691_,37.09µm
m.u_conv3.u_weights._10945_,37.065µm
m.u_conv3.u_weights._13680_,37.065µm
m._107_,37.035µm
m.u_conv3.u_weights._12905_,37.035µm
m.u_conv3.u_weights._11647_,37.015µm
net2965,37.015µm
m.u_conv3.u_weights._03838_,36.995µm
m.u_tree._0503_,36.97µm
m.u_conv3.u_weights._04286_,36.96µm
m.u_conv3.u_weights._09521_,36.96µm
m.u_tree._1020_,36.92µm
m.u_conv3.u_weights._01441_,36.91µm
m.u_conv2._1097_,36.9µm
m.u_conv2._0622_,36.89µm
m.u_conv3.u_weights._05490_,36.87µm
m.u_conv3.u_weights._08455_,36.845µm
m._051_,36.84µm
net2231,36.825µm
m.u_pool1._187_,36.8µm
net3042,36.79µm
m.u_conv3.u_weights._08401_,36.74µm
m.u_conv3.u_weights._13856_,36.74µm
m.u_conv3.u_weights._15019_,36.74µm
m.u_conv3.u_weights._14391_,36.73µm
m.u_conv2._0720_,36.685µm
m.u_conv3.u_weights._14756_,36.68µm
m.u_conv3.u_weights._05823_,36.67µm
m.u_conv3.u_weights._08481_,36.67µm
m.u_conv2.u_weights._274_,36.66µm
net371,36.63µm
m.u_pool1._094_,36.61µm
m.u_tree._0374_,36.55µm
m.u_conv3.u_weights._03002_,36.54µm
m.u_tree._0619_,36.54µm
m.u_pool2._147_,36.535µm
m.u_conv3.u_weights._08364_,36.49µm
m.u_conv3.u_weights._04702_,36.48µm
m.u_tree._1046_,36.475µm
m.u_conv3.u_weights._05771_,36.45µm
m.u_conv3.u_weights._11469_,36.445µm
net2792,36.445µm
m.u_tree._0143_,36.43µm
m.u_conv2._1023_,36.42µm
m.u_conv3.u_weights._03313_,36.415µm
m.sram_addr_o\[0\],36.41µm
m.u_conv3.u_weights._01616_,36.405µm
m.u_conv3.u_weights._07320_,36.4µm
m.u_conv2._1043_,36.395µm
m.u_conv3.u_weights._01536_,36.385µm
m.u_conv3.u_weights._14086_,36.385µm
m.u_conv2.u_loader._131_,36.38µm
m.u_conv2._0751_,36.37µm
m.u_tree._0160_,36.36µm
m.u_conv3.u_weights._04907_,36.35µm
m.u_tree._0916_,36.3µm
m.u_conv3.u_weights._07381_,36.25µm
m.u_pool2._041_,36.25µm
m.u_tree._0732_,36.25µm
m.u_conv3.u_weights._04123_,36.24µm
m.u_conv3.u_weights._08498_,36.24µm
m.u_conv3.u_weights._13728_,36.2µm
m.u_conv3.u_weights._15198_,36.195µm
m.u_conv3.u_weights._08552_,36.19µm
m.u_conv3.u_weights._05210_,36.18µm
m.u_conv3.u_weights._12484_,36.145µm
m.u_tree._0368_,36.145µm
m.u_conv3.u_weights._00503_,36.14µm
m.u_conv3.u_weights._14775_,36.13µm
m.u_pool1._056_,36.105µm
m.u_conv1.state\[1\],36.09µm
m.u_conv3.u_weights._12445_,36.08µm
m.u_conv2.u_loader._202_,36.03µm
net3018,36.01µm
m.u_tree._0149_,35.995µm
m.u_conv3.u_weights._04829_,35.97µm
m.u_pool1._080_,35.965µm
m.u_conv2.u_loader._035_,35.96µm
net1730,35.915µm
m.u_tree._1224_,35.89µm
m.u_conv3.u_weights._14521_,35.88µm
m.u_conv3.u_weights._07526_,35.875µm
m.u_conv3.u_weights._09956_,35.82µm
m.u_conv3.u_weights._01274_,35.815µm
m.u_conv2._0928_,35.78µm
m.u_conv2.u_weights._180_,35.77µm
m.u_conv3.u_weights._01072_,35.72µm
m.u_mnist_loader._14_,35.715µm
m._069_,35.7µm
m.u_conv3.u_weights._10112_,35.685µm
m.u_conv3.u_weights._03718_,35.66µm
m.u_conv3.u_weights._06092_,35.65µm
m.u_conv3.u_weights._12076_,35.65µm
m.u_tree._0875_,35.65µm
m.u_conv2.u_weights._333_,35.645µm
m._028_,35.64µm
m.u_conv3.u_weights._05253_,35.64µm
m.u_conv2.u_weights._008_,35.61µm
m.u_conv3.u_weights._05174_,35.61µm
m.u_conv1.u_loader._152_,35.6µm
m.u_pool1._077_,35.58µm
m.u_conv2._0941_,35.575µm
m.u_conv3.u_weights._00926_,35.53µm
m.u_conv3.u_weights._00972_,35.53µm
m.u_conv2._0680_,35.52µm
m.u_conv3.u_weights._01527_,35.52µm
m.u_pool1._233_,35.515µm
net374,35.49µm
m.u_conv2._1078_,35.485µm
m.u_conv3.u_weights._08387_,35.47µm
m.u_conv3.u_weights._11593_,35.445µm
m.u_conv3.u_weights._15367_,35.4µm
m.u_conv2._0597_,35.395µm
m.u_conv3.u_weights._05041_,35.365µm
m.u_conv3.u_weights._12004_,35.36µm
m.u_conv3.u_weights._12430_,35.35µm
m.u_conv3.u_weights._03630_,35.3µm
m.u_conv3.u_weights._01925_,35.29µm
m.u_conv3.u_weights._02541_,35.29µm
m.u_tree._0504_,35.29µm
m.u_conv3.u_weights._07021_,35.28µm
m.u_tree._1276_,35.275µm
m.u_conv3.u_weights._11631_,35.265µm
m.u_conv3.u_weights._06454_,35.24µm
m.u_conv2.u_loader._191_,35.19µm
m.u_conv3.u_weights._02299_,35.18µm
m.u_conv3.u_weights._08647_,35.18µm
m.sram_req_mnist\[9\],35.175µm
m.u_conv3.u_weights._05367_,35.17µm
m.u_tree._0854_,35.17µm
m.u_tree._1117_,35.17µm
m.u_conv3.u_weights._09115_,35.155µm
m.u_conv3.u_weights._05186_,35.12µm
m.u_conv3.u_weights._11765_,35.12µm
m.u_conv3.u_weights._11396_,35.115µm
m.u_conv3.u_weights._05849_,35.105µm
m.u_conv2._0782_,35.1µm
m.u_conv3.u_weights._04957_,35.1µm
m.u_conv2.u_loader._209_,35.095µm
m.u_conv3.u_weights._03117_,35.095µm
m.u_conv3.u_weights._01810_,35.055µm
m.u_conv3.u_weights._06690_,35.05µm
m.u_conv3.u_weights._13770_,35.05µm
m.u_pool2._151_,35.045µm
m.u_conv3.u_weights._06801_,35.04µm
m.u_conv3.u_weights._14410_,34.995µm
net2330,34.99µm
m.u_conv2._0598_,34.955µm
m.u_conv3.u_weights._03307_,34.94µm
m.u_conv3.u_weights._00305_,34.93µm
m.sram_req_conv2\[13\],34.92µm
m.u_conv3.u_weights._00289_,34.92µm
m.u_tree._1207_,34.9µm
m.u_conv3.u_weights._08169_,34.87µm
net3069,34.87µm
m.u_conv3.u_weights._01197_,34.83µm
m.u_tree._1347_,34.82µm
m.u_conv3.u_weights._01010_,34.795µm
m.u_conv1.u_loader._346_,34.75µm
m.u_conv2.u_loader._416_,34.735µm
m.u_conv3.u_weights._12419_,34.735µm
m.u_conv3.u_weights._13054_,34.725µm
m.u_conv3.u_weights._11392_,34.72µm
m.u_conv3.u_weights._04882_,34.715µm
m.u_tree._0649_,34.705µm
m.u_conv3.u_weights._01680_,34.7µm
m.u_tree._1250_,34.7µm
m.u_conv3.u_weights._06041_,34.69µm
m.u_conv3.u_weights._08706_,34.69µm
m.u_conv3.u_weights._11570_,34.69µm
m.u_conv3.u_weights._14752_,34.69µm
m.u_conv2.u_loader._339_,34.68µm
m.u_conv3.u_weights._09349_,34.68µm
m.u_conv3.u_weights._05293_,34.675µm
m.u_conv3.u_weights._01917_,34.66µm
m.u_conv3.u_weights._05948_,34.605µm
m.u_conv3.u_weights._06756_,34.59µm
m.u_conv3.u_weights._14576_,34.59µm
m.u_tree._0377_,34.59µm
m.u_pool1.state\[5\],34.51µm
m.u_conv3.u_weights._06217_,34.46µm
m.u_conv3.u_weights._12014_,34.45µm
m.u_conv3.u_weights._04575_,34.44µm
m.u_conv3.u_weights._10207_,34.44µm
m.u_conv3.u_weights._15613_,34.435µm
m.u_tree._1308_,34.42µm
m.u_conv3.u_weights._03466_,34.4µm
m.u_tree._0311_,34.4µm
m.u_conv3.u_weights._10151_,34.36µm
m.u_conv3.u_weights._01018_,34.35µm
m.u_conv3.u_weights._08370_,34.345µm
m.u_conv3.u_weights._14671_,34.335µm
m.u_conv2._0657_,34.33µm
m.u_conv3.u_weights._12440_,34.33µm
m.u_conv3.u_weights._05122_,34.325µm
m.u_tree._0835_,34.275µm
m.u_conv2.acc\[47\]\[4\],34.27µm
m.u_conv2._0548_,34.26µm
m.u_conv3.u_weights._06772_,34.26µm
m.u_conv3.u_weights._05705_,34.205µm
m.u_conv2._0857_,34.2µm
m.u_conv1._179_,34.145µm
m.u_conv3.u_weights._00153_,34.14µm
m.u_conv3.u_weights._06767_,34.14µm
m._116_,34.09µm
m.u_conv3.u_weights._04728_,34.09µm
m.u_pool1._038_,34.085µm
m.u_tree._0491_,34.08µm
m.u_conv3.u_weights._10067_,34.05µm
m.u_conv3.u_weights._14773_,34.05µm
m.sram_req_conv1\[2\],34.04µm
m.u_conv3.u_weights._10925_,34.02µm
m.u_conv3.u_weights._05687_,33.99µm
m.u_conv3.u_weights._12912_,33.975µm
m.u_tree._0397_,33.97µm
m.u_conv1._154_,33.93µm
m.u_conv3.u_weights._01104_,33.93µm
m.u_conv3.u_weights._07808_,33.9µm
m.u_conv3.u_weights._13239_,33.9µm
m.u_conv3.u_weights._04718_,33.86µm
m.u_conv1.u_loader._262_,33.85µm
m.u_conv2._0699_,33.85µm
m.u_tree._0550_,33.85µm
m.u_conv3.u_weights._04240_,33.84µm
m.u_conv3.u_weights._06137_,33.84µm
m.u_conv3.u_weights._10841_,33.84µm
m.u_conv3.u_weights._11783_,33.84µm
m.u_conv3.u_weights._13166_,33.79µm
m.u_conv3.u_weights._07055_,33.78µm
m.u_conv3.u_weights._05233_,33.75µm
m.u_conv3.u_weights._03543_,33.745µm
m.u_conv3.u_weights._06248_,33.74µm
m.u_conv3.u_weights._04723_,33.73µm
m.u_conv3.u_weights._11287_,33.73µm
m.u_conv3.u_weights._11451_,33.73µm
m.u_conv3.u_weights._04366_,33.725µm
m._049_,33.72µm
m.u_conv3.u_weights._08615_,33.72µm
m.u_conv3.u_weights._08868_,33.72µm
m.u_conv2._0575_,33.715µm
m.u_conv1.sram_req_load\[8\],33.66µm
m.u_conv2.u_loader._201_,33.66µm
m.u_conv3.u_weights._03747_,33.635µm
m.u_conv3.u_weights._13969_,33.615µm
m.u_conv2._0538_,33.61µm
m.u_conv3.u_weights._05721_,33.61µm
m.u_conv3.u_weights._10587_,33.61µm
m.u_tree._1353_,33.6µm
m.u_conv3.u_weights._00938_,33.585µm
m.u_conv3.u_weights._03828_,33.54µm
m.u_conv3.u_weights._10584_,33.535µm
m.u_conv3.u_weights._00470_,33.52µm
m.u_conv3.u_weights._08755_,33.515µm
m.u_conv3.u_weights._02771_,33.51µm
m.u_pool1._121_,33.51µm
m.u_tree._1425_,33.5µm
m.u_tree._0140_,33.495µm
m.u_conv1.u_loader._156_,33.49µm
m.u_conv3.u_weights._01309_,33.49µm
m.u_conv3.u_weights._02123_,33.49µm
m.u_tree._0395_,33.49µm
m.u_conv2._0792_,33.48µm
m.u_conv3.u_weights._08735_,33.47µm
m.u_conv3.u_weights._14227_,33.47µm
m.u_conv3.u_weights._11693_,33.46µm
m.u_tree._0027_,33.46µm
m.u_conv3.u_weights._05258_,33.43µm
m.u_tree._0382_,33.415µm
m.u_conv3.u_weights._01422_,33.375µm
m.u_conv2.u_weights._176_,33.37µm
m.u_conv3.u_weights._10241_,33.37µm
m.u_conv3.u_weights._07688_,33.365µm
m.u_conv3.u_weights._05982_,33.355µm
m.u_conv3.u_weights._12333_,33.35µm
m.u_pool1._129_,33.345µm
m.u_conv3.u_weights._14868_,33.34µm
m.u_conv3.u_weights._01818_,33.33µm
m.u_conv3.u_weights._08687_,33.33µm
m.u_conv2._0879_,33.31µm
m.u_conv3.u_weights._04096_,33.3µm
m.u_conv1.write_j\[1\],33.295µm
m.u_conv3.u_weights._08955_,33.27µm
m.u_pool1._183_,33.27µm
m.u_conv3.u_weights._07309_,33.26µm
m.u_conv3.u_weights._00060_,33.255µm
m.u_conv3.u_weights._08020_,33.25µm
m.u_conv3.u_weights._11764_,33.25µm
m.u_tree._0492_,33.25µm
m.u_conv3.u_weights._05663_,33.24µm
m.u_conv3.u_weights._12083_,33.24µm
m.u_conv3.u_weights._00805_,33.235µm
m.u_conv2.acc\[59\]\[3\],33.225µm
m.u_mnist_loader._16_,33.215µm
m.u_conv3.u_weights._05883_,33.2µm
m.u_conv3.u_weights._08123_,33.2µm
m.u_conv2.u_loader._059_,33.17µm
net3066,33.165µm
m.u_conv3.u_weights._04422_,33.145µm
m.u_conv3.u_weights._01486_,33.12µm
m.u_conv1.u_weights._016_,33.105µm
m.u_conv3.u_weights._02548_,33.105µm
m.u_conv3.u_weights._04190_,33.105µm
m.u_conv3.u_weights._03961_,33.08µm
m.u_conv3.u_weights._15149_,33.07µm
net2813,33.07µm
m.u_conv3.u_weights._07445_,33.06µm
m.u_conv3.u_weights._00309_,33.055µm
m.u_tree._1199_,33.05µm
m.u_conv2._0677_,33µm
m.u_conv3.u_weights._06640_,33µm
m.u_conv2.u_loader._177_,32.995µm
m.u_conv2.u_weights._308_,32.985µm
m.u_tree._0559_,32.97µm
m.u_conv2.u_loader._359_,32.965µm
m.u_conv3.u_weights._13521_,32.965µm
m.u_tree._0508_,32.935µm
m.u_conv1.u_weights._107_,32.91µm
m.u_conv3.u_weights._03826_,32.91µm
m.u_conv3.u_weights._11637_,32.91µm
m.u_conv3.u_weights._04904_,32.9µm
m.u_conv3.u_weights._00617_,32.89µm
m.u_conv3.u_weights._06787_,32.88µm
m.u_conv3.u_weights._10783_,32.88µm
m.u_conv3.u_weights._03813_,32.855µm
m.u_conv3.u_weights._12362_,32.845µm
m.u_conv3.u_weights._07901_,32.84µm
m.u_conv3.u_weights._05680_,32.83µm
m.u_conv3.u_weights._01586_,32.825µm
m.u_conv2._0936_,32.82µm
m.u_conv3.u_weights._00131_,32.815µm
m.u_conv3.u_weights._01005_,32.805µm
m.u_conv3.u_weights._01492_,32.785µm
m.u_conv1.u_loader._120_,32.78µm
m.u_conv3.u_weights._13430_,32.78µm
net357,32.78µm
m.u_conv3.u_weights._01600_,32.775µm
m.u_conv3.u_weights._04946_,32.77µm
m.u_conv3.u_weights._14798_,32.77µm
m.u_conv3.u_weights._10108_,32.76µm
m.u_conv3.u_weights._13510_,32.76µm
m.sram_req_pool2\[12\],32.7µm
m.u_conv3.u_weights._04162_,32.7µm
m.u_conv3.u_weights._11024_,32.7µm
m.u_conv1._122_,32.64µm
m.u_conv3.u_weights._06945_,32.64µm
m.u_conv3.u_weights._02348_,32.625µm
m.u_tree._0571_,32.615µm
m.u_conv3.u_weights._05876_,32.61µm
m.u_conv2._0641_,32.59µm
m.u_conv3.u_weights._10246_,32.58µm
m.u_conv3.u_weights._12966_,32.58µm
m.u_conv3.u_weights._07861_,32.545µm
m.u_pool2._039_,32.545µm
m.sram_addr_o\[2\],32.53µm
m.u_conv3.u_weights._10106_,32.525µm
m.u_conv2.conv_out1\[0\],32.52µm
m.u_conv3.u_weights._13039_,32.52µm
m.u_conv2.u_loader._071_,32.5µm
m.u_conv3.u_weights._11158_,32.5µm
m.u_tree._1152_,32.49µm
m.u_conv3.u_weights._12248_,32.48µm
m.u_conv3.u_weights._09936_,32.47µm
m.u_conv3.u_weights._03872_,32.46µm
m.u_conv3.u_weights._08894_,32.46µm
m.u_tree._0969_,32.455µm
m.u_conv3.u_weights._11870_,32.45µm
m.u_conv2.u_loader._428_,32.445µm
m.u_conv3.u_weights._07343_,32.445µm
m.u_conv3.u_weights._10416_,32.445µm
m.u_conv3.u_weights._06284_,32.44µm
m.u_conv3.u_weights._14236_,32.44µm
m.u_conv2._0863_,32.42µm
m.u_conv3.u_weights._06519_,32.42µm
m.u_conv3.u_weights._10229_,32.415µm
m.u_conv2.u_weights._145_,32.41µm
m.u_conv3.u_weights._02761_,32.41µm
m.u_conv3.u_weights._08198_,32.41µm
m.u_conv3.u_weights._01071_,32.405µm
m.u_conv2._0621_,32.36µm
m.u_conv3.u_weights._12348_,32.34µm
m.u_conv1._065_,32.3µm
m.u_conv3.u_weights._06697_,32.3µm
m.u_conv3.u_weights._08447_,32.3µm
m.u_conv3.u_weights._13324_,32.3µm
m.u_conv3.u_weights._03640_,32.295µm
m.u_conv3.u_weights._05743_,32.295µm
m.u_conv2._0781_,32.29µm
m._111_,32.28µm
m.u_conv3.u_weights._14653_,32.25µm
m.u_conv1.u_loader._108_,32.22µm
m.u_pool2.state\[4\],32.22µm
m.u_conv2.u_loader._054_,32.215µm
m.u_pool1._049_,32.21µm
m.u_conv3.u_weights._09123_,32.18µm
net328,32.18µm
m.u_conv3.u_weights._14573_,32.17µm
m.u_conv3.u_weights._09590_,32.16µm
m.u_conv3.u_weights._13288_,32.16µm
m.u_conv3.u_weights._15241_,32.16µm
m.u_conv1.u_weights._056_,32.145µm
m.u_conv3.u_weights._14622_,32.145µm
m.u_conv3.u_weights._05611_,32.11µm
m.u_pool1._207_,32.11µm
m.u_conv3.u_weights._10039_,32.1µm
m.u_tree._0575_,32.1µm
m.u_conv2.u_weights._326_,32.05µm
m.u_conv3.u_weights._15410_,32.05µm
net3006,32.05µm
m.u_conv3.u_weights._06142_,32.045µm
m.u_conv1.u_loader._243_,32.04µm
m.u_conv3.u_weights._07044_,32.04µm
m.u_conv3.u_weights._07065_,32.04µm
m.u_conv3.u_weights._08463_,32.04µm
m.u_conv1.u_loader._187_,32.02µm
m.u_conv3.u_weights._03971_,32.005µm
m.u_conv3.u_weights._03347_,31.995µm
m.u_conv1._042_,31.99µm
m.u_conv3.u_weights._09324_,31.99µm
m.u_conv3.u_weights._00081_,31.98µm
m.u_conv3.u_weights._09553_,31.98µm
m.u_conv2.u_weights._157_,31.96µm
m.u_conv3.u_weights._03211_,31.95µm
m.u_conv3.u_weights._06298_,31.94µm
m.u_conv1.u_loader._385_,31.93µm
m.u_conv3.u_weights._11174_,31.92µm
m.sram_req_mnist\[11\],31.86µm
m.u_conv2.u_loader._434_,31.86µm
m.u_conv3.u_weights._14634_,31.83µm
net363,31.815µm
m.u_conv3.u_weights._04479_,31.81µm
m.u_conv3.u_weights._06944_,31.81µm
m.u_conv3.u_weights._11215_,31.81µm
m.u_tree._0658_,31.81µm
m.u_tree._0706_,31.81µm
m._106_,31.8µm
m.u_conv3._103_,31.8µm
m.u_conv3.u_weights._05643_,31.8µm
m.u_conv3.u_weights._09140_,31.8µm
m.u_conv3.u_weights._06114_,31.795µm
m.sram_req_conv1\[3\],31.785µm
m.u_conv3.u_weights._14152_,31.78µm
m.u_pool1._130_,31.765µm
m.u_conv2.loader_buffer\[7\],31.755µm
m.u_conv2._0553_,31.74µm
m.u_conv3.u_weights._02718_,31.74µm
m.u_conv3.u_weights._06413_,31.74µm
m.u_conv3.u_weights._06352_,31.735µm
m.u_conv3.u_weights._15482_,31.73µm
m.u_tree._1392_,31.71µm
m.u_conv2.u_loader._393_,31.69µm
m.u_conv3.u_weights._13950_,31.69µm
m.u_conv2.u_loader.byte_a_r\[3\],31.685µm
m.u_conv3.u_weights._01771_,31.68µm
m.u_conv3.u_weights._08070_,31.68µm
m.u_conv3.u_weights._09120_,31.68µm
m.u_conv3.u_weights._12377_,31.68µm
m.u_conv3.u_weights._03496_,31.655µm
m.u_conv3.u_weights._11988_,31.635µm
m.u_conv3.u_weights._01535_,31.63µm
m.u_conv3.u_weights._08883_,31.62µm
m.u_conv3.u_weights._02208_,31.61µm
m.u_conv1.u_weights._025_,31.605µm
m.u_conv3.u_weights._15284_,31.605µm
m.u_conv3.u_weights._15449_,31.605µm
m.u_conv2.acc\[16\]\[4\],31.595µm
m.u_pool2._079_,31.595µm
m.u_conv3.u_weights._01677_,31.58µm
m.u_conv3.u_weights._07849_,31.57µm
m.u_conv3.u_weights._02822_,31.56µm
m.u_conv3.u_weights._09209_,31.555µm
m.u_conv3.u_weights._05681_,31.54µm
m.u_conv3.u_weights._13836_,31.54µm
m.u_conv3.u_weights._15003_,31.535µm
m.u_pool2._052_,31.515µm
m.u_conv1.u_weights._051_,31.51µm
m.u_conv3.u_weights._04187_,31.485µm
m.u_conv3.u_weights._02141_,31.47µm
m.u_conv3.u_weights._12729_,31.47µm
m.u_conv3.u_weights._04557_,31.46µm
m.u_conv2._0643_,31.45µm
m.u_conv3.u_weights._02023_,31.45µm
m._118_,31.44µm
m.u_mnist_loader._18_,31.44µm
m.u_tree._0443_,31.44µm
m.u_conv1.u_loader._170_,31.435µm
m.u_conv3.u_weights._00596_,31.4µm
m.u_pool2.c_out\[2\],31.4µm
m.u_conv3.u_weights._11701_,31.39µm
m.u_conv3.u_weights._14925_,31.39µm
m.u_pool1.top_byte_reg\[2\],31.39µm
m.u_conv3.u_weights._00090_,31.38µm
m.u_conv1.u_loader._064_,31.375µm
m.u_conv3.u_weights._05060_,31.375µm
m.u_conv2.u_loader._186_,31.345µm
m.u_conv3.u_weights._12581_,31.345µm
m.u_conv3.u_weights._04802_,31.34µm
m.u_conv3.u_weights._11938_,31.34µm
m.u_conv3.u_weights._05665_,31.335µm
m.u_conv3.u_weights._01957_,31.33µm
m.u_tree._0935_,31.33µm
m.u_conv3.u_weights._09943_,31.325µm
m.u_conv3.u_weights._14111_,31.315µm
m.u_conv2.acc\[22\]\[4\],31.29µm
m.u_conv2.acc\[62\]\[5\],31.28µm
m.u_conv2.acc\[24\]\[0\],31.23µm
m.u_conv3.u_weights._12774_,31.23µm
m.u_conv1._195_,31.225µm
m.u_conv1.u_loader._167_,31.225µm
m.u_conv2.u_weights._320_,31.22µm
m.sram_req_conv2\[17\],31.21µm
m.u_conv2.buffer_reg\[6\],31.21µm
m.u_conv3.u_weights._08192_,31.21µm
m.u_conv3.u_weights._13645_,31.21µm
m.u_pool1.bot_byte_reg\[0\],31.185µm
m.u_conv3.u_weights._02624_,31.18µm
m.u_conv3.u_weights._05161_,31.17µm
m.u_conv3.u_weights._12690_,31.16µm
m.u_conv3.u_weights._06431_,31.125µm
m.u_conv3.u_weights._15621_,31.105µm
m.u_conv3.u_weights._05650_,31.095µm
m.u_conv3.u_weights._08978_,31.095µm
m.u_conv3.u_weights._07919_,31.09µm
m.u_conv1.u_loader._366_,31.08µm
m.u_conv3.u_weights._03787_,31.08µm
m.u_conv2.acc\[20\]\[4\],31.075µm
m.u_tree._0435_,31.075µm
m.u_conv3.u_weights._02197_,31.06µm
m.u_conv3.u_weights._07334_,31.03µm
m.u_conv3.u_weights._09821_,31.03µm
m.u_conv3._076_,30.995µm
m.u_conv2.u_loader._063_,30.98µm
m.u_conv3.u_weights._08523_,30.98µm
m.u_conv3.u_weights._09455_,30.98µm
m.u_conv2.acc\[35\]\[1\],30.97µm
m.u_conv3.u_weights._12794_,30.97µm
m.u_tree._1105_,30.97µm
m.u_conv1.sram_req_load\[20\],30.96µm
m.u_conv1.u_loader._176_,30.96µm
m.u_conv2.acc\[60\]\[3\],30.96µm
m.u_conv3.u_weights._01843_,30.96µm
m.u_conv3.u_weights._07872_,30.955µm
m.u_conv3.u_weights._04880_,30.945µm
m.u_conv3.u_weights._03789_,30.91µm
m.u_conv3.u_weights._05121_,30.91µm
m.u_pool1._159_,30.905µm
m.u_conv2.acc\[55\]\[1\],30.9µm
m.u_conv3.u_weights._02315_,30.895µm
m.u_conv3.u_weights._12423_,30.85µm
m.u_conv3.u_weights._14508_,30.85µm
m.u_tree._0076_,30.84µm
m.u_conv3.u_weights._05715_,30.8µm
m.u_conv3.u_weights._06798_,30.79µm
m.u_conv3.u_weights._10011_,30.79µm
m.u_conv1.conv_out3\[3\],30.765µm
net3014,30.75µm
m.u_conv3.u_weights._00984_,30.73µm
m.u_conv3.u_weights._02477_,30.73µm
m.u_conv3.u_weights._04207_,30.73µm
m.u_conv3.u_weights._08102_,30.72µm
m.u_conv2.u_weights._054_,30.695µm
m.u_conv3.u_weights._11474_,30.69µm
m.u_conv3.u_weights._02496_,30.68µm
m.u_conv1._055_,30.67µm
m.u_conv3.u_weights._06998_,30.67µm
m.u_conv3.u_weights._06829_,30.66µm
m.u_conv3.u_weights._08816_,30.66µm
m.u_conv3.u_weights._15631_,30.66µm
m.sram_req_conv1\[22\],30.655µm
m.u_tree._0259_,30.655µm
m.u_conv3.u_weights._00420_,30.63µm
m.u_conv3.u_weights._14474_,30.63µm
m.u_conv3.u_weights._15045_,30.62µm
m.u_conv3.input_buf\[31\],30.6µm
m.u_conv3.u_weights._06308_,30.585µm
m.u_conv3.u_weights._14827_,30.56µm
m.u_conv3.u_weights._13019_,30.55µm
m.u_conv3.u_weights._14472_,30.54µm
m.u_conv3.u_weights._13291_,30.525µm
m.u_conv3.u_weights._09163_,30.52µm
m.u_conv2._0942_,30.515µm
net2247,30.51µm
m.u_conv3.u_weights._04034_,30.5µm
m.u_tree._1123_,30.5µm
m.u_conv3.u_weights._02395_,30.49µm
m.u_pool1._186_,30.49µm
m.u_conv3._181_,30.485µm
m.u_conv3.u_weights._14971_,30.48µm
m.u_tree._0062_,30.48µm
m.u_conv3.u_weights._10824_,30.455µm
m.u_conv3.u_weights._05729_,30.44µm
m.u_conv3.u_weights._10407_,30.44µm
m.u_conv3.u_weights._00320_,30.43µm
m.u_conv2.u_loader._356_,30.42µm
m.u_conv2.u_loader._379_,30.42µm
m.u_conv3.u_weights._10200_,30.42µm
m.u_pool1._117_,30.42µm
m.u_conv3.u_weights._11339_,30.415µm
m.u_conv1.u_loader._268_,30.39µm
m.u_conv3.u_weights._15679_,30.39µm
m.u_conv3.u_weights._13383_,30.37µm
m.u_conv2.u_loader._241_,30.365µm
m.u_conv3.u_weights._00205_,30.365µm
m.u_conv2._0672_,30.36µm
m.u_conv3.u_weights._11618_,30.36µm
m.u_pool2._056_,30.36µm
m.u_conv3.u_weights._07995_,30.355µm
m.u_conv3.u_weights._10054_,30.355µm
m.u_conv3.u_weights._10648_,30.325µm
m.u_conv3.u_weights._15164_,30.325µm
m.u_conv2.acc\[53\]\[1\],30.32µm
m.embedding\[19\],30.31µm
m.u_conv3.u_weights._00982_,30.31µm
m.u_conv3.u_weights._08915_,30.295µm
m.u_pool2._072_,30.285µm
m.u_conv1.u_loader._231_,30.27µm
net3041,30.27µm
m.u_conv3.u_weights._02735_,30.24µm
m.u_conv3.u_weights._00323_,30.205µm
m.u_conv3.u_weights._02149_,30.2µm
m.u_conv3.u_weights._07113_,30.2µm
m.u_conv3.u_weights._08642_,30.19µm
m.u_conv3.u_weights._11842_,30.18µm
m.u_tree._1432_,30.18µm
net2225,30.175µm
m.u_conv3.u_weights._02178_,30.15µm
m.u_conv3.u_weights._08152_,30.14µm
m.u_tree._1464_,30.14µm
m.u_conv2._0830_,30.115µm
m.u_conv2.u_weights._069_,30.115µm
m.u_conv3.u_weights._05897_,30.1µm
m.u_pool1._152_,30.1µm
m.u_conv3.u_weights._08223_,30.08µm
m.u_conv3.u_weights._14948_,30.07µm
m.sram_req_conv1\[25\],30.06µm
m.u_conv3.u_weights._13664_,30.06µm
m.u_conv3.u_weights._07223_,30.055µm
m.u_conv3.u_weights._08185_,30.055µm
m.u_conv3.u_weights._10711_,30.055µm
m.u_conv3.u_weights._00743_,30.045µm
net2972,30.035µm
m.u_conv3.u_weights._10668_,30.025µm
m.u_conv3.u_weights._10893_,30.025µm
m.u_conv3.u_weights._05334_,30.02µm
m.u_conv3.u_weights._02586_,30.01µm
m.u_conv3.u_weights._05466_,30.01µm
m.u_conv3.u_weights._09695_,30.01µm
m.u_conv2._0812_,30µm
m.u_conv3.u_weights._05562_,30µm
m.u_conv3.u_weights._09944_,30µm
m.u_conv3.u_weights._00747_,29.985µm
m.u_conv3.u_weights._07238_,29.98µm
m.u_conv3.u_weights._04285_,29.97µm
m.u_conv3.u_weights._12225_,29.96µm
m.u_conv3.u_weights._13138_,29.96µm
m.u_tree._0577_,29.96µm
m.u_conv3.u_weights._06120_,29.95µm
m.u_conv3.u_weights._02748_,29.915µm
m.u_conv3.u_weights._13468_,29.91µm
m.u_conv2.u_loader._225_,29.89µm
m.u_conv3.u_weights._09430_,29.89µm
m.u_tree._0517_,29.89µm
m.u_tree._1077_,29.88µm
m.u_conv3.u_weights._10096_,29.875µm
m.u_pool1._193_,29.875µm
m.u_conv1.u_loader._400_,29.865µm
m.u_conv3.u_weights._09275_,29.85µm
m.u_conv3.u_weights._10549_,29.83µm
net12,29.825µm
m.u_conv3.u_weights._02907_,29.815µm
m.u_conv3.u_weights._07169_,29.79µm
m.u_conv3.u_weights._08286_,29.79µm
m.u_tree._1512_,29.79µm
m.u_conv2.u_weights._281_,29.77µm
m.u_conv3.u_weights._11502_,29.77µm
m.u_conv3.u_weights._13010_,29.77µm
m.u_tree._1480_,29.77µm
m.u_conv2.u_weights._242_,29.76µm
m.u_conv3.u_weights._13316_,29.76µm
m.u_conv3.u_weights._14351_,29.76µm
net2802,29.755µm
m.u_conv3.u_weights._02441_,29.745µm
m.u_conv3.u_weights._03443_,29.745µm
m.u_conv3.u_weights._09928_,29.745µm
m.u_conv3.u_weights._08528_,29.72µm
net2256,29.71µm
m.sram_req_pool1\[22\],29.7µm
m.u_conv2._0823_,29.67µm
m.u_conv3.u_weights._06055_,29.67µm
m.u_conv3.u_weights._09621_,29.66µm
m.u_conv2._1007_,29.64µm
m.u_conv2.acc\[19\]\[2\],29.64µm
m.u_conv3.u_weights._08041_,29.64µm
m.u_conv3.u_weights._08132_,29.64µm
m.u_conv3.u_weights._14325_,29.64µm
m.u_tree._1024_,29.64µm
m.u_conv3.u_weights._07751_,29.635µm
m.u_conv3.u_weights._07615_,29.63µm
m.u_conv3.u_weights._04487_,29.625µm
m.u_conv3.u_weights._05951_,29.615µm
m.u_conv3.u_weights._05500_,29.61µm
m.u_conv2.acc\[33\]\[3\],29.605µm
m.u_conv3.u_weights._01428_,29.58µm
net366,29.58µm
m.u_tree._0765_,29.575µm
m.u_conv3.u_weights._06914_,29.57µm
m.u_conv3.u_weights._10009_,29.55µm
m.u_conv3.u_weights._10015_,29.55µm
m.u_conv3.u_weights._10297_,29.55µm
m.u_tree._0246_,29.55µm
m.u_conv3.u_weights._13574_,29.54µm
m.u_conv3.u_weights._06368_,29.53µm
m.u_conv3.u_weights._11564_,29.53µm
m.u_conv3.u_weights._14108_,29.53µm
m.u_conv2.u_weights._230_,29.505µm
m.u_conv3.u_weights._07789_,29.49µm
m.u_conv3.u_weights._03072_,29.48µm
m.u_tree._0996_,29.48µm
m.u_conv3.u_weights._00608_,29.47µm
m.u_conv3.u_weights._00535_,29.46µm
m.u_tree._0486_,29.445µm
m.u_conv3.u_weights._00336_,29.425µm
m.u_conv3.u_weights._03851_,29.425µm
m.u_conv3.u_weights._12267_,29.42µm
m.u_conv2.u_loader._108_,29.415µm
m.u_conv3.u_weights._08190_,29.41µm
m.u_conv3.u_weights._10347_,29.41µm
m.u_pool2._080_,29.41µm
m.u_conv1._184_,29.38µm
m.u_tree._0386_,29.36µm
m.u_conv3.u_weights._12172_,29.35µm
net2797,29.35µm
m.u_conv3.u_weights._00682_,29.34µm
m.u_conv3.u_weights._01225_,29.34µm
m.u_conv3.u_weights._09334_,29.34µm
m.u_conv3.u_weights._14937_,29.34µm
m.u_conv3.u_weights._04732_,29.315µm
m.u_conv3.u_weights._15172_,29.31µm
m.u_conv3.u_weights._14593_,29.3µm
m.u_conv3.u_weights._05830_,29.29µm
m.u_conv3.u_weights._09446_,29.29µm
m.u_conv3.u_weights._13544_,29.29µm
m.u_tree._1528_,29.29µm
m.sram_req_pool1\[18\],29.28µm
m.u_conv2._0876_,29.28µm
net2970,29.28µm
m.u_conv3.u_weights._09220_,29.245µm
m.u_conv2._1015_,29.24µm
m.u_conv2.acc\[2\]\[5\],29.23µm
m.u_conv3.u_weights._00536_,29.23µm
m.u_conv3.u_weights._09954_,29.23µm
m.u_conv3.u_weights._09610_,29.205µm
m.u_conv3.u_weights._11711_,29.19µm
m.u_conv3.u_weights._14154_,29.185µm
m.u_conv3.u_weights._13275_,29.18µm
m.u_tree._1404_,29.17µm
m.u_conv3.u_weights._04603_,29.155µm
m.u_conv2.acc\[27\]\[5\],29.145µm
m.u_conv3.u_weights._06398_,29.135µm
m.u_conv3.u_weights._15650_,29.13µm
m.u_tree._0565_,29.13µm
m.u_conv2._0771_,29.11µm
m.u_conv2.acc\[47\]\[6\],29.11µm
m.u_conv3.u_weights._09776_,29.11µm
m.u_conv3.u_weights._08614_,29.1µm
m.u_tree._0746_,29.095µm
m.u_conv2.acc\[60\]\[5\],29.085µm
m.u_conv3.u_weights._10849_,29.08µm
m.u_tree._0252_,29.08µm
m.u_conv3.u_weights._13840_,29.07µm
m.u_conv3.u_weights._12995_,29.065µm
m.u_conv3.u_weights._05642_,29.06µm
m.u_conv3.u_weights._07762_,29.05µm
m.u_conv3.u_weights._13203_,29.05µm
net2947,29.045µm
m.u_conv3.u_weights._10145_,29.04µm
m.sram_req_conv2\[3\],28.99µm
m.u_conv1.u_loader._356_,28.99µm
m.u_conv3.u_weights._13925_,28.99µm
m.u_conv3.u_weights._04680_,28.985µm
m.u_conv1.u_loader._259_,28.98µm
m.u_conv3.u_weights._03229_,28.975µm
m.u_pool1._063_,28.965µm
m.u_conv3.u_weights._10018_,28.945µm
m.u_conv2.u_weights._344_,28.93µm
m.u_tree._0730_,28.93µm
m.u_conv3.u_weights._12011_,28.88µm
m.u_conv3.u_weights._12701_,28.87µm
m.u_conv3.u_weights._00817_,28.85µm
m.u_conv3.u_weights._08249_,28.82µm
m.u_conv3.u_weights._07122_,28.815µm
m.u_conv3.u_weights._08279_,28.805µm
m.u_conv3.u_weights._00936_,28.8µm
m.u_conv3.u_weights._01710_,28.8µm
m.u_conv2._0709_,28.77µm
m.u_conv3.u_weights._13555_,28.765µm
m.u_pool1._156_,28.755µm
m.u_conv2.u_loader._249_,28.74µm
m.u_conv2.u_weights._152_,28.74µm
m.u_conv3.u_weights._09586_,28.74µm
m.u_conv3.u_weights._05539_,28.725µm
m.u_tree._0651_,28.715µm
m.u_tree._1522_,28.71µm
m.u_conv3.u_weights._14415_,28.695µm
m.u_pool1._119_,28.695µm
m.u_conv1.u_loader._070_,28.69µm
m.u_conv2._0773_,28.69µm
m.u_conv3.u_weights._03819_,28.69µm
m.u_conv3.u_weights._12795_,28.69µm
m.u_conv3.u_weights._14836_,28.69µm
m.u_tree._1496_,28.69µm
m.u_conv3.u_weights._05990_,28.68µm
m.u_conv2.acc\[3\]\[5\],28.675µm
m.u_conv3.u_weights._04324_,28.675µm
m.u_conv3.u_weights._09268_,28.675µm
m.u_conv3.u_weights._10059_,28.665µm
m.u_conv3.u_weights._07459_,28.65µm
m.u_conv3.u_weights._10540_,28.65µm
net378,28.645µm
m.u_conv3.u_weights._01271_,28.63µm
m.u_conv3.u_weights._10975_,28.625µm
m.u_conv3.u_weights._12687_,28.625µm
m.u_conv3.u_weights._07026_,28.62µm
m.u_conv3.u_weights._07846_,28.62µm
m.u_conv3.u_weights._08961_,28.62µm
m.u_conv3.u_weights._12030_,28.6µm
m.u_pool2._084_,28.6µm
m._088_,28.57µm
m.u_conv3.u_weights._05819_,28.57µm
m.u_conv3.u_weights._07382_,28.57µm
m.u_conv3.u_weights._11893_,28.57µm
m.u_tree._0085_,28.56µm
m.u_conv3.u_weights._05397_,28.52µm
m.u_conv3.u_weights._14130_,28.52µm
m.u_conv3.u_weights._00537_,28.51µm
m.u_conv3.u_weights._01111_,28.51µm
m.u_conv3.u_weights._12813_,28.505µm
m.u_conv3.u_weights._15596_,28.495µm
m.u_conv3.u_weights._14373_,28.49µm
m.u_pool1._161_,28.48µm
m.u_conv2.acc\[26\]\[4\],28.47µm
m.u_conv3.u_weights._05760_,28.465µm
m.u_conv3.u_weights._12309_,28.465µm
net2808,28.465µm
m.u_conv3.u_weights._01902_,28.46µm
m.u_conv3.u_weights._03396_,28.46µm
m.u_conv3.u_weights._09117_,28.455µm
m.u_conv3.u_weights._01721_,28.45µm
m.u_conv3.u_weights._02009_,28.45µm
m.u_conv3.u_weights._11113_,28.45µm
m.u_tree._1190_,28.45µm
m.sram_req_pool2\[6\],28.44µm
m.u_conv3.u_weights._12608_,28.44µm
m.u_conv3.u_weights._13528_,28.44µm
m.u_conv3.u_weights._13417_,28.435µm
m.u_pool2.r_out\[3\],28.43µm
m.u_conv2.acc\[23\]\[1\],28.405µm
m.u_conv3.u_weights._05731_,28.4µm
m.u_conv2.u_weights._387_,28.395µm
m.u_conv3.u_weights._01339_,28.39µm
m.u_conv3.u_weights._12993_,28.365µm
m.u_tree._0052_,28.355µm
m.u_conv2.u_loader._220_,28.35µm
m.u_conv3.u_weights._03979_,28.35µm
m.u_conv3.u_weights._03280_,28.34µm
m.u_conv3.u_weights._08414_,28.34µm
m._102_,28.33µm
m.u_conv3.u_weights._05832_,28.33µm
m.u_conv3.u_weights._14561_,28.33µm
m.u_conv3.u_weights._07436_,28.32µm
m.u_conv3.u_weights._08716_,28.32µm
m.u_conv2.u_weights._067_,28.305µm
m.u_conv3.u_weights._08234_,28.305µm
m.u_conv3.u_weights._05055_,28.3µm
m.u_conv2._0510_,28.295µm
m.u_conv3.u_weights._03246_,28.29µm
m.u_conv3.u_weights._09527_,28.28µm
m.u_tree._0843_,28.275µm
m.seq_state\[2\],28.27µm
m.u_tree._1506_,28.27µm
m.u_conv3.u_weights._05996_,28.245µm
m.u_conv3.u_weights._14417_,28.245µm
m.u_conv3.u_weights._00666_,28.21µm
m.u_conv1._076_,28.2µm
m.u_conv1.u_loader._291_,28.195µm
m.u_conv3.u_weights._04676_,28.18µm
m.u_conv3.u_weights._06253_,28.18µm
m.u_conv3.u_weights._12731_,28.15µm
m.u_conv3.u_weights._13593_,28.135µm
m.u_conv2.u_loader._133_,28.12µm
m.u_conv3.u_weights._15388_,28.115µm
m.u_conv3.u_weights._08231_,28.1µm
m.u_conv3.u_weights._13001_,28.1µm
m.u_conv2._0655_,28.09µm
m.u_conv3.u_weights._02387_,28.09µm
m.u_conv3.u_weights._10762_,28.09µm
m.u_conv3.u_weights._12502_,28.09µm
m.u_conv3.u_weights._10689_,28.08µm
m.u_conv3.u_weights._10913_,28.08µm
m.u_conv2._0614_,28.05µm
m.u_pool2._038_,28.04µm
m.u_conv3.u_weights._00552_,28.03µm
m.u_conv3.u_weights._03053_,28.03µm
m.u_conv3.u_weights._00169_,28.025µm
m.u_conv3.u_weights._13492_,28.025µm
m.u_conv2.u_weights._350_,28.015µm
m.u_conv3.u_weights._00525_,27.98µm
m.u_conv3.u_weights._10189_,27.98µm
net785,27.98µm
m.u_conv3.u_weights._00015_,27.97µm
m.u_conv3.u_weights._01044_,27.97µm
m.u_conv3.u_weights._11236_,27.97µm
m.u_conv3.u_weights._11588_,27.97µm
m.u_conv3.u_weights._11710_,27.97µm
m.u_conv3.u_weights._11741_,27.97µm
m.u_conv3.u_weights._15308_,27.97µm
net3037,27.945µm
m.u_conv3.u_weights._12161_,27.93µm
m.u_conv3.u_weights._01579_,27.925µm
m.u_conv3.u_weights._13384_,27.92µm
m.u_conv3.u_weights._12034_,27.915µm
m.u_conv3.u_weights._11441_,27.91µm
m.u_pool2._064_,27.905µm
m.sram_req_conv1\[6\],27.9µm
m.u_conv3.u_weights._02874_,27.895µm
m.u_conv3.u_weights._01160_,27.89µm
net2889,27.875µm
m.u_conv3.u_weights._09153_,27.865µm
m.u_conv3.u_weights._07559_,27.86µm
m.u_conv2.u_loader._232_,27.85µm
m.u_conv2.u_loader._439_,27.85µm
m.u_tree._1112_,27.85µm
m.u_conv3.u_weights._02676_,27.84µm
m.u_conv1.u_loader._137_,27.83µm
m.u_conv2.u_loader._400_,27.825µm
m.u_conv3.u_weights._11046_,27.8µm
m.u_pool1._153_,27.79µm
m.u_tree._0589_,27.79µm
m.u_conv3.u_weights._04047_,27.775µm
m.u_conv3.u_weights._14974_,27.76µm
m.u_conv3.u_weights._05635_,27.74µm
m.u_conv3.u_weights._06587_,27.74µm
m.u_conv3.u_weights._12413_,27.74µm
m.u_conv3.u_weights._02010_,27.73µm
m.u_conv2.acc\[20\]\[5\],27.705µm
m.u_conv1.write_j\[0\],27.7µm
m.u_conv3.u_weights._10928_,27.7µm
m.u_conv3.u_weights._05682_,27.69µm
m.u_conv3.u_weights._10588_,27.69µm
net2835,27.68µm
m.u_conv3.u_weights._03484_,27.675µm
m.u_conv3.u_weights._10360_,27.67µm
m.u_tree._0650_,27.665µm
m.u_conv3.u_weights._08826_,27.66µm
m.u_conv1.u_weights._010_,27.645µm
m.u_conv3.u_weights._07756_,27.63µm
m.u_conv1._085_,27.625µm
m.u_conv3.u_weights._06939_,27.625µm
m.u_conv3.u_weights._01105_,27.6µm
m.u_conv3.u_weights._09287_,27.6µm
m.u_tree._1098_,27.6µm
m.u_conv3.u_weights._06170_,27.595µm
m.u_tree._0576_,27.59µm
m.u_conv3.u_weights._08255_,27.58µm
m.u_conv3.u_weights._02543_,27.57µm
m.u_conv3.u_weights._11320_,27.565µm
m.u_conv3._098_,27.56µm
m.u_conv2.u_weights._309_,27.55µm
m.u_conv3.u_weights._14826_,27.54µm
m.u_pool1._078_,27.54µm
m.u_conv3.u_weights._09199_,27.535µm
m.u_conv3.u_weights._13124_,27.52µm
m.u_conv3.u_weights._12326_,27.515µm
m.u_tree._0178_,27.51µm
m.u_conv3.u_weights._11578_,27.5µm
m.u_conv3.u_weights._04503_,27.495µm
m.u_conv3.u_weights._09245_,27.495µm
m.u_conv3.u_weights._07900_,27.49µm
m.u_conv3.u_weights._10579_,27.49µm
m.u_conv3.u_weights._14361_,27.49µm
m.u_conv3.u_weights._14699_,27.49µm
m.u_conv2.u_loader._411_,27.48µm
m.u_conv3.u_weights._07224_,27.48µm
m.u_conv3.u_weights._08945_,27.48µm
m.u_conv3.u_weights._13310_,27.48µm
m.u_tree._0979_,27.47µm
m.u_conv3.u_weights._06033_,27.465µm
m.u_conv3.u_weights._11201_,27.45µm
m.u_conv2.acc\[35\]\[5\],27.445µm
m.u_tree._1168_,27.445µm
m.u_conv2.u_weights._275_,27.43µm
m.u_conv2.u_weights._365_,27.43µm
m.u_conv3.u_weights._03855_,27.425µm
m.u_conv3.u_weights._12718_,27.42µm
net2248,27.415µm
m.u_conv3.u_weights._09785_,27.39µm
m.u_conv3.u_weights._15053_,27.385µm
m.u_conv3.u_weights._05145_,27.37µm
m.u_conv3.u_weights._05767_,27.37µm
m.u_conv3.u_weights._08727_,27.37µm
m.u_conv3.u_weights._11875_,27.37µm
m.u_conv3.u_weights._13128_,27.37µm
m.u_tree._0228_,27.365µm
m.u_conv3.u_weights._07093_,27.36µm
m.u_tree._0069_,27.36µm
m.u_conv2.acc\[52\]\[6\],27.355µm
m.u_conv3.u_weights._08838_,27.355µm
m.u_conv1._175_,27.345µm
m.u_conv2.acc\[41\]\[1\],27.345µm
m.u_conv3.u_weights._11928_,27.32µm
m.u_conv3.u_weights._15306_,27.315µm
m.u_tree._0716_,27.3µm
m.u_conv3.u_weights._05322_,27.275µm
m.u_conv3.u_weights._08659_,27.27µm
m.u_conv3.u_weights._12819_,27.265µm
m.sram_req_conv2\[15\],27.24µm
m.u_conv3.u_weights._03446_,27.24µm
m.u_tree._0431_,27.24µm
m.u_tree._0466_,27.235µm
m.u_conv3.u_weights._12393_,27.22µm
m.u_conv3.u_weights._06627_,27.19µm
m.u_conv3.u_weights._12049_,27.19µm
m.u_conv2.u_loader._085_,27.185µm
m.u_conv3.u_weights._12217_,27.185µm
m.u_conv1.u_loader._341_,27.18µm
m.u_conv3.u_weights._02033_,27.18µm
m.u_tree._0020_,27.18µm
m.u_conv3.u_weights._02483_,27.175µm
m.u_conv3.u_weights._04559_,27.175µm
m.u_conv3.u_weights._09185_,27.165µm
m.u_tree._1233_,27.15µm
m.u_conv2.u_loader._181_,27.13µm
m.u_conv3.u_weights._03603_,27.13µm
m.u_conv3.u_weights._08114_,27.12µm
m.u_conv3.u_weights._08377_,27.115µm
m.u_conv3.u_weights._09215_,27.115µm
m.u_conv1.u_loader._079_,27.105µm
m.u_conv3.u_weights._06898_,27.105µm
m.u_conv3.u_weights._00863_,27.1µm
m.u_conv3.u_weights._14661_,27.1µm
m.u_conv2.acc\[16\]\[5\],27.08µm
m.u_conv2.acc\[20\]\[3\],27.08µm
m.u_conv3.u_weights._07583_,27.08µm
m.u_conv3.u_weights._15678_,27.07µm
m.u_conv3.u_weights._03036_,27.06µm
m.u_conv3.u_weights._09383_,27.055µm
m.u_conv2._0726_,27.03µm
m.u_conv3.u_weights._14444_,27.03µm
m.u_conv3.u_weights._01024_,27.025µm
m.u_conv3.u_weights._13731_,27.01µm
m.u_conv3.u_weights._14024_,27.01µm
m.u_conv3.u_weights._14118_,27.01µm
m.u_conv3.u_weights._12140_,27µm
m.u_conv3.u_weights._05417_,26.995µm
m.u_conv2.u_loader._079_,26.98µm
m.u_conv3.u_weights._02043_,26.96µm
m.u_conv3.u_weights._10435_,26.95µm
m.u_tree._0554_,26.95µm
m.u_conv1.u_weights._031_,26.94µm
m.u_conv1.u_weights._059_,26.94µm
m.u_conv2._0980_,26.94µm
m.u_conv3.u_weights._12435_,26.935µm
m.u_conv3.u_weights._15408_,26.935µm
m.u_tree._0911_,26.91µm
m.u_conv3.u_weights._11940_,26.905µm
m.u_conv3.u_weights._14688_,26.9µm
m.u_conv3.u_weights._07369_,26.89µm
m.u_conv3.u_weights._11376_,26.89µm
m.u_conv1.u_loader._111_,26.84µm
m.u_conv3.u_weights._09827_,26.84µm
m.u_conv3.u_weights._14617_,26.84µm
m.u_tree._0378_,26.835µm
m.u_conv3.u_weights._03149_,26.81µm
m.u_conv2.u_loader._299_,26.8µm
m.u_conv3.u_weights._10609_,26.8µm
m.u_conv2._0542_,26.795µm
m.u_conv3.u_weights._11673_,26.79µm
m.u_conv3.u_weights._11144_,26.785µm
m.u_pool2._086_,26.785µm
m.u_conv3.u_weights._02069_,26.78µm
m.u_conv3.u_weights._01782_,26.77µm
m.u_conv3.u_weights._06341_,26.77µm
m._100_,26.76µm
m.u_conv3.u_weights._12677_,26.755µm
m.u_conv2.acc\[53\]\[4\],26.745µm
m.u_conv3.u_weights._00790_,26.745µm
m.u_conv3.u_weights._05319_,26.74µm
m.u_tree._0988_,26.74µm
m.u_conv3.u_weights._01243_,26.735µm
m.u_conv3.u_weights._07779_,26.72µm
m.u_conv2._0693_,26.71µm
m.sram_req_pool1\[10\],26.7µm
m.u_conv3.u_weights._04532_,26.7µm
m.u_conv3.u_weights._14568_,26.69µm
m.u_conv1.u_loader._133_,26.665µm
m.u_conv2._0652_,26.65µm
m.u_conv3.u_weights._00687_,26.65µm
m.u_conv3.u_weights._01865_,26.65µm
m.u_conv3.u_weights._01977_,26.65µm
m.u_conv3.u_weights._04213_,26.65µm
m.u_conv3.u_weights._14816_,26.65µm
m.u_tree._1540_,26.65µm
m.u_conv2.u_loader._309_,26.64µm
m.u_conv3.u_weights._01851_,26.64µm
m.u_conv3.u_weights._13305_,26.635µm
m.u_conv3.u_weights._14820_,26.635µm
m.u_conv3.u_weights._01217_,26.625µm
m.u_conv3.u_weights._04703_,26.61µm
m.u_tree._1226_,26.61µm
m.u_conv3.u_weights._02264_,26.605µm
m.u_conv3.u_weights._05301_,26.595µm
m.sram_req_pool1\[20\],26.59µm
m.u_conv1._149_,26.59µm
m.u_conv1.u_weights._029_,26.58µm
m.u_conv3.u_weights._01110_,26.58µm
m.u_conv3.u_weights._03862_,26.58µm
m.u_conv3.u_weights._13350_,26.565µm
m.u_conv3.u_weights._07539_,26.56µm
m.u_conv3.u_weights._10161_,26.55µm
m.u_conv3.u_weights._04092_,26.54µm
m.u_conv2.acc\[36\]\[4\],26.53µm
m.u_conv2.u_loader._072_,26.53µm
m.u_conv3.u_weights._05061_,26.53µm
m.u_conv3.u_weights._13065_,26.53µm
m.u_conv3.u_weights._14087_,26.53µm
m.u_conv2._0610_,26.52µm
m.u_conv3.u_weights._01015_,26.51µm
m.u_conv3.u_weights._06711_,26.505µm
m.u_tree._1442_,26.505µm
m.u_conv3.u_weights._14164_,26.5µm
m.u_conv1._129_,26.49µm
m.u_conv2.acc\[28\]\[0\],26.485µm
m.u_conv3.u_weights._01453_,26.48µm
m.u_conv3.u_weights._13075_,26.48µm
m.u_conv3.u_weights._13974_,26.465µm
m.u_conv3.u_weights._09146_,26.46µm
m.u_conv3.u_weights._03772_,26.445µm
m.u_pool2._032_,26.44µm
m.u_conv3.u_weights._07588_,26.43µm
m.u_conv3.u_weights._07609_,26.41µm
m.u_conv3.u_weights._10641_,26.41µm
m.u_conv3.u_weights._13813_,26.41µm
m.u_conv3.u_weights._14802_,26.41µm
m.u_tree._1297_,26.41µm
m.u_pool2.state\[2\],26.385µm
m.u_conv2._1089_,26.375µm
m.u_conv3.u_weights._14092_,26.375µm
m.u_conv3.u_weights._07858_,26.36µm
m.u_conv1.u_loader._212_,26.35µm
m.u_conv2.u_weights._205_,26.35µm
m.u_tree._0955_,26.35µm
m.u_tree._0289_,26.34µm
m.u_conv3.u_weights._04423_,26.335µm
m.u_conv2.sram_req_load\[24\],26.325µm
m.u_conv2.u_loader._394_,26.325µm
m.u_conv3.u_weights._11023_,26.315µm
m.u_conv3.u_weights._00763_,26.31µm
m.u_conv1.u_loader._197_,26.3µm
m.u_conv3.u_weights._05824_,26.3µm
m.u_conv1.u_weights._086_,26.29µm
m.u_pool2.bot_byte_reg\[2\],26.29µm
m.u_conv3.u_weights._03146_,26.285µm
m.u_conv2.acc\[45\]\[0\],26.265µm
m.u_conv3.u_weights._15709_,26.245µm
m.u_conv2.acc\[60\]\[2\],26.24µm
m.u_conv3.u_weights._14632_,26.24µm
m.u_conv3.u_weights._14856_,26.235µm
m.u_conv2.acc\[28\]\[6\],26.23µm
m.u_conv3.u_weights._07296_,26.22µm
m.u_conv3.u_weights._09357_,26.22µm
m.u_conv3.u_weights._12417_,26.215µm
m.u_conv3.u_weights._05292_,26.2µm
m.u_conv3.u_weights._10627_,26.19µm
net2936,26.175µm
m.u_conv3.u_weights._03243_,26.17µm
m.u_conv3.u_weights._10873_,26.17µm
m.u_conv3.u_weights._13247_,26.17µm
m.u_conv3.u_weights._01238_,26.165µm
m.u_conv3.u_weights._14322_,26.16µm
m.u_conv3.u_weights._15162_,26.16µm
m.u_conv3.u_weights._15343_,26.16µm
m.u_conv3.u_weights._14864_,26.155µm
m.u_conv3.u_weights._05780_,26.12µm
m.u_conv3.u_weights._07957_,26.12µm
m.u_tree._0049_,26.11µm
m.u_conv3.u_weights._15157_,26.1µm
m.u_tree._0533_,26.1µm
m.u_conv3.u_weights._02413_,26.095µm
m.u_conv3.u_weights._06896_,26.095µm
m.u_conv3.u_weights._13092_,26.095µm
m.u_conv3.u_weights._01703_,26.065µm
m.u_conv3.u_weights._08891_,26.065µm
m.u_conv3.u_weights._14840_,26.065µm
m.u_conv1._168_,26.06µm
m.u_conv2.u_weights._021_,26.06µm
m.u_conv3.u_weights._04144_,26.06µm
m.u_conv3.u_weights._05426_,26.06µm
m.u_conv3.u_weights._12578_,26.06µm
m.u_conv3.u_weights._15174_,26.06µm
m.u_conv3.u_weights._03578_,26.05µm
m.u_conv3.u_weights._09488_,26.05µm
m.u_conv3.u_weights._14446_,26.05µm
m.u_pool2._061_,26.05µm
m.u_conv3.u_weights._15176_,26.045µm
m.u_conv3.u_weights._02897_,26.04µm
net2266,26.03µm
m.u_conv3.u_weights._13625_,26.01µm
m.u_conv3.u_weights._06919_,25.99µm
m.u_conv3.u_weights._14944_,25.99µm
m.u_conv3.u_weights._00709_,25.985µm
m.u_conv1.u_weights._163_,25.98µm
m.u_tree._0737_,25.975µm
m.u_conv3.u_weights._07768_,25.955µm
m.u_conv3.u_weights._08684_,25.95µm
m.u_conv3.u_weights._12940_,25.94µm
m.u_conv2.acc\[56\]\[4\],25.93µm
m.u_conv2.u_loader._438_,25.93µm
m.u_conv3.u_weights._06201_,25.93µm
m.u_conv3.u_weights._09692_,25.93µm
m.u_tree._0496_,25.93µm
m._124_,25.92µm
m.u_conv3.u_weights._06621_,25.92µm
m.u_conv3.u_weights._10212_,25.91µm
m.u_conv3.u_weights._13604_,25.905µm
m.u_conv3.u_weights._09456_,25.885µm
m.u_conv3.u_weights._04478_,25.87µm
m.u_conv3.u_weights._04664_,25.87µm
m.u_conv3.u_weights._06591_,25.86µm
m.u_conv2.acc\[54\]\[3\],25.845µm
m.u_conv3.u_weights._02962_,25.845µm
m.u_conv3.u_weights._15445_,25.84µm
m.u_conv3.u_weights._04412_,25.83µm
m.u_conv3.u_weights._01081_,25.825µm
m.u_conv3.u_weights._08972_,25.82µm
m.u_pool1._114_,25.82µm
m.u_conv2._0793_,25.81µm
m.u_conv3.u_weights._02868_,25.81µm
m.u_conv3.u_weights._06127_,25.81µm
m.u_conv3.u_weights._01829_,25.8µm
m.u_conv3.u_weights._03926_,25.8µm
m.u_conv3.u_weights._04800_,25.8µm
m.u_conv3.u_weights._11722_,25.8µm
m.u_conv3.u_weights._12596_,25.8µm
m.u_conv2.acc\[34\]\[3\],25.795µm
m.u_conv3.u_weights._13698_,25.795µm
m.u_conv3.u_weights._13774_,25.78µm
m.u_tree._1532_,25.78µm
m.u_conv2._0755_,25.77µm
m.u_conv3.u_weights._04522_,25.765µm
m.u_pool1._173_,25.76µm
m.u_conv2._0653_,25.75µm
m.u_conv3.u_weights._00579_,25.75µm
m.embedding\[10\],25.74µm
m.u_conv3.u_weights._05320_,25.74µm
m.u_conv3.u_weights._11266_,25.74µm
m.u_conv3.u_weights._08948_,25.735µm
m.u_conv3.u_weights._05624_,25.71µm
m.u_conv3.u_weights._09033_,25.71µm
m.sram_req_conv2\[19\],25.69µm
m.u_conv2._0705_,25.69µm
m.u_conv3.u_weights._00218_,25.69µm
m.u_conv3.u_weights._06738_,25.69µm
m.u_conv3.u_weights._09216_,25.69µm
m.u_conv3.u_weights._12812_,25.69µm
m.u_conv3.u_weights._05788_,25.685µm
m.u_conv3.u_weights._11121_,25.68µm
m.u_conv3.u_weights._14641_,25.68µm
m.u_tree._0593_,25.68µm
m.u_conv3.u_weights._05369_,25.675µm
m.u_conv3.u_weights._09885_,25.675µm
m.u_conv2.u_loader._229_,25.66µm
m.u_conv3.u_weights._04765_,25.65µm
m.u_conv1._136_,25.63µm
m.u_conv3.u_weights._04818_,25.63µm
m.u_conv3.u_weights._05688_,25.63µm
m.u_conv3.u_weights._08004_,25.63µm
m.u_conv3.u_weights._07089_,25.62µm
m.u_conv3.u_weights._12036_,25.62µm
m.u_tree._1394_,25.62µm
m.u_conv3.u_weights._13911_,25.61µm
m.u_conv3.u_weights._12831_,25.605µm
m.u_conv3.u_weights._01268_,25.595µm
m.u_conv3.u_weights._02804_,25.59µm
m.u_conv3.u_weights._13098_,25.59µm
m.u_conv3.u_weights._11601_,25.58µm
m.u_conv2._0843_,25.57µm
m.u_conv2.acc\[14\]\[1\],25.56µm
m.u_conv3.u_weights._01749_,25.56µm
m.u_conv3.u_weights._12867_,25.56µm
m.u_conv1.u_weights._023_,25.53µm
m.u_conv3.u_weights._03485_,25.52µm
m.u_conv3.u_weights._06463_,25.52µm
m.u_conv3.u_weights._06873_,25.52µm
m.u_conv3.u_weights._09551_,25.52µm
m.u_conv3.u_weights._11576_,25.52µm
m.u_tree._1006_,25.51µm
m.sram_req_conv1\[24\],25.5µm
m.u_conv3.u_weights._05183_,25.5µm
m.u_conv3.u_weights._05514_,25.5µm
m.u_conv3.u_weights._06604_,25.5µm
m.u_conv3.u_weights._12708_,25.495µm
m.u_conv3.u_weights._07758_,25.465µm
m.u_conv3.u_weights._13586_,25.46µm
m.u_tree._1279_,25.46µm
m.u_conv3.u_weights._00424_,25.45µm
m.u_conv3.u_weights._11102_,25.45µm
m.u_conv3.u_weights._01802_,25.44µm
m.u_conv3.u_weights._01404_,25.425µm
m.u_conv3.u_weights._09311_,25.42µm
m.u_conv3.u_weights._14314_,25.42µm
m.u_conv3.u_weights._06823_,25.41µm
m.u_conv3.u_weights._11992_,25.41µm
m.u_conv3.u_weights._04653_,25.4µm
m.u_conv3.u_weights._00662_,25.39µm
m.u_conv3.u_weights._13403_,25.385µm
m.u_conv3.u_weights._00147_,25.38µm
m.u_conv3.u_weights._06483_,25.38µm
m.u_tree._0155_,25.37µm
m.u_conv2.u_loader._245_,25.365µm
m.u_pool2._051_,25.365µm
m.u_conv3.u_weights._06122_,25.35µm
m.u_conv3.u_weights._15007_,25.335µm
m.u_conv3.input_buf\[29\],25.33µm
m.u_conv3.u_weights._01746_,25.33µm
m.u_conv3.u_weights._09179_,25.33µm
m.u_conv1._038_,25.325µm
m.u_conv1.u_loader._255_,25.32µm
m.u_conv3.u_weights._06433_,25.32µm
m.u_conv3.u_weights._07577_,25.32µm
net2271,25.315µm
m.u_conv3.u_weights._09609_,25.305µm
m.u_conv3.u_weights._10182_,25.305µm
m.u_conv3.u_weights._03223_,25.3µm
m.u_conv3.u_weights._04436_,25.3µm
m.u_pool1._058_,25.3µm
m.u_conv3.u_weights._01136_,25.27µm
m.u_conv3.u_weights._02376_,25.26µm
m.u_conv3.u_weights._05570_,25.26µm
m.u_conv3.u_weights._08396_,25.26µm
m.u_conv3.u_weights._12969_,25.26µm
m.u_conv3.u_weights._01278_,25.255µm
m.u_conv2.acc\[31\]\[1\],25.23µm
m.u_conv3.u_weights._05942_,25.23µm
m.u_conv3.u_weights._06913_,25.23µm
m.u_conv3.u_weights._11240_,25.215µm
m.u_conv2.u_loader._407_,25.21µm
m.u_conv3.u_weights._05241_,25.21µm
m.u_conv3.u_weights._11015_,25.21µm
m.u_tree._0223_,25.21µm
m.u_tree._0869_,25.21µm
m.u_conv2.u_loader._368_,25.2µm
m.u_conv2.acc\[9\]\[2\],25.185µm
m.u_conv3.u_weights._08655_,25.185µm
m.u_conv2._0707_,25.175µm
m.u_conv3.u_weights._11591_,25.175µm
m.u_conv3.u_weights._04609_,25.17µm
m.u_conv1.u_loader._404_,25.155µm
net2326,25.15µm
m.u_conv3.u_weights._07174_,25.145µm
m.u_conv2.acc\[60\]\[6\],25.14µm
m.u_conv3.u_weights._11016_,25.135µm
m.u_conv3.u_weights._11878_,25.125µm
m.u_conv3.u_weights._12980_,25.1µm
m.u_tree._1539_,25.1µm
m._101_,25.08µm
m.u_conv3.u_weights._02290_,25.08µm
m.u_conv3.u_weights._01383_,25.075µm
m.u_conv3.u_weights._07386_,25.075µm
m.u_conv2.acc\[18\]\[0\],25.05µm
m.u_pool1._112_,25.05µm
m.u_conv3.u_weights._14070_,25.035µm
m.u_conv3.u_weights._02699_,25.02µm
m.u_conv3.u_weights._08316_,25.02µm
m.u_tree._0652_,25.015µm
m.u_conv3.u_weights._15345_,25µm
m.u_conv3.u_weights._01134_,24.99µm
net2985,24.985µm
m.u_conv3.u_weights._01517_,24.97µm
m.u_conv3.u_weights._08539_,24.97µm
m.u_conv3.u_weights._10294_,24.965µm
m.u_conv3.u_weights._10709_,24.96µm
m.u_conv2.acc\[16\]\[3\],24.955µm
m.u_conv2.u_loader._165_,24.93µm
m.u_conv3.u_weights._02365_,24.92µm
m.u_conv3.u_weights._03052_,24.92µm
m.u_conv2._0740_,24.91µm
m.u_conv3.u_weights._07105_,24.91µm
m.u_conv2.acc\[3\]\[3\],24.905µm
m.sram_req_conv2\[5\],24.9µm
m.u_conv1.u_loader._330_,24.9µm
m.u_conv2.acc\[35\]\[4\],24.9µm
m.u_conv2._0671_,24.885µm
m.u_conv2.u_weights._240_,24.885µm
m.u_conv3.u_weights._08921_,24.885µm
m.u_conv3.u_weights._08077_,24.88µm
m.u_conv3.u_weights._14748_,24.865µm
m.u_conv3.u_weights._11117_,24.86µm
m.u_conv3.u_weights._11262_,24.86µm
m.u_conv3.u_weights._05684_,24.85µm
m.u_conv3.u_weights._09847_,24.85µm
m.u_conv2._0825_,24.84µm
m.u_conv3.u_weights._02143_,24.84µm
m.u_conv3.u_weights._06645_,24.835µm
net2804,24.835µm
m.u_conv1._137_,24.825µm
m.u_conv3.u_weights._02690_,24.82µm
m.u_conv3.u_weights._05826_,24.82µm
m.u_conv3.u_weights._06740_,24.82µm
m.u_conv2.acc\[9\]\[4\],24.8µm
m.u_tree._1187_,24.8µm
m.u_conv3.u_weights._04592_,24.79µm
m.u_tree._0882_,24.79µm
m.u_conv1.u_weights._055_,24.785µm
m.u_conv3.u_weights._08579_,24.78µm
m.u_conv3.u_weights._12082_,24.78µm
m.u_conv3.u_weights._00875_,24.775µm
m.u_conv3.u_weights._00127_,24.765µm
m.u_conv3.u_weights._09499_,24.76µm
m.u_conv3.u_weights._12737_,24.76µm
m.u_conv1._155_,24.75µm
net354,24.735µm
m.u_conv2.acc\[26\]\[5\],24.73µm
m.u_conv3.u_weights._02420_,24.73µm
m.u_conv3.u_weights._02485_,24.73µm
m.u_conv3.u_weights._08747_,24.73µm
m.u_conv3.u_weights._14833_,24.73µm
m.u_pool1.bot_byte_reg\[7\],24.73µm
m.u_conv2._0583_,24.72µm
m.u_conv3.u_weights._01433_,24.72µm
m.u_tree._0739_,24.72µm
m.u_conv3.u_weights._02236_,24.715µm
m.u_conv2.acc\[18\]\[4\],24.68µm
m.u_conv3.u_weights._12119_,24.68µm
m.u_conv3.u_weights._13639_,24.68µm
m.u_conv1.u_weights._022_,24.67µm
m.u_conv3.u_weights._05023_,24.67µm
m.u_tree._1260_,24.67µm
m.u_tree._1104_,24.665µm
m.u_conv3.u_weights._14549_,24.66µm
m.u_conv3.u_weights._13917_,24.65µm
m.u_conv2.acc\[15\]\[3\],24.645µm
m.u_conv1.u_loader._171_,24.63µm
m.u_conv3.u_weights._15514_,24.625µm
m.u_conv3.u_weights._03832_,24.62µm
m.u_conv3.u_weights._14809_,24.62µm
m.u_conv3.u_weights._15272_,24.62µm
m.u_tree._0588_,24.62µm
m.u_conv3.u_weights._07256_,24.61µm
net2239,24.61µm
m.u_conv3.u_weights._01764_,24.6µm
m.u_conv3.u_weights._00242_,24.57µm
m.u_conv3.u_weights._00801_,24.57µm
m.u_conv3.u_weights._15595_,24.57µm
m.u_conv1.u_loader._160_,24.56µm
m.u_conv2.acc\[52\]\[3\],24.55µm
m.u_conv3.u_weights._00307_,24.55µm
m.u_conv3.u_weights._05272_,24.55µm
m.u_tree._0602_,24.545µm
m.u_conv2._0815_,24.54µm
m.u_conv2.u_loader._140_,24.54µm
m.u_tree._0416_,24.54µm
m.u_tree._0467_,24.52µm
m.u_conv3.u_weights._13205_,24.515µm
m.u_conv3.u_weights._06642_,24.51µm
m.u_conv3.u_weights._08438_,24.51µm
m.u_conv3.u_weights._09439_,24.51µm
m.u_conv2._0592_,24.49µm
m.u_conv2.u_loader._442_,24.49µm
m.u_conv3.u_weights._03282_,24.49µm
m.u_conv3.u_weights._08708_,24.49µm
m.u_conv3.u_weights._11867_,24.49µm
m.u_tree._1182_,24.49µm
m.u_conv3.u_weights._11980_,24.48µm
m.u_conv2.acc\[53\]\[2\],24.465µm
m.u_conv3.u_weights._12187_,24.44µm
m.u_conv3.u_weights._14564_,24.44µm
m.u_conv3.u_weights._05972_,24.43µm
m.u_conv3.u_weights._08781_,24.43µm
m.u_conv3.u_weights._11550_,24.43µm
m.u_conv3.u_weights._12882_,24.43µm
m.u_conv3.u_weights._06078_,24.42µm
m.u_conv3.u_weights._11057_,24.42µm
net2878,24.41µm
m.u_conv3.u_weights._02602_,24.405µm
m.u_tree._1370_,24.405µm
m.u_conv3.u_weights._02058_,24.39µm
m.u_conv3.u_weights._11937_,24.38µm
m.u_conv3.u_weights._13207_,24.38µm
m.u_conv3.u_weights._00493_,24.37µm
m.u_pool2._066_,24.36µm
m.u_conv3.u_weights._08238_,24.345µm
m.u_conv3.u_weights._13338_,24.32µm
m.u_conv1.u_loader._071_,24.31µm
m.u_conv2._0685_,24.31µm
m.u_conv2.acc\[26\]\[0\],24.31µm
m.u_conv3.u_weights._00430_,24.31µm
m.u_conv3.u_weights._12257_,24.305µm
m.u_conv3.u_weights._05415_,24.3µm
m.u_conv3.u_weights._08995_,24.28µm
m.u_pool2._076_,24.27µm
m.u_conv3.u_weights._00653_,24.265µm
m.u_conv3.u_weights._09471_,24.26µm
m.u_conv3.u_weights._12871_,24.26µm
m.u_conv1._148_,24.25µm
m.u_conv2._0627_,24.25µm
m.u_conv3.u_weights._09069_,24.25µm
m.u_conv3.u_weights._12458_,24.25µm
m.u_conv3.u_weights._13747_,24.24µm
m.u_tree._0644_,24.24µm
m.u_pool1._185_,24.235µm
m.u_conv3.u_weights._00637_,24.205µm
m.u_conv2.acc\[52\]\[4\],24.2µm
m.u_conv2._0518_,24.19µm
m.u_conv2._0787_,24.19µm
m.u_conv3.u_weights._00118_,24.19µm
m.u_conv3.u_weights._01059_,24.19µm
m.u_conv3.u_weights._05668_,24.18µm
m.u_pool2._127_,24.18µm
m.u_conv1.row_out\[2\],24.175µm
m.u_conv2.u_weights._179_,24.165µm
m.u_conv1._130_,24.155µm
m.u_conv2.acc\[58\]\[6\],24.145µm
m.u_conv3.u_weights._04632_,24.145µm
m.u_conv3.u_weights._04898_,24.135µm
m.u_conv3.u_weights._01058_,24.13µm
m.u_conv3.u_weights._02013_,24.13µm
m.u_conv3.u_weights._04025_,24.13µm
m.u_conv3.u_weights._04084_,24.13µm
m.u_conv3.u_weights._13656_,24.13µm
m.u_conv2.acc\[41\]\[3\],24.125µm
m.u_conv3.u_weights._07531_,24.12µm
m.u_conv3.u_weights._10169_,24.12µm
m.u_conv3.u_weights._04141_,24.115µm
m.u_conv3._193_,24.08µm
m.u_conv3.u_weights._02618_,24.08µm
m.u_conv3.u_weights._11164_,24.08µm
m.u_tree._0207_,24.08µm
m.u_conv2.acc\[44\]\[0\],24.07µm
m.u_conv3.u_weights._03209_,24.06µm
m.u_conv3.u_weights._05841_,24.055µm
m.u_conv3.u_weights._09039_,24.04µm
m.u_conv3.u_weights._12815_,24.04µm
m.u_conv3.u_weights._13602_,24.04µm
m.u_conv3.u_weights._06760_,24.035µm
m.u_conv2.u_weights._302_,24.02µm
m.u_conv3._002_,24.02µm
m.u_conv3.u_weights._12956_,24.02µm
m.sram_req_pool2\[18\],24.01µm
m.u_conv2.acc\[41\]\[4\],24.01µm
m.u_conv3.u_weights._10784_,24.01µm
m.u_pool1._057_,24.01µm
m.u_conv3.u_weights._00134_,24µm
m.u_tree._1146_,24µm
m.u_conv3.u_weights._05505_,23.985µm
m.u_conv3.u_weights._04967_,23.96µm
m.u_conv3.u_weights._10882_,23.95µm
m.u_conv3.u_weights._13849_,23.95µm
m.u_conv3.u_weights._02327_,23.945µm
m.u_conv2._1081_,23.94µm
m.u_conv3.u_weights._14390_,23.94µm
m.u_pool2._096_,23.94µm
m.u_conv3.u_weights._06669_,23.935µm
m.u_pool1._039_,23.92µm
m.u_conv3._205_,23.915µm
m.u_conv3.u_weights._08186_,23.915µm
m.u_conv3.u_weights._02535_,23.905µm
m.u_tree._0343_,23.9µm
m.u_conv2._0572_,23.89µm
m.u_conv2.u_weights._234_,23.89µm
m.u_conv3.u_weights._03390_,23.89µm
m.u_conv3.u_weights._12599_,23.89µm
m.u_conv3.u_weights._14247_,23.89µm
m.u_conv1.sram_req_load\[21\],23.88µm
m.u_conv3.u_weights._02950_,23.88µm
m.u_conv2.acc\[47\]\[3\],23.875µm
m.u_conv3.u_weights._11774_,23.865µm
m.u_conv3.u_weights._03551_,23.86µm
m.u_conv3.u_weights._09110_,23.86µm
m.u_conv3.u_weights._14366_,23.86µm
m.u_conv3.u_weights._11512_,23.84µm
m.u_conv3.u_weights._08031_,23.825µm
m.u_conv1.u_loader._434_,23.82µm
m.u_conv3.u_weights._06182_,23.82µm
m.u_conv2.u_loader._129_,23.8µm
m.u_conv3.u_weights._04859_,23.79µm
m.u_conv3.u_weights._13929_,23.79µm
m.u_conv2.u_loader._088_,23.78µm
m.u_pool2._089_,23.775µm
m.u_conv2._0722_,23.77µm
m.u_conv3.u_weights._03950_,23.77µm
m.u_conv3.u_weights._05491_,23.77µm
m.u_conv3.u_weights._09250_,23.77µm
m.u_tree._0837_,23.77µm
m.u_conv3.u_weights._04383_,23.765µm
m.u_conv3.u_weights._12854_,23.765µm
m.u_conv1.sram_req_load\[24\],23.76µm
m.u_conv3.u_weights._11903_,23.76µm
m.u_conv3.u_weights._08118_,23.755µm
m.u_conv3.u_weights._03891_,23.74µm
m.u_conv2.acc\[55\]\[6\],23.73µm
m.u_conv3.u_weights._09284_,23.73µm
m.u_conv3.u_weights._05902_,23.72µm
m.u_conv3.u_weights._06164_,23.72µm
m.u_conv2.acc\[51\]\[3\],23.71µm
m.u_conv3.u_weights._04454_,23.71µm
m.u_conv3.u_weights._06445_,23.71µm
m.u_conv3.u_weights._13658_,23.705µm
m.u_conv3.u_weights._11259_,23.7µm
m.u_conv3.u_weights._14206_,23.7µm
m.u_conv3.u_weights._07757_,23.685µm
m.u_conv2.u_weights._383_,23.67µm
m.conv3_start,23.665µm
m.u_conv2.acc\[13\]\[0\],23.665µm
m.u_conv2.u_weights._002_,23.665µm
net2852,23.665µm
m.u_conv3.u_weights._03559_,23.66µm
m.u_conv3.u_weights._10660_,23.66µm
m.u_conv3.u_weights._11516_,23.66µm
m.u_conv3.u_weights._12043_,23.66µm
m.u_conv3.u_weights._08586_,23.65µm
m.u_conv3.u_weights._09894_,23.65µm
m.u_conv3.u_weights._11452_,23.65µm
m.u_conv3.u_weights._05479_,23.64µm
m.u_conv3.u_weights._10396_,23.64µm
m.u_conv3.u_weights._09585_,23.635µm
m.u_conv3.u_weights._13915_,23.63µm
m.u_conv3.u_weights._04738_,23.61µm
m.u_conv2.acc\[7\]\[6\],23.605µm
m.u_conv3.u_weights._08985_,23.605µm
m.u_conv1.u_weights._154_,23.6µm
m.u_conv3.u_weights._04131_,23.6µm
m.u_conv2.u_loader._199_,23.595µm
m.u_conv3.u_weights._04697_,23.59µm
m.u_conv3.u_weights._06412_,23.59µm
m.u_conv3.u_weights._13069_,23.585µm
m.u_conv2.u_loader._423_,23.58µm
m.u_conv1.u_weights._081_,23.55µm
m.u_conv3.u_weights._03326_,23.55µm
m.u_pool2.top_byte_reg\[3\],23.55µm
m.u_conv3.u_weights._01234_,23.545µm
m.u_conv3.u_weights._09194_,23.54µm
m.u_conv3.u_weights._07834_,23.535µm
m.u_conv2._0557_,23.53µm
m.u_conv2.u_loader._214_,23.53µm
m.u_conv3.u_weights._05653_,23.53µm
m.u_conv3.u_weights._03130_,23.515µm
m.u_conv3.u_weights._05006_,23.515µm
m.u_conv3.u_weights._11472_,23.51µm
m.u_pool2._057_,23.51µm
m.u_conv1.u_loader._202_,23.495µm
m.u_conv3.u_weights._11692_,23.47µm
m.u_conv3.u_weights._14369_,23.47µm
m.u_conv3.u_weights._14666_,23.47µm
net3016,23.465µm
m.u_conv2.u_loader._151_,23.46µm
m.u_conv3.u_weights._01032_,23.46µm
m.u_conv3.u_weights._03424_,23.46µm
m.u_conv3.u_weights._08633_,23.46µm
m.u_conv3.u_weights._09122_,23.46µm
m.u_conv3.u_weights._13116_,23.46µm
m.u_tree._1266_,23.46µm
m.u_conv2.acc\[10\]\[6\],23.455µm
m.u_conv2.acc\[15\]\[6\],23.455µm
m.u_conv3.u_weights._12522_,23.455µm
m.u_pool1._002_,23.455µm
m.u_conv2.u_loader._227_,23.45µm
m.u_conv3.u_weights._04246_,23.45µm
m.u_conv3.u_weights._06487_,23.445µm
m.u_conv3.u_weights._15089_,23.445µm
m.u_conv3.u_weights._10785_,23.44µm
m.u_conv3.u_weights._14481_,23.43µm
m.u_conv2.acc\[35\]\[3\],23.42µm
m.u_conv3.u_weights._12821_,23.42µm
m.u_conv2._0594_,23.41µm
m.u_conv3.u_weights._00898_,23.41µm
m.u_conv3.u_weights._03778_,23.41µm
m.u_conv3.u_weights._06652_,23.41µm
m.u_conv3.u_weights._07590_,23.41µm
m.u_conv3.u_weights._08345_,23.41µm
m.u_conv3.u_weights._10954_,23.41µm
m.u_conv3.u_weights._00868_,23.395µm
m.u_conv3.u_weights._11933_,23.395µm
m.u_pool2._145_,23.395µm
m.u_conv3.u_weights._08406_,23.385µm
m.u_conv3.u_weights._12294_,23.385µm
m.u_conv3.u_weights._07927_,23.38µm
m.u_conv3.u_weights._12378_,23.38µm
m.u_conv3.u_weights._13767_,23.38µm
m.u_conv2._0519_,23.365µm
m.u_conv3.u_weights._08376_,23.365µm
m.u_conv3.u_weights._03234_,23.355µm
m.u_conv2._0681_,23.35µm
m.u_conv2._0791_,23.35µm
m.u_conv3.u_weights._11014_,23.35µm
m.u_tree._0185_,23.34µm
m.u_conv2.acc\[40\]\[1\],23.32µm
m.u_conv3.u_weights._13958_,23.32µm
m.u_conv3.u_weights._08728_,23.31µm
m.u_conv3.u_weights._12068_,23.305µm
m._021_,23.3µm
m.u_conv2._0606_,23.29µm
m.u_conv2._0644_,23.29µm
m.u_conv3.u_weights._13789_,23.29µm
m.u_tree._1301_,23.29µm
m.u_conv1.u_weights._145_,23.275µm
m.u_conv3.u_weights._00156_,23.275µm
m.u_pool1._132_,23.275µm
m.u_conv2.acc\[46\]\[2\],23.255µm
m.u_tree._0447_,23.255µm
m.u_conv2.acc\[17\]\[4\],23.245µm
m.u_conv3.u_weights._04342_,23.245µm
m.u_conv2.acc\[46\]\[4\],23.24µm
m.u_conv3.u_weights._04019_,23.24µm
m.u_conv3.u_weights._06953_,23.24µm
m.u_conv3.u_weights._00948_,23.235µm
m.u_conv3.u_weights._15622_,23.235µm
m.u_conv3.u_weights._03802_,23.23µm
m.u_conv3.u_weights._09464_,23.23µm
m.u_conv2._0893_,23.22µm
m.u_conv3.u_weights._01169_,23.22µm
m.u_conv3.u_weights._04298_,23.22µm
m.u_conv3.u_weights._12907_,23.22µm
m.u_conv3.u_weights._06573_,23.215µm
m.u_conv3.u_weights._11794_,23.215µm
m.u_conv3.u_weights._03481_,23.2µm
m.u_conv3.u_weights._03339_,23.19µm
m.u_conv3.u_weights._09703_,23.19µm
m.u_conv3.u_weights._13260_,23.19µm
m.u_tree._1264_,23.185µm
m.u_conv3.u_weights._08934_,23.18µm
m.u_pool2.bot_byte_reg\[3\],23.18µm
m.u_tree._0717_,23.18µm
m.u_conv2._0738_,23.17µm
m.u_conv2.buffer_reg\[5\],23.17µm
m.u_conv3.u_weights._01660_,23.17µm
m.u_conv3.u_weights._07043_,23.17µm
m.u_conv3.u_weights._08163_,23.17µm
m.u_conv3.u_weights._08884_,23.17µm
m.u_conv3.u_weights._11157_,23.17µm
m.u_conv3.u_weights._14585_,23.17µm
m.u_conv3.u_weights._01448_,23.165µm
m.u_conv3.u_weights._10330_,23.16µm
m.u_conv3.u_weights._03670_,23.155µm
m.u_conv3.u_weights._00924_,23.13µm
m.u_conv3.u_weights._14202_,23.13µm
m.u_tree._0250_,23.13µm
m.u_pool1._040_,23.125µm
m.u_conv3.u_weights._04909_,23.12µm
m.u_conv3.u_weights._15142_,23.12µm
m.u_conv2.acc\[46\]\[6\],23.115µm
m.u_conv3.u_weights._03490_,23.11µm
m.u_conv3.u_weights._08029_,23.11µm
m.u_conv3.u_weights._13661_,23.11µm
m.u_conv3.u_weights._04971_,23.105µm
m.u_conv3.u_weights._14186_,23.105µm
m.u_conv1._081_,23.095µm
m.u_conv1.u_weights._044_,23.075µm
m.u_conv3.u_weights._01201_,23.07µm
m.u_conv3.u_weights._09890_,23.07µm
m.u_conv3.u_weights._08442_,23.06µm
net2832,23.06µm
m.u_conv2.acc\[58\]\[4\],23.055µm
m.u_conv2.buffer_reg\[12\],23.05µm
m.u_conv3.u_weights._03914_,23.05µm
m.u_conv3.u_weights._06014_,23.05µm
m.u_tree._0953_,23.05µm
m.u_conv3.u_weights._09101_,23.045µm
m.u_conv1.u_weights._026_,23.04µm
m.u_conv2.acc\[57\]\[0\],23.04µm
m.u_conv3.u_weights._15224_,23.04µm
m.u_tree._0641_,23.04µm
net2295,23.04µm
m.u_conv3.u_weights._08650_,23.025µm
m.u_conv1.u_loader._207_,23.01µm
m.u_tree._0415_,23µm
m.u_conv3.u_weights._08358_,22.99µm
m.u_conv3.u_weights._15527_,22.985µm
m.u_conv3.u_weights._12752_,22.98µm
m.u_conv3.u_weights._08594_,22.945µm
m.u_conv3.u_weights._05652_,22.94µm
m.u_conv3.u_weights._11732_,22.94µm
m.u_conv3.u_weights._13048_,22.94µm
m.u_conv2._0833_,22.93µm
m.u_conv3.u_weights._06520_,22.93µm
m.u_conv3.u_weights._07581_,22.93µm
m.u_pool2.bot_byte_reg\[7\],22.93µm
m.u_conv3.u_weights._01154_,22.925µm
m.u_conv3.u_weights._02253_,22.925µm
m.u_conv3.u_weights._06808_,22.92µm
m.u_tree._1340_,22.92µm
m.u_conv3.u_weights._13584_,22.915µm
m.u_conv1.u_weights._087_,22.91µm
m.u_conv3.u_weights._00500_,22.9µm
m.u_conv3.u_weights._01978_,22.9µm
m.u_conv3.u_weights._02892_,22.9µm
m.u_conv3.u_weights._11873_,22.9µm
m.u_conv3.u_weights._13561_,22.9µm
m.u_conv3.u_weights._12425_,22.89µm
m.u_conv3.u_weights._09492_,22.885µm
m.u_conv2.acc\[6\]\[4\],22.88µm
m.u_conv2.acc\[8\]\[6\],22.88µm
m.u_conv2.u_loader._038_,22.88µm
m.u_conv2.u_loader._213_,22.88µm
m.u_tree._0521_,22.88µm
m.u_pool2.bot_byte_reg\[0\],22.875µm
m.u_conv2._0560_,22.87µm
m.u_conv3.u_weights._05997_,22.87µm
clknet_1_0__leaf_clk,22.87µm
m.u_conv2.acc\[54\]\[5\],22.86µm
m.u_conv3.u_weights._09522_,22.86µm
m.u_tree._1242_,22.86µm
m.u_conv3.u_weights._09872_,22.855µm
m.u_conv3.u_weights._08669_,22.84µm
m.u_conv3.u_weights._10855_,22.83µm
m.u_conv3.u_weights._13090_,22.825µm
m.sram_req_pool1\[24\],22.82µm
m.u_conv3.u_weights._01644_,22.82µm
m.u_conv3.u_weights._07624_,22.82µm
m.u_tree._0480_,22.82µm
m.u_conv3.u_weights._05620_,22.815µm
m._060_,22.81µm
m.u_conv2.u_weights._064_,22.81µm
m.u_conv3.u_weights._14969_,22.81µm
m.u_conv2._0679_,22.8µm
m.u_conv3.u_weights._10895_,22.8µm
m.u_conv3.u_weights._09142_,22.795µm
m.u_conv3.u_weights._15038_,22.795µm
m.u_conv1.u_loader._229_,22.77µm
m.u_conv3.u_weights._06702_,22.77µm
m.u_conv3.u_weights._02246_,22.76µm
m.u_tree._0826_,22.76µm
m.u_conv2._0753_,22.75µm
m.u_conv3.u_weights._02060_,22.75µm
m.u_conv3.u_weights._06509_,22.75µm
m.u_conv3.u_weights._06904_,22.75µm
m.u_conv2.u_weights._112_,22.74µm
m.u_conv3.u_weights._05420_,22.74µm
m.u_conv3.u_weights._05716_,22.74µm
m.u_conv3.u_weights._13400_,22.74µm
m.u_conv3.u_weights._07817_,22.735µm
m.u_conv3.u_weights._10613_,22.735µm
m.u_tree._0519_,22.72µm
m.u_conv3.u_weights._09368_,22.71µm
m.u_conv3.u_weights._15753_,22.71µm
m.u_conv3.u_weights._15106_,22.705µm
m.u_conv3.u_weights._05813_,22.7µm
m.u_conv3.u_weights._07412_,22.7µm
m.u_conv3.u_weights._10604_,22.7µm
m.u_conv3.u_weights._11425_,22.7µm
m.u_conv3.u_weights._12497_,22.7µm
m.u_conv3.u_weights._02963_,22.69µm
m.u_conv3.u_weights._03301_,22.69µm
m.u_conv3.u_weights._10062_,22.69µm
m.u_conv3.u_weights._03727_,22.67µm
m.u_conv3.u_weights._15414_,22.65µm
m.u_conv2.acc\[20\]\[1\],22.64µm
m.u_conv3._182_,22.64µm
m.u_conv3.u_weights._06388_,22.64µm
m.u_conv3.u_weights._11000_,22.64µm
m.u_conv3.u_weights._13377_,22.64µm
m.u_tree._1516_,22.64µm
m.u_conv3.u_weights._00182_,22.635µm
m.u_conv2._0901_,22.63µm
m.u_conv2.acc\[38\]\[5\],22.63µm
m.u_conv3.u_weights._02062_,22.63µm
m.u_conv3.u_weights._09150_,22.63µm
m.u_conv3.u_weights._09348_,22.63µm
m.u_conv2.u_loader._315_,22.62µm
m.u_conv3.u_weights._01487_,22.62µm
m.u_conv3.u_weights._12757_,22.62µm
m.u_conv2.acc\[38\]\[4\],22.605µm
m.u_conv3.u_weights._08981_,22.605µm
m.u_conv3.u_weights._07218_,22.595µm
m.u_conv3.u_weights._01772_,22.59µm
m.u_tree._0782_,22.59µm
m.u_conv2.u_weights._392_,22.58µm
m.u_conv3.u_weights._12266_,22.58µm
m.u_conv3.u_weights._02126_,22.575µm
m.sram_req_mnist\[19\],22.57µm
m.u_conv2.u_weights._345_,22.57µm
m.u_conv3.u_weights._01946_,22.57µm
m.u_conv3.u_weights._02294_,22.57µm
m.u_conv3.u_weights._02338_,22.57µm
m.u_conv3.u_weights._02570_,22.57µm
m.u_conv3.u_weights._05613_,22.57µm
m.u_conv3.u_weights._02537_,22.56µm
m.u_conv1.u_loader._256_,22.555µm
m.u_conv3.u_weights._05591_,22.545µm
m.u_conv3.u_weights._06107_,22.54µm
m.u_tree._0960_,22.54µm
m.u_conv2._0489_,22.52µm
m.u_conv3.u_weights._14714_,22.515µm
m.u_conv3.input_buf\[44\],22.51µm
m.u_conv3.u_weights._01778_,22.51µm
m.u_conv3.u_weights._15510_,22.5µm
m.u_conv2.acc\[14\]\[0\],22.495µm
m.u_conv3.u_weights._05339_,22.495µm
m.u_pool1._164_,22.485µm
m.u_conv3.u_weights._09588_,22.47µm
m.u_conv3.u_weights._05263_,22.46µm
m.u_conv3.u_weights._07252_,22.46µm
m.u_conv3.u_weights._08534_,22.46µm
m.u_conv2._0851_,22.45µm
m.u_conv3.u_weights._07656_,22.45µm
m.u_conv3.u_weights._02593_,22.445µm
m.u_conv2.u_weights._077_,22.44µm
m.u_conv3.u_weights._15674_,22.44µm
m.u_conv3.u_weights._06631_,22.42µm
m.u_conv3.u_weights._10139_,22.42µm
m.u_conv3.u_weights._13822_,22.42µm
m.u_conv3.u_weights._11246_,22.41µm
m.u_conv3.u_weights._10652_,22.4µm
m.u_conv3.u_weights._05569_,22.395µm
m.u_conv3.u_weights._03403_,22.39µm
m.u_conv3.u_weights._01808_,22.38µm
m.u_conv3.u_weights._08783_,22.38µm
m.u_conv3.u_weights._09511_,22.38µm
m.u_conv2._0776_,22.375µm
m.u_conv3.u_weights._03996_,22.375µm
m.u_tree._0022_,22.355µm
m.u_conv3.u_weights._02692_,22.35µm
m.u_conv3.u_weights._07826_,22.35µm
m.u_tree._0585_,22.35µm
m.u_conv3.u_weights._01023_,22.34µm
m.u_conv3.u_weights._09893_,22.34µm
m.u_tree._0136_,22.34µm
m.u_tree._0446_,22.34µm
m.u_conv1.u_loader._376_,22.33µm
m.u_conv3.u_weights._01770_,22.33µm
m.u_conv3.u_weights._08688_,22.33µm
m.u_tree._1475_,22.33µm
m.u_conv3.u_weights._12656_,22.325µm
m.u_conv2.u_weights._307_,22.32µm
m.u_conv3.u_weights._06739_,22.32µm
m.u_conv3.u_weights._14135_,22.32µm
m.u_conv3.u_weights._14291_,22.32µm
m.u_conv3.u_weights._04910_,22.31µm
m.u_conv2.acc\[50\]\[0\],22.285µm
m.u_conv2.acc\[17\]\[0\],22.28µm
m.u_conv2.acc\[29\]\[5\],22.28µm
m.u_conv2.u_loader._432_,22.28µm
m.u_conv3.u_weights._03899_,22.28µm
m.u_conv3.u_weights._11998_,22.28µm
m.u_conv1.u_loader._234_,22.27µm
m.u_conv2.acc\[9\]\[1\],22.27µm
m.u_conv3.u_weights._11077_,22.27µm
m.u_conv3.u_weights._09720_,22.26µm
m.u_tree._1128_,22.26µm
m.u_conv3.u_weights._10111_,22.255µm
m.u_conv3.u_weights._10418_,22.255µm
m.u_conv3.u_weights._02728_,22.24µm
m.u_conv3.u_weights._00350_,22.235µm
m.u_conv1.u_loader._177_,22.23µm
m.u_conv2.acc\[44\]\[3\],22.23µm
m.u_conv3.u_weights._03318_,22.23µm
m.u_conv3.u_weights._08527_,22.23µm
m.u_conv3.u_weights._12760_,22.23µm
m.u_pool2._075_,22.225µm
m.u_conv3.u_weights._01458_,22.22µm
m.u_conv3.u_weights._01630_,22.22µm
m.u_conv3.u_weights._01862_,22.22µm
m.u_conv3.u_weights._04964_,22.22µm
m.u_conv3.u_weights._10273_,22.22µm
m.u_conv3.u_weights._14570_,22.22µm
m.u_tree._1162_,22.215µm
m.u_conv3.u_weights._06937_,22.21µm
m.u_conv3.u_weights._15688_,22.21µm
m.u_tree._0639_,22.21µm
m.u_conv2._0762_,22.2µm
m.u_tree._1251_,22.2µm
m.u_conv3.u_weights._13323_,22.195µm
m.u_tree._1206_,22.185µm
m.u_conv3.u_weights._03548_,22.175µm
m.u_conv3.u_weights._00092_,22.155µm
m.u_conv3.u_weights._04344_,22.155µm
m.u_conv2.u_weights._268_,22.15µm
m.u_tree._1387_,22.15µm
m.u_conv2.u_weights._078_,22.14µm
m.u_conv3.u_weights._03081_,22.14µm
m.u_conv3.u_weights._06226_,22.14µm
m.u_conv3.u_weights._14625_,22.14µm
m.u_conv3.u_weights._07220_,22.13µm
m.u_conv1._110_,22.125µm
m.u_conv2.u_weights._031_,22.115µm
m.u_conv3.u_weights._06613_,22.11µm
m.u_conv3.u_weights._15463_,22.11µm
m.u_conv3.u_weights._04876_,22.105µm
m.u_conv3.u_weights._15601_,22.105µm
m.u_conv3.u_weights._07908_,22.1µm
m.u_conv3.u_weights._10379_,22.1µm
m.u_conv3.u_weights._10464_,22.09µm
m.u_conv3.u_weights._10907_,22.09µm
m.u_conv2._0730_,22.08µm
m.u_conv3.u_weights._03571_,22.08µm
m.u_conv2.acc\[13\]\[2\],22.075µm
m.u_conv2.acc\[17\]\[1\],22.075µm
m.u_conv3.u_weights._11125_,22.075µm
m.u_conv3.u_weights._00246_,22.065µm
m.u_conv3.u_weights._00381_,22.065µm
m.u_conv3.u_weights._15661_,22.065µm
m.u_pool1._138_,22.05µm
m.u_tree._0719_,22.04µm
m.u_conv3.u_weights._09224_,22.03µm
m.u_conv2._0747_,22.02µm
m.u_conv3.u_weights._14866_,22.02µm
m.u_conv3.u_weights._15218_,22.02µm
m.u_conv3.u_weights._08326_,22.015µm
m.u_conv3.u_weights._10625_,22.015µm
m.u_tree._0525_,22.015µm
m.u_conv2.u_loader._121_,22.01µm
m.u_pool2._074_,22.005µm
m.u_conv3.u_weights._05671_,21.99µm
m.u_conv3.u_weights._07955_,21.99µm
m.u_conv3.u_weights._10036_,21.99µm
m.u_conv3.u_weights._10776_,21.985µm
m.u_conv3.u_weights._12247_,21.985µm
m.u_conv3.u_weights._14176_,21.985µm
m.u_conv2.u_loader._139_,21.98µm
m.u_conv3.u_weights._12329_,21.98µm
m.u_pool2.bot_byte_reg\[4\],21.98µm
m.u_conv2.acc\[0\]\[0\],21.97µm
m.u_pool1.bot_byte_reg\[5\],21.97µm
m.u_conv3.u_weights._02619_,21.965µm
m.u_conv3.u_weights._09777_,21.965µm
m.u_conv3.u_weights._02903_,21.96µm
m.u_conv3.u_weights._08525_,21.96µm
m.u_conv3.u_weights._14441_,21.96µm
m.u_pool1._052_,21.96µm
m.u_conv3.u_weights._08285_,21.955µm
m.u_conv3._199_,21.945µm
m.u_conv3.u_weights._06790_,21.945µm
m.u_conv3.u_weights._04351_,21.94µm
m.u_conv3.u_weights._10664_,21.94µm
m.u_conv3.u_weights._13762_,21.94µm
m.u_conv2.u_loader._070_,21.925µm
m.u_conv1._170_,21.92µm
m.u_conv3.u_weights._11609_,21.92µm
m.u_conv2._0765_,21.91µm
m.u_conv2.acc\[62\]\[6\],21.91µm
m.u_conv3.u_weights._03972_,21.91µm
m.u_conv3.u_weights._04128_,21.91µm
m.u_conv3.u_weights._09513_,21.91µm
m.u_tree._0653_,21.91µm
m.u_conv3.u_weights._02589_,21.905µm
m.u_conv3.u_weights._04616_,21.9µm
net2931,21.9µm
m.u_conv3.u_weights._07333_,21.895µm
m.u_conv1.u_loader._054_,21.89µm
m._035_,21.885µm
m.u_conv3.u_weights._05124_,21.885µm
m.u_conv3.u_weights._13934_,21.88µm
m.u_conv3.u_weights._02275_,21.875µm
m.u_conv3.u_weights._01294_,21.87µm
m.sram_req_conv2\[14\],21.865µm
m.u_conv1.u_weights._062_,21.86µm
m.u_conv3.u_weights._00054_,21.86µm
m.u_conv3.u_weights._03435_,21.86µm
m.u_conv3.u_weights._04593_,21.86µm
m.u_conv3.u_weights._07335_,21.86µm
m.u_conv3.u_weights._10424_,21.86µm
m.u_tree._0526_,21.86µm
net2963,21.86µm
m.u_conv2.u_weights._102_,21.85µm
m.u_conv3.u_weights._09493_,21.85µm
m.u_conv3.u_weights._09635_,21.85µm
m.u_conv3.u_weights._10880_,21.85µm
m.u_conv3.u_weights._11325_,21.85µm
m.u_conv3.u_weights._12453_,21.85µm
m.u_pool1.bot_byte_reg\[2\],21.85µm
m.u_tree._0497_,21.85µm
m.u_tree._0820_,21.85µm
m.u_tree._0915_,21.845µm
m.u_conv3.u_weights._00969_,21.84µm
m.u_tree._0917_,21.84µm
m.u_conv2.acc\[39\]\[0\],21.825µm
m.u_conv3.u_weights._12870_,21.805µm
m.u_conv3.u_weights._02585_,21.8µm
m.u_conv3.u_weights._08800_,21.8µm
m.u_conv3.u_weights._05463_,21.785µm
m.sram_req_conv1\[0\],21.78µm
m.u_conv3.u_weights._09972_,21.78µm
m.u_conv3.u_weights._00570_,21.775µm
m.u_conv3.u_weights._05169_,21.775µm
m.u_tree._0681_,21.775µm
m.u_conv3.u_weights._07036_,21.755µm
m.u_conv3.u_weights._08831_,21.75µm
m.u_conv1._005_,21.745µm
m.u_conv2.u_loader._098_,21.74µm
m.u_conv3.u_weights._02235_,21.74µm
m.u_conv3.u_weights._09502_,21.74µm
m.u_conv3.u_weights._09528_,21.74µm
m.u_conv3.u_weights._15229_,21.74µm
m.u_conv3.u_weights._15474_,21.74µm
m.u_tree._0108_,21.74µm
m.u_tree._1205_,21.74µm
m.u_conv3.u_weights._03878_,21.73µm
m.u_conv3.u_weights._08600_,21.73µm
m.u_conv3.u_weights._13649_,21.73µm
m.u_conv3.u_weights._15423_,21.73µm
m.u_tree._0101_,21.725µm
m.u_tree._0124_,21.725µm
m.u_conv3.u_weights._00746_,21.72µm
m.u_conv1.u_loader._201_,21.705µm
m.u_conv3.u_weights._07930_,21.705µm
m.u_conv3.u_weights._05784_,21.695µm
m.u_conv2.acc\[25\]\[6\],21.685µm
m.u_conv3.u_weights._07222_,21.68µm
m.u_conv3.u_weights._15450_,21.675µm
m.u_conv1._159_,21.665µm
m.u_conv3.u_weights._08965_,21.66µm
m.u_pool1._205_,21.655µm
m.u_conv3.u_weights._02352_,21.645µm
m.u_conv3.u_weights._09461_,21.63µm
m.u_conv3.u_weights._12975_,21.63µm
m.u_conv3.u_weights._05261_,21.625µm
m.u_conv3.u_weights._08346_,21.62µm
m.u_conv3.u_weights._15496_,21.615µm
m.u_conv3.u_weights._01569_,21.61µm
m.u_conv3.u_weights._05219_,21.61µm
m.u_conv3.u_weights._09276_,21.61µm
m.u_conv3.u_weights._10292_,21.61µm
m.u_conv3.u_weights._14551_,21.61µm
m.u_tree._0851_,21.61µm
m.u_conv3.u_weights._11833_,21.605µm
m.u_pool1._111_,21.6µm
m.u_conv2.acc\[21\]\[3\],21.595µm
m.u_conv3.u_weights._02285_,21.59µm
m.u_conv3.u_weights._06414_,21.57µm
m.u_tree._0579_,21.57µm
net2335,21.565µm
m.u_conv2.u_loader._152_,21.56µm
m.u_conv3.u_weights._03586_,21.55µm
m.u_conv2.acc\[41\]\[0\],21.54µm
m.u_conv2.u_loader._303_,21.54µm
m.u_conv2.acc\[57\]\[5\],21.525µm
m.u_conv3.u_weights._05867_,21.525µm
m.u_conv3.u_weights._11920_,21.51µm
net2708,21.505µm
m.u_conv1.u_weights._130_,21.5µm
m.u_conv3.u_weights._06421_,21.5µm
m.u_conv3.u_weights._15377_,21.5µm
m.u_pool1.bot_byte_reg\[3\],21.5µm
m.u_tree._1562_,21.5µm
m.u_conv3.input_buf\[46\],21.49µm
m.u_conv3.u_weights._02959_,21.48µm
m.u_conv3.u_weights._04605_,21.48µm
m.u_conv2._0844_,21.465µm
m.u_conv3.u_weights._01019_,21.46µm
m.u_conv3.u_weights._03593_,21.46µm
m.u_conv3.u_weights._11370_,21.46µm
m.u_conv2._0543_,21.44µm
m.u_pool2._108_,21.44µm
m.u_conv3.u_weights._01432_,21.435µm
m.u_conv3.u_weights._03825_,21.43µm
m.u_conv3.u_weights._15076_,21.43µm
m.u_conv3.u_weights._04299_,21.42µm
m.u_conv3.u_weights._14506_,21.42µm
m.u_conv3.u_weights._04254_,21.415µm
m.u_conv3.u_weights._07860_,21.415µm
m.u_conv3.u_weights._02555_,21.41µm
m.u_tree._0186_,21.405µm
m.u_conv3.u_weights._02610_,21.4µm
m.u_conv1._079_,21.39µm
m.u_conv1.u_weights._009_,21.39µm
m.u_conv2.u_loader._349_,21.39µm
m.u_tree._0858_,21.39µm
m.u_conv3.u_weights._05970_,21.385µm
m.u_tree._1444_,21.385µm
m.u_tree._1063_,21.38µm
m.u_conv3.u_weights._03650_,21.37µm
m.u_conv3.u_weights._09014_,21.37µm
m._073_,21.36µm
m.u_conv3.u_weights._07600_,21.36µm
m.u_conv3.u_weights._00441_,21.355µm
m.u_conv3.u_weights._03352_,21.355µm
m.u_conv3.u_weights._14060_,21.35µm
m.u_conv2.base_bit\[1\],21.33µm
m.u_conv3.u_weights._07448_,21.32µm
m.u_conv3.u_weights._08888_,21.32µm
m.u_conv3.u_weights._14243_,21.32µm
m.u_pool1._217_,21.32µm
m.sram_req_conv1\[4\],21.31µm
m.u_conv3.u_weights._02093_,21.31µm
m.u_conv3.u_weights._08588_,21.31µm
m.u_tree._1254_,21.31µm
m.u_conv3.u_weights._05612_,21.305µm
m.u_conv3.u_weights._11892_,21.305µm
m.u_conv3.u_weights._04157_,21.3µm
m.u_conv3.u_weights._08060_,21.3µm
m.u_conv3.u_weights._09855_,21.3µm
m.u_conv3.u_weights._11786_,21.3µm
m.u_conv3.u_weights._05151_,21.295µm
m.u_conv3.u_weights._15761_,21.295µm
m.u_conv3.u_weights._02140_,21.275µm
m.u_conv3.u_weights._08652_,21.27µm
m.u_conv3.u_weights._10703_,21.27µm
m.u_conv3.u_weights._12307_,21.27µm
m.u_conv3.u_weights._01729_,21.26µm
m.u_conv3.u_weights._11272_,21.26µm
m.u_conv1.u_weights._008_,21.25µm
m.u_conv2.acc\[2\]\[4\],21.25µm
m.u_conv2.u_loader._354_,21.25µm
m.u_conv3.u_weights._00017_,21.25µm
m.u_conv3.u_weights._01002_,21.25µm
m.u_conv3.u_weights._02909_,21.25µm
m.u_conv3.u_weights._03295_,21.25µm
m.u_conv3.u_weights._04256_,21.25µm
m.u_conv3.u_weights._05424_,21.25µm
m.u_conv3.u_weights._13490_,21.25µm
m.u_conv3.u_weights._15483_,21.25µm
m.u_conv2.acc\[3\]\[0\],21.24µm
m.u_conv3.u_weights._08021_,21.24µm
m.u_conv3.u_weights._09079_,21.24µm
m.u_tree._1298_,21.24µm
m.u_tree._1329_,21.24µm
m.u_conv2._0783_,21.225µm
m.u_conv3.u_weights._12351_,21.215µm
m.u_conv3.u_weights._08627_,21.21µm
m.u_conv2.u_weights._337_,21.205µm
m.u_conv3.u_weights._00802_,21.205µm
m.u_conv3.u_weights._10181_,21.205µm
m.u_conv2.u_weights._004_,21.2µm
m.u_conv3.u_weights._08110_,21.19µm
m.u_tree._0456_,21.19µm
m.u_conv3.u_weights._06762_,21.185µm
m.u_conv3.u_weights._14848_,21.18µm
m.u_conv3.u_weights._11426_,21.175µm
m.u_conv2.u_loader._206_,21.17µm
m.u_conv3.u_weights._05085_,21.15µm
m.u_conv3.u_weights._05918_,21.15µm
m.u_tree._0427_,21.14µm
m.u_tree._0655_,21.14µm
m.u_conv3.u_weights._15123_,21.135µm
m.u_conv3.u_weights._00416_,21.13µm
m.u_conv3.u_weights._08699_,21.13µm
m.u_conv3.u_weights._12845_,21.13µm
m.u_conv3.u_weights._13670_,21.13µm
m.u_conv3.u_weights._13823_,21.13µm
m.u_conv3.u_weights._14813_,21.13µm
m.u_conv3.u_weights._07104_,21.125µm
m.u_conv3._163_,21.105µm
m.u_conv3.u_weights._03888_,21.1µm
m.u_conv3.u_weights._14241_,21.09µm
m.u_conv3.u_weights._00423_,21.08µm
m.u_conv3.u_weights._03687_,21.07µm
m.u_conv3.u_weights._13381_,21.07µm
m.u_pool2._142_,21.07µm
m.u_conv1.u_loader._280_,21.06µm
m.u_conv2.acc\[29\]\[3\],21.055µm
m.u_conv3.u_weights._01465_,21.035µm
m.u_conv3.u_weights._02098_,21.035µm
m.u_conv2._0545_,21.03µm
m.u_conv3.u_weights._10441_,21.03µm
m.u_tree._0777_,21.025µm
m.u_conv1.u_loader._183_,21.015µm
m.u_conv2._0746_,21.01µm
m.u_conv2.acc\[43\]\[4\],21.01µm
m.u_conv3.u_weights._00417_,21.01µm
m.u_conv3.u_weights._00843_,21.01µm
m.u_conv3.u_weights._03031_,21.01µm
m.u_conv3.u_weights._03395_,21.01µm
m.u_conv1.u_loader._103_,21.005µm
m.u_conv2.u_loader._153_,21.005µm
m.u_conv3.u_weights._00994_,21.005µm
m.u_conv3.u_weights._02104_,21.005µm
m._110_,21µm
m.u_conv2._0568_,21µm
m.u_conv2._0799_,21µm
m.u_conv3.u_weights._06616_,21µm
m.u_conv3.u_weights._13413_,21µm
m.u_conv2.u_loader._319_,20.995µm
m.u_conv3.u_weights._00265_,20.98µm
m.u_conv3.u_weights._04470_,20.98µm
m.u_conv3.u_weights._12897_,20.98µm
m.u_conv3.u_weights._14889_,20.98µm
m.u_conv3.u_weights._00757_,20.975µm
m.u_conv3.u_weights._06131_,20.975µm
m.u_conv3.u_weights._02214_,20.97µm
m.u_conv3.u_weights._04134_,20.96µm
m.u_conv2._0810_,20.95µm
m.u_conv2.acc\[22\]\[3\],20.95µm
m.u_conv3.input_buf\[7\],20.95µm
m.u_conv3.u_weights._03245_,20.95µm
m.u_conv3.u_weights._14344_,20.95µm
m.u_tree._1398_,20.945µm
m.u_conv3.u_weights._03078_,20.94µm
m.u_conv3.u_weights._04615_,20.935µm
m.u_conv3.u_weights._04792_,20.925µm
m.u_conv3.u_weights._08078_,20.925µm
m.u_conv2.u_weights._161_,20.915µm
m.u_conv3.u_weights._04541_,20.91µm
m.u_conv3.u_weights._11152_,20.91µm
m.u_conv3.u_weights._13751_,20.91µm
m.u_conv3.u_weights._14515_,20.905µm
m.u_conv3.u_weights._13471_,20.9µm
net3039,20.9µm
m.u_conv2._0603_,20.89µm
m.u_conv2._0827_,20.89µm
m.u_conv3.u_weights._01797_,20.89µm
m.u_conv3.u_weights._05053_,20.89µm
m.u_conv3.u_weights._07821_,20.89µm
m.u_conv3.u_weights._10331_,20.89µm
m.u_conv3.u_weights._11540_,20.89µm
m.u_conv3.u_weights._13944_,20.89µm
m.u_tree._1313_,20.89µm
m.u_pool1._124_,20.885µm
m.u_conv3.u_weights._03010_,20.88µm
m.u_conv3.u_weights._04469_,20.88µm
m.u_conv3.u_weights._14885_,20.88µm
m.u_tree._1027_,20.88µm
m.u_conv3.u_weights._15109_,20.875µm
m.u_conv1.u_loader._412_,20.865µm
m.u_conv2._0539_,20.865µm
m.u_conv2.acc\[58\]\[0\],20.84µm
m.u_conv2.acc\[58\]\[2\],20.84µm
m.u_conv3.u_weights._00857_,20.84µm
m.u_conv3.u_weights._01621_,20.84µm
m.u_conv3.u_weights._04369_,20.84µm
m.u_conv3.u_weights._05761_,20.84µm
m.u_pool1.c_out\[0\],20.84µm
m._064_,20.835µm
m.u_conv3.u_weights._04102_,20.825µm
m.u_conv2.acc\[58\]\[5\],20.82µm
m.u_conv3.u_weights._04363_,20.82µm
m.u_conv3.u_weights._05100_,20.815µm
m.u_conv3.u_weights._05106_,20.815µm
m.u_conv3.u_weights._06281_,20.8µm
m.u_conv3.u_weights._00062_,20.79µm
m.u_conv3.u_weights._09444_,20.79µm
m.u_conv3.u_weights._11464_,20.785µm
m.u_tree._0439_,20.785µm
m.u_conv1._060_,20.78µm
m.u_conv1.u_loader._216_,20.78µm
m.u_conv3.u_weights._00251_,20.78µm
m.u_conv3.u_weights._11891_,20.78µm
m.u_conv3.u_weights._13007_,20.78µm
m.u_conv3.u_weights._00680_,20.77µm
m.u_conv3.u_weights._01102_,20.77µm
m.u_conv3.u_weights._01534_,20.77µm
m.u_conv3.u_weights._12959_,20.77µm
m.u_conv3.u_weights._12986_,20.77µm
m.u_conv3.u_weights._11271_,20.765µm
m.u_conv2._0885_,20.76µm
m.u_conv3.u_weights._00989_,20.76µm
m.u_conv3.u_weights._01827_,20.75µm
m.u_conv3.u_weights._13527_,20.745µm
m.u_conv3.u_weights._12624_,20.74µm
m.u_conv3.u_weights._07727_,20.73µm
m.u_conv3.u_weights._14297_,20.73µm
m.u_conv2.acc\[5\]\[3\],20.725µm
m.u_conv3.u_weights._02598_,20.72µm
m.u_conv2.u_weights._141_,20.7µm
m.u_conv3.u_weights._08967_,20.7µm
m.u_pool1._223_,20.7µm
m.u_conv3.u_weights._11812_,20.69µm
m.u_conv3.u_weights._13655_,20.685µm
m.u_conv3.u_weights._10410_,20.68µm
m.u_tree._0703_,20.675µm
m.u_conv1.u_loader._138_,20.67µm
m.u_conv3.u_weights._03637_,20.67µm
m.u_conv3.u_weights._15025_,20.67µm
m.u_pool2._102_,20.67µm
m.u_pool1._216_,20.66µm
m.u_conv3.u_weights._03521_,20.65µm
m.u_conv3.u_weights._06922_,20.65µm
m.u_conv3.u_weights._12338_,20.65µm
m.u_conv3.u_weights._14956_,20.65µm
m.u_tree._0162_,20.65µm
net2745,20.65µm
m.u_pool1.top_byte_reg\[4\],20.645µm
m.u_conv3.u_weights._11957_,20.64µm
m.u_conv3.u_weights._02205_,20.625µm
m.u_tree._0041_,20.61µm
m.u_conv3.u_weights._08319_,20.59µm
m.sram_req_pool2\[4\],20.58µm
m.u_conv3.u_weights._07811_,20.58µm
m.u_conv3.u_weights._15073_,20.58µm
m.u_conv3.u_weights._02055_,20.55µm
m.u_conv1._067_,20.545µm
m.u_conv3.u_weights._04463_,20.545µm
m.u_conv3.u_weights._07574_,20.545µm
m.u_conv3.u_weights._08472_,20.545µm
m.u_conv3.u_weights._15470_,20.545µm
m.u_pool1._134_,20.545µm
m.u_conv3.u_weights._03616_,20.54µm
m.u_conv3.u_weights._04188_,20.54µm
m.u_pool2._043_,20.54µm
m._117_,20.53µm
m.u_conv2._0683_,20.53µm
m.u_conv3.u_weights._14330_,20.53µm
m.u_conv3.u_weights._14921_,20.53µm
net2897,20.53µm
m.u_conv2.u_weights._150_,20.52µm
m.u_conv2.u_weights._218_,20.52µm
m.u_conv3.u_weights._05064_,20.52µm
m.u_conv3.u_weights._07775_,20.52µm
m.u_conv3.u_weights._15200_,20.52µm
m.u_conv3.u_weights._10899_,20.515µm
m.u_conv3.u_weights._14015_,20.51µm
m.u_conv3.u_weights._14873_,20.51µm
m.u_conv3.u_weights._02226_,20.505µm
m.u_conv3.u_weights._08601_,20.505µm
m.u_conv3.u_weights._01699_,20.5µm
m.u_conv3.u_weights._10454_,20.5µm
m.u_conv3.u_weights._10550_,20.5µm
m.u_conv2._0559_,20.49µm
m.u_conv3.u_weights._06641_,20.49µm
m.u_conv3.u_weights._07373_,20.48µm
m.u_conv3.u_weights._12164_,20.475µm
m.u_conv3.u_weights._00231_,20.465µm
m.u_conv3.u_weights._05188_,20.46µm
m.u_conv3.u_weights._00506_,20.455µm
m.u_conv3.u_weights._12100_,20.45µm
m.u_conv3.u_weights._08171_,20.445µm
m.u_conv1.u_weights._058_,20.44µm
net2884,20.435µm
m.u_conv3.u_weights._10121_,20.43µm
m.u_conv3.u_weights._15746_,20.43µm
m.u_conv3.u_weights._01226_,20.425µm
m.u_conv3.u_weights._03059_,20.425µm
m.u_conv3.u_weights._02130_,20.42µm
m.u_conv3.u_weights._12310_,20.42µm
m.u_tree._1257_,20.42µm
m.u_conv2._0667_,20.41µm
m.u_conv2.acc\[59\]\[0\],20.41µm
m.u_conv3.u_weights._02846_,20.41µm
m.u_conv3.u_weights._13546_,20.41µm
m.u_tree._1175_,20.41µm
m.u_conv3.u_weights._04551_,20.405µm
m.u_conv3.u_weights._04873_,20.4µm
m.u_conv3.u_weights._15197_,20.4µm
m.u_tree._0860_,20.4µm
m.u_conv3.u_weights._02088_,20.395µm
m.u_conv3.u_weights._05035_,20.395µm
m.u_conv3.u_weights._11788_,20.395µm
m.u_conv3.u_weights._13301_,20.395µm
m.u_conv3.u_weights._15202_,20.395µm
m.u_conv3.u_weights._13112_,20.385µm
m.u_conv2.acc\[53\]\[0\],20.37µm
m.u_conv3.u_weights._14182_,20.37µm
m.u_conv1.u_weights._166_,20.36µm
m.u_conv2.acc\[6\]\[1\],20.36µm
m.u_conv3.u_weights._01302_,20.36µm
m.u_conv3.u_weights._05220_,20.36µm
m.u_conv3.u_weights._05290_,20.36µm
m.u_conv3.u_weights._14408_,20.36µm
m.u_conv1.u_loader._098_,20.35µm
m.u_conv3.u_weights._06557_,20.35µm
m.u_conv3.u_weights._09036_,20.35µm
m.u_tree._1030_,20.35µm
m.u_tree._1173_,20.35µm
net2317,20.35µm
m.u_conv3.u_weights._10049_,20.345µm
m.u_conv1._014_,20.34µm
m.u_conv3.u_weights._00581_,20.335µm
m.u_conv3.u_weights._04268_,20.335µm
m.u_conv3.u_weights._15047_,20.335µm
m.u_conv2.acc\[39\]\[2\],20.325µm
m.u_conv3.u_weights._06910_,20.31µm
m.u_conv3.u_weights._00463_,20.305µm
m.u_conv3.u_weights._10839_,20.305µm
m.u_conv3.u_weights._04161_,20.3µm
m.u_conv3.u_weights._12574_,20.3µm
m.u_conv2._0814_,20.29µm
m.u_conv2.acc\[63\]\[3\],20.29µm
m.u_conv3.u_weights._00067_,20.29µm
m.u_conv3.u_weights._01376_,20.29µm
m.u_conv3.u_weights._01823_,20.29µm
m.u_conv3.u_weights._02362_,20.29µm
m.u_conv3.u_weights._03039_,20.29µm
m.u_conv3.u_weights._06681_,20.285µm
m.u_tree._1412_,20.285µm
m.u_conv1._120_,20.28µm
m.u_conv2.acc\[31\]\[2\],20.28µm
m.u_conv3.u_weights._13599_,20.28µm
m.u_conv3.u_weights._12088_,20.275µm
m.u_conv1._144_,20.27µm
m.u_conv3.u_weights._07616_,20.27µm
m.u_conv3.u_weights._05568_,20.255µm
m.u_conv3.u_weights._15092_,20.255µm
m.u_conv3.u_weights._05484_,20.25µm
m.u_conv3.u_weights._12839_,20.25µm
m.u_conv3.u_weights._15436_,20.245µm
m.u_conv3.u_weights._13632_,20.24µm
m.u_conv2._0665_,20.22µm
m.u_conv3.u_weights._00240_,20.22µm
m.u_conv3.u_weights._03137_,20.22µm
m.u_conv3.u_weights._08311_,20.215µm
m.u_conv3.u_weights._10005_,20.215µm
m.u_conv3.u_weights._09100_,20.21µm
m.u_conv3.u_weights._10739_,20.21µm
m.u_conv1._157_,20.205µm
m.u_conv3.u_weights._00847_,20.19µm
m.u_conv3.u_weights._07360_,20.19µm
m.u_conv3.u_weights._02539_,20.185µm
m.u_conv1.u_loader._414_,20.18µm
m.u_conv3.u_weights._02755_,20.18µm
m.u_conv3.u_weights._08958_,20.18µm
m.u_conv3.u_weights._13537_,20.18µm
m.u_conv3.u_weights._14112_,20.18µm
m.u_conv3.u_weights._03672_,20.17µm
m.u_conv3.u_weights._04707_,20.17µm
m.u_conv3.u_weights._15376_,20.17µm
m.u_conv3.input_buf\[17\],20.16µm
m.u_conv3.u_weights._02169_,20.16µm
m.u_conv3.u_weights._06439_,20.16µm
m.u_conv3.u_weights._07482_,20.16µm
m.u_conv3.u_weights._12556_,20.16µm
m.u_conv2.u_loader._056_,20.155µm
m.u_conv3.u_weights._15431_,20.145µm
m.u_conv3.u_weights._12747_,20.13µm
m.u_conv3.u_weights._00091_,20.11µm
m.u_conv3.u_weights._07646_,20.11µm
m.u_conv3.u_weights._12334_,20.11µm
m.u_conv2._0772_,20.1µm
m.u_conv3.u_weights._06733_,20.1µm
m.u_conv3.u_weights._13441_,20.1µm
m.u_conv3.u_weights._06002_,20.095µm
m.u_conv3.u_weights._04167_,20.085µm
net1844,20.08µm
m.u_conv3.u_weights._12330_,20.08µm
m.u_conv3.u_weights._12618_,20.075µm
m.u_conv1.u_loader._390_,20.07µm
m.u_conv3.u_weights._13648_,20.07µm
m.u_conv3.u_weights._08709_,20.065µm
m.u_conv3.u_weights._14786_,20.065µm
m.u_tree._0595_,20.06µm
m.u_conv1._152_,20.05µm
m.u_conv2._0749_,20.05µm
m.u_conv3.u_weights._08210_,20.05µm
m.u_conv3.u_weights._08218_,20.05µm
m.u_conv3.u_weights._10537_,20.05µm
m.u_conv3.u_weights._12847_,20.05µm
m.u_conv3.u_weights._11378_,20.045µm
m.sram_req_pool2\[10\],20.04µm
m.u_conv1._124_,20.04µm
net1994,20.04µm
m.u_conv3.u_weights._00358_,20.04µm
m.u_conv3.u_weights._04753_,20.04µm
m.u_conv3.u_weights._08150_,20.04µm
m.u_conv3.u_weights._10000_,20.04µm
m.u_tree._0285_,20.04µm
m.u_conv3.u_weights._07672_,20.035µm
m.u_pool1.top_byte_reg\[7\],20.025µm
m.u_tree._0574_,20.025µm
m.u_conv3.u_weights._02248_,20.02µm
m.u_conv3.u_weights._04021_,20.02µm
m.u_conv3.u_weights._12287_,20.02µm
m.u_conv1.u_loader._335_,20µm
m.u_conv3.u_weights._02423_,20µm
m.u_conv3.u_weights._05436_,20µm
m.u_conv3.u_weights._13356_,20µm
m.u_conv3.u_weights._07523_,19.99µm
m.u_pool2._062_,19.99µm
m.u_conv3.u_weights._06417_,19.985µm
m.u_conv3.u_weights._07080_,19.98µm
m.u_conv3.u_weights._11151_,19.98µm
m.u_conv3.u_weights._11203_,19.98µm
m.u_conv3.u_weights._11355_,19.98µm
m.u_conv3.u_weights._13197_,19.98µm
m.u_tree._0530_,19.98µm
m.u_conv3.u_weights._05744_,19.975µm
m.u_conv3.u_weights._13336_,19.975µm
m.u_pool2._081_,19.975µm
m.u_tree._0313_,19.975µm
m.u_tree._0637_,19.955µm
m.u_conv3.u_weights._00767_,19.94µm
m.u_conv3.u_weights._01722_,19.94µm
m.u_conv3.u_weights._03393_,19.94µm
m.u_conv3.u_weights._09743_,19.94µm
m.u_tree._1492_,19.94µm
m.u_conv1.u_loader._023_,19.93µm
m.u_conv2._0584_,19.93µm
m.u_conv3.u_weights._02000_,19.93µm
m.u_conv3.u_weights._03753_,19.93µm
m.u_conv3.u_weights._11137_,19.93µm
m.u_conv3.u_weights._12007_,19.93µm
m.u_conv3.u_weights._14517_,19.93µm
m.u_mnist_loader._05_,19.93µm
m.u_conv3.u_weights._10188_,19.925µm
m.u_conv3.u_weights._06370_,19.92µm
m.u_conv3.u_weights._08091_,19.92µm
m.u_conv3.u_weights._12107_,19.92µm
m.u_conv3.u_weights._09548_,19.915µm
m.u_conv1.u_loader._220_,19.91µm
m.u_conv3.u_weights._00674_,19.905µm
m.u_conv3.u_weights._09717_,19.905µm
m.u_conv2._0566_,19.89µm
m.u_conv3.u_weights._01999_,19.89µm
m.u_conv3.u_weights._10453_,19.89µm
m.u_conv3.u_weights._01760_,19.88µm
m.u_conv3.u_weights._06648_,19.88µm
m.u_conv2.acc\[19\]\[6\],19.87µm
m.u_conv3.u_weights._00239_,19.87µm
m.u_conv3.u_weights._07595_,19.87µm
m.u_conv3.u_weights._13766_,19.87µm
m.u_tree._0156_,19.87µm
m.u_tree._0393_,19.87µm
m.u_conv3.u_weights._10994_,19.865µm
m.u_conv3.u_weights._11051_,19.865µm
m.u_conv3.u_weights._08167_,19.86µm
m.u_conv3.u_weights._12129_,19.86µm
m.u_conv3.u_weights._10208_,19.855µm
m.u_conv3.u_weights._13800_,19.855µm
m.u_tree._1092_,19.855µm
m.u_conv3.u_weights._02910_,19.85µm
m.u_conv3.u_weights._07500_,19.835µm
m.u_conv3.u_weights._03995_,19.83µm
m.u_conv3.u_weights._04304_,19.83µm
m.u_tree._0929_,19.83µm
m.u_conv2.acc\[57\]\[1\],19.825µm
m.u_conv3.u_weights._01262_,19.82µm
m.u_conv3.u_weights._04272_,19.82µm
m.u_conv3.u_weights._04649_,19.82µm
m.u_conv3.u_weights._05740_,19.82µm
m.u_conv3.u_weights._11707_,19.82µm
m.u_conv3.u_weights._13199_,19.82µm
m.u_conv3.u_weights._00149_,19.81µm
m.u_conv3.u_weights._01776_,19.81µm
m.u_conv3.u_weights._05432_,19.81µm
m.u_conv3.u_weights._10186_,19.81µm
m.u_conv3.u_weights._15640_,19.81µm
m.u_tree._0286_,19.81µm
m.u_conv3.u_weights._10845_,19.805µm
m.u_conv3.u_weights._11509_,19.805µm
m.u_conv3.u_weights._02287_,19.8µm
m.u_conv3.u_weights._03159_,19.8µm
m.u_conv3.u_weights._12062_,19.8µm
m.u_tree._0952_,19.8µm
m.u_conv3.u_weights._02519_,19.795µm
m.u_conv3.u_weights._02877_,19.77µm
m.u_conv3.u_weights._13327_,19.77µm
m.u_conv3.u_weights._09296_,19.76µm
m.u_conv1.u_weights._088_,19.755µm
m.u_conv3.u_weights._04137_,19.755µm
m.u_conv3.u_weights._05485_,19.755µm
m.u_conv3.u_weights._07299_,19.755µm
m.u_conv2.acc\[39\]\[6\],19.75µm
m.u_conv2.acc\[55\]\[0\],19.75µm
m.u_conv3.u_weights._00085_,19.75µm
m.u_conv3.u_weights._04811_,19.75µm
m.u_conv3.u_weights._08398_,19.75µm
m.u_conv3.u_weights._10272_,19.75µm
m.u_conv3.u_weights._11267_,19.75µm
m.u_conv3.u_weights._00482_,19.745µm
m.u_conv3.u_weights._07597_,19.745µm
m.u_conv2._0895_,19.74µm
m.u_tree._0991_,19.725µm
m.u_conv3.u_weights._07666_,19.72µm
m.u_conv3.u_weights._08145_,19.71µm
m.u_conv3.u_weights._15066_,19.71µm
m.u_conv3.u_weights._15341_,19.71µm
m.u_tree._0455_,19.71µm
m.u_conv3.u_weights._12400_,19.7µm
m.u_conv3.u_weights._14296_,19.7µm
m.u_conv2.acc\[42\]\[0\],19.695µm
m.u_conv3.u_weights._13272_,19.69µm
m.u_conv3.u_weights._00954_,19.685µm
m.u_conv3.u_weights._15016_,19.675µm
m.u_conv1.u_loader._075_,19.665µm
m.u_conv3.u_weights._09565_,19.65µm
m.u_conv3.u_weights._00021_,19.645µm
m.u_conv3.u_weights._01790_,19.64µm
m.u_conv3.u_weights._06821_,19.64µm
m.u_conv3.u_weights._00179_,19.63µm
m.u_conv3.u_weights._04943_,19.63µm
m.u_conv3.u_weights._06384_,19.63µm
m.u_conv3.u_weights._08736_,19.63µm
m.u_conv2._0930_,19.62µm
net2257,19.62µm
m.u_conv3.u_weights._00841_,19.615µm
m.u_conv3.u_weights._03142_,19.615µm
m.u_conv3.u_weights._05456_,19.615µm
m.u_tree._0471_,19.61µm
m.u_conv2.acc\[52\]\[2\],19.605µm
m.u_conv2.u_loader._373_,19.605µm
m.u_conv3.u_weights._05646_,19.585µm
m.u_conv3.u_weights._10636_,19.585µm
m.u_conv3.u_weights._06022_,19.58µm
m.u_conv3.u_weights._10790_,19.58µm
m.u_conv2.acc\[9\]\[5\],19.57µm
m.u_conv3.u_weights._01419_,19.57µm
m.u_conv3.u_weights._02225_,19.57µm
m.u_conv3.u_weights._02490_,19.57µm
m.u_conv3.u_weights._12957_,19.57µm
m.u_pool2.bot_byte_reg\[1\],19.57µm
m.u_tree._0001_,19.57µm
net2464,19.57µm
net2949,19.57µm
m.u_conv3.u_weights._14043_,19.565µm
m.u_conv2._0858_,19.56µm
m.u_conv2.u_weights._026_,19.56µm
m.u_conv3.u_weights._01837_,19.56µm
m.u_conv3.u_weights._03738_,19.56µm
m.u_tree._1103_,19.56µm
m.u_conv3.u_weights._12320_,19.555µm
m.u_conv3.u_weights._00663_,19.54µm
m.u_conv3.u_weights._02550_,19.54µm
m.u_conv3.u_weights._03620_,19.54µm
m.u_conv3.u_weights._07422_,19.54µm
m.u_conv3.u_weights._09280_,19.54µm
m.u_conv3.u_weights._12629_,19.54µm
m.u_conv3.u_weights._15453_,19.54µm
m.u_conv3.u_weights._13827_,19.53µm
m.u_conv1.u_loader._077_,19.525µm
m.u_conv3.u_weights._15336_,19.52µm
m.u_conv3.u_weights._12403_,19.51µm
m.u_conv3.u_weights._14028_,19.51µm
m.u_tree._0679_,19.51µm
m.u_conv3.u_weights._00598_,19.505µm
m.u_conv3.u_weights._07599_,19.5µm
m.u_conv3.u_weights._08487_,19.5µm
m.u_conv3.u_weights._02040_,19.495µm
m.u_conv3.u_weights._08941_,19.495µm
m.u_conv3.u_weights._11053_,19.495µm
m.u_conv3.u_weights._11243_,19.495µm
m.u_conv3.u_weights._15328_,19.485µm
m.u_tree._0515_,19.485µm
m.u_conv3.u_weights._05231_,19.48µm
m.u_conv3.u_weights._07100_,19.48µm
m.u_conv3.u_weights._07658_,19.48µm
m.u_conv3.u_weights._14800_,19.48µm
m.u_conv3.u_weights._05741_,19.47µm
m.u_conv3.u_weights._11170_,19.47µm
m.u_conv3.u_weights._14007_,19.47µm
m.u_conv3.u_weights._04095_,19.465µm
m.u_conv3.u_weights._08937_,19.46µm
m.u_tree._1050_,19.46µm
m.u_conv3.u_weights._13896_,19.455µm
m.u_conv2._0759_,19.45µm
m.u_conv3.u_weights._00276_,19.45µm
m.u_conv3.u_weights._01312_,19.45µm
m.u_conv3.u_weights._03707_,19.45µm
m.u_conv3.u_weights._13214_,19.45µm
m.u_conv3.u_weights._13673_,19.45µm
m.u_conv2.acc\[4\]\[3\],19.44µm
m.u_conv3.u_weights._03522_,19.44µm
m.u_conv3.u_weights._09347_,19.44µm
m.u_conv3.u_weights._06799_,19.425µm
m.u_tree._0725_,19.425µm
m.u_tree._0103_,19.405µm
m.u_conv2.acc\[55\]\[5\],19.4µm
m.u_conv2.acc\[56\]\[3\],19.4µm
m.u_conv3.u_weights._00341_,19.4µm
m.u_conv3.u_weights._02296_,19.4µm
m.u_conv3.u_weights._10883_,19.4µm
m.u_conv3.u_weights._00451_,19.395µm
m.u_conv2.acc\[7\]\[0\],19.39µm
m.u_conv2.u_weights._378_,19.39µm
m.u_conv3.u_weights._14431_,19.39µm
m.u_conv3.u_weights._02852_,19.385µm
m.u_conv3.u_weights._08287_,19.385µm
m.u_conv1._082_,19.38µm
m.u_conv1.u_weights._140_,19.38µm
m.u_conv3.u_weights._00782_,19.38µm
m.u_conv3.u_weights._08008_,19.38µm
m.u_conv3.u_weights._08761_,19.38µm
m.u_conv3.u_weights._05914_,19.375µm
m.u_conv3.u_weights._10044_,19.365µm
m.u_conv3.u_weights._06721_,19.35µm
m.u_conv3.u_weights._07128_,19.35µm
m.u_conv3.u_weights._14538_,19.35µm
m.u_conv3.u_weights._04402_,19.345µm
m.u_conv1.u_weights._169_,19.34µm
m.u_conv3.u_weights._03423_,19.34µm
m.u_conv3.u_weights._14169_,19.34µm
m.u_conv3.u_weights._03474_,19.33µm
m.u_conv3.u_weights._04382_,19.33µm
m.u_conv3.u_weights._06125_,19.33µm
m.u_conv3.u_weights._06731_,19.33µm
m.u_conv3.u_weights._14095_,19.33µm
m.u_tree._1259_,19.33µm
m.u_tree._1530_,19.33µm
m.u_conv3.u_weights._03609_,19.325µm
m.u_tree._0675_,19.325µm
m.pool2_start,19.32µm
m.u_conv2._0839_,19.32µm
m.u_conv3.u_weights._07828_,19.315µm
m.u_conv3.u_weights._13071_,19.315µm
m.u_conv1._131_,19.305µm
m.u_conv1._116_,19.29µm
m.u_conv3.u_weights._01170_,19.29µm
m.u_conv1.u_weights._142_,19.275µm
m.u_conv3.u_weights._13370_,19.275µm
m.u_conv2.acc\[28\]\[1\],19.26µm
m.u_conv3.u_weights._01468_,19.26µm
m.u_conv3.u_weights._04953_,19.26µm
m.u_tree._0552_,19.255µm
m.u_conv3.u_weights._01260_,19.245µm
net2958,19.24µm
m.u_conv3.u_weights._00230_,19.23µm
m.u_conv3.u_weights._05597_,19.23µm
m.u_conv3.u_weights._12505_,19.23µm
m.u_conv2._0711_,19.22µm
m.u_conv2.u_weights._203_,19.22µm
m.u_conv3.u_weights._12763_,19.22µm
m.u_conv3.u_weights._00148_,19.21µm
m.u_conv3.u_weights._06160_,19.21µm
m.u_tree._1391_,19.21µm
m.u_conv2.u_loader._380_,19.2µm
m.u_conv3.u_weights._05281_,19.2µm
m.u_conv3.u_weights._00472_,19.16µm
m.u_conv3.u_weights._03955_,19.16µm
m.u_conv3.u_weights._05454_,19.16µm
m.u_conv3.u_weights._07545_,19.15µm
m.u_conv3.u_weights._12481_,19.15µm
m._050_,19.14µm
m.u_conv2.u_loader._340_,19.14µm
m.u_conv3.u_weights._02715_,19.14µm
m.u_conv3.u_weights._08867_,19.14µm
m.u_conv3.u_weights._11278_,19.14µm
m.u_conv1.u_loader._031_,19.125µm
m.u_conv3.u_weights._13421_,19.12µm
m.u_pool1._103_,19.12µm
m.u_conv3.u_weights._05572_,19.11µm
m.u_conv3.u_weights._13387_,19.11µm
m.u_conv3.u_weights._11471_,19.105µm
m.u_conv3.u_weights._14768_,19.105µm
m.u_pool1.c_out\[2\],19.105µm
m.u_conv1.u_loader._181_,19.1µm
m.u_conv3.u_weights._01671_,19.1µm
m.u_conv3.u_weights._04547_,19.1µm
m.u_conv3.u_weights._05689_,19.1µm
m.u_conv3.u_weights._11328_,19.095µm
m.u_conv2._0724_,19.09µm
clknet_0_clk,19.09µm
net2976,19.09µm
m.u_conv3.u_weights._09825_,19.085µm
m.u_tree._0089_,19.085µm
m.u_conv2.u_weights._166_,19.08µm
m.u_conv3.u_weights._02221_,19.08µm
m.u_conv3.u_weights._06749_,19.08µm
m.u_conv3.u_weights._07506_,19.08µm
m.u_conv3.u_weights._07819_,19.08µm
m.u_tree._0664_,19.08µm
net2299,19.08µm
m.u_conv3.u_weights._07997_,19.075µm
m.u_conv3.u_weights._08266_,19.075µm
m.u_conv3.u_weights._09397_,19.075µm
m.u_conv3.u_weights._06671_,19.07µm
m.u_conv2.u_loader._341_,19.06µm
m.u_conv3.u_weights._04606_,19.06µm
m.u_conv3.u_weights._06858_,19.06µm
m.u_conv3.u_weights._09811_,19.06µm
m.u_conv3.u_weights._06816_,19.045µm
m.u_conv3.u_weights._15125_,19.04µm
m.u_conv3.u_weights._15389_,19.04µm
m.u_conv2.acc\[11\]\[0\],19.03µm
m.u_conv3.u_weights._03776_,19.03µm
m.u_conv3.u_weights._05968_,19.03µm
m.u_conv3.u_weights._06443_,19.03µm
m.u_conv3.u_weights._07804_,19.03µm
m.u_conv3.u_weights._08126_,19.03µm
m.u_conv3.u_weights._12855_,19.03µm
m.u_conv2._0999_,19.025µm
m.u_conv2.u_weights._136_,19.02µm
m.u_conv3.u_weights._11935_,19.02µm
m.u_conv3.u_weights._14522_,19.02µm
m.u_conv3.u_weights._15411_,19.02µm
m.u_tree._0367_,19.02µm
m.u_conv3.u_weights._08330_,19.015µm
m.u_conv3.u_weights._14354_,19.01µm
m.u_conv2.acc\[23\]\[5\],19.005µm
m.u_conv3.u_weights._02760_,19.005µm
m.u_conv3.u_weights._09463_,19.005µm
m.u_conv3.u_weights._12645_,19.005µm
m.u_conv3.u_weights._13501_,18.995µm
m._004_,18.98µm
m.u_conv2.acc\[60\]\[4\],18.98µm
m.u_conv3.u_weights._01176_,18.98µm
m.u_conv3.u_weights._02056_,18.98µm
m.u_conv3.u_weights._02122_,18.98µm
m.u_conv3.u_weights._03230_,18.98µm
uo_out[0],18.98µm
m.u_conv3.u_weights._13460_,18.975µm
m.u_conv1._139_,18.97µm
m.u_conv1.u_loader._283_,18.97µm
m.u_conv3.u_weights._00141_,18.97µm
m.u_conv3.u_weights._00542_,18.97µm
m.u_conv3.u_weights._06407_,18.97µm
m.u_conv3.u_weights._07692_,18.97µm
m.u_conv3.u_weights._10406_,18.97µm
m.u_conv3.u_weights._03029_,18.965µm
m.u_conv3.u_weights._09401_,18.965µm
m.u_conv3.u_weights._02791_,18.96µm
m.u_conv3.u_weights._13369_,18.96µm
m.u_conv3.u_weights._00233_,18.955µm
m.u_conv3.u_weights._15733_,18.955µm
m.u_conv3.u_weights._08960_,18.95µm
m.u_conv3.u_weights._03348_,18.945µm
m.u_conv3.u_weights._01266_,18.93µm
m.u_conv3.u_weights._12405_,18.93µm
m.u_conv2.acc\[18\]\[5\],18.92µm
m.u_conv3.u_weights._01640_,18.92µm
m.u_conv3.u_weights._01983_,18.92µm
m.u_conv2.acc\[10\]\[0\],18.91µm
m.u_conv3.u_weights._04036_,18.91µm
m.u_conv3.u_weights._06907_,18.91µm
m.u_conv3.u_weights._11848_,18.91µm
m.u_conv3.u_weights._13845_,18.91µm
m.u_conv3.u_weights._14383_,18.91µm
m.u_conv3.u_weights._15114_,18.91µm
m.u_conv2.u_weights._116_,18.905µm
m.u_conv3.u_weights._01805_,18.905µm
m.u_conv3.u_weights._02223_,18.9µm
m.u_conv3.u_weights._09032_,18.9µm
m.u_conv3.u_weights._14115_,18.895µm
m.u_conv3.u_weights._01731_,18.89µm
m.u_conv3.u_weights._12876_,18.885µm
m.u_conv3.u_weights._01222_,18.87µm
m.u_conv3.u_weights._03659_,18.87µm
m.u_conv3.u_weights._06006_,18.87µm
m.u_conv3.u_weights._04044_,18.865µm
m.u_conv3.u_weights._07406_,18.865µm
m.u_conv3.u_weights._02701_,18.86µm
m.u_conv3.u_weights._03077_,18.86µm
m.u_conv3.u_weights._06526_,18.86µm
m.u_conv3.u_weights._07877_,18.86µm
m.u_conv3.u_weights._08840_,18.86µm
m.u_conv3.u_weights._10045_,18.86µm
m.u_conv3.u_weights._10218_,18.86µm
m.u_pool1._147_,18.86µm
m.u_conv3.u_weights._13114_,18.855µm
m.u_conv3.u_weights._00210_,18.85µm
m.u_conv3.u_weights._02082_,18.85µm
m.u_conv3.u_weights._05014_,18.85µm
m.u_conv3.u_weights._06672_,18.85µm
m.u_conv3.u_weights._07107_,18.85µm
m.u_conv3.u_weights._12571_,18.85µm
m.u_conv3.u_weights._12676_,18.85µm
m.u_conv3.u_weights._02594_,18.84µm
m.u_conv3.u_weights._10152_,18.84µm
m.u_conv3.u_weights._15556_,18.84µm
m.u_pool1._000_,18.84µm
m.u_pool1._165_,18.84µm
m.u_conv3.u_weights._14950_,18.835µm
m.u_conv3.u_weights._05931_,18.825µm
m.u_conv2.u_weights._036_,18.82µm
m.u_conv3.u_weights._15633_,18.81µm
m.u_tree._0028_,18.81µm
m.u_conv3.u_weights._01186_,18.805µm
m.u_conv3._186_,18.8µm
m.u_conv3.u_weights._09935_,18.8µm
m.u_tree._1557_,18.79µm
m.u_tree._0168_,18.78µm
m.u_conv1.u_loader._184_,18.775µm
m.u_conv3.u_weights._15226_,18.775µm
m.u_conv3.u_weights._07076_,18.765µm
m.u_conv3.u_weights._00861_,18.76µm
m.u_conv3.u_weights._00748_,18.755µm
m.u_conv1.u_weights._144_,18.75µm
m.u_conv2.u_loader._403_,18.75µm
m.u_conv3.u_weights._15101_,18.75µm
m.u_conv2._0668_,18.745µm
m.u_conv2._0986_,18.74µm
m.u_conv3.u_weights._03509_,18.74µm
m.u_conv3.u_weights._02870_,18.73µm
m.u_conv3.u_weights._07761_,18.73µm
m.u_conv3.u_weights._08083_,18.73µm
m.u_pool1._190_,18.73µm
net3031,18.73µm
m.u_conv3.u_weights._05080_,18.725µm
m.u_conv3.u_weights._10782_,18.725µm
m.u_conv3.u_weights._09747_,18.72µm
m.u_tree._1440_,18.72µm
net2887,18.72µm
m.u_conv2.u_weights._284_,18.715µm
m.u_conv2.acc\[60\]\[1\],18.705µm
m.u_conv3.u_weights._06736_,18.69µm
m.u_conv3.u_weights._14874_,18.69µm
m.u_tree._0425_,18.68µm
m.u_conv2.u_loader._069_,18.67µm
m.u_conv3.input_buf\[26\],18.67µm
m.u_conv3.u_weights._01853_,18.67µm
m.u_conv3.u_weights._02325_,18.67µm
m.u_conv3.u_weights._14062_,18.67µm
m.u_conv3.u_weights._08648_,18.66µm
m.u_conv3.u_weights._11160_,18.66µm
m.u_conv3.u_weights._15715_,18.66µm
m.u_conv3.u_weights._09468_,18.655µm
m.u_conv3.u_weights._10535_,18.655µm
m.u_conv3.u_weights._11419_,18.655µm
m.u_tree._0170_,18.655µm
m.u_conv2._0993_,18.635µm
m.u_conv3.u_weights._02334_,18.635µm
m.u_conv3.u_weights._13126_,18.635µm
m.u_conv3.u_weights._12434_,18.63µm
m.u_conv3.u_weights._13758_,18.63µm
m.u_conv3.u_weights._00975_,18.625µm
m.u_conv3.u_weights._07837_,18.625µm
m.u_conv1.u_loader._191_,18.62µm
m.u_conv3.u_weights._02322_,18.62µm
m.u_conv3.u_weights._04415_,18.62µm
m.u_conv3.u_weights._12072_,18.62µm
m.u_conv3.u_weights._10174_,18.615µm
m.u_conv2.acc\[20\]\[2\],18.61µm
m.u_conv3.u_weights._01743_,18.61µm
m.u_tree._0097_,18.61µm
m.u_conv3.u_weights._01712_,18.6µm
m.u_conv3.u_weights._07388_,18.6µm
m.u_tree._0547_,18.6µm
m.u_conv3.u_weights._04982_,18.595µm
m.u_conv3.u_weights._06254_,18.595µm
m.u_conv3.u_weights._13299_,18.595µm
m.u_conv3.u_weights._14452_,18.595µm
m.u_conv3.u_weights._07553_,18.585µm
m.u_conv3.u_weights._00335_,18.58µm
m.u_tree._0094_,18.58µm
net2244,18.575µm
m.u_conv2._0861_,18.57µm
m.u_conv3.u_weights._02684_,18.57µm
m.u_conv3.u_weights._15383_,18.56µm
m.u_tree._1076_,18.56µm
m.u_conv3.u_weights._13184_,18.555µm
m.u_conv2._0551_,18.55µm
m.u_conv2.acc\[33\]\[0\],18.55µm
m.u_conv3.u_weights._06647_,18.55µm
m.u_conv3.u_weights._09624_,18.55µm
m.u_conv3.u_weights._10490_,18.55µm
m.u_conv3.u_weights._14197_,18.55µm
m.u_conv3.u_weights._15759_,18.55µm
m.u_mnist_loader._03_,18.55µm
m.u_conv2.u_loader._385_,18.54µm
m.u_conv3.u_weights._13359_,18.54µm
m.u_conv2._1541_,18.535µm
m.u_conv3.u_weights._00722_,18.51µm
m.u_conv3.u_weights._02305_,18.51µm
m.u_conv3.u_weights._04733_,18.51µm
m.u_conv3.u_weights._09519_,18.505µm
m.u_conv3.u_weights._11791_,18.505µm
m.u_conv2.u_loader._073_,18.5µm
m.u_conv3.u_weights._00773_,18.5µm
m.u_conv3.u_weights._05348_,18.5µm
m.u_conv2._0706_,18.49µm
m.u_conv2.acc\[27\]\[1\],18.49µm
m.u_conv2.u_loader._417_,18.49µm
m.u_conv3.u_weights._02142_,18.49µm
m.u_conv3.u_weights._07259_,18.49µm
m.u_conv3.u_weights._09316_,18.49µm
m.u_conv3.u_weights._14947_,18.49µm
m.u_tree._0904_,18.49µm
net2891,18.49µm
m.u_conv3.u_weights._08454_,18.48µm
m.u_conv3.u_weights._12032_,18.48µm
m.u_conv3.u_weights._05626_,18.475µm
m.u_conv3.u_weights._01255_,18.465µm
m.u_pool2._112_,18.45µm
m.u_conv2.acc\[12\]\[1\],18.445µm
m.u_conv2.acc\[6\]\[5\],18.445µm
m.u_conv2.acc\[30\]\[4\],18.44µm
m.u_conv3.u_weights._02469_,18.44µm
m.u_conv3.u_weights._05128_,18.44µm
m.u_conv3.u_weights._14190_,18.44µm
m.u_pool1._206_,18.44µm
m.u_conv1.u_loader._045_,18.43µm
m.u_conv1.u_weights._006_,18.43µm
m.u_conv2._0646_,18.43µm
m.u_conv2.acc\[17\]\[2\],18.43µm
m.u_conv2.sram_req_load\[8\],18.43µm
m.u_conv3.u_weights._07242_,18.43µm
m.u_conv3.u_weights._12324_,18.43µm
m.u_conv2._0938_,18.42µm
m.u_conv3.u_weights._00820_,18.42µm
m.u_conv3.u_weights._01461_,18.42µm
m.u_conv3.u_weights._09769_,18.42µm
m.u_conv3.u_weights._11508_,18.42µm
m.u_conv2.u_weights._068_,18.415µm
m.u_conv3.u_weights._08696_,18.415µm
m.u_conv3.u_weights._12605_,18.415µm
m.u_conv3.u_weights._03909_,18.41µm
m.u_tree._0091_,18.405µm
m.u_conv2.u_loader._064_,18.395µm
m.u_conv3.u_weights._01723_,18.395µm
m.u_conv3.u_weights._06796_,18.39µm
m.u_conv3.u_weights._10028_,18.39µm
m.u_conv2.u_weights._379_,18.385µm
m.u_conv3.u_weights._05459_,18.38µm
m.u_conv3.u_weights._11778_,18.38µm
m.u_conv3.u_weights._12224_,18.38µm
m.u_conv1._090_,18.37µm
m.u_conv2.acc\[24\]\[4\],18.37µm
m.u_conv3.u_weights._01168_,18.37µm
m.u_conv3.u_weights._01175_,18.37µm
m.u_conv3.u_weights._01498_,18.37µm
m.u_conv3.u_weights._01936_,18.37µm
m.u_conv3.u_weights._03842_,18.37µm
m.u_conv3.u_weights._05462_,18.37µm
m.u_conv3.u_weights._08069_,18.37µm
m.u_conv3.u_weights._12282_,18.37µm
m.u_conv3.u_weights._13266_,18.37µm
m.u_conv3.u_weights._14443_,18.37µm
m.u_conv3.u_weights._15421_,18.37µm
m.u_tree._0573_,18.37µm
m.u_tree._1441_,18.37µm
m.u_conv1.u_weights._017_,18.365µm
m.u_conv3.u_weights._02182_,18.36µm
m.u_conv3.u_weights._03144_,18.36µm
m.u_conv3.u_weights._08149_,18.36µm
m.u_conv3.u_weights._13525_,18.36µm
m.u_conv3.u_weights._08545_,18.355µm
m.u_conv2.acc\[54\]\[2\],18.335µm
m.u_tree._0667_,18.33µm
m.u_conv1.u_weights._045_,18.325µm
m.u_conv3.u_weights._01523_,18.325µm
m.u_conv2.acc\[38\]\[2\],18.315µm
m.u_conv2.u_loader._116_,18.315µm
m.u_conv1.u_loader._073_,18.31µm
m.u_pool1._082_,18.31µm
m.u_conv3.u_weights._07496_,18.305µm
m.u_conv3.u_weights._11817_,18.305µm
m.u_conv3.u_weights._09780_,18.3µm
m.u_conv3.u_weights._14429_,18.3µm
net2820,18.3µm
m.u_conv3.u_weights._00122_,18.295µm
m.u_conv2.u_weights._290_,18.285µm
m.u_conv3.u_weights._07142_,18.27µm
m.u_conv3.u_weights._10021_,18.27µm
m.u_conv3.u_weights._15750_,18.27µm
m.u_tree._0092_,18.27µm
m.u_conv3.u_weights._01400_,18.26µm
m.u_conv3.u_weights._02576_,18.26µm
m.u_conv3.u_weights._03529_,18.26µm
m.u_conv3.u_weights._06328_,18.26µm
m.u_conv3.u_weights._10329_,18.26µm
m.u_pool2._136_,18.255µm
m.u_conv2.u_loader._144_,18.25µm
m.u_conv3.u_weights._00991_,18.25µm
m.u_conv3.u_weights._10580_,18.25µm
m.u_conv3.u_weights._11094_,18.25µm
m.u_conv3.u_weights._11705_,18.25µm
m.u_conv3.u_weights._14766_,18.25µm
m.u_tree._0484_,18.25µm
net2823,18.25µm
net2935,18.25µm
net2992,18.25µm
m.u_tree._1368_,18.245µm
m.u_conv3.u_weights._15050_,18.24µm
m.u_conv3.u_weights._09462_,18.23µm
m.u_conv3.u_weights._00400_,18.21µm
m.u_conv3.u_weights._03470_,18.21µm
m.u_conv2.acc\[17\]\[6\],18.205µm
m.u_conv2.u_loader._223_,18.205µm
m.u_conv3.u_weights._00844_,18.2µm
m.u_conv3.u_weights._01127_,18.2µm
m.u_conv3.u_weights._10304_,18.2µm
m.u_conv3.u_weights._06786_,18.19µm
m.u_conv3.u_weights._10311_,18.19µm
m.u_pool2.c_out\[0\],18.19µm
m.u_conv3.u_weights._07313_,18.185µm
m.u_conv3.u_weights._01577_,18.18µm
m.u_conv3.u_weights._10093_,18.18µm
m.u_conv3.u_weights._12951_,18.18µm
m.u_conv3.u_weights._03491_,18.175µm
m.u_conv3.u_weights._05574_,18.175µm
m.u_tree._0805_,18.175µm
m.u_conv3.u_weights._05728_,18.165µm
m.u_conv3.u_weights._09645_,18.16µm
m.u_conv3.u_weights._00541_,18.15µm
m.u_conv3.u_weights._07669_,18.15µm
m.u_conv3.u_weights._09213_,18.145µm
m.u_conv3.u_weights._01686_,18.14µm
m.u_conv3.u_weights._04445_,18.14µm
m.u_conv1.u_loader._035_,18.13µm
m.u_conv1.u_loader._275_,18.13µm
m.u_conv3.u_weights._00032_,18.13µm
m.u_conv3.u_weights._00355_,18.13µm
m.u_conv3.u_weights._03696_,18.13µm
m.u_conv3.u_weights._07705_,18.13µm
m.u_conv3.u_weights._10262_,18.13µm
m.u_conv3.u_weights._11857_,18.13µm
m.u_conv3.u_weights._01163_,18.125µm
m.u_conv3.u_weights._01165_,18.125µm
net1820,18.12µm
m.u_conv3.u_weights._07408_,18.12µm
m.u_conv3.u_weights._09037_,18.12µm
m.u_conv3.u_weights._04837_,18.115µm
m.u_conv3.u_weights._08483_,18.115µm
m.u_conv3.u_weights._15374_,18.115µm
m.u_conv3.u_weights._10940_,18.105µm
m.u_conv3.u_weights._01041_,18.1µm
m.u_conv3.u_weights._06748_,18.1µm
m.u_conv3.u_weights._07059_,18.1µm
m.u_conv3.u_weights._09701_,18.1µm
m.u_conv3.u_weights._10094_,18.1µm
m.u_conv3.u_weights._11626_,18.1µm
m.u_conv3.u_weights._08637_,18.085µm
m.u_conv2.acc\[13\]\[1\],18.08µm
m.u_conv3.u_weights._04913_,18.08µm
m.u_tree._0499_,18.08µm
m.u_conv3.u_weights._04386_,18.07µm
m.u_conv3.u_weights._06188_,18.07µm
m.u_conv3.u_weights._11382_,18.07µm
m.u_conv3.u_weights._12607_,18.07µm
m.u_conv3.u_weights._10187_,18.065µm
m.u_tree._1060_,18.065µm
m.u_conv2.acc\[23\]\[4\],18.06µm
m.u_conv3.u_weights._10997_,18.06µm
m.u_conv3.u_weights._00388_,18.055µm
m.u_conv3.u_weights._11487_,18.055µm
m.u_conv1.u_weights._100_,18.04µm
m.u_conv3.u_weights._02478_,18.03µm
m.u_conv3.u_weights._11448_,18.03µm
m.u_conv3.u_weights._02869_,18.025µm
m.u_conv3.u_weights._06619_,18.025µm
m.u_conv3.u_weights._04966_,18.02µm
m.u_conv3.u_weights._06079_,18.02µm
m.u_conv3.u_weights._07840_,18.02µm
m.u_conv3.u_weights._14792_,18.02µm
m.u_conv1.u_loader._022_,18.01µm
m.u_conv3.input_buf\[25\],18.01µm
m.u_conv3.u_weights._05494_,18.01µm
m.u_conv3.u_weights._10949_,18.01µm
m.u_conv3.u_weights._14989_,18.01µm
m.u_tree._0947_,18.01µm
m.u_conv3.u_weights._06955_,18µm
m.u_conv3.u_weights._12861_,18µm
m.u_conv3.u_weights._14061_,18µm
m.u_tree._0171_,18µm
m.u_tree._1133_,18µm
m.u_tree._1159_,18µm
m.u_conv2._0929_,17.995µm
m.u_conv3.u_weights._01841_,17.995µm
m.u_conv3.u_weights._03332_,17.995µm
m.u_conv3.u_weights._08979_,17.985µm
m.u_conv3.u_weights._03277_,17.975µm
m.u_conv3.u_weights._01642_,17.97µm
m.u_conv3.u_weights._05487_,17.97µm
m.u_conv2.acc\[43\]\[0\],17.965µm
m.u_conv2._0725_,17.96µm
m.u_conv2.acc\[5\]\[0\],17.96µm
m.u_conv3.u_weights._06343_,17.96µm
m.u_conv3.u_weights._07611_,17.96µm
m.u_conv3.u_weights._08912_,17.96µm
m.u_conv3.u_weights._09168_,17.96µm
m.u_conv2.acc\[34\]\[6\],17.95µm
m.u_conv3.u_weights._02876_,17.95µm
m.u_conv3.u_weights._10184_,17.95µm
m.u_conv3.u_weights._11212_,17.95µm
m.u_conv3.u_weights._12094_,17.95µm
m.u_conv3.u_weights._12344_,17.95µm
m.u_conv3.u_weights._14418_,17.95µm
m.u_tree._0210_,17.95µm
m.u_conv1.u_weights._094_,17.945µm
m.u_conv3.u_weights._09732_,17.945µm
m.u_pool2._059_,17.945µm
m.u_pool2._105_,17.945µm
m.u_conv2.u_loader._243_,17.94µm
m.u_conv3.u_weights._10154_,17.94µm
m.u_conv3.u_weights._13959_,17.94µm
m.u_conv3.u_weights._14461_,17.94µm
m.u_conv3.u_weights._05927_,17.935µm
net1571,17.93µm
m.u_tree._1011_,17.925µm
m.u_conv3.u_weights._01970_,17.92µm
m.u_conv3.u_weights._13851_,17.91µm
m.u_tree._0570_,17.91µm
net2339,17.91µm
m.u_conv3.u_weights._12157_,17.905µm
m.u_conv2.acc\[48\]\[0\],17.9µm
m.u_conv3.u_weights._00619_,17.9µm
m.u_conv3.u_weights._05150_,17.9µm
m.u_conv3.u_weights._07714_,17.9µm
m.u_conv3.u_weights._14685_,17.9µm
m.u_tree._1089_,17.9µm
m.u_conv2.u_weights._041_,17.89µm
m.u_conv3.u_weights._00181_,17.89µm
m.u_conv3.u_weights._01293_,17.89µm
m.u_conv3.u_weights._02111_,17.89µm
m.u_conv3.u_weights._02174_,17.89µm
m.u_conv3.u_weights._02893_,17.89µm
m.u_conv3.u_weights._04317_,17.89µm
m.u_conv3.u_weights._05789_,17.89µm
m.u_conv3.u_weights._05896_,17.89µm
m.u_conv3.u_weights._08312_,17.89µm
m.u_conv3.u_weights._09148_,17.89µm
m.u_conv3.u_weights._09679_,17.89µm
m.u_conv3.u_weights._09817_,17.89µm
m.u_conv3.u_weights._10394_,17.89µm
m.u_conv3.u_weights._15440_,17.89µm
m.u_pool1._060_,17.89µm
m.u_pool1._068_,17.89µm
m.u_tree._1119_,17.89µm
m.u_conv2.u_loader._441_,17.88µm
m.u_conv3.u_weights._04129_,17.88µm
m.u_conv3.u_weights._05470_,17.88µm
m.u_conv3.u_weights._11432_,17.88µm
m.u_conv2.u_loader._100_,17.875µm
m.u_conv3.u_weights._01047_,17.875µm
m.u_conv3.u_weights._08448_,17.875µm
m.u_conv3.u_weights._04391_,17.85µm
m.u_conv3.u_weights._07589_,17.85µm
m.u_conv3.u_weights._15334_,17.85µm
m.u_conv3.u_weights._14592_,17.845µm
inference_done_o,17.84µm
m.u_conv2.acc\[59\]\[4\],17.84µm
m.u_conv3.u_weights._01949_,17.84µm
m.u_conv3.u_weights._11748_,17.84µm
m.u_conv3.u_weights._12426_,17.84µm
m.u_conv3.u_weights._02936_,17.83µm
m.u_conv3.u_weights._14509_,17.83µm
m.u_conv3.u_weights._14678_,17.83µm
m.u_conv3.u_weights._03099_,17.82µm
m.u_conv3.u_weights._10175_,17.82µm
m.u_conv3.u_weights._14445_,17.82µm
net2954,17.82µm
m.u_conv3.u_weights._03797_,17.815µm
m.u_conv3.u_weights._10344_,17.795µm
m.u_conv3.u_weights._09161_,17.79µm
m.u_conv3.u_weights._10763_,17.79µm
m.u_conv3.u_weights._01526_,17.785µm
m.u_conv3.u_weights._08408_,17.785µm
m.u_conv3.u_weights._14177_,17.78µm
m.u_conv1.u_loader._088_,17.77µm
m.u_conv2.u_loader._345_,17.77µm
m.u_conv3.input_buf\[54\],17.77µm
m.u_conv3.input_buf\[9\],17.77µm
m.u_conv1.u_loader._200_,17.765µm
m.u_tree._0608_,17.765µm
m.u_conv3.u_weights._03461_,17.76µm
m.u_conv3.u_weights._06279_,17.76µm
m.u_conv3.u_weights._14862_,17.755µm
m.u_conv3.u_weights._11621_,17.745µm
m.u_pool1._143_,17.745µm
m._039_,17.73µm
m.u_conv3.u_weights._01817_,17.73µm
m.u_conv3.u_weights._01043_,17.725µm
m.u_conv3.u_weights._11883_,17.725µm
m.u_conv3.u_weights._12721_,17.725µm
m.u_conv3.u_weights._06156_,17.72µm
m.u_conv2.u_loader._074_,17.71µm
m.u_conv3.u_weights._01336_,17.71µm
m.u_conv3.u_weights._03783_,17.71µm
m.u_conv3.u_weights._12900_,17.71µm
net2307,17.71µm
m.u_conv2._0767_,17.705µm
m.u_conv3.u_weights._11513_,17.705µm
m.u_conv3.u_weights._00706_,17.695µm
m.u_conv3.u_weights._09578_,17.695µm
m.u_conv3.u_weights._10368_,17.695µm
m.u_conv3.u_weights._01759_,17.68µm
m.u_pool1._043_,17.665µm
m.u_conv2.u_weights._048_,17.66µm
m.u_conv3.u_weights._06301_,17.66µm
m.u_conv3.u_weights._07521_,17.66µm
m.seq_state\[5\],17.65µm
m.u_conv1.u_loader._063_,17.65µm
m.u_conv2.acc\[2\]\[2\],17.65µm
m.u_conv3.u_weights._01911_,17.65µm
m.u_conv3.u_weights._06564_,17.65µm
m.u_conv3.u_weights._06580_,17.65µm
m.u_conv3.u_weights._08367_,17.65µm
m.u_conv3.u_weights._10874_,17.65µm
m.u_conv3.u_weights._12205_,17.65µm
m.u_conv3.u_weights._15554_,17.65µm
net2393,17.65µm
m.u_conv3.u_weights._13051_,17.645µm
m.u_tree._0303_,17.645µm
m.u_conv2.acc\[7\]\[5\],17.64µm
m.u_conv3.u_weights._00031_,17.64µm
m.u_conv3.u_weights._10670_,17.64µm
m.u_conv3.u_weights._11223_,17.64µm
m.u_conv1.co\[2\],17.635µm
m.u_conv2.acc\[27\]\[2\],17.635µm
m.u_conv3.u_weights._00902_,17.635µm
m.u_conv3.u_weights._01869_,17.635µm
m.u_conv3.u_weights._11127_,17.635µm
m.u_conv3.u_weights._15361_,17.635µm
m.u_conv3.u_weights._01870_,17.6µm
m.u_conv3.u_weights._02623_,17.6µm
m.u_conv3.u_weights._11103_,17.6µm
m.u_conv3.u_weights._15608_,17.6µm
m.u_conv3.u_weights._14660_,17.595µm
m.sram_req_conv1\[7\],17.59µm
m.u_conv3.u_weights._07903_,17.59µm
m.u_conv3.u_weights._11306_,17.59µm
m.u_conv3.u_weights._14105_,17.59µm
m.u_pool1._062_,17.59µm
net2855,17.59µm
m.u_conv3.u_weights._08196_,17.585µm
m.u_conv3.u_weights._10919_,17.58µm
m.u_conv3.u_weights._13868_,17.58µm
m.u_conv3.u_weights._14302_,17.58µm
m.u_conv3.u_weights._01228_,17.575µm
m.u_conv3.u_weights._04870_,17.575µm
m.u_conv3.u_weights._10149_,17.575µm
m.u_conv3.u_weights._01481_,17.56µm
m.u_conv3.u_weights._12090_,17.56µm
m.u_conv3.u_weights._12350_,17.56µm
m.u_conv3.u_weights._12804_,17.56µm
m.u_conv1.u_loader._056_,17.55µm
m.u_conv1.u_loader._250_,17.55µm
m.u_conv3.u_weights._00070_,17.55µm
m.u_conv3.u_weights._00919_,17.545µm
m.u_conv3.u_weights._04972_,17.545µm
m.u_conv3.u_weights._09267_,17.545µm
m.u_conv3.u_weights._00294_,17.54µm
m.u_conv3.u_weights._00236_,17.535µm
m.u_conv3._045_,17.53µm
m.u_conv3.u_weights._00172_,17.53µm
m.u_conv3.u_weights._01894_,17.53µm
m.u_conv3.u_weights._02459_,17.53µm
m.u_conv3.u_weights._02510_,17.53µm
m.u_conv3.u_weights._08156_,17.53µm
m.u_conv3.u_weights._09437_,17.53µm
m.u_conv3.u_weights._13619_,17.53µm
m.u_tree._1263_,17.525µm
m.u_conv1.u_loader._124_,17.52µm
m.u_conv3.u_weights._09196_,17.52µm
m.u_conv3.u_weights._12937_,17.52µm
m.u_conv3.u_weights._14381_,17.52µm
m.u_tree._0406_,17.52µm
m.u_tree._1086_,17.52µm
m.u_conv3.u_weights._10285_,17.515µm
m.u_conv3.u_weights._08930_,17.505µm
m.u_conv3.u_weights._09866_,17.505µm
m.u_conv3.u_weights._07788_,17.49µm
m.u_conv3.u_weights._00215_,17.485µm
m.u_conv3.u_weights._13872_,17.48µm
m.u_conv3.u_weights._02988_,17.47µm
m.u_conv3.u_weights._06588_,17.47µm
m.u_conv3.u_weights._10471_,17.47µm
m.u_tree._0372_,17.465µm
m.u_conv3.u_weights._00351_,17.46µm
m.u_conv3.u_weights._03080_,17.46µm
m.u_conv3.u_weights._08621_,17.46µm
m.u_conv3.u_weights._10934_,17.46µm
m.u_conv3.u_weights._11422_,17.46µm
m.u_conv3.u_weights._14187_,17.46µm
m.u_conv2._0989_,17.455µm
m.u_conv3.u_weights._01269_,17.455µm
m.u_conv3.u_weights._01614_,17.455µm
m.u_conv3.u_weights._07209_,17.45µm
m.u_conv3.u_weights._14121_,17.435µm
net1825,17.43µm
m.u_conv3.u_weights._05171_,17.43µm
m.u_conv3.u_weights._06857_,17.43µm
m.u_conv3.u_weights._09826_,17.43µm
m.u_conv3.u_weights._11789_,17.43µm
m.u_conv2.acc\[50\]\[4\],17.425µm
m.u_conv3.u_weights._04420_,17.425µm
m.u_conv3.u_weights._05451_,17.425µm
net2953,17.425µm
m.u_conv3.u_weights._01961_,17.42µm
m.u_conv3.u_weights._10383_,17.42µm
m.u_conv2.u_loader._404_,17.415µm
m._037_,17.41µm
m.u_conv2._0599_,17.41µm
m.u_conv3._190_,17.41µm
m.u_conv3.u_weights._02336_,17.41µm
m.u_conv3.u_weights._05854_,17.41µm
m.u_conv3.u_weights._13862_,17.41µm
m.u_conv2._0723_,17.4µm
m.u_conv3.u_weights._01918_,17.4µm
m.u_conv3.u_weights._02135_,17.4µm
m.u_conv3.u_weights._04265_,17.4µm
m.u_conv3.u_weights._06714_,17.4µm
m.u_conv3.u_weights._10964_,17.4µm
m.u_tree._0356_,17.39µm
m.u_conv3.u_weights._08088_,17.38µm
m.u_conv3.u_weights._06091_,17.36µm
m.u_conv3.u_weights._06773_,17.36µm
m.u_conv3.u_weights._10007_,17.355µm
m.u_conv3.u_weights._13062_,17.35µm
m.u_conv3.u_weights._14906_,17.35µm
m.u_conv3.u_weights._15220_,17.35µm
m.u_conv3.u_weights._04091_,17.345µm
m.u_conv1.u_loader._199_,17.34µm
m.u_conv1.u_weights._118_,17.34µm
m.u_conv3.u_weights._08395_,17.34µm
m.u_conv3.u_weights._13393_,17.34µm
m.u_conv3.u_weights._00461_,17.335µm
m.u_conv3.u_weights._04045_,17.335µm
m.u_conv1.u_weights._075_,17.325µm
m.u_conv3.u_weights._11868_,17.325µm
m.u_conv3.u_weights._09482_,17.315µm
m.u_tree._0871_,17.315µm
m.u_conv3.u_weights._14063_,17.31µm
m.u_conv3.u_weights._10014_,17.305µm
m.u_conv3._196_,17.3µm
m.u_conv3.u_weights._01825_,17.3µm
m.u_conv3.u_weights._11344_,17.3µm
m.u_conv3.u_weights._14114_,17.3µm
m.u_conv3.u_weights._15293_,17.295µm
m.sram_req_mnist\[21\],17.29µm
m.u_conv1.u_weights._120_,17.29µm
m.u_conv3.u_weights._01645_,17.29µm
m.u_conv3.u_weights._02763_,17.29µm
m.u_conv3.u_weights._05615_,17.29µm
m.u_conv3.u_weights._09599_,17.29µm
net2984,17.29µm
m.u_conv3.u_weights._00871_,17.28µm
m.u_conv3.u_weights._13489_,17.28µm
m.u_conv3.u_weights._12642_,17.27µm
m.u_conv3.u_weights._01998_,17.265µm
m.u_conv2.u_loader._343_,17.26µm
m.u_conv3.u_weights._07550_,17.26µm
m.u_conv3.u_weights._14215_,17.25µm
m.u_conv3.u_weights._03486_,17.245µm
m.u_conv3.u_weights._13860_,17.245µm
m.u_pool2._146_,17.245µm
m.u_conv2.u_loader._093_,17.24µm
m.u_tree._0638_,17.24µm
m.u_conv2.u_loader._167_,17.235µm
m.u_conv3.u_weights._13432_,17.235µm
m.u_conv3.state\[2\],17.23µm
net3056,17.23µm
m.u_conv1.u_loader._307_,17.22µm
m.u_conv3.u_weights._04631_,17.22µm
m.u_conv3.u_weights._05499_,17.22µm
m.u_tree._0775_,17.22µm
net2284,17.22µm
m.u_conv2.acc\[31\]\[6\],17.215µm
m.u_conv3.u_weights._03611_,17.215µm
m.u_conv3.u_weights._09577_,17.215µm
m.u_conv2._0821_,17.205µm
m.u_conv3.byte_idx\[1\],17.205µm
m.u_conv3.u_weights._08616_,17.2µm
m.u_conv2._0884_,17.18µm
m.u_conv2.acc\[62\]\[4\],17.18µm
m.u_conv2.u_loader._031_,17.18µm
m.u_conv3.u_weights._06089_,17.18µm
m.u_conv2._0591_,17.17µm
m.u_conv2._0778_,17.17µm
m.u_conv3.u_weights._05208_,17.17µm
m.u_conv3.u_weights._07282_,17.17µm
m.u_conv3.u_weights._07469_,17.17µm
m.u_conv3.u_weights._07683_,17.17µm
m.u_conv3.u_weights._10060_,17.17µm
m.u_tree._0301_,17.17µm
m._043_,17.16µm
m._055_,17.16µm
m.sram_req_pool2\[1\],17.16µm
m.u_conv2._0834_,17.16µm
m.u_conv2.u_weights._006_,17.16µm
m.u_conv3.u_weights._04377_,17.16µm
m.u_conv3.u_weights._15119_,17.16µm
m.u_tree._0645_,17.16µm
m.pool1_start,17.155µm
m.u_conv3.u_weights._11535_,17.155µm
m.u_conv3.u_weights._01545_,17.14µm
m.u_conv3.u_weights._04333_,17.14µm
m.u_conv3.u_weights._05986_,17.14µm
m.u_conv3.u_weights._06636_,17.14µm
m.u_conv3.u_weights._10349_,17.14µm
m.u_conv3.u_weights._03691_,17.12µm
m.u_conv3.u_weights._10338_,17.12µm
m.u_conv3.u_weights._12661_,17.115µm
m.u_conv1.u_loader._024_,17.11µm
m.u_conv3.u_weights._00812_,17.11µm
m.u_conv3.u_weights._05336_,17.11µm
m.u_conv3.u_weights._06356_,17.11µm
m.u_conv3.u_weights._02789_,17.105µm
m.u_conv3.u_weights._10814_,17.105µm
m.u_pool1._108_,17.105µm
net2938,17.105µm
m.u_conv3.u_weights._06082_,17.1µm
m.u_conv3.u_weights._12002_,17.1µm
m.u_conv3.u_weights._14289_,17.1µm
net2624,17.1µm
m.u_conv3.u_weights._10538_,17.095µm
m.u_conv3.u_weights._10943_,17.095µm
m.u_conv3.u_weights._11146_,17.095µm
m.u_tree._1453_,17.095µm
m.u_tree._0789_,17.085µm
net1835,17.08µm
m.u_conv3.u_weights._08670_,17.08µm
m.u_conv2.u_loader._065_,17.07µm
m.u_conv3.u_weights._03894_,17.07µm
m.u_conv3.u_weights._06525_,17.07µm
m.u_conv3.u_weights._08133_,17.07µm
m.u_conv3.u_weights._11515_,17.07µm
m.sram_req_mnist\[20\],17.065µm
m.u_conv2._0826_,17.065µm
m.u_conv3.u_weights._00478_,17.065µm
m.u_conv3.u_weights._03856_,17.065µm
m.u_tree._0073_,17.065µm
m.sram_req_pool2\[16\],17.06µm
m.u_conv3._108_,17.06µm
m.u_conv3.u_weights._10372_,17.06µm
m.u_conv3.u_weights._15000_,17.06µm
net2809,17.06µm
net2986,17.06µm
m.u_conv3.u_weights._12580_,17.055µm
m.u_conv1.u_weights._114_,17.05µm
m.u_conv3.u_weights._01438_,17.05µm
m.u_conv3.u_weights._03901_,17.05µm
m.u_conv3.u_weights._05129_,17.05µm
m.u_conv3.u_weights._06719_,17.05µm
m.u_conv3.u_weights._07305_,17.05µm
m.u_conv3.u_weights._08245_,17.05µm
m.u_conv3.u_weights._09501_,17.05µm
m.u_conv3.u_weights._15183_,17.05µm
m.u_pool1.top_byte_reg\[3\],17.05µm
m.u_tree._0663_,17.05µm
m.u_tree._1280_,17.05µm
net2909,17.05µm
m.u_conv2.u_loader._251_,17.045µm
m.u_conv3.u_weights._01479_,17.04µm
m.u_conv3.u_weights._02731_,17.04µm
m.u_conv3.u_weights._07700_,17.04µm
m.u_conv3.u_weights._09230_,17.04µm
m.u_conv3.u_weights._12787_,17.04µm
m.u_conv3.u_weights._13691_,17.035µm
m.u_conv3.u_weights._14047_,17.025µm
m.u_conv2.acc\[14\]\[2\],17.01µm
m.u_conv3.u_weights._11826_,17.01µm
m.u_conv3.u_weights._15662_,17.01µm
m.u_pool2._002_,17.01µm
m.u_conv3.u_weights._01884_,17.005µm
m.u_conv2._0547_,17µm
m.u_conv3.u_weights._00338_,17µm
m.u_conv3.u_weights._12766_,17µm
m.u_conv3.u_weights._13500_,17µm
m.u_conv3.u_weights._14318_,17µm
m.u_conv3.u_weights._14435_,17µm
m.u_conv3.u_weights._14558_,17µm
m.u_conv3.u_weights._12658_,16.995µm
m.sram_req_conv2\[0\],16.99µm
m.u_conv1.u_loader._085_,16.99µm
m.u_conv2._0613_,16.99µm
m.u_conv2.acc\[27\]\[4\],16.99µm
m.u_conv3.u_weights._04453_,16.99µm
m.u_conv3.u_weights._09509_,16.99µm
m.u_conv3.u_weights._11310_,16.99µm
m.u_conv2.acc\[32\]\[3\],16.985µm
m.u_conv3.u_weights._09619_,16.985µm
m.u_conv3.u_weights._03178_,16.98µm
m.u_conv3.u_weights._05141_,16.98µm
m.u_conv3.u_weights._07913_,16.98µm
m.u_conv3.u_weights._05070_,16.975µm
m.u_tree._0272_,16.975µm
m.u_conv1.u_weights._095_,16.965µm
m.u_conv2.u_loader._118_,16.955µm
m.u_conv3.u_weights._06875_,16.955µm
m.u_conv3.u_weights._00714_,16.95µm
m.u_conv3.u_weights._01414_,16.95µm
m.u_conv3.u_weights._01967_,16.95µm
m.u_conv3.u_weights._09844_,16.95µm
m.u_conv3.u_weights._11096_,16.95µm
m.u_conv3.u_weights._13811_,16.95µm
m.u_conv3.u_weights._14796_,16.95µm
net2819,16.95µm
m.u_conv1._128_,16.945µm
m.u_conv2.acc\[16\]\[2\],16.945µm
m.u_conv2.acc\[33\]\[4\],16.945µm
m.u_conv3.u_weights._08757_,16.945µm
m.u_conv3.u_weights._14904_,16.945µm
m.u_conv3.u_weights._01819_,16.94µm
m.u_conv3.u_weights._02614_,16.94µm
m.u_conv3.u_weights._04000_,16.94µm
m.u_conv3.u_weights._04717_,16.94µm
m.u_conv3.u_weights._06985_,16.94µm
m.u_conv3.u_weights._15707_,16.94µm
net2871,16.94µm
m.u_conv2._0695_,16.935µm
m.u_conv3.u_weights._00957_,16.935µm
m.u_conv2._0611_,16.93µm
m.u_conv2.u_loader._307_,16.93µm
m.u_conv3.u_weights._04085_,16.93µm
m.u_conv3.u_weights._04556_,16.93µm
m.u_conv3.u_weights._05706_,16.93µm
m.u_conv3.u_weights._12879_,16.93µm
m.u_conv3.u_weights._14148_,16.93µm
m.u_conv3.u_weights._14427_,16.93µm
m.u_conv3.u_weights._14430_,16.93µm
m.u_conv3.u_weights._14781_,16.93µm
m.u_conv3.u_weights._15476_,16.93µm
m.u_tree._1141_,16.925µm
m.u_conv1._093_,16.92µm
m.u_conv3.u_weights._04589_,16.92µm
m.u_conv3.u_weights._12772_,16.92µm
net2837,16.92µm
m.u_conv3.u_weights._03079_,16.915µm
m.u_conv3.u_weights._04435_,16.905µm
m.u_conv3.u_weights._01341_,16.9µm
m.u_conv3.u_weights._03760_,16.89µm
m.u_conv3.u_weights._05977_,16.89µm
m.u_conv1.u_loader._129_,16.885µm
m.u_conv2.acc\[18\]\[2\],16.885µm
m.u_conv2.acc\[49\]\[5\],16.885µm
m.u_conv3.u_weights._10590_,16.885µm
m.u_conv2.acc\[51\]\[5\],16.88µm
m.u_conv3.u_weights._12023_,16.88µm
m.u_conv1.u_weights._162_,16.87µm
m.u_conv3.u_weights._01377_,16.87µm
m.u_conv3.u_weights._10327_,16.87µm
m.u_conv3.u_weights._10989_,16.87µm
m.u_conv3.u_weights._11918_,16.87µm
m.u_conv3.u_weights._15491_,16.87µm
m.u_conv3.u_weights._09504_,16.865µm
m.u_conv1.u_weights._063_,16.86µm
m.u_tree._0280_,16.86µm
m.u_conv3.u_weights._05726_,16.85µm
m.u_conv3.u_weights._11211_,16.84µm
m.u_conv1.u_loader._299_,16.835µm
m.u_conv3.u_weights._00886_,16.835µm
m.u_conv3.u_weights._07365_,16.83µm
m.u_conv3.u_weights._12262_,16.83µm
m.u_conv3.u_weights._14009_,16.83µm
m.u_conv3.u_weights._15169_,16.83µm
m.u_tree._1281_,16.825µm
m.u_conv3.u_weights._01866_,16.82µm
m.u_conv3.u_weights._02037_,16.82µm
m.u_conv3.u_weights._02612_,16.82µm
m.u_conv3.u_weights._07141_,16.82µm
m.u_conv3.u_weights._12160_,16.82µm
m.u_conv3.u_weights._14335_,16.82µm
net1834,16.81µm
m.u_conv1.u_loader._439_,16.81µm
m.u_conv2.acc\[63\]\[1\],16.81µm
m.u_conv2.linear_idx\[1\],16.81µm
m.u_conv3.u_weights._00834_,16.81µm
m.u_conv3.u_weights._05651_,16.81µm
m.u_conv3.u_weights._07649_,16.81µm
net2873,16.81µm
m.u_conv3.u_weights._06165_,16.8µm
m.u_conv3.u_weights._07617_,16.8µm
m.u_conv3.u_weights._11557_,16.8µm
m.u_tree._1299_,16.8µm
m.u_conv3.u_weights._13765_,16.79µm
m.u_conv3.u_weights._15758_,16.79µm
m.u_conv3.u_weights._00308_,16.77µm
m.u_conv2.u_loader._412_,16.765µm
m.u_conv3.u_weights._05589_,16.76µm
m.u_conv3.u_weights._05632_,16.76µm
m.u_conv2._0505_,16.75µm
m.u_conv3.input_buf\[11\],16.75µm
m.u_conv3.input_buf\[39\],16.75µm
m.u_conv3.u_weights._03686_,16.75µm
m.u_conv3.u_weights._06376_,16.75µm
net2957,16.75µm
m.u_conv3.u_weights._06334_,16.745µm
m.u_conv3._115_,16.74µm
m.u_conv3.u_weights._14342_,16.74µm
m.u_conv3.u_weights._14539_,16.74µm
m.u_conv3.u_weights._01570_,16.735µm
m.u_conv3.u_weights._04337_,16.735µm
m.u_conv3.u_weights._04379_,16.735µm
m.u_conv3.u_weights._14623_,16.735µm
m.u_conv1.u_weights._066_,16.725µm
m.u_conv1.u_loader._101_,16.71µm
m.u_conv3.u_weights._00136_,16.71µm
m.u_conv3.u_weights._05607_,16.71µm
m.u_conv3.u_weights._01415_,16.705µm
m.u_conv3.u_weights._08969_,16.705µm
m.u_conv3.u_weights._11913_,16.705µm
m.u_conv3.u_weights._13505_,16.705µm
m.u_conv2.u_loader._207_,16.7µm
m.u_conv3.u_weights._01564_,16.7µm
m.u_conv3.u_weights._11880_,16.7µm
m.u_conv1.u_loader._042_,16.69µm
m.u_conv2._0837_,16.69µm
m.u_conv2._0894_,16.69µm
m.u_conv2.u_weights._279_,16.69µm
m.u_conv3.u_weights._00384_,16.69µm
m.u_conv3.u_weights._02049_,16.69µm
m.u_conv3.u_weights._06859_,16.69µm
m.u_conv3.u_weights._09001_,16.69µm
m.u_conv3.u_weights._13154_,16.69µm
m.u_conv3.u_weights._15316_,16.69µm
m.u_mnist_loader.bitmask_shift\[2\],16.69µm
m.u_pool2._091_,16.69µm
m.u_tree._0878_,16.69µm
net2899,16.69µm
m.u_conv3.u_weights._10594_,16.685µm
m.u_conv3.u_weights._14614_,16.685µm
m.u_conv3.u_weights._04347_,16.68µm
m.u_conv3.u_weights._06400_,16.68µm
m.u_conv3.u_weights._10345_,16.68µm
m.u_conv3.u_weights._00297_,16.675µm
m.u_conv3.u_weights._14156_,16.675µm
m.u_tree._0704_,16.675µm
m.u_conv2._1045_,16.66µm
m.u_conv3.u_weights._07018_,16.66µm
m.u_conv3.u_weights._07571_,16.66µm
m.u_conv3.u_weights._09302_,16.66µm
m.u_conv3.u_weights._11473_,16.66µm
m.u_conv3.u_weights._13480_,16.66µm
m.u_conv3.u_weights._15489_,16.66µm
m.u_conv3.u_weights._00607_,16.65µm
m.u_conv3.u_weights._11389_,16.65µm
m.u_conv3.u_weights._15094_,16.65µm
m.u_conv3.u_weights._02284_,16.64µm
m.u_conv3.u_weights._02724_,16.64µm
m.u_conv3.u_weights._11520_,16.64µm
m.u_conv3.u_weights._15438_,16.64µm
m.u_conv1.u_weights._071_,16.63µm
m.u_conv2._0625_,16.63µm
m.u_conv3.u_weights._10466_,16.63µm
m.u_conv3.u_weights._12494_,16.63µm
m.u_tree._0221_,16.63µm
m.u_conv3.u_weights._00287_,16.625µm
m.u_conv3.u_weights._14048_,16.625µm
m.u_conv3.u_weights._10948_,16.62µm
m.u_conv3.u_weights._14138_,16.62µm
m.u_tree._0060_,16.62µm
m.u_tree._1203_,16.62µm
m.u_conv3.u_weights._01683_,16.615µm
m.u_tree._1243_,16.615µm
net1833,16.6µm
m.u_conv3.u_weights._03769_,16.6µm
m.u_conv3.u_weights._12989_,16.595µm
m.u_conv3.u_weights._06983_,16.585µm
m.u_conv3.u_weights._08303_,16.585µm
m.u_conv3.u_weights._09518_,16.585µm
m.u_conv3.u_weights._15069_,16.585µm
m.u_conv2.acc\[53\]\[6\],16.58µm
m.u_conv3.u_weights._01046_,16.58µm
m.u_conv3.u_weights._02317_,16.58µm
m.u_conv3.u_weights._03665_,16.58µm
m.u_conv3.u_weights._08165_,16.58µm
m.u_conv3.u_weights._09837_,16.58µm
m.u_conv3.u_weights._13895_,16.58µm
m.u_conv3.u_weights._14246_,16.58µm
m.u_conv3.u_weights._14480_,16.58µm
m.u_pool2._124_,16.58µm
net2810,16.58µm
net3046,16.58µm
m.u_conv3.u_weights._06918_,16.575µm
m.u_conv1.u_loader._139_,16.57µm
m.u_conv2.u_loader._188_,16.57µm
m.u_conv3.u_weights._02381_,16.57µm
m.u_conv3.u_weights._02737_,16.57µm
m.u_conv3.u_weights._07371_,16.57µm
m.u_conv3.u_weights._09133_,16.57µm
m.u_conv3.u_weights._12312_,16.57µm
m.u_conv3.u_weights._13616_,16.57µm
m.u_conv3.u_weights._14054_,16.57µm
m.u_mnist_loader._06_,16.57µm
m.u_tree._0360_,16.57µm
m.u_conv1._182_,16.56µm
m.u_conv3.u_weights._06280_,16.56µm
m.u_conv3.u_weights._08486_,16.56µm
m.u_conv3.u_weights._15717_,16.56µm
m.u_conv2.u_weights._144_,16.555µm
m.u_conv3.u_weights._03372_,16.555µm
m.u_conv3.u_weights._01125_,16.545µm
m.u_conv3.u_weights._05445_,16.545µm
m.u_conv3.u_weights._15730_,16.545µm
m.u_conv2.acc\[62\]\[2\],16.535µm
m.u_conv3.u_weights._00088_,16.535µm
m.u_conv3.u_weights._11793_,16.535µm
m.u_conv1.u_loader._065_,16.53µm
m.u_conv1.u_loader._069_,16.53µm
m.u_conv3.u_weights._00502_,16.53µm
m.u_conv2.acc\[10\]\[3\],16.525µm
m.u_conv3.u_weights._03067_,16.52µm
m.u_conv3.u_weights._05621_,16.52µm
m.u_conv3.u_weights._10055_,16.52µm
m.u_conv3.u_weights._13235_,16.52µm
m.u_conv3.u_weights._02054_,16.515µm
m.u_conv3.u_weights._05691_,16.51µm
m.u_conv3.u_weights._13223_,16.51µm
m.u_conv3.u_weights._15059_,16.51µm
m.u_conv3.u_weights._11114_,16.505µm
m.u_conv2.u_loader._415_,16.5µm
m.u_conv3.u_weights._00852_,16.5µm
m.u_tree._0202_,16.5µm
m.u_tree._1137_,16.495µm
m.u_pool1.top_byte_reg\[1\],16.485µm
m.u_conv3.u_weights._08879_,16.475µm
net1821,16.47µm
m.u_conv3.u_weights._00966_,16.47µm
m.u_conv3.u_weights._06147_,16.47µm
m.u_conv3.u_weights._11818_,16.47µm
m.u_conv2.acc\[25\]\[2\],16.465µm
m.u_conv3.u_weights._12709_,16.465µm
m.u_conv3.u_weights._14377_,16.465µm
m.u_conv3.u_weights._03664_,16.46µm
m.u_conv3.u_weights._04491_,16.46µm
m.u_conv3.u_weights._11531_,16.46µm
m.u_conv3.u_weights._13105_,16.46µm
m.u_conv3.u_weights._13640_,16.46µm
m.u_conv3.u_weights._13888_,16.46µm
m.u_conv3.u_weights._15055_,16.46µm
m.u_pool2._095_,16.46µm
m.u_conv3.u_weights._07869_,16.455µm
m.u_conv3.u_weights._13792_,16.455µm
m.u_conv1.u_loader._060_,16.45µm
m.u_conv3.u_weights._01048_,16.45µm
m.u_conv3.u_weights._06187_,16.45µm
m.u_conv3.u_weights._07387_,16.45µm
m.u_conv3.u_weights._08751_,16.45µm
m.u_conv3.u_weights._13875_,16.45µm
net1979,16.45µm
net2346,16.45µm
m.u_conv3.u_weights._05229_,16.445µm
m.u_conv3.u_weights._13220_,16.445µm
m.u_conv2._0703_,16.44µm
m.u_conv3.u_weights._03539_,16.44µm
m.u_conv3.u_weights._08082_,16.44µm
net2267,16.44µm
m.u_conv3.u_weights._06110_,16.435µm
m.u_conv3.u_weights._12156_,16.435µm
m.u_conv3.u_weights._13859_,16.435µm
m.u_conv3.u_weights._12275_,16.425µm
m.u_conv3.u_weights._12611_,16.415µm
m.u_conv3.u_weights._11443_,16.41µm
m.u_conv3.u_weights._14700_,16.41µm
m.u_conv2.acc\[15\]\[0\],16.405µm
m.u_conv3.u_weights._13999_,16.405µm
m.u_pool2._045_,16.405µm
m.u_conv2.acc\[14\]\[4\],16.4µm
m.u_conv3.u_weights._01821_,16.4µm
m.u_conv3.u_weights._05732_,16.4µm
m.u_conv3.u_weights._07363_,16.4µm
m.u_conv3.u_weights._08990_,16.4µm
m.u_conv3.u_weights._09421_,16.4µm
m.u_conv3.u_weights._10996_,16.4µm
net1832,16.39µm
m.u_conv2._0878_,16.39µm
m.u_conv2.acc\[21\]\[6\],16.39µm
m.u_conv3.u_weights._06080_,16.39µm
m.u_conv3.u_weights._12444_,16.39µm
m.u_conv3.u_weights._14399_,16.39µm
net3045,16.39µm
m.u_conv3.u_weights._11646_,16.385µm
m.u_conv3.u_weights._00063_,16.38µm
m.u_conv3.u_weights._00128_,16.38µm
m.u_conv3.u_weights._03069_,16.38µm
m.u_conv3.u_weights._07587_,16.38µm
m.u_conv3.u_weights._14261_,16.375µm
m.u_conv3.u_weights._04156_,16.37µm
m.u_conv2._0811_,16.365µm
m.u_conv3.u_weights._14293_,16.365µm
m.u_pool2._010_,16.365µm
m.u_conv3.u_weights._05584_,16.36µm
m.u_conv2.u_weights._354_,16.355µm
m.u_conv3.u_weights._08453_,16.355µm
m.u_conv3.u_weights._00074_,16.35µm
m.u_conv3.u_weights._01257_,16.35µm
m.u_conv3.u_weights._09963_,16.35µm
m.u_conv3.u_weights._10695_,16.35µm
m.u_tree._1315_,16.35µm
m.u_conv3.u_weights._12514_,16.34µm
m.u_conv3.u_weights._12549_,16.34µm
m.u_conv3.u_weights._13585_,16.34µm
m.u_tree._0035_,16.34µm
m.u_tree._0238_,16.34µm
m.u_conv2.acc\[26\]\[2\],16.33µm
m.u_conv3.u_weights._00000_,16.33µm
m.u_conv3.u_weights._02436_,16.33µm
m.u_conv3.u_weights._08717_,16.33µm
m.u_conv3.u_weights._08853_,16.33µm
m.u_conv3.u_weights._08970_,16.33µm
m.u_conv3.u_weights._11360_,16.325µm
m.u_conv3.u_weights._02217_,16.32µm
m.u_conv3.u_weights._13200_,16.32µm
m.u_conv3.u_weights._13297_,16.32µm
m.u_pool1._200_,16.32µm
net2697,16.32µm
m.u_conv3.u_weights._15740_,16.315µm
m.u_conv2.acc\[7\]\[4\],16.31µm
m.u_conv3.u_weights._02078_,16.305µm
m.u_conv2._0908_,16.3µm
m.u_tree._1036_,16.3µm
m.u_conv3.u_weights._13450_,16.29µm
m.u_conv3.u_weights._11263_,16.28µm
m.u_tree._0057_,16.28µm
m.u_conv3.u_weights._03970_,16.275µm
m.u_conv3.u_weights._09595_,16.275µm
m.u_conv2.acc\[45\]\[4\],16.27µm
m.u_conv3.u_weights._01589_,16.27µm
m.u_conv3.u_weights._03573_,16.27µm
m.u_conv3.u_weights._07641_,16.27µm
m.u_conv3.u_weights._09398_,16.27µm
m.u_tree._0745_,16.27µm
net2864,16.27µm
net3043,16.27µm
m.u_conv3.u_weights._13274_,16.26µm
m.u_tree._0700_,16.26µm
m.u_conv2.acc\[63\]\[0\],16.255µm
m.u_conv3.u_weights._05375_,16.23µm
m.u_conv3.u_weights._10077_,16.23µm
m.u_conv3.u_weights._10275_,16.23µm
m.u_conv3.u_weights._12822_,16.23µm
m.u_tree._1500_,16.225µm
m.u_conv1._087_,16.22µm
m.u_conv3.u_weights._01045_,16.22µm
m.u_conv3.u_weights._04222_,16.22µm
m.u_conv3.u_weights._05958_,16.22µm
m.u_tree._1039_,16.22µm
m.u_conv1.u_loader._047_,16.21µm
m.u_conv3.u_weights._00833_,16.21µm
m.u_conv3.u_weights._03433_,16.21µm
m.u_conv3.u_weights._06369_,16.21µm
m.u_conv3.u_weights._11541_,16.21µm
m.u_conv3.u_weights._11577_,16.21µm
m.u_conv3.u_weights._12726_,16.21µm
m.u_conv3.u_weights._12755_,16.21µm
m.u_conv3.u_weights._02574_,16.205µm
m.u_conv2._0840_,16.2µm
m.u_conv3.u_weights._00007_,16.2µm
m.u_conv3.u_weights._00157_,16.2µm
m.u_conv3.u_weights._01588_,16.2µm
m.u_conv3.u_weights._04777_,16.2µm
m.u_conv3.u_weights._09206_,16.2µm
m.u_conv3.u_weights._13977_,16.2µm
m.u_conv2.u_weights._195_,16.195µm
m.u_conv3.u_weights._08765_,16.195µm
m.u_tree._0674_,16.19µm
m.u_conv1.u_loader._153_,16.185µm
m.u_tree._0100_,16.185µm
net1831,16.18µm
net1843,16.18µm
m.u_conv3.u_weights._14327_,16.18µm
m.u_conv3.u_weights._15636_,16.18µm
m.u_conv3.u_weights._11097_,16.17µm
m.u_conv3.u_weights._06701_,16.165µm
m.u_conv3.u_weights._02497_,16.16µm
m.u_conv3.u_weights._09013_,16.16µm
m.u_conv3.u_weights._10942_,16.16µm
m.u_conv3.u_weights._14274_,16.16µm
m.u_tree._0438_,16.16µm
m.u_conv1._059_,16.15µm
m.u_conv2._1434_,16.15µm
m.u_conv3.u_weights._04130_,16.15µm
m.u_conv3.u_weights._04193_,16.15µm
m.u_conv3.u_weights._04247_,16.15µm
m.u_conv3.u_weights._08329_,16.15µm
m.u_conv3.u_weights._13663_,16.15µm
m.u_conv3.u_weights._00377_,16.14µm
m.u_conv3.u_weights._05103_,16.14µm
m.u_tree._0926_,16.14µm
m.u_conv3.u_weights._02384_,16.135µm
m.u_conv3.u_weights._08007_,16.135µm
m.u_conv3.u_weights._10809_,16.135µm
m.u_conv3.u_weights._10864_,16.135µm
m.u_conv3.u_weights._14591_,16.135µm
m.u_conv2._0567_,16.125µm
m.u_conv3.u_weights._03895_,16.125µm
m.u_conv3.u_weights._12816_,16.125µm
m.u_conv3.u_weights._03070_,16.11µm
m.u_conv3.u_weights._08194_,16.11µm
m.u_conv3.u_weights._10694_,16.11µm
m.u_conv3.u_weights._12601_,16.11µm
m.u_conv3.u_weights._14707_,16.11µm
m.u_conv3.u_weights._03656_,16.105µm
m.u_tree._1178_,16.105µm
m.u_conv3.u_weights._00683_,16.1µm
m.u_conv3.u_weights._00913_,16.1µm
m.u_conv3.u_weights._13943_,16.1µm
m.u_conv3.u_weights._14079_,16.1µm
m.u_conv3.u_weights._15515_,16.1µm
m.u_conv2._0639_,16.09µm
m.u_conv2.u_loader._143_,16.09µm
m.u_conv2.u_loader._418_,16.09µm
m.u_conv3.u_weights._01507_,16.09µm
m.u_conv3.u_weights._03100_,16.09µm
m.u_conv3.u_weights._05614_,16.09µm
m.u_conv3.u_weights._05670_,16.09µm
m.u_conv3.u_weights._06021_,16.09µm
m.u_conv3.u_weights._06323_,16.09µm
m.u_conv3.u_weights._11175_,16.09µm
m.u_conv3.u_weights._11252_,16.09µm
m.u_conv3.byte_idx\[0\],16.08µm
m.u_conv3.u_weights._01469_,16.08µm
m.u_conv3.u_weights._01676_,16.08µm
m.u_conv3.u_weights._02192_,16.08µm
m.u_conv3.u_weights._03805_,16.08µm
m.u_conv3.u_weights._04311_,16.08µm
m.u_conv3.u_weights._04868_,16.08µm
m.u_conv3.u_weights._09758_,16.08µm
m.u_conv3.u_weights._10364_,16.08µm
m.u_conv3.u_weights._11735_,16.08µm
net1912,16.08µm
m.u_conv1.u_loader._140_,16.075µm
m.u_conv3.u_weights._14119_,16.075µm
m.u_conv3.u_weights._09214_,16.06µm
m.u_conv3.u_weights._03661_,16.05µm
m.u_conv3.u_weights._04380_,16.05µm
net2293,16.05µm
m.u_conv3.u_weights._02588_,16.04µm
m.u_conv3.u_weights._09407_,16.04µm
m.u_tree._1041_,16.04µm
m.u_conv3.u_weights._09526_,16.035µm
m.u_conv3.u_weights._13558_,16.035µm
m.u_conv3.input_buf\[16\],16.03µm
m.u_conv3.u_weights._13665_,16.03µm
m.u_conv3.u_weights._05111_,16.02µm
m.u_conv3.u_weights._09903_,16.02µm
m.u_conv3.u_weights._11742_,16.02µm
m.u_conv3.u_weights._07272_,16.015µm
m.u_conv3.u_weights._07847_,16.015µm
m.u_conv3.u_weights._07770_,16.005µm
m.u_conv2._0872_,16µm
m.u_conv3.u_weights._04071_,15.995µm
m.u_conv3.u_weights._10220_,15.99µm
m.u_conv3.u_weights._10821_,15.99µm
m.u_conv2.acc\[44\]\[5\],15.985µm
m.u_conv3.u_weights._03771_,15.985µm
m.u_conv3.u_weights._10332_,15.985µm
m.u_tree._0538_,15.985µm
m.u_tree._0841_,15.985µm
m.u_conv1._088_,15.98µm
m.u_conv3._179_,15.98µm
m.u_conv3.u_weights._02156_,15.98µm
m.u_conv3.u_weights._04059_,15.98µm
m.u_conv3.u_weights._06766_,15.98µm
m.u_conv3.u_weights._09657_,15.98µm
m.u_conv3.u_weights._09796_,15.98µm
m.u_conv3.u_weights._12691_,15.98µm
m.u_conv3.u_weights._03444_,15.975µm
m.u_conv3.u_weights._10610_,15.975µm
m.u_conv2._0612_,15.97µm
m.u_conv2.u_loader._149_,15.97µm
m.u_conv3.u_weights._02817_,15.97µm
m.u_conv3.u_weights._04073_,15.97µm
m.u_conv3.u_weights._04244_,15.97µm
m.u_conv3.u_weights._07008_,15.97µm
m.u_conv3.u_weights._09031_,15.97µm
m.u_conv3.u_weights._11063_,15.97µm
m.u_conv3.u_weights._11772_,15.97µm
m.u_conv3.u_weights._12562_,15.97µm
m.u_conv3.u_weights._13026_,15.97µm
m.u_conv3.u_weights._13148_,15.97µm
m.u_conv3.u_weights._13801_,15.97µm
m.u_tree._0043_,15.97µm
m.u_tree._1230_,15.97µm
m.u_conv2.u_loader._261_,15.96µm
m.u_conv3.u_weights._01427_,15.96µm
m.u_conv3.u_weights._05268_,15.96µm
m.u_conv3.u_weights._06229_,15.96µm
m.u_conv3.u_weights._12503_,15.96µm
net2825,15.96µm
m.u_conv3.u_weights._05637_,15.955µm
m.u_conv3.u_weights._14173_,15.945µm
m.u_conv3.u_weights._03172_,15.935µm
m.u_conv3.u_weights._05563_,15.935µm
m.u_conv2.u_loader._052_,15.93µm
m.u_conv3.u_weights._12243_,15.93µm
m.u_mnist_loader._24_,15.93µm
net3026,15.93µm
m.u_conv1.u_loader._261_,15.925µm
m.u_conv3.u_weights._01531_,15.92µm
m.u_conv3.u_weights._05207_,15.915µm
m.u_conv3.u_weights._07959_,15.915µm
m.u_tree._0329_,15.915µm
m.u_conv3.u_weights._04031_,15.91µm
m.u_conv3.u_weights._08419_,15.91µm
m.sram_req_pool1\[0\],15.9µm
m.u_conv1.u_weights._093_,15.9µm
m.u_conv3.u_weights._00693_,15.9µm
m.u_conv3.u_weights._02097_,15.9µm
m.u_conv3.u_weights._07753_,15.9µm
net2846,15.9µm
m.u_conv3.u_weights._13589_,15.895µm
m.u_conv3.u_weights._12728_,15.885µm
m.u_conv3.u_weights._14316_,15.885µm
m.u_pool1._169_,15.885µm
m.u_conv3.u_weights._02815_,15.875µm
m.u_conv3.u_weights._04782_,15.875µm
m.u_conv2.u_weights._366_,15.87µm
m.u_conv3.u_weights._00207_,15.87µm
m.u_conv3.u_weights._08862_,15.87µm
m.u_conv3.u_weights._12301_,15.87µm
m.u_conv2.u_loader._138_,15.865µm
m.u_conv3.u_weights._06965_,15.865µm
m.u_conv3.u_weights._07219_,15.865µm
m.u_conv3.u_weights._01773_,15.86µm
m.u_conv3.u_weights._04185_,15.86µm
m.u_conv3.u_weights._05916_,15.86µm
m.u_tree._0666_,15.86µm
m.u_conv2.u_weights._319_,15.855µm
m.u_conv3.u_weights._13566_,15.855µm
m.u_conv2.u_weights._262_,15.85µm
m.u_conv2.u_weights._310_,15.85µm
m.u_conv3.input_buf\[14\],15.85µm
m.u_conv3.u_weights._04908_,15.85µm
m.u_conv3.u_weights._06292_,15.85µm
m.u_tree._0555_,15.85µm
net2901,15.85µm
m.u_conv3.u_weights._02544_,15.845µm
m.u_conv3.u_weights._13448_,15.845µm
m.u_conv3.u_weights._01568_,15.84µm
m.u_conv3.u_weights._09023_,15.84µm
m.u_conv3.u_weights._13842_,15.84µm
m.u_pool1.co\[3\],15.84µm
net2847,15.84µm
m.u_conv3.u_weights._13035_,15.835µm
m.u_conv3.u_weights._03535_,15.825µm
m.u_conv3.u_weights._06545_,15.825µm
m.u_conv3.u_weights._10993_,15.82µm
m.u_conv2.u_loader._399_,15.81µm
m.u_conv3.u_weights._00096_,15.81µm
m.u_conv3.u_weights._12384_,15.81µm
m.u_conv3.u_weights._07225_,15.805µm
m.u_conv2.acc\[43\]\[1\],15.79µm
m.u_conv2.u_loader._050_,15.79µm
m.u_conv3.u_weights._15555_,15.79µm
m.u_pool2._018_,15.79µm
m.u_tree._0244_,15.79µm
m.u_tree._1311_,15.79µm
net2646,15.79µm
m.u_conv1.u_loader._149_,15.78µm
m.u_conv3.u_weights._04675_,15.78µm
m.u_conv3.u_weights._10116_,15.78µm
m.u_conv3.u_weights._11638_,15.78µm
m.u_conv3.u_weights._14893_,15.78µm
m.u_conv3.u_weights._15672_,15.78µm
m.u_tree._0320_,15.78µm
net2919,15.78µm
m.u_conv2.u_loader._275_,15.775µm
m.u_conv3.u_weights._02357_,15.775µm
m.u_conv3.u_weights._04434_,15.775µm
m.u_conv3.u_weights._04679_,15.775µm
m.u_conv3.u_weights._04865_,15.775µm
m.u_conv3.u_weights._05955_,15.775µm
m.u_conv2.acc\[59\]\[1\],15.765µm
m.u_conv3.u_weights._06754_,15.765µm
m.u_conv3.u_weights._08603_,15.75µm
m.u_conv3.u_weights._10321_,15.75µm
m.u_conv2._0502_,15.745µm
m.u_conv3.u_weights._04978_,15.745µm
m.u_conv3.u_weights._03392_,15.74µm
m.u_conv2.acc\[32\]\[6\],15.735µm
m.u_conv1._070_,15.73µm
m.u_conv2._0618_,15.73µm
m.u_conv2.acc\[42\]\[1\],15.73µm
m.u_conv2.u_loader._042_,15.73µm
m.u_conv3.u_weights._00893_,15.73µm
m.u_conv3.u_weights._04145_,15.73µm
m.u_conv3.u_weights._06541_,15.73µm
m.u_conv3.u_weights._07784_,15.73µm
m.u_conv3.u_weights._08002_,15.73µm
m.u_conv3.u_weights._09489_,15.73µm
m.u_conv3.u_weights._10555_,15.73µm
net2874,15.73µm
m.u_conv2.u_loader._180_,15.725µm
m._085_,15.72µm
m.u_conv3._147_,15.72µm
m.u_conv3.u_weights._06255_,15.72µm
m.u_conv3.u_weights._06585_,15.72µm
m.u_pool1.bot_byte_reg\[4\],15.72µm
m.u_conv2.acc\[49\]\[0\],15.715µm
m.u_conv2.u_loader._077_,15.715µm
m.u_conv3.u_weights._03110_,15.715µm
m.u_conv3.u_weights._13995_,15.715µm
net2883,15.715µm
m.u_conv3.u_weights._10684_,15.71µm
m.u_conv3.u_weights._13835_,15.71µm
m.u_conv2.u_weights._276_,15.7µm
m.u_conv3.u_weights._05425_,15.7µm
m.u_conv3.u_weights._05852_,15.7µm
m.u_conv3.u_weights._05963_,15.7µm
m.u_conv3.u_weights._06916_,15.7µm
m.u_conv3.u_weights._11750_,15.7µm
m.u_conv3.u_weights._12561_,15.7µm
m.u_conv3.u_weights._06930_,15.69µm
m.u_conv3.u_weights._13058_,15.69µm
m.u_conv3.u_weights._15117_,15.69µm
m.u_conv3.u_weights._03238_,15.685µm
m.u_conv2.acc\[48\]\[5\],15.68µm
m.u_conv2.u_weights._059_,15.68µm
m.u_conv3.u_weights._02723_,15.68µm
m.u_conv3.u_weights._04149_,15.68µm
m.u_conv3.u_weights._05043_,15.68µm
m.u_conv3.u_weights._06169_,15.68µm
net2784,15.68µm
net3003,15.68µm
m.u_conv2.ci\[1\],15.67µm
m.u_conv3.u_weights._05155_,15.67µm
m.u_conv3.u_weights._07274_,15.67µm
m.u_conv3.u_weights._07295_,15.67µm
m.u_conv3.u_weights._10153_,15.67µm
m.u_conv3.u_weights._10725_,15.67µm
m.u_conv3.u_weights._13175_,15.67µm
m.u_tree._0485_,15.665µm
m.u_conv3.u_weights._06674_,15.66µm
m.u_tree._0616_,15.66µm
m.u_conv3.u_weights._00686_,15.655µm
m.u_conv3.u_weights._07813_,15.655µm
m.u_conv3.u_weights._07342_,15.625µm
m.u_conv3.u_weights._15071_,15.625µm
m.u_conv1.u_weights._148_,15.62µm
m.u_conv3.u_weights._01374_,15.62µm
m.u_conv3.u_weights._01856_,15.62µm
m.u_conv3.u_weights._03113_,15.62µm
m.u_conv3.u_weights._03254_,15.62µm
m.u_conv3.u_weights._04374_,15.62µm
m.u_conv3.u_weights._06423_,15.62µm
m.u_conv3.u_weights._11836_,15.62µm
m.u_conv3.u_weights._14643_,15.62µm
m.u_conv3.u_weights._15042_,15.62µm
m.u_pool1._176_,15.62µm
net2328,15.62µm
net2856,15.62µm
m.u_conv3.u_weights._07216_,15.615µm
m.u_conv3.u_weights._10887_,15.615µm
net1905,15.61µm
m.u_conv2._0716_,15.61µm
m.u_conv2.acc\[38\]\[1\],15.61µm
m.u_conv3.u_weights._02151_,15.61µm
m.u_conv3.u_weights._04006_,15.61µm
m.u_conv3.u_weights._07002_,15.61µm
m.u_conv3.u_weights._07702_,15.61µm
m.u_conv3.u_weights._08667_,15.61µm
m.u_conv3.u_weights._09941_,15.61µm
m.u_tree._0461_,15.61µm
net2511,15.61µm
net2563,15.61µm
m.u_conv3.u_weights._01691_,15.605µm
m.u_conv3.u_weights._08923_,15.605µm
m.u_conv3.u_weights._09787_,15.605µm
m.u_conv3.u_weights._14951_,15.605µm
net1842,15.6µm
m.u_conv2._0533_,15.6µm
m.u_conv3.u_weights._01530_,15.6µm
m.u_conv3.u_weights._01597_,15.6µm
m.u_conv3.u_weights._07030_,15.6µm
m.u_conv3.u_weights._08348_,15.6µm
m.u_conv3.u_weights._10931_,15.6µm
m.u_conv3.u_weights._11729_,15.6µm
m.u_tree._0886_,15.6µm
m.u_tree._0977_,15.6µm
m.u_conv3.u_weights._00894_,15.595µm
m.u_conv3.u_weights._06871_,15.595µm
net1840,15.59µm
m.u_conv3.u_weights._07204_,15.58µm
m.u_conv3.u_weights._14659_,15.58µm
m.u_conv3.u_weights._14298_,15.575µm
m.u_conv3.u_weights._07082_,15.57µm
m.u_conv3.u_weights._09242_,15.57µm
m.u_conv3.u_weights._09470_,15.57µm
m.u_conv2.acc\[29\]\[2\],15.565µm
m.u_conv2.acc\[52\]\[1\],15.565µm
m.u_conv3.u_weights._02626_,15.565µm
m.u_conv3.u_weights._02987_,15.56µm
m.u_conv3.u_weights._06477_,15.56µm
m.u_conv3.u_weights._11771_,15.56µm
m.u_conv3.u_weights._15115_,15.56µm
m.u_conv2._0658_,15.55µm
m.u_conv3.u_weights._02662_,15.55µm
m.u_conv3.u_weights._03612_,15.55µm
m.u_conv3.u_weights._09107_,15.55µm
m.u_conv3.u_weights._12051_,15.55µm
m.u_tree._0506_,15.55µm
m.u_conv3.u_weights._00670_,15.545µm
m.u_conv3.u_weights._04195_,15.545µm
m.u_conv3.u_weights._07764_,15.545µm
m.u_conv3.u_weights._11112_,15.545µm
m.u_conv3.u_weights._00137_,15.54µm
m.u_conv3.u_weights._01661_,15.54µm
m.u_conv3.u_weights._02797_,15.54µm
m.u_conv3.u_weights._06225_,15.54µm
m.u_conv3.u_weights._13011_,15.54µm
m.u_conv3.u_weights._15223_,15.54µm
m.u_conv3.u_weights._04508_,15.535µm
m.u_conv3.u_weights._05114_,15.535µm
m.u_conv3.u_weights._07161_,15.535µm
m.u_conv3.u_weights._09665_,15.535µm
m.u_tree._1502_,15.535µm
m.u_conv2._0824_,15.52µm
net1847,15.51µm
m.u_conv1._171_,15.51µm
m.u_conv3.u_weights._10431_,15.51µm
m.u_conv3.u_weights._13226_,15.51µm
m.u_conv3.u_weights._01720_,15.505µm
m.u_conv3.u_weights._13277_,15.505µm
m.u_pool2.bot_byte_reg\[5\],15.505µm
m.u_conv1.u_loader._411_,15.5µm
m.u_conv3.byte_idx\[2\],15.5µm
m.u_conv3.u_weights._00189_,15.5µm
m.u_conv3.u_weights._01594_,15.5µm
m.u_conv3.u_weights._05564_,15.5µm
m.u_conv3.u_weights._02785_,15.495µm
m.u_conv1.u_loader._295_,15.49µm
m.u_conv2._0002_,15.49µm
m.u_conv3.u_weights._01634_,15.49µm
m.u_conv3.u_weights._01750_,15.49µm
m.u_conv3.u_weights._06240_,15.49µm
m.u_conv3.u_weights._06307_,15.49µm
m.u_conv3.u_weights._07072_,15.49µm
m.u_conv3.u_weights._07154_,15.49µm
m.u_conv3.u_weights._07640_,15.49µm
m.u_conv3.u_weights._10041_,15.49µm
m.u_conv3.u_weights._11630_,15.49µm
m.u_conv1.u_loader._058_,15.485µm
m.u_conv3.u_weights._04455_,15.485µm
m.u_conv3.u_weights._04998_,15.485µm
net1845,15.48µm
m.u_conv3.u_weights._05381_,15.48µm
m.u_conv3.u_weights._06650_,15.48µm
m.u_tree._1486_,15.48µm
m.u_conv3.u_weights._01804_,15.475µm
m.u_conv3.u_weights._13623_,15.47µm
m.u_conv3.u_weights._02627_,15.45µm
m.u_conv2.acc\[49\]\[1\],15.445µm
m.u_conv3.u_weights._01491_,15.44µm
m.u_conv3.u_weights._06311_,15.43µm
m.u_conv3.u_weights._06628_,15.43µm
m.u_conv3.u_weights._11816_,15.43µm
m.u_conv3.u_weights._15698_,15.43µm
m.u_conv2.u_weights._293_,15.42µm
m.u_conv2.u_weights._376_,15.42µm
m.u_conv3.u_weights._03905_,15.42µm
m.u_conv3.u_weights._11064_,15.42µm
m.u_pool2._152_,15.42µm
m.u_tree._0222_,15.42µm
net2498,15.42µm
net2735,15.42µm
m.u_tree._1157_,15.41µm
m.u_conv3.u_weights._08209_,15.405µm
m.u_conv3.u_weights._09040_,15.405µm
m.u_conv3.u_weights._12335_,15.405µm
m.u_tree._1196_,15.405µm
m.u_conv3.u_weights._06527_,15.39µm
m.u_conv3.u_weights._08366_,15.39µm
m.u_conv3.u_weights._09886_,15.39µm
m.u_conv2._0974_,15.385µm
m.u_conv3.u_weights._04805_,15.385µm
m.u_conv3.u_weights._15458_,15.385µm
m.u_conv3.u_weights._00865_,15.38µm
m.u_conv3.u_weights._06855_,15.38µm
m.u_conv3.u_weights._07271_,15.38µm
m.u_conv3.u_weights._07614_,15.38µm
m.u_conv3.u_weights._07635_,15.38µm
m.u_conv3.u_weights._14440_,15.38µm
m.u_conv3.u_weights._00826_,15.37µm
m.u_conv3.u_weights._02432_,15.37µm
m.u_conv3.u_weights._03604_,15.37µm
m.u_conv3.u_weights._06218_,15.37µm
m.u_conv3.u_weights._07061_,15.37µm
m.u_conv3.u_weights._10547_,15.37µm
m.u_conv3.u_weights._11120_,15.37µm
m.u_conv3.u_weights._13067_,15.37µm
net2900,15.37µm
m.u_conv2._0995_,15.365µm
m.u_conv3.u_weights._01779_,15.36µm
m.u_conv3.u_weights._07855_,15.36µm
m.u_conv3.u_weights._09273_,15.36µm
m.u_conv3.u_weights._13251_,15.36µm
m.u_conv3.u_weights._14730_,15.36µm
m.u_tree._0358_,15.36µm
net2489,15.36µm
m.u_conv3.u_weights._05227_,15.355µm
m.u_conv3.u_weights._08602_,15.355µm
m.u_conv3.u_weights._12142_,15.355µm
m.u_tree._1135_,15.355µm
m.u_conv3.u_weights._10521_,15.35µm
m.u_conv2._1295_,15.345µm
m.u_conv3.u_weights._10860_,15.345µm
net2141,15.34µm
m.u_conv3.u_weights._02640_,15.33µm
m.u_conv3.u_weights._09061_,15.33µm
m.u_conv3.u_weights._12926_,15.33µm
m.u_conv3.u_weights._03472_,15.32µm
m.u_conv3.u_weights._12361_,15.32µm
m.u_conv3.u_weights._07929_,15.315µm
m.u_conv3.u_weights._02163_,15.31µm
m.u_conv3.u_weights._04426_,15.31µm
m.u_tree._0460_,15.31µm
net2390,15.31µm
m.u_conv2.acc\[1\]\[5\],15.3µm
m.u_conv3.u_weights._01812_,15.3µm
m.u_conv3.u_weights._04030_,15.3µm
m.u_conv3.u_weights._13466_,15.3µm
m.u_conv3.u_weights._00708_,15.295µm
m.u_conv3.u_weights._13256_,15.295µm
m.u_conv3.u_weights._04468_,15.285µm
m.u_conv3.u_weights._11380_,15.28µm
m.u_conv1.u_weights._082_,15.265µm
m.u_conv3.u_weights._01713_,15.265µm
m.u_conv3.u_weights._06490_,15.265µm
m.u_pool1._174_,15.265µm
net2332,15.265µm
m.u_conv3.u_weights._00403_,15.26µm
m.u_conv3.u_weights._10676_,15.26µm
m.u_conv3.u_weights._12091_,15.26µm
m.u_conv3.u_weights._13188_,15.26µm
m.u_conv3.u_weights._13285_,15.26µm
m.u_conv3.u_weights._04367_,15.255µm
m.u_conv3.u_weights._08075_,15.255µm
m.u_conv2._0788_,15.25µm
m.u_conv3.u_weights._00613_,15.25µm
m.u_conv3.u_weights._02138_,15.25µm
m.u_conv3.u_weights._04041_,15.25µm
m.u_conv3.u_weights._04573_,15.25µm
m.u_conv3.u_weights._06207_,15.25µm
m.u_conv3.u_weights._06943_,15.25µm
m.u_conv3.u_weights._07016_,15.25µm
m.u_conv3.u_weights._08999_,15.25µm
net2274,15.25µm
net2738,15.25µm
m.u_conv3.u_weights._06330_,15.245µm
m.u_tree._0083_,15.245µm
m.u_conv1.u_loader._319_,15.24µm
m.u_conv2._0588_,15.24µm
m.u_conv2._0865_,15.24µm
m.u_conv2.acc\[13\]\[5\],15.24µm
m.u_conv3.u_weights._02084_,15.24µm
m.u_conv3.u_weights._08188_,15.24µm
m.u_conv3.u_weights._09713_,15.24µm
m.u_conv3.u_weights._10736_,15.24µm
m.u_conv3.u_weights._11822_,15.24µm
net2902,15.24µm
m.u_conv3.u_weights._01221_,15.235µm
m.u_conv3.u_weights._08488_,15.235µm
m.u_conv3.u_weights._10951_,15.235µm
m.u_tree._1332_,15.235µm
net2741,15.235µm
m.u_pool2._000_,15.23µm
m.u_pool1.top_byte_reg\[6\],15.225µm
m.u_conv3.u_weights._03911_,15.22µm
m.u_conv3.u_weights._06005_,15.22µm
m.u_conv3.u_weights._06340_,15.22µm
m.u_conv3.u_weights._06893_,15.22µm
m.u_conv3.u_weights._07631_,15.22µm
m.u_conv3.u_weights._12141_,15.22µm
m.u_conv3.u_weights._04621_,15.215µm
net1846,15.21µm
m.u_conv3.u_weights._07822_,15.21µm
m.u_conv3.u_weights._04915_,15.205µm
m.u_conv3.u_weights._01649_,15.2µm
m.u_conv3.u_weights._06294_,15.2µm
m.u_conv3.u_weights._07502_,15.2µm
m.u_conv3.u_weights._09204_,15.2µm
m.u_conv3.u_weights._09612_,15.2µm
m.u_conv3.u_weights._10252_,15.2µm
m.u_tree._0614_,15.2µm
m.u_tree._0993_,15.2µm
m.u_conv2._0476_,15.19µm
m.u_conv2.acc\[53\]\[5\],15.19µm
m.u_conv3.u_weights._05596_,15.19µm
m.u_conv3.u_weights._06249_,15.19µm
m.u_conv3.u_weights._08430_,15.19µm
m.u_conv3.u_weights._09658_,15.19µm
m.u_conv3.u_weights._06331_,15.185µm
m.u_tree._1154_,15.185µm
m.u_tree._1249_,15.185µm
m.u_conv1.u_loader._303_,15.18µm
m.u_conv3.u_weights._01974_,15.18µm
m.u_conv3.u_weights._05102_,15.18µm
m.u_conv3.u_weights._08543_,15.18µm
m.u_conv3.u_weights._10334_,15.18µm
m.u_conv3.u_weights._14407_,15.18µm
m.u_tree._0811_,15.18µm
m.u_conv2.u_loader._159_,15.175µm
m.u_conv3.u_weights._11123_,15.175µm
m.u_conv3.u_weights._13808_,15.175µm
m.u_tree._0118_,15.175µm
m.u_conv3.u_weights._08546_,15.17µm
m.u_conv2.u_loader._433_,15.165µm
m.u_conv1.u_loader._090_,15.15µm
m.u_conv3.u_weights._02047_,15.15µm
m.u_conv3.u_weights._04992_,15.15µm
m.u_conv3.u_weights._06138_,15.15µm
m.u_conv3.u_weights._10078_,15.15µm
m.u_conv3.u_weights._10690_,15.15µm
m.u_conv3.u_weights._10753_,15.15µm
m.u_conv2.u_loader._103_,15.145µm
m.u_conv3.u_weights._03289_,15.145µm
m.u_conv3.u_weights._09327_,15.145µm
m.u_conv2._0008_,15.14µm
m.u_conv2.acc\[46\]\[0\],15.14µm
m.u_conv3.u_weights._00008_,15.14µm
m.u_conv3.u_weights._02679_,15.14µm
m.u_conv3.u_weights._06441_,15.14µm
m.u_tree._1303_,15.14µm
m.u_tree._1400_,15.14µm
net2892,15.14µm
m.u_conv3.u_weights._04619_,15.135µm
m.u_conv3.u_weights._05924_,15.135µm
m.u_conv1.u_loader._019_,15.13µm
m.u_conv2._0197_,15.13µm
m.u_conv2.acc\[56\]\[1\],15.13µm
m.u_conv3.u_weights._00710_,15.13µm
m.u_conv3.u_weights._01079_,15.13µm
m.u_conv3.u_weights._04257_,15.13µm
m.u_conv3.u_weights._05025_,15.13µm
m.u_conv3.u_weights._05679_,15.13µm
m.u_conv3.u_weights._06471_,15.13µm
m.u_conv3.u_weights._07041_,15.13µm
m.u_conv3.u_weights._10917_,15.13µm
m.u_conv3.u_weights._11408_,15.13µm
m.u_pool1._238_,15.13µm
net2279,15.13µm
net2302,15.13µm
net2787,15.13µm
m._044_,15.12µm
m.u_conv2._0888_,15.12µm
net2034,15.12µm
m.u_conv2.u_weights._001_,15.12µm
m.u_conv3.u_weights._09491_,15.12µm
m.u_conv3.u_weights._12616_,15.12µm
m.u_conv3.u_weights._13748_,15.12µm
m.u_conv3.u_weights._15516_,15.12µm
m.u_tree._0736_,15.12µm
m.u_conv3.u_weights._11881_,15.115µm
m.u_conv3.u_weights._12341_,15.115µm
m.u_conv3.u_weights._00362_,15.105µm
m.u_conv3.u_weights._08378_,15.1µm
m.u_conv3.u_weights._11184_,15.1µm
m.u_conv3.u_weights._11486_,15.095µm
m.u_conv3.u_weights._02080_,15.09µm
m.u_conv3.u_weights._10284_,15.09µm
m.u_conv3.u_weights._11154_,15.09µm
m.u_conv2.acc\[20\]\[6\],15.085µm
m.u_conv2.acc\[54\]\[6\],15.085µm
m.u_conv3.u_weights._09995_,15.085µm
m.u_conv2.u_weights._193_,15.08µm
m.u_conv3.u_weights._04328_,15.08µm
m.u_conv3.u_weights._04954_,15.08µm
m.u_conv3.u_weights._06660_,15.08µm
m.u_conv3.u_weights._06664_,15.08µm
m.u_conv3.u_weights._06691_,15.08µm
m.u_conv3.u_weights._07724_,15.08µm
m.u_conv3.u_weights._09510_,15.08µm
m.u_conv3.u_weights._15252_,15.08µm
m.u_conv3.u_weights._02268_,15.075µm
m.u_conv3.u_weights._13597_,15.075µm
m.u_conv3.u_weights._02272_,15.07µm
m.u_conv3.u_weights._04756_,15.07µm
m.u_conv3.u_weights._05104_,15.07µm
m.u_conv3.u_weights._09170_,15.07µm
m.u_conv3.u_weights._14376_,15.07µm
m.u_conv3.u_weights._15133_,15.07µm
m.u_conv3.u_weights._15301_,15.07µm
m.u_conv3.u_weights._15320_,15.07µm
m.u_conv3.u_weights._15620_,15.07µm
m.u_conv3.u_weights._00754_,15.065µm
m.u_conv3.u_weights._08028_,15.065µm
m.u_conv3.u_weights._10324_,15.065µm
m.u_conv3.u_weights._14349_,15.065µm
m.u_conv3.u_weights._06179_,15.06µm
m.u_conv3.u_weights._10356_,15.06µm
m.u_conv3.u_weights._06149_,15.055µm
m.u_conv3.u_weights._09226_,15.055µm
m.u_tree._1374_,15.055µm
m.u_conv3.u_weights._03647_,15.045µm
m.u_conv3.u_weights._13169_,15.045µm
m.u_tree._0365_,15.045µm
m.u_tree._0604_,15.04µm
m.u_conv3.u_weights._07150_,15.035µm
m.u_conv3.u_weights._10003_,15.03µm
m.u_conv3.u_weights._10614_,15.03µm
m.u_conv3.u_weights._13027_,15.03µm
m.u_tree._0802_,15.03µm
m.u_conv2.acc\[32\]\[0\],15.025µm
m.u_conv2.acc\[60\]\[0\],15.025µm
m.u_conv3.u_weights._02295_,15.025µm
m.u_conv3.u_weights._12609_,15.025µm
m.u_conv3.u_weights._14313_,15.025µm
m.u_conv3.u_weights._03958_,15.02µm
m.u_conv3.u_weights._06320_,15.02µm
m.u_conv3.u_weights._06372_,15.02µm
m.u_conv3.u_weights._08178_,15.02µm
m.u_conv3.u_weights._08315_,15.02µm
m.u_conv3.u_weights._09869_,15.02µm
m.u_conv2.acc\[1\]\[3\],15.01µm
m.u_conv3.u_weights._01627_,15.01µm
m.u_conv3.u_weights._04037_,15.01µm
m.u_conv3.u_weights._04628_,15.01µm
m.u_conv3.u_weights._05469_,15.01µm
m.u_conv3.u_weights._06997_,15.01µm
m.u_conv3.u_weights._07351_,15.01µm
m.u_conv3.u_weights._07893_,15.01µm
m.u_conv3.u_weights._08609_,15.01µm
m.u_conv3.u_weights._10506_,15.01µm
m.u_conv3.u_weights._10819_,15.01µm
m.u_conv3.u_weights._13553_,15.01µm
m.u_conv3.u_weights._13583_,15.01µm
m.u_conv3.u_weights._15683_,15.01µm
m.u_conv3.u_weights._11026_,15.005µm
net2041,15µm
m.u_conv2.acc\[3\]\[4\],15µm
m.u_conv3.u_weights._00374_,15µm
m.u_conv3.u_weights._02260_,15µm
m.u_conv3.u_weights._03421_,15µm
m.u_conv3.u_weights._06155_,15µm
m.u_conv3.u_weights._07610_,15µm
m.u_conv3.u_weights._07954_,15µm
m.u_conv3.u_weights._09310_,15µm
m.u_conv3.u_weights._09947_,15µm
m.u_conv3.u_weights._10170_,15µm
m.u_conv3.u_weights._11664_,15µm
m.u_conv3.u_weights._12385_,15µm
m.u_conv3.u_weights._04139_,14.995µm
m.u_conv3.u_weights._10553_,14.995µm
m.u_conv3.u_weights._15207_,14.995µm
m.u_conv3.u_weights._09232_,14.985µm
m.u_conv3.u_weights._12738_,14.97µm
m.u_conv3.u_weights._14777_,14.97µm
m.u_conv3.u_weights._01035_,14.965µm
m.u_conv3.u_weights._13502_,14.965µm
m.u_conv3.u_weights._06378_,14.96µm
m.u_conv3.u_weights._00519_,14.955µm
m.u_conv3.u_weights._01393_,14.95µm
net2340,14.95µm
m.u_conv3.u_weights._06685_,14.945µm
m.u_conv3.u_weights._13309_,14.945µm
m.u_tree._0432_,14.94µm
m.u_conv3.u_weights._13236_,14.935µm
m.u_conv3.u_weights._15704_,14.925µm
m.u_conv3.u_weights._06785_,14.915µm
m.u_conv3.u_weights._10507_,14.91µm
m.u_tree._0646_,14.91µm
m.u_conv3.u_weights._12239_,14.905µm
m.u_conv3.u_weights._15281_,14.905µm
m.u_conv2.acc\[25\]\[1\],14.9µm
m.u_conv3.u_weights._02472_,14.9µm
m.u_conv3.u_weights._04581_,14.9µm
m.u_conv3.u_weights._11411_,14.9µm
m.u_conv3.u_weights._13014_,14.9µm
m.u_conv3.u_weights._13646_,14.9µm
m.u_tree._0040_,14.9µm
m.u_tree._0842_,14.895µm
m.u_conv2._0739_,14.89µm
m.u_conv3.u_weights._00235_,14.89µm
m.u_conv3.u_weights._04225_,14.89µm
m.u_conv3.u_weights._04538_,14.89µm
m.u_conv3.u_weights._04750_,14.89µm
m.u_conv3.u_weights._06472_,14.89µm
m.u_conv3.u_weights._11375_,14.89µm
m.u_conv3.u_weights._13110_,14.89µm
m.u_conv3.u_weights._13219_,14.89µm
m.u_pool2.top_byte_reg\[5\],14.89µm
m.u_tree._0025_,14.89µm
m.u_tree._1191_,14.89µm
net2551,14.89µm
net2744,14.89µm
net2951,14.89µm
m.u_conv3.u_weights._04194_,14.885µm
m.u_conv2.conv_out1\[1\],14.88µm
m.u_conv2.u_loader._111_,14.88µm
m.u_conv3.u_weights._01575_,14.88µm
m.u_conv3.u_weights._11899_,14.88µm
m.u_conv3.u_weights._00639_,14.875µm
m.u_conv3.u_weights._14076_,14.875µm
m._027_,14.865µm
m.u_conv3.u_weights._02431_,14.865µm
m.u_conv3.u_weights._08766_,14.86µm
m.u_tree._0928_,14.86µm
m.u_conv3.u_weights._04558_,14.845µm
m.u_conv3.u_weights._04305_,14.84µm
m.u_conv3.u_weights._08812_,14.84µm
m.u_conv3.u_weights._13104_,14.84µm
m.u_conv3.u_weights._13844_,14.84µm
m.u_conv3.input_buf\[32\],14.83µm
m.u_conv3.u_weights._02999_,14.83µm
m.u_conv3.u_weights._10721_,14.83µm
m.u_pool1.r_out\[0\],14.83µm
net2706,14.83µm
net2979,14.83µm
net3022,14.83µm
m.u_conv1._133_,14.825µm
m.conv2_start,14.82µm
m.u_conv1.u_loader._442_,14.82µm
m.u_conv1.u_weights._018_,14.82µm
m.u_conv3.u_weights._05922_,14.82µm
m.u_conv3.u_weights._05980_,14.82µm
m.u_conv3.u_weights._06053_,14.82µm
m.u_pool2._071_,14.82µm
m.u_pool2.state\[5\],14.82µm
m.u_conv2.u_weights._137_,14.815µm
m.u_conv3.u_weights._07627_,14.815µm
m.u_conv3.u_weights._08280_,14.815µm
m.u_conv3.u_weights._14039_,14.815µm
m.u_conv3.u_weights._00717_,14.81µm
m.u_conv3.u_weights._05938_,14.805µm
m.u_conv3.u_weights._05603_,14.79µm
m.u_conv3.u_weights._04498_,14.785µm
m.u_conv3.u_weights._06709_,14.785µm
m.u_conv3.u_weights._02073_,14.78µm
m.u_conv3.u_weights._02782_,14.78µm
m.u_conv3.u_weights._06599_,14.78µm
m.u_conv3.u_weights._09853_,14.78µm
m.u_conv3.u_weights._13394_,14.78µm
m.u_conv3.u_weights._14563_,14.78µm
m.u_conv3.u_weights._15467_,14.78µm
m.u_pool2._126_,14.78µm
m.u_pool2._135_,14.78µm
m._013_,14.77µm
m.u_conv2.acc\[6\]\[6\],14.77µm
m.u_conv3.u_weights._01080_,14.77µm
m.u_conv3.u_weights._05275_,14.77µm
m.u_conv3.u_weights._06178_,14.77µm
m.u_conv3.u_weights._09051_,14.77µm
net2571,14.77µm
net2583,14.77µm
net2637,14.77µm
m.u_tree._0908_,14.765µm
m.u_conv1.u_loader._381_,14.76µm
m.u_conv2._0155_,14.76µm
m.u_conv2._0777_,14.76µm
m.u_conv3.u_weights._01730_,14.76µm
m.u_conv3.u_weights._01852_,14.76µm
m.u_conv3.u_weights._05170_,14.76µm
m.u_conv3.u_weights._08045_,14.76µm
m.u_conv3.u_weights._09559_,14.76µm
m.u_conv3.u_weights._12533_,14.76µm
m.u_conv3.u_weights._14562_,14.76µm
m.u_tree._1179_,14.76µm
m.u_conv3.u_weights._00103_,14.755µm
m.u_conv3.u_weights._06542_,14.755µm
m.u_conv3.u_weights._13465_,14.755µm
m.u_conv3.u_weights._14857_,14.75µm
m.u_conv2._0797_,14.745µm
m.u_conv1.u_loader._116_,14.74µm
m.u_conv3.u_weights._03096_,14.74µm
m.u_conv3.u_weights._03382_,14.74µm
m.u_conv3.u_weights._04174_,14.74µm
m.u_conv3.u_weights._09041_,14.74µm
m.u_conv3.u_weights._09187_,14.74µm
m.u_conv3.u_weights._09338_,14.74µm
m.u_conv3.u_weights._11777_,14.74µm
m.u_conv3.u_weights._14400_,14.74µm
m.u_conv3.u_weights._15395_,14.74µm
m.u_conv3.u_weights._07993_,14.735µm
m.u_conv3.u_weights._07773_,14.73µm
m.u_conv3.u_weights._02331_,14.725µm
m.u_conv3.u_weights._07725_,14.725µm
m.u_conv3.u_weights._10515_,14.725µm
m.u_conv3.u_weights._14863_,14.725µm
m.u_conv3.u_weights._02256_,14.72µm
m.u_conv3.u_weights._09614_,14.72µm
m.u_conv3.u_weights._10677_,14.72µm
m.u_conv2.acc\[36\]\[3\],14.715µm
m.u_conv2.u_loader._231_,14.715µm
m.u_conv3.u_weights._08322_,14.715µm
m.u_conv1.u_loader._311_,14.71µm
m.u_conv1.u_loader._416_,14.71µm
m.u_conv2._1487_,14.71µm
m.u_conv3.u_weights._04855_,14.71µm
m.u_conv3.u_weights._11702_,14.71µm
m.u_conv3.u_weights._13121_,14.71µm
m.u_conv3.u_weights._14021_,14.71µm
m.u_conv3.u_weights._14712_,14.71µm
m.u_conv3.u_weights._15136_,14.71µm
m.u_conv3.u_weights._15443_,14.71µm
m.u_conv3.u_weights._02099_,14.705µm
m.u_conv3.u_weights._03216_,14.705µm
m.u_conv3.u_weights._13314_,14.705µm
m.u_conv2.acc\[20\]\[0\],14.7µm
m.u_conv2.acc\[48\]\[2\],14.7µm
m.u_conv3.u_weights._05205_,14.7µm
m.u_conv3.u_weights._12003_,14.7µm
m.u_conv3.u_weights._13745_,14.7µm
m.u_conv3.u_weights._14536_,14.7µm
m.u_conv3.u_weights._02713_,14.695µm
m.u_conv3.u_weights._06183_,14.695µm
m.u_conv3.u_weights._07450_,14.695µm
m.u_conv3.u_weights._15680_,14.695µm
m.u_conv3.u_weights._12856_,14.69µm
m.u_conv1.u_loader._117_,14.685µm
m.u_conv3.u_weights._00933_,14.685µm
m.u_conv3.u_weights._10768_,14.68µm
m.u_conv3.u_weights._10918_,14.68µm
m.u_conv3.u_weights._13091_,14.675µm
m.u_conv2.u_loader._090_,14.67µm
m.u_conv3.u_weights._09948_,14.67µm
m.u_conv3.u_weights._14601_,14.67µm
m.u_conv3.u_weights._00715_,14.665µm
m.u_conv3.u_weights._01281_,14.665µm
m.u_conv3.u_weights._11227_,14.665µm
m.u_conv3.u_weights._13957_,14.665µm
m.u_tree._0106_,14.665µm
m.u_conv1.u_weights._103_,14.66µm
m.u_conv3.u_weights._00364_,14.66µm
m.u_conv3.u_weights._00392_,14.66µm
m.u_conv3.u_weights._04258_,14.66µm
m.u_conv3.u_weights._06325_,14.66µm
m.u_conv3.u_weights._06977_,14.66µm
m.u_conv3.u_weights._07248_,14.66µm
m.u_conv3.u_weights._12066_,14.66µm
m.u_conv1.u_loader._362_,14.65µm
m.u_conv2._0579_,14.65µm
m.u_conv2._0774_,14.65µm
m.u_conv2.acc\[39\]\[5\],14.65µm
m.u_conv2.u_weights._241_,14.65µm
m.u_conv3.u_weights._00093_,14.65µm
m.u_conv3.u_weights._00241_,14.65µm
m.u_conv3.u_weights._00394_,14.65µm
m.u_conv3.u_weights._01572_,14.65µm
m.u_conv3.u_weights._01848_,14.65µm
m.u_conv3.u_weights._01992_,14.65µm
m.u_conv3.u_weights._03992_,14.65µm
m.u_conv3.u_weights._04015_,14.65µm
m.u_conv3.u_weights._04495_,14.65µm
m.u_conv3.u_weights._08042_,14.65µm
m.u_conv3.u_weights._08651_,14.65µm
m.u_conv3.u_weights._11002_,14.65µm
m.u_conv3.u_weights._11122_,14.65µm
m.u_conv3.u_weights._12894_,14.65µm
m.u_conv3.u_weights._14505_,14.65µm
m.u_conv3.u_weights._15070_,14.65µm
m.u_pool1._221_,14.65µm
m.u_tree._0407_,14.65µm
net2455,14.65µm
m.u_conv3.u_weights._03966_,14.645µm
m.u_conv3.u_weights._07090_,14.645µm
m.sram_req_conv2\[24\],14.64µm
m.u_conv1._064_,14.64µm
m.u_conv1._138_,14.64µm
m.u_conv1.u_loader._151_,14.64µm
m.u_conv2._0696_,14.64µm
m.u_conv3.u_weights._06836_,14.64µm
m.u_conv3.u_weights._10508_,14.64µm
m.u_conv3.u_weights._10988_,14.64µm
m.u_conv3.u_weights._13391_,14.64µm
m.u_tree._0758_,14.64µm
net2108,14.64µm
m.u_conv3.u_weights._00897_,14.635µm
m.u_conv3.u_weights._01951_,14.635µm
m.u_conv3.u_weights._03165_,14.625µm
m.u_conv3.u_weights._10495_,14.625µm
m.u_conv3.u_weights._12486_,14.625µm
net1824,14.62µm
m.u_conv3.u_weights._10367_,14.62µm
m.u_conv3.u_weights._05277_,14.615µm
m.u_conv3.u_weights._15227_,14.615µm
net1934,14.605µm
m.u_conv3._232_,14.6µm
m.u_conv3.u_weights._03785_,14.6µm
m.u_conv3.u_weights._06415_,14.6µm
m.u_conv3.u_weights._08942_,14.6µm
m.u_conv3.u_weights._10811_,14.6µm
m.u_conv3.u_weights._10891_,14.6µm
net3065,14.6µm
net1823,14.59µm
m.u_conv3.u_weights._07695_,14.585µm
m.u_conv3.u_weights._11269_,14.585µm
m.u_conv3.u_weights._13869_,14.585µm
m.u_conv3.u_weights._15116_,14.585µm
m.u_conv3.u_weights._03028_,14.58µm
m.u_conv3.u_weights._03908_,14.58µm
m.u_conv3.u_weights._06883_,14.58µm
m.u_conv3.u_weights._12983_,14.58µm
m.u_conv3.u_weights._14940_,14.58µm
m.u_conv3.u_weights._02438_,14.575µm
m.u_conv3.u_weights._10266_,14.575µm
m.u_conv3.u_weights._10967_,14.575µm
m.u_conv3.u_weights._11633_,14.575µm
m.u_conv3.u_weights._08712_,14.57µm
m.u_conv2.u_weights._147_,14.56µm
m.u_conv3.u_weights._00943_,14.56µm
m.u_conv3.u_weights._09934_,14.56µm
m.u_conv3.u_weights._13926_,14.56µm
m.u_conv2._0654_,14.55µm
m.u_conv3.u_weights._01758_,14.55µm
m.u_conv3.u_weights._04892_,14.55µm
m.u_conv3.u_weights._05407_,14.55µm
m.u_conv3.u_weights._05907_,14.55µm
m.u_conv3.u_weights._06141_,14.55µm
m.u_conv3.u_weights._12681_,14.55µm
m.u_conv3.u_weights._13790_,14.55µm
m.u_conv3.u_weights._14934_,14.55µm
m.u_conv3.u_weights._15545_,14.55µm
m.u_conv2.acc\[61\]\[2\],14.545µm
m.u_conv3.u_weights._11528_,14.545µm
m.u_conv3.u_weights._04846_,14.54µm
m.u_conv3.u_weights._07162_,14.54µm
m.u_conv3.u_weights._08375_,14.54µm
m.u_conv3.u_weights._10019_,14.54µm
m.u_conv3.u_weights._10486_,14.54µm
m.u_conv3.u_weights._12402_,14.54µm
m.u_conv3.u_weights._15368_,14.54µm
m.u_pool2.top_byte_reg\[4\],14.54µm
net2828,14.54µm
m.u_conv2.acc\[35\]\[2\],14.535µm
m.u_conv1._074_,14.53µm
m.u_conv2.acc\[43\]\[2\],14.53µm
m.u_conv3.u_weights._00467_,14.53µm
m.u_conv3.u_weights._01800_,14.53µm
m.u_conv3.u_weights._02549_,14.53µm
m.u_conv3.u_weights._02644_,14.53µm
m.u_conv3.u_weights._02954_,14.53µm
m.u_conv3.u_weights._03021_,14.53µm
m.u_conv3.u_weights._03863_,14.53µm
m.u_conv3.u_weights._06085_,14.53µm
m.u_conv3.u_weights._06699_,14.53µm
m.u_conv3.u_weights._07884_,14.53µm
m.u_conv3.u_weights._08347_,14.53µm
m.u_conv3.u_weights._08349_,14.53µm
m.u_conv3.u_weights._09960_,14.53µm
m.u_conv3.u_weights._10168_,14.53µm
m.u_conv3.u_weights._10663_,14.53µm
m.u_conv3.u_weights._10696_,14.53µm
m.u_conv3.u_weights._13635_,14.53µm
m.u_conv3.u_weights._14155_,14.53µm
m.u_conv3.u_weights._14914_,14.53µm
net2065,14.53µm
net2169,14.53µm
m.u_conv3.u_weights._00915_,14.525µm
m.u_conv3.u_weights._00061_,14.52µm
m.u_conv3.u_weights._04168_,14.52µm
m.u_conv3.u_weights._05022_,14.52µm
m.u_conv3.u_weights._11766_,14.52µm
m.u_conv3.u_weights._14068_,14.52µm
m.u_tree._1252_,14.52µm
m.u_conv3.u_weights._01316_,14.515µm
m.u_conv3.u_weights._04438_,14.515µm
m.u_conv3.u_weights._04727_,14.515µm
m.u_conv3.u_weights._03534_,14.51µm
m.u_conv3.u_weights._13129_,14.51µm
net2440,14.505µm
m.u_conv3.u_weights._00178_,14.49µm
m.u_conv3.u_weights._02380_,14.49µm
m.u_conv3.u_weights._09564_,14.49µm
m.u_conv3.u_weights._12280_,14.49µm
m.u_conv3.u_weights._02953_,14.48µm
m.u_conv3.u_weights._08746_,14.48µm
m.u_conv3.u_weights._09077_,14.48µm
m.u_pool1._237_,14.48µm
m.u_tree._1148_,14.48µm
m.u_conv3.u_weights._05030_,14.475µm
m.u_conv3.u_weights._12070_,14.475µm
m.u_conv3._122_,14.47µm
m.u_conv3.u_weights._04148_,14.47µm
m.u_conv3.u_weights._12756_,14.47µm
m.u_conv3.u_weights._15546_,14.47µm
m.u_conv3.u_weights._04849_,14.46µm
m.u_conv3.u_weights._15505_,14.455µm
m.u_conv3.u_weights._13724_,14.45µm
m.u_conv3.u_weights._13198_,14.445µm
m.u_pool2._172_,14.445µm
m.u_conv3.u_weights._00555_,14.44µm
m.u_conv3.u_weights._01098_,14.44µm
m.u_conv3.u_weights._10820_,14.44µm
m.u_conv3.u_weights._01097_,14.435µm
m.u_conv3.u_weights._13072_,14.43µm
m.u_conv3.u_weights._15321_,14.425µm
m.u_conv1.u_weights._030_,14.42µm
m.u_conv3.u_weights._05257_,14.42µm
m.u_conv3.u_weights._13866_,14.42µm
m.u_pool1._065_,14.42µm
m.u_tree._0216_,14.42µm
m.u_tree._0433_,14.42µm
m.u_conv3.u_weights._09907_,14.415µm
m.u_conv3.input_buf\[6\],14.41µm
m.u_conv3.u_weights._03886_,14.41µm
m.u_conv3.u_weights._03932_,14.41µm
m.u_conv3.u_weights._05198_,14.41µm
m.u_conv3.u_weights._05799_,14.41µm
m.u_conv3.u_weights._10006_,14.41µm
m.u_conv3.u_weights._11784_,14.41µm
m.u_pool2.r_out\[0\],14.41µm
m.u_tree._0958_,14.41µm
net2412,14.41µm
net2998,14.41µm
m.u_conv2._1056_,14.4µm
m.u_conv3.u_weights._06905_,14.4µm
m.u_conv3.u_weights._13833_,14.4µm
m.u_conv3.u_weights._15091_,14.4µm
net2046,14.4µm
m.u_conv3.u_weights._00485_,14.395µm
m.u_conv3.u_weights._12535_,14.395µm
m.u_conv3.u_weights._11639_,14.39µm
m.u_conv1.u_weights._012_,14.38µm
m.u_conv3.u_weights._10382_,14.375µm
m.u_conv2._0854_,14.37µm
m.u_conv3.u_weights._04326_,14.37µm
m.u_conv3.u_weights._07765_,14.37µm
m.u_conv3.u_weights._13354_,14.37µm
m.u_conv3.u_weights._13662_,14.37µm
m.u_tree._0770_,14.37µm
m.u_conv3.u_weights._12415_,14.365µm
m.u_conv3.u_weights._00597_,14.36µm
m.u_conv3.u_weights._09026_,14.36µm
m.u_conv3.u_weights._11324_,14.36µm
m.u_conv1.u_loader._003_,14.35µm
m.u_conv2._0534_,14.35µm
m.u_conv2._1517_,14.35µm
m.u_conv2._1532_,14.35µm
m.u_conv2.acc\[14\]\[6\],14.35µm
m.u_conv2.loader_ready,14.35µm
m.u_conv2.u_loader._044_,14.35µm
m.u_conv3.u_weights._07163_,14.35µm
m.u_conv3.u_weights._07318_,14.35µm
m.u_conv3.u_weights._07552_,14.35µm
m.u_conv3.u_weights._08876_,14.35µm
m.u_conv3.u_weights._09346_,14.35µm
m.u_conv3.u_weights._15322_,14.35µm
m.u_pool1._028_,14.35µm
m.u_tree._0420_,14.35µm
net2343,14.35µm
net2667,14.35µm
net2863,14.35µm
net2876,14.35µm
m.u_conv2._0014_,14.34µm
m.u_conv3.u_weights._09916_,14.34µm
m.u_conv3.u_weights._11423_,14.34µm
m.u_conv3.u_weights._12991_,14.335µm
m.u_conv3.u_weights._15604_,14.33µm
m.u_conv3.u_weights._03513_,14.325µm
m.u_conv3.u_weights._09618_,14.32µm
m.u_conv3.u_weights._13848_,14.315µm
m.u_conv3.u_weights._05930_,14.31µm
m.u_conv3.u_weights._13030_,14.31µm
m.u_pool1._155_,14.31µm
m.u_tree._1101_,14.31µm
m.u_conv3.u_weights._13457_,14.305µm
m.u_conv3.u_weights._14853_,14.305µm
m.u_tree._1295_,14.305µm
m.u_conv2.acc\[36\]\[2\],14.3µm
m.u_conv1.u_weights._002_,14.295µm
m.u_conv2.u_loader._137_,14.29µm
m.u_conv3.u_weights._00532_,14.29µm
m.u_conv3.u_weights._03102_,14.29µm
m.u_conv3.u_weights._03806_,14.29µm
m.u_conv3.u_weights._04079_,14.29µm
m.u_conv3.u_weights._04109_,14.29µm
m.u_conv3.u_weights._05528_,14.29µm
m.u_conv3.u_weights._11543_,14.29µm
m.u_conv3.u_weights._12889_,14.29µm
m.u_conv3.u_weights._15079_,14.29µm
net2473,14.29µm
net2623,14.29µm
m.u_conv1.u_loader._209_,14.285µm
m._120_,14.28µm
m.u_conv3.u_weights._06153_,14.28µm
m.u_conv3.u_weights._09300_,14.28µm
m.u_conv3.u_weights._13237_,14.28µm
m.u_conv3.u_weights._01329_,14.275µm
m.u_conv3.u_weights._12555_,14.275µm
m.u_conv3.u_weights._14447_,14.275µm
m.u_tree._1344_,14.275µm
m.u_conv3.u_weights._06302_,14.27µm
m.u_conv3.u_weights._13059_,14.27µm
m.u_conv3.u_weights._00116_,14.265µm
m.u_conv3.u_weights._10498_,14.265µm
m.u_conv3.u_weights._14663_,14.265µm
m.u_conv3.u_weights._01725_,14.26µm
m.u_conv3.u_weights._05871_,14.26µm
m.u_conv3.u_weights._08743_,14.26µm
m.u_conv3.u_weights._09424_,14.26µm
m.u_conv3.u_weights._09435_,14.26µm
m.u_conv3.u_weights._09882_,14.26µm
m.u_conv3.u_weights._10211_,14.26µm
m.u_conv3.u_weights._10911_,14.26µm
m.u_conv3.u_weights._11019_,14.26µm
m.u_conv3.u_weights._13103_,14.26µm
m.u_conv3.u_weights._14886_,14.26µm
m.u_conv3.u_weights._15712_,14.26µm
m.u_tree._0580_,14.26µm
m.u_tree._1534_,14.26µm
m.u_conv3.u_weights._05566_,14.255µm
m.u_pool1._095_,14.255µm
m.u_conv3.u_weights._12238_,14.25µm
m.u_conv3.u_weights._07011_,14.245µm
m.u_conv3.u_weights._05602_,14.24µm
m.u_conv3.u_weights._06283_,14.24µm
m.u_conv3.u_weights._07025_,14.24µm
m.u_conv3.u_weights._08382_,14.24µm
m.u_tree._0925_,14.24µm
m.u_conv3.u_weights._10217_,14.235µm
m.u_conv3.u_weights._06852_,14.23µm
m.u_conv3.u_weights._07781_,14.23µm
m.u_conv3.u_weights._08103_,14.23µm
m.u_conv3.u_weights._09212_,14.23µm
m.u_conv3.u_weights._13399_,14.23µm
m.u_conv3.u_weights._13797_,14.23µm
m.u_conv3.u_weights._13821_,14.23µm
m.u_conv3.u_weights._14627_,14.23µm
m.u_tree._0256_,14.23µm
net3067,14.23µm
m.u_conv3.u_weights._06868_,14.225µm
m.u_conv3.u_weights._08095_,14.225µm
m.u_conv1.u_loader._384_,14.22µm
m.u_conv2._1530_,14.22µm
m.u_conv3.u_weights._01502_,14.22µm
m.u_conv3.u_weights._02976_,14.22µm
m.u_conv3.u_weights._10714_,14.22µm
m.u_conv3.u_weights._14876_,14.22µm
net2403,14.22µm
m.u_conv3.u_weights._13171_,14.215µm
m.u_conv3.u_weights._01539_,14.205µm
m.u_conv3.u_weights._02407_,14.2µm
m.u_conv3.u_weights._12147_,14.195µm
m.u_conv3.u_weights._02386_,14.19µm
m.u_conv3.u_weights._05450_,14.19µm
m.u_conv3.u_weights._09682_,14.19µm
m.u_conv2.u_weights._314_,14.185µm
m.u_conv3.u_weights._00365_,14.185µm
m.u_conv3.u_weights._05195_,14.185µm
m.u_conv3.u_weights._01425_,14.18µm
m.u_conv3.u_weights._01883_,14.18µm
m.u_conv3.u_weights._02767_,14.18µm
m.u_conv3.u_weights._03133_,14.18µm
m.u_conv3.u_weights._05846_,14.18µm
m.u_conv3.u_weights._08899_,14.18µm
m.u_conv3.u_weights._12984_,14.18µm
m.u_tree._0409_,14.18µm
net2786,14.18µm
m.u_conv1.u_loader._258_,14.17µm
m.u_conv2._0804_,14.17µm
m.u_conv2._1561_,14.17µm
m.u_conv3.u_weights._03241_,14.17µm
m.u_conv3.u_weights._05300_,14.17µm
m.u_conv3.u_weights._09223_,14.17µm
m.u_conv3.u_weights._09382_,14.17µm
m.u_conv3.u_weights._10640_,14.17µm
m.u_conv3.u_weights._10982_,14.17µm
m.u_conv3.u_weights._11653_,14.17µm
m.u_conv3.u_weights._13879_,14.17µm
m.u_conv3.u_weights._15030_,14.17µm
m.u_pool2._006_,14.17µm
m.u_tree._0003_,14.17µm
m.u_tree._0621_,14.17µm
net2043,14.17µm
m.u_conv2.acc\[23\]\[2\],14.165µm
m.u_conv2.u_loader._237_,14.165µm
m.u_conv3.u_weights._15589_,14.165µm
m.u_conv1.u_loader._320_,14.16µm
m.u_conv2.acc\[50\]\[6\],14.16µm
m.u_conv3.u_weights._02281_,14.16µm
m.u_conv3.u_weights._03703_,14.16µm
m.u_conv3.u_weights._08180_,14.16µm
m.u_conv3.u_weights._09912_,14.16µm
m.u_conv3.u_weights._10422_,14.16µm
m.u_pool1._090_,14.16µm
m.u_conv1.u_loader._230_,14.155µm
m.u_conv2.acc\[1\]\[6\],14.155µm
m.u_conv3.u_weights._09400_,14.15µm
m.u_conv3.u_weights._15012_,14.145µm
m.u_conv2.acc\[9\]\[6\],14.135µm
m.u_conv3.u_weights._07308_,14.135µm
net1822,14.13µm
m.u_conv3.u_weights._09112_,14.13µm
net2789,14.13µm
m.u_conv2.acc\[8\]\[5\],14.125µm
m.u_conv3.u_weights._05992_,14.12µm
m.u_conv3.u_weights._06058_,14.12µm
m.u_conv3.u_weights._07994_,14.12µm
m.u_conv3.u_weights._08508_,14.12µm
m.u_conv3.u_weights._10042_,14.12µm
m.u_conv3.u_weights._10719_,14.12µm
m.u_conv3.u_weights._13435_,14.12µm
m.u_conv3.u_weights._14041_,14.12µm
m.u_conv2.acc\[29\]\[6\],14.115µm
m.u_conv3.u_weights._14594_,14.115µm
m.u_conv3.u_weights._04579_,14.11µm
m.u_conv3.u_weights._05413_,14.11µm
m.u_conv3.u_weights._15432_,14.11µm
net2818,14.11µm
m.u_conv3.u_weights._00130_,14.105µm
m.u_conv2.u_weights._186_,14.1µm
m.u_conv3.u_weights._06833_,14.1µm
m.u_conv3.u_weights._09652_,14.1µm
m.u_conv3.u_weights._12081_,14.1µm
m.u_conv3.u_weights._12829_,14.1µm
m.u_conv3.u_weights._14185_,14.1µm
m.u_conv3.u_weights._14665_,14.1µm
m.u_conv3.u_weights._14720_,14.1µm
m.u_tree._0511_,14.1µm
m.u_conv3.u_weights._07670_,14.095µm
m.u_conv3.u_weights._10601_,14.095µm
m.u_conv3.u_weights._11379_,14.095µm
m.u_conv3.u_weights._03310_,14.09µm
m.u_conv2._0569_,14.085µm
m.u_conv3.u_weights._01909_,14.085µm
m.u_conv3.u_weights._09899_,14.085µm
m.u_conv3.u_weights._03297_,14.07µm
m.u_conv3.u_weights._13594_,14.07µm
m.u_tree._0845_,14.07µm
m.u_conv2._0531_,14.065µm
m.u_conv2.acc\[57\]\[2\],14.065µm
m.u_conv3.u_weights._01511_,14.065µm
m.u_conv3.u_weights._02560_,14.065µm
m.u_conv3.u_weights._02902_,14.065µm
m.u_conv3.u_weights._07258_,14.065µm
m.u_conv3.u_weights._12073_,14.065µm
m.u_conv3.u_weights._12540_,14.065µm
m.u_conv3.u_weights._13874_,14.065µm
m.u_conv3.u_weights._00977_,14.06µm
m.u_conv3.u_weights._02734_,14.06µm
m.u_conv3.u_weights._03639_,14.06µm
m.u_conv3.u_weights._04457_,14.06µm
m.u_conv3.u_weights._07067_,14.06µm
m.u_conv3.u_weights._14438_,14.06µm
m.u_conv3.u_weights._15181_,14.06µm
m.u_conv3.u_weights._15492_,14.06µm
m.u_tree._0213_,14.06µm
m.u_conv3.u_weights._13053_,14.055µm
m.u_conv3.u_weights._14955_,14.055µm
net1841,14.05µm
m.u_conv1.u_weights._101_,14.05µm
m.u_conv2._0727_,14.05µm
m.u_conv2.acc\[56\]\[5\],14.05µm
m.u_conv3.u_weights._02210_,14.05µm
m.u_conv3.u_weights._04858_,14.05µm
m.u_conv3.u_weights._06046_,14.05µm
m.u_conv3.u_weights._07240_,14.05µm
m.u_conv3.u_weights._08909_,14.05µm
m.u_conv3.u_weights._09654_,14.05µm
m.u_conv3.u_weights._10617_,14.05µm
m.u_conv3.u_weights._11496_,14.05µm
m.u_conv3.u_weights._11526_,14.05µm
m.u_conv3.u_weights._12792_,14.05µm
m.u_conv3.u_weights._13576_,14.05µm
m.u_conv3.u_weights._14423_,14.05µm
m.u_conv3.u_weights._15093_,14.05µm
m.u_conv3.u_weights._15617_,14.05µm
m.u_pool2._164_,14.05µm
m.u_tree._0806_,14.05µm
m.seq_state\[1\],14.04µm
net2077,14.04µm
m.u_conv3.u_weights._03910_,14.04µm
m.u_conv3.u_weights._07966_,14.04µm
m.u_conv3.u_weights._08033_,14.04µm
m.u_conv3.u_weights._12968_,14.04µm
m.u_conv3.u_weights._14790_,14.04µm
net2635,14.04µm
m.u_conv3._202_,14.035µm
m.u_conv3.u_weights._09571_,14.035µm
m.u_conv3.u_weights._09660_,14.03µm
net2838,14.025µm
m.u_conv3.u_weights._00278_,14.01µm
m.u_conv3.u_weights._00523_,14.01µm
m.u_conv3.u_weights._08086_,14.01µm
m.u_conv3.u_weights._04584_,14.005µm
m.u_conv3.u_weights._13893_,14.005µm
m.u_tree._1450_,14.005µm
m.u_conv2.u_weights._081_,14µm
m.u_conv3.u_weights._00304_,14µm
m.u_conv3.u_weights._04086_,14µm
m.u_conv3.u_weights._04941_,14µm
m.u_conv3.u_weights._06501_,14µm
m.u_conv3.u_weights._07533_,14µm
m.u_conv3.u_weights._08856_,14µm
m.u_conv3.u_weights._10881_,14µm
m.u_conv3.u_weights._12614_,14µm
m.u_conv3.u_weights._10228_,13.995µm
m.u_conv2.u_loader._259_,13.99µm
m.u_conv3.u_weights._00480_,13.99µm
m.u_conv3.u_weights._03206_,13.99µm
m.u_conv3.u_weights._10029_,13.99µm
m.u_conv3.u_weights._12485_,13.99µm
m.u_conv3.u_weights._13424_,13.99µm
m.u_conv2.u_weights._285_,13.98µm
m.u_conv3.u_weights._02719_,13.98µm
m.u_conv3.u_weights._03643_,13.98µm
m.u_conv3.u_weights._04184_,13.98µm
m.u_conv3.u_weights._10384_,13.98µm
m.u_conv3.u_weights._12110_,13.98µm
net2526,13.98µm
m.u_conv1.u_loader._415_,13.975µm
m.u_conv1.u_loader._195_,13.965µm
m.u_conv1.u_weights._136_,13.965µm
m.u_conv2.acc\[18\]\[3\],13.965µm
m.u_conv3.u_weights._10950_,13.96µm
m.u_conv3.u_weights._05892_,13.955µm
m.u_conv3.u_weights._06722_,13.955µm
m.u_conv2.u_weights._328_,13.95µm
m.u_conv3.u_weights._00768_,13.95µm
m.u_conv3.u_weights._05309_,13.95µm
m.u_conv3.u_weights._07250_,13.95µm
m.u_conv3.u_weights._07346_,13.95µm
m.u_conv3.u_weights._12928_,13.95µm
net2022,13.95µm
m.u_conv3.u_weights._00794_,13.945µm
m.u_conv3.u_weights._07882_,13.945µm
m.u_conv3.u_weights._14633_,13.945µm
m.u_conv3.u_weights._00353_,13.94µm
m.u_conv3.u_weights._01315_,13.94µm
m.u_conv3.u_weights._09647_,13.94µm
net2358,13.935µm
m.u_conv2.u_loader._041_,13.93µm
m.u_conv3.input_buf\[38\],13.93µm
m.u_conv3.u_weights._01822_,13.93µm
m.u_conv3.u_weights._03193_,13.93µm
m.u_conv3.u_weights._08841_,13.93µm
m.u_conv3.u_weights._10219_,13.93µm
m.u_conv3.u_weights._13440_,13.93µm
net2827,13.93µm
net2840,13.93µm
net2842,13.93µm
net2867,13.93µm
net2893,13.93µm
net2894,13.93µm
net2925,13.93µm
net2934,13.93µm
net3008,13.93µm
m.u_conv2.u_weights._091_,13.925µm
m._081_,13.92µm
m.u_conv2._0255_,13.92µm
m.u_conv2.u_loader._127_,13.92µm
m.u_conv2.u_loader._171_,13.92µm
m.u_conv2.u_weights._259_,13.92µm
m.u_conv3.u_weights._05973_,13.92µm
m.u_conv3.u_weights._02529_,13.905µm
m.u_conv3.u_weights._06449_,13.905µm
m.u_conv3.u_weights._14012_,13.905µm
m.u_conv3.u_weights._06658_,13.9µm
m.u_conv2.acc\[47\]\[2\],13.89µm
m.u_conv3.u_weights._04635_,13.89µm
m.u_conv3.u_weights._12285_,13.885µm
m.u_conv3.u_weights._00495_,13.88µm
m.u_conv3.u_weights._08689_,13.88µm
m.u_conv3.u_weights._03775_,13.875µm
m._007_,13.87µm
m.u_conv1.u_weights._035_,13.87µm
m.u_conv2.u_loader._311_,13.87µm
m.u_conv3.input_buf\[30\],13.87µm
m.u_conv3.u_weights._01622_,13.87µm
m.u_conv3.u_weights._03284_,13.87µm
m.u_conv3.u_weights._04054_,13.87µm
m.u_conv3.u_weights._05302_,13.87µm
m.u_conv3.u_weights._09533_,13.87µm
m.u_conv3.u_weights._10134_,13.87µm
m.u_conv3.u_weights._12071_,13.87µm
m.u_conv3.u_weights._14681_,13.87µm
m.u_pool1._204_,13.87µm
m.u_tree._0534_,13.87µm
m.u_tree._0566_,13.87µm
m.u_tree._0865_,13.87µm
m.u_tree._0940_,13.87µm
net2357,13.87µm
net2376,13.87µm
net2398,13.87µm
net2459,13.87µm
net2470,13.87µm
net2487,13.87µm
net2538,13.87µm
net2580,13.87µm
net2589,13.87µm
net2719,13.87µm
net2742,13.87µm
m.u_conv2._0570_,13.86µm
m.u_conv3.u_weights._03786_,13.86µm
m.u_conv3.u_weights._04310_,13.86µm
m.u_conv3.u_weights._12321_,13.86µm
m.u_conv3.u_weights._00389_,13.855µm
m.u_conv3.u_weights._01552_,13.855µm
m.u_conv3.u_weights._03115_,13.855µm
m.u_conv3.u_weights._07447_,13.84µm
m.u_conv1._041_,13.83µm
m.u_conv3.u_weights._08462_,13.83µm
m.u_conv3.u_weights._02095_,13.825µm
m.u_conv3.u_weights._05630_,13.825µm
m.u_conv3.u_weights._14679_,13.825µm
m.u_conv3.u_weights._00983_,13.82µm
m.u_conv3.u_weights._14131_,13.82µm
m.u_tree._0956_,13.82µm
m.u_conv3.u_weights._10512_,13.815µm
m.u_conv1._037_,13.81µm
m.u_conv1.u_loader._048_,13.81µm
m.u_conv3._116_,13.81µm
m.u_conv3.u_weights._01880_,13.81µm
m.u_conv3.u_weights._04373_,13.81µm
m.u_conv3.u_weights._11078_,13.81µm
m.u_conv3.u_weights._13168_,13.81µm
m.u_conv3.u_weights._14353_,13.81µm
m.u_mnist_loader._22_,13.81µm
m.u_pool1._182_,13.81µm
m.u_tree._1319_,13.81µm
m.u_tree._1366_,13.81µm
net2419,13.81µm
net2495,13.81µm
m.u_conv3.u_weights._04684_,13.805µm
m.u_conv2.acc\[22\]\[0\],13.8µm
m.u_conv3.u_weights._00778_,13.8µm
m.u_conv3.u_weights._05576_,13.8µm
m.u_conv3.u_weights._05737_,13.8µm
m.u_conv3.u_weights._06759_,13.8µm
m.u_conv3.u_weights._07060_,13.8µm
m.u_conv3.u_weights._10213_,13.8µm
m.u_conv3.u_weights._14160_,13.8µm
m.u_conv2._1105_,13.795µm
m.u_conv3.u_weights._00186_,13.795µm
m.u_conv3.u_weights._05437_,13.795µm
m.u_conv3.u_weights._06572_,13.795µm
m.u_conv3.u_weights._12159_,13.795µm
m.u_conv3.u_weights._12272_,13.795µm
m.u_conv3.u_weights._14965_,13.795µm
net2609,13.795µm
m.u_conv3.u_weights._07288_,13.79µm
m.u_conv3.u_weights._01470_,13.785µm
m.u_conv3.u_weights._04671_,13.785µm
m.u_conv3.u_weights._05127_,13.785µm
m.u_conv3.u_weights._08768_,13.785µm
m.u_conv3.u_weights._09434_,13.785µm
m.u_conv3.u_weights._13920_,13.785µm
m.u_conv3.u_weights._00155_,13.78µm
m.u_conv3.u_weights._02007_,13.78µm
m.u_conv3.u_weights._11844_,13.78µm
m.u_conv3.u_weights._13174_,13.78µm
m.u_conv3.u_weights._15178_,13.78µm
m.u_conv3.u_weights._09286_,13.77µm
net2961,13.77µm
m.u_conv3.u_weights._08059_,13.765µm
m.u_conv3.u_weights._11606_,13.765µm
m.u_conv3.u_weights._03929_,13.76µm
m.u_conv3.u_weights._08737_,13.76µm
m.u_conv3.u_weights._11231_,13.76µm
m.u_conv3.u_weights._11947_,13.76µm
m.u_conv3.u_weights._12913_,13.76µm
m.u_conv3.u_weights._14846_,13.76µm
m.u_pool2._130_,13.76µm
m.u_conv3.u_weights._02641_,13.755µm
m.u_conv2._1061_,13.75µm
m.u_conv2.acc\[22\]\[6\],13.75µm
m.u_conv2.acc\[4\]\[6\],13.75µm
m.u_conv2.acc\[9\]\[0\],13.75µm
m.u_conv2.u_loader._342_,13.75µm
m.u_conv3.u_weights._05555_,13.75µm
m.u_conv3.u_weights._05851_,13.75µm
m.u_conv3.u_weights._07159_,13.75µm
m.u_conv3.u_weights._10843_,13.75µm
m.u_conv3.u_weights._15292_,13.75µm
m.u_tree._0513_,13.75µm
net2318,13.75µm
m.u_conv3.u_weights._01288_,13.745µm
m.u_conv3.u_weights._05192_,13.74µm
m.u_conv3.u_weights._06938_,13.74µm
m.u_conv3.u_weights._07328_,13.74µm
m.u_conv3.u_weights._07568_,13.74µm
m.u_conv3.u_weights._08420_,13.74µm
m.u_conv3.u_weights._08778_,13.74µm
m.u_conv3.u_weights._10433_,13.74µm
m.u_pool1._157_,13.74µm
m.u_tree._1566_,13.74µm
m.u_conv3.u_weights._01489_,13.735µm
m.u_conv3.u_weights._03214_,13.735µm
m.u_conv3.u_weights._07480_,13.735µm
m.u_tree._0721_,13.735µm
m.u_conv3.u_weights._02008_,13.73µm
m.u_conv3.u_weights._09807_,13.725µm
m.u_conv3.u_weights._15277_,13.725µm
m.u_conv3.u_weights._01139_,13.72µm
m.u_conv3.u_weights._01801_,13.705µm
m.u_conv3.u_weights._05558_,13.705µm
m.u_conv3.u_weights._14626_,13.705µm
m.u_conv1.buffer_reg\[17\],13.7µm
m.u_conv3.u_weights._01358_,13.7µm
m.u_conv3.u_weights._02001_,13.7µm
m.u_conv3.u_weights._02020_,13.7µm
m.u_conv3.u_weights._02339_,13.7µm
m.u_conv3.u_weights._04393_,13.7µm
m.u_conv3.u_weights._05355_,13.7µm
m.u_conv3.u_weights._07302_,13.7µm
m.u_conv3.u_weights._09440_,13.7µm
m.u_conv3.u_weights._12528_,13.7µm
m.u_conv3.u_weights._14149_,13.7µm
m.u_conv3.u_weights._15495_,13.7µm
m.u_tree._0176_,13.7µm
m.u_tree._0919_,13.7µm
net2237,13.7µm
m.u_conv3.u_weights._13078_,13.695µm
m.u_conv1.u_loader._100_,13.69µm
m.u_conv2._0283_,13.69µm
m.u_conv2.acc\[21\]\[5\],13.69µm
m.u_conv2.acc\[45\]\[6\],13.69µm
m.u_conv2.u_loader._060_,13.69µm
m.u_conv2.u_loader._408_,13.69µm
m.u_conv2.u_weights._109_,13.69µm
m.u_conv3.u_weights._00190_,13.69µm
m.u_conv3.u_weights._00729_,13.69µm
m.u_conv3.u_weights._00877_,13.69µm
m.u_conv3.u_weights._01087_,13.69µm
m.u_conv3.u_weights._01863_,13.69µm
m.u_conv3.u_weights._02516_,13.69µm
m.u_conv3.u_weights._03336_,13.69µm
m.u_conv3.u_weights._03882_,13.69µm
m.u_conv3.u_weights._05332_,13.69µm
m.u_conv3.u_weights._07979_,13.69µm
m.u_conv3.u_weights._09608_,13.69µm
m.u_conv3.u_weights._13633_,13.69µm
m.u_conv3.u_weights._14676_,13.69µm
m.u_conv3.u_weights._15209_,13.69µm
m.u_tree._0528_,13.69µm
m.u_tree._0610_,13.69µm
m.u_conv3.u_weights._06007_,13.685µm
m.u_conv3.u_weights._11815_,13.685µm
m.u_conv2._0801_,13.68µm
m.u_conv3.u_weights._01525_,13.68µm
m.u_conv3.u_weights._01833_,13.68µm
m.u_conv3.u_weights._06422_,13.68µm
m.u_conv3.u_weights._07099_,13.68µm
m.u_conv3.u_weights._07703_,13.68µm
m.u_conv3.u_weights._07883_,13.68µm
m.u_conv3.u_weights._15105_,13.68µm
m.u_conv3.u_weights._07898_,13.675µm
m.u_conv3.u_weights._11050_,13.675µm
m.u_conv3.u_weights._02616_,13.665µm
m.u_conv3.u_weights._09861_,13.665µm
m.u_tree._0867_,13.66µm
m.u_conv3.u_weights._00269_,13.655µm
m.u_conv3.u_weights._00638_,13.65µm
m.u_conv3.u_weights._02841_,13.65µm
m.u_conv2.acc\[34\]\[2\],13.645µm
m.u_conv2.acc\[55\]\[2\],13.645µm
m.u_conv3.u_weights._12615_,13.64µm
m.u_conv3.u_weights._14871_,13.64µm
m.u_conv3.u_weights._00312_,13.635µm
m.u_conv3.u_weights._00550_,13.635µm
m.u_conv3.u_weights._02608_,13.635µm
m.u_conv3._022_,13.63µm
m.u_conv3.u_weights._03990_,13.63µm
m.u_conv3.u_weights._06314_,13.63µm
m.u_conv3.u_weights._08184_,13.63µm
m.u_conv3.u_weights._09698_,13.63µm
m.u_pool1._139_,13.63µm
m.u_conv1.u_loader._333_,13.62µm
m.u_conv2._0875_,13.62µm
m.u_conv3.u_weights._01142_,13.62µm
m.u_conv3.u_weights._05410_,13.62µm
m.u_conv3.u_weights._05678_,13.62µm
m.u_conv3.u_weights._07687_,13.62µm
m.u_conv3.u_weights._08592_,13.62µm
m.u_conv3.u_weights._10583_,13.62µm
m.u_conv3.u_weights._11221_,13.62µm
m.u_conv3.u_weights._01969_,13.615µm
m.u_conv3.u_weights._03314_,13.615µm
m.u_conv3.u_weights._12410_,13.615µm
m.u_conv3.u_weights._13250_,13.615µm
m.u_conv3.u_weights._14225_,13.615µm
m.u_conv3.u_weights._00225_,13.61µm
m.u_conv3.u_weights._06360_,13.61µm
m.u_conv3.u_weights._09896_,13.605µm
m.u_pool1.state\[4\],13.605µm
net2834,13.605µm
net3060,13.605µm
m.u_conv3.u_weights._10870_,13.6µm
m.u_conv3.u_weights._01755_,13.595µm
m.u_conv3.u_weights._03601_,13.595µm
m.u_conv1.u_weights._112_,13.59µm
m.u_conv3.u_weights._02508_,13.59µm
m.u_conv3.u_weights._03379_,13.59µm
m.u_conv3.u_weights._08676_,13.59µm
m.u_conv2.acc\[42\]\[5\],13.585µm
m.u_conv3.u_weights._01995_,13.585µm
m.u_conv3.u_weights._09002_,13.585µm
m.u_conv2.u_weights._122_,13.58µm
m.u_conv3.u_weights._01643_,13.58µm
m.u_conv3.u_weights._04881_,13.58µm
m.u_conv3.u_weights._08813_,13.58µm
m.u_conv3.u_weights._10723_,13.58µm
m.u_conv3.u_weights._13904_,13.58µm
m.u_conv3.u_weights._14044_,13.58µm
m.u_conv3.u_weights._14767_,13.58µm
m.u_conv3.u_weights._14880_,13.58µm
m.u_pool1._198_,13.58µm
m.u_tree._0787_,13.58µm
m.u_conv2.u_loader._402_,13.57µm
m.u_conv2.u_weights._022_,13.57µm
m.u_conv3.u_weights._01292_,13.57µm
m.u_conv3.u_weights._01809_,13.57µm
m.u_conv3.u_weights._08066_,13.57µm
m.u_conv3.u_weights._08124_,13.57µm
m.u_conv3.u_weights._09629_,13.57µm
m.u_conv3.u_weights._09932_,13.57µm
m.u_conv3.u_weights._10150_,13.57µm
m.u_conv3.u_weights._11022_,13.57µm
m.u_conv3.u_weights._14178_,13.57µm
m.u_pool1._184_,13.57µm
m.u_tree._0323_,13.57µm
m.u_tree._0345_,13.57µm
m.u_tree._0817_,13.57µm
m.u_conv3.u_weights._13074_,13.565µm
m.u_conv1.u_loader._441_,13.56µm
m.u_conv2._0580_,13.56µm
m.u_conv3.input_buf\[36\],13.56µm
m.u_conv3.u_weights._01443_,13.56µm
m.u_conv3.u_weights._07182_,13.56µm
m.u_conv3.u_weights._07404_,13.56µm
m.u_conv3.u_weights._13483_,13.56µm
net2849,13.56µm
m.u_conv3.u_weights._05733_,13.555µm
m.u_conv3.u_weights._08926_,13.555µm
m.u_conv3.u_weights._10307_,13.555µm
m.u_conv1.u_loader._093_,13.55µm
m.u_conv3.u_weights._06964_,13.55µm
m.u_conv3.u_weights._00030_,13.54µm
m.u_conv3.u_weights._07909_,13.54µm
m.u_conv2._0732_,13.53µm
net2799,13.53µm
m.u_tree._0510_,13.525µm
m.u_conv3.u_weights._11939_,13.52µm
m.u_conv3.u_weights._12281_,13.52µm
m.u_conv1.u_loader._106_,13.515µm
m.u_conv3.u_weights._14854_,13.515µm
m.u_conv3.u_weights._00089_,13.51µm
m.u_conv3.u_weights._04918_,13.51µm
m.u_conv3.u_weights._14356_,13.51µm
m.u_pool1._195_,13.51µm
net2333,13.51µm
m.u_conv3.u_weights._10871_,13.5µm
m.u_conv3.u_weights._12844_,13.5µm
m.u_conv3.u_weights._13891_,13.5µm
m.u_pool2._107_,13.5µm
net2516,13.5µm
net2574,13.5µm
net2666,13.5µm
m.u_conv3.u_weights._11444_,13.49µm
m.u_conv2.acc\[22\]\[5\],13.485µm
m.u_conv3.u_weights._01369_,13.475µm
m.u_conv3.u_weights._13464_,13.475µm
m.u_conv3.u_weights._15642_,13.475µm
m.u_conv1._151_,13.47µm
m.u_conv3.u_weights._07064_,13.47µm
m.u_conv3.u_weights._07322_,13.47µm
m.u_conv3.u_weights._09459_,13.47µm
m.u_conv3.u_weights._11656_,13.47µm
m.u_conv3.u_weights._12973_,13.47µm
m.u_conv3.u_weights._07111_,13.465µm
m.u_conv3.u_weights._10727_,13.465µm
m.u_conv3.u_weights._11575_,13.465µm
m.u_conv3.u_weights._11675_,13.465µm
m.u_conv3.u_weights._02081_,13.46µm
m.u_conv3.u_weights._03440_,13.46µm
m.u_conv3.u_weights._05343_,13.46µm
m.u_conv3.u_weights._09030_,13.46µm
m.u_conv3.u_weights._11384_,13.46µm
m.u_conv3.u_weights._12297_,13.46µm
m.u_conv2.acc\[39\]\[3\],13.455µm
net3051,13.455µm
m.u_conv3.u_weights._05659_,13.45µm
m.u_conv3.u_weights._06827_,13.45µm
m.u_conv3.u_weights._07857_,13.45µm
m.u_conv3.u_weights._11173_,13.45µm
m.u_conv3.u_weights._12279_,13.45µm
m.u_conv3.u_weights._13230_,13.45µm
m.u_tree._0850_,13.45µm
m.u_tree._1053_,13.45µm
net2342,13.45µm
net2345,13.45µm
net2362,13.45µm
net2396,13.45µm
net2414,13.45µm
net2505,13.45µm
net2562,13.45µm
net2634,13.45µm
net2642,13.45µm
net2898,13.45µm
m.u_conv2.u_weights._219_,13.44µm
m.u_conv3.u_weights._03936_,13.44µm
m.u_conv3.u_weights._04826_,13.44µm
m.u_conv3.u_weights._04950_,13.44µm
m.u_conv3.u_weights._07678_,13.44µm
m.u_conv3.u_weights._13033_,13.44µm
m.u_conv3.u_weights._13939_,13.44µm
m.u_conv3.u_weights._14058_,13.44µm
m.u_pool2._088_,13.44µm
m.u_pool2._115_,13.44µm
m.u_conv3.u_weights._07636_,13.435µm
m.u_conv3.u_weights._03252_,13.43µm
m.u_conv3.u_weights._08920_,13.42µm
m.u_conv3.u_weights._10265_,13.42µm
m.u_conv3.u_weights._12924_,13.41µm
m.u_conv3.u_weights._13085_,13.41µm
m.u_pool1._167_,13.41µm
m.u_conv3.u_weights._02575_,13.405µm
m.u_conv3.u_weights._14137_,13.405µm
m.u_conv3.u_weights._15347_,13.405µm
m.u_conv3.u_weights._07178_,13.4µm
m.u_conv3.u_weights._10662_,13.4µm
m.u_conv3.u_weights._08237_,13.395µm
m.u_conv1.u_loader._041_,13.39µm
m.u_conv2._0873_,13.39µm
m.u_conv3._187_,13.39µm
m.u_conv3.u_weights._03256_,13.39µm
m.u_conv3.u_weights._06162_,13.39µm
m.u_conv3.u_weights._07558_,13.39µm
m.u_conv3.u_weights._08613_,13.39µm
m.u_conv3.u_weights._08849_,13.39µm
m.u_tree._0418_,13.39µm
net2410,13.39µm
net2415,13.39µm
net2431,13.39µm
net2482,13.39µm
net2509,13.39µm
net2548,13.39µm
net2560,13.39µm
net2564,13.39µm
net2581,13.39µm
net2599,13.39µm
net2604,13.39µm
net2752,13.39µm
net2771,13.39µm
m.u_conv3.u_weights._15493_,13.385µm
m.u_conv1.u_weights._089_,13.38µm
m.u_conv2._0733_,13.38µm
m.u_conv2.u_loader._230_,13.38µm
m.u_conv2.u_weights._188_,13.38µm
m.u_conv3.u_weights._00483_,13.38µm
m.u_conv3.u_weights._03354_,13.38µm
m.u_conv3.u_weights._04570_,13.38µm
m.u_conv3.u_weights._05925_,13.38µm
m.u_conv3.u_weights._07968_,13.38µm
m.u_tree._1300_,13.38µm
m.u_tree._1507_,13.38µm
m.u_conv3.u_weights._03581_,13.375µm
m.u_conv3.u_weights._04089_,13.375µm
m.u_tree._1212_,13.375µm
m.u_conv2._0593_,13.365µm
net1826,13.36µm
m.u_conv3.u_weights._01407_,13.36µm
m.u_conv3.u_weights._02726_,13.36µm
m.u_tree._1088_,13.36µm
m.u_conv3.u_weights._00204_,13.355µm
m.u_conv3.u_weights._01236_,13.35µm
m.u_conv3.u_weights._06872_,13.35µm
m.u_conv3.u_weights._07709_,13.35µm
m.u_conv3.u_weights._13998_,13.35µm
m.u_conv3.u_weights._11529_,13.345µm
m.u_tree._0335_,13.345µm
m.u_conv3.u_weights._03064_,13.34µm
m.u_conv3.u_weights._03919_,13.34µm
m.u_conv3.u_weights._09836_,13.34µm
m.u_conv3.u_weights._10393_,13.34µm
m.u_conv3.u_weights._06503_,13.335µm
m.u_conv1.u_loader._438_,13.33µm
m.u_conv2._0734_,13.33µm
m.u_conv3.u_weights._03180_,13.33µm
m.u_conv3.u_weights._05082_,13.33µm
m.u_conv3.u_weights._05527_,13.33µm
m.u_conv3.u_weights._05971_,13.33µm
m.u_conv3.u_weights._07058_,13.33µm
m.u_conv3.u_weights._09020_,13.33µm
m.u_conv3.u_weights._09402_,13.33µm
m.u_conv3.u_weights._10463_,13.33µm
m.u_conv3.u_weights._11758_,13.33µm
net2167,13.33µm
net2401,13.33µm
m.u_conv3.u_weights._01145_,13.325µm
m.u_conv3.u_weights._02503_,13.325µm
m.u_conv3.u_weights._04827_,13.325µm
m.u_conv3.u_weights._10650_,13.325µm
m.u_conv2._1381_,13.32µm
m.u_conv3.u_weights._03693_,13.32µm
m.u_conv3.u_weights._07838_,13.32µm
m.u_conv3.u_weights._08544_,13.32µm
m.u_conv3.u_weights._11081_,13.32µm
m.u_conv3.u_weights._13392_,13.32µm
m.u_conv3.u_weights._13921_,13.32µm
m.u_conv3.u_weights._14053_,13.32µm
m.u_conv3.u_weights._15462_,13.32µm
m.u_conv3.u_weights._15696_,13.32µm
m.u_tree._1150_,13.32µm
net2442,13.32µm
m.u_conv1.u_loader._083_,13.315µm
m.u_conv3.u_weights._00439_,13.315µm
m.u_conv3.u_weights._04475_,13.315µm
m.u_conv3.u_weights._09096_,13.315µm
m.u_conv3.u_weights._12232_,13.315µm
m.u_conv3.u_weights._14050_,13.315µm
m.u_conv3.u_weights._11492_,13.305µm
m.u_conv1.u_loader._061_,13.3µm
m.u_conv3.u_weights._03094_,13.3µm
m.u_conv3.u_weights._03362_,13.3µm
m.u_conv3.u_weights._04107_,13.3µm
m.u_conv3.u_weights._06355_,13.3µm
m.u_conv3.u_weights._07040_,13.3µm
m.u_conv3.u_weights._08764_,13.3µm
m.u_conv3.u_weights._10056_,13.3µm
m.u_conv3.u_weights._10962_,13.3µm
m.u_conv3.u_weights._13319_,13.3µm
m.u_conv3.u_weights._13763_,13.3µm
m.u_conv3.u_weights._15379_,13.3µm
m.u_conv3.u_weights._15497_,13.29µm
m.u_conv3.u_weights._01463_,13.285µm
m.u_conv3.u_weights._13812_,13.285µm
m.u_conv3.u_weights._00165_,13.28µm
m.u_conv3.u_weights._05522_,13.28µm
m.u_conv3.u_weights._05768_,13.28µm
m.u_conv3.u_weights._08158_,13.28µm
m.u_conv3.u_weights._14794_,13.28µm
m.u_conv3.u_weights._01140_,13.275µm
m.u_conv3.u_weights._01744_,13.275µm
m.u_conv2._1435_,13.27µm
m.u_conv2.acc\[21\]\[2\],13.27µm
m.u_conv3.u_weights._02207_,13.27µm
m.u_conv3.u_weights._07650_,13.27µm
m.u_conv3.u_weights._08506_,13.27µm
m.u_conv3.u_weights._09900_,13.27µm
m.u_conv3.u_weights._10053_,13.27µm
m.u_conv3.u_weights._02853_,13.265µm
m.u_conv3.u_weights._06980_,13.265µm
m.u_conv3.u_weights._08860_,13.265µm
m.u_conv2._0522_,13.26µm
m.u_conv3.u_weights._10040_,13.26µm
m.u_conv3.u_weights._12833_,13.26µm
m.u_conv3.u_weights._14548_,13.26µm
m.u_conv3.u_weights._14774_,13.26µm
m.u_tree._1246_,13.26µm
m.u_conv3.u_weights._09072_,13.255µm
m.u_conv1.u_loader._232_,13.24µm
m.u_conv1.u_weights._131_,13.23µm
m.u_conv3.u_weights._01158_,13.23µm
m.u_conv3.u_weights._01604_,13.23µm
m.u_conv3.u_weights._03850_,13.23µm
m.u_conv3.u_weights._08380_,13.23µm
m.u_conv3.u_weights._12617_,13.23µm
m.u_conv1.u_weights._096_,13.225µm
m.u_conv3.u_weights._07017_,13.225µm
m.u_conv1.u_loader._237_,13.22µm
m.u_conv3.u_weights._02343_,13.22µm
m.u_conv3.u_weights._04601_,13.22µm
m.u_conv3.u_weights._06204_,13.22µm
m.u_conv3.u_weights._07578_,13.22µm
m.u_conv3.u_weights._07953_,13.22µm
m.u_conv3.u_weights._09015_,13.22µm
m.u_conv3.u_weights._09593_,13.22µm
m.u_conv3.u_weights._11180_,13.22µm
m.u_conv3.u_weights._14071_,13.22µm
m.u_conv3.u_weights._14909_,13.22µm
m.u_tree._0890_,13.22µm
m.u_conv3.u_weights._01751_,13.215µm
m.u_conv3.u_weights._07606_,13.215µm
m.u_conv1.u_weights._053_,13.21µm
m.u_conv2.acc\[59\]\[2\],13.21µm
m.u_conv2.u_loader._406_,13.21µm
m.u_conv3.u_weights._00174_,13.21µm
m.u_conv3.u_weights._00530_,13.21µm
m.u_conv3.u_weights._01261_,13.21µm
m.u_conv3.u_weights._01447_,13.21µm
m.u_conv3.u_weights._02230_,13.21µm
m.u_conv3.u_weights._03943_,13.21µm
m.u_conv3.u_weights._04146_,13.21µm
m.u_conv3.u_weights._06273_,13.21µm
m.u_conv3.u_weights._08306_,13.21µm
m.u_conv3.u_weights._08819_,13.21µm
m.u_conv3.u_weights._09950_,13.21µm
m.u_conv3.u_weights._11801_,13.21µm
m.u_conv3.u_weights._13061_,13.21µm
m.u_conv3.u_weights._14042_,13.21µm
m.u_conv3.u_weights._14230_,13.21µm
m.u_conv3.u_weights._15193_,13.21µm
m.u_pool1._110_,13.21µm
m.u_tree._0557_,13.21µm
m.u_tree._0756_,13.21µm
m.u_conv3.u_weights._03012_,13.205µm
m.u_conv3.u_weights._05790_,13.205µm
m.u_conv3.u_weights._07485_,13.205µm
m.u_conv3.u_weights._14713_,13.205µm
m.u_conv3.u_weights._15466_,13.205µm
m.u_conv2._0582_,13.2µm
m.u_conv2.acc\[37\]\[5\],13.2µm
m.u_conv3.u_weights._00244_,13.2µm
m.u_conv3.u_weights._02170_,13.2µm
m.u_conv3.u_weights._02642_,13.2µm
m.u_conv3.u_weights._04332_,13.2µm
m.u_conv3.u_weights._04856_,13.2µm
m.u_conv3.u_weights._05077_,13.2µm
m.u_conv3.u_weights._05644_,13.2µm
m.u_conv3.u_weights._06987_,13.2µm
m.u_conv3.u_weights._11915_,13.2µm
m.u_conv3.u_weights._12679_,13.2µm
m.u_tree._0720_,13.2µm
net2535,13.2µm
m.u_conv3.u_weights._04065_,13.195µm
m.u_conv3.u_weights._05833_,13.195µm
m.u_conv3.u_weights._14358_,13.195µm
m.u_tree._0064_,13.195µm
m.u_tree._1080_,13.195µm
m.u_conv3.u_weights._09297_,13.185µm
m.u_conv3.u_weights._09592_,13.185µm
m.u_conv3.u_weights._02865_,13.18µm
m.u_pool2._035_,13.18µm
m.u_tree._0018_,13.18µm
m.u_conv3.u_weights._06597_,13.175µm
m.u_conv2._0803_,13.17µm
m.u_conv3.u_weights._00856_,13.17µm
m.u_conv3.u_weights._01151_,13.17µm
m.u_conv3.u_weights._01745_,13.17µm
m.u_conv3.u_weights._06361_,13.17µm
m.u_conv3.u_weights._14488_,13.17µm
m.u_conv3.u_weights._02012_,13.165µm
m.u_conv3.u_weights._06782_,13.165µm
m.u_conv3.u_weights._05446_,13.16µm
m.u_conv3.u_weights._09753_,13.16µm
m.u_conv1.u_loader._425_,13.155µm
m.u_conv3.u_weights._10376_,13.155µm
m.u_conv2.u_weights._079_,13.15µm
m.u_conv2.u_weights._251_,13.15µm
m.u_conv3.u_weights._04666_,13.15µm
m.u_conv3.u_weights._05256_,13.15µm
m.u_conv3.u_weights._06269_,13.15µm
m.u_conv3.u_weights._06406_,13.15µm
m.u_conv3.u_weights._11062_,13.15µm
m.u_conv3.u_weights._12994_,13.15µm
m.u_conv3.u_weights._04375_,13.145µm
m.u_conv3.u_weights._11594_,13.145µm
m.u_conv3.u_weights._15338_,13.145µm
m.u_tree._0883_,13.145µm
m.u_conv2._0000_,13.14µm
m.u_conv2._1157_,13.14µm
m.u_conv3.u_weights._03945_,13.14µm
m.u_conv3.u_weights._05452_,13.14µm
m.u_conv3.u_weights._07337_,13.14µm
m.u_conv3.u_weights._14023_,13.14µm
m.u_conv3.u_weights._14719_,13.14µm
m.u_conv3.u_weights._08115_,13.135µm
m.u_conv3.u_weights._09333_,13.135µm
m.u_conv3.u_weights._11716_,13.135µm
m.u_conv3.u_weights._03287_,13.125µm
m.u_conv3.u_weights._04444_,13.125µm
m.u_conv3.u_weights._04890_,13.125µm
m.u_conv3.u_weights._14993_,13.125µm
m.u_conv2._1025_,13.115µm
m.u_conv2.u_weights._047_,13.115µm
m.u_conv3.u_weights._09643_,13.115µm
m.u_conv3.u_weights._02455_,13.11µm
m.u_conv3.u_weights._02990_,13.11µm
m.u_conv3.u_weights._03967_,13.11µm
m.u_conv3.u_weights._05370_,13.11µm
m.u_conv3.u_weights._12761_,13.11µm
m.u_conv3.u_weights._13626_,13.11µm
m.u_conv3.u_weights._14180_,13.11µm
m.u_conv3.u_weights._14708_,13.11µm
m.u_pool1._150_,13.11µm
m.u_conv3.u_weights._02556_,13.105µm
m.u_conv3.u_weights._09189_,13.105µm
m.u_conv3.u_weights._15455_,13.105µm
m.u_conv1.u_loader._059_,13.1µm
m.u_conv3.u_weights._00399_,13.1µm
m.u_conv3.u_weights._01363_,13.1µm
m.u_conv3.u_weights._02241_,13.1µm
m.u_conv3.u_weights._02498_,13.1µm
m.u_conv3.u_weights._04217_,13.1µm
m.u_conv3.u_weights._07888_,13.1µm
m.u_conv3.u_weights._15418_,13.1µm
m.u_pool2.top_byte_reg\[0\],13.1µm
m.u_tree._0225_,13.1µm
m.u_tree._1362_,13.1µm
m.u_tree._1397_,13.1µm
m.u_conv3.u_weights._03907_,13.095µm
m.u_conv3.u_weights._04121_,13.095µm
m.u_tree._1390_,13.095µm
m.u_tree._1545_,13.095µm
m.u_conv3.u_weights._00659_,13.09µm
m.u_conv3.u_weights._04082_,13.09µm
m.u_conv3.u_weights._04673_,13.09µm
m.u_conv3.u_weights._05212_,13.09µm
m.u_conv3.u_weights._07270_,13.09µm
m.u_conv3.u_weights._09458_,13.09µm
m.u_conv3.u_weights._09921_,13.09µm
m.u_conv3.u_weights._10478_,13.09µm
m.u_conv3.u_weights._11808_,13.09µm
m.u_conv3.u_weights._14104_,13.09µm
m.u_conv3.u_weights._14817_,13.09µm
m.u_tree._0339_,13.09µm
m.u_tree._0412_,13.09µm
m.u_conv3.u_weights._13313_,13.085µm
m.u_conv2._0663_,13.08µm
m.u_conv3.u_weights._01256_,13.08µm
m.u_conv3.u_weights._02107_,13.08µm
m.u_conv3.u_weights._03371_,13.08µm
m.u_conv3.u_weights._05133_,13.08µm
m.u_conv3.u_weights._06081_,13.08µm
m.u_conv3.u_weights._06262_,13.08µm
m.u_conv3.u_weights._07922_,13.08µm
m.u_conv3.u_weights._09017_,13.08µm
m.u_conv3.u_weights._11945_,13.08µm
m.u_conv3.u_weights._12597_,13.08µm
net2371,13.08µm
net2383,13.08µm
m.u_conv3.u_weights._13652_,13.075µm
m.u_conv3.u_weights._00107_,13.07µm
m.u_tree._1209_,13.065µm
net2435,13.065µm
m.u_conv2.u_loader._148_,13.06µm
m.u_conv3.u_weights._08643_,13.055µm
m.u_conv3.u_weights._06832_,13.05µm
m.u_conv3.u_weights._07835_,13.05µm
m.u_conv3.u_weights._12146_,13.05µm
m.u_conv2.acc\[50\]\[3\],13.045µm
m.u_conv3.u_weights._02421_,13.045µm
m.u_conv3.u_weights._01063_,13.04µm
m.u_conv3.u_weights._01382_,13.04µm
m.u_conv3.u_weights._02201_,13.04µm
m.u_conv3.u_weights._03025_,13.04µm
m.u_conv3.u_weights._05416_,13.04µm
m.u_conv3.u_weights._05831_,13.04µm
m.u_conv3.u_weights._05928_,13.04µm
m.u_conv3.u_weights._05994_,13.04µm
m.u_conv3.u_weights._06234_,13.04µm
m.u_conv3.u_weights._07071_,13.04µm
m.u_conv3.u_weights._09834_,13.04µm
m.u_conv3.u_weights._09964_,13.04µm
m.u_conv3.u_weights._13817_,13.04µm
m.u_conv3.u_weights._15137_,13.04µm
m.u_pool1._109_,13.04µm
m.u_conv3.u_weights._05939_,13.035µm
m.u_conv2._0432_,13.03µm
m.u_conv2.acc\[5\]\[1\],13.03µm
m.u_conv3.u_weights._00237_,13.03µm
m.u_conv3.u_weights._04682_,13.03µm
m.u_conv3.u_weights._06405_,13.03µm
m.u_conv3.u_weights._07868_,13.03µm
m.u_conv3.u_weights._08418_,13.03µm
m.u_conv3.u_weights._09431_,13.03µm
m.u_conv3.u_weights._11811_,13.03µm
m.u_conv3.u_weights._14382_,13.03µm
m.u_conv3.u_weights._14686_,13.03µm
m.u_conv3.u_weights._15469_,13.03µm
m.u_conv3.u_weights._15760_,13.03µm
m.u_tree._0724_,13.03µm
m.u_conv3.u_weights._02524_,13.025µm
m.u_conv3.u_weights._07484_,13.02µm
m.u_conv3.u_weights._12710_,13.02µm
m.u_tree._0889_,13.02µm
net2292,13.02µm
net2360,13.02µm
net2427,13.02µm
net2486,13.02µm
m.u_conv1.u_loader._118_,13.015µm
m.u_conv3.u_weights._06502_,13.005µm
m.u_conv3.u_weights._13550_,13.005µm
m.u_conv3.u_weights._14640_,13.005µm
m.u_conv3._208_,13µm
m.u_conv3.u_weights._02819_,13µm
m.u_conv3.u_weights._09650_,13µm
m.u_conv3.u_weights._13076_,12.99µm
m.u_conv3.u_weights._13902_,12.99µm
m.u_pool2._044_,12.99µm
m.u_conv3.u_weights._11641_,12.985µm
m.u_conv3.u_weights._13346_,12.985µm
m.u_pool2._169_,12.985µm
m.u_conv3.u_weights._02103_,12.98µm
m.u_conv3.u_weights._03148_,12.98µm
m.u_conv3.u_weights._10813_,12.98µm
m.u_conv3.u_weights._15765_,12.98µm
m.u_conv1.loader_buffer\[4\],12.97µm
m.u_conv1.u_loader._403_,12.97µm
m.u_conv2.acc\[26\]\[1\],12.97µm
m.u_conv2.acc\[52\]\[0\],12.97µm
m.u_conv3.u_weights._00299_,12.97µm
m.u_conv3.u_weights._03425_,12.97µm
m.u_conv3.u_weights._03538_,12.97µm
m.u_conv3.u_weights._04437_,12.97µm
m.u_conv3.u_weights._06661_,12.97µm
m.u_conv3.u_weights._06742_,12.97µm
m.u_conv3.u_weights._11235_,12.97µm
m.u_conv3.u_weights._12293_,12.97µm
m.u_conv3.u_weights._12785_,12.97µm
m.u_pool1._073_,12.97µm
m.u_pool1._203_,12.97µm
m.u_tree._0396_,12.97µm
net2350,12.97µm
net2354,12.97µm
net2356,12.97µm
net2359,12.97µm
net2377,12.97µm
net2388,12.97µm
net2420,12.97µm
net2449,12.97µm
net2521,12.97µm
net2536,12.97µm
net2643,12.97µm
net2653,12.97µm
m.u_tree._0384_,12.965µm
m.sram_req_pool2\[23\],12.96µm
m.u_conv3.u_weights._00955_,12.96µm
m.u_conv3.u_weights._01283_,12.96µm
m.u_conv3.u_weights._02725_,12.96µm
m.u_conv3.u_weights._03846_,12.96µm
m.u_conv3.u_weights._04737_,12.96µm
m.u_conv3.u_weights._05402_,12.96µm
m.u_conv3.u_weights._05759_,12.96µm
m.u_conv3.u_weights._07618_,12.96µm
m.u_conv3.u_weights._09180_,12.96µm
m.u_conv3.u_weights._12086_,12.96µm
m.u_conv3.u_weights._12286_,12.96µm
m.u_conv3.u_weights._13344_,12.96µm
m.u_conv3.u_weights._13375_,12.96µm
m.u_conv3.u_weights._15499_,12.96µm
m.u_tree._0490_,12.96µm
m.u_tree._0895_,12.96µm
m.u_conv1.u_weights._155_,12.955µm
m.u_conv3.u_weights._01452_,12.955µm
m.u_conv3.u_weights._03445_,12.955µm
m.u_conv3.u_weights._07425_,12.955µm
m.u_conv3.u_weights._08296_,12.945µm
m.u_conv3.u_weights._08661_,12.945µm
m.u_conv3.u_weights._13363_,12.945µm
m.u_conv3.u_weights._04076_,12.94µm
m.u_tree._0786_,12.94µm
m.u_tree._1038_,12.935µm
net1827,12.93µm
m.u_conv2._0741_,12.93µm
m.u_conv3.u_weights._01120_,12.93µm
m.u_conv3.u_weights._05148_,12.93µm
m.sram_req_conv2\[2\],12.91µm
m.u_conv3.u_weights._02801_,12.91µm
m.u_conv3.u_weights._03402_,12.91µm
m.u_conv3.u_weights._06266_,12.91µm
m.u_conv3.u_weights._07236_,12.91µm
m.u_conv3.u_weights._09904_,12.91µm
m.u_conv3.u_weights._11553_,12.91µm
m.u_conv3.u_weights._11652_,12.91µm
m.u_pool2._030_,12.91µm
net2366,12.91µm
net2384,12.91µm
net2405,12.91µm
net2407,12.91µm
net2416,12.91µm
net2428,12.91µm
net2445,12.91µm
net2472,12.91µm
net2477,12.91µm
net2503,12.91µm
net2512,12.91µm
net2610,12.91µm
net2616,12.91µm
net2636,12.91µm
net2639,12.91µm
net2664,12.91µm
net2681,12.91µm
net2718,12.91µm
net2743,12.91µm
m.u_conv2.acc\[49\]\[4\],12.9µm
m.u_conv3.u_weights._00012_,12.9µm
m.u_conv3.u_weights._01331_,12.9µm
m.u_conv3.u_weights._02802_,12.9µm
m.u_conv3.u_weights._02811_,12.9µm
m.u_conv3.u_weights._05526_,12.9µm
m.u_conv3.u_weights._05796_,12.9µm
m.u_conv3.u_weights._06261_,12.9µm
m.u_conv3.u_weights._08950_,12.9µm
m.u_conv3.u_weights._09321_,12.9µm
m.u_conv3.u_weights._09816_,12.9µm
m.u_conv3.u_weights._10740_,12.9µm
m.u_conv3.u_weights._11709_,12.9µm
m.u_conv3.u_weights._01455_,12.895µm
m.u_conv3.u_weights._04467_,12.895µm
m.u_conv3.u_weights._04863_,12.895µm
m.u_conv3.u_weights._06603_,12.895µm
m.u_conv3.u_weights._06856_,12.895µm
m.u_conv3.u_weights._10502_,12.895µm
m.u_conv3.u_weights._15266_,12.895µm
m.u_pool2._060_,12.895µm
m.u_conv1.u_loader._038_,12.89µm
m.u_conv3.u_weights._11596_,12.885µm
m.u_conv3.u_weights._08873_,12.88µm
m.u_conv3.u_weights._09081_,12.88µm
m.u_conv3.u_weights._11179_,12.88µm
m.u_conv3.u_weights._15488_,12.875µm
m.u_conv3.u_weights._09447_,12.87µm
m.u_conv3.u_weights._09731_,12.87µm
m.u_conv3.u_weights._14872_,12.87µm
m.u_conv2.acc\[4\]\[5\],12.865µm
m.u_conv3.u_weights._05011_,12.865µm
m.u_conv2.u_weights._156_,12.86µm
m.u_conv3.u_weights._02825_,12.86µm
m.u_conv3.u_weights._06530_,12.86µm
m.u_conv3.u_weights._13060_,12.86µm
m.u_tree._0024_,12.86µm
m.u_conv2._1161_,12.855µm
m.u_conv3.u_weights._07184_,12.855µm
m.u_conv1.u_loader._044_,12.85µm
m.u_conv2._0088_,12.85µm
m.u_conv2.u_weights._024_,12.85µm
m.u_conv3.u_weights._00660_,12.85µm
m.u_conv3.u_weights._00941_,12.85µm
m.u_conv3.u_weights._02029_,12.85µm
m.u_conv3.u_weights._03594_,12.85µm
m.u_conv3.u_weights._06277_,12.85µm
m.u_conv3.u_weights._07878_,12.85µm
m.u_conv3.u_weights._07880_,12.85µm
m.u_conv3.u_weights._08473_,12.85µm
m.u_conv3.u_weights._08744_,12.85µm
m.u_conv3.u_weights._12499_,12.85µm
m.u_conv3.u_weights._12644_,12.85µm
m.u_conv3.u_weights._12830_,12.85µm
m.u_tree._1223_,12.85µm
net2547,12.85µm
m.u_conv3.u_weights._00209_,12.845µm
m.u_conv3.u_weights._01548_,12.84µm
m.u_conv3.u_weights._02068_,12.84µm
m.u_conv3.u_weights._06448_,12.84µm
m.u_conv3.u_weights._11242_,12.84µm
m.u_conv3.u_weights._11665_,12.84µm
m.u_conv3.u_weights._14715_,12.84µm
m.u_tree._1025_,12.84µm
m.u_conv3.u_weights._04411_,12.835µm
m.u_conv3.u_weights._05520_,12.835µm
m.u_conv3.u_weights._08885_,12.835µm
m.u_tree._1325_,12.835µm
net2423,12.835µm
m.u_conv3.u_weights._02276_,12.83µm
m.u_conv3.u_weights._02693_,12.825µm
m.u_conv3.u_weights._03135_,12.825µm
m.u_conv3.u_weights._09742_,12.825µm
m.u_conv3._101_,12.82µm
m.u_conv3.u_weights._00284_,12.82µm
m.u_conv3.u_weights._01875_,12.82µm
m.u_conv3.u_weights._01984_,12.82µm
m.u_conv3.u_weights._03791_,12.82µm
m.u_conv3.u_weights._07716_,12.82µm
m.u_conv3.u_weights._11560_,12.82µm
m.u_conv3.u_weights._13364_,12.82µm
m.u_conv3.u_weights._03504_,12.805µm
m.u_conv3.u_weights._06385_,12.805µm
m.u_conv3.u_weights._08475_,12.805µm
m.u_conv3.u_weights._13348_,12.805µm
m.u_conv3.u_weights._14890_,12.805µm
m.u_conv1.u_loader._387_,12.8µm
m.u_conv2.u_weights._090_,12.8µm
m.u_conv3.u_weights._03576_,12.8µm
m.u_conv3.u_weights._06917_,12.8µm
m.u_conv3.u_weights._08407_,12.8µm
m.u_conv3.u_weights._08467_,12.8µm
m.u_conv3.u_weights._09243_,12.8µm
m.u_tree._0759_,12.8µm
m.u_conv2.u_loader._106_,12.795µm
m.u_conv3.u_weights._04431_,12.795µm
m.u_conv2.loader_buffer\[8\],12.79µm
m.u_conv2.u_weights._295_,12.79µm
m.u_conv3.u_weights._00025_,12.79µm
m.u_conv3.u_weights._02754_,12.79µm
m.u_conv3.u_weights._03768_,12.79µm
m.u_conv3.u_weights._07098_,12.79µm
m.u_conv3.u_weights._07731_,12.79µm
m.u_tree._0866_,12.79µm
m.u_conv3.u_weights._10034_,12.785µm
m.u_conv3.u_weights._11480_,12.785µm
m.u_conv1.u_loader.state\[2\],12.78µm
m.u_conv2._0870_,12.78µm
m.u_conv3.u_weights._00952_,12.78µm
m.u_conv3.u_weights._04313_,12.78µm
m.u_conv3.u_weights._04854_,12.78µm
m.u_conv3.u_weights._05372_,12.78µm
m.u_conv3.u_weights._06802_,12.78µm
m.u_conv3.u_weights._12277_,12.78µm
m.u_conv3.u_weights._12963_,12.78µm
m.u_tree._0059_,12.78µm
m.u_tree._1180_,12.78µm
m.u_conv3.u_weights._00457_,12.775µm
m.u_conv3.u_weights._00590_,12.775µm
m.u_conv3.u_weights._03493_,12.775µm
m.u_conv3.u_weights._03629_,12.775µm
m.u_conv3.u_weights._07046_,12.775µm
m.u_conv3.u_weights._11225_,12.775µm
m.u_conv3.u_weights._11285_,12.775µm
m.u_conv3.u_weights._11861_,12.775µm
m.u_conv3.u_weights._12460_,12.775µm
m.u_conv3.u_weights._15011_,12.775µm
m.u_conv3.u_weights._02914_,12.765µm
m.u_conv3.u_weights._03389_,12.765µm
m.u_conv3.u_weights._04218_,12.765µm
m.u_conv3.u_weights._14414_,12.765µm
m.u_conv3.u_weights._09505_,12.755µm
m.u_conv2.u_weights._292_,12.74µm
m.u_conv3.u_weights._00375_,12.74µm
m.u_conv3.u_weights._01444_,12.74µm
m.u_conv3.u_weights._01615_,12.74µm
m.u_conv3.u_weights._01859_,12.74µm
m.u_conv3.u_weights._02110_,12.74µm
m.u_conv3.u_weights._02871_,12.74µm
m.u_conv3.u_weights._03844_,12.74µm
m.u_conv3.u_weights._06730_,12.74µm
m.u_conv3.u_weights._07019_,12.74µm
m.u_conv3.u_weights._07461_,12.74µm
m.u_conv3.u_weights._10467_,12.74µm
m.u_conv3.u_weights._12216_,12.74µm
m.u_pool1._171_,12.74µm
m.u_tree._1478_,12.74µm
net1828,12.73µm
net2155,12.73µm
m.u_conv2._0710_,12.73µm
m.u_conv2.acc\[41\]\[5\],12.73µm
m.u_conv2.acc\[61\]\[3\],12.73µm
m.u_conv2.u_loader._320_,12.73µm
m.u_conv3.u_weights._01296_,12.73µm
m.u_conv3.u_weights._04323_,12.73µm
m.u_conv3.u_weights._05553_,12.73µm
m.u_conv3.u_weights._07503_,12.73µm
m.u_conv3.u_weights._07867_,12.73µm
m.u_conv3.u_weights._07946_,12.73µm
m.u_conv3.u_weights._08983_,12.73µm
m.u_conv3.u_weights._09716_,12.73µm
m.u_conv3.u_weights._11270_,12.73µm
m.u_conv3.u_weights._13139_,12.73µm
m.u_conv3.u_weights._15403_,12.73µm
m.u_mnist_loader._25_,12.73µm
m.u_tree._0264_,12.73µm
m.u_conv3.u_weights._05536_,12.725µm
m._121_,12.72µm
m.u_conv2._0850_,12.72µm
m.u_conv3.u_weights._00279_,12.72µm
m.u_conv3.u_weights._00874_,12.72µm
m.u_conv3.u_weights._02311_,12.72µm
m.u_conv3.u_weights._03163_,12.72µm
m.u_conv3.u_weights._03299_,12.72µm
m.u_conv3.u_weights._03957_,12.72µm
m.u_conv3.u_weights._06119_,12.72µm
m.u_conv3.u_weights._06144_,12.72µm
m.u_conv3.u_weights._06865_,12.72µm
m.u_conv3.u_weights._09508_,12.72µm
m.u_conv3.u_weights._10792_,12.72µm
m.u_conv3.u_weights._11218_,12.72µm
m.u_conv3.u_weights._11253_,12.72µm
m.u_conv3.u_weights._11798_,12.72µm
m.u_conv3.u_weights._11821_,12.72µm
m.u_conv3.u_weights._12057_,12.72µm
m.u_conv3.u_weights._12623_,12.72µm
m.u_pool1.bot_byte_reg\[6\],12.72µm
m.u_tree._0214_,12.72µm
m.u_tree._0428_,12.72µm
net1976,12.72µm
m.u_conv3.u_weights._02851_,12.715µm
m.u_conv3.u_weights._07009_,12.715µm
m.u_tree._1026_,12.715µm
m.u_conv3.u_weights._00668_,12.705µm
m.u_conv3.u_weights._01762_,12.705µm
m.u_conv3.u_weights._06108_,12.7µm
m.u_conv2.acc\[50\]\[5\],12.695µm
m.u_conv3.u_weights._04960_,12.695µm
m.u_conv3.u_weights._08908_,12.695µm
m.u_conv1.u_loader._097_,12.69µm
m.u_conv2.acc\[46\]\[3\],12.69µm
m.u_conv3.u_weights._01307_,12.69µm
m.u_conv3.u_weights._05177_,12.69µm
m.u_conv3.u_weights._05730_,12.69µm
net2038,12.69µm
m.u_conv2.acc\[8\]\[0\],12.685µm
m.u_conv2._0808_,12.68µm
m.u_conv3.u_weights._00057_,12.68µm
m.u_conv3.u_weights._06181_,12.68µm
m.u_conv3.u_weights._07864_,12.68µm
m.u_conv3.u_weights._15539_,12.68µm
m.u_conv3.u_weights._03317_,12.675µm
m.u_conv3.u_weights._13498_,12.675µm
m.u_conv2._0715_,12.67µm
m.u_conv2.u_weights._289_,12.67µm
m.u_conv3.u_weights._03340_,12.67µm
m.u_conv3.u_weights._03635_,12.67µm
m.u_conv3.u_weights._10403_,12.67µm
m.u_conv3.u_weights._12972_,12.67µm
m.u_pool1._209_,12.67µm
m.u_tree._0174_,12.67µm
m.u_conv2.acc\[15\]\[2\],12.66µm
m.u_conv2.acc\[38\]\[0\],12.66µm
m.u_conv3.u_weights._04458_,12.66µm
m.u_conv3.u_weights._04931_,12.66µm
m.u_conv3.u_weights._06747_,12.66µm
m.u_conv3.u_weights._07050_,12.66µm
m.u_conv3.u_weights._07374_,12.66µm
m.u_conv3.u_weights._07778_,12.66µm
m.u_conv3.u_weights._07848_,12.66µm
m.u_conv3.u_weights._07986_,12.66µm
m.u_conv3.u_weights._05323_,12.655µm
m.u_conv3.u_weights._08199_,12.655µm
m.u_conv3.u_weights._11307_,12.655µm
m.u_conv3.u_weights._13906_,12.655µm
m.u_tree._1410_,12.655µm
m.u_conv3.u_weights._08825_,12.65µm
m.u_conv3.u_weights._04494_,12.645µm
m.u_conv3.u_weights._00469_,12.635µm
m.u_conv3.u_weights._05975_,12.635µm
m.u_conv3.u_weights._00158_,12.63µm
m.u_conv3.u_weights._03410_,12.63µm
m.u_conv3.u_weights._04996_,12.63µm
m.u_conv3.u_weights._06345_,12.63µm
m.u_conv3.u_weights._07723_,12.63µm
m.u_conv3.u_weights._08944_,12.63µm
m.u_conv3.u_weights._11087_,12.63µm
m.u_conv3.u_weights._11532_,12.63µm
m.u_conv3.u_weights._12603_,12.63µm
m.u_conv3.u_weights._12862_,12.63µm
m.u_conv3.u_weights._13741_,12.63µm
m.u_conv3.u_weights._13788_,12.63µm
m.u_conv3.u_weights._15231_,12.63µm
m.u_conv3.u_weights._00890_,12.62µm
m.u_conv3.u_weights._03694_,12.62µm
m.u_conv3.u_weights._05084_,12.62µm
m.u_conv3.u_weights._07052_,12.62µm
m.u_conv3.u_weights._07537_,12.62µm
m.u_conv3.u_weights._08105_,12.62µm
m.u_conv3.u_weights._08457_,12.62µm
m.u_conv3.u_weights._10427_,12.62µm
m.u_conv3.u_weights._12461_,12.62µm
m.u_conv3.u_weights._14604_,12.62µm
m.u_tree._0325_,12.62µm
m.u_conv3.u_weights._10524_,12.615µm
m.u_conv1.u_weights._057_,12.61µm
m.u_conv3.u_weights._00488_,12.61µm
m.u_conv3.u_weights._02703_,12.61µm
m.u_conv3.u_weights._06102_,12.61µm
m.u_conv3.u_weights._06430_,12.61µm
m.u_conv3.u_weights._09205_,12.61µm
m.u_conv3.u_weights._09699_,12.61µm
m.u_conv3.u_weights._11207_,12.61µm
m.u_conv3.u_weights._12851_,12.61µm
m.u_conv3.u_weights._13423_,12.61µm
m.u_conv3.u_weights._13760_,12.61µm
m.u_conv3.u_weights._14264_,12.61µm
m.u_conv3.u_weights._14540_,12.61µm
m.u_conv3.u_weights._03574_,12.605µm
m.u_conv3.u_weights._15208_,12.605µm
m.u_conv3.u_weights._15549_,12.605µm
m.u_conv2.state\[6\],12.6µm
m.u_conv3.u_weights._01287_,12.6µm
m.u_conv3.u_weights._02282_,12.6µm
m.u_conv3.u_weights._04450_,12.6µm
m.u_conv3.u_weights._06819_,12.6µm
m.u_conv3.u_weights._08971_,12.6µm
m.u_conv3.u_weights._09029_,12.6µm
m.u_conv3.u_weights._10146_,12.6µm
m.u_conv3.u_weights._10833_,12.6µm
m.u_conv3.u_weights._12706_,12.6µm
m.u_pool1._113_,12.6µm
m.u_tree._1433_,12.6µm
net2349,12.6µm
net2365,12.6µm
net2692,12.6µm
m.u_conv3.u_weights._04504_,12.595µm
m.u_conv3.u_weights._10936_,12.595µm
m.u_conv3.u_weights._07280_,12.59µm
m.u_conv2._1050_,12.57µm
m.u_conv3.u_weights._01387_,12.57µm
m.u_conv3.u_weights._02022_,12.57µm
m.u_conv3.u_weights._05926_,12.57µm
m.u_conv3.u_weights._13231_,12.57µm
m.u_conv3.u_weights._15182_,12.57µm
m.u_conv1.u_weights._069_,12.565µm
m.u_conv2.acc\[28\]\[4\],12.565µm
m.u_conv3.u_weights._06148_,12.565µm
m.u_conv3.u_weights._06705_,12.565µm
m.u_conv3.u_weights._02721_,12.56µm
m.u_conv3.u_weights._04239_,12.56µm
m.u_conv3.u_weights._07336_,12.56µm
m.u_conv3.u_weights._12841_,12.56µm
net1839,12.55µm
m.u_conv3.u_weights._02860_,12.55µm
m.u_conv3.u_weights._04280_,12.55µm
m.u_conv3.u_weights._08557_,12.55µm
m.u_conv3.u_weights._10363_,12.55µm
net2391,12.55µm
m.u_conv2.acc\[12\]\[3\],12.54µm
m.u_conv3.u_weights._00380_,12.54µm
m.u_conv3.u_weights._04172_,12.54µm
m.u_conv3.u_weights._09139_,12.54µm
m.u_conv3.u_weights._12012_,12.54µm
m.u_conv3.u_weights._12954_,12.54µm
m.u_conv3.u_weights._14100_,12.54µm
m.u_tree._0472_,12.54µm
m.u_tree._0790_,12.54µm
net2632,12.54µm
net1829,12.53µm
m.u_conv3.u_weights._01264_,12.525µm
m.u_conv3.u_weights._11871_,12.525µm
m.u_conv3.u_weights._09589_,12.52µm
m.u_conv3.u_weights._02569_,12.51µm
m.u_conv3.u_weights._03951_,12.51µm
m.u_conv3.u_weights._08337_,12.51µm
m.u_conv3.u_weights._14687_,12.51µm
m.u_conv3.u_weights._01359_,12.505µm
m.u_conv3.u_weights._07477_,12.505µm
m.u_conv1._077_,12.5µm
m.u_conv3.u_weights._00486_,12.5µm
m.u_conv3.u_weights._01042_,12.5µm
m.u_conv3.u_weights._04072_,12.5µm
m.u_conv3.u_weights._05020_,12.5µm
m.u_conv3.u_weights._06040_,12.5µm
m.u_conv3.u_weights._07297_,12.5µm
m.u_conv3.u_weights._08240_,12.5µm
m.u_conv3.u_weights._10764_,12.5µm
m.u_conv3.u_weights._12746_,12.5µm
m.u_conv3.u_weights._03765_,12.495µm
m.u_conv3.u_weights._05725_,12.495µm
m.u_conv3.u_weights._07423_,12.495µm
m.u_conv3.u_weights._13608_,12.495µm
net1836,12.49µm
m.seq_state\[3\],12.49µm
m.u_conv3.u_weights._01157_,12.49µm
m.u_conv3.u_weights._04720_,12.49µm
m.u_conv3.u_weights._04767_,12.49µm
m.u_conv3.u_weights._07314_,12.49µm
m.u_conv3.u_weights._08730_,12.49µm
m.u_conv3.u_weights._09606_,12.49µm
m.u_conv3.u_weights._10666_,12.49µm
m.u_conv3.u_weights._13837_,12.49µm
m.u_tree._0710_,12.49µm
net2045,12.49µm
net2344,12.49µm
net2352,12.49µm
net2382,12.49µm
net2475,12.49µm
net2553,12.49µm
net2606,12.49µm
net2685,12.49µm
m.u_conv2.acc\[4\]\[4\],12.48µm
m.u_conv3.u_weights._02479_,12.48µm
m.u_conv3.u_weights._03799_,12.48µm
m.u_conv3.u_weights._07160_,12.48µm
m.u_conv3.u_weights._09143_,12.48µm
m.u_conv3.u_weights._09887_,12.48µm
m.u_conv3.u_weights._11433_,12.48µm
m.u_conv3.u_weights._12212_,12.48µm
m.u_conv3.u_weights._12506_,12.48µm
m.u_conv3.u_weights._13306_,12.48µm
m.u_pool2._171_,12.48µm
net2815,12.48µm
m.u_conv3.u_weights._04819_,12.475µm
m.u_conv3.u_weights._07347_,12.475µm
m.u_conv3.u_weights._11990_,12.475µm
m.u_conv3.u_weights._15349_,12.475µm
net1830,12.47µm
m.u_conv3.u_weights._02257_,12.465µm
m.u_conv3.u_weights._03986_,12.465µm
m.u_conv3.u_weights._08139_,12.465µm
m.u_conv3.u_weights._09160_,12.46µm
m.u_conv3.u_weights._08146_,12.455µm
m.u_conv3.u_weights._06039_,12.45µm
m.u_conv3.u_weights._07604_,12.45µm
m.u_conv3.u_weights._08645_,12.45µm
m.u_conv3.u_weights._11773_,12.45µm
m.u_conv3.u_weights._00010_,12.445µm
m.u_conv3.u_weights._15214_,12.445µm
m.u_conv3.u_weights._05660_,12.44µm
m.u_conv3.u_weights._07356_,12.44µm
m.u_conv3.u_weights._11666_,12.44µm
m.u_conv3.u_weights._11860_,12.44µm
m.u_conv3.u_weights._15081_,12.44µm
m.u_conv3.u_weights._05254_,12.435µm
m.u_conv3.u_weights._10963_,12.435µm
m.u_conv3.u_weights._12060_,12.435µm
m.sram_req_pool2\[7\],12.43µm
m.u_conv1.u_loader._050_,12.43µm
m.u_conv2._1356_,12.43µm
m.u_conv2._1526_,12.43µm
m.u_conv3.u_weights._01202_,12.43µm
m.u_conv3.u_weights._02557_,12.43µm
m.u_conv3.u_weights._03086_,12.43µm
m.u_conv3.u_weights._04410_,12.43µm
m.u_conv3.u_weights._04537_,12.43µm
m.u_conv3.u_weights._06518_,12.43µm
m.u_conv3.u_weights._11095_,12.43µm
m.u_conv3.u_weights._11756_,12.43µm
m.u_conv3.u_weights._11910_,12.43µm
m.u_conv3.u_weights._12579_,12.43µm
m.u_pool2._123_,12.43µm
m.u_tree._0305_,12.43µm
net2375,12.43µm
net2380,12.43µm
net2381,12.43µm
net2386,12.43µm
net2447,12.43µm
net2450,12.43µm
net2480,12.43µm
net2531,12.43µm
net2630,12.43µm
net2651,12.43µm
net2674,12.43µm
net2707,12.43µm
net2761,12.43µm
net2822,12.43µm
net2859,12.43µm
net3052,12.43µm
m.u_conv3.u_weights._05610_,12.425µm
m.u_conv1.u_weights._007_,12.42µm
m.u_conv2.acc\[12\]\[0\],12.42µm
m.u_conv3._125_,12.42µm
m.u_conv3.u_weights._00507_,12.42µm
m.u_conv3.u_weights._00891_,12.42µm
m.u_conv3.u_weights._03121_,12.42µm
m.u_conv3.u_weights._06420_,12.42µm
m.u_conv3.u_weights._08189_,12.42µm
m.u_conv3.u_weights._08760_,12.42µm
m.u_conv3.u_weights._10710_,12.42µm
m.u_conv3.u_weights._15566_,12.42µm
m.u_conv2.u_weights._282_,12.415µm
m.u_conv3.u_weights._00421_,12.415µm
m.u_conv3.u_weights._04888_,12.415µm
m.u_conv3.u_weights._05669_,12.415µm
m.u_conv3.u_weights._06757_,12.415µm
m.u_conv3.u_weights._08530_,12.415µm
m.u_conv3.u_weights._09656_,12.415µm
m.u_conv3.u_weights._11045_,12.415µm
m.u_mnist_loader._09_,12.415µm
m.u_conv2._0326_,12.405µm
m.u_conv2._0423_,12.405µm
m.u_conv3.u_weights._10016_,12.4µm
m.u_conv3.u_weights._13191_,12.4µm
m.u_conv3.u_weights._07892_,12.395µm
m.u_conv2._0862_,12.39µm
m.u_conv3._095_,12.39µm
m.u_conv3.u_weights._03697_,12.39µm
m.u_conv3.u_weights._05592_,12.39µm
m.u_conv3.u_weights._07038_,12.39µm
m.u_conv3.u_weights._07925_,12.39µm
m.u_conv3.u_weights._08067_,12.39µm
m.u_conv3.u_weights._00573_,12.385µm
m.u_conv3.u_weights._03938_,12.385µm
m.u_conv3.u_weights._03998_,12.385µm
m.u_tree._1348_,12.385µm
m.u_conv2.acc\[41\]\[2\],12.38µm
m.u_conv3.u_weights._03227_,12.38µm
m.u_conv3.u_weights._05438_,12.38µm
m.u_conv3.u_weights._06950_,12.38µm
m.u_conv3.u_weights._08415_,12.38µm
m.u_conv3.u_weights._10305_,12.38µm
m.u_pool1._140_,12.38µm
m.u_conv1.u_loader._343_,12.375µm
m.u_conv3.u_weights._11830_,12.375µm
m.u_conv3.u_weights._00918_,12.37µm
m.u_conv3.u_weights._02132_,12.37µm
m.u_conv3.u_weights._04698_,12.37µm
m.u_conv3.u_weights._05243_,12.37µm
m.u_conv3.u_weights._09043_,12.37µm
m.u_conv3.u_weights._10661_,12.37µm
m.u_conv3.u_weights._11289_,12.37µm
m.u_conv3.u_weights._13149_,12.37µm
m.u_conv3.u_weights._13551_,12.37µm
m.u_conv3.u_weights._14347_,12.37µm
m.u_conv3.u_weights._14741_,12.37µm
m.u_tree._1552_,12.37µm
net2880,12.37µm
m.u_conv3.u_weights._01509_,12.365µm
m.u_conv3.u_weights._09292_,12.365µm
net2143,12.36µm
m.u_conv1.u_loader._296_,12.36µm
m.u_conv2.u_weights._250_,12.36µm
m.u_conv3.u_weights._02937_,12.36µm
m.u_conv3.u_weights._03792_,12.36µm
m.u_conv3.u_weights._04430_,12.36µm
m.u_conv3.u_weights._04730_,12.36µm
m.u_conv3.u_weights._10462_,12.36µm
m.u_conv3.u_weights._14258_,12.36µm
m.u_conv3.u_weights._14865_,12.36µm
m.u_conv3.u_weights._15024_,12.36µm
m.u_conv2.u_loader.state\[7\],12.355µm
m.u_conv2.u_weights._280_,12.355µm
m.u_conv3.u_weights._02827_,12.355µm
m.u_conv3.u_weights._04726_,12.355µm
m.u_conv3.u_weights._06534_,12.355µm
m.u_conv3.u_weights._09281_,12.355µm
m.u_conv3.u_weights._10166_,12.355µm
m.u_conv3.u_weights._11904_,12.355µm
m.u_conv3.u_weights._13820_,12.355µm
m.u_conv3.u_weights._14312_,12.355µm
m.u_conv3.u_weights._15354_,12.355µm
m.u_conv3.u_weights._15570_,12.355µm
m.u_conv3.u_weights._03674_,12.35µm
m.u_conv3.u_weights._12490_,12.35µm
m.u_conv3.u_weights._01629_,12.345µm
m.u_conv3.u_weights._13952_,12.345µm
m.u_conv3.u_weights._00517_,12.34µm
m.u_conv3.u_weights._01541_,12.34µm
m.u_conv3.u_weights._03811_,12.34µm
m.u_conv3.u_weights._03931_,12.34µm
m.u_conv3.u_weights._08162_,12.34µm
m.u_conv3.u_weights._12598_,12.34µm
m.u_conv3.u_weights._12978_,12.33µm
m.pool1_done,12.325µm
m.u_conv1.u_loader._213_,12.325µm
m.u_conv3.u_weights._01708_,12.325µm
m.u_conv3.u_weights._02046_,12.325µm
m.u_conv3.u_weights._00023_,12.32µm
m.u_conv3.u_weights._02053_,12.32µm
m.u_conv3.u_weights._02075_,12.32µm
m.u_conv3.u_weights._02307_,12.32µm
m.u_conv3.u_weights._04983_,12.32µm
m.u_conv3.u_weights._05007_,12.32µm
m.u_conv3.u_weights._08046_,12.32µm
m.u_conv3.u_weights._11274_,12.32µm
m.u_conv3.u_weights._13526_,12.32µm
m.u_conv3.u_weights._14174_,12.32µm
m.u_conv2.u_weights._294_,12.31µm
m.u_conv3.u_weights._00848_,12.31µm
m.u_conv3.u_weights._01006_,12.31µm
m.u_conv3.u_weights._01982_,12.31µm
m.u_conv3.u_weights._03810_,12.31µm
m.u_conv3.u_weights._06727_,12.31µm
m.u_conv3.u_weights._07732_,12.31µm
m.u_conv3.u_weights._15033_,12.31µm
m.u_conv3.u_weights._08509_,12.305µm
m.u_conv3.u_weights._11224_,12.305µm
m.u_conv3.u_weights._13042_,12.305µm
m.u_conv2.acc\[2\]\[1\],12.3µm
m.u_conv2.acc\[47\]\[5\],12.3µm
m.u_conv2.u_weights._191_,12.3µm
m.u_conv3.u_weights._01354_,12.3µm
m.u_conv3.u_weights._03668_,12.3µm
m.u_conv3.u_weights._05828_,12.3µm
m.u_conv3.u_weights._06349_,12.3µm
m.u_conv3.u_weights._08024_,12.3µm
m.u_conv3.u_weights._08268_,12.3µm
m.u_conv3.u_weights._10341_,12.3µm
m.u_conv1._158_,12.295µm
m.u_conv2.acc\[33\]\[1\],12.295µm
m.u_conv3.u_weights._05806_,12.295µm
m.u_conv3.u_weights._10568_,12.29µm
m.u_conv3.u_weights._02658_,12.285µm
m.u_conv3.u_weights._08097_,12.285µm
m.u_conv3.u_weights._10448_,12.285µm
m.u_conv1._145_,12.28µm
m.u_conv3.u_weights._09265_,12.28µm
m.u_conv3.u_weights._11991_,12.28µm
m.u_conv3.u_weights._04276_,12.27µm
m.u_conv3.u_weights._11749_,12.265µm
m.u_conv2._1027_,12.26µm
m.u_conv2.u_weights._143_,12.26µm
m.u_conv3.u_weights._01144_,12.26µm
m.u_conv3.u_weights._04928_,12.26µm
m.u_conv3.u_weights._08341_,12.26µm
m.u_conv3.u_weights._11250_,12.26µm
m.u_conv3.u_weights._11309_,12.26µm
m.u_conv3.u_weights._11906_,12.26µm
m.u_conv3.u_weights._13360_,12.26µm
m.u_pool2.bot_bit0\[2\],12.26µm
net2555,12.26µm
net2785,12.26µm
net2971,12.26µm
net2990,12.26µm
m.u_tree._0898_,12.255µm
m.u_conv1.u_loader._351_,12.25µm
m.u_conv2._0321_,12.25µm
m.u_conv2._0887_,12.25µm
m.u_conv2.acc\[16\]\[1\],12.25µm
m.u_conv2.u_loader._247_,12.25µm
m.u_conv2.u_loader._351_,12.25µm
m.u_conv2.u_weights._123_,12.25µm
m.u_conv3.u_weights._00512_,12.25µm
m.u_conv3.u_weights._02392_,12.25µm
m.u_conv3.u_weights._02399_,12.25µm
m.u_conv3.u_weights._02847_,12.25µm
m.u_conv3.u_weights._03082_,12.25µm
m.u_conv3.u_weights._03107_,12.25µm
m.u_conv3.u_weights._04242_,12.25µm
m.u_conv3.u_weights._04597_,12.25µm
m.u_conv3.u_weights._04627_,12.25µm
m.u_conv3.u_weights._05936_,12.25µm
m.u_conv3.u_weights._06511_,12.25µm
m.u_conv3.u_weights._06576_,12.25µm
m.u_conv3.u_weights._09767_,12.25µm
m.u_conv3.u_weights._10752_,12.25µm
m.u_conv3.u_weights._11290_,12.25µm
m.u_conv3.u_weights._11476_,12.25µm
m.u_conv3.u_weights._12169_,12.25µm
m.u_conv3.u_weights._13089_,12.25µm
m.u_conv3.u_weights._13147_,12.25µm
m.u_conv3.u_weights._13181_,12.25µm
m.u_conv3.u_weights._13255_,12.25µm
m.u_conv3.u_weights._14751_,12.25µm
m.u_conv3.u_weights._15587_,12.25µm
m.u_tree._1115_,12.25µm
net1964,12.25µm
m.u_conv3.u_weights._02028_,12.245µm
m.u_conv3.u_weights._07391_,12.245µm
m.u_conv1.u_weights._001_,12.24µm
m.u_conv2.u_weights._082_,12.24µm
m.u_conv3.u_weights._01406_,12.24µm
m.u_conv3.u_weights._01506_,12.24µm
m.u_conv3.u_weights._02558_,12.24µm
m.u_conv3.u_weights._02925_,12.24µm
m.u_conv3.u_weights._03405_,12.24µm
m.u_conv3.u_weights._04319_,12.24µm
m.u_conv3.u_weights._04355_,12.24µm
m.u_conv3.u_weights._05056_,12.24µm
m.u_conv3.u_weights._07717_,12.24µm
m.u_conv3.u_weights._08589_,12.24µm
m.u_conv3.u_weights._12298_,12.24µm
m.u_conv3.u_weights._13871_,12.24µm
m.u_conv3.u_weights._15582_,12.24µm
m.u_tree._0903_,12.24µm
m.u_tree._1271_,12.24µm
m.u_conv2.u_loader._362_,12.235µm
m.u_conv3.u_weights._03555_,12.235µm
m.u_conv3.u_weights._06392_,12.235µm
m.u_conv3.u_weights._08307_,12.235µm
m.u_conv3.u_weights._15732_,12.235µm
m.u_conv3.u_weights._10254_,12.22µm
m.u_conv3.u_weights._00349_,12.215µm
m.u_conv2.acc\[57\]\[3\],12.21µm
m.u_conv3.u_weights._08445_,12.21µm
m.u_conv3.u_weights._08922_,12.21µm
m.u_conv2.acc\[55\]\[4\],12.205µm
m.u_conv3.u_weights._06584_,12.205µm
m.u_conv3.u_weights._15080_,12.205µm
m.u_conv2.acc\[48\]\[1\],12.2µm
m.u_conv3.u_weights._04548_,12.2µm
m.u_conv3.u_weights._12089_,12.2µm
m.u_conv3.u_weights._13702_,12.2µm
m.u_conv3.u_weights._14783_,12.2µm
m.u_conv3.u_weights._04999_,12.195µm
m.u_conv2._0186_,12.19µm
m.u_conv2._0520_,12.19µm
m.u_conv2._1463_,12.19µm
m.u_conv2.acc\[6\]\[3\],12.19µm
m.u_conv2.u_weights._223_,12.19µm
m.u_conv3.u_weights._00058_,12.19µm
m.u_conv3.u_weights._01635_,12.19µm
m.u_conv3.u_weights._01980_,12.19µm
m.u_conv3.u_weights._04798_,12.19µm
m.u_conv3.u_weights._04821_,12.19µm
m.u_conv3.u_weights._08205_,12.19µm
m.u_conv3.u_weights._08538_,12.19µm
m.u_conv3.u_weights._11503_,12.19µm
m.u_tree._0938_,12.19µm
m.u_tree._1136_,12.19µm
m.u_tree._1422_,12.19µm
m.u_conv3.u_weights._04521_,12.185µm
m.u_conv3.u_weights._08561_,12.18µm
m.u_conv3.u_weights._11239_,12.18µm
m.u_conv3.u_weights._15325_,12.18µm
m.u_conv3.u_weights._02565_,12.175µm
m.u_conv3.u_weights._05184_,12.175µm
m.u_conv3.u_weights._10414_,12.175µm
m.u_conv3.u_weights._05126_,12.165µm
m.u_conv2.acc\[5\]\[6\],12.16µm
m.u_conv2.u_loader._298_,12.16µm
net,12.16µm
m.u_conv3.u_weights._01831_,12.155µm
m.u_conv3.u_weights._01490_,12.15µm
m.u_conv3.u_weights._01522_,12.15µm
m.u_conv3.u_weights._03525_,12.15µm
m.u_conv3.u_weights._13347_,12.15µm
m.u_conv3.u_weights._14386_,12.15µm
m.u_tree._0512_,12.15µm
m.u_tree._1468_,12.15µm
m.u_conv2.acc\[27\]\[0\],12.145µm
m.u_conv3.u_weights._14467_,12.145µm
m.u_conv3.u_weights._15185_,12.145µm
m.u_conv3.u_weights._00466_,12.14µm
m.u_conv3.u_weights._12085_,12.14µm
m.u_conv3.u_weights._15060_,12.14µm
m.u_conv3.u_weights._15165_,12.14µm
net2896,12.14µm
m.u_conv3.u_weights._06718_,12.135µm
m.u_conv2._0624_,12.13µm
m.u_conv2.acc\[40\]\[0\],12.13µm
m.u_conv2.u_loader._066_,12.13µm
m.u_conv3.u_weights._00944_,12.13µm
m.u_conv3.u_weights._01107_,12.13µm
m.u_conv3.u_weights._02850_,12.13µm
m.u_conv3.u_weights._02986_,12.13µm
m.u_conv3.u_weights._03300_,12.13µm
m.u_conv3.u_weights._08494_,12.13µm
m.u_conv3.u_weights._08710_,12.13µm
m.u_conv3.u_weights._10102_,12.13µm
m.u_conv3.u_weights._11404_,12.13µm
m.u_conv3.u_weights._11912_,12.13µm
m.u_conv3.u_weights._12518_,12.13µm
m.u_conv3.u_weights._12543_,12.13µm
m.u_conv3.u_weights._14074_,12.13µm
m.u_conv3.u_weights._15151_,12.13µm
m.u_tree._0568_,12.13µm
m.u_tree._1336_,12.13µm
m.u_conv3.u_weights._14256_,12.125µm
m.u_conv3.u_weights._00685_,12.12µm
m.u_conv3.u_weights._01733_,12.12µm
m.u_conv3.u_weights._02011_,12.12µm
m.u_conv3.u_weights._03030_,12.12µm
m.u_conv3.u_weights._05245_,12.12µm
m.u_conv3.u_weights._05766_,12.12µm
m.u_conv3.u_weights._10598_,12.12µm
m.u_conv3.u_weights._12560_,12.12µm
m.u_conv3.u_weights._12570_,12.12µm
m.u_conv3.u_weights._13086_,12.12µm
m.u_conv3.u_weights._14565_,12.12µm
net2496,12.12µm
m.u_conv3.u_weights._00635_,12.115µm
m.u_conv3.u_weights._05087_,12.115µm
net1837,12.11µm
m.u_conv3.u_weights._08136_,12.105µm
m.u_conv2.u_loader._156_,12.1µm
m.u_conv3.u_weights._03182_,12.1µm
m.u_conv3.u_weights._04173_,12.095µm
m.u_conv3.u_weights._12028_,12.095µm
m.u_conv3.u_weights._15606_,12.095µm
m.u_conv3.u_weights._00795_,12.09µm
m.u_conv3.u_weights._05583_,12.09µm
m.u_conv3.u_weights._07780_,12.09µm
m.u_conv3.u_weights._09879_,12.09µm
m.u_conv3.u_weights._14184_,12.09µm
m.u_conv3.u_weights._00809_,12.085µm
m.u_conv3.u_weights._05036_,12.085µm
m.u_conv3.u_weights._08485_,12.08µm
m.u_conv3.u_weights._09809_,12.08µm
m.u_conv3.u_weights._10088_,12.08µm
m.u_conv3.u_weights._11108_,12.08µm
m.u_conv3.u_weights._11395_,12.08µm
m.u_conv3.u_weights._12977_,12.08µm
m.u_conv3.u_weights._09854_,12.075µm
m.u_conv3.u_weights._10176_,12.075µm
net2341,12.075µm
m.u_conv2.acc\[28\]\[5\],12.07µm
m.u_conv2.u_weights._183_,12.07µm
m.u_conv3.u_weights._00557_,12.07µm
m.u_conv3.u_weights._03143_,12.07µm
m.u_conv3.u_weights._03260_,12.07µm
m.u_conv3.u_weights._09633_,12.07µm
m.u_conv3.u_weights._11399_,12.07µm
m.u_conv3.u_weights._12519_,12.07µm
m.u_conv3.u_weights._13206_,12.07µm
m.u_conv3.u_weights._15609_,12.07µm
net2920,12.07µm
m.u_conv2.acc\[34\]\[1\],12.065µm
m.u_conv3.u_weights._05005_,12.065µm
m.u_conv3.u_weights._06480_,12.065µm
m.u_conv2._1016_,12.06µm
m.u_conv3.u_weights._05163_,12.06µm
m.u_conv3.u_weights._09262_,12.06µm
m.u_conv3.u_weights._12103_,12.06µm
m.u_conv3.u_weights._12327_,12.06µm
m.u_conv3.u_weights._12368_,12.06µm
m.u_conv3.u_weights._13924_,12.06µm
m.u_tree._1116_,12.06µm
net2055,12.06µm
net2605,12.06µm
net1838,12.05µm
m.u_conv3.u_weights._11349_,12.05µm
m.u_conv3.u_weights._02134_,12.04µm
m.u_conv3.u_weights._02888_,12.04µm
m.u_conv3.u_weights._04322_,12.04µm
m.u_conv2._0312_,12.035µm
m.u_conv3.u_weights._02383_,12.035µm
m.u_conv3.u_weights._05751_,12.035µm
m.u_conv3.u_weights._10556_,12.035µm
m.u_conv3.u_weights._00980_,12.03µm
m.u_conv3.u_weights._01626_,12.03µm
m.u_conv3.u_weights._07476_,12.03µm
m.u_conv3.u_weights._10803_,12.03µm
m.u_pool1._099_,12.03µm
m.u_tree._0907_,12.03µm
m.u_conv3.u_weights._01295_,12.025µm
m.u_conv3.u_weights._11864_,12.025µm
m.u_conv3.u_weights._13445_,12.025µm
m.u_conv3.u_weights._07410_,12.02µm
m.u_conv3.u_weights._07707_,12.02µm
m.u_conv2.acc\[56\]\[0\],12.01µm
m.u_conv3.u_weights._01942_,12.01µm
m.u_conv3.u_weights._03459_,12.01µm
m.u_conv3.u_weights._03677_,12.01µm
m.u_conv3.u_weights._05225_,12.01µm
m.u_conv3.u_weights._05249_,12.01µm
m.u_conv3.u_weights._05707_,12.01µm
m.u_conv3.u_weights._05984_,12.01µm
m.u_conv3.u_weights._06764_,12.01µm
m.u_conv3.u_weights._07348_,12.01µm
m.u_conv3.u_weights._08843_,12.01µm
m.u_conv3.u_weights._10047_,12.01µm
m.u_conv3.u_weights._10417_,12.01µm
m.u_conv3.u_weights._12567_,12.01µm
m.u_conv3.u_weights._12646_,12.01µm
m.u_conv3.u_weights._13798_,12.01µm
m.u_conv3.u_weights._13826_,12.01µm
m.u_conv3.u_weights._14844_,12.01µm
m.u_conv3.u_weights._15036_,12.01µm
net2369,12.01µm
net2373,12.01µm
net2465,12.01µm
net2485,12.01µm
net2617,12.01µm
net2631,12.01µm
net2796,12.01µm
m.u_conv1.u_loader._084_,12µm
m.u_conv2._0931_,12µm
m.u_conv3.u_weights._00195_,12µm
m.u_conv3.u_weights._04125_,12µm
m.u_conv3.u_weights._04586_,12µm
m.u_conv3.u_weights._06954_,12µm
m.u_conv3.u_weights._07399_,12µm
m.u_conv3.u_weights._07567_,12µm
m.u_conv3.u_weights._08081_,12µm
m.u_conv3.u_weights._08135_,12µm
m.u_conv3.u_weights._09291_,12µm
m.u_conv3.u_weights._09664_,12µm
m.u_conv3.u_weights._10961_,12µm
m.u_conv3.u_weights._13368_,12µm
m.u_conv3.u_weights._14810_,12µm
m.u_conv1.u_weights._128_,11.985µm
m.u_conv3.u_weights._01904_,11.985µm
m.u_conv3.u_weights._03342_,11.985µm
m.u_conv3.u_weights._12495_,11.985µm
m.u_conv3.u_weights._04760_,11.975µm
m.u_conv3.u_weights._15145_,11.975µm
m.u_conv3.u_weights._11622_,11.97µm
m.u_conv3.u_weights._11623_,11.97µm
m.u_conv3.u_weights._11905_,11.97µm
m.u_conv3.u_weights._14226_,11.97µm
m.u_conv3.u_weights._04033_,11.96µm
m.u_conv3.u_weights._07911_,11.96µm
m.u_conv3.u_weights._05875_,11.955µm
m.u_conv2._0948_,11.95µm
m.u_conv2._1344_,11.95µm
m.u_conv2.u_loader._420_,11.95µm
m.u_conv3.u_weights._01932_,11.95µm
m.u_conv3.u_weights._07086_,11.95µm
m.u_conv3.u_weights._07463_,11.95µm
m.u_conv3.u_weights._10460_,11.95µm
m.u_conv3.u_weights._13966_,11.95µm
m.u_conv3.u_weights._15460_,11.95µm
net2336,11.95µm
net2392,11.95µm
net2463,11.95µm
net2618,11.95µm
net2701,11.95µm
m.u_conv2.u_weights._313_,11.94µm
m.u_conv3.u_weights._02215_,11.94µm
m.u_conv3.u_weights._02238_,11.94µm
m.u_conv3.u_weights._03235_,11.94µm
m.u_conv3.u_weights._06461_,11.94µm
m.u_conv3.u_weights._07924_,11.94µm
m.u_conv3.u_weights._09330_,11.94µm
m.u_conv3.u_weights._02014_,11.935µm
m.u_conv3.u_weights._03984_,11.935µm
m.u_conv3.u_weights._04181_,11.935µm
m.u_conv3.u_weights._05921_,11.935µm
m.u_conv3.u_weights._09172_,11.935µm
m.u_conv3.u_weights._13773_,11.935µm
m.u_conv3.u_weights._14416_,11.935µm
m.u_conv3.u_weights._05998_,11.93µm
m.u_conv3.u_weights._09723_,11.93µm
m.u_conv3.u_weights._14870_,11.93µm
m.u_conv2._0402_,11.925µm
m.u_conv3.u_weights._08726_,11.925µm
m.u_conv1.u_weights._061_,11.92µm
m.u_conv3.u_weights._13723_,11.915µm
m.u_conv3.u_weights._09370_,11.91µm
m.u_conv3.u_weights._09591_,11.91µm
m.u_conv3.u_weights._13638_,11.91µm
m.u_conv3.u_weights._01068_,11.905µm
m.u_conv3.u_weights._06693_,11.905µm
m.u_conv3.u_weights._14616_,11.905µm
m.u_conv3.u_weights._15373_,11.905µm
m.u_conv3.u_weights._02349_,11.9µm
m.u_conv3.u_weights._02994_,11.9µm
m.u_conv3.u_weights._08425_,11.9µm
m.u_conv3.u_weights._08869_,11.9µm
m.u_conv3.u_weights._13265_,11.9µm
m.u_conv3.u_weights._14578_,11.9µm
m.u_tree._0671_,11.9µm
m.u_tree._1003_,11.9µm
m.u_conv3.u_weights._11200_,11.895µm
m.u_conv2.u_weights._181_,11.89µm
m.u_conv3.u_weights._00184_,11.89µm
m.u_conv3.u_weights._00490_,11.89µm
m.u_conv3.u_weights._01538_,11.89µm
m.u_conv3.u_weights._02044_,11.89µm
m.u_conv3.u_weights._02796_,11.89µm
m.u_conv3.u_weights._03531_,11.89µm
m.u_conv3.u_weights._03834_,11.89µm
m.u_conv3.u_weights._04958_,11.89µm
m.u_conv3.u_weights._05645_,11.89µm
m.u_conv3.u_weights._05757_,11.89µm
m.u_conv3.u_weights._06624_,11.89µm
m.u_conv3.u_weights._11955_,11.89µm
m.u_conv3.u_weights._12193_,11.89µm
m.u_conv3.u_weights._12315_,11.89µm
m.u_conv3.u_weights._12948_,11.89µm
m.u_conv3.u_weights._13916_,11.89µm
m.u_conv3.u_weights._14162_,11.89µm
m.u_conv3.u_weights._14943_,11.89µm
m.u_pool1._070_,11.89µm
m.u_tree._0270_,11.89µm
m.u_conv2.acc\[14\]\[5\],11.885µm
m.u_tree._1164_,11.885µm
m.u_conv1.u_loader._172_,11.88µm
m.u_conv2._0600_,11.88µm
m.u_conv2.acc\[4\]\[2\],11.88µm
m.u_conv2.u_weights._066_,11.88µm
m.u_conv3.u_weights._03956_,11.88µm
m.u_conv3.u_weights._06404_,11.88µm
m.u_conv3.u_weights._07221_,11.88µm
m.u_conv3.u_weights._07357_,11.88µm
m.u_conv3.u_weights._07810_,11.88µm
m.u_conv3.u_weights._08166_,11.88µm
m.u_conv3.u_weights._08861_,11.88µm
m.u_conv3.u_weights._12699_,11.88µm
m.u_conv3.u_weights._14803_,11.88µm
m.u_conv3.u_weights._15490_,11.88µm
m.u_tree._0738_,11.88µm
m.u_tree._1210_,11.88µm
m.sram_req_pool2\[0\],11.875µm
m.u_conv2.u_loader._424_,11.875µm
m.u_conv3.u_weights._02471_,11.875µm
m.u_conv3.u_weights._02781_,11.875µm
m.u_conv3.u_weights._03689_,11.875µm
m.u_conv3.u_weights._04519_,11.875µm
m.u_conv3.u_weights._05435_,11.875µm
m.u_conv3.u_weights._10986_,11.875µm
m.u_conv3.u_weights._14405_,11.875µm
net2424,11.875µm
net2732,11.875µm
m.u_conv2.u_loader._091_,11.865µm
m.u_conv2.u_loader._414_,11.865µm
m.u_conv3.u_weights._10935_,11.865µm
m.u_conv2._0860_,11.86µm
m.u_conv3.u_weights._05078_,11.86µm
m.u_conv3.u_weights._06418_,11.86µm
m.u_conv3.u_weights._08226_,11.86µm
m.u_conv3.u_weights._10031_,11.86µm
m.u_conv3.u_weights._10678_,11.86µm
m.u_conv3.u_weights._12098_,11.86µm
m.u_conv3.u_weights._02820_,11.85µm
m.u_conv3.u_weights._09596_,11.85µm
m.u_tree._1411_,11.85µm
m.u_conv1.u_loader._290_,11.845µm
m.u_conv3.u_weights._07147_,11.845µm
m.u_conv3.u_weights._07990_,11.845µm
m.u_conv3.u_weights._00290_,11.84µm
m.u_conv3.u_weights._00452_,11.84µm
m.u_conv3.u_weights._00496_,11.84µm
m.u_conv3.u_weights._00774_,11.84µm
m.u_conv3.u_weights._01290_,11.84µm
m.u_conv3.u_weights._01840_,11.84µm
m.u_conv3.u_weights._04403_,11.84µm
m.u_conv3.u_weights._04783_,11.84µm
m.u_conv3.u_weights._05149_,11.84µm
m.u_conv3.u_weights._05222_,11.84µm
m.u_conv3.u_weights._06532_,11.84µm
m.u_conv3.u_weights._08356_,11.84µm
m.u_conv3.u_weights._08987_,11.84µm
m.u_conv3.u_weights._11670_,11.84µm
m.u_conv3.u_weights._13877_,11.84µm
m.u_conv3.u_weights._14084_,11.84µm
m.u_conv3.u_weights._14598_,11.84µm
m.u_conv3.u_weights._02405_,11.835µm
m.u_conv2._0883_,11.83µm
m.u_conv2.acc\[54\]\[1\],11.83µm
m.u_conv2.u_loader._123_,11.83µm
m.u_conv2.u_weights._343_,11.83µm
m.u_conv3.u_weights._00310_,11.83µm
m.u_conv3.u_weights._01612_,11.83µm
m.u_conv3.u_weights._02361_,11.83µm
m.u_conv3.u_weights._02879_,11.83µm
m.u_conv3.u_weights._03240_,11.83µm
m.u_conv3.u_weights._03861_,11.83µm
m.u_conv3.u_weights._08161_,11.83µm
m.u_conv3.u_weights._08410_,11.83µm
m.u_conv3.u_weights._08827_,11.83µm
m.u_conv3.u_weights._09367_,11.83µm
m.u_conv3.u_weights._09973_,11.83µm
m.u_conv3.u_weights._11347_,11.83µm
net2178,11.825µm
m.u_conv1._000_,11.82µm
m.u_conv3.u_weights._03359_,11.82µm
m.u_conv3.u_weights._03439_,11.82µm
m.u_conv3.u_weights._04197_,11.82µm
m.u_conv3.u_weights._06197_,11.82µm
m.u_conv3.u_weights._07053_,11.82µm
m.u_conv3.u_weights._08056_,11.82µm
m.u_conv3.u_weights._10853_,11.82µm
m.u_conv3.u_weights._15610_,11.82µm
m.u_conv3.u_weights._02444_,11.815µm
m.u_conv3.u_weights._02946_,11.815µm
m.u_conv3.u_weights._03141_,11.815µm
m.u_conv3.u_weights._05810_,11.815µm
m.u_conv3.u_weights._08568_,11.815µm
m.u_conv3.u_weights._15346_,11.815µm
m.u_tree._1526_,11.815µm
m.u_conv3.u_weights._01263_,11.81µm
m.u_conv3.u_weights._05560_,11.81µm
m.u_conv3.u_weights._14954_,11.81µm
m.u_conv3.u_weights._00772_,11.8µm
m.u_conv3.u_weights._07265_,11.79µm
m.u_conv3.u_weights._10999_,11.79µm
m.u_conv3.u_weights._11353_,11.79µm
m.u_conv3.u_weights._13029_,11.79µm
m.u_conv3.u_weights._15412_,11.79µm
m.u_conv3.u_weights._00921_,11.785µm
m.u_conv3.u_weights._06051_,11.785µm
m.u_conv3.u_weights._10214_,11.785µm
m.u_conv3.u_weights._10976_,11.785µm
m.u_conv3.u_weights._13819_,11.785µm
m.u_conv3.u_weights._14223_,11.785µm
m.u_tree._0169_,11.785µm
m.u_conv2.u_loader._135_,11.78µm
m.u_conv2.u_weights._169_,11.78µm
m.u_conv3.u_weights._03657_,11.78µm
m.u_conv3.u_weights._05455_,11.78µm
m.u_conv3.u_weights._05655_,11.78µm
m.u_conv3.u_weights._05662_,11.78µm
m.u_conv3.u_weights._07896_,11.78µm
m.u_conv3.u_weights._08191_,11.78µm
m.u_conv3.u_weights._11118_,11.78µm
m.u_conv3.u_weights._12065_,11.78µm
m.u_conv3.u_weights._12590_,11.78µm
m.u_tree._0693_,11.78µm
net2952,11.78µm
net2975,11.78µm
m.u_conv1._177_,11.775µm
m.u_conv2.acc\[38\]\[3\],11.775µm
m.u_conv1.u_weights._047_,11.77µm
m.u_conv2._1379_,11.77µm
m.u_conv2.acc\[24\]\[2\],11.77µm
m.u_conv2.acc\[49\]\[6\],11.77µm
m.u_conv3._131_,11.77µm
m.u_conv3.u_weights._02237_,11.77µm
m.u_conv3.u_weights._02646_,11.77µm
m.u_conv3.u_weights._02882_,11.77µm
m.u_conv3.u_weights._03000_,11.77µm
m.u_conv3.u_weights._03520_,11.77µm
m.u_conv3.u_weights._03558_,11.77µm
m.u_conv3.u_weights._04007_,11.77µm
m.u_conv3.u_weights._04853_,11.77µm
m.u_conv3.u_weights._05019_,11.77µm
m.u_conv3.u_weights._06683_,11.77µm
m.u_conv3.u_weights._07340_,11.77µm
m.u_conv3.u_weights._08241_,11.77µm
m.u_conv3.u_weights._08605_,11.77µm
m.u_conv3.u_weights._09010_,11.77µm
m.u_conv3.u_weights._09050_,11.77µm
m.u_conv3.u_weights._09282_,11.77µm
m.u_conv3.u_weights._10679_,11.77µm
m.u_conv3.u_weights._10992_,11.77µm
m.u_conv3.u_weights._11342_,11.77µm
m.u_conv3.u_weights._12018_,11.77µm
m.u_conv3.u_weights._13135_,11.77µm
m.u_conv3.u_weights._15737_,11.77µm
m.u_conv3.u_weights._01181_,11.765µm
m.u_conv3.u_weights._04357_,11.765µm
m.u_conv3.u_weights._12135_,11.765µm
m.u_conv1.u_loader._339_,11.76µm
m.u_conv2._1093_,11.76µm
m.u_conv3.u_weights._00862_,11.76µm
m.u_conv3.u_weights._01617_,11.76µm
m.u_conv3.u_weights._02146_,11.76µm
m.u_conv3.u_weights._04287_,11.76µm
m.u_conv3.u_weights._08964_,11.76µm
m.u_conv3.u_weights._09308_,11.76µm
m.u_conv3.u_weights._10023_,11.76µm
m.u_conv3.u_weights._10101_,11.76µm
m.u_conv3.u_weights._10520_,11.76µm
m.u_conv3.u_weights._10546_,11.76µm
m.u_conv3.u_weights._12202_,11.76µm
m.u_conv3.u_weights._13217_,11.76µm
m.u_conv3.u_weights._13909_,11.76µm
m.u_conv3.u_weights._14207_,11.76µm
m.u_conv3.u_weights._14668_,11.76µm
m.u_tree._1509_,11.76µm
m.u_conv2.u_loader._119_,11.755µm
m.u_conv3.u_weights._09289_,11.755µm
m.u_conv3.u_weights._14484_,11.755µm
m.u_conv3.u_weights._15456_,11.755µm
m.u_conv3.u_weights._02378_,11.75µm
m.u_conv3.u_weights._05856_,11.74µm
m.u_conv2.u_loader._216_,11.73µm
m.u_conv3.u_weights._04641_,11.73µm
m.u_conv3.u_weights._06383_,11.73µm
m.u_conv3.u_weights._13145_,11.73µm
net2329,11.73µm
m.u_conv2.acc\[8\]\[2\],11.725µm
m.u_conv1._066_,11.72µm
m.u_conv3.u_weights._04774_,11.72µm
m.u_conv3.u_weights._08111_,11.72µm
m.u_conv3.u_weights._09601_,11.72µm
m.u_conv3.u_weights._13070_,11.72µm
m.u_conv3.u_weights._13127_,11.72µm
m.u_conv2.u_weights._324_,11.71µm
m.u_conv3.u_weights._01501_,11.71µm
m.u_conv3.u_weights._03217_,11.71µm
m.u_conv3.u_weights._05966_,11.71µm
m.u_conv3.u_weights._06517_,11.71µm
m.u_conv3.u_weights._08963_,11.71µm
m.u_conv3.u_weights._11372_,11.71µm
m.u_conv3.u_weights._12283_,11.71µm
m.u_conv3.u_weights._13398_,11.71µm
m.u_conv3.u_weights._14600_,11.71µm
m.u_tree._0058_,11.71µm
m.u_tree._0081_,11.71µm
m.u_tree._0346_,11.71µm
m.u_tree._1163_,11.71µm
m.u_conv3.u_weights._00011_,11.705µm
m.u_conv3.u_weights._01842_,11.705µm
m.u_conv3.u_weights._07126_,11.705µm
m.u_conv3.u_weights._12198_,11.705µm
m.u_conv3.u_weights._14375_,11.705µm
m.u_conv3.u_weights._01112_,11.7µm
m.u_conv3.u_weights._03869_,11.7µm
m.u_conv3.u_weights._04949_,11.7µm
m.u_conv3.u_weights._08050_,11.7µm
m.u_conv3.u_weights._12174_,11.7µm
m.u_conv3.u_weights._05090_,11.695µm
m.u_conv3.u_weights._06365_,11.695µm
m.u_tree._1490_,11.695µm
m.u_conv3.u_weights._11092_,11.685µm
net1904,11.685µm
net1968,11.685µm
m.u_conv3.u_weights._01284_,11.67µm
m.u_conv3.u_weights._05248_,11.67µm
m.u_conv3.u_weights._06579_,11.67µm
m.u_conv3.u_weights._07364_,11.67µm
m.u_conv3.u_weights._07967_,11.67µm
m.u_conv3.u_weights._08030_,11.67µm
m.u_conv3.u_weights._08693_,11.67µm
m.u_conv3.u_weights._14512_,11.67µm
m.u_conv3.u_weights._14555_,11.67µm
m.u_conv3.u_weights._15372_,11.67µm
uo_out[1],11.67µm
m.u_conv2.acc\[0\]\[4\],11.665µm
m.u_conv2.acc\[26\]\[3\],11.665µm
m.u_conv3.u_weights._00976_,11.665µm
m.u_conv3.u_weights._01066_,11.665µm
m.u_conv3.u_weights._06625_,11.665µm
m.u_conv3.u_weights._08828_,11.665µm
m.u_conv3.u_weights._10600_,11.665µm
m.u_conv3.u_weights._13996_,11.665µm
m.u_conv3.u_weights._00501_,11.66µm
m.u_conv3.u_weights._01016_,11.66µm
m.u_conv3.u_weights._02252_,11.66µm
m.u_conv3.u_weights._02707_,11.66µm
m.u_conv3.u_weights._03933_,11.66µm
m.u_conv3.u_weights._05358_,11.66µm
m.u_conv3.u_weights._07863_,11.66µm
m.u_conv3.u_weights._07923_,11.66µm
m.u_conv3.u_weights._08109_,11.66µm
m.u_conv3.u_weights._09465_,11.66µm
m.u_conv3.u_weights._09681_,11.66µm
m.u_conv3.u_weights._12438_,11.66µm
m.u_conv3.u_weights._14619_,11.66µm
m.u_conv3.u_weights._14658_,11.66µm
m.u_conv3.u_weights._14672_,11.66µm
m.u_conv3.u_weights._15156_,11.66µm
m.u_tree._0017_,11.66µm
m.u_conv3.u_weights._05567_,11.655µm
m.u_conv3.u_weights._14434_,11.655µm
m.u_conv3.u_weights._15721_,11.655µm
net2140,11.65µm
m.u_conv1._164_,11.65µm
net1970,11.65µm
m.u_conv1.u_weights._000_,11.65µm
m.u_conv2._0524_,11.65µm
m.u_conv2._0640_,11.65µm
m.u_conv3.u_weights._00866_,11.65µm
m.u_conv3.u_weights._02171_,11.65µm
m.u_conv3.u_weights._02484_,11.65µm
m.u_conv3.u_weights._02581_,11.65µm
m.u_conv3.u_weights._02778_,11.65µm
m.u_conv3.u_weights._03048_,11.65µm
m.u_conv3.u_weights._03636_,11.65µm
m.u_conv3.u_weights._05633_,11.65µm
m.u_conv3.u_weights._05708_,11.65µm
m.u_conv3.u_weights._08072_,11.65µm
m.u_conv3.u_weights._08703_,11.65µm
m.u_conv3.u_weights._11481_,11.65µm
m.u_conv3.u_weights._12536_,11.65µm
m.u_conv3.u_weights._13037_,11.65µm
m.u_conv3.u_weights._14389_,11.65µm
m.u_conv3.u_weights._14575_,11.65µm
m.u_conv3.u_weights._14582_,11.65µm
m.u_conv3.u_weights._02467_,11.645µm
m.u_tree._1489_,11.645µm
m.u_conv2._0043_,11.64µm
m.u_conv2.u_loader._117_,11.64µm
m.u_conv3.u_weights._01775_,11.64µm
m.u_conv3.u_weights._02572_,11.64µm
m.u_conv3.u_weights._03038_,11.64µm
m.u_conv3.u_weights._07895_,11.64µm
m.u_conv3.u_weights._07936_,11.64µm
m.u_conv3.u_weights._08039_,11.64µm
m.u_conv3.u_weights._08338_,11.64µm
m.u_conv3.u_weights._09627_,11.64µm
m.u_conv3.u_weights._09892_,11.64µm
m.u_conv3.u_weights._12251_,11.64µm
m.u_conv3.u_weights._13096_,11.64µm
m.u_tree._0793_,11.64µm
net2593,11.64µm
m.u_conv3.u_weights._02984_,11.635µm
m.u_tree._0896_,11.635µm
m.u_conv3.u_weights._14404_,11.63µm
m.u_conv3.u_weights._15041_,11.62µm
m.u_conv3.u_weights._15290_,11.615µm
m.u_conv3.u_weights._05040_,11.61µm
m.u_conv3.u_weights._05623_,11.61µm
m.u_conv3.u_weights._06847_,11.61µm
m.u_conv3.u_weights._10984_,11.61µm
m.u_conv3.u_weights._06018_,11.605µm
m.u_conv3.u_weights._11760_,11.605µm
m.u_conv1.u_weights._149_,11.6µm
m.u_conv3.u_weights._03823_,11.6µm
m.u_conv3.u_weights._04939_,11.6µm
m.u_conv3.u_weights._06394_,11.6µm
m.u_conv3.u_weights._08729_,11.6µm
m.u_tree._1364_,11.6µm
m.u_conv2._1503_,11.595µm
m.u_conv3.u_weights._01412_,11.595µm
m.u_conv3.u_weights._00238_,11.59µm
m.u_conv3.u_weights._03974_,11.59µm
m.u_conv3.u_weights._06617_,11.59µm
m.u_conv3.u_weights._09087_,11.59µm
m.u_conv3.u_weights._10240_,11.59µm
m.u_mnist_loader._07_,11.59µm
m.u_tree._0005_,11.59µm
m.u_tree._0063_,11.59µm
m.u_conv3.u_weights._01115_,11.585µm
m.u_conv3.u_weights._11027_,11.585µm
m.u_conv3.u_weights._13603_,11.585µm
m.u_conv2.u_loader._279_,11.58µm
m.u_conv3.u_weights._01031_,11.58µm
m.u_conv3.u_weights._02652_,11.58µm
m.u_conv3.u_weights._06744_,11.58µm
net2408,11.58µm
m.u_conv3.u_weights._11202_,11.565µm
m.u_conv3.u_weights._13234_,11.56µm
m.u_conv2.acc\[38\]\[6\],11.55µm
m.u_conv2.u_weights._273_,11.55µm
m.u_conv3.u_weights._03492_,11.55µm
m.u_conv3.u_weights._04126_,11.55µm
m.u_conv3.u_weights._14200_,11.55µm
m.u_conv3.u_weights._15627_,11.55µm
m.u_conv3.u_weights._00624_,11.545µm
m.u_conv3.u_weights._06729_,11.545µm
m.u_conv3.u_weights._06906_,11.545µm
m.u_conv3.u_weights._07460_,11.545µm
m.u_conv3.u_weights._07591_,11.545µm
m.u_conv3.u_weights._07802_,11.545µm
m.u_conv3.u_weights._07952_,11.545µm
m.u_tree._0572_,11.545µm
m.u_conv3.u_weights._00226_,11.54µm
m.u_conv3.u_weights._11611_,11.54µm
m.u_conv3.u_weights._14550_,11.54µm
m.u_conv3.u_weights._14830_,11.54µm
m.u_conv3.u_weights._08309_,11.535µm
m.u_conv1.loader_buffer\[8\],11.53µm
m.u_conv2._1096_,11.53µm
m.u_conv3.u_weights._00120_,11.53µm
m.u_conv3.u_weights._01544_,11.53µm
m.u_conv3.u_weights._02412_,11.53µm
m.u_conv3.u_weights._03415_,11.53µm
m.u_conv3.u_weights._05641_,11.53µm
m.u_conv3.u_weights._06031_,11.53µm
m.u_conv3.u_weights._07211_,11.53µm
m.u_conv3.u_weights._07964_,11.53µm
m.u_conv3.u_weights._10755_,11.53µm
m.u_conv3.u_weights._11065_,11.53µm
m.u_conv3.u_weights._12268_,11.53µm
m.u_conv3.u_weights._15441_,11.53µm
m.u_tree._0369_,11.53µm
net2481,11.53µm
net2522,11.53µm
net2612,11.53µm
net2660,11.53µm
net2766,11.53µm
m.u_conv3.u_weights._10303_,11.525µm
m.u_conv1._126_,11.52µm
m.u_conv1.u_weights._036_,11.52µm
m.u_conv1.u_weights._040_,11.52µm
m.u_conv3.u_weights._01320_,11.52µm
m.u_conv3.u_weights._02372_,11.52µm
m.u_conv3.u_weights._02745_,11.52µm
m.u_conv3.u_weights._03939_,11.52µm
m.u_conv3.u_weights._04080_,11.52µm
m.u_conv3.u_weights._04993_,11.52µm
m.u_conv3.u_weights._06336_,11.52µm
m.u_conv3.u_weights._07027_,11.52µm
m.u_conv3.u_weights._08977_,11.52µm
m.u_conv3.u_weights._10302_,11.52µm
m.u_conv3.u_weights._15077_,11.52µm
m.u_pool1._236_,11.52µm
m.u_pool2.top_byte_reg\[7\],11.52µm
m.u_tree._0002_,11.52µm
m.u_conv2.acc\[57\]\[4\],11.515µm
m.u_conv3.u_weights._09425_,11.515µm
m.u_conv3.u_weights._12643_,11.515µm
m.u_conv2.acc\[34\]\[0\],11.51µm
m.u_tree._0095_,11.51µm
m.u_conv2.u_loader._296_,11.505µm
m.u_conv3.u_weights._00208_,11.505µm
m.u_conv3.u_weights._02466_,11.505µm
m.u_conv3.u_weights._05547_,11.505µm
m.u_conv3.u_weights._11072_,11.505µm
m.u_conv3.u_weights._14220_,11.505µm
m.u_conv2.u_weights._231_,11.49µm
m.u_conv3.u_weights._06065_,11.49µm
m.u_conv3.u_weights._01559_,11.48µm
m.u_conv3.u_weights._06035_,11.48µm
m.u_conv3.u_weights._07546_,11.48µm
m.u_conv2._1263_,11.47µm
m.u_conv2._1371_,11.47µm
m.u_conv2.acc\[15\]\[4\],11.47µm
m.u_conv3.input_buf\[59\],11.47µm
m.u_conv3.u_weights._00922_,11.47µm
m.u_conv3.u_weights._01282_,11.47µm
m.u_conv3.u_weights._01950_,11.47µm
m.u_conv3.u_weights._02757_,11.47µm
m.u_conv3.u_weights._06075_,11.47µm
m.u_conv3.u_weights._08365_,11.47µm
m.u_conv3.u_weights._11597_,11.47µm
m.u_conv3.u_weights._12981_,11.47µm
m.u_conv3.u_weights._13358_,11.47µm
m.u_conv3.u_weights._13367_,11.47µm
m.u_conv3.u_weights._15534_,11.47µm
m.u_tree._1165_,11.47µm
net2559,11.47µm
net2603,11.47µm
net2669,11.47µm
net2811,11.47µm
net2872,11.47µm
net3001,11.47µm
net3057,11.47µm
m.u_tree._1378_,11.465µm
m.u_conv1.u_loader._066_,11.46µm
m.u_conv2._0642_,11.46µm
m.u_conv2._1376_,11.46µm
m.u_conv3.u_weights._03736_,11.46µm
m.u_conv3.u_weights._05672_,11.46µm
m.u_conv3.u_weights._09486_,11.46µm
m.u_conv3.u_weights._10875_,11.46µm
m.u_conv3.u_weights._12716_,11.46µm
m.u_conv3.u_weights._12875_,11.46µm
m.u_conv3.u_weights._13631_,11.46µm
m.u_conv3.u_weights._15639_,11.46µm
m.u_tree._0218_,11.46µm
m.u_conv2._0913_,11.455µm
m.u_conv3.u_weights._00723_,11.455µm
m.u_conv3.u_weights._04321_,11.455µm
m.u_conv3.u_weights._09410_,11.455µm
m.u_conv3.u_weights._12915_,11.455µm
m.u_conv3.u_weights._14513_,11.455µm
m.u_conv1.u_weights._032_,11.45µm
m.u_conv3.u_weights._12295_,11.45µm
m.u_conv3.u_weights._07462_,11.445µm
m.u_conv3.u_weights._15258_,11.445µm
m.u_conv3.u_weights._02741_,11.435µm
m.u_conv3.u_weights._13651_,11.43µm
m.u_conv3.u_weights._01173_,11.425µm
m.u_conv3.u_weights._11770_,11.425µm
m.u_conv2.u_weights._291_,11.42µm
m.u_conv3.u_weights._02076_,11.42µm
m.u_conv3.u_weights._04704_,11.42µm
m.u_conv3.u_weights._08147_,11.42µm
m.u_conv3.u_weights._08593_,11.42µm
m.u_conv3.u_weights._13563_,11.42µm
m.u_conv3.u_weights._13634_,11.42µm
m.u_tree._1028_,11.42µm
m.u_conv1.u_weights._004_,11.415µm
m.u_conv3.u_weights._11510_,11.415µm
m.u_conv2._1057_,11.41µm
m.u_conv3.u_weights._00035_,11.41µm
m.u_conv3.u_weights._00228_,11.41µm
m.u_conv3.u_weights._00797_,11.41µm
m.u_conv3.u_weights._02100_,11.41µm
m.u_conv3.u_weights._02873_,11.41µm
m.u_conv3.u_weights._03018_,11.41µm
m.u_conv3.u_weights._03406_,11.41µm
m.u_conv3.u_weights._03501_,11.41µm
m.u_conv3.u_weights._03922_,11.41µm
m.u_conv3.u_weights._04008_,11.41µm
m.u_conv3.u_weights._04486_,11.41µm
m.u_conv3.u_weights._04577_,11.41µm
m.u_conv3.u_weights._05325_,11.41µm
m.u_conv3.u_weights._05820_,11.41µm
m.u_conv3.u_weights._09149_,11.41µm
m.u_conv3.u_weights._09278_,11.41µm
m.u_conv3.u_weights._09556_,11.41µm
m.u_conv3.u_weights._09704_,11.41µm
m.u_conv3.u_weights._10851_,11.41µm
m.u_conv3.u_weights._11268_,11.41µm
m.u_conv3.u_weights._11956_,11.41µm
m.u_conv3.u_weights._12857_,11.41µm
m.u_conv3.u_weights._13008_,11.41µm
m.u_conv3.u_weights._13425_,11.41µm
m.u_pool2._110_,11.41µm
m.u_tree._0348_,11.41µm
m.u_conv2._0867_,11.4µm
m.u_conv2.u_loader._122_,11.4µm
m.u_conv2.u_loader._295_,11.4µm
m.u_conv3._003_,11.4µm
m.u_conv3.u_weights._01732_,11.4µm
m.u_conv3.u_weights._02074_,11.4µm
m.u_conv3.u_weights._02369_,11.4µm
m.u_conv3.u_weights._03378_,11.4µm
m.u_conv3.u_weights._03935_,11.4µm
m.u_conv3.u_weights._05057_,11.4µm
m.u_conv3.u_weights._12206_,11.4µm
m.u_conv3.u_weights._13281_,11.4µm
m.u_conv3.u_weights._13971_,11.4µm
m.u_conv3.u_weights._14504_,11.4µm
m.u_conv3.u_weights._14882_,11.4µm
m.u_conv1.loader_buffer\[5\],11.395µm
m.u_conv1.u_loader._223_,11.395µm
m.u_conv2.u_loader._086_,11.395µm
m.u_conv3.u_weights._07366_,11.395µm
m.u_conv3.u_weights._07513_,11.395µm
m.u_conv3.u_weights._11082_,11.395µm
m.u_conv3.u_weights._13487_,11.395µm
net2924,11.395µm
net3000,11.395µm
m.u_conv3.u_weights._01147_,11.385µm
m.u_conv3.u_weights._02347_,11.385µm
m.u_tree._1389_,11.385µm
m.u_conv1.u_weights._080_,11.38µm
m.u_conv3.u_weights._07932_,11.38µm
m.u_conv3.u_weights._08299_,11.38µm
m.u_conv3.u_weights._09195_,11.38µm
m.u_conv3.u_weights._10715_,11.38µm
m.u_conv3.u_weights._10884_,11.38µm
m.u_conv3.u_weights._11391_,11.38µm
m.u_conv3.u_weights._11455_,11.38µm
m.u_conv3.u_weights._13170_,11.38µm
m.u_conv3.u_weights._15062_,11.38µm
m.u_tree._0279_,11.38µm
m.u_conv3.u_weights._11021_,11.375µm
m.u_conv2.u_weights._317_,11.37µm
m.u_conv3.u_weights._02059_,11.37µm
m.u_conv3.u_weights._04404_,11.37µm
m.u_conv3.u_weights._06909_,11.37µm
m.u_conv3.u_weights._08044_,11.37µm
m.u_conv2.u_weights._395_,11.365µm
m.u_conv3.u_weights._06499_,11.365µm
m.u_conv3.u_weights._08564_,11.365µm
m.u_conv1.u_weights._078_,11.36µm
m.u_conv2.u_weights._267_,11.36µm
m.u_conv3.u_weights._04057_,11.36µm
m.u_conv3.u_weights._04336_,11.36µm
m.u_conv3.u_weights._04866_,11.36µm
m.u_conv3.u_weights._05112_,11.36µm
m.u_conv3.u_weights._06559_,11.36µm
m.u_conv3.u_weights._09881_,11.36µm
m.u_conv3.u_weights._12360_,11.36µm
m.u_conv3.u_weights._14413_,11.36µm
m.u_conv3.u_weights._15111_,11.36µm
m.u_conv3.u_weights._15360_,11.36µm
m.u_tree._1560_,11.36µm
m.u_conv3.u_weights._11501_,11.355µm
m.u_conv2._1170_,11.35µm
m.u_conv2._1262_,11.35µm
m.u_conv2._1354_,11.35µm
m.u_conv2._1433_,11.35µm
m.u_conv3.u_weights._01578_,11.35µm
m.u_conv3.u_weights._05117_,11.35µm
m.u_conv3.u_weights._05840_,11.35µm
m.u_conv3.u_weights._05917_,11.35µm
m.u_conv3.u_weights._09734_,11.35µm
m.u_conv3.u_weights._10955_,11.35µm
m.u_conv3.u_weights._11213_,11.35µm
m.u_conv3.u_weights._11292_,11.35µm
m.u_conv3.u_weights._12730_,11.35µm
m.u_conv3.u_weights._14778_,11.35µm
m.u_tree._0065_,11.35µm
m.u_conv1.u_loader._068_,11.345µm
m.u_conv3.u_weights._04227_,11.345µm
m.u_conv3.u_weights._10968_,11.345µm
m.u_conv3.u_weights._11572_,11.345µm
m.u_conv1.u_loader._354_,11.34µm
m.u_conv1.u_weights._083_,11.34µm
m.u_conv2.acc\[19\]\[0\],11.34µm
m.u_conv2.u_weights._351_,11.34µm
m.u_conv3.u_weights._00887_,11.34µm
m.u_conv3.u_weights._02940_,11.34µm
m.u_conv3.u_weights._04229_,11.34µm
m.u_conv3.u_weights._04921_,11.34µm
m.u_conv3.u_weights._05259_,11.34µm
m.u_conv3.u_weights._12182_,11.34µm
m.u_conv3.u_weights._12692_,11.34µm
m.u_conv3.u_weights._14394_,11.34µm
m.u_conv3.u_weights._14928_,11.34µm
m.u_conv3.u_weights._14957_,11.34µm
m.u_conv3.u_weights._15166_,11.34µm
m.u_pool1._162_,11.34µm
m.u_conv3.u_weights._03272_,11.335µm
m.u_conv3.u_weights._07199_,11.335µm
m.u_conv3.u_weights._15446_,11.335µm
m.u_conv3.u_weights._15648_,11.335µm
m.u_conv2._0891_,11.325µm
m.u_conv2.u_loader._190_,11.325µm
m.u_conv3.u_weights._00651_,11.325µm
m.u_conv3.u_weights._09128_,11.32µm
m.u_conv3.u_weights._12117_,11.32µm
m.u_conv3.u_weights._02792_,11.315µm
m.u_conv3.u_weights._07557_,11.315µm
m.u_conv3.u_weights._15331_,11.315µm
m.u_conv3.u_weights._06611_,11.31µm
m.u_conv3.u_weights._09878_,11.31µm
m.u_conv3.u_weights._05204_,11.305µm
m.u_conv3.u_weights._10926_,11.305µm
m.u_conv3.u_weights._12175_,11.305µm
m.u_conv3.u_weights._15397_,11.305µm
net3010,11.305µm
m.u_conv1.u_weights._003_,11.3µm
m.u_conv2._0651_,11.3µm
m.u_conv3.u_weights._00840_,11.3µm
m.u_conv3.u_weights._03596_,11.3µm
m.u_conv3.u_weights._04906_,11.3µm
m.u_conv3.u_weights._05636_,11.3µm
m.u_conv3.u_weights._06608_,11.3µm
m.u_conv3.u_weights._08719_,11.3µm
m.u_conv3.u_weights._09406_,11.3µm
m.u_conv3.u_weights._15324_,11.3µm
m.u_conv3.u_weights._15591_,11.3µm
net2650,11.3µm
m.u_conv3.u_weights._00212_,11.295µm
m.u_conv3.u_weights._07873_,11.295µm
m.u_conv3.u_weights._09594_,11.295µm
m.u_conv3.u_weights._14205_,11.295µm
net2165,11.29µm
net2091,11.29µm
m.u_conv2.acc\[46\]\[1\],11.29µm
net2124,11.29µm
m.u_conv2.u_weights._224_,11.29µm
m.u_conv3.u_weights._00568_,11.29µm
m.u_conv3.u_weights._01510_,11.29µm
m.u_conv3.u_weights._01561_,11.29µm
m.u_conv3.u_weights._01893_,11.29µm
m.u_conv3.u_weights._03007_,11.29µm
m.u_conv3.u_weights._03248_,11.29µm
m.u_conv3.u_weights._03408_,11.29µm
m.u_conv3.u_weights._05328_,11.29µm
m.u_conv3.u_weights._06655_,11.29µm
m.u_conv3.u_weights._08732_,11.29µm
m.u_conv3.u_weights._09477_,11.29µm
m.u_conv3.u_weights._09581_,11.29µm
m.u_conv3.u_weights._12000_,11.29µm
m.u_conv3.u_weights._13536_,11.29µm
m.u_conv3.u_weights._14605_,11.29µm
m.u_conv3.u_weights._14746_,11.29µm
m.u_conv3.u_weights._15082_,11.29µm
m.u_tree._0204_,11.29µm
m.u_tree._0260_,11.29µm
m.u_tree._0429_,11.29µm
m.u_tree._0500_,11.29µm
m.u_tree._0601_,11.29µm
m.u_tree._1102_,11.29µm
m.u_conv3.u_weights._00034_,11.285µm
m.u_conv3.u_weights._11298_,11.285µm
m.u_conv1.u_loader._163_,11.28µm
m.u_conv3.u_weights._05138_,11.28µm
m.u_conv3.u_weights._06076_,11.28µm
m.u_conv3.u_weights._09200_,11.28µm
m.u_conv3.u_weights._11757_,11.28µm
m.u_conv3.u_weights._11827_,11.28µm
m.u_conv3.u_weights._12349_,11.28µm
m.u_conv3.u_weights._15128_,11.28µm
m.u_conv3.u_weights._15188_,11.28µm
m.u_tree._1253_,11.28µm
m.u_conv3.u_weights._00671_,11.275µm
m.u_conv3.u_weights._04275_,11.275µm
m.u_conv3.u_weights._07042_,11.275µm
m.u_conv3.u_weights._11018_,11.275µm
m.u_tree._0047_,11.275µm
m.u_conv3.u_weights._03132_,11.27µm
m.u_conv3.u_weights._14252_,11.265µm
m.u_conv3.u_weights._03267_,11.26µm
m.u_conv3.u_weights._04429_,11.255µm
m.u_conv3.u_weights._11599_,11.255µm
m.u_conv1._118_,11.25µm
m.u_conv1.u_weights._141_,11.25µm
m.u_conv2.acc\[32\]\[1\],11.25µm
m.u_conv3.u_weights._07639_,11.25µm
m.u_conv3.u_weights._12982_,11.25µm
m.u_conv3.u_weights._14887_,11.25µm
m.u_conv3.u_weights._14929_,11.25µm
m.u_conv2.acc\[45\]\[3\],11.245µm
m.u_conv3.u_weights._06498_,11.245µm
m.u_conv3.u_weights._10171_,11.245µm
m.u_conv1.u_loader._221_,11.24µm
m.u_conv2.acc\[40\]\[3\],11.24µm
m.u_conv2.acc\[7\]\[2\],11.24µm
m.u_conv3.u_weights._01887_,11.24µm
m.u_conv3.u_weights._05021_,11.24µm
m.u_conv3.u_weights._06752_,11.24µm
m.u_conv3.u_weights._10816_,11.24µm
m.u_conv3.u_weights._12823_,11.24µm
m.u_conv3.u_weights._13506_,11.24µm
m.u_tree._0798_,11.24µm
m.u_conv3.u_weights._04159_,11.235µm
m.u_conv3.u_weights._09542_,11.235µm
m.u_conv3.u_weights._09576_,11.235µm
m.u_conv1._132_,11.23µm
m.u_conv2._1351_,11.23µm
m.u_conv3.u_weights._01955_,11.23µm
m.u_conv3.u_weights._03467_,11.23µm
m.u_conv3.u_weights._03623_,11.23µm
m.u_conv3.u_weights._04101_,11.23µm
m.u_conv3.u_weights._10972_,11.23µm
m.u_conv3.u_weights._11977_,11.23µm
m.u_conv3.u_weights._12177_,11.23µm
m.u_conv3.u_weights._14083_,11.23µm
m.u_conv3.u_weights._15647_,11.23µm
m.u_tree._0141_,11.23µm
net2315,11.23µm
m.u_conv3.u_weights._00409_,11.225µm
m.u_conv3.u_weights._00985_,11.225µm
m.u_conv3.u_weights._02875_,11.225µm
m.u_conv3.u_weights._05496_,11.225µm
m.u_conv3.u_weights._08451_,11.225µm
m.u_conv3.u_weights._10440_,11.225µm
m.u_conv3.u_weights._00779_,11.22µm
m.u_conv3.u_weights._02385_,11.22µm
m.u_conv3.u_weights._03170_,11.22µm
m.u_conv3.u_weights._06028_,11.22µm
m.u_conv3.u_weights._06442_,11.22µm
m.u_conv3.u_weights._07039_,11.22µm
m.u_conv3.u_weights._09429_,11.22µm
m.u_conv3.u_weights._10234_,11.22µm
m.u_conv3.u_weights._10571_,11.22µm
m.u_conv3.u_weights._11954_,11.22µm
m.u_conv3.u_weights._14630_,11.22µm
m.u_tree._1177_,11.22µm
m.u_conv3.u_weights._02499_,11.215µm
m.u_conv3.u_weights._05181_,11.215µm
m.u_conv3.u_weights._09795_,11.215µm
m.u_conv3.u_weights._09917_,11.205µm
net2845,11.205µm
m.u_conv3.u_weights._05083_,11.2µm
m.u_conv3.u_weights._10699_,11.2µm
m.u_conv3.u_weights._08949_,11.195µm
m.u_conv3.u_weights._13176_,11.195µm
m.u_conv3.u_weights._02597_,11.19µm
m.u_conv3.u_weights._03642_,11.19µm
m.u_conv3.u_weights._12104_,11.19µm
m.u_conv3.u_weights._13433_,11.19µm
m.u_conv3.u_weights._15457_,11.19µm
m.u_conv3.u_weights._15763_,11.19µm
net3009,11.19µm
m.u_conv2.acc\[32\]\[5\],11.185µm
m.u_conv3.u_weights._01189_,11.185µm
m.u_conv3.u_weights._01457_,11.185µm
m.u_conv3.u_weights._01554_,11.185µm
m.u_conv3.u_weights._04011_,11.185µm
m.u_conv3.u_weights._05373_,11.185µm
m.u_conv3.u_weights._06569_,11.185µm
m.u_conv3.u_weights._07634_,11.185µm
m.u_conv3.u_weights._10310_,11.185µm
m.u_conv3.u_weights._11279_,11.185µm
m.u_conv3.u_weights._13715_,11.185µm
m.u_conv1.u_weights._159_,11.18µm
m.u_conv3.u_weights._04165_,11.18µm
m.u_conv3.u_weights._04490_,11.18µm
m.u_conv3.u_weights._05003_,11.18µm
m.u_conv3.u_weights._05075_,11.18µm
m.u_conv3.u_weights._06048_,11.18µm
m.u_conv3.u_weights._06346_,11.18µm
m.u_conv3.u_weights._07933_,11.18µm
m.u_conv3.u_weights._08723_,11.18µm
m.u_conv3.u_weights._08916_,11.18µm
m.u_conv3.u_weights._09547_,11.18µm
m.u_conv3.u_weights._09775_,11.18µm
m.u_conv3.u_weights._11667_,11.18µm
m.u_conv3.u_weights._11859_,11.18µm
m.u_conv3.u_weights._12517_,11.18µm
m.u_conv3.u_weights._12651_,11.18µm
m.u_conv3.u_weights._13289_,11.18µm
m.u_conv3.u_weights._13422_,11.18µm
m.u_conv3.u_weights._13726_,11.18µm
m.u_conv3.u_weights._14448_,11.18µm
m.u_conv3.u_weights._15594_,11.18µm
m.u_conv3.u_weights._15706_,11.18µm
m.u_tree._1447_,11.18µm
m.u_conv2.u_weights._329_,11.175µm
m.u_conv1.u_loader._374_,11.17µm
m.u_conv1.u_weights._073_,11.17µm
m.u_conv2._0769_,11.17µm
m.u_conv2.acc\[6\]\[0\],11.17µm
m.u_conv2.u_loader._224_,11.17µm
m.u_conv3.u_weights._00121_,11.17µm
m.u_conv3.u_weights._01344_,11.17µm
m.u_conv3.u_weights._01679_,11.17µm
m.u_conv3.u_weights._02716_,11.17µm
m.u_conv3.u_weights._05054_,11.17µm
m.u_conv3.u_weights._05168_,11.17µm
m.u_conv3.u_weights._06206_,11.17µm
m.u_conv3.u_weights._06359_,11.17µm
m.u_conv3.u_weights._07396_,11.17µm
m.u_conv3.u_weights._07950_,11.17µm
m.u_conv3.u_weights._08484_,11.17µm
m.u_conv3.u_weights._08599_,11.17µm
m.u_conv3.u_weights._10058_,11.17µm
m.u_conv3.u_weights._11329_,11.17µm
m.u_conv3.u_weights._14402_,11.17µm
m.u_conv3.u_weights._14597_,11.17µm
m.u_conv3.u_weights._14891_,11.17µm
m.u_tree._0870_,11.17µm
m.u_tree._1107_,11.17µm
m.u_tree._1460_,11.17µm
net1895,11.17µm
m.u_conv3.u_weights._00167_,11.16µm
m.u_conv3.u_weights._01736_,11.16µm
m.u_conv3.u_weights._02617_,11.16µm
m.u_conv3.u_weights._03037_,11.16µm
m.u_conv3.u_weights._05895_,11.16µm
m.u_conv3.u_weights._08529_,11.16µm
m.u_conv3.u_weights._10022_,11.16µm
m.u_conv3.u_weights._10618_,11.16µm
m.u_conv3.u_weights._10995_,11.16µm
m.u_conv3.u_weights._11882_,11.16µm
m.u_conv3.u_weights._12190_,11.16µm
m.u_conv3.u_weights._12252_,11.16µm
m.u_conv3.u_weights._12762_,11.16µm
m.u_tree._0556_,11.16µm
m.u_conv2.u_weights._252_,11.155µm
m.u_conv3.u_weights._09315_,11.155µm
m.u_conv3.u_weights._11475_,11.15µm
m.u_conv2.acc\[1\]\[2\],11.145µm
m.u_conv2.acc\[33\]\[6\],11.145µm
m.u_conv3.u_weights._01739_,11.145µm
m.u_conv3.u_weights._08500_,11.145µm
m.u_conv3.u_weights._09949_,11.145µm
m.u_conv3.u_weights._13886_,11.145µm
m.u_conv3.u_weights._02513_,11.14µm
m.u_conv3.u_weights._07612_,11.14µm
m.u_conv3.u_weights._14237_,11.14µm
m.u_conv3.u_weights._07189_,11.135µm
m.u_conv3.u_weights._04516_,11.13µm
m.u_conv3.u_weights._07794_,11.13µm
m.u_conv3.u_weights._15032_,11.13µm
m.u_conv3.u_weights._06118_,11.125µm
m.u_conv3.u_weights._07491_,11.125µm
m.u_conv3.u_weights._08187_,11.125µm
m.u_conv3.u_weights._01956_,11.12µm
m.u_conv3.u_weights._03138_,11.12µm
m.u_conv3.u_weights._04314_,11.12µm
m.u_conv3.u_weights._04484_,11.12µm
m.u_conv3.u_weights._09390_,11.12µm
m.u_conv3.u_weights._14466_,11.12µm
m.u_conv3.u_weights._15428_,11.12µm
m.u_conv3.u_weights._15667_,11.12µm
m.u_tree._1461_,11.12µm
m.u_conv3.u_weights._04661_,11.115µm
m.u_conv3.u_weights._05305_,11.115µm
m.u_conv2._0138_,11.11µm
m.u_conv2._0395_,11.11µm
m.u_conv3.u_weights._00049_,11.11µm
m.u_conv3.u_weights._04956_,11.11µm
m.u_conv3.u_weights._15718_,11.11µm
m.u_conv3.u_weights._15358_,11.105µm
m.u_conv3.u_weights._15729_,11.105µm
m.u_conv2.u_loader._132_,11.1µm
m.u_conv3.u_weights._04290_,11.1µm
m.u_conv3.u_weights._05004_,11.1µm
m.u_conv3.u_weights._09048_,11.1µm
m.u_conv3.u_weights._09403_,11.1µm
m.u_conv1.u_loader._052_,11.085µm
m.u_conv2._1573_,11.085µm
m.u_conv3.u_weights._15364_,11.085µm
m.u_conv3.u_weights._00113_,11.08µm
m.u_conv3.u_weights._11843_,11.08µm
m.u_conv3.u_weights._06770_,11.075µm
m.u_conv3.u_weights._00956_,11.07µm
m.u_conv3.u_weights._01581_,11.07µm
m.u_conv3.u_weights._02234_,11.07µm
m.u_conv3.u_weights._02945_,11.07µm
m.u_conv3.u_weights._03452_,11.07µm
m.u_conv3.u_weights._10545_,11.07µm
m.u_conv3.u_weights._11874_,11.07µm
m.u_conv3.u_weights._13533_,11.07µm
m.u_conv3.u_weights._04251_,11.065µm
m.u_conv3.u_weights._06666_,11.065µm
m.u_conv3.u_weights._07267_,11.065µm
m.u_conv3.u_weights._07316_,11.065µm
m.u_conv3.u_weights._09404_,11.065µm
m.u_conv3.u_weights._10210_,11.065µm
m.u_conv3.u_weights._11458_,11.065µm
m.u_conv3.u_weights._12039_,11.065µm
m.u_conv3.u_weights._04361_,11.06µm
m.u_conv3.u_weights._05692_,11.06µm
m.u_conv3.u_weights._06111_,11.06µm
m.u_conv3.u_weights._06942_,11.06µm
m.u_conv3.u_weights._15626_,11.06µm
m.u_tree._0283_,11.06µm
m.u_conv2.u_weights._248_,11.05µm
m.u_conv3.u_weights._01267_,11.05µm
m.u_conv3.u_weights._01993_,11.05µm
m.u_conv3.u_weights._02900_,11.05µm
m.u_conv3.u_weights._03930_,11.05µm
m.u_conv3.u_weights._04449_,11.05µm
m.u_conv3.u_weights._05140_,11.05µm
m.u_conv3.u_weights._06173_,11.05µm
m.u_conv3.u_weights._06303_,11.05µm
m.u_conv3.u_weights._07023_,11.05µm
m.u_conv3.u_weights._07403_,11.05µm
m.u_conv3.u_weights._07718_,11.05µm
m.u_conv3.u_weights._08620_,11.05µm
m.u_conv3.u_weights._09241_,11.05µm
m.u_conv3.u_weights._11311_,11.05µm
m.u_conv3.u_weights._12622_,11.05µm
m.u_conv3.u_weights._15015_,11.05µm
m.u_pool1._013_,11.05µm
net2518,11.05µm
m.u_conv3.u_weights._00828_,11.045µm
m.u_conv3.u_weights._06533_,11.045µm
m.u_conv2.u_loader._113_,11.04µm
m.u_conv2.u_loader._366_,11.04µm
m.u_conv3._091_,11.04µm
m.u_conv3.u_weights._00192_,11.04µm
m.u_conv3.u_weights._02179_,11.04µm
m.u_conv3.u_weights._04183_,11.04µm
m.u_conv3.u_weights._05378_,11.04µm
m.u_conv3.u_weights._05472_,11.04µm
m.u_conv3.u_weights._05534_,11.04µm
m.u_conv3.u_weights._05561_,11.04µm
m.u_conv3.u_weights._06251_,11.04µm
m.u_conv3.u_weights._07185_,11.04µm
m.u_conv3.u_weights._07544_,11.04µm
m.u_conv3.u_weights._08252_,11.04µm
m.u_conv3.u_weights._09803_,11.04µm
m.u_conv3.u_weights._09862_,11.04µm
m.u_conv3.u_weights._11505_,11.04µm
m.u_conv3.u_weights._11612_,11.04µm
m.u_conv3.u_weights._12539_,11.04µm
m.u_conv3.u_weights._12866_,11.04µm
m.u_conv3.u_weights._12955_,11.04µm
m.u_conv3.u_weights._13571_,11.04µm
m.u_conv3.u_weights._14967_,11.04µm
m.u_tree._0010_,11.04µm
net2285,11.04µm
m.u_conv2.u_weights._264_,11.025µm
m.u_conv3.u_weights._04816_,11.025µm
m.u_conv3.u_weights._03940_,11.01µm
m.u_conv3.u_weights._03285_,11.005µm
m.u_conv3.u_weights._05701_,11.005µm
m.u_conv3.u_weights._11453_,11.005µm
m.u_conv3.u_weights._03871_,11µm
m.u_conv3.u_weights._15413_,10.995µm
m.conv2_done,10.99µm
m.u_conv1.u_loader._102_,10.99µm
m.u_conv1.u_loader._104_,10.99µm
m.u_conv1.u_loader._132_,10.99µm
m.u_conv2._1200_,10.99µm
m.u_conv2._1302_,10.99µm
m.u_conv2._1327_,10.99µm
m.u_conv2._1468_,10.99µm
m.u_conv2.u_weights._206_,10.99µm
m.u_conv3.u_weights._00142_,10.99µm
m.u_conv3.u_weights._00219_,10.99µm
m.u_conv3.u_weights._00610_,10.99µm
m.u_conv3.u_weights._01113_,10.99µm
m.u_conv3.u_weights._01397_,10.99µm
m.u_conv3.u_weights._01558_,10.99µm
m.u_conv3.u_weights._01799_,10.99µm
m.u_conv3.u_weights._02398_,10.99µm
m.u_conv3.u_weights._03060_,10.99µm
m.u_conv3.u_weights._03225_,10.99µm
m.u_conv3.u_weights._05859_,10.99µm
m.u_conv3.u_weights._06528_,10.99µm
m.u_conv3.u_weights._06753_,10.99µm
m.u_conv3.u_weights._10283_,10.99µm
m.u_conv3.u_weights._11141_,10.99µm
m.u_conv3.u_weights._13407_,10.99µm
m.u_conv3.u_weights._13847_,10.99µm
m.u_conv3.u_weights._14749_,10.99µm
m.u_conv3.u_weights._15141_,10.99µm
m.u_pool1._088_,10.99µm
m.u_tree._0399_,10.99µm
net2437,10.99µm
net2614,10.99µm
net2978,10.99µm
m.u_conv3.u_weights._03358_,10.985µm
m.u_conv3.u_weights._15429_,10.985µm
m.u_conv1.bit_offset\[1\],10.98µm
m.u_conv3.u_weights._01077_,10.98µm
m.u_conv3.u_weights._01230_,10.98µm
m.u_conv3.u_weights._01981_,10.98µm
m.u_conv3.u_weights._05987_,10.98µm
m.u_conv3.u_weights._12630_,10.98µm
m.u_tree._0019_,10.98µm
m.u_tree._0361_,10.98µm
m.u_tree._0403_,10.98µm
m.u_tree._0906_,10.98µm
m.u_tree._1318_,10.98µm
m.u_tree._1431_,10.98µm
m.u_conv3.u_weights._04289_,10.975µm
m.u_conv3.u_weights._06694_,10.975µm
m.u_conv3.u_weights._08844_,10.975µm
m.u_conv3.u_weights._09845_,10.975µm
m.u_conv3.u_weights._09851_,10.975µm
m.u_conv3.u_weights._10458_,10.975µm
m.u_conv3.u_weights._10812_,10.975µm
m.u_conv3.u_weights._07602_,10.97µm
m.u_conv3.u_weights._00963_,10.965µm
m.u_conv3.u_weights._01488_,10.965µm
m.u_conv3.u_weights._08037_,10.965µm
m.u_conv3.u_weights._11700_,10.965µm
m.u_conv3.u_weights._12832_,10.965µm
m.u_tree._0772_,10.965µm
m.u_conv3.u_weights._09668_,10.96µm
m.u_conv3.u_weights._14797_,10.96µm
m.u_conv3.u_weights._15256_,10.96µm
m.u_conv3.u_weights._09173_,10.955µm
m.u_conv3.u_weights._14276_,10.955µm
m.u_conv3.u_weights._02323_,10.945µm
m.u_conv3.u_weights._02800_,10.945µm
m.u_conv3.u_weights._03964_,10.945µm
m.u_conv3.u_weights._10084_,10.945µm
m.u_conv3.u_weights._10138_,10.945µm
m.u_conv3.u_weights._10429_,10.945µm
m.u_conv3.u_weights._13690_,10.945µm
m.u_conv3.u_weights._14253_,10.945µm
m.u_conv2.buffer_reg\[11\],10.94µm
m.u_conv2.u_loader._147_,10.94µm
m.u_conv3.u_weights._03881_,10.94µm
m.u_conv3.u_weights._06124_,10.94µm
m.u_conv3.u_weights._06743_,10.94µm
m.u_conv3.u_weights._07392_,10.94µm
m.u_conv3.u_weights._09754_,10.94µm
m.u_conv3.u_weights._10748_,10.94µm
m.u_tree._0711_,10.94µm
m.u_conv1.u_loader._192_,10.93µm
m.u_conv3.u_weights._00398_,10.93µm
m.u_conv3.u_weights._00859_,10.93µm
m.u_conv3.u_weights._01500_,10.93µm
m.u_conv3.u_weights._02310_,10.93µm
m.u_conv3.u_weights._04886_,10.93µm
m.u_conv3.u_weights._05038_,10.93µm
m.u_conv3.u_weights._05525_,10.93µm
m.u_conv3.u_weights._05585_,10.93µm
m.u_conv3.u_weights._05877_,10.93µm
m.u_conv3.u_weights._07969_,10.93µm
m.u_conv3.u_weights._08092_,10.93µm
m.u_conv3.u_weights._08301_,10.93µm
m.u_conv3.u_weights._08956_,10.93µm
m.u_conv3.u_weights._09054_,10.93µm
m.u_conv3.u_weights._10270_,10.93µm
m.u_conv3.u_weights._12565_,10.93µm
m.u_conv3.u_weights._13172_,10.93µm
m.u_conv3.u_weights._14859_,10.93µm
m.u_conv3.u_weights._15713_,10.93µm
m.u_pool2._156_,10.93µm
m.u_tree._0862_,10.93µm
m.u_tree._1229_,10.93µm
m.u_conv2.acc\[13\]\[3\],10.925µm
m.u_conv3.u_weights._02206_,10.925µm
m.u_tree._0680_,10.925µm
m.u_conv3.u_weights._01505_,10.92µm
m.u_conv3.u_weights._03040_,10.92µm
m.u_conv3.u_weights._04405_,10.92µm
m.u_conv3.u_weights._05909_,10.92µm
m.u_conv3.u_weights._06312_,10.92µm
m.u_conv3.u_weights._08939_,10.92µm
m.u_conv3.u_weights._10068_,10.92µm
m.u_conv3.u_weights._11561_,10.92µm
m.u_conv3.u_weights._12228_,10.92µm
m.u_conv3.u_weights._13907_,10.92µm
m.u_conv3.u_weights._14231_,10.92µm
m.u_conv3.u_weights._14942_,10.92µm
m.u_conv2._1311_,10.915µm
m.u_conv2.u_loader._291_,10.915µm
m.u_conv3.u_weights._03001_,10.915µm
m.u_conv3.u_weights._03032_,10.915µm
m.u_conv3.u_weights._03575_,10.915µm
m.u_conv3.u_weights._05429_,10.915µm
m.u_conv3.u_weights._06927_,10.915µm
m.u_conv3.u_weights._09472_,10.915µm
m.u_conv3.u_weights._09768_,10.915µm
m.u_conv3.u_weights._12042_,10.915µm
m.u_pool2._069_,10.915µm
m.u_tree._0340_,10.915µm
m.u_conv3.u_weights._11256_,10.905µm
m.u_conv1.u_weights._106_,10.9µm
m.u_conv3.u_weights._00342_,10.9µm
m.u_conv3.u_weights._01030_,10.9µm
m.u_conv3.u_weights._01704_,10.9µm
m.u_conv3.u_weights._02532_,10.9µm
m.u_conv3.u_weights._02683_,10.9µm
m.u_conv3.u_weights._02840_,10.9µm
m.u_conv3.u_weights._04110_,10.9µm
m.u_conv3.u_weights._04761_,10.9µm
m.u_conv3.u_weights._05695_,10.9µm
m.u_conv3.u_weights._06880_,10.9µm
m.u_conv3.u_weights._09263_,10.9µm
m.u_conv3.u_weights._10320_,10.9µm
m.u_conv3.u_weights._10607_,10.9µm
m.u_conv3.u_weights._14923_,10.9µm
m.u_conv3.u_weights._15259_,10.9µm
m.u_conv3.u_weights._14309_,10.895µm
m.u_conv3.u_weights._01164_,10.89µm
m.u_conv3.u_weights._07622_,10.89µm
m.u_conv3.u_weights._12566_,10.89µm
m.u_tree._1096_,10.89µm
m.u_tree._0318_,10.885µm
m.u_conv3.u_weights._00780_,10.88µm
m.u_conv3.u_weights._00959_,10.88µm
m.u_conv3.u_weights._01979_,10.88µm
m.u_conv3.u_weights._02922_,10.88µm
m.u_conv3.u_weights._03595_,10.88µm
m.u_conv3.u_weights._06166_,10.88µm
m.u_conv3.u_weights._07441_,10.88µm
m.u_conv3.u_weights._09188_,10.88µm
m.u_conv3.u_weights._10232_,10.88µm
m.u_conv3.u_weights._10258_,10.88µm
m.u_conv3.u_weights._10771_,10.88µm
m.u_conv3.u_weights._11377_,10.88µm
m.u_conv3.u_weights._11721_,10.88µm
m.u_conv3.u_weights._12099_,10.88µm
m.u_conv3.u_weights._13156_,10.88µm
m.u_conv3.u_weights._13580_,10.88µm
m.u_conv3.u_weights._14211_,10.88µm
m.u_conv3.u_weights._14981_,10.88µm
m.u_conv3.u_weights._15124_,10.88µm
m.u_conv3.u_weights._15744_,10.88µm
m.u_conv3.u_weights._02607_,10.875µm
m.u_conv3.u_weights._13458_,10.875µm
m.u_conv2.acc\[52\]\[5\],10.87µm
m.u_conv3.u_weights._00150_,10.87µm
m.u_conv3.u_weights._00412_,10.87µm
m.u_conv3.u_weights._01580_,10.87µm
m.u_conv3.u_weights._02321_,10.87µm
m.u_conv3.u_weights._03062_,10.87µm
m.u_conv3.u_weights._03737_,10.87µm
m.u_conv3.u_weights._06594_,10.87µm
m.u_conv3.u_weights._06990_,10.87µm
m.u_conv3.u_weights._08305_,10.87µm
m.u_conv3.u_weights._09239_,10.87µm
m.u_conv3.u_weights._12848_,10.87µm
m.u_conv3.u_weights._14397_,10.87µm
m.u_conv3.u_weights._15448_,10.87µm
m.u_conv3.u_weights._15484_,10.87µm
m.u_conv3.u_weights._15558_,10.87µm
m.u_tree._0501_,10.87µm
m.u_conv3.u_weights._01727_,10.865µm
m.u_conv3.u_weights._04808_,10.865µm
m.u_conv3.u_weights._10808_,10.865µm
m.u_pool1._061_,10.865µm
m.u_tree._0021_,10.865µm
m.u_tree._0972_,10.865µm
m.u_conv2._0492_,10.86µm
m.u_conv2.u_weights._305_,10.86µm
m.u_conv3._213_,10.86µm
m.u_conv3.u_weights._01322_,10.86µm
m.u_conv3.u_weights._02899_,10.86µm
m.u_conv3.u_weights._03306_,10.86µm
m.u_conv3.u_weights._03773_,10.86µm
m.u_conv3.u_weights._05460_,10.86µm
m.u_conv3.u_weights._06157_,10.86µm
m.u_conv3.u_weights._07286_,10.86µm
m.u_conv3.u_weights._08242_,10.86µm
m.u_conv3.u_weights._10757_,10.86µm
m.u_conv3.u_weights._11190_,10.86µm
m.u_conv3.u_weights._13264_,10.86µm
m.u_conv3.u_weights._13809_,10.86µm
m.u_conv3.u_weights._14219_,10.86µm
m.u_pool1._170_,10.86µm
m.u_tree._1091_,10.86µm
m.u_conv3.u_weights._02344_,10.855µm
m.u_conv3.u_weights._02462_,10.855µm
m.u_conv3.u_weights._04687_,10.855µm
m.u_conv3.u_weights._08424_,10.855µm
m.u_conv3.u_weights._10859_,10.855µm
m.u_conv3.u_weights._11813_,10.855µm
m.u_conv3.u_weights._14962_,10.855µm
m.u_pool1._066_,10.855µm
m.u_conv3.u_weights._02474_,10.85µm
m.u_conv3._138_,10.845µm
m.u_conv3.u_weights._12230_,10.845µm
m.u_tree._0338_,10.84µm
m.u_conv3.u_weights._07879_,10.835µm
m.u_conv3.u_weights._02181_,10.83µm
m.u_conv3.u_weights._05845_,10.83µm
m.u_conv3.u_weights._06495_,10.83µm
m.u_conv3.u_weights._06981_,10.83µm
m.u_conv3.u_weights._08096_,10.83µm
m.u_conv3.u_weights._08984_,10.83µm
m.u_conv3.u_weights._09507_,10.83µm
m.u_conv3.u_weights._11943_,10.83µm
m.u_conv3.u_weights._13889_,10.83µm
m.u_conv3.u_weights._15477_,10.83µm
m.u_conv2.u_loader._187_,10.825µm
m.u_conv3.u_weights._05218_,10.825µm
m.u_conv3.u_weights._11819_,10.825µm
m.u_conv1.u_loader._413_,10.82µm
m.u_conv2.u_loader._081_,10.82µm
m.u_conv3.u_weights._01747_,10.82µm
m.u_conv3.u_weights._03281_,10.82µm
m.u_conv3.u_weights._07856_,10.82µm
m.u_conv3.u_weights._08277_,10.82µm
m.u_conv3.u_weights._11965_,10.82µm
m.u_conv3.u_weights._12781_,10.82µm
m.u_conv3.u_weights._12810_,10.82µm
m.u_conv3.u_weights._13243_,10.82µm
m.u_conv3.u_weights._14103_,10.82µm
m.u_conv3.u_weights._14370_,10.82µm
m.u_conv3.u_weights._14815_,10.82µm
m.u_conv3.u_weights._14818_,10.82µm
m.u_conv3.u_weights._15468_,10.82µm
m.u_tree._0321_,10.82µm
uo_out[3],10.82µm
net2905,10.82µm
net2930,10.82µm
m.u_conv3.u_weights._01682_,10.815µm
m.u_conv3.u_weights._01765_,10.815µm
m.u_conv3.u_weights._07671_,10.815µm
m.u_conv3.u_weights._11460_,10.815µm
m.u_conv1.u_loader._235_,10.81µm
m.u_conv1.u_loader._293_,10.81µm
m.u_conv3.u_weights._00014_,10.81µm
m.u_conv3.u_weights._00160_,10.81µm
m.u_conv3.u_weights._00200_,10.81µm
m.u_conv3.u_weights._00873_,10.81µm
m.u_conv3.u_weights._01277_,10.81µm
m.u_conv3.u_weights._01858_,10.81µm
m.u_conv3.u_weights._02259_,10.81µm
m.u_conv3.u_weights._02807_,10.81µm
m.u_conv3.u_weights._03218_,10.81µm
m.u_conv3.u_weights._04734_,10.81µm
m.u_conv3.u_weights._04926_,10.81µm
m.u_conv3.u_weights._04952_,10.81µm
m.u_conv3.u_weights._06306_,10.81µm
m.u_conv3.u_weights._06408_,10.81µm
m.u_conv3.u_weights._06565_,10.81µm
m.u_conv3.u_weights._07763_,10.81µm
m.u_conv3.u_weights._08369_,10.81µm
m.u_conv3.u_weights._08821_,10.81µm
m.u_conv3.u_weights._08998_,10.81µm
m.u_conv3.u_weights._09208_,10.81µm
m.u_conv3.u_weights._09996_,10.81µm
m.u_conv3.u_weights._11036_,10.81µm
m.u_conv3.u_weights._12041_,10.81µm
m.u_conv3.u_weights._12367_,10.81µm
m.u_conv3.u_weights._13562_,10.81µm
m.u_conv3.u_weights._14217_,10.81µm
m.u_conv3.u_weights._15248_,10.81µm
m.u_conv3.u_weights._15664_,10.81µm
m.u_pool2._054_,10.81µm
m.u_conv2.acc\[40\]\[4\],10.805µm
m.u_conv3.u_weights._12840_,10.805µm
m.u_conv1.u_loader._241_,10.8µm
m.u_conv2._1559_,10.8µm
m.u_conv2.acc\[43\]\[3\],10.8µm
m.u_conv3.u_weights._01806_,10.8µm
m.u_conv3.u_weights._02714_,10.8µm
m.u_conv3.u_weights._03026_,10.8µm
m.u_conv3.u_weights._03404_,10.8µm
m.u_conv3.u_weights._03942_,10.8µm
m.u_conv3.u_weights._05201_,10.8µm
m.u_conv3.u_weights._08119_,10.8µm
m.u_conv3.u_weights._08641_,10.8µm
m.u_conv3.u_weights._09071_,10.8µm
m.u_conv3.u_weights._09084_,10.8µm
m.u_conv3.u_weights._10890_,10.8µm
m.u_conv3.u_weights._13431_,10.8µm
m.u_conv3.u_weights._13735_,10.8µm
m.u_conv3.u_weights._14589_,10.8µm
m.u_conv3.u_weights._15726_,10.8µm
m.u_tree._0175_,10.8µm
net1870,10.8µm
net2030,10.8µm
net2081,10.8µm
net2323,10.8µm
m.u_conv3.u_weights._00066_,10.795µm
m.u_conv3.u_weights._02906_,10.795µm
m.u_conv3.u_weights._05609_,10.795µm
m.u_conv3.u_weights._05981_,10.795µm
m.u_conv3.u_weights._11620_,10.795µm
m.u_conv3.u_weights._15309_,10.795µm
m.u_conv3.u_weights._15561_,10.795µm
m.u_tree._0564_,10.795µm
m.u_conv3.u_weights._01196_,10.785µm
m.u_conv3.u_weights._10426_,10.78µm
m.u_conv3.u_weights._01062_,10.775µm
m.u_pool1.top_byte_reg\[5\],10.775µm
m.u_conv3.u_weights._02428_,10.77µm
m.u_conv3.u_weights._15255_,10.77µm
m.u_conv3.u_weights._15287_,10.77µm
m.u_pool1.bot_byte_reg\[1\],10.77µm
m.conv3_done,10.76µm
m.u_conv3.u_weights._00234_,10.76µm
m.u_conv3.u_weights._00566_,10.76µm
m.u_conv3.u_weights._02997_,10.76µm
m.u_conv3.u_weights._04049_,10.76µm
m.u_conv3.u_weights._08767_,10.76µm
m.u_conv3.u_weights._11669_,10.76µm
m.u_conv3.u_weights._12026_,10.76µm
m.u_conv3.u_weights._12306_,10.76µm
m.u_conv3.u_weights._12778_,10.76µm
m.u_conv3.u_weights._13825_,10.76µm
m.u_conv3.u_weights._14365_,10.76µm
m.u_conv3.u_weights._00655_,10.755µm
m.u_conv3.u_weights._03876_,10.755µm
m.u_conv3.u_weights._04891_,10.755µm
m.u_conv1.u_weights._151_,10.75µm
m.u_conv2._1049_,10.75µm
m.u_conv2._1071_,10.75µm
m.u_conv2.acc\[58\]\[3\],10.75µm
m.u_conv3.u_weights._01421_,10.75µm
m.u_conv3.u_weights._01528_,10.75µm
m.u_conv3.u_weights._01919_,10.75µm
m.u_conv3.u_weights._02784_,10.75µm
m.u_conv3.u_weights._06670_,10.75µm
m.u_conv3.u_weights._07239_,10.75µm
m.u_conv3.u_weights._07499_,10.75µm
m.u_conv3.u_weights._08144_,10.75µm
m.u_conv3.u_weights._08704_,10.75µm
m.u_conv3.u_weights._10057_,10.75µm
m.u_conv3.u_weights._10509_,10.75µm
m.u_conv3.u_weights._12930_,10.75µm
m.u_conv3.u_weights._14424_,10.75µm
m.u_conv3.u_weights._14918_,10.75µm
m.u_conv3.u_weights._11004_,10.745µm
m.u_conv2._0586_,10.74µm
m.u_conv2._0670_,10.74µm
m.u_conv2._1123_,10.74µm
m.u_conv2._1139_,10.74µm
m.u_conv2._1448_,10.74µm
m.u_conv3.u_weights._03822_,10.74µm
m.u_conv3.u_weights._04924_,10.74µm
m.u_conv3.u_weights._05228_,10.74µm
m.u_conv3.u_weights._13082_,10.74µm
m.u_tree._1367_,10.74µm
m.u_conv3.u_weights._00940_,10.735µm
m.u_conv3.u_weights._04235_,10.735µm
m.u_conv3.u_weights._04861_,10.735µm
m.u_conv3.u_weights._08048_,10.735µm
m.u_conv3.u_weights._10474_,10.735µm
m.u_conv3.u_weights._11615_,10.735µm
m.u_conv3.u_weights._12455_,10.735µm
m.u_conv3.u_weights._12467_,10.735µm
m.u_conv3.u_weights._15340_,10.735µm
m.u_tree._0127_,10.735µm
m.u_conv3.u_weights._02041_,10.72µm
m.u_conv3.u_weights._05801_,10.72µm
m.u_conv3.u_weights._12254_,10.72µm
m.u_conv3.u_weights._14931_,10.72µm
m.u_conv3.u_weights._07902_,10.715µm
m.u_conv3.u_weights._14945_,10.715µm
m.u_conv3.u_weights._01179_,10.71µm
m.u_conv3.u_weights._05403_,10.71µm
m.u_conv3.u_weights._06460_,10.71µm
m.u_conv3.u_weights._11466_,10.71µm
m.u_conv3.u_weights._12933_,10.71µm
m.u_conv3.u_weights._13517_,10.71µm
m.u_conv3.u_weights._14667_,10.71µm
m.u_conv3.u_weights._15219_,10.71µm
uo_out[2],10.71µm
m.u_conv2.u_loader._136_,10.705µm
m.u_conv3.u_weights._01877_,10.705µm
m.u_conv3.u_weights._02742_,10.705µm
m.u_conv3.u_weights._05961_,10.705µm
m.u_conv3.u_weights._11511_,10.705µm
m.u_conv1._135_,10.7µm
m.u_conv1.u_loader._349_,10.7µm
m.u_conv1.u_weights._021_,10.7µm
m.u_conv2.u_loader._317_,10.7µm
m.u_conv3.u_weights._00301_,10.7µm
m.u_conv3.u_weights._00618_,10.7µm
m.u_conv3.u_weights._00799_,10.7µm
m.u_conv3.u_weights._00911_,10.7µm
m.u_conv3.u_weights._01601_,10.7µm
m.u_conv3.u_weights._02730_,10.7µm
m.u_conv3.u_weights._04105_,10.7µm
m.u_conv3.u_weights._04219_,10.7µm
m.u_conv3.u_weights._04665_,10.7µm
m.u_conv3.u_weights._10419_,10.7µm
m.u_conv3.u_weights._11981_,10.7µm
m.u_conv3.u_weights._12087_,10.7µm
m.u_conv3.u_weights._12152_,10.7µm
m.u_conv3.u_weights._13644_,10.7µm
m.u_conv3.u_weights._13672_,10.7µm
m.u_conv3.u_weights._14574_,10.7µm
net2282,10.7µm
m.u_conv1._095_,10.695µm
m.u_conv1._071_,10.69µm
m.u_conv1.u_loader._398_,10.69µm
m.u_conv2._0378_,10.69µm
m.u_conv3._137_,10.69µm
m.u_conv3.u_weights._00925_,10.69µm
m.u_conv3.u_weights._01037_,10.69µm
m.u_conv3.u_weights._02070_,10.69µm
m.u_conv3.u_weights._02492_,10.69µm
m.u_conv3.u_weights._08099_,10.69µm
m.u_conv3.u_weights._08282_,10.69µm
m.u_conv3.u_weights._08752_,10.69µm
m.u_conv3.u_weights._09815_,10.69µm
m.u_conv3.u_weights._10411_,10.69µm
m.u_conv3.u_weights._10829_,10.69µm
m.u_conv3.u_weights._11737_,10.69µm
m.u_conv3.u_weights._12743_,10.69µm
m.u_conv3.u_weights._13120_,10.69µm
m.u_conv3.u_weights._13496_,10.69µm
m.u_conv3.u_weights._13522_,10.69µm
net1868,10.69µm
m.u_conv1.u_loader._186_,10.68µm
m.u_conv3.u_weights._00009_,10.68µm
m.u_conv3.u_weights._03853_,10.68µm
m.u_conv3.u_weights._03873_,10.68µm
m.u_conv3.u_weights._05165_,10.68µm
m.u_conv3.u_weights._06726_,10.68µm
m.u_conv3.u_weights._08271_,10.68µm
m.u_conv3.u_weights._08980_,10.68µm
m.u_conv3.u_weights._09659_,10.68µm
m.u_conv3.u_weights._09848_,10.68µm
m.u_conv3.u_weights._11680_,10.68µm
m.u_conv3.u_weights._14994_,10.68µm
m.u_tree._0379_,10.68µm
m.u_tree._0627_,10.68µm
m.u_conv3.u_weights._07473_,10.675µm
m.u_conv2._1420_,10.665µm
net2648,10.665µm
m.u_pool1._181_,10.66µm
m.u_conv3.u_weights._11217_,10.65µm
m.u_conv3.u_weights._00257_,10.64µm
m.u_conv3.u_weights._02628_,10.64µm
m.u_conv3.u_weights._03628_,10.64µm
m.u_conv3.u_weights._04216_,10.64µm
m.u_conv3.u_weights._07833_,10.64µm
m.u_conv3.u_weights._08450_,10.64µm
m.u_conv3.u_weights._09441_,10.64µm
m.u_conv3.u_weights._09552_,10.64µm
m.u_conv3.u_weights._13153_,10.64µm
m.u_conv3.u_weights._13948_,10.64µm
m.u_conv3.u_weights._14346_,10.64µm
m.u_tree._1007_,10.64µm
m.u_conv3.u_weights._08640_,10.635µm
m.u_tree._1022_,10.635µm
m.u_conv2.acc\[37\]\[3\],10.63µm
m.u_conv3.u_weights._04231_,10.63µm
m.u_conv3.u_weights._06921_,10.63µm
m.u_conv3.u_weights._07530_,10.63µm
m.u_conv3.u_weights._13824_,10.63µm
m.u_conv2._1199_,10.62µm
m.u_conv3.u_weights._04362_,10.62µm
m.u_conv3.u_weights._07483_,10.62µm
m.u_conv3.u_weights._07647_,10.62µm
m.u_conv3.u_weights._11167_,10.62µm
m.u_conv3.u_weights._12849_,10.62µm
m.u_conv3.u_weights._15087_,10.62µm
m.u_tree._1561_,10.62µm
net3038,10.62µm
m.u_conv3.u_weights._01560_,10.615µm
m.u_conv3.u_weights._10160_,10.615µm
m.u_conv3.u_weights._10242_,10.615µm
m.u_conv3.u_weights._15475_,10.615µm
m.u_conv3.u_weights._06425_,10.6µm
m.u_conv3.u_weights._08805_,10.6µm
m.u_conv3.u_weights._11090_,10.6µm
m.u_conv3.u_weights._14501_,10.6µm
m.u_conv2.u_weights._346_,10.595µm
m.u_conv3.u_weights._06017_,10.595µm
m.u_conv3.u_weights._10115_,10.595µm
m.u_conv3.u_weights._00515_,10.59µm
m.u_conv3.u_weights._01933_,10.59µm
m.u_conv3.u_weights._02777_,10.59µm
m.u_conv3.u_weights._04264_,10.59µm
m.u_conv3.u_weights._04757_,10.59µm
m.u_conv3.u_weights._05453_,10.59µm
m.u_conv3.u_weights._15221_,10.59µm
m.u_conv3.u_weights._01524_,10.585µm
m.u_conv3.u_weights._07823_,10.585µm
m.u_conv3.u_weights._11025_,10.585µm
m.u_conv3.u_weights._14636_,10.585µm
m.u_conv3.u_weights._15078_,10.585µm
m.u_conv3.u_weights._15233_,10.585µm
m.u_conv2.u_weights._042_,10.58µm
m.u_conv3.u_weights._00408_,10.58µm
m.u_conv3.u_weights._07277_,10.58µm
m.u_conv3.u_weights._08049_,10.58µm
m.u_conv1.u_weights._092_,10.575µm
m.u_conv1.loader_buffer\[0\],10.57µm
m.u_conv2.acc\[13\]\[6\],10.57µm
m.u_conv2.u_loader.state\[1\],10.57µm
m.u_conv3.u_weights._00082_,10.57µm
m.u_conv3.u_weights._00548_,10.57µm
m.u_conv3.u_weights._05486_,10.57µm
m.u_conv3.u_weights._06959_,10.57µm
m.u_conv3.u_weights._08694_,10.57µm
m.u_conv3.u_weights._12554_,10.57µm
m.u_conv3.u_weights._12921_,10.57µm
m.u_conv3.u_weights._14670_,10.57µm
m.u_conv3.u_weights._14939_,10.57µm
net2379,10.57µm
net2413,10.57µm
net2573,10.57µm
net2582,10.57µm
net2696,10.57µm
net2865,10.57µm
m.u_conv2._0798_,10.56µm
m.u_conv3.u_weights._00037_,10.56µm
m.u_conv3.u_weights._01573_,10.56µm
m.u_conv3.u_weights._02216_,10.56µm
m.u_conv3.u_weights._04840_,10.56µm
m.u_conv3.u_weights._06780_,10.56µm
m.u_conv3.u_weights._07651_,10.56µm
m.u_conv3.u_weights._09337_,10.56µm
m.u_conv3.u_weights._12463_,10.56µm
m.u_conv3.u_weights._15057_,10.56µm
m.u_conv3.u_weights._15213_,10.56µm
m.u_pool1._074_,10.56µm
net1975,10.56µm
m.u_conv3.u_weights._00811_,10.555µm
m.u_conv3.u_weights._14762_,10.555µm
m.u_conv3.u_weights._13863_,10.55µm
m.u_conv3.u_weights._01518_,10.545µm
m.u_conv3.u_weights._05098_,10.545µm
m.u_conv3.u_weights._11431_,10.545µm
m.u_conv3.u_weights._13530_,10.545µm
m.u_conv3.u_weights._14066_,10.545µm
m.u_conv3.u_weights._07152_,10.54µm
m.u_conv3.u_weights._05120_,10.535µm
m.u_conv3.u_weights._05497_,10.535µm
m.u_conv3.u_weights._01879_,10.53µm
m.u_conv3.u_weights._01895_,10.53µm
m.u_conv3.u_weights._09394_,10.53µm
m.u_conv2._0964_,10.52µm
m.u_conv3.u_weights._06011_,10.52µm
m.u_conv3.u_weights._06550_,10.52µm
m.u_conv3.u_weights._12069_,10.52µm
m.u_conv3.u_weights._15212_,10.52µm
m.u_tree._0804_,10.52µm
m.u_conv3.u_weights._13660_,10.515µm
m.u_conv1.state\[2\],10.51µm
m.u_conv2._1006_,10.51µm
m.u_conv2._1126_,10.51µm
m.u_conv2._1181_,10.51µm
m.u_conv2._1250_,10.51µm
m.u_conv2._1321_,10.51µm
m.u_conv2._1350_,10.51µm
m.u_conv2._1383_,10.51µm
m.u_conv2._1464_,10.51µm
m.u_conv2._1465_,10.51µm
m.u_conv2._1477_,10.51µm
m.u_conv2._1478_,10.51µm
m.u_conv2._1551_,10.51µm
m.u_conv2._1564_,10.51µm
m.u_conv2._1571_,10.51µm
m.u_conv2.acc\[7\]\[3\],10.51µm
m.u_conv2.u_loader._157_,10.51µm
m.u_conv3._201_,10.51µm
m.u_conv3.u_weights._01326_,10.51µm
m.u_conv3.u_weights._01835_,10.51µm
m.u_conv3.u_weights._02042_,10.51µm
m.u_conv3.u_weights._04968_,10.51µm
m.u_conv3.u_weights._06976_,10.51µm
m.u_conv3.u_weights._09006_,10.51µm
m.u_conv3.u_weights._09271_,10.51µm
m.u_conv3.u_weights._09779_,10.51µm
m.u_conv3.u_weights._10156_,10.51µm
m.u_conv3.u_weights._10196_,10.51µm
m.u_conv3.u_weights._11338_,10.51µm
m.u_conv3.u_weights._13518_,10.51µm
m.u_conv3.u_weights._15384_,10.51µm
m.u_tree._0531_,10.51µm
m.u_tree._1155_,10.51µm
net2675,10.51µm
net2882,10.51µm
m.u_conv3.u_weights._14490_,10.505µm
m.u_conv1.u_weights._099_,10.5µm
m.u_conv2._1088_,10.5µm
m.u_conv2._1103_,10.5µm
m.u_conv2._1336_,10.5µm
m.u_conv2.acc\[4\]\[0\],10.5µm
m.u_conv2.u_loader._094_,10.5µm
m.u_conv2.u_loader._240_,10.5µm
m.u_conv3.u_weights._00214_,10.5µm
m.u_conv3.u_weights._00895_,10.5µm
m.u_conv3.u_weights._01900_,10.5µm
m.u_conv3.u_weights._02131_,10.5µm
m.u_conv3.u_weights._02813_,10.5µm
m.u_conv3.u_weights._03134_,10.5µm
m.u_conv3.u_weights._03893_,10.5µm
m.u_conv3.u_weights._05443_,10.5µm
m.u_conv3.u_weights._07210_,10.5µm
m.u_conv3.u_weights._07742_,10.5µm
m.u_conv3.u_weights._08551_,10.5µm
m.u_conv2.acc\[8\]\[4\],10.495µm
m.u_conv3.u_weights._02176_,10.495µm
m.u_conv3.u_weights._03690_,10.495µm
m.u_conv3.u_weights._04766_,10.495µm
m.u_conv3.u_weights._06044_,10.495µm
m.u_conv3.u_weights._13242_,10.495µm
m.u_conv3.u_weights._14214_,10.495µm
m.u_conv3.u_weights._14745_,10.495µm
m.u_conv3.u_weights._15598_,10.495µm
m.u_pool1._086_,10.495µm
m.u_conv3.u_weights._05350_,10.49µm
m.u_conv3.u_weights._15425_,10.49µm
m.u_conv2._0105_,10.485µm
net2201,10.485µm
m.u_conv2.acc\[11\]\[5\],10.485µm
m.u_conv3.u_weights._02006_,10.485µm
m.u_conv3.u_weights._08618_,10.485µm
m.u_conv3.u_weights._11890_,10.48µm
m.u_conv1._134_,10.475µm
m.u_conv3.u_weights._08739_,10.475µm
m.u_conv3.u_weights._10974_,10.475µm
m.u_conv3.u_weights._13607_,10.475µm
m.u_conv1.u_weights._076_,10.47µm
m.u_conv3.u_weights._01060_,10.47µm
m.u_conv3.u_weights._14259_,10.47µm
m.u_conv3.u_weights._01803_,10.465µm
m.u_conv3.u_weights._07004_,10.465µm
m.u_conv3.u_weights._13783_,10.465µm
m.u_tree._0923_,10.465µm
m.u_conv3.u_weights._02912_,10.46µm
m.u_conv3.u_weights._02974_,10.46µm
m.u_conv3.u_weights._03126_,10.46µm
m.u_conv3.u_weights._06529_,10.46µm
m.u_conv3.u_weights._07203_,10.46µm
m.u_conv3.u_weights._08976_,10.46µm
m.u_conv3.u_weights._10902_,10.46µm
m.u_conv3.u_weights._10983_,10.46µm
m.u_conv3.u_weights._11985_,10.46µm
m.u_conv3.u_weights._12783_,10.46µm
m.u_conv3.u_weights._13910_,10.46µm
m.u_tree._0304_,10.46µm
m.u_tree._0752_,10.46µm
m.u_tree._1527_,10.46µm
m.u_conv1._072_,10.45µm
m.u_conv1.u_loader._224_,10.45µm
m.u_conv2._0645_,10.45µm
m.u_conv2._1074_,10.45µm
m.u_conv2.acc\[24\]\[6\],10.45µm
m.u_conv2.acc\[49\]\[2\],10.45µm
m.u_conv2.u_weights._256_,10.45µm
m.u_conv2.u_weights._382_,10.45µm
m.u_conv3.u_weights._00411_,10.45µm
m.u_conv3.u_weights._00806_,10.45µm
m.u_conv3.u_weights._00855_,10.45µm
m.u_conv3.u_weights._01430_,10.45µm
m.u_conv3.u_weights._02114_,10.45µm
m.u_conv3.u_weights._02525_,10.45µm
m.u_conv3.u_weights._03489_,10.45µm
m.u_conv3.u_weights._04002_,10.45µm
m.u_conv3.u_weights._04796_,10.45µm
m.u_conv3.u_weights._05278_,10.45µm
m.u_conv3.u_weights._05770_,10.45µm
m.u_conv3.u_weights._05818_,10.45µm
m.u_conv3.u_weights._06426_,10.45µm
m.u_conv3.u_weights._06704_,10.45µm
m.u_conv3.u_weights._07312_,10.45µm
m.u_conv3.u_weights._08517_,10.45µm
m.u_conv3.u_weights._08549_,10.45µm
m.u_conv3.u_weights._09138_,10.45µm
m.u_conv3.u_weights._09524_,10.45µm
m.u_conv3.u_weights._10002_,10.45µm
m.u_conv3.u_weights._11796_,10.45µm
m.u_conv3.u_weights._11900_,10.45µm
m.u_conv3.u_weights._14637_,10.45µm
m.u_conv3.u_weights._15251_,10.45µm
m.u_pool2._014_,10.45µm
m.u_tree._0421_,10.45µm
m.u_tree._0659_,10.45µm
net2753,10.45µm
net2866,10.45µm
m.u_conv2.acc\[40\]\[6\],10.445µm
m.u_conv3.u_weights._08953_,10.445µm
m.u_conv3.u_weights._11300_,10.445µm
m.u_conv1.u_loader._402_,10.44µm
m.u_conv2._0092_,10.44µm
m.u_conv2._0131_,10.44µm
m.u_conv2._0532_,10.44µm
m.u_conv2._0838_,10.44µm
m.u_conv2._1441_,10.44µm
m.u_conv2.acc\[44\]\[2\],10.44µm
m.u_conv3.u_weights._00140_,10.44µm
m.u_conv3.u_weights._00163_,10.44µm
m.u_conv3.u_weights._01246_,10.44µm
m.u_conv3.u_weights._01816_,10.44µm
m.u_conv3.u_weights._04017_,10.44µm
m.u_conv3.u_weights._05286_,10.44µm
m.u_conv3.u_weights._05858_,10.44µm
m.u_conv3.u_weights._07851_,10.44µm
m.u_conv3.u_weights._10947_,10.44µm
m.u_conv3.u_weights._11362_,10.44µm
m.u_conv3.u_weights._12191_,10.44µm
m.u_conv3.u_weights._12654_,10.44µm
m.u_conv3.u_weights._13412_,10.44µm
m.u_conv3.u_weights._13967_,10.44µm
m.u_conv3.u_weights._15430_,10.44µm
m.u_conv3.u_weights._15498_,10.44µm
m.u_conv3.u_weights._15756_,10.44µm
m.u_pool1._180_,10.44µm
m.u_tree._0364_,10.44µm
m.u_tree._1416_,10.44µm
m.u_conv2.acc\[3\]\[2\],10.435µm
m.u_conv2.u_loader._097_,10.435µm
m.u_conv3._229_,10.435µm
m.u_conv3.u_weights._02418_,10.435µm
m.u_conv3.u_weights._04283_,10.435µm
m.u_conv3.u_weights._04447_,10.435µm
m.u_conv3.u_weights._07319_,10.435µm
m.u_conv3.u_weights._07325_,10.435µm
m.u_conv3.u_weights._09875_,10.435µm
m.u_conv3.u_weights._11500_,10.435µm
m.u_conv3.u_weights._14172_,10.435µm
m.u_conv3.u_weights._15138_,10.435µm
m.u_conv3.u_weights._15194_,10.435µm
m.u_tree._0408_,10.435µm
net2870,10.435µm
m.u_conv3.u_weights._10222_,10.43µm
m.u_conv3.u_weights._14736_,10.43µm
m.u_conv2.acc\[51\]\[2\],10.425µm
m.u_conv3.u_weights._05206_,10.425µm
m.u_conv3.u_weights._05865_,10.425µm
m.u_conv2.u_loader._194_,10.42µm
m.u_conv3.u_weights._01436_,10.42µm
m.u_conv3.u_weights._01908_,10.42µm
m.u_conv3.u_weights._03088_,10.42µm
m.u_conv3.u_weights._10680_,10.42µm
m.u_conv3.u_weights._11030_,10.42µm
m.u_conv3.u_weights._11650_,10.42µm
m.u_conv3.u_weights._12127_,10.42µm
m.u_conv3.u_weights._12223_,10.42µm
m.u_conv3.u_weights._14269_,10.42µm
m.u_tree._1032_,10.42µm
m.u_conv3.u_weights._00633_,10.415µm
m.u_conv3.u_weights._00109_,10.41µm
m.u_conv3.u_weights._03660_,10.41µm
m.u_conv3.u_weights._03898_,10.41µm
m.u_conv3.u_weights._08850_,10.41µm
m.u_conv2.u_loader._387_,10.405µm
m.u_conv3.u_weights._01519_,10.405µm
m.u_conv3.u_weights._05002_,10.405µm
m.u_conv3.u_weights._06506_,10.405µm
m.u_conv3.u_weights._08360_,10.405µm
m.u_conv3.u_weights._10576_,10.405µm
m.u_conv3.u_weights._00850_,10.4µm
m.u_conv3.u_weights._01556_,10.4µm
m.u_conv3.u_weights._01665_,10.4µm
m.u_conv3.u_weights._02083_,10.4µm
m.u_conv3.u_weights._03800_,10.4µm
m.u_conv3.u_weights._04485_,10.4µm
m.u_conv3.u_weights._04686_,10.4µm
m.u_conv3.u_weights._05050_,10.4µm
m.u_conv3.u_weights._05380_,10.4µm
m.u_conv3.u_weights._06060_,10.4µm
m.u_conv3.u_weights._08444_,10.4µm
m.u_conv3.u_weights._08835_,10.4µm
m.u_conv3.u_weights._12158_,10.4µm
m.u_conv3.u_weights._12303_,10.4µm
m.u_conv3.u_weights._14975_,10.4µm
m.u_conv3.u_weights._15100_,10.4µm
m.u_conv3.u_weights._15686_,10.4µm
m.u_conv3.u_weights._15724_,10.4µm
m.u_tree._0068_,10.4µm
m.u_conv2._1512_,10.39µm
m.u_conv3.u_weights._00690_,10.39µm
m.u_conv3.u_weights._02806_,10.39µm
m.u_conv3.u_weights._05601_,10.39µm
m.u_conv3.u_weights._05962_,10.39µm
m.u_conv3.u_weights._10033_,10.39µm
m.u_conv3.u_weights._11761_,10.39µm
m.u_conv3.u_weights._12702_,10.39µm
m.u_conv3.u_weights._13941_,10.39µm
m.u_tree._1499_,10.39µm
m.u_conv2.u_weights._245_,10.385µm
m.u_conv3.u_weights._05134_,10.385µm
m.u_conv3.u_weights._15655_,10.385µm
m.u_conv3.u_weights._05869_,10.38µm
m.u_conv3.u_weights._10840_,10.38µm
m.u_conv3.u_weights._11690_,10.38µm
m.u_conv3.u_weights._12022_,10.38µm
m.u_conv3.u_weights._14145_,10.38µm
m.u_conv3.u_weights._15625_,10.38µm
m.u_pool2._141_,10.38µm
m.u_conv3.u_weights._01213_,10.375µm
m.u_conv3.u_weights._02480_,10.375µm
m.u_conv3.u_weights._03556_,10.375µm
m.u_conv3.u_weights._03655_,10.375µm
m.u_conv3.u_weights._04353_,10.375µm
m.u_conv3.u_weights._05509_,10.375µm
m.u_conv3.u_weights._09512_,10.375µm
m.u_conv3.u_weights._10872_,10.375µm
m.u_conv3.u_weights._01813_,10.37µm
m.u_conv3.u_weights._10638_,10.37µm
m.u_conv3.u_weights._00728_,10.365µm
m.u_conv3.u_weights._13476_,10.365µm
net1973,10.365µm
m.u_conv3.u_weights._03024_,10.355µm
m.u_conv3.u_weights._05419_,10.355µm
m.u_conv3.u_weights._12222_,10.355µm
m.u_conv1.u_loader._147_,10.35µm
m.u_conv3.u_weights._01279_,10.35µm
m.u_conv3.u_weights._01378_,10.35µm
m.u_conv3.u_weights._06344_,10.35µm
m.u_conv3.u_weights._11142_,10.35µm
m.u_conv3.u_weights._12492_,10.35µm
m.u_conv3.u_weights._12732_,10.35µm
m.u_conv3.u_weights._14716_,10.35µm
m.u_conv3.u_weights._15351_,10.35µm
m.u_tree._1113_,10.35µm
m.u_conv3.u_weights._01365_,10.345µm
m.u_conv3.u_weights._05836_,10.345µm
m.u_conv3.u_weights._07899_,10.345µm
m.u_conv3.u_weights._09672_,10.345µm
m.u_conv3.u_weights._10903_,10.345µm
m.u_conv3.u_weights._12137_,10.345µm
m.u_conv3.u_weights._12195_,10.345µm
m.u_conv3.u_weights._15668_,10.345µm
m.u_tree._1181_,10.345µm
m.u_conv1.u_loader._095_,10.34µm
m.u_conv1.u_weights._084_,10.34µm
m.u_conv3.u_weights._00019_,10.34µm
m.u_conv3.u_weights._00119_,10.34µm
m.u_conv3.u_weights._02203_,10.34µm
m.u_conv3.u_weights._02278_,10.34µm
m.u_conv3.u_weights._02794_,10.34µm
m.u_conv3.u_weights._02832_,10.34µm
m.u_conv3.u_weights._02943_,10.34µm
m.u_conv3.u_weights._03108_,10.34µm
m.u_conv3.u_weights._03139_,10.34µm
m.u_conv3.u_weights._04046_,10.34µm
m.u_conv3.u_weights._04155_,10.34µm
m.u_conv3.u_weights._04418_,10.34µm
m.u_conv3.u_weights._04483_,10.34µm
m.u_conv3.u_weights._04604_,10.34µm
m.u_conv3.u_weights._05298_,10.34µm
m.u_conv3.u_weights._06054_,10.34µm
m.u_conv3.u_weights._08061_,10.34µm
m.u_conv3.u_weights._10129_,10.34µm
m.u_conv3.u_weights._11547_,10.34µm
m.u_conv3.u_weights._12649_,10.34µm
m.u_conv3.u_weights._14175_,10.34µm
m.u_conv3.u_weights._14657_,10.34µm
m.u_conv3.u_weights._14910_,10.34µm
m.u_conv3.u_weights._15295_,10.34µm
net2032,10.34µm
net2294,10.34µm
net2615,10.34µm
net2622,10.34µm
net2680,10.34µm
net2879,10.34µm
net2895,10.34µm
net2926,10.34µm
net2937,10.34µm
net2996,10.34µm
m.u_conv3.u_weights._05905_,10.335µm
m._096_,10.33µm
m.u_conv1.u_weights._039_,10.33µm
m.u_conv2._0167_,10.33µm
m.u_conv2._1187_,10.33µm
m.u_conv2.acc\[40\]\[5\],10.33µm
m.u_conv2.acc\[7\]\[1\],10.33µm
m.u_conv2.u_loader._425_,10.33µm
m.u_conv3.u_weights._00286_,10.33µm
m.u_conv3.u_weights._00839_,10.33µm
m.u_conv3.u_weights._01253_,10.33µm
m.u_conv3.u_weights._02199_,10.33µm
m.u_conv3.u_weights._02219_,10.33µm
m.u_conv3.u_weights._02843_,10.33µm
m.u_conv3.u_weights._03054_,10.33µm
m.u_conv3.u_weights._03770_,10.33µm
m.u_conv3.u_weights._04113_,10.33µm
m.u_conv3.u_weights._06168_,10.33µm
m.u_conv3.u_weights._06233_,10.33µm
m.u_conv3.u_weights._06350_,10.33µm
m.u_conv3.u_weights._08170_,10.33µm
m.u_conv3.u_weights._08502_,10.33µm
m.u_conv3.u_weights._08724_,10.33µm
m.u_conv3.u_weights._10190_,10.33µm
m.u_conv3.u_weights._12394_,10.33µm
m.u_conv3.u_weights._12634_,10.33µm
m.u_conv3.u_weights._13678_,10.33µm
m.u_conv3.u_weights._14244_,10.33µm
m.u_conv3.u_weights._14754_,10.33µm
m.u_conv3.u_weights._14968_,10.33µm
m.u_conv3.u_weights._15017_,10.33µm
m.u_pool1.top_byte_reg\[0\],10.33µm
m.u_tree._1021_,10.33µm
m.u_tree._1161_,10.33µm
m.u_tree._1538_,10.33µm
m.u_conv2.acc\[53\]\[3\],10.325µm
m.u_conv3.u_weights._15269_,10.325µm
m.u_tree._0007_,10.325µm
m.u_tree._0656_,10.325µm
m.u_tree._0734_,10.325µm
m.u_conv3.u_weights._00688_,10.32µm
m.u_conv3.u_weights._00888_,10.32µm
m.u_conv3.u_weights._01117_,10.32µm
m.u_conv3.u_weights._02366_,10.32µm
m.u_conv3.u_weights._04237_,10.32µm
m.u_conv3.u_weights._04681_,10.32µm
m.u_conv3.u_weights._04942_,10.32µm
m.u_conv3.u_weights._06374_,10.32µm
m.u_conv3.u_weights._06974_,10.32µm
m.u_conv3.u_weights._08121_,10.32µm
m.u_conv3.u_weights._08554_,10.32µm
m.u_conv3.u_weights._10226_,10.32µm
m.u_conv3.u_weights._11677_,10.32µm
m.u_conv3.u_weights._12685_,10.32µm
m.u_conv3.u_weights._13022_,10.32µm
m.u_conv3.u_weights._13109_,10.32µm
m.u_conv3.u_weights._13118_,10.32µm
m.u_conv3.u_weights._13209_,10.32µm
m.u_conv3.u_weights._13228_,10.32µm
m.u_conv3.u_weights._13587_,10.32µm
m.u_conv3.u_weights._14458_,10.32µm
m.u_conv3.u_weights._14547_,10.32µm
m.u_pool2._133_,10.32µm
m.u_pool2._138_,10.32µm
m.u_conv1.u_weights._147_,10.315µm
m.u_conv3.u_weights._00808_,10.315µm
m.u_conv3.u_weights._01429_,10.315µm
m.u_conv3.u_weights._02086_,10.315µm
m.u_conv3.u_weights._02674_,10.315µm
m.u_conv3.u_weights._02749_,10.315µm
m.u_conv3.u_weights._03803_,10.315µm
m.u_conv3.u_weights._04564_,10.315µm
m.u_conv3.u_weights._05538_,10.315µm
m.u_conv3.u_weights._06570_,10.315µm
m.u_conv3.u_weights._10085_,10.315µm
m.u_conv3.u_weights._11479_,10.315µm
m.u_conv3.u_weights._11580_,10.315µm
m.u_conv3.u_weights._15191_,10.315µm
m.u_tree._0398_,10.315µm
m.u_tree._0449_,10.315µm
m.u_conv3.u_weights._09496_,10.31µm
m.u_conv3.u_weights._12116_,10.31µm
m.u_conv3.u_weights._01199_,10.305µm
m.u_conv3.u_weights._03335_,10.305µm
m.u_conv3.u_weights._04518_,10.305µm
m.u_conv3.u_weights._07564_,10.305µm
m.u_conv3.u_weights._10818_,10.305µm
m.u_conv3.u_weights._13379_,10.305µm
m.u_conv3.u_weights._14980_,10.305µm
m.u_pool2._046_,10.305µm
m.u_conv3.u_weights._12883_,10.3µm
m.u_conv3.u_weights._01473_,10.295µm
m.u_conv3.u_weights._03458_,10.295µm
m.u_conv3.u_weights._06890_,10.295µm
m.u_conv3.u_weights._09008_,10.295µm
m.u_conv3.u_weights._12788_,10.295µm
m.u_conv1.u_loader._021_,10.29µm
m.u_conv3.u_weights._09884_,10.29µm
m.u_pool2._120_,10.29µm
m.u_tree._0973_,10.29µm
m.u_conv3.u_weights._12364_,10.285µm
net2687,10.285µm
m.u_conv3.u_weights._00999_,10.28µm
m.u_conv3.u_weights._03023_,10.28µm
m.u_conv3.u_weights._08244_,10.28µm
m.u_conv3.u_weights._10716_,10.28µm
m.u_conv3.u_weights._10761_,10.28µm
m.u_conv3.u_weights._13437_,10.28µm
m.u_conv3.u_weights._15302_,10.28µm
m.u_tree._1247_,10.28µm
net2607,10.28µm
m.u_conv2.u_weights._215_,10.275µm
m.u_conv3.u_weights._02286_,10.275µm
m.u_conv2._1144_,10.27µm
m.u_conv2.u_loader._371_,10.27µm
m.u_conv3.u_weights._01101_,10.27µm
m.u_conv3.u_weights._01493_,10.27µm
m.u_conv3.u_weights._02188_,10.27µm
m.u_conv3.u_weights._04331_,10.27µm
m.u_conv3.u_weights._05044_,10.27µm
m.u_conv3.u_weights._06371_,10.27µm
m.u_conv3.u_weights._06654_,10.27µm
m.u_conv3.u_weights._08274_,10.27µm
m.u_conv3.u_weights._08695_,10.27µm
m.u_conv3.u_weights._09449_,10.27µm
m.u_conv3.u_weights._09719_,10.27µm
m.u_conv3.u_weights._13087_,10.27µm
m.u_conv3.u_weights._14941_,10.27µm
m.u_conv2.u_loader._239_,10.265µm
m.u_conv2._0589_,10.26µm
m.u_conv3.u_weights._02021_,10.26µm
m.u_conv3.u_weights._08657_,10.26µm
m.u_conv3.u_weights._09060_,10.26µm
m.u_conv3.u_weights._09708_,10.26µm
m.u_conv3.u_weights._13021_,10.26µm
m.u_conv3.u_weights._14006_,10.26µm
m.u_conv3.u_weights._14181_,10.26µm
m.u_conv3.u_weights._15700_,10.26µm
m.u_conv3.u_weights._03427_,10.255µm
m.u_conv3.u_weights._04460_,10.255µm
m.u_conv3.u_weights._05947_,10.255µm
m.u_conv3.u_weights._06220_,10.255µm
m.u_conv3.u_weights._06838_,10.255µm
m.u_conv3.u_weights._09068_,10.255µm
m.u_conv3.u_weights._13246_,10.255µm
m.u_conv2._1358_,10.25µm
m.u_conv3.u_weights._05288_,10.245µm
m.u_conv3.u_weights._09930_,10.24µm
m.u_pool2._050_,10.235µm
m.u_conv2.u_loader._067_,10.23µm
m.u_conv3.u_weights._00950_,10.23µm
m.u_conv3.u_weights._07931_,10.23µm
m.u_conv3.u_weights._12582_,10.23µm
m.u_conv3.u_weights._13721_,10.23µm
m.u_conv3.u_weights._15312_,10.23µm
net2310,10.23µm
m.u_conv2._0906_,10.225µm
m.u_conv3.u_weights._01153_,10.225µm
m.u_conv3.u_weights._01605_,10.225µm
m.u_conv3.u_weights._02300_,10.225µm
m.u_conv3.u_weights._06776_,10.225µm
m.u_conv3.u_weights._07327_,10.225µm
m.u_conv3.u_weights._12005_,10.225µm
m.u_conv3.u_weights._12420_,10.225µm
m.u_conv3._178_,10.22µm
m.u_conv3.u_weights._00268_,10.22µm
m.u_conv3.u_weights._00428_,10.22µm
m.u_conv3.u_weights._00434_,10.22µm
m.u_conv3.u_weights._00460_,10.22µm
m.u_conv3.u_weights._01212_,10.22µm
m.u_conv3.u_weights._01254_,10.22µm
m.u_conv3.u_weights._04206_,10.22µm
m.u_conv3.u_weights._04970_,10.22µm
m.u_conv3.u_weights._05076_,10.22µm
m.u_conv3.u_weights._05296_,10.22µm
m.u_conv3.u_weights._05661_,10.22µm
m.u_conv3.u_weights._05664_,10.22µm
m.u_conv3.u_weights._05735_,10.22µm
m.u_conv3.u_weights._05906_,10.22µm
m.u_conv3.u_weights._07554_,10.22µm
m.u_conv3.u_weights._07806_,10.22µm
m.u_conv3.u_weights._09235_,10.22µm
m.u_conv3.u_weights._09531_,10.22µm
m.u_conv3.u_weights._09549_,10.22µm
m.u_conv3.u_weights._09984_,10.22µm
m.u_conv3.u_weights._12803_,10.22µm
m.u_conv3.u_weights._13600_,10.22µm
m.u_conv3.u_weights._14693_,10.22µm
m.u_conv3.u_weights._14837_,10.22µm
m.u_tree._0563_,10.22µm
m.u_tree._1322_,10.22µm
m.u_conv2.u_loader._102_,10.215µm
m.u_conv3.u_weights._14078_,10.215µm
m.u_conv2._0314_,10.21µm
m.u_conv2.u_loader._025_,10.21µm
m.u_conv3.u_weights._00505_,10.21µm
m.u_conv3.u_weights._01944_,10.21µm
m.u_conv3.u_weights._02129_,10.21µm
m.u_conv3.u_weights._02159_,10.21µm
m.u_conv3.u_weights._02704_,10.21µm
m.u_conv3.u_weights._02972_,10.21µm
m.u_conv3.u_weights._03006_,10.21µm
m.u_conv3.u_weights._03022_,10.21µm
m.u_conv3.u_weights._03187_,10.21µm
m.u_conv3.u_weights._04186_,10.21µm
m.u_conv3.u_weights._04706_,10.21µm
m.u_conv3.u_weights._05648_,10.21µm
m.u_conv3.u_weights._06113_,10.21µm
m.u_conv3.u_weights._06326_,10.21µm
m.u_conv3.u_weights._06339_,10.21µm
m.u_conv3.u_weights._06593_,10.21µm
m.u_conv3.u_weights._07237_,10.21µm
m.u_conv3.u_weights._07405_,10.21µm
m.u_conv3.u_weights._07881_,10.21µm
m.u_conv3.u_weights._08917_,10.21µm
m.u_conv3.u_weights._10105_,10.21µm
m.u_conv3.u_weights._10205_,10.21µm
m.u_conv3.u_weights._10221_,10.21µm
m.u_conv3.u_weights._10281_,10.21µm
m.u_conv3.u_weights._10315_,10.21µm
m.u_conv3.u_weights._10408_,10.21µm
m.u_conv3.u_weights._10848_,10.21µm
m.u_conv3.u_weights._11790_,10.21µm
m.u_conv3.u_weights._12904_,10.21µm
m.u_conv3.u_weights._13730_,10.21µm
m.u_conv3.u_weights._13894_,10.21µm
m.u_conv3.u_weights._13912_,10.21µm
m.u_conv3.u_weights._14110_,10.21µm
m.u_conv3.u_weights._14569_,10.21µm
m.u_conv3.u_weights._14710_,10.21µm
m.u_conv3.u_weights._14804_,10.21µm
m.u_conv3.u_weights._15630_,10.21µm
m.u_tree._0809_,10.21µm
m.u_tree._1554_,10.21µm
m.u_conv2.u_weights._341_,10.205µm
m.u_conv3.u_weights._02173_,10.205µm
m.u_conv2._0785_,10.2µm
m.u_conv2._0855_,10.2µm
m.u_conv3.u_weights._01587_,10.2µm
m.u_conv3.u_weights._03701_,10.2µm
m.u_conv3.u_weights._04334_,10.2µm
m.u_conv3.u_weights._07166_,10.2µm
m.u_conv3.u_weights._10758_,10.2µm
m.u_tree._1458_,10.2µm
net2262,10.2µm
m.u_conv3.u_weights._04028_,10.195µm
m.u_conv3.u_weights._14059_,10.195µm
m.u_conv3.u_weights._04401_,10.185µm
m.u_conv3.u_weights._13771_,10.185µm
m.u_conv1.u_loader._389_,10.17µm
m.u_conv3.u_weights._05809_,10.17µm
m.u_conv3.u_weights._11728_,10.17µm
m.u_conv3.u_weights._03291_,10.165µm
m.u_conv3.u_weights._07433_,10.165µm
m.u_conv3.u_weights._10243_,10.165µm
m.u_conv3.u_weights._10743_,10.165µm
m.u_conv3.u_weights._02052_,10.16µm
m.u_conv3.u_weights._05461_,10.16µm
m.u_conv3.u_weights._06123_,10.16µm
m.u_conv3.u_weights._08314_,10.16µm
m.u_conv3.u_weights._10595_,10.16µm
m.u_conv3.u_weights._11697_,10.16µm
m.u_conv3.u_weights._12671_,10.16µm
m.u_conv3.u_weights._13212_,10.16µm
m.u_conv3.u_weights._14507_,10.16µm
m.u_tree._0856_,10.16µm
m.u_tree._1202_,10.16µm
m.u_conv3.u_weights._05985_,10.155µm
m.u_conv3.u_weights._11198_,10.155µm
m.u_conv2.acc\[34\]\[5\],10.15µm
m.u_conv3.u_weights._00987_,10.15µm
m.u_conv3.u_weights._01131_,10.15µm
m.u_conv3.u_weights._01411_,10.15µm
m.u_conv3.u_weights._08913_,10.15µm
m.u_conv3.u_weights._09880_,10.15µm
m.u_conv3.u_weights._10409_,10.15µm
m.u_conv3.u_weights._10852_,10.15µm
m.u_conv3.u_weights._12818_,10.15µm
m.u_tree._0495_,10.15µm
m.u_conv1._178_,10.14µm
m.u_conv2._1012_,10.14µm
m.u_conv2._1131_,10.14µm
m.u_conv2._1251_,10.14µm
m.u_conv2._1304_,10.14µm
m.u_conv2._1402_,10.14µm
m.u_conv3.u_weights._01891_,10.14µm
m.u_conv3.u_weights._02977_,10.14µm
m.u_conv3.u_weights._03633_,10.14µm
m.u_conv3.u_weights._04029_,10.14µm
m.u_conv3.u_weights._05434_,10.14µm
m.u_conv3.u_weights._06276_,10.14µm
m.u_conv3.u_weights._06424_,10.14µm
m.u_conv3.u_weights._07175_,10.14µm
m.u_conv3.u_weights._07451_,10.14µm
m.u_conv3.u_weights._07534_,10.14µm
m.u_conv3.u_weights._07759_,10.14µm
m.u_conv3.u_weights._10148_,10.14µm
m.u_conv3.u_weights._12923_,10.14µm
m.u_conv3.u_weights._14010_,10.14µm
m.u_pool1._067_,10.14µm
m.u_tree._0337_,10.14µm
net2662,10.14µm
m.u_conv3.u_weights._07456_,10.135µm
m.u_conv3.u_weights._09929_,10.125µm
m.u_conv3.u_weights._13520_,10.125µm
m.u_tree._0771_,10.125µm
m.u_conv3.u_weights._05295_,10.12µm
m.u_conv3.u_weights._12035_,10.12µm
m.u_conv3.u_weights._04625_,10.115µm
m.u_conv3.u_weights._11820_,10.115µm
m.u_conv3.u_weights._01795_,10.11µm
m.u_conv3.u_weights._02312_,10.11µm
m.u_conv3.u_weights._04669_,10.11µm
m.u_conv3.u_weights._05266_,10.11µm
m.u_conv3.u_weights._05702_,10.11µm
m.u_conv3.u_weights._06751_,10.11µm
m.u_conv3.u_weights._07344_,10.11µm
m.u_conv3.u_weights._08036_,10.11µm
m.u_conv3.u_weights._08886_,10.11µm
m.u_conv3.u_weights._10987_,10.11µm
m.u_conv3.u_weights._11567_,10.11µm
m.u_conv2._0521_,10.105µm
m.u_conv3.u_weights._00853_,10.105µm
m.u_conv3.u_weights._01420_,10.105µm
m.u_conv3.u_weights._02157_,10.105µm
m.u_conv3.u_weights._03249_,10.105µm
m.u_conv3.u_weights._07349_,10.105µm
m.u_conv3.u_weights._07375_,10.105µm
m.u_conv3.u_weights._07907_,10.105µm
m.u_conv3.u_weights._10082_,10.105µm
m.u_conv3.u_weights._10110_,10.105µm
m.u_conv3.u_weights._11245_,10.105µm
m.u_conv3.u_weights._11410_,10.105µm
m.u_conv3.u_weights._11759_,10.105µm
m.u_conv3.u_weights._12055_,10.105µm
m.u_tree._0830_,10.105µm
m.u_conv3.u_weights._02580_,10.1µm
m.u_conv3.u_weights._03076_,10.1µm
m.u_conv3.u_weights._05518_,10.1µm
m.u_conv3.u_weights._06745_,10.1µm
m.u_conv3.u_weights._07918_,10.1µm
m.u_conv3.u_weights._08714_,10.1µm
m.u_conv3.u_weights._14613_,10.1µm
m.u_conv2.loader_buffer\[10\],10.09µm
m.u_conv2.u_weights._237_,10.09µm
m.u_conv3.u_weights._01149_,10.09µm
m.u_conv3.u_weights._05237_,10.09µm
m.u_conv3.u_weights._05677_,10.09µm
m.u_conv3.u_weights._06267_,10.09µm
m.u_conv3.u_weights._09231_,10.09µm
m.u_conv3.u_weights._10164_,10.09µm
m.u_conv3.u_weights._11640_,10.09µm
m.u_conv3.u_weights._12113_,10.09µm
m.u_conv3.u_weights._12799_,10.09µm
m.u_conv3.u_weights._13177_,10.09µm
m.u_conv3.u_weights._14964_,10.09µm
m.u_conv3.u_weights._15473_,10.09µm
m.u_pool1._148_,10.09µm
m.u_tree._1216_,10.09µm
net2426,10.09µm
m.sram_req_conv1\[1\],10.08µm
m.u_conv1.u_loader._315_,10.08µm
m.u_conv2._0337_,10.08µm
m.u_conv2._0601_,10.08µm
m.u_conv2._0970_,10.08µm
m.u_conv2.u_weights._089_,10.08µm
m.u_conv2.u_weights._153_,10.08µm
m.u_conv3.u_weights._00643_,10.08µm
m.u_conv3.u_weights._01477_,10.08µm
m.u_conv3.u_weights._01798_,10.08µm
m.u_conv3.u_weights._02671_,10.08µm
m.u_conv3.u_weights._02924_,10.08µm
m.u_conv3.u_weights._03343_,10.08µm
m.u_conv3.u_weights._04716_,10.08µm
m.u_conv3.u_weights._05855_,10.08µm
m.u_conv3.u_weights._06121_,10.08µm
m.u_conv3.u_weights._07281_,10.08µm
m.u_conv3.u_weights._07682_,10.08µm
m.u_conv3.u_weights._08769_,10.08µm
m.u_conv3.u_weights._12478_,10.08µm
m.u_conv3.u_weights._15029_,10.08µm
m.u_conv3.u_weights._15205_,10.08µm
m.u_conv3.u_weights._15217_,10.08µm
m.u_tree._0376_,10.08µm
m.u_tree._0662_,10.08µm
net2018,10.08µm
net2885,10.08µm
m.u_conv3.u_weights._06154_,10.07µm
m.u_conv1.u_weights._113_,10.065µm
m.u_conv2._1228_,10.065µm
m.u_conv2._1543_,10.065µm
m.u_conv3.u_weights._01664_,10.065µm
m.u_conv3.u_weights._04506_,10.065µm
m.u_conv3.u_weights._05125_,10.065µm
m.u_conv3.u_weights._07472_,10.065µm
m.u_conv3.u_weights._08001_,10.065µm
m.u_conv3.u_weights._12093_,10.065µm
m.u_tree._0838_,10.065µm
m.u_conv3.u_weights._06544_,10.06µm
m.u_tree._1401_,10.06µm
m.u_conv3.u_weights._00594_,10.05µm
m.u_conv3.u_weights._01349_,10.05µm
m.u_conv3.u_weights._03401_,10.05µm
m.u_conv3.u_weights._12261_,10.05µm
m.u_conv3.u_weights._12943_,10.04µm
m.u_conv3.u_weights._14157_,10.04µm
m.u_pool1._100_,10.04µm
m.u_conv3.u_weights._07257_,10.035µm
m.sram_req_pool1\[14\],10.03µm
m.u_conv1.u_loader._007_,10.03µm
m.u_conv1.u_weights._037_,10.03µm
m.u_conv2._1128_,10.03µm
m.u_conv2._1129_,10.03µm
m.u_conv2._1150_,10.03µm
m.u_conv2._1180_,10.03µm
m.u_conv2._1190_,10.03µm
m.u_conv2._1223_,10.03µm
m.u_conv2._1233_,10.03µm
m.u_conv2._1278_,10.03µm
m.u_conv2._1315_,10.03µm
m.u_conv2._1378_,10.03µm
m.u_conv2._1426_,10.03µm
m.u_conv2._1472_,10.03µm
m.u_conv2._1496_,10.03µm
m.u_conv2._1509_,10.03µm
m.u_conv2._1521_,10.03µm
m.u_conv2._1527_,10.03µm
m.u_conv2._1542_,10.03µm
m.u_conv2._1557_,10.03µm
m.u_conv2._1560_,10.03µm
m.u_conv2.u_loader._198_,10.03µm
m.u_conv3.u_weights._00171_,10.03µm
m.u_conv3.u_weights._00958_,10.03µm
m.u_conv3.u_weights._01794_,10.03µm
m.u_conv3.u_weights._03181_,10.03µm
m.u_conv3.u_weights._03488_,10.03µm
m.u_conv3.u_weights._03517_,10.03µm
m.u_conv3.u_weights._04270_,10.03µm
m.u_conv3.u_weights._04539_,10.03µm
m.u_conv3.u_weights._04864_,10.03µm
m.u_conv3.u_weights._06505_,10.03µm
m.u_conv3.u_weights._07623_,10.03µm
m.u_conv3.u_weights._09710_,10.03µm
m.u_conv3.u_weights._11489_,10.03µm
m.u_conv3.u_weights._11979_,10.03µm
m.u_conv3.u_weights._12204_,10.03µm
m.u_conv3.u_weights._12976_,10.03µm
m.u_conv3.u_weights._13137_,10.03µm
m.u_conv3.u_weights._13249_,10.03µm
m.u_conv3.u_weights._14380_,10.03µm
m.u_conv3.u_weights._15245_,10.03µm
m.u_pool1._085_,10.03µm
m.u_tree._0308_,10.03µm
m.u_tree._1449_,10.03µm
net2668,10.03µm
net2962,10.03µm
m.u_conv3.u_weights._01807_,10.025µm
m.u_conv1._063_,10.02µm
m.u_conv2._0692_,10.02µm
m.u_conv2.acc\[30\]\[6\],10.02µm
m.u_conv3.u_weights._01106_,10.02µm
m.u_conv3.u_weights._02065_,10.02µm
m.u_conv3.u_weights._02397_,10.02µm
m.u_conv3.u_weights._04177_,10.02µm
m.u_conv3.u_weights._04390_,10.02µm
m.u_conv3.u_weights._04690_,10.02µm
m.u_conv3.u_weights._05279_,10.02µm
m.u_conv3.u_weights._05898_,10.02µm
m.u_conv3.u_weights._09145_,10.02µm
m.u_conv3.u_weights._10017_,10.02µm
m.u_conv3.u_weights._10312_,10.02µm
m.u_conv3.u_weights._10570_,10.02µm
m.u_conv3.u_weights._12775_,10.02µm
m.u_conv3.u_weights._13572_,10.02µm
m.u_conv3.u_weights._14479_,10.02µm
m.u_conv3.u_weights._14487_,10.02µm
m.u_conv3.u_weights._15144_,10.02µm
m.u_pool2._022_,10.02µm
m.u_tree._1073_,10.02µm
m.u_tree._1082_,10.02µm
m.u_conv1.u_loader._099_,10.015µm
m.u_conv1.u_loader._423_,10.015µm
m.u_conv3.u_weights._03409_,10.015µm
m.u_conv3.u_weights._05091_,10.015µm
m.u_conv3.u_weights._05549_,10.015µm
m.u_conv3.u_weights._07674_,10.015µm
m.u_conv3.u_weights._08446_,10.015µm
m.u_conv3.u_weights._11055_,10.015µm
m.u_conv3.u_weights._11436_,10.015µm
m.u_conv3.u_weights._11825_,10.015µm
m.u_conv3.u_weights._15273_,10.015µm
m.u_conv3.u_weights._05185_,10.01µm
m.u_tree._0385_,10.01µm
m.u_tree._1284_,10.01µm
m.u_conv2._0242_,10.005µm
m.u_conv2.u_loader._061_,10.005µm
m.u_conv3.u_weights._06184_,10.005µm
m.u_conv3.u_weights._06299_,10.005µm
m.u_conv3.u_weights._06397_,10.005µm
m.u_conv3.u_weights._14101_,10.005µm
m.u_conv3.u_weights._05027_,10µm
m.u_conv3.u_weights._07479_,10µm
m.u_conv3.u_weights._04192_,9.99µm
m.u_conv3.u_weights._07745_,9.99µm
m.u_conv3.u_weights._08935_,9.99µm
m.u_conv3.u_weights._09075_,9.99µm
m.u_conv3.u_weights._13684_,9.99µm
m.u_conv3.u_weights._15437_,9.99µm
m.u_conv3.u_weights._00867_,9.985µm
m.u_conv3.u_weights._02461_,9.985µm
m.u_conv3.u_weights._06451_,9.985µm
m.u_conv3.u_weights._02812_,9.98µm
m.u_conv3.u_weights._04014_,9.98µm
m.u_conv3.u_weights._04535_,9.98µm
m.u_conv3.u_weights._05107_,9.98µm
m.u_conv3.u_weights._07140_,9.98µm
m.u_conv3.u_weights._11743_,9.98µm
m.u_conv3.u_weights._11934_,9.98µm
m.u_conv3.u_weights._13263_,9.98µm
m.u_conv3.u_weights._13710_,9.98µm
m.u_conv3.u_weights._15751_,9.98µm
m.u_conv3.u_weights._14073_,9.975µm
m.u_conv1._153_,9.97µm
m.u_conv1.u_loader._246_,9.97µm
m.u_conv2._0012_,9.97µm
m.u_conv2._0659_,9.97µm
m.u_conv2.acc\[12\]\[5\],9.97µm
m.u_conv2.u_weights._325_,9.97µm
m.u_conv3.input_buf\[61\],9.97µm
m.u_conv3.u_weights._00785_,9.97µm
m.u_conv3.u_weights._00810_,9.97µm
m.u_conv3.u_weights._01769_,9.97µm
m.u_conv3.u_weights._01878_,9.97µm
m.u_conv3.u_weights._02261_,9.97µm
m.u_conv3.u_weights._02603_,9.97µm
m.u_conv3.u_weights._02828_,9.97µm
m.u_conv3.u_weights._03355_,9.97µm
m.u_conv3.u_weights._04376_,9.97µm
m.u_conv3.u_weights._05950_,9.97µm
m.u_conv3.u_weights._06440_,9.97µm
m.u_conv3.u_weights._06453_,9.97µm
m.u_conv3.u_weights._06547_,9.97µm
m.u_conv3.u_weights._10916_,9.97µm
m.u_conv3.u_weights._11033_,9.97µm
m.u_conv3.u_weights._11876_,9.97µm
m.u_conv3.u_weights._12201_,9.97µm
m.u_conv3.u_weights._13337_,9.97µm
m.u_conv3.u_weights._14675_,9.97µm
m.u_conv3.u_weights._14704_,9.97µm
m.u_conv3.u_weights._15307_,9.97µm
m.u_pool1._106_,9.97µm
m.u_tree._0872_,9.97µm
m.u_conv3.u_weights._02904_,9.965µm
m.u_conv3.u_weights._08439_,9.965µm
m.u_conv3.u_weights._08842_,9.965µm
m.u_conv3.u_weights._13867_,9.965µm
m.u_conv3.u_weights._14321_,9.965µm
m.u_conv3.u_weights._15148_,9.965µm
m.u_conv2.acc\[58\]\[1\],9.96µm
m.u_conv3.u_weights._00095_,9.96µm
m.u_conv3.u_weights._00764_,9.96µm
m.u_conv3.u_weights._03924_,9.96µm
m.u_conv3.u_weights._04899_,9.96µm
m.u_conv3.u_weights._07446_,9.96µm
m.u_conv3.u_weights._08064_,9.96µm
m.u_conv3.u_weights._09119_,9.96µm
m.u_conv3.u_weights._09494_,9.96µm
m.u_conv3.u_weights._10482_,9.96µm
m.u_conv3.u_weights._11714_,9.96µm
m.u_conv3.u_weights._12274_,9.96µm
m.u_conv3.u_weights._15571_,9.96µm
m.u_pool1._160_,9.96µm
m.u_pool1._224_,9.96µm
m.u_tree._0723_,9.96µm
m.u_tree._1054_,9.96µm
m.u_tree._1278_,9.96µm
m.u_conv2._1352_,9.955µm
m.u_conv3.u_weights._00960_,9.955µm
m.u_conv3.u_weights._01067_,9.955µm
m.u_conv3.u_weights._01937_,9.955µm
m.u_conv3.u_weights._03537_,9.955µm
m.u_conv3.u_weights._03631_,9.955µm
m.u_conv3.u_weights._03699_,9.955µm
m.u_conv3.u_weights._05399_,9.955µm
m.u_conv3.u_weights._05870_,9.955µm
m.u_conv3.u_weights._08596_,9.955µm
m.u_conv3.u_weights._10191_,9.955µm
m.u_conv3.u_weights._11970_,9.955µm
m.u_conv3.u_weights._12780_,9.955µm
m.u_pool1._222_,9.955µm
net2497,9.955µm
net2576,9.955µm
net2862,9.955µm
net2912,9.955µm
net2928,9.955µm
net3032,9.955µm
m.u_conv3.u_weights._15752_,9.95µm
m.u_conv3.u_weights._04624_,9.945µm
m.u_conv1.u_weights._139_,9.94µm
m.u_conv2.acc\[10\]\[4\],9.94µm
m.u_conv3.u_weights._01737_,9.94µm
m.u_conv3.u_weights._02680_,9.94µm
m.u_conv3.u_weights._03366_,9.94µm
m.u_conv3.u_weights._03494_,9.94µm
m.u_conv3.u_weights._03954_,9.94µm
m.u_conv3.u_weights._05675_,9.94µm
m.u_conv3.u_weights._10858_,9.94µm
m.u_conv3.u_weights._13539_,9.94µm
m.u_conv3.u_weights._14268_,9.94µm
m.u_conv3.u_weights._11437_,9.93µm
m.u_conv3.u_weights._13784_,9.93µm
m.u_conv1.u_loader._091_,9.92µm
m.u_conv1.u_loader._247_,9.92µm
m.u_conv3.u_weights._01022_,9.92µm
m.u_conv3.u_weights._01033_,9.92µm
m.u_conv3.u_weights._01250_,9.92µm
m.u_conv3.u_weights._01276_,9.92µm
m.u_conv3.u_weights._02293_,9.92µm
m.u_conv3.u_weights._02858_,9.92µm
m.u_conv3.u_weights._03044_,9.92µm
m.u_conv3.u_weights._03091_,9.92µm
m.u_conv3.u_weights._03463_,9.92µm
m.u_conv3.u_weights._04608_,9.92µm
m.u_conv3.u_weights._04902_,9.92µm
m.u_conv3.u_weights._05214_,9.92µm
m.u_conv3.u_weights._05843_,9.92µm
m.u_conv3.u_weights._06052_,9.92µm
m.u_conv3.u_weights._06482_,9.92µm
m.u_conv3.u_weights._08298_,9.92µm
m.u_conv3.u_weights._08404_,9.92µm
m.u_conv3.u_weights._08662_,9.92µm
m.u_conv3.u_weights._09602_,9.92µm
m.u_conv3.u_weights._10470_,9.92µm
m.u_conv3.u_weights._11091_,9.92µm
m.u_conv3.u_weights._11134_,9.92µm
m.u_conv3.u_weights._11829_,9.92µm
m.u_conv3.u_weights._12155_,9.92µm
m.u_conv3.u_weights._14779_,9.92µm
m.u_pool1._125_,9.92µm
m.u_pool2._092_,9.92µm
m.u_tree._0944_,9.92µm
m.u_conv2._1247_,9.91µm
m.u_conv3._000_,9.91µm
m.u_conv3._017_,9.91µm
m.u_conv3.u_weights._00752_,9.91µm
m.u_conv3.u_weights._03980_,9.91µm
m.u_conv3.u_weights._04191_,9.91µm
m.u_conv3.u_weights._04642_,9.91µm
m.u_conv3.u_weights._05049_,9.91µm
m.u_conv3.u_weights._05542_,9.91µm
m.u_conv3.u_weights._06198_,9.91µm
m.u_conv3.u_weights._08581_,9.91µm
m.u_conv3.u_weights._10836_,9.91µm
m.u_conv3.u_weights._12754_,9.91µm
m.u_conv3.u_weights._14213_,9.91µm
m.u_conv3.u_weights._14610_,9.91µm
m.u_conv1.u_loader._182_,9.905µm
m.u_conv3.u_weights._02148_,9.905µm
m.sram_req_conv1\[17\],9.9µm
m.u_conv1.u_loader._430_,9.9µm
m.u_conv1.u_weights._060_,9.9µm
m.u_conv2._0617_,9.9µm
m.u_conv3.u_weights._00996_,9.9µm
m.u_conv3.u_weights._01174_,9.9µm
m.u_conv3.u_weights._01207_,9.9µm
m.u_conv3.u_weights._01229_,9.9µm
m.u_conv3.u_weights._04441_,9.9µm
m.u_conv3.u_weights._06723_,9.9µm
m.u_conv3.u_weights._09898_,9.9µm
m.u_conv3.u_weights._10249_,9.9µm
m.u_conv3.u_weights._11228_,9.9µm
m.u_conv3.u_weights._15085_,9.9µm
m.u_tree._1417_,9.9µm
m.u_conv1.u_weights._125_,9.895µm
m.u_conv2.acc\[54\]\[0\],9.895µm
m.u_conv3.u_weights._02209_,9.895µm
m.u_conv3.u_weights._02944_,9.895µm
m.u_conv3.u_weights._07125_,9.895µm
m.u_conv3.u_weights._11698_,9.895µm
m.u_conv2.u_loader._284_,9.89µm
m.u_conv3.u_weights._06478_,9.89µm
m.u_conv3.u_weights._00356_,9.885µm
m.u_conv3.u_weights._12208_,9.885µm
m.u_conv2.u_weights._255_,9.88µm
m.u_conv3.u_weights._14004_,9.88µm
m.u_conv3.u_weights._14483_,9.88µm
m.u_conv3.u_weights._09797_,9.875µm
m.u_conv2.acc\[37\]\[0\],9.87µm
m.u_conv2.u_loader._101_,9.87µm
m.u_conv3.u_weights._00499_,9.87µm
m.u_conv3.u_weights._02354_,9.87µm
m.u_conv3.u_weights._03329_,9.87µm
m.u_conv3.u_weights._03794_,9.87µm
m.u_conv3.u_weights._04520_,9.87µm
m.u_conv3.u_weights._05202_,9.87µm
m.u_conv3.u_weights._09953_,9.87µm
m.u_conv3.u_weights._13405_,9.87µm
m.u_conv3.u_weights._13810_,9.87µm
m.u_conv3.u_weights._15008_,9.87µm
m.u_tree._1477_,9.87µm
m.u_conv1._114_,9.865µm
m.u_conv3.u_weights._01811_,9.865µm
m.u_conv3.u_weights._01815_,9.865µm
m.u_conv3.u_weights._03709_,9.865µm
m.u_conv3.u_weights._05401_,9.865µm
m.u_conv3.u_weights._05885_,9.865µm
m.u_conv3.u_weights._10159_,9.865µm
net2966,9.865µm
m._018_,9.86µm
m.u_conv3.u_weights._00796_,9.86µm
m.u_conv3.u_weights._01057_,9.86µm
m.u_conv3.u_weights._04814_,9.86µm
m.u_conv3.u_weights._05324_,9.86µm
m.u_conv3.u_weights._05377_,9.86µm
m.u_conv3.u_weights._05606_,9.86µm
m.u_conv3.u_weights._06514_,9.86µm
m.u_conv3.u_weights._06682_,9.86µm
m.u_conv3.u_weights._07037_,9.86µm
m.u_conv3.u_weights._07402_,9.86µm
m.u_conv3.u_weights._07507_,9.86µm
m.u_conv3.u_weights._07580_,9.86µm
m.u_conv3.u_weights._08106_,9.86µm
m.u_conv3.u_weights._09568_,9.86µm
m.u_conv3.u_weights._10117_,9.86µm
m.u_tree._0831_,9.86µm
net2370,9.86µm
net2409,9.86µm
net2444,9.86µm
net2529,9.86µm
net2570,9.86µm
net2602,9.86µm
net2640,9.86µm
net2694,9.86µm
net2710,9.86µm
net2727,9.86µm
net2772,9.86µm
net2844,9.86µm
net3048,9.86µm
m.u_conv3.u_weights._09201_,9.855µm
m.u_conv3.u_weights._13624_,9.855µm
m._048_,9.85µm
m.u_conv2._0139_,9.85µm
m.u_conv2._0631_,9.85µm
m.u_conv2._0704_,9.85µm
m.u_conv2._0735_,9.85µm
m.u_conv2._0910_,9.85µm
m.u_conv2.acc\[63\]\[5\],9.85µm
m.u_conv2.u_weights._050_,9.85µm
m.u_conv3.u_weights._00454_,9.85µm
m.u_conv3.u_weights._02337_,9.85µm
m.u_conv3.u_weights._02500_,9.85µm
m.u_conv3.u_weights._02883_,9.85µm
m.u_conv3.u_weights._03219_,9.85µm
m.u_conv3.u_weights._03524_,9.85µm
m.u_conv3.u_weights._04524_,9.85µm
m.u_conv3.u_weights._04554_,9.85µm
m.u_conv3.u_weights._04736_,9.85µm
m.u_conv3.u_weights._05411_,9.85µm
m.u_conv3.u_weights._05550_,9.85µm
m.u_conv3.u_weights._05711_,9.85µm
m.u_conv3.u_weights._06992_,9.85µm
m.u_conv3.u_weights._07192_,9.85µm
m.u_conv3.u_weights._08116_,9.85µm
m.u_conv3.u_weights._09094_,9.85µm
m.u_conv3.u_weights._09121_,9.85µm
m.u_conv3.u_weights._09369_,9.85µm
m.u_conv3.u_weights._09874_,9.85µm
m.u_conv3.u_weights._11083_,9.85µm
m.u_conv3.u_weights._11403_,9.85µm
m.u_conv3.u_weights._11663_,9.85µm
m.u_conv3.u_weights._12498_,9.85µm
m.u_conv3.u_weights._13380_,9.85µm
m.u_conv3.u_weights._14201_,9.85µm
m.u_conv3.u_weights._14732_,9.85µm
m.u_conv3.u_weights._14834_,9.85µm
m.u_conv3.u_weights._14902_,9.85µm
m.u_conv3.u_weights._14978_,9.85µm
m.u_conv3.u_weights._15196_,9.85µm
m.u_conv3.u_weights._15689_,9.85µm
m.u_tree._0006_,9.85µm
m.u_tree._0203_,9.85µm
m.u_tree._0249_,9.85µm
m.u_tree._0319_,9.85µm
m.u_tree._0442_,9.85µm
m.u_tree._0584_,9.85µm
m.u_tree._0792_,9.85µm
net2037,9.85µm
net2235,9.85µm
m.u_conv3.u_weights._01353_,9.845µm
m.u_conv3.u_weights._07173_,9.845µm
m.u_conv3.u_weights._12305_,9.845µm
m.u_conv3.u_weights._14543_,9.845µm
net1985,9.84µm
m.u_conv2._0596_,9.84µm
net2191,9.84µm
m.u_conv2.u_loader._196_,9.84µm
m.u_conv2.u_weights._005_,9.84µm
m.u_conv2.u_weights._073_,9.84µm
m.u_conv2.u_weights._265_,9.84µm
m.u_conv3.u_weights._00262_,9.84µm
m.u_conv3.u_weights._01009_,9.84µm
m.u_conv3.u_weights._01392_,9.84µm
m.u_conv3.u_weights._01567_,9.84µm
m.u_conv3.u_weights._02228_,9.84µm
m.u_conv3.u_weights._04122_,9.84µm
m.u_conv3.u_weights._04200_,9.84µm
m.u_conv3.u_weights._05989_,9.84µm
m.u_conv3.u_weights._07417_,9.84µm
m.u_conv3.u_weights._07497_,9.84µm
m.u_conv3.u_weights._11629_,9.84µm
m.u_conv3.u_weights._12105_,9.84µm
m.u_conv3.u_weights._13744_,9.84µm
m.u_conv3.u_weights._14031_,9.84µm
m.u_conv3.u_weights._14229_,9.84µm
m.u_conv3.u_weights._14520_,9.84µm
m.u_conv3.u_weights._15171_,9.84µm
m.u_conv3.u_weights._15394_,9.84µm
net1936,9.84µm
net2051,9.84µm
net2058,9.84µm
m.u_conv1.u_weights._116_,9.835µm
m.u_conv1.u_weights._168_,9.835µm
m.u_conv3.u_weights._07464_,9.835µm
m.u_conv3.u_weights._09952_,9.835µm
m.u_conv3.u_weights._12988_,9.835µm
m.u_conv3.u_weights._14035_,9.835µm
m.u_tree._0278_,9.835µm
m.u_conv3.u_weights._01709_,9.825µm
m.u_conv3.u_weights._15018_,9.825µm
m.u_conv3.u_weights._15026_,9.825µm
m.u_conv2._1231_,9.82µm
m.u_conv3.u_weights._00112_,9.82µm
m.u_conv3.u_weights._14001_,9.82µm
m.u_conv3.u_weights._11536_,9.815µm
m.u_conv3.u_weights._02727_,9.81µm
m.u_conv3.u_weights._03499_,9.81µm
m.u_conv3.u_weights._07212_,9.81µm
m.u_conv3.u_weights._11100_,9.81µm
m.u_conv3.u_weights._13097_,9.81µm
m.u_conv3.u_weights._14822_,9.81µm
m.u_tree._0828_,9.81µm
net2683,9.805µm
m.u_conv3.u_weights._04203_,9.8µm
m.u_conv3.u_weights._12798_,9.8µm
m.u_tree._1052_,9.8µm
m.u_tree._1095_,9.8µm
m.u_conv3.u_weights._10256_,9.795µm
m.u_conv3.u_weights._11734_,9.795µm
m.u_conv3.u_weights._00105_,9.79µm
m.u_conv3.u_weights._02085_,9.79µm
m.u_conv3.u_weights._03583_,9.79µm
m.u_conv3.u_weights._04020_,9.79µm
m.u_conv3.u_weights._05465_,9.79µm
m.u_conv3.u_weights._05673_,9.79µm
m.u_conv3.u_weights._07230_,9.79µm
m.u_conv3.u_weights._07551_,9.79µm
m.u_conv3.u_weights._08478_,9.79µm
m.u_conv3.u_weights._08932_,9.79µm
m.u_conv3.u_weights._14696_,9.79µm
m.u_pool1._230_,9.79µm
m.u_tree._0816_,9.79µm
m.u_tree._1120_,9.79µm
m.u_conv2.u_weights._269_,9.785µm
m.u_conv3.u_weights._02848_,9.785µm
m.u_conv3.u_weights._10728_,9.785µm
m.u_conv3.u_weights._11972_,9.785µm
m.u_conv2.acc\[45\]\[1\],9.78µm
m.u_conv3.u_weights._05405_,9.78µm
m.u_conv3.u_weights._06151_,9.78µm
m.u_conv3.u_weights._11068_,9.78µm
m.u_conv3.u_weights._12144_,9.78µm
m.u_conv3.u_weights._12530_,9.78µm
m.u_conv3.u_weights._12922_,9.78µm
m.u_conv3.u_weights._14029_,9.78µm
m.u_conv3.u_weights._15711_,9.78µm
m.u_conv1._162_,9.775µm
m.u_conv2.acc\[51\]\[1\],9.775µm
m.u_conv2.u_weights._258_,9.775µm
m.u_conv3.u_weights._06846_,9.775µm
m.u_conv3.u_weights._07249_,9.775µm
m.u_conv3.u_weights._09640_,9.775µm
m.u_conv3.u_weights._10511_,9.775µm
m.u_conv3.u_weights._12138_,9.775µm
m.u_conv3.u_weights._12469_,9.775µm
m.u_conv3.u_weights._13986_,9.775µm
m.u_pool2._119_,9.775µm
m.u_tree._0158_,9.775µm
m.u_conv3.u_weights._10100_,9.765µm
m.u_tree._0315_,9.765µm
m.u_conv3.u_weights._01550_,9.755µm
m.u_conv2.u_loader._228_,9.75µm
m.u_conv3.u_weights._05791_,9.75µm
m.u_conv3.u_weights._05937_,9.75µm
m.u_conv3.u_weights._11468_,9.75µm
m.u_conv3.u_weights._12418_,9.75µm
m.u_conv3.u_weights._14277_,9.75µm
m.u_conv3.u_weights._15658_,9.75µm
m.u_conv3.u_weights._06644_,9.745µm
m.u_conv3.u_weights._08686_,9.745µm
m.u_conv3.u_weights._09598_,9.745µm
m.u_conv3.u_weights._10687_,9.745µm
m.u_conv3.u_weights._10877_,9.745µm
m.u_conv3.u_weights._12532_,9.745µm
m.u_conv3.u_weights._14537_,9.745µm
m.u_conv3.u_weights._14784_,9.745µm
m.u_tree._0165_,9.745µm
m.u_tree._0729_,9.745µm
m.u_conv2._0087_,9.74µm
m.u_conv2._0506_,9.74µm
m.u_conv3.u_weights._01886_,9.74µm
m.u_conv3.u_weights._02456_,9.74µm
m.u_conv3.u_weights._02931_,9.74µm
m.u_conv3.u_weights._03714_,9.74µm
m.u_conv3.u_weights._04093_,9.74µm
m.u_conv3.u_weights._04100_,9.74µm
m.u_conv3.u_weights._04358_,9.74µm
m.u_conv3.u_weights._04416_,9.74µm
m.u_conv3.u_weights._06309_,9.74µm
m.u_conv3.u_weights._07965_,9.74µm
m.u_conv3.u_weights._09076_,9.74µm
m.u_conv3.u_weights._09498_,9.74µm
m.u_conv3.u_weights._09782_,9.74µm
m.u_conv3.u_weights._10215_,9.74µm
m.u_conv3.u_weights._10317_,9.74µm
m.u_conv3.u_weights._11521_,9.74µm
m.u_conv3.u_weights._11525_,9.74µm
m.u_conv3.u_weights._11544_,9.74µm
m.u_conv3.u_weights._12050_,9.74µm
m.u_conv3.u_weights._12332_,9.74µm
m.u_conv3.u_weights._13524_,9.74µm
m.u_conv3.u_weights._14894_,9.74µm
m.u_conv3.u_weights._15147_,9.74µm
m.u_conv3.u_weights._15210_,9.74µm
m.u_conv3.u_weights._15278_,9.74µm
m.u_conv3.u_weights._15304_,9.74µm
m.u_tree._0440_,9.74µm
m.u_tree._1227_,9.74µm
m.u_tree._1537_,9.74µm
m.u_conv3.u_weights._02816_,9.735µm
m.u_conv3.u_weights._14040_,9.735µm
m.u_pool1._218_,9.735µm
m.u_conv1.u_loader._165_,9.73µm
m.u_conv2._1039_,9.73µm
m.u_conv3.u_weights._00620_,9.73µm
m.u_conv3.u_weights._00640_,9.73µm
m.u_conv3.u_weights._01239_,9.73µm
m.u_conv3.u_weights._02254_,9.73µm
m.u_conv3.u_weights._02592_,9.73µm
m.u_conv3.u_weights._02957_,9.73µm
m.u_conv3.u_weights._03068_,9.73µm
m.u_conv3.u_weights._03338_,9.73µm
m.u_conv3.u_weights._04803_,9.73µm
m.u_conv3.u_weights._05244_,9.73µm
m.u_conv3.u_weights._07130_,9.73µm
m.u_conv3.u_weights._07471_,9.73µm
m.u_conv3.u_weights._07679_,9.73µm
m.u_conv3.u_weights._08000_,9.73µm
m.u_conv3.u_weights._08129_,9.73µm
m.u_conv3.u_weights._08668_,9.73µm
m.u_conv3.u_weights._09176_,9.73µm
m.u_conv3.u_weights._09863_,9.73µm
m.u_conv3.u_weights._10754_,9.73µm
m.u_conv3.u_weights._10789_,9.73µm
m.u_conv3.u_weights._11249_,9.73µm
m.u_conv3.u_weights._12525_,9.73µm
m.u_conv3.u_weights._13159_,9.73µm
m.u_conv3.u_weights._13469_,9.73µm
m.u_conv3.u_weights._14144_,9.73µm
m.u_tree._1124_,9.73µm
net1892,9.73µm
net1906,9.73µm
m.u_conv3.u_weights._05190_,9.725µm
m.u_conv2.u_weights._254_,9.72µm
m.u_conv3.u_weights._00315_,9.72µm
m.u_conv3.u_weights._03730_,9.72µm
m.u_conv3.u_weights._04692_,9.72µm
m.u_conv3.u_weights._04961_,9.72µm
m.u_conv3.u_weights._07156_,9.72µm
m.u_conv3.u_weights._08864_,9.72µm
m.u_conv3.u_weights._08887_,9.72µm
m.u_conv3.u_weights._10428_,9.72µm
m.u_conv3.u_weights._11193_,9.72µm
m.u_conv3.u_weights._12538_,9.72µm
m.u_conv3.u_weights._13570_,9.72µm
m.u_conv3.u_weights._14350_,9.72µm
m.u_tree._0172_,9.72µm
m.u_tree._1446_,9.72µm
m.u_conv3.u_weights._09793_,9.71µm
m.u_conv3.u_weights._12886_,9.71µm
m.u_conv3.u_weights._08988_,9.705µm
m.u_conv3.u_weights._14133_,9.7µm
m.u_conv3.u_weights._00203_,9.69µm
m.u_conv3.u_weights._01543_,9.69µm
m.u_conv3.u_weights._09997_,9.69µm
m.u_conv3.u_weights._12369_,9.69µm
m.u_conv3.u_weights._15749_,9.69µm
m.u_conv3.u_weights._01670_,9.685µm
m.u_conv3.u_weights._13596_,9.685µm
m.u_conv3.u_weights._00494_,9.68µm
m.u_conv3.u_weights._01240_,9.68µm
m.u_conv3.u_weights._05666_,9.68µm
m.u_conv3.u_weights._05775_,9.68µm
m.u_conv3.u_weights._05945_,9.68µm
m.u_conv3.u_weights._06129_,9.68µm
m.u_conv3.u_weights._06285_,9.68µm
m.u_conv3.u_weights._06521_,9.68µm
m.u_conv3.u_weights._07007_,9.68µm
m.u_conv3.u_weights._11986_,9.68µm
m.u_conv3.u_weights._12231_,9.68µm
m.u_conv3.u_weights._15512_,9.68µm
m.u_conv3.u_weights._15747_,9.68µm
m.u_conv1.u_weights._072_,9.675µm
m.u_conv3.u_weights._12996_,9.675µm
m.u_conv1.loader_read_en,9.67µm
m.u_conv2._0348_,9.67µm
m.u_conv2._0379_,9.67µm
m.u_conv2.acc\[61\]\[5\],9.67µm
m.u_conv2.u_weights._192_,9.67µm
m.u_conv3.u_weights._04764_,9.67µm
m.u_conv3.u_weights._04923_,9.67µm
m.u_conv3.u_weights._08787_,9.67µm
m.u_conv3.u_weights._11085_,9.67µm
m.u_conv3.u_weights._11674_,9.665µm
m.u_pool2._125_,9.665µm
m.u_conv2._1002_,9.66µm
m.u_conv2._1495_,9.66µm
m.u_conv2.acc\[35\]\[0\],9.66µm
m.u_conv2.loader_buffer\[2\],9.66µm
m.u_conv2.u_loader._000_,9.66µm
m.u_conv2.u_loader._265_,9.66µm
m.u_conv2.u_weights._196_,9.66µm
m.u_conv3._074_,9.66µm
m.u_conv3.u_weights._00589_,9.66µm
m.u_conv3.u_weights._01182_,9.66µm
m.u_conv3.u_weights._01324_,9.66µm
m.u_conv3.u_weights._01889_,9.66µm
m.u_conv3.u_weights._03349_,9.66µm
m.u_conv3.u_weights._03831_,9.66µm
m.u_conv3.u_weights._04309_,9.66µm
m.u_conv3.u_weights._04794_,9.66µm
m.u_conv3.u_weights._05362_,9.66µm
m.u_conv3.u_weights._06036_,9.66µm
m.u_conv3.u_weights._06546_,9.66µm
m.u_conv3.u_weights._08327_,9.66µm
m.u_conv3.u_weights._08477_,9.66µm
m.u_conv3.u_weights._08644_,9.66µm
m.u_conv3.u_weights._08678_,9.66µm
m.u_conv3.u_weights._09028_,9.66µm
m.u_conv3.u_weights._09772_,9.66µm
m.u_conv3.u_weights._10202_,9.66µm
m.u_conv3.u_weights._12510_,9.66µm
m.u_conv3.u_weights._13937_,9.66µm
m.u_conv3.u_weights._14920_,9.66µm
m.u_conv3.u_weights._15031_,9.66µm
m.u_pool1._191_,9.66µm
m.u_tree._0184_,9.66µm
m.u_tree._1201_,9.66µm
m.u_conv2._1236_,9.645µm
m.u_conv3.u_weights._00845_,9.645µm
m.u_conv3.u_weights._05374_,9.645µm
m.u_conv3.u_weights._07904_,9.645µm
m.u_conv3.u_weights._11359_,9.645µm
m.u_conv1.u_loader._317_,9.635µm
m.u_conv3.u_weights._02774_,9.635µm
m.u_conv3.u_weights._09190_,9.635µm
m.u_conv3.u_weights._11208_,9.635µm
m.u_conv3.u_weights._12958_,9.635µm
m.u_conv3.u_weights._14717_,9.635µm
m.u_conv3.u_weights._00632_,9.63µm
m.u_conv3.u_weights._01674_,9.63µm
m.u_conv3.u_weights._02982_,9.63µm
m.u_conv3.u_weights._05371_,9.63µm
m.u_conv3.u_weights._09352_,9.625µm
m.u_conv3.u_weights._11924_,9.625µm
m.u_conv3.u_weights._13222_,9.625µm
m.u_conv3.u_weights._15524_,9.625µm
m.u_tree._0332_,9.625µm
m.u_conv3.u_weights._00114_,9.62µm
m.u_conv3.u_weights._00152_,9.62µm
m.u_conv3.u_weights._05811_,9.62µm
m.u_conv3.u_weights._07642_,9.62µm
m.u_conv3.u_weights._08018_,9.62µm
m.u_conv3.u_weights._13529_,9.62µm
m.u_conv3.u_weights._14556_,9.62µm
net2517,9.62µm
m.u_conv3.u_weights._00273_,9.615µm
m.sram_req_conv3\[11\],9.61µm
m.sram_req_conv3\[22\],9.61µm
m.u_conv1.loader_buffer\[2\],9.61µm
m.u_conv1.u_weights._109_,9.61µm
m.u_conv2._0656_,9.61µm
m.u_conv3.input_buf\[49\],9.61µm
m.u_conv3.u_weights._00395_,9.61µm
m.u_conv3.u_weights._00927_,9.61µm
m.u_conv3.u_weights._00931_,9.61µm
m.u_conv3.u_weights._02702_,9.61µm
m.u_conv3.u_weights._03177_,9.61µm
m.u_conv3.u_weights._03726_,9.61µm
m.u_conv3.u_weights._04994_,9.61µm
m.u_conv3.u_weights._05979_,9.61µm
m.u_conv3.u_weights._06605_,9.61µm
m.u_conv3.u_weights._07493_,9.61µm
m.u_conv3.u_weights._09130_,9.61µm
m.u_conv3.u_weights._09497_,9.61µm
m.u_conv3.u_weights._10104_,9.61µm
m.u_conv3.u_weights._11435_,9.61µm
m.u_conv3.u_weights._12046_,9.61µm
m.u_conv3.u_weights._12168_,9.61µm
m.u_conv3.u_weights._14922_,9.61µm
m.u_conv3.u_weights._14963_,9.61µm
m.u_conv3.u_weights._15330_,9.61µm
m.u_conv3.u_weights._15433_,9.61µm
m.u_tree._1070_,9.61µm
m.u_tree._1097_,9.61µm
m.u_tree._1118_,9.61µm
net1874,9.61µm
net2297,9.61µm
net2848,9.61µm
m.u_conv1.u_weights._135_,9.6µm
m.u_conv2._0687_,9.6µm
m.u_conv2._0698_,9.6µm
m.u_conv2._0718_,9.6µm
m.u_conv2._0987_,9.6µm
m.u_conv2._1154_,9.6µm
m.u_conv2.u_loader._068_,9.6µm
m.u_conv3.u_weights._00343_,9.6µm
m.u_conv3.u_weights._00923_,9.6µm
m.u_conv3.u_weights._01602_,9.6µm
m.u_conv3.u_weights._02292_,9.6µm
m.u_conv3.u_weights._03063_,9.6µm
m.u_conv3.u_weights._03420_,9.6µm
m.u_conv3.u_weights._04243_,9.6µm
m.u_conv3.u_weights._04389_,9.6µm
m.u_conv3.u_weights._04395_,9.6µm
m.u_conv3.u_weights._04793_,9.6µm
m.u_conv3.u_weights._05464_,9.6µm
m.u_conv3.u_weights._07005_,9.6µm
m.u_conv3.u_weights._07260_,9.6µm
m.u_conv3.u_weights._07329_,9.6µm
m.u_conv3.u_weights._07937_,9.6µm
m.u_conv3.u_weights._08236_,9.6µm
m.u_conv3.u_weights._08443_,9.6µm
m.u_conv3.u_weights._10313_,9.6µm
m.u_conv3.u_weights._10886_,9.6µm
m.u_conv3.u_weights._11281_,9.6µm
m.u_conv3.u_weights._11889_,9.6µm
m.u_conv3.u_weights._12183_,9.6µm
m.u_conv3.u_weights._13279_,9.6µm
m.u_conv3.u_weights._13743_,9.6µm
m.u_conv3.u_weights._13901_,9.6µm
m.u_tree._0217_,9.6µm
m.u_tree._0669_,9.6µm
net1919,9.6µm
m.u_conv3.u_weights._01857_,9.595µm
m.u_conv3.u_weights._02066_,9.595µm
m.u_conv3.u_weights._03824_,9.595µm
m.u_conv3.u_weights._05251_,9.595µm
m.u_conv3.u_weights._00222_,9.59µm
m.u_conv3.u_weights._14645_,9.59µm
m.u_conv2._0513_,9.585µm
m.u_conv3.u_weights._14970_,9.585µm
m.u_conv3.u_weights._03083_,9.575µm
m.u_conv3.u_weights._06488_,9.575µm
m.u_conv3.u_weights._12992_,9.575µm
m.u_conv2.u_weights._096_,9.57µm
m.u_conv3.u_weights._08176_,9.57µm
m.u_conv3.u_weights._07865_,9.56µm
m.u_conv1.u_loader._308_,9.55µm
m.u_conv2._1030_,9.55µm
m.u_conv2._1059_,9.55µm
m.u_conv2._1101_,9.55µm
m.u_conv2._1119_,9.55µm
m.u_conv2._1125_,9.55µm
m.u_conv2._1148_,9.55µm
m.u_conv2._1221_,9.55µm
m.u_conv2._1285_,9.55µm
m.u_conv2._1286_,9.55µm
m.u_conv2._1296_,9.55µm
m.u_conv2._1331_,9.55µm
m.u_conv2._1387_,9.55µm
m.u_conv2._1569_,9.55µm
m.u_conv2._1570_,9.55µm
m.u_conv2.u_loader._328_,9.55µm
m.u_conv3.u_weights._00159_,9.55µm
m.u_conv3.u_weights._00471_,9.55µm
m.u_conv3.u_weights._00846_,9.55µm
m.u_conv3.u_weights._02227_,9.55µm
m.u_conv3.u_weights._03257_,9.55µm
m.u_conv3.u_weights._04009_,9.55µm
m.u_conv3.u_weights._04296_,9.55µm
m.u_conv3.u_weights._04600_,9.55µm
m.u_conv3.u_weights._04780_,9.55µm
m.u_conv3.u_weights._04790_,9.55µm
m.u_conv3.u_weights._06455_,9.55µm
m.u_conv3.u_weights._08623_,9.55µm
m.u_conv3.u_weights._09169_,9.55µm
m.u_conv3.u_weights._09611_,9.55µm
m.u_conv3.u_weights._09835_,9.55µm
m.u_conv3.u_weights._10209_,9.55µm
m.u_conv3.u_weights._10381_,9.55µm
m.u_conv3.u_weights._10653_,9.55µm
m.u_conv3.u_weights._10806_,9.55µm
m.u_conv3.u_weights._11109_,9.55µm
m.u_conv3.u_weights._12880_,9.55µm
m.u_conv3.u_weights._13992_,9.55µm
m.u_conv3.u_weights._14462_,9.55µm
m.u_conv3.u_weights._14764_,9.55µm
m.u_conv3.u_weights._15230_,9.55µm
m.u_mnist_loader.bitmask_shift\[1\],9.55µm
m.u_pool1._151_,9.55µm
m.u_tree._0459_,9.55µm
m.u_tree._1306_,9.55µm
net2255,9.55µm
net2793,9.55µm
net3064,9.55µm
clk_regs,9.54µm
m.u_conv3.u_weights._02363_,9.54µm
m.u_conv3.u_weights._02475_,9.54µm
m.u_conv3.u_weights._02568_,9.54µm
m.u_conv3.u_weights._02709_,9.54µm
m.u_conv3.u_weights._03118_,9.54µm
m.u_conv3.u_weights._03232_,9.54µm
m.u_conv3.u_weights._03429_,9.54µm
m.u_conv3.u_weights._03817_,9.54µm
m.u_conv3.u_weights._03830_,9.54µm
m.u_conv3.u_weights._03887_,9.54µm
m.u_conv3.u_weights._04408_,9.54µm
m.u_conv3.u_weights._04652_,9.54µm
m.u_conv3.u_weights._04758_,9.54µm
m.u_conv3.u_weights._05067_,9.54µm
m.u_conv3.u_weights._07741_,9.54µm
m.u_conv3.u_weights._07771_,9.54µm
m.u_conv3.u_weights._07815_,9.54µm
m.u_conv3.u_weights._09313_,9.54µm
m.u_conv3.u_weights._09914_,9.54µm
m.u_conv3.u_weights._12131_,9.54µm
m.u_conv3.u_weights._12250_,9.54µm
m.u_conv3.u_weights._12527_,9.54µm
m.u_conv3.u_weights._13781_,9.54µm
m.u_tree._1130_,9.54µm
m.u_conv3.u_weights._01386_,9.535µm
m.u_conv3.u_weights._02133_,9.535µm
m.u_conv3.u_weights._03723_,9.535µm
m.u_conv3.u_weights._05130_,9.535µm
m.u_conv3.u_weights._05246_,9.535µm
m.u_conv3.u_weights._06191_,9.535µm
m.u_conv3.u_weights._06274_,9.535µm
m.u_conv3.u_weights._07244_,9.535µm
m.u_conv3.u_weights._07585_,9.535µm
m.u_conv3.u_weights._09329_,9.535µm
m.u_conv3.u_weights._11724_,9.535µm
m.u_conv3.u_weights._12552_,9.535µm
m.u_conv3.u_weights._12592_,9.535µm
m.u_conv3.u_weights._13052_,9.535µm
m.u_conv1.u_loader._144_,9.53µm
m.u_conv2._0245_,9.525µm
m.u_conv3.u_weights._07991_,9.525µm
m.u_conv3.u_weights._12808_,9.525µm
m.u_tree._1415_,9.52µm
m.u_conv3.u_weights._05969_,9.515µm
m.u_conv3.u_weights._01871_,9.51µm
m.u_conv3.u_weights._09871_,9.51µm
m.u_conv3.u_weights._05073_,9.505µm
m.u_conv1.u_loader._399_,9.5µm
m.u_conv2.acc\[25\]\[4\],9.5µm
m.u_conv3.u_weights._00758_,9.5µm
m.u_conv3.u_weights._01021_,9.5µm
m.u_conv3.u_weights._01039_,9.5µm
m.u_conv3.u_weights._03045_,9.5µm
m.u_conv3.u_weights._03688_,9.5µm
m.u_conv3.u_weights._04688_,9.5µm
m.u_conv3.u_weights._05627_,9.5µm
m.u_conv3.u_weights._06146_,9.5µm
m.u_conv3.u_weights._09080_,9.5µm
m.u_conv3.u_weights._09290_,9.5µm
m.u_conv3.u_weights._10306_,9.5µm
m.u_conv3.u_weights._10343_,9.5µm
m.u_conv3.u_weights._11187_,9.5µm
m.u_conv3.u_weights._11628_,9.5µm
m.u_conv3.u_weights._12920_,9.5µm
m.u_conv3.u_weights._14468_,9.5µm
m.u_conv3.u_weights._15027_,9.5µm
m.u_conv3.u_weights._15152_,9.5µm
m.u_conv3.u_weights._15222_,9.5µm
m.u_pool1._168_,9.5µm
m.u_tree._0180_,9.5µm
m.u_tree._0893_,9.5µm
m.u_conv3.u_weights._15315_,9.495µm
m.u_tree._1149_,9.495µm
m.u_conv1.u_loader._030_,9.49µm
m.u_conv2._0628_,9.49µm
m.u_conv2.acc\[48\]\[6\],9.49µm
m.u_conv3.u_weights._00431_,9.49µm
m.u_conv3.u_weights._02193_,9.49µm
m.u_conv3.u_weights._02239_,9.49µm
m.u_conv3.u_weights._02664_,9.49µm
m.u_conv3.u_weights._03057_,9.49µm
m.u_conv3.u_weights._04839_,9.49µm
m.u_conv3.u_weights._04912_,9.49µm
m.u_conv3.u_weights._05333_,9.49µm
m.u_conv3.u_weights._05710_,9.49µm
m.u_conv3.u_weights._05727_,9.49µm
m.u_conv3.u_weights._06063_,9.49µm
m.u_conv3.u_weights._06380_,9.49µm
m.u_conv3.u_weights._06809_,9.49µm
m.u_conv3.u_weights._07509_,9.49µm
m.u_conv3.u_weights._07607_,9.49µm
m.u_conv3.u_weights._08094_,9.49µm
m.u_conv3.u_weights._08355_,9.49µm
m.u_conv3.u_weights._09931_,9.49µm
m.u_conv3.u_weights._10237_,9.49µm
m.u_conv3.u_weights._10436_,9.49µm
m.u_conv3.u_weights._10488_,9.49µm
m.u_conv3.u_weights._10807_,9.49µm
m.u_conv3.u_weights._11942_,9.49µm
m.u_conv3.u_weights._13315_,9.49µm
m.u_conv3.u_weights._13366_,9.49µm
m.u_conv3.u_weights._13519_,9.49µm
m.u_conv3.u_weights._13592_,9.49µm
m.u_conv3.u_weights._13676_,9.49µm
m.u_conv3.u_weights._14554_,9.49µm
m.u_conv3.u_weights._14596_,9.49µm
m.u_conv3.u_weights._15543_,9.49µm
m.u_tree._0145_,9.49µm
m.u_tree._0206_,9.49µm
m.u_tree._0957_,9.49µm
m.u_tree._1399_,9.49µm
net1971,9.49µm
net2625,9.49µm
net2756,9.49µm
m.u_conv2.acc\[35\]\[6\],9.485µm
m.u_conv3.u_weights._03514_,9.485µm
m.u_conv3.u_weights._08870_,9.485µm
m.u_conv1._143_,9.48µm
m.u_conv1.u_loader._245_,9.48µm
m.u_conv2.u_weights._092_,9.48µm
m.u_conv2.u_weights._298_,9.48µm
m.u_conv3.u_weights._01520_,9.48µm
m.u_conv3.u_weights._02697_,9.48µm
m.u_conv3.u_weights._04489_,9.48µm
m.u_conv3.u_weights._05317_,9.48µm
m.u_conv3.u_weights._05501_,9.48µm
m.u_conv3.u_weights._06042_,9.48µm
m.u_conv3.u_weights._09376_,9.48µm
m.u_conv3.u_weights._09466_,9.48µm
m.u_conv3.u_weights._10353_,9.48µm
m.u_conv3.u_weights._11209_,9.48µm
m.u_conv3.u_weights._13063_,9.48µm
m.u_conv3.u_weights._13113_,9.48µm
m.u_conv3.u_weights._14495_,9.48µm
m.u_conv3.u_weights._14850_,9.48µm
m.u_tree._0532_,9.48µm
m.u_conv3.u_weights._00053_,9.475µm
m.u_conv3.u_weights._02451_,9.475µm
m.u_conv3.u_weights._03303_,9.475µm
m.u_conv3.u_weights._04693_,9.475µm
m.u_conv3.u_weights._07729_,9.475µm
m.u_conv3.u_weights._07743_,9.475µm
m.u_conv3.u_weights._08225_,9.475µm
m.u_conv3.u_weights._11390_,9.475µm
m.u_conv3.u_weights._11542_,9.475µm
m.u_conv3.u_weights._12733_,9.475µm
m.u_conv3.u_weights._15520_,9.475µm
m.u_conv3.u_weights._15705_,9.475µm
m.u_pool1._220_,9.475µm
net2471,9.475µm
net2715,9.475µm
m.u_conv3.u_weights._01555_,9.47µm
m.u_conv3.u_weights._10923_,9.47µm
m.u_tree._0714_,9.47µm
m.u_conv3.u_weights._02517_,9.465µm
m.u_conv3.u_weights._09258_,9.465µm
m.u_conv3.u_weights._14046_,9.465µm
m.u_conv3.u_weights._14392_,9.465µm
m.u_conv3.u_weights._15001_,9.465µm
m.u_conv2.u_weights._016_,9.46µm
m.u_conv3.u_weights._00331_,9.46µm
m.u_conv3.u_weights._00549_,9.46µm
m.u_conv3.u_weights._01426_,9.46µm
m.u_conv3.u_weights._02109_,9.46µm
m.u_conv3.u_weights._03191_,9.46µm
m.u_conv3.u_weights._04417_,9.46µm
m.u_conv3.u_weights._05618_,9.46µm
m.u_conv3.u_weights._09283_,9.46µm
m.u_conv3.u_weights._10119_,9.46µm
m.u_conv3.u_weights._11264_,9.46µm
m.u_conv3.u_weights._13000_,9.46µm
m.u_conv3.u_weights._13164_,9.46µm
m.u_conv3.u_weights._13218_,9.46µm
m.u_conv3.u_weights._13802_,9.46µm
m.u_conv3.u_weights._14126_,9.46µm
m.u_conv3.u_weights._15578_,9.46µm
m.u_tree._1072_,9.45µm
m.u_conv1.u_loader._086_,9.44µm
m.u_conv2.u_loader._182_,9.44µm
m.u_conv3.u_weights._00317_,9.44µm
m.u_conv3.u_weights._01609_,9.44µm
m.u_conv3.u_weights._02826_,9.44µm
m.u_conv3.u_weights._03061_,9.44µm
m.u_conv3.u_weights._04127_,9.44µm
m.u_conv3.u_weights._04501_,9.44µm
m.u_conv3.u_weights._08270_,9.44µm
m.u_conv3.u_weights._09279_,9.44µm
m.u_conv3.u_weights._09771_,9.44µm
m.u_conv3.u_weights._09983_,9.44µm
m.u_conv3.u_weights._10835_,9.44µm
m.u_conv3.u_weights._11746_,9.44µm
m.u_conv3.u_weights._12724_,9.44µm
m.u_conv3.u_weights._14428_,9.44µm
m.u_conv3.u_weights._14546_,9.44µm
m.u_tree._0300_,9.44µm
m.u_tree._1262_,9.44µm
m.u_conv2._0040_,9.43µm
m.u_conv2.acc\[13\]\[4\],9.43µm
m.u_conv2.acc\[21\]\[1\],9.43µm
m.u_conv3.u_weights._01103_,9.43µm
m.u_conv3.u_weights._03264_,9.43µm
m.u_conv3.u_weights._03416_,9.43µm
m.u_conv3.u_weights._04114_,9.43µm
m.u_conv3.u_weights._05749_,9.43µm
m.u_conv3.u_weights._07311_,9.43µm
m.u_conv3.u_weights._07657_,9.43µm
m.u_conv3.u_weights._08052_,9.43µm
m.u_conv3.u_weights._10856_,9.43µm
m.u_conv3.u_weights._11852_,9.43µm
m.u_conv3.u_weights._12038_,9.43µm
m.u_conv3.u_weights._13244_,9.43µm
m.u_conv3.u_weights._13612_,9.43µm
m.u_tree._0987_,9.43µm
m.u_tree._1040_,9.43µm
m.u_conv3.u_weights._11614_,9.425µm
m.u_conv2._0615_,9.42µm
m.u_conv2.acc\[27\]\[6\],9.42µm
m.u_conv2.acc\[44\]\[6\],9.42µm
m.u_conv2.u_loader._364_,9.42µm
m.u_conv3.u_weights._01791_,9.42µm
m.u_conv3.u_weights._01972_,9.42µm
m.u_conv3.u_weights._02019_,9.42µm
m.u_conv3.u_weights._02694_,9.42µm
m.u_conv3.u_weights._03780_,9.42µm
m.u_conv3.u_weights._05384_,9.42µm
m.u_conv3.u_weights._07573_,9.42µm
m.u_conv3.u_weights._11582_,9.42µm
m.u_conv3.u_weights._11885_,9.42µm
m.u_conv3.u_weights._13997_,9.42µm
m._098_,9.415µm
m.u_conv3._172_,9.415µm
m.u_conv3.u_weights._00220_,9.415µm
m.u_conv3.u_weights._05724_,9.415µm
m.u_conv3.u_weights._06456_,9.415µm
m.u_conv3.u_weights._13865_,9.415µm
m.u_conv3.u_weights._14151_,9.415µm
m.u_tree._0410_,9.415µm
m.u_tree._0757_,9.415µm
m.u_tree._1274_,9.415µm
m.u_conv3.u_weights._00592_,9.41µm
m.u_conv3.u_weights._02678_,9.41µm
m.u_conv3.u_weights._06805_,9.41µm
net1983,9.405µm
m.u_conv3.u_weights._05046_,9.405µm
m.u_conv3.u_weights._05235_,9.405µm
m.u_conv3.u_weights._07626_,9.405µm
m.u_conv3.u_weights._04026_,9.4µm
m.u_conv3.u_weights._05034_,9.395µm
m.u_conv3.u_weights._10013_,9.395µm
m.u_conv3.u_weights._01286_,9.39µm
m.u_conv3.u_weights._04220_,9.39µm
m.u_conv3.u_weights._04339_,9.39µm
m.u_conv3.u_weights._14510_,9.39µm
m.u_conv3.u_weights._15274_,9.39µm
m.u_pool1._107_,9.39µm
m.u_conv3.u_weights._06117_,9.385µm
m.u_conv3.u_weights._10708_,9.385µm
m.u_conv3.u_weights._12946_,9.385µm
m.u_tree._1501_,9.385µm
m.u_conv1.u_loader._000_,9.38µm
m.u_conv3.u_weights._02269_,9.38µm
m.u_conv3.u_weights._04042_,9.38µm
m.u_conv3.u_weights._04335_,9.38µm
m.u_conv3.u_weights._05026_,9.38µm
m.u_conv3.u_weights._06902_,9.38µm
m.u_conv3.u_weights._07859_,9.38µm
m.u_conv3.u_weights._07938_,9.38µm
m.u_conv3.u_weights._09288_,9.38µm
m.u_conv3.u_weights._09746_,9.38µm
m.u_conv3.u_weights._10589_,9.38µm
m.u_conv3.u_weights._10698_,9.38µm
m.u_conv3.u_weights._10798_,9.38µm
m.u_conv3.u_weights._14478_,9.38µm
m.u_tree._1518_,9.38µm
net2474,9.38µm
net2537,9.38µm
net2542,9.38µm
net2545,9.38µm
net2557,9.38µm
net2579,9.38µm
net2592,9.38µm
net2597,9.38µm
net2601,9.38µm
net2658,9.38µm
net2702,9.38µm
net2877,9.38µm
net2980,9.38µm
net2987,9.38µm
net2991,9.38µm
net3002,9.38µm
m.u_conv3.u_weights._02805_,9.375µm
m.u_conv3.u_weights._11497_,9.375µm
m.u_tree._1456_,9.375µm
m.u_conv2._0318_,9.37µm
m.u_conv2._0691_,9.37µm
m.u_conv2._0729_,9.37µm
net2200,9.37µm
m.u_conv2.u_loader._126_,9.37µm
m.u_conv3.u_weights._00051_,9.37µm
m.u_conv3.u_weights._00311_,9.37µm
m.u_conv3.u_weights._00427_,9.37µm
m.u_conv3.u_weights._00930_,9.37µm
m.u_conv3.u_weights._01096_,9.37µm
m.u_conv3.u_weights._01370_,9.37µm
m.u_conv3.u_weights._01380_,9.37µm
m.u_conv3.u_weights._01515_,9.37µm
m.u_conv3.u_weights._01666_,9.37µm
m.u_conv3.u_weights._01785_,9.37µm
m.u_conv3.u_weights._02866_,9.37µm
m.u_conv3.u_weights._03453_,9.37µm
m.u_conv3.u_weights._04178_,9.37µm
m.u_conv3.u_weights._04282_,9.37µm
m.u_conv3.u_weights._05588_,9.37µm
m.u_conv3.u_weights._06698_,9.37µm
m.u_conv3.u_weights._06996_,9.37µm
m.u_conv3.u_weights._08707_,9.37µm
m.u_conv3.u_weights._09118_,9.37µm
m.u_conv3.u_weights._09756_,9.37µm
m.u_conv3.u_weights._10335_,9.37µm
m.u_conv3.u_weights._10430_,9.37µm
m.u_conv3.u_weights._11483_,9.37µm
m.u_conv3.u_weights._11519_,9.37µm
m.u_conv3.u_weights._11862_,9.37µm
m.u_conv3.u_weights._12697_,9.37µm
m.u_conv3.u_weights._12892_,9.37µm
m.u_conv3.u_weights._12949_,9.37µm
m.u_conv3.u_weights._13261_,9.37µm
m.u_conv3.u_weights._13271_,9.37µm
m.u_conv3.u_weights._13946_,9.37µm
m.u_conv3.u_weights._14143_,9.37µm
m.u_conv3.u_weights._15398_,9.37µm
m.u_conv3.u_weights._15451_,9.37µm
m.u_conv3.u_weights._15739_,9.37µm
net2714,9.37µm
m.u_conv3.u_weights._01834_,9.365µm
m.u_conv3.u_weights._02470_,9.365µm
m.u_conv3.u_weights._09395_,9.365µm
m.u_conv3.u_weights._14949_,9.365µm
net1988,9.36µm
m.u_conv2._0768_,9.36µm
m.u_conv2._0871_,9.36µm
m.u_conv3.u_weights._00657_,9.36µm
m.u_conv3.u_weights._00901_,9.36µm
m.u_conv3.u_weights._02154_,9.36µm
m.u_conv3.u_weights._02596_,9.36µm
m.u_conv3.u_weights._03981_,9.36µm
m.u_conv3.u_weights._05383_,9.36µm
m.u_conv3.u_weights._05714_,9.36µm
m.u_conv3.u_weights._06862_,9.36µm
m.u_conv3.u_weights._08195_,9.36µm
m.u_conv3.u_weights._09422_,9.36µm
m.u_conv3.u_weights._11823_,9.36µm
m.u_conv3.u_weights._12526_,9.36µm
m.u_conv3.u_weights._13102_,9.36µm
m.u_tree._0424_,9.36µm
m.u_tree._0539_,9.36µm
net1998,9.36µm
m.u_conv2.u_loader._215_,9.355µm
m.u_conv3.u_weights._01133_,9.355µm
m.u_conv3.u_weights._01971_,9.355µm
m.u_conv3.u_weights._02036_,9.355µm
m.u_conv3.u_weights._02189_,9.355µm
m.u_conv3.u_weights._05913_,9.355µm
m.u_conv3.u_weights._08325_,9.355µm
m.u_conv3.u_weights._08335_,9.355µm
m.u_conv3.u_weights._09412_,9.355µm
m.u_conv3.u_weights._09901_,9.355µm
m.u_conv3.u_weights._10977_,9.355µm
m.u_conv3.u_weights._11959_,9.355µm
m.u_conv3.u_weights._12427_,9.355µm
m.u_conv3.u_weights._02752_,9.345µm
m.u_conv3.u_weights._12383_,9.345µm
m.u_conv3.u_weights._14973_,9.345µm
m.u_conv2._1188_,9.34µm
m.u_conv3.u_weights._00076_,9.34µm
m.u_conv3.u_weights._02435_,9.335µm
m.u_conv2.acc\[30\]\[5\],9.33µm
m.u_conv2.acc\[8\]\[3\],9.33µm
m.u_conv3.u_weights._03590_,9.33µm
m._042_,9.32µm
m.u_conv3.u_weights._01903_,9.32µm
m.u_conv3.u_weights._02809_,9.32µm
m.u_conv3.u_weights._04674_,9.32µm
m.u_conv3.u_weights._05135_,9.32µm
m.u_conv3.u_weights._05548_,9.32µm
m.u_conv3.u_weights._08489_,9.32µm
m.u_conv3.u_weights._08822_,9.32µm
m.u_conv3.u_weights._10832_,9.32µm
m.u_conv3.u_weights._11197_,9.32µm
m.u_conv3.u_weights._11230_,9.32µm
m.u_conv3.u_weights._11447_,9.32µm
m.u_conv3.u_weights._13152_,9.32µm
m.u_conv3.u_weights._14611_,9.32µm
net2460,9.32µm
m.u_conv3.u_weights._03724_,9.315µm
m.u_conv3.u_weights._04496_,9.315µm
m.u_conv3.u_weights._05878_,9.315µm
m.u_conv1.u_loader._148_,9.31µm
m.u_conv2._0180_,9.31µm
m.u_conv2.u_loader._099_,9.31µm
m.u_conv3._246_,9.31µm
m.u_conv3.u_weights._00132_,9.31µm
m.u_conv3.u_weights._00667_,9.31µm
m.u_conv3.u_weights._01075_,9.31µm
m.u_conv3.u_weights._01757_,9.31µm
m.u_conv3.u_weights._01849_,9.31µm
m.u_conv3.u_weights._02222_,9.31µm
m.u_conv3.u_weights._03361_,9.31µm
m.u_conv3.u_weights._05512_,9.31µm
m.u_conv3.u_weights._05622_,9.31µm
m.u_conv3.u_weights._08159_,9.31µm
m.u_conv3.u_weights._09067_,9.31µm
m.u_conv3.u_weights._09343_,9.31µm
m.u_conv3.u_weights._09413_,9.31µm
m.u_conv3.u_weights._09622_,9.31µm
m.u_conv3.u_weights._12242_,9.31µm
m.u_conv3.u_weights._13140_,9.31µm
m.u_conv3.u_weights._13300_,9.31µm
m.u_conv3.u_weights._13657_,9.31µm
m.u_conv3.u_weights._03004_,9.305µm
m.u_conv3.u_weights._03784_,9.305µm
m.u_conv3.u_weights._03796_,9.305µm
m.u_conv3.u_weights._12019_,9.305µm
m.u_conv3.u_weights._14758_,9.305µm
m.u_tree._0760_,9.305µm
m.u_conv1.u_weights._108_,9.3µm
m.u_conv2.u_loader._443_,9.3µm
m.u_conv3.u_weights._03271_,9.3µm
m.u_conv3.u_weights._09247_,9.3µm
m.u_conv3.u_weights._10027_,9.3µm
m.u_conv3.u_weights._11740_,9.3µm
m.u_conv3.u_weights._12079_,9.3µm
m.u_conv3.u_weights._12269_,9.3µm
m.u_conv3.u_weights._12927_,9.3µm
m.u_conv3.u_weights._00518_,9.295µm
m.u_conv3.u_weights._00644_,9.295µm
m.u_conv3.u_weights._01138_,9.295µm
m.u_conv3.u_weights._05551_,9.295µm
m.u_conv3.u_weights._12583_,9.295µm
m.u_conv3.u_weights._13620_,9.295µm
m.u_conv3.u_weights._00302_,9.285µm
m.u_conv3.u_weights._13540_,9.285µm
m.u_conv3.u_weights._06427_,9.28µm
m.u_conv3.u_weights._10420_,9.28µm
m.u_conv3.u_weights._15519_,9.28µm
m.u_conv3.u_weights._00815_,9.275µm
m.u_conv3.u_weights._02448_,9.275µm
m.u_conv3.u_weights._11056_,9.275µm
m.u_conv3.u_weights._15216_,9.275µm
m.u_conv1.u_weights._117_,9.27µm
m.u_conv2._0728_,9.27µm
m.u_conv3.u_weights._00083_,9.27µm
m.u_conv3.u_weights._05941_,9.27µm
m.u_conv3.u_weights._06214_,9.27µm
m.u_conv3.u_weights._08968_,9.27µm
m.u_conv3.u_weights._09850_,9.27µm
m.u_conv3.u_weights._11147_,9.27µm
m.u_conv3.u_weights._13467_,9.27µm
m.u_conv3.u_weights._13622_,9.27µm
net1977,9.27µm
m.u_conv3.u_weights._01258_,9.265µm
m.u_conv3.u_weights._02375_,9.265µm
m.u_conv3.u_weights._02433_,9.265µm
m.u_conv3.u_weights._04719_,9.265µm
m.u_conv3.u_weights._05423_,9.265µm
m.u_conv3.u_weights._05967_,9.265µm
m.u_conv3.u_weights._07063_,9.265µm
m.u_conv3.u_weights._10131_,9.265µm
m.u_conv3.u_weights._10404_,9.265µm
m.u_conv3.u_weights._11323_,9.265µm
m.u_conv3.u_weights._13740_,9.265µm
m.u_conv3.u_weights._15161_,9.265µm
m.u_tree._0302_,9.265µm
m.u_tree._0371_,9.265µm
net2665,9.265µm
m.u_conv2.u_loader._120_,9.26µm
m.u_conv3._159_,9.26µm
m.u_conv3.u_weights._00339_,9.26µm
m.u_conv3.u_weights._02330_,9.26µm
m.u_conv3.u_weights._03087_,9.26µm
m.u_conv3.u_weights._03758_,9.26µm
m.u_conv3.u_weights._04064_,9.26µm
m.u_conv3.u_weights._05162_,9.26µm
m.u_conv3.u_weights._05545_,9.26µm
m.u_conv3.u_weights._05629_,9.26µm
m.u_conv3.u_weights._06252_,9.26µm
m.u_conv3.u_weights._07676_,9.26µm
m.u_conv3.u_weights._08308_,9.26µm
m.u_conv3.u_weights._08818_,9.26µm
m.u_conv3.u_weights._09791_,9.26µm
m.u_conv3.u_weights._10004_,9.26µm
m.u_conv3.u_weights._11313_,9.26µm
m.u_conv3.u_weights._12925_,9.26µm
m.u_conv3.u_weights._13009_,9.26µm
m.u_conv3.u_weights._13157_,9.26µm
m.u_conv3.u_weights._13947_,9.26µm
m.u_conv3.u_weights._15391_,9.26µm
m.u_conv3.u_weights._15638_,9.26µm
m.u_tree._0590_,9.26µm
m.u_tree._0839_,9.26µm
m.u_tree._1099_,9.26µm
m.u_tree._1472_,9.26µm
m.u_tree._1520_,9.26µm
m.u_conv3.u_weights._00252_,9.255µm
m.u_conv3.u_weights._05817_,9.255µm
m.u_conv3.u_weights._07998_,9.255µm
m.u_conv1.u_weights._048_,9.25µm
m.u_conv2._0397_,9.25µm
net2122,9.25µm
m.u_conv3._145_,9.25µm
m.u_conv3.u_weights._01402_,9.25µm
m.u_conv3.u_weights._02032_,9.25µm
m.u_conv3.u_weights._02554_,9.25µm
m.u_conv3.u_weights._02563_,9.25µm
m.u_conv3.u_weights._03841_,9.25µm
m.u_conv3.u_weights._04104_,9.25µm
m.u_conv3.u_weights._04709_,9.25µm
m.u_conv3.u_weights._05428_,9.25µm
m.u_conv3.u_weights._05447_,9.25µm
m.u_conv3.u_weights._05521_,9.25µm
m.u_conv3.u_weights._06364_,9.25µm
m.u_conv3.u_weights._06582_,9.25µm
m.u_conv3.u_weights._08713_,9.25µm
m.u_conv3.u_weights._09065_,9.25µm
m.u_conv3.u_weights._09109_,9.25µm
m.u_conv3.u_weights._09162_,9.25µm
m.u_conv3.u_weights._09721_,9.25µm
m.u_conv3.u_weights._11600_,9.25µm
m.u_conv3.u_weights._11713_,9.25µm
m.u_conv3.u_weights._12048_,9.25µm
m.u_conv3.u_weights._12219_,9.25µm
m.u_conv3.u_weights._13056_,9.25µm
m.u_conv3.u_weights._13268_,9.25µm
m.u_conv3.u_weights._13569_,9.25µm
m.u_conv3.u_weights._13712_,9.25µm
m.u_conv3.u_weights._14502_,9.25µm
m.u_conv3.u_weights._14669_,9.25µm
m.u_conv3.u_weights._15113_,9.25µm
m.u_tree._1147_,9.25µm
net1921,9.25µm
net1980,9.25µm
net2070,9.25µm
net2106,9.25µm
m.u_conv2._0914_,9.24µm
net2066,9.24µm
m.u_conv3.u_weights._00830_,9.24µm
m.u_conv3.u_weights._03512_,9.24µm
m.u_conv3.u_weights._03669_,9.24µm
m.u_conv3.u_weights._04111_,9.24µm
m.u_conv3.u_weights._04542_,9.24µm
m.u_conv3.u_weights._08062_,9.24µm
m.u_conv3.u_weights._08168_,9.24µm
m.u_conv3.u_weights._08482_,9.24µm
m.u_conv3.u_weights._08700_,9.24µm
m.u_conv3.u_weights._09733_,9.24µm
m.u_conv3.u_weights._10927_,9.24µm
m.u_conv3.u_weights._11648_,9.24µm
m.u_conv3.u_weights._11887_,9.24µm
m.u_conv3.u_weights._11958_,9.24µm
m.u_conv3.u_weights._13269_,9.24µm
m.u_conv3.u_weights._13641_,9.24µm
m.u_conv3.u_weights._15542_,9.24µm
m.u_conv3.u_weights._05283_,9.235µm
m.u_tree._0849_,9.235µm
m.u_conv3.u_weights._13017_,9.23µm
m.u_conv3.u_weights._06864_,9.225µm
m.u_conv3.u_weights._08022_,9.225µm
m.u_conv3.u_weights._12395_,9.225µm
m.u_pool1._128_,9.225µm
m.u_tree._0099_,9.225µm
m.u_conv3.u_weights._03455_,9.215µm
m.u_conv2._1410_,9.21µm
m.u_conv3.u_weights._07268_,9.21µm
m.u_conv3.u_weights._13637_,9.21µm
m.u_conv3.u_weights._06774_,9.205µm
m.u_conv2.u_loader._195_,9.2µm
m.u_conv2.u_weights._212_,9.2µm
m.u_conv3.u_weights._02609_,9.2µm
m.u_conv3.u_weights._03928_,9.2µm
m.u_conv3.u_weights._04069_,9.2µm
m.u_conv3.u_weights._06473_,9.2µm
m.u_conv3.u_weights._06540_,9.2µm
m.u_conv3.u_weights._06623_,9.2µm
m.u_conv3.u_weights._07045_,9.2µm
m.u_conv3.u_weights._08291_,9.2µm
m.u_conv3.u_weights._08893_,9.2µm
m.u_conv3.u_weights._10135_,9.2µm
m.u_conv3.u_weights._11178_,9.2µm
m.u_conv3.u_weights._12546_,9.2µm
m.u_conv3.u_weights._13462_,9.2µm
m.u_conv3.u_weights._14000_,9.2µm
m.u_conv3.u_weights._14013_,9.2µm
m.u_conv3.u_weights._14064_,9.2µm
m.u_conv3.u_weights._14257_,9.2µm
m.u_conv3.u_weights._14835_,9.2µm
m.u_conv2._0982_,9.195µm
m.u_conv3.u_weights._09755_,9.195µm
m.u_conv1.u_loader._345_,9.19µm
m.u_conv2._0349_,9.19µm
m.u_conv2.acc\[62\]\[3\],9.19µm
m.u_conv3.u_weights._00995_,9.19µm
m.u_conv3.u_weights._01119_,9.19µm
m.u_conv3.u_weights._02960_,9.19µm
m.u_conv3.u_weights._04051_,9.19µm
m.u_conv3.u_weights._08155_,9.19µm
m.u_conv3.u_weights._14697_,9.19µm
m.u_conv3.u_weights._15353_,9.19µm
m.u_conv3.u_weights._00345_,9.185µm
m.u_conv1.u_loader._198_,9.18µm
m.u_conv2._1201_,9.18µm
m.u_conv2._1319_,9.18µm
m.u_conv2._1429_,9.18µm
m.u_conv2._1431_,9.18µm
m.u_conv2.acc\[1\]\[4\],9.18µm
m.u_conv2.u_loader._308_,9.18µm
m.u_conv2.u_weights._172_,9.18µm
m.u_conv3.u_weights._00800_,9.18µm
m.u_conv3.u_weights._01313_,9.18µm
m.u_conv3.u_weights._04785_,9.18µm
m.u_conv3.u_weights._05346_,9.18µm
m.u_conv3.u_weights._06243_,9.18µm
m.u_conv3.u_weights._09828_,9.18µm
m.u_conv3.u_weights._10369_,9.18µm
m.u_conv3.u_weights._12118_,9.18µm
m.u_conv3.u_weights._13004_,9.18µm
m.u_conv3.u_weights._14034_,9.18µm
m.u_conv3.u_weights._15112_,9.18µm
net2,9.18µm
m.u_tree._0045_,9.175µm
m.u_conv3.u_weights._07006_,9.17µm
m.u_conv3.u_weights._15544_,9.17µm
m.u_conv1.u_loader._251_,9.165µm
m.u_conv3.u_weights._05017_,9.165µm
m.u_conv2._0284_,9.16µm
m.u_conv3.u_weights._04845_,9.155µm
m.u_conv3.u_weights._09481_,9.155µm
m.u_conv3.u_weights._12240_,9.155µm
m.u_conv2._0953_,9.15µm
m.u_conv3.u_weights._00324_,9.15µm
m.u_conv3.u_weights._04662_,9.15µm
m.u_conv3.u_weights._05039_,9.15µm
m.u_conv3.u_weights._05287_,9.15µm
m.u_conv3.u_weights._11258_,9.15µm
m.u_conv3.u_weights._13493_,9.15µm
m.u_conv3.u_weights._02424_,9.145µm
m.u_conv3.u_weights._09977_,9.145µm
m.u_conv3.u_weights._12356_,9.145µm
m.u_tree._0824_,9.145µm
m.u_conv3.u_weights._01355_,9.14µm
m.u_conv3.u_weights._09301_,9.14µm
m.u_conv3.u_weights._10123_,9.14µm
m.u_conv3.u_weights._15567_,9.14µm
m.u_tree._0190_,9.14µm
m.u_tree._0707_,9.14µm
m.u_conv3.u_weights._12493_,9.135µm
m.u_conv3.u_weights._13408_,9.135µm
m.u_conv1.loader_buffer\[13\],9.13µm
m.u_conv2._0055_,9.13µm
m.u_conv2._0756_,9.13µm
m.u_conv2.u_loader._310_,9.13µm
m.u_conv2.u_weights._335_,9.13µm
m.u_conv3.u_weights._01584_,9.13µm
m.u_conv3.u_weights._02759_,9.13µm
m.u_conv3.u_weights._03292_,9.13µm
m.u_conv3.u_weights._03742_,9.13µm
m.u_conv3.u_weights._04294_,9.13µm
m.u_conv3.u_weights._04576_,9.13µm
m.u_conv3.u_weights._05031_,9.13µm
m.u_conv3.u_weights._05894_,9.13µm
m.u_conv3.u_weights._06317_,9.13µm
m.u_conv3.u_weights._06581_,9.13µm
m.u_conv3.u_weights._06818_,9.13µm
m.u_conv3.u_weights._06850_,9.13µm
m.u_conv3.u_weights._07385_,9.13µm
m.u_conv3.u_weights._08130_,9.13µm
m.u_conv3.u_weights._08206_,9.13µm
m.u_conv3.u_weights._08416_,9.13µm
m.u_conv3.u_weights._08440_,9.13µm
m.u_conv3.u_weights._10050_,9.13µm
m.u_conv3.u_weights._10086_,9.13µm
m.u_conv3.u_weights._10276_,9.13µm
m.u_conv3.u_weights._10892_,9.13µm
m.u_conv3.u_weights._11334_,9.13µm
m.u_conv3.u_weights._11694_,9.13µm
m.u_conv3.u_weights._11941_,9.13µm
m.u_conv3.u_weights._14081_,9.13µm
m.u_conv3.u_weights._14317_,9.13µm
m.u_pool1._003_,9.13µm
m.u_tree._1059_,9.13µm
net9,9.13µm
net1926,9.13µm
net2851,9.13µm
m.u_conv1._089_,9.12µm
m.u_conv2._0517_,9.12µm
m.u_conv3.u_weights._00048_,9.12µm
m.u_conv3.u_weights._00188_,9.12µm
m.u_conv3.u_weights._00223_,9.12µm
m.u_conv3.u_weights._02427_,9.12µm
m.u_conv3.u_weights._02696_,9.12µm
m.u_conv3.u_weights._03192_,9.12µm
m.u_conv3.u_weights._03387_,9.12µm
m.u_conv3.u_weights._03698_,9.12µm
m.u_conv3.u_weights._04398_,9.12µm
m.u_conv3.u_weights._04572_,9.12µm
m.u_conv3.u_weights._04836_,9.12µm
m.u_conv3.u_weights._04897_,9.12µm
m.u_conv3.u_weights._05406_,9.12µm
m.u_conv3.u_weights._05746_,9.12µm
m.u_conv3.u_weights._05800_,9.12µm
m.u_conv3.u_weights._05847_,9.12µm
m.u_conv3.u_weights._05861_,9.12µm
m.u_conv3.u_weights._06049_,9.12µm
m.u_conv3.u_weights._06390_,9.12µm
m.u_conv3.u_weights._07293_,9.12µm
m.u_conv3.u_weights._07415_,9.12µm
m.u_conv3.u_weights._08340_,9.12µm
m.u_conv3.u_weights._08511_,9.12µm
m.u_conv3.u_weights._08558_,9.12µm
m.u_conv3.u_weights._08715_,9.12µm
m.u_conv3.u_weights._08772_,9.12µm
m.u_conv3.u_weights._09380_,9.12µm
m.u_conv3.u_weights._10293_,9.12µm
m.u_conv3.u_weights._10737_,9.12µm
m.u_conv3.u_weights._11494_,9.12µm
m.u_conv3.u_weights._12203_,9.12µm
m.u_conv3.u_weights._12345_,9.12µm
m.u_conv3.u_weights._12604_,9.12µm
m.u_conv3.u_weights._13180_,9.12µm
m.u_conv3.u_weights._13331_,9.12µm
m.u_conv3.u_weights._13653_,9.12µm
m.u_conv3.u_weights._13932_,9.12µm
m.u_conv3.u_weights._14170_,9.12µm
m.u_conv3.u_weights._14789_,9.12µm
m.u_pool2._077_,9.12µm
m.u_tree._0004_,9.12µm
m.u_tree._0093_,9.12µm
m.u_tree._0193_,9.12µm
m.u_tree._0887_,9.12µm
m.sram_req_mnist\[15\],9.115µm
m.u_conv3.u_weights._00321_,9.115µm
m.u_conv3.u_weights._02035_,9.115µm
m.u_conv3.u_weights._12236_,9.115µm
m.u_conv3.u_weights._13339_,9.115µm
m.u_tree._0598_,9.115µm
m.u_conv3.u_weights._00698_,9.11µm
m.u_conv3.u_weights._00360_,9.105µm
m.u_conv3.u_weights._03821_,9.105µm
m.u_conv3.u_weights._04142_,9.105µm
m.u_conv2.acc\[26\]\[6\],9.1µm
m.u_conv3.u_weights._02045_,9.095µm
m.u_conv3.u_weights._02258_,9.095µm
m.u_conv3.u_weights._13293_,9.095µm
m.u_conv2._1342_,9.09µm
m.u_conv3.u_weights._00945_,9.09µm
m.u_conv3.u_weights._05533_,9.09µm
m.u_conv3.u_weights._09228_,9.09µm
m.u_conv3.u_weights._09479_,9.09µm
m.u_conv3.u_weights._06510_,9.085µm
m.u_conv3.u_weights._15028_,9.08µm
m.u_conv3.u_weights._10804_,9.075µm
m.u_conv1._160_,9.07µm
m.u_conv1.u_loader._314_,9.07µm
m.u_conv1.u_loader._364_,9.07µm
m.u_conv2._1120_,9.07µm
m.u_conv2._1172_,9.07µm
m.u_conv2._1245_,9.07µm
m.u_conv2._1272_,9.07µm
m.u_conv2._1455_,9.07µm
m.u_conv2._1482_,9.07µm
m.u_conv2._1510_,9.07µm
m.u_conv2._1514_,9.07µm
m.u_conv2._1563_,9.07µm
m.u_conv2.loader_buffer\[6\],9.07µm
m.u_conv2.u_loader._080_,9.07µm
m.u_conv2.u_weights._009_,9.07µm
m.u_conv2.u_weights._084_,9.07µm
m.u_conv3._090_,9.07µm
m.u_conv3.input_buf\[60\],9.07µm
m.u_conv3.u_weights._00202_,9.07µm
m.u_conv3.u_weights._00306_,9.07µm
m.u_conv3.u_weights._01576_,9.07µm
m.u_conv3.u_weights._01954_,9.07µm
m.u_conv3.u_weights._01988_,9.07µm
m.u_conv3.u_weights._02048_,9.07µm
m.u_conv3.u_weights._02175_,9.07µm
m.u_conv3.u_weights._02332_,9.07µm
m.u_conv3.u_weights._02620_,9.07µm
m.u_conv3.u_weights._02685_,9.07µm
m.u_conv3.u_weights._03071_,9.07µm
m.u_conv3.u_weights._03827_,9.07µm
m.u_conv3.u_weights._04013_,9.07µm
m.u_conv3.u_weights._04226_,9.07µm
m.u_conv3.u_weights._05935_,9.07µm
m.u_conv3.u_weights._06043_,9.07µm
m.u_conv3.u_weights._06708_,9.07µm
m.u_conv3.u_weights._07069_,9.07µm
m.u_conv3.u_weights._07906_,9.07µm
m.u_conv3.u_weights._08848_,9.07µm
m.u_conv3.u_weights._09016_,9.07µm
m.u_conv3.u_weights._09132_,9.07µm
m.u_conv3.u_weights._09299_,9.07µm
m.u_conv3.u_weights._09386_,9.07µm
m.u_conv3.u_weights._09396_,9.07µm
m.u_conv3.u_weights._09876_,9.07µm
m.u_conv3.u_weights._11229_,9.07µm
m.u_conv3.u_weights._11926_,9.07µm
m.u_conv3.u_weights._12056_,9.07µm
m.u_conv3.u_weights._12337_,9.07µm
m.u_conv3.u_weights._12872_,9.07µm
m.u_conv3.u_weights._12877_,9.07µm
m.u_conv3.u_weights._13328_,9.07µm
m.u_conv3.u_weights._13410_,9.07µm
m.u_conv3.u_weights._13523_,9.07µm
m.u_conv3.u_weights._13617_,9.07µm
m.u_conv3.u_weights._13700_,9.07µm
m.u_conv3.u_weights._13775_,9.07µm
m.u_conv3.u_weights._13975_,9.07µm
m.u_conv3.u_weights._14165_,9.07µm
m.u_conv3.u_weights._14682_,9.07µm
m.u_conv3.u_weights._15211_,9.07µm
m.u_conv3.u_weights._15369_,9.07µm
m.u_conv3.u_weights._15422_,9.07µm
m.u_conv3.u_weights._15454_,9.07µm
m.u_pool1._105_,9.07µm
m.u_pool2._111_,9.07µm
m.u_tree._0322_,9.07µm
m.u_tree._0880_,9.07µm
m.u_tree._0966_,9.07µm
net6,9.07µm
net2561,9.07µm
net2794,9.07µm
net2805,9.07µm
net2824,9.07µm
net2869,9.07µm
m.u_conv2._0292_,9.06µm
m.u_conv3.u_weights._05577_,9.06µm
m.u_conv3.u_weights._06136_,9.06µm
m.u_conv3.u_weights._06199_,9.06µm
m.u_conv3.u_weights._06286_,9.06µm
m.u_conv3.u_weights._06993_,9.06µm
m.u_conv3.u_weights._07785_,9.06µm
m.u_conv3.u_weights._08982_,9.06µm
m.u_conv3.u_weights._11226_,9.06µm
m.u_conv3.u_weights._11807_,9.06µm
m.u_conv3.u_weights._11909_,9.06µm
m.u_conv3.u_weights._12612_,9.06µm
m.u_conv3.u_weights._12932_,9.06µm
m.u_conv3.u_weights._13179_,9.06µm
m.u_conv3.u_weights._15588_,9.06µm
m.u_pool2._165_,9.06µm
m.u_conv3.u_weights._00520_,9.055µm
m.u_conv3.u_weights._00678_,9.055µm
m.u_conv3.u_weights._03127_,9.055µm
m.u_conv3.u_weights._03166_,9.055µm
m.u_conv3.u_weights._03432_,9.055µm
m.u_conv3.u_weights._07010_,9.055µm
m.u_conv3.u_weights._07538_,9.055µm
m.u_conv3.u_weights._08057_,9.055µm
m.u_conv3.u_weights._09183_,9.055µm
m.u_conv3.u_weights._09891_,9.055µm
m.u_conv3.u_weights._13954_,9.055µm
m.u_conv3.u_weights._15163_,9.055µm
m.u_conv3.u_weights._04772_,9.05µm
m.u_conv3.u_weights._13927_,9.05µm
m.u_conv3.u_weights._05857_,9.04µm
m.u_conv3.u_weights._14320_,9.035µm
m.u_tree._0234_,9.035µm
m.u_conv3.u_weights._01193_,9.03µm
m.u_conv3.u_weights._09868_,9.03µm
m.u_conv3.u_weights._10649_,9.03µm
m.u_conv3.u_weights._12744_,9.03µm
m.u_conv3.u_weights._05052_,9.025µm
m.u_conv3.u_weights._05299_,9.025µm
m.u_conv3.u_weights._06803_,9.025µm
m.u_conv3.u_weights._07722_,9.025µm
m.u_conv3.u_weights._08566_,9.025µm
m.u_conv3.u_weights._12021_,9.025µm
m.u_conv1.u_loader._135_,9.02µm
m.u_conv2.acc\[4\]\[1\],9.02µm
m.u_conv3.u_weights._03020_,9.02µm
m.u_conv3.u_weights._03046_,9.02µm
m.u_conv3.u_weights._03447_,9.02µm
m.u_conv3.u_weights._03808_,9.02µm
m.u_conv3.u_weights._05203_,9.02µm
m.u_conv3.u_weights._05262_,9.02µm
m.u_conv3.u_weights._05421_,9.02µm
m.u_conv3.u_weights._07054_,9.02µm
m.u_conv3.u_weights._08058_,9.02µm
m.u_conv3.u_weights._08174_,9.02µm
m.u_conv3.u_weights._08435_,9.02µm
m.u_conv3.u_weights._09259_,9.02µm
m.u_conv3.u_weights._09411_,9.02µm
m.u_conv3.u_weights._10282_,9.02µm
m.u_conv3.u_weights._10671_,9.02µm
m.u_conv3.u_weights._12290_,9.02µm
m.u_conv3.u_weights._13150_,9.02µm
m.u_conv3.u_weights._13799_,9.02µm
m.u_tree._0537_,9.02µm
m.u_conv3.u_weights._07495_,9.015µm
m.u_conv3.u_weights._13579_,9.015µm
net1978,9.01µm
net2183,9.01µm
m.u_conv2._0508_,9.01µm
m.u_conv2.acc\[31\]\[3\],9.01µm
m.u_conv2.u_loader._018_,9.01µm
m.u_conv3.u_weights._00695_,9.01µm
m.u_conv3.u_weights._00932_,9.01µm
m.u_conv3.u_weights._01697_,9.01µm
m.u_conv3.u_weights._01915_,9.01µm
m.u_conv3.u_weights._01923_,9.01µm
m.u_conv3.u_weights._02600_,9.01µm
m.u_conv3.u_weights._03735_,9.01µm
m.u_conv3.u_weights._06516_,9.01µm
m.u_conv3.u_weights._06765_,9.01µm
m.u_conv3.u_weights._07987_,9.01µm
m.u_conv3.u_weights._08989_,9.01µm
m.u_conv3.u_weights._09813_,9.01µm
m.u_conv3.u_weights._10092_,9.01µm
m.u_conv3.u_weights._10155_,9.01µm
m.u_conv3.u_weights._10578_,9.01µm
m.u_conv3.u_weights._11247_,9.01µm
m.u_conv3.u_weights._11394_,9.01µm
m.u_conv3.u_weights._13397_,9.01µm
m.u_conv3.u_weights._13434_,9.01µm
m.u_conv3.u_weights._13613_,9.01µm
m.u_conv3.u_weights._14020_,9.01µm
m.u_conv3.u_weights._14998_,9.01µm
m.u_conv3.u_weights._15767_,9.01µm
m.u_pool2._155_,9.01µm
m.u_tree._1307_,9.01µm
m.u_conv3.u_weights._08833_,9.005µm
m.u_tree._1268_,9.005µm
m.u_conv1.u_loader._162_,9µm
m.u_conv2._0516_,9µm
m.u_conv2.u_loader._376_,9µm
m.u_conv3.u_weights._00080_,9µm
m.u_conv3.u_weights._00194_,9µm
m.u_conv3.u_weights._00456_,9µm
m.u_conv3.u_weights._00970_,9µm
m.u_conv3.u_weights._01460_,9µm
m.u_conv3.u_weights._03185_,9µm
m.u_conv3.u_weights._03546_,9µm
m.u_conv3.u_weights._09832_,9µm
m.u_conv3.u_weights._09888_,9µm
m.u_conv3.u_weights._10141_,9µm
m.u_conv3.u_weights._10177_,9µm
m.u_conv3.u_weights._10296_,9µm
m.u_conv3.u_weights._14032_,9µm
m.u_conv3.u_weights._14117_,9µm
m.u_conv3.u_weights._15238_,9µm
m.u_conv3.u_weights._15366_,9µm
m.u_pool1._212_,9µm
m.u_tree._0900_,9µm
m.u_tree._1312_,9µm
m.u_conv2._0526_,8.995µm
m.u_conv2._1070_,8.995µm
m.u_conv2._1117_,8.995µm
m.u_conv2._1276_,8.995µm
m.u_conv2._1534_,8.995µm
m.u_conv3.u_weights._01628_,8.995µm
m.u_conv3.u_weights._02120_,8.995µm
m.u_conv3.u_weights._02360_,8.995µm
m.u_conv3.u_weights._03937_,8.995µm
m.u_conv3.u_weights._04116_,8.995µm
m.u_conv3.u_weights._04569_,8.995µm
m.u_conv3.u_weights._04938_,8.995µm
m.u_conv3.u_weights._06632_,8.995µm
m.u_conv3.u_weights._06948_,8.995µm
m.u_conv3.u_weights._08034_,8.995µm
m.u_conv3.u_weights._09246_,8.995µm
m.u_conv3.u_weights._09336_,8.995µm
m.u_conv3.u_weights._10842_,8.995µm
m.u_conv3.u_weights._10937_,8.995µm
m.u_conv3.u_weights._13016_,8.995µm
m.u_conv3.u_weights._14648_,8.995µm
m.u_tree._0827_,8.995µm
net2422,8.995µm
net2524,8.995µm
m.u_conv3.u_weights._09198_,8.99µm
m.u_conv3.u_weights._09567_,8.99µm
m.u_conv3.u_weights._00264_,8.985µm
m.u_conv3.u_weights._00776_,8.985µm
m.u_conv3.u_weights._00967_,8.985µm
m.u_conv3.u_weights._07887_,8.985µm
m.u_conv2._0786_,8.98µm
m.u_conv3.u_weights._01399_,8.98µm
m.u_conv3.u_weights._01440_,8.98µm
m.u_conv3.u_weights._02091_,8.98µm
m.u_conv3.u_weights._03098_,8.98µm
m.u_conv3.u_weights._03288_,8.98µm
m.u_conv3.u_weights._03843_,8.98µm
m.u_conv3.u_weights._06784_,8.98µm
m.u_conv3.u_weights._07874_,8.98µm
m.u_conv3.u_weights._08458_,8.98µm
m.u_conv3.u_weights._09328_,8.98µm
m.u_conv3.u_weights._09696_,8.98µm
m.u_conv3.u_weights._09715_,8.98µm
m.u_conv3.u_weights._10373_,8.98µm
m.u_conv3.u_weights._10628_,8.98µm
m.u_conv3.u_weights._13259_,8.98µm
m.u_conv3.u_weights._13806_,8.98µm
m.u_conv3.u_weights._14273_,8.98µm
m.u_conv3.u_weights._14702_,8.98µm
m.u_conv3.u_weights._00201_,8.97µm
m.u_conv3.u_weights._14275_,8.97µm
m.u_conv3.u_weights._15481_,8.97µm
m.u_conv1.u_weights._070_,8.96µm
m.u_conv3.u_weights._01735_,8.96µm
m.u_conv3.u_weights._03527_,8.96µm
m.u_conv3.u_weights._05265_,8.96µm
m.u_conv3.u_weights._05734_,8.96µm
m.u_conv3.u_weights._06337_,8.96µm
m.u_conv3.u_weights._06668_,8.96µm
m.u_conv3.u_weights._07891_,8.96µm
m.u_conv3.u_weights._07935_,8.96µm
m.u_conv3.u_weights._08400_,8.96µm
m.u_conv3.u_weights._10530_,8.96µm
m.u_conv3.u_weights._11234_,8.96µm
m.u_conv3.u_weights._11418_,8.96µm
m.u_conv3.u_weights._11613_,8.96µm
m.u_conv3.u_weights._12703_,8.96µm
m.u_conv3.u_weights._13036_,8.96µm
m.u_conv3.u_weights._13329_,8.96µm
m.u_conv3.u_weights._13495_,8.96µm
m.u_conv3.u_weights._13853_,8.96µm
m.u_conv3.u_weights._15052_,8.96µm
m.u_conv3.u_weights._15656_,8.96µm
m.u_conv3.u_weights._05541_,8.955µm
net2773,8.955µm
m.u_conv1.u_loader._109_,8.95µm
m.u_conv2.acc\[15\]\[5\],8.95µm
m.u_conv2.acc\[5\]\[5\],8.95µm
m.u_conv2.u_loader._430_,8.95µm
m.u_conv3.u_weights._01342_,8.95µm
m.u_conv3.u_weights._04578_,8.95µm
m.u_conv3.u_weights._06659_,8.95µm
m.u_conv3.u_weights._06952_,8.95µm
m.u_conv3.u_weights._07034_,8.95µm
m.u_conv3.u_weights._07359_,8.95µm
m.u_conv3.u_weights._13043_,8.95µm
m.u_conv3.u_weights._13210_,8.95µm
m.u_conv3.u_weights._14038_,8.95µm
m.u_conv3.u_weights._14545_,8.95µm
m.u_pool2._098_,8.95µm
m.u_conv3.u_weights._05685_,8.945µm
m.u_conv2.u_weights._384_,8.94µm
m.u_conv3.u_weights._01350_,8.94µm
m.u_conv3.u_weights._01495_,8.94µm
m.u_conv3.u_weights._05230_,8.94µm
m.u_conv3.u_weights._05392_,8.94µm
m.u_conv3.u_weights._05903_,8.94µm
m.u_conv3.u_weights._08353_,8.94µm
m.u_conv3.u_weights._08957_,8.94µm
m.u_conv3.u_weights._09197_,8.94µm
m.u_conv3.u_weights._10359_,8.94µm
m.u_conv3.u_weights._10361_,8.94µm
m.u_conv3.u_weights._10503_,8.94µm
m.u_conv3.u_weights._11251_,8.94µm
m.u_conv3.u_weights._13598_,8.94µm
m.u_pool2._116_,8.94µm
m.u_conv2.acc\[42\]\[3\],8.935µm
m.u_conv2.u_loader.state\[5\],8.935µm
m.u_conv3.u_weights._05062_,8.935µm
m.u_conv3.u_weights._07352_,8.935µm
m.u_conv3.u_weights._07754_,8.935µm
m.u_conv3.u_weights._12727_,8.935µm
m.u_tree._0195_,8.935µm
m.u_conv3.u_weights._03506_,8.93µm
m.u_conv3.u_weights._06435_,8.93µm
m.u_conv3.u_weights._06457_,8.93µm
m.u_conv3.u_weights._07914_,8.93µm
m.u_conv3.u_weights._03752_,8.925µm
m.u_conv3.u_weights._04884_,8.925µm
m.u_conv3.u_weights._09217_,8.925µm
net1876,8.925µm
m.u_conv3.u_weights._08807_,8.92µm
m.u_conv3.u_weights._11420_,8.92µm
m.u_conv3.u_weights._03865_,8.915µm
m.u_conv3.u_weights._07620_,8.915µm
m.u_conv3.u_weights._10941_,8.915µm
m.u_conv3.u_weights._12054_,8.915µm
net1943,8.91µm
m.u_conv1.u_weights._091_,8.91µm
m.u_conv3.u_weights._02769_,8.91µm
m.u_conv3.u_weights._04510_,8.91µm
m.u_conv3.u_weights._07149_,8.91µm
m.u_conv3.u_weights._09597_,8.91µm
m.u_conv3.u_weights._10081_,8.91µm
m.u_conv3.u_weights._10799_,8.91µm
m.u_conv3.u_weights._11183_,8.91µm
m.u_conv3.u_weights._11295_,8.91µm
m.u_conv3.u_weights._14307_,8.91µm
m.u_conv2._0877_,8.905µm
m.u_conv3.u_weights._01082_,8.905µm
m.u_conv3.u_weights._09644_,8.905µm
m.u_conv3.u_weights._14094_,8.905µm
m.u_conv3.u_weights._14744_,8.905µm
m.u_conv3.u_weights._14793_,8.905µm
m.u_conv3.u_weights._00448_,8.9µm
m.u_conv3.u_weights._01049_,8.9µm
m.u_conv3.u_weights._01705_,8.9µm
m.u_conv3.u_weights._03812_,8.9µm
m.u_conv3.u_weights._04406_,8.9µm
m.u_conv3.u_weights._06295_,8.9µm
m.u_conv3.u_weights._07298_,8.9µm
m.u_conv3.u_weights._09628_,8.9µm
m.u_conv3.u_weights._10697_,8.9µm
m.u_conv3.u_weights._10844_,8.9µm
m.u_conv3.u_weights._11537_,8.9µm
m.u_conv3.u_weights._13535_,8.9µm
m.u_tree._0569_,8.9µm
m.u_tree._1395_,8.9µm
net2372,8.9µm
net2387,8.9µm
net2436,8.9µm
net2454,8.9µm
net2458,8.9µm
net2479,8.9µm
net2493,8.9µm
net2501,8.9µm
net2523,8.9µm
net2533,8.9µm
net2549,8.9µm
net2633,8.9µm
net2676,8.9µm
net2747,8.9µm
net3050,8.9µm
m.u_conv3.u_weights._05223_,8.895µm
m._109_,8.89µm
m.sram_req_conv2\[25\],8.89µm
net1974,8.89µm
m.u_conv2._0199_,8.89µm
m.u_conv2._0213_,8.89µm
m.u_conv2._0214_,8.89µm
m.u_conv2._0416_,8.89µm
m.u_conv2._0447_,8.89µm
m.u_conv2._0451_,8.89µm
m.u_conv2._0745_,8.89µm
m.u_conv2._1307_,8.89µm
m.u_conv2.acc\[19\]\[5\],8.89µm
m.u_conv2.acc\[31\]\[0\],8.89µm
m.u_conv2.u_weights._238_,8.89µm
m.u_conv3.u_weights._00329_,8.89µm
m.u_conv3.u_weights._00804_,8.89µm
m.u_conv3.u_weights._00835_,8.89µm
m.u_conv3.u_weights._01459_,8.89µm
m.u_conv3.u_weights._02738_,8.89µm
m.u_conv3.u_weights._02799_,8.89µm
m.u_conv3.u_weights._02921_,8.89µm
m.u_conv3.u_weights._03388_,8.89µm
m.u_conv3.u_weights._04633_,8.89µm
m.u_conv3.u_weights._04775_,8.89µm
m.u_conv3.u_weights._05132_,8.89µm
m.u_conv3.u_weights._05224_,8.89µm
m.u_conv3.u_weights._05361_,8.89µm
m.u_conv3.u_weights._05389_,8.89µm
m.u_conv3.u_weights._05640_,8.89µm
m.u_conv3.u_weights._07070_,8.89µm
m.u_conv3.u_weights._07227_,8.89µm
m.u_conv3.u_weights._08417_,8.89µm
m.u_conv3.u_weights._08433_,8.89µm
m.u_conv3.u_weights._08437_,8.89µm
m.u_conv3.u_weights._08547_,8.89µm
m.u_conv3.u_weights._08802_,8.89µm
m.u_conv3.u_weights._09584_,8.89µm
m.u_conv3.u_weights._09662_,8.89µm
m.u_conv3.u_weights._09819_,8.89µm
m.u_conv3.u_weights._09998_,8.89µm
m.u_conv3.u_weights._10183_,8.89µm
m.u_conv3.u_weights._10468_,8.89µm
m.u_conv3.u_weights._11718_,8.89µm
m.u_conv3.u_weights._11763_,8.89µm
m.u_conv3.u_weights._11944_,8.89µm
m.u_conv3.u_weights._12064_,8.89µm
m.u_conv3.u_weights._12078_,8.89µm
m.u_conv3.u_weights._12097_,8.89µm
m.u_conv3.u_weights._12154_,8.89µm
m.u_conv3.u_weights._12508_,8.89µm
m.u_conv3.u_weights._13890_,8.89µm
m.u_conv3.u_weights._13982_,8.89µm
m.u_conv3.u_weights._14159_,8.89µm
m.u_conv3.u_weights._14721_,8.89µm
m.u_conv3.u_weights._14772_,8.89µm
m.u_conv3.u_weights._14788_,8.89µm
m.u_conv3.u_weights._15204_,8.89µm
m.u_conv3.u_weights._15728_,8.89µm
m.u_tree._0240_,8.89µm
m.u_tree._0685_,8.89µm
m.u_tree._0844_,8.89µm
net2378,8.89µm
net2467,8.89µm
net2679,8.89µm
net2854,8.89µm
m.u_conv3.u_weights._00069_,8.885µm
m.u_conv3.u_weights._00376_,8.885µm
m.u_conv3.u_weights._05957_,8.885µm
m.u_conv3.u_weights._11592_,8.885µm
m.u_conv3.u_weights._12278_,8.885µm
m.u_conv3.u_weights._13754_,8.885µm
m.u_conv2._0817_,8.88µm
m.u_conv2._1104_,8.88µm
m.u_conv2.u_loader._381_,8.88µm
m.u_conv3.u_weights._01141_,8.88µm
m.u_conv3.u_weights._01424_,8.88µm
m.u_conv3.u_weights._02196_,8.88µm
m.u_conv3.u_weights._03756_,8.88µm
m.u_conv3.u_weights._06057_,8.88µm
m.u_conv3.u_weights._06194_,8.88µm
m.u_conv3.u_weights._07254_,8.88µm
m.u_conv3.u_weights._08321_,8.88µm
m.u_conv3.u_weights._09749_,8.88µm
m.u_conv3.u_weights._10563_,8.88µm
m.u_conv3.u_weights._11961_,8.88µm
m.u_conv3.u_weights._12934_,8.88µm
m.u_conv3.u_weights._13804_,8.88µm
m.u_conv3.u_weights._14179_,8.88µm
m.u_conv3.u_weights._15061_,8.88µm
m.u_conv3.u_weights._15177_,8.88µm
m.u_tree._0071_,8.88µm
m.u_tree._1008_,8.88µm
m.u_tree._1324_,8.88µm
net1909,8.88µm
net1960,8.88µm
net2048,8.88µm
net2069,8.88µm
net2076,8.88µm
net2080,8.88µm
m.u_conv3.u_weights._03885_,8.875µm
m.u_conv3.u_weights._05045_,8.875µm
m.u_conv3.u_weights._09027_,8.875µm
m.u_conv3.u_weights._10675_,8.875µm
m.u_conv3.u_weights._11897_,8.875µm
m.u_conv3.u_weights._12662_,8.875µm
m.u_conv3.u_weights._14340_,8.875µm
m.u_tree._0970_,8.875µm
m.u_conv3.u_weights._14285_,8.87µm
m.u_conv3.u_weights._10510_,8.865µm
m.u_conv2.u_weights._019_,8.855µm
m.u_conv3.u_weights._01669_,8.855µm
m.u_conv3.u_weights._09942_,8.855µm
m.u_conv1.u_loader._342_,8.85µm
m.u_conv3.u_weights._03564_,8.85µm
m.u_conv3.u_weights._07621_,8.85µm
m.u_conv3.u_weights._11584_,8.85µm
m.u_conv3.u_weights._15494_,8.85µm
m.u_conv3.u_weights._03451_,8.845µm
m.u_conv3.u_weights._08798_,8.845µm
m.u_conv3.u_weights._11465_,8.845µm
m.u_conv3.u_weights._00170_,8.84µm
m.u_conv3.u_weights._00243_,8.84µm
m.u_conv3.u_weights._03167_,8.84µm
m.u_conv3.u_weights._03653_,8.84µm
m.u_conv3.u_weights._07032_,8.84µm
m.u_conv3.u_weights._07119_,8.84µm
m.u_conv3.u_weights._08263_,8.84µm
m.u_conv3.u_weights._09207_,8.84µm
m.u_conv3.u_weights._10133_,8.84µm
m.u_conv3.u_weights._10158_,8.84µm
m.u_conv3.u_weights._10300_,8.84µm
m.u_conv3.u_weights._12289_,8.84µm
m.u_conv3.u_weights._12366_,8.84µm
m.u_conv3.u_weights._14552_,8.84µm
m.u_conv1._163_,8.83µm
m.u_conv2._0011_,8.83µm
m.u_conv2._1004_,8.83µm
m.u_conv2.u_loader._109_,8.83µm
m.u_conv3.u_weights._00509_,8.83µm
m.u_conv3.u_weights._00732_,8.83µm
m.u_conv3.u_weights._01780_,8.83µm
m.u_conv3.u_weights._02787_,8.83µm
m.u_conv3.u_weights._03754_,8.83µm
m.u_conv3.u_weights._04117_,8.83µm
m.u_conv3.u_weights._04546_,8.83µm
m.u_conv3.u_weights._05069_,8.83µm
m.u_conv3.u_weights._06090_,8.83µm
m.u_conv3.u_weights._06189_,8.83µm
m.u_conv3.u_weights._07114_,8.83µm
m.u_conv3.u_weights._08501_,8.83µm
m.u_conv3.u_weights._08512_,8.83µm
m.u_conv3.u_weights._09035_,8.83µm
m.u_conv3.u_weights._10581_,8.83µm
m.u_conv3.u_weights._11244_,8.83µm
m.u_conv3.u_weights._13278_,8.83µm
m.u_pool2._058_,8.83µm
m.u_tree._0801_,8.83µm
m.u_conv2.u_weights._299_,8.825µm
m.u_conv3.u_weights._02353_,8.825µm
m.u_conv3.u_weights._03293_,8.825µm
m.u_conv3.u_weights._06409_,8.825µm
m.u_conv2._0115_,8.82µm
m.u_conv3.u_weights._03602_,8.82µm
m.u_conv3.u_weights._12846_,8.82µm
m.u_conv3.u_weights._15332_,8.82µm
m.u_pool1._144_,8.82µm
m.u_conv3.u_weights._01872_,8.815µm
m.u_conv3.u_weights._06099_,8.815µm
m.u_conv3.u_weights._07728_,8.815µm
m.u_conv3.u_weights._09304_,8.815µm
m.u_conv3.u_weights._14805_,8.815µm
m.u_tree._1010_,8.815µm
m.u_conv3.u_weights._06849_,8.81µm
m.u_conv3.u_weights._06083_,8.805µm
m.u_conv3.u_weights._06497_,8.805µm
m.u_conv3.u_weights._14677_,8.805µm
m.u_conv3.u_weights._05579_,8.8µm
m.u_tree._1043_,8.8µm
m.u_conv3.u_weights._00677_,8.795µm
m.u_conv2._0514_,8.79µm
m.u_conv3.u_weights._00044_,8.79µm
m.u_conv3.u_weights._02465_,8.79µm
m.u_conv3.u_weights._02672_,8.79µm
m.u_conv3.u_weights._03296_,8.79µm
m.u_conv3.u_weights._05578_,8.79µm
m.u_conv3.u_weights._06333_,8.79µm
m.u_conv3.u_weights._08017_,8.79µm
m.u_conv3.u_weights._11608_,8.79µm
m.u_conv3.u_weights._13477_,8.79µm
m.u_conv3.u_weights._01270_,8.785µm
m.u_conv3.u_weights._02153_,8.785µm
m.u_conv3.u_weights._02961_,8.785µm
m.u_conv3.u_weights._03351_,8.785µm
m.u_conv3.u_weights._11688_,8.785µm
m.u_conv3.u_weights._12439_,8.785µm
m.u_conv3.u_weights._13025_,8.785µm
m.u_conv3.u_weights._00161_,8.78µm
m.u_conv3.u_weights._01388_,8.78µm
m.u_conv3.u_weights._01562_,8.78µm
m.u_conv3.u_weights._01603_,8.78µm
m.u_conv3.u_weights._02017_,8.78µm
m.u_conv3.u_weights._02233_,8.78µm
m.u_conv3.u_weights._02304_,8.78µm
m.u_conv3.u_weights._02370_,8.78µm
m.u_conv3.u_weights._03231_,8.78µm
m.u_conv3.u_weights._04937_,8.78µm
m.u_conv3.u_weights._05139_,8.78µm
m.u_conv3.u_weights._06612_,8.78µm
m.u_conv3.u_weights._06768_,8.78µm
m.u_conv3.u_weights._07035_,8.78µm
m.u_conv3.u_weights._08294_,8.78µm
m.u_conv3.u_weights._10253_,8.78µm
m.u_conv3.u_weights._11406_,8.78µm
m.u_conv3.u_weights._11901_,8.78µm
m.u_conv3.u_weights._12960_,8.78µm
m.u_conv3.u_weights._13993_,8.78µm
m.u_conv3.u_weights._14463_,8.78µm
m.u_conv3.u_weights._15725_,8.78µm
m.u_tree._0012_,8.78µm
m.u_tree._0794_,8.78µm
m.u_tree._1238_,8.78µm
m.u_conv2._0188_,8.77µm
m.u_conv2.u_weights._306_,8.77µm
m.u_conv3.u_weights._01235_,8.77µm
m.u_conv3.u_weights._01861_,8.77µm
m.u_conv3.u_weights._02279_,8.77µm
m.u_conv3.u_weights._02605_,8.77µm
m.u_conv3.u_weights._03270_,8.77µm
m.u_conv3.u_weights._04433_,8.77µm
m.u_conv3.u_weights._04919_,8.77µm
m.u_conv3.u_weights._07605_,8.77µm
m.u_conv3.u_weights._08374_,8.77µm
m.u_conv3.u_weights._08432_,8.77µm
m.u_conv3.u_weights._09012_,8.77µm
m.u_conv3.u_weights._10080_,8.77µm
m.u_conv3.u_weights._10340_,8.77µm
m.u_conv3.u_weights._11343_,8.77µm
m.u_conv3.u_weights._11657_,8.77µm
m.u_conv3.u_weights._11696_,8.77µm
m.u_conv3.u_weights._11776_,8.77µm
m.u_conv3.u_weights._12587_,8.77µm
m.u_conv3.u_weights._12820_,8.77µm
m.u_conv3.u_weights._13374_,8.77µm
m.u_conv3.u_weights._13560_,8.77µm
m.u_conv3.u_weights._13718_,8.77µm
m.u_conv3.u_weights._14239_,8.77µm
m.u_conv3.u_weights._14395_,8.77µm
m.u_conv3.u_weights._14426_,8.77µm
m.u_conv3.u_weights._15263_,8.77µm
m.u_tree._0102_,8.77µm
m.u_tree._0847_,8.77µm
net1928,8.77µm
net1957,8.77µm
net2033,8.77µm
m.u_tree._0796_,8.765µm
m.u_conv3.u_weights._00386_,8.76µm
m.u_conv3.u_weights._06537_,8.76µm
m.u_conv3.u_weights._07825_,8.76µm
m.u_conv3.u_weights._08872_,8.76µm
m.u_conv3.u_weights._08933_,8.76µm
m.u_conv3.u_weights._09318_,8.76µm
m.u_conv3.u_weights._10574_,8.76µm
m.u_conv3.u_weights._11401_,8.76µm
m.u_conv3.u_weights._12974_,8.76µm
m.u_conv3.u_weights._13215_,8.76µm
m.u_conv3.u_weights._14300_,8.76µm
m.u_conv3.u_weights._15385_,8.76µm
net2528,8.76µm
m.u_conv3.u_weights._03346_,8.755µm
m.u_conv3.u_weights._01416_,8.745µm
m.u_conv3.u_weights._13365_,8.745µm
m.u_conv3.u_weights._13994_,8.745µm
m.u_tree._0625_,8.745µm
m.u_conv3.u_weights._01017_,8.74µm
m.u_conv3.u_weights._07520_,8.74µm
m.u_conv3.u_weights._08391_,8.74µm
m.u_tree._0505_,8.74µm
net2212,8.735µm
m.u_conv2._0495_,8.73µm
m.u_conv3.u_weights._01074_,8.73µm
m.u_conv3.u_weights._01360_,8.73µm
m.u_conv3.u_weights._01767_,8.73µm
m.u_conv3.u_weights._02319_,8.73µm
m.u_conv3.u_weights._03050_,8.73µm
m.u_conv3.u_weights._00259_,8.725µm
m.u_conv2._1020_,8.72µm
m.u_conv2.u_weights._297_,8.72µm
m.u_conv3.u_weights._00719_,8.72µm
m.u_conv3.u_weights._01036_,8.72µm
m.u_conv3.u_weights._02379_,8.72µm
m.u_conv3.u_weights._04885_,8.72µm
m.u_conv3.u_weights._05718_,8.72µm
m.u_conv3.u_weights._05932_,8.72µm
m.u_conv3.u_weights._06484_,8.72µm
m.u_conv3.u_weights._08293_,8.72µm
m.u_conv3.u_weights._10261_,8.72µm
m.u_conv3.u_weights._10979_,8.72µm
m.u_conv3.u_weights._13709_,8.72µm
m.u_conv3.u_weights._14759_,8.72µm
m.u_conv3.u_weights._08806_,8.715µm
m.u_conv2._0352_,8.71µm
m.u_conv2.acc\[28\]\[3\],8.71µm
m.u_conv3.u_weights._01401_,8.71µm
m.u_conv3.u_weights._02772_,8.71µm
net2860,8.71µm
m.u_conv3.u_weights._10620_,8.705µm
m.u_conv1._127_,8.7µm
m.u_conv2._1396_,8.7µm
m.u_conv2.u_loader._235_,8.7µm
m.u_conv2.u_loader._331_,8.7µm
m.u_conv2.u_weights._146_,8.7µm
m.u_conv3.u_weights._02191_,8.7µm
m.u_conv3.u_weights._02567_,8.7µm
m.u_conv3.u_weights._02861_,8.7µm
m.u_conv3.u_weights._04660_,8.7µm
m.u_conv3.u_weights._04976_,8.7µm
m.u_conv3.u_weights._05306_,8.7µm
m.u_conv3.u_weights._05952_,8.7µm
m.u_conv3.u_weights._06019_,8.7µm
m.u_conv3.u_weights._07183_,8.7µm
m.u_conv3.u_weights._08452_,8.7µm
m.u_conv3.u_weights._08587_,8.7µm
m.u_conv3.u_weights._09520_,8.7µm
m.u_conv3.u_weights._10279_,8.7µm
m.u_conv3.u_weights._11655_,8.7µm
m.u_conv3.u_weights._12465_,8.7µm
m.u_conv3.u_weights._12659_,8.7µm
m.u_conv3.u_weights._12713_,8.7µm
m.u_conv3.u_weights._12999_,8.7µm
m.u_conv3.u_weights._13095_,8.7µm
m.u_conv3.u_weights._13284_,8.7µm
m.u_conv3.u_weights._14008_,8.7µm
m.u_conv3.u_weights._14791_,8.7µm
m.u_conv3.u_weights._15339_,8.7µm
m.u_conv3.u_weights._15562_,8.7µm
m.u_conv3.u_weights._15681_,8.7µm
m.u_tree._0731_,8.7µm
m.u_tree._1131_,8.7µm
m.u_tree._1455_,8.7µm
m.u_conv3.u_weights._11150_,8.695µm
m.u_conv3.u_weights._14090_,8.69µm
m.u_conv3.u_weights._05093_,8.685µm
m.u_conv3.u_weights._09078_,8.685µm
m.u_conv3.u_weights._14492_,8.685µm
m.u_conv2._0030_,8.68µm
m.u_conv3.u_weights._05753_,8.68µm
m.u_conv3.u_weights._06275_,8.68µm
m.u_conv3.u_weights._10180_,8.68µm
m.u_conv1.u_loader._036_,8.675µm
m.u_conv3.u_weights._08344_,8.675µm
m.u_conv3.u_weights._03344_,8.67µm
m.u_conv3.u_weights._07430_,8.67µm
m.u_conv3.u_weights._07440_,8.67µm
m.u_conv3.u_weights._08107_,8.665µm
m.u_conv3.u_weights._11302_,8.665µm
m.u_conv3.u_weights._02930_,8.66µm
m.u_conv3.u_weights._04400_,8.66µm
m.u_conv3.u_weights._05433_,8.66µm
m.u_conv3.u_weights._06185_,8.66µm
m.u_conv3.u_weights._10087_,8.66µm
m.u_conv3.u_weights._10127_,8.66µm
m.u_conv3.u_weights._14279_,8.66µm
m.u_conv3.u_weights._06929_,8.655µm
m.u_conv3.u_weights._14319_,8.655µm
m._105_,8.65µm
net1917,8.65µm
m.u_conv2.u_loader._047_,8.65µm
m.u_conv2.u_loader._166_,8.65µm
m.u_conv2.u_loader._258_,8.65µm
m.u_conv2.u_loader._361_,8.65µm
m.u_conv2.u_weights._287_,8.65µm
m.u_conv3.u_weights._00402_,8.65µm
m.u_conv3.u_weights._02394_,8.65µm
m.u_conv3.u_weights._02712_,8.65µm
m.u_conv3.u_weights._03380_,8.65µm
m.u_conv3.u_weights._03678_,8.65µm
m.u_conv3.u_weights._03870_,8.65µm
m.u_conv3.u_weights._05379_,8.65µm
m.u_conv3.u_weights._06561_,8.65µm
m.u_conv3.u_weights._06861_,8.65µm
m.u_conv3.u_weights._07091_,8.65µm
m.u_conv3.u_weights._08429_,8.65µm
m.u_conv3.u_weights._08753_,8.65µm
m.u_conv3.u_weights._09810_,8.65µm
m.u_conv3.u_weights._09840_,8.65µm
m.u_conv3.u_weights._10442_,8.65µm
m.u_conv3.u_weights._10451_,8.65µm
m.u_conv3.u_weights._10626_,8.65µm
m.u_conv3.u_weights._10876_,8.65µm
m.u_conv3.u_weights._10980_,8.65µm
m.u_conv3.u_weights._11079_,8.65µm
m.u_conv3.u_weights._11260_,8.65µm
m.u_conv3.u_weights._11348_,8.65µm
m.u_conv3.u_weights._11538_,8.65µm
m.u_conv3.u_weights._11781_,8.65µm
m.u_conv3.u_weights._12339_,8.65µm
m.u_conv3.u_weights._12863_,8.65µm
m.u_conv3.u_weights._13606_,8.65µm
m.u_conv3.u_weights._13757_,8.65µm
m.u_conv3.u_weights._14519_,8.65µm
m.u_conv3.u_weights._15291_,8.65µm
m.u_pool2._166_,8.65µm
m.u_tree._0273_,8.65µm
m.u_tree._1289_,8.65µm
net5,8.65µm
net1903,8.65µm
net2608,8.65µm
net2689,8.65µm
net2857,8.65µm
net2982,8.65µm
m.u_conv2._0054_,8.64µm
m.u_conv2.acc\[59\]\[5\],8.64µm
m.u_conv2.u_loader._084_,8.64µm
m.u_conv2.u_loader._297_,8.64µm
m.u_conv2.u_loader._427_,8.64µm
m.u_conv2.u_weights._132_,8.64µm
m.u_conv3.u_weights._00045_,8.64µm
m.u_conv3.u_weights._00198_,8.64µm
m.u_conv3.u_weights._00435_,8.64µm
m.u_conv3.u_weights._00468_,8.64µm
m.u_conv3.u_weights._00591_,8.64µm
m.u_conv3.u_weights._00858_,8.64µm
m.u_conv3.u_weights._00951_,8.64µm
m.u_conv3.u_weights._01529_,8.64µm
m.u_conv3.u_weights._01565_,8.64µm
m.u_conv3.u_weights._01997_,8.64µm
m.u_conv3.u_weights._02437_,8.64µm
m.u_conv3.u_weights._02656_,8.64µm
m.u_conv3.u_weights._03666_,8.64µm
m.u_conv3.u_weights._03815_,8.64µm
m.u_conv3.u_weights._04018_,8.64µm
m.u_conv3.u_weights._05095_,8.64µm
m.u_conv3.u_weights._05113_,8.64µm
m.u_conv3.u_weights._05900_,8.64µm
m.u_conv3.u_weights._06475_,8.64µm
m.u_conv3.u_weights._06657_,8.64µm
m.u_conv3.u_weights._06949_,8.64µm
m.u_conv3.u_weights._07372_,8.64µm
m.u_conv3.u_weights._07555_,8.64µm
m.u_conv3.u_weights._07875_,8.64µm
m.u_conv3.u_weights._08875_,8.64µm
m.u_conv3.u_weights._09523_,8.64µm
m.u_conv3.u_weights._11430_,8.64µm
m.u_conv3.u_weights._11583_,8.64µm
m.u_conv3.u_weights._11727_,8.64µm
m.u_conv3.u_weights._11767_,8.64µm
m.u_conv3.u_weights._11834_,8.64µm
m.u_conv3.u_weights._11896_,8.64µm
m.u_conv3.u_weights._12359_,8.64µm
m.u_conv3.u_weights._12707_,8.64µm
m.u_conv3.u_weights._12759_,8.64µm
m.u_conv3.u_weights._13682_,8.64µm
m.u_conv3.u_weights._14278_,8.64µm
m.u_conv3.u_weights._14456_,8.64µm
m.u_conv3.u_weights._14567_,8.64µm
m.u_conv3.u_weights._14731_,8.64µm
m.u_conv3.u_weights._15043_,8.64µm
m.u_tree._0098_,8.64µm
m.u_tree._0112_,8.64µm
m.u_tree._0949_,8.64µm
m.u_tree._1225_,8.64µm
net2211,8.64µm
m.u_conv3.u_weights._09839_,8.635µm
m.u_conv3.u_weights._10378_,8.635µm
m.u_conv3.u_weights._02645_,8.63µm
m.u_conv2.acc\[10\]\[2\],8.625µm
m.u_conv3.u_weights._03567_,8.625µm
m.u_conv3.u_weights._15757_,8.615µm
m.u_conv3.u_weights._14524_,8.61µm
m.u_conv3.u_weights._15167_,8.61µm
m.u_conv3.u_weights._00168_,8.6µm
m.u_conv3.u_weights._05787_,8.6µm
m.u_conv3.u_weights._12838_,8.6µm
m.u_conv2._1415_,8.595µm
m.u_conv2._1499_,8.595µm
m.sram_req_mnist\[7\],8.59µm
m.u_conv1._181_,8.59µm
m.u_conv2._0490_,8.59µm
m.u_conv2._1082_,8.59µm
m.u_conv2._1116_,8.59µm
m.u_conv2._1149_,8.59µm
m.u_conv2._1203_,8.59µm
m.u_conv2._1265_,8.59µm
m.u_conv2._1279_,8.59µm
m.u_conv2._1343_,8.59µm
m.u_conv2._1432_,8.59µm
m.u_conv2.loader_buffer\[9\],8.59µm
m.u_conv2.u_loader._161_,8.59µm
m.u_conv2.u_loader._277_,8.59µm
m.u_conv3._088_,8.59µm
m.u_conv3.u_weights._00741_,8.59µm
m.u_conv3.u_weights._00761_,8.59µm
m.u_conv3.u_weights._00912_,8.59µm
m.u_conv3.u_weights._02051_,8.59µm
m.u_conv3.u_weights._02928_,8.59µm
m.u_conv3.u_weights._03041_,8.59µm
m.u_conv3.u_weights._03667_,8.59µm
m.u_conv3.u_weights._03741_,8.59µm
m.u_conv3.u_weights._03809_,8.59µm
m.u_conv3.u_weights._03900_,8.59µm
m.u_conv3.u_weights._04179_,8.59µm
m.u_conv3.u_weights._06291_,8.59µm
m.u_conv3.u_weights._06712_,8.59µm
m.u_conv3.u_weights._07266_,8.59µm
m.u_conv3.u_weights._08393_,8.59µm
m.u_conv3.u_weights._09178_,8.59µm
m.u_conv3.u_weights._09218_,8.59µm
m.u_conv3.u_weights._09234_,8.59µm
m.u_conv3.u_weights._10109_,8.59µm
m.u_conv3.u_weights._10358_,8.59µm
m.u_conv3.u_weights._10644_,8.59µm
m.u_conv3.u_weights._11011_,8.59µm
m.u_conv3.u_weights._11643_,8.59µm
m.u_conv3.u_weights._12024_,8.59µm
m.u_conv3.u_weights._12479_,8.59µm
m.u_conv3.u_weights._13475_,8.59µm
m.u_conv3.u_weights._13516_,8.59µm
m.u_conv3.u_weights._13627_,8.59µm
m.u_conv3.u_weights._14363_,8.59µm
m.u_conv3.u_weights._14470_,8.59µm
m.u_conv3.u_weights._14532_,8.59µm
m.u_conv3.u_weights._14586_,8.59µm
m.u_conv3.u_weights._14588_,8.59µm
m.u_conv3.u_weights._15257_,8.59µm
m.u_conv3.u_weights._15521_,8.59µm
m.u_conv3.u_weights._15743_,8.59µm
m.u_pool2.top_byte_reg\[1\],8.59µm
net2711,8.59µm
net2833,8.59µm
net2910,8.59µm
net3062,8.59µm
m.u_conv3.u_weights._08824_,8.585µm
m.u_conv3.u_weights._13482_,8.585µm
m.u_tree._1564_,8.585µm
m.u_conv1.u_loader._055_,8.58µm
m.u_conv2._1271_,8.58µm
m.u_conv2.acc\[11\]\[4\],8.58µm
m.u_conv2.u_weights._108_,8.58µm
m.u_conv3.u_weights._00216_,8.58µm
m.u_conv3.u_weights._02857_,8.58µm
m.u_conv3.u_weights._03651_,8.58µm
m.u_conv3.u_weights._03925_,8.58µm
m.u_conv3.u_weights._03963_,8.58µm
m.u_conv3.u_weights._04349_,8.58µm
m.u_conv3.u_weights._05493_,8.58µm
m.u_conv3.u_weights._08053_,8.58µm
m.u_conv3.u_weights._08361_,8.58µm
m.u_conv3.u_weights._09344_,8.58µm
m.u_conv3.u_weights._09546_,8.58µm
m.u_conv3.u_weights._10318_,8.58µm
m.u_conv3.u_weights._10390_,8.58µm
m.u_conv3.u_weights._13173_,8.58µm
m.u_conv3.u_weights._13534_,8.58µm
m.u_conv3.u_weights._14972_,8.58µm
m.u_conv3.u_weights._15409_,8.58µm
m.u_conv3.u_weights._15568_,8.58µm
m.u_tree._0326_,8.58µm
m.u_tree._1505_,8.58µm
net2774,8.58µm
m.u_conv3.u_weights._00611_,8.575µm
m.u_conv3.u_weights._01345_,8.575µm
m.u_conv3.u_weights._01836_,8.575µm
m.u_conv3.u_weights._02220_,8.575µm
m.u_conv3.u_weights._05881_,8.575µm
m.u_conv3.u_weights._08085_,8.575µm
m.u_conv3.u_weights._09823_,8.575µm
m.u_conv3.u_weights._10051_,8.575µm
m.u_conv3.u_weights._12705_,8.575µm
m.u_conv3.u_weights._14384_,8.575µm
m.u_conv3.u_weights._02150_,8.57µm
m.u_conv3.u_weights._09251_,8.57µm
m.u_conv3.u_weights._01357_,8.565µm
m.u_conv3.u_weights._04725_,8.565µm
m.u_conv3.u_weights._13161_,8.565µm
m.u_conv3.u_weights._03927_,8.56µm
m.u_conv3.u_weights._15199_,8.56µm
m.u_pool2._132_,8.56µm
m.u_conv2.u_weights._028_,8.555µm
m.u_conv3.u_weights._08466_,8.545µm
m.u_conv3.u_weights._12292_,8.545µm
m.u_conv3.u_weights._00479_,8.54µm
m.u_conv3.u_weights._00884_,8.54µm
m.u_conv3.u_weights._00961_,8.54µm
m.u_conv3.u_weights._02128_,8.54µm
m.u_conv3.u_weights._02263_,8.54µm
m.u_conv3.u_weights._03589_,8.54µm
m.u_conv3.u_weights._03923_,8.54µm
m.u_conv3.u_weights._03976_,8.54µm
m.u_conv3.u_weights._04644_,8.54µm
m.u_conv3.u_weights._05144_,8.54µm
m.u_conv3.u_weights._06725_,8.54µm
m.u_conv3.u_weights._07681_,8.54µm
m.u_conv3.u_weights._07736_,8.54µm
m.u_conv3.u_weights._08351_,8.54µm
m.u_conv3.u_weights._09773_,8.54µm
m.u_conv3.u_weights._09858_,8.54µm
m.u_conv3.u_weights._09970_,8.54µm
m.u_conv3.u_weights._10206_,8.54µm
m.u_conv3.u_weights._11171_,8.54µm
m.u_conv3.u_weights._12593_,8.54µm
m.u_conv3.u_weights._14218_,8.54µm
m.u_conv3.u_weights._14374_,8.54µm
m.u_conv3.u_weights._14884_,8.54µm
m.u_conv3.u_weights._15611_,8.54µm
m.u_tree._0173_,8.54µm
m.u_tree._0776_,8.54µm
m.u_conv3.u_weights._02831_,8.535µm
m.u_conv1.conv_out0\[0\],8.53µm
m.u_conv1.u_loader._126_,8.53µm
m.u_conv1.u_loader._222_,8.53µm
m.u_conv2.acc\[36\]\[1\],8.53µm
m.u_conv3._157_,8.53µm
m.u_conv3.u_weights._00340_,8.53µm
m.u_conv3.u_weights._00393_,8.53µm
m.u_conv3.u_weights._00872_,8.53µm
m.u_conv3.u_weights._01052_,8.53µm
m.u_conv3.u_weights._01192_,8.53µm
m.u_conv3.u_weights._01216_,8.53µm
m.u_conv3.u_weights._01337_,8.53µm
m.u_conv3.u_weights._01480_,8.53µm
m.u_conv3.u_weights._01698_,8.53µm
m.u_conv3.u_weights._02491_,8.53µm
m.u_conv3.u_weights._02595_,8.53µm
m.u_conv3.u_weights._03195_,8.53µm
m.u_conv3.u_weights._03890_,8.53µm
m.u_conv3.u_weights._04214_,8.53µm
m.u_conv3.u_weights._04397_,8.53µm
m.u_conv3.u_weights._04443_,8.53µm
m.u_conv3.u_weights._04762_,8.53µm
m.u_conv3.u_weights._04862_,8.53µm
m.u_conv3.u_weights._05182_,8.53µm
m.u_conv3.u_weights._05194_,8.53µm
m.u_conv3.u_weights._05879_,8.53µm
m.u_conv3.u_weights._06995_,8.53µm
m.u_conv3.u_weights._07245_,8.53µm
m.u_conv3.u_weights._08461_,8.53µm
m.u_conv3.u_weights._09783_,8.53µm
m.u_conv3.u_weights._10120_,8.53µm
m.u_conv3.u_weights._10603_,8.53µm
m.u_conv3.u_weights._11005_,8.53µm
m.u_conv3.u_weights._11569_,8.53µm
m.u_conv3.u_weights._12214_,8.53µm
m.u_conv3.u_weights._12827_,8.53µm
m.u_conv3.u_weights._14927_,8.53µm
m.u_conv3.u_weights._15402_,8.53µm
m.u_conv3.u_weights._15592_,8.53µm
m.u_pool1._118_,8.53µm
m.u_pool1._136_,8.53µm
m.u_pool1._158_,8.53µm
m.u_tree._0105_,8.53µm
m.u_tree._0885_,8.53µm
net2202,8.53µm
m.u_conv3.u_weights._01897_,8.525µm
m.u_conv3.u_weights._03713_,8.525µm
net2001,8.525µm
m.u_conv1.u_weights._097_,8.52µm
net2219,8.52µm
m.u_conv3.u_weights._00510_,8.52µm
m.u_conv3.u_weights._00626_,8.52µm
m.u_conv3.u_weights._01318_,8.52µm
m.u_conv3.u_weights._01551_,8.52µm
m.u_conv3.u_weights._02648_,8.52µm
m.u_conv3.u_weights._02979_,8.52µm
m.u_conv3.u_weights._03311_,8.52µm
m.u_conv3.u_weights._03904_,8.52µm
m.u_conv3.u_weights._04350_,8.52µm
m.u_conv3.u_weights._05769_,8.52µm
m.u_conv3.u_weights._05912_,8.52µm
m.u_conv3.u_weights._06310_,8.52µm
m.u_conv3.u_weights._06788_,8.52µm
m.u_conv3.u_weights._06851_,8.52µm
m.u_conv3.u_weights._06869_,8.52µm
m.u_conv3.u_weights._08851_,8.52µm
m.u_conv3.u_weights._14738_,8.52µm
m.u_tree._0457_,8.52µm
m.u_tree._1546_,8.52µm
m.u_conv2._1413_,8.515µm
m.u_conv2.u_loader._329_,8.515µm
m.u_conv3.u_weights._00151_,8.515µm
m.u_conv3.u_weights._02515_,8.515µm
m.u_conv3.u_weights._02689_,8.515µm
m.u_conv3.u_weights._03278_,8.515µm
m.u_conv3.u_weights._03739_,8.515µm
m.u_conv3.u_weights._05386_,8.515µm
m.u_conv3.u_weights._05785_,8.515µm
m.u_conv3.u_weights._06834_,8.515µm
m.u_conv3.u_weights._07201_,8.515µm
m.u_conv3.u_weights._07229_,8.515µm
m.u_conv3.u_weights._07289_,8.515µm
m.u_conv3.u_weights._07432_,8.515µm
m.u_conv3.u_weights._08128_,8.515µm
m.u_conv3.u_weights._08900_,8.515µm
m.u_conv3.u_weights._09165_,8.515µm
m.u_conv3.u_weights._09865_,8.515µm
m.u_conv3.u_weights._11007_,8.515µm
m.u_conv3.u_weights._12311_,8.515µm
m.u_conv3.u_weights._13991_,8.515µm
m.u_conv3.u_weights._15390_,8.515µm
m.u_conv3.u_weights._15531_,8.515µm
m.u_conv3.u_weights._15654_,8.515µm
m.u_tree._0196_,8.515µm
m.u_tree._0691_,8.515µm
net2363,8.515µm
net2364,8.515µm
net2468,8.515µm
net2659,8.515µm
net2720,8.515µm
m.u_conv3.u_weights._01504_,8.51µm
m.u_conv3.u_weights._05960_,8.51µm
m.u_conv3.u_weights._06842_,8.51µm
m.u_conv3.u_weights._13006_,8.51µm
m.u_conv2.u_weights._296_,8.5µm
m.u_conv3.u_weights._00138_,8.5µm
m.u_conv3.u_weights._00821_,8.5µm
m.u_conv3.u_weights._01585_,8.5µm
m.u_conv3.u_weights._01641_,8.5µm
m.u_conv3.u_weights._02077_,8.5µm
m.u_conv3.u_weights._02659_,8.5µm
m.u_conv3.u_weights._04630_,8.5µm
m.u_conv3.u_weights._06486_,8.5µm
m.u_conv3.u_weights._09305_,8.5µm
m.u_conv3.u_weights._09309_,8.5µm
m.u_conv3.u_weights._09671_,8.5µm
m.u_conv3.u_weights._10756_,8.5µm
m.u_conv3.u_weights._11128_,8.5µm
m.u_conv3.u_weights._11747_,8.5µm
m.u_tree._0031_,8.5µm
m.u_tree._0799_,8.5µm
m.u_conv3.u_weights._15528_,8.49µm
m.u_conv3.u_weights._03482_,8.485µm
m.u_conv1.u_loader._119_,8.48µm
m.u_conv2.acc\[19\]\[4\],8.48µm
m.u_conv3._072_,8.48µm
m.u_conv3.u_weights._00946_,8.48µm
m.u_conv3.u_weights._02504_,8.48µm
m.u_conv3.u_weights._03553_,8.48µm
m.u_conv3.u_weights._03621_,8.48µm
m.u_conv3.u_weights._04234_,8.48µm
m.u_conv3.u_weights._04292_,8.48µm
m.u_conv3.u_weights._04799_,8.48µm
m.u_conv3.u_weights._04887_,8.48µm
m.u_conv3.u_weights._05033_,8.48µm
m.u_conv3.u_weights._06067_,8.48µm
m.u_conv3.u_weights._11354_,8.48µm
m.u_conv3.u_weights._11731_,8.48µm
m.u_conv3.u_weights._12314_,8.48µm
m.u_conv3.u_weights._15134_,8.48µm
m.u_conv3.u_weights._15249_,8.48µm
m.u_conv3.u_weights._15607_,8.48µm
m.u_tree._0053_,8.48µm
m.u_tree._1184_,8.48µm
m.u_tree._1309_,8.48µm
m.u_conv2.acc\[16\]\[0\],8.475µm
m.u_conv3.u_weights._03005_,8.475µm
m.sram_req_conv2\[12\],8.47µm
m.u_conv1.u_loader._228_,8.47µm
m.u_conv2._0623_,8.47µm
m.u_conv2._1320_,8.47µm
m.u_conv3.u_weights._00669_,8.47µm
m.u_conv3.u_weights._03913_,8.47µm
m.u_conv3.u_weights._03973_,8.47µm
m.u_conv3.u_weights._07121_,8.47µm
m.u_conv3.u_weights._09114_,8.47µm
m.u_conv3.u_weights._09272_,8.47µm
m.u_conv3.u_weights._12145_,8.47µm
m.u_conv3.u_weights._12941_,8.47µm
m.u_conv3.u_weights._13497_,8.47µm
m.u_conv3.u_weights._14705_,8.47µm
m.u_conv1.u_weights._020_,8.46µm
m.u_conv2._1385_,8.46µm
m.u_conv2.u_loader._184_,8.46µm
m.u_conv2.u_loader._221_,8.46µm
m.u_conv2.u_weights._249_,8.46µm
m.u_conv3._210_,8.46µm
m.u_conv3.u_weights._00854_,8.46µm
m.u_conv3.u_weights._02382_,8.46µm
m.u_conv3.u_weights._02845_,8.46µm
m.u_conv3.u_weights._09021_,8.46µm
m.u_conv3.u_weights._09841_,8.46µm
m.u_conv3.u_weights._10544_,8.46µm
m.u_conv3.u_weights._15103_,8.46µm
m.u_conv3.u_weights._15143_,8.46µm
m.u_tree._0327_,8.46µm
m.u_tree._1487_,8.46µm
m.u_conv2._0573_,8.455µm
m.u_conv3.u_weights._00544_,8.455µm
m.u_conv3.u_weights._01707_,8.455µm
m.u_conv3.u_weights._02262_,8.455µm
m.u_conv3.u_weights._05822_,8.455µm
m.u_conv3.u_weights._07074_,8.455µm
m.u_conv3.u_weights._07518_,8.455µm
m.u_conv3.u_weights._07814_,8.455µm
m.u_conv3.u_weights._08087_,8.455µm
m.u_conv3.u_weights._09058_,8.455µm
m.u_conv3.u_weights._09955_,8.455µm
m.u_conv3.u_weights._10392_,8.455µm
m.u_conv3.u_weights._11832_,8.455µm
m.u_conv3.u_weights._13892_,8.455µm
m.u_conv3.u_weights._14331_,8.455µm
m.u_conv3.u_weights._00654_,8.45µm
m.u_conv3.u_weights._01348_,8.45µm
m.u_conv3.u_weights._03646_,8.45µm
m.u_conv3.u_weights._11034_,8.445µm
net1879,8.445µm
m.u_conv3.u_weights._13787_,8.44µm
m.u_tree._1015_,8.44µm
m.u_conv3.u_weights._05720_,8.435µm
m.u_conv3.u_weights._15140_,8.435µm
m.u_tree._0030_,8.435µm
m.u_conv3.u_weights._04731_,8.43µm
m.u_conv3.u_weights._13099_,8.43µm
m.u_conv3.u_weights._13628_,8.43µm
m.u_conv3.u_weights._14825_,8.43µm
m.u_conv3.u_weights._15406_,8.43µm
m.u_tree._0718_,8.43µm
m.u_conv3.u_weights._06734_,8.425µm
m.u_conv3.u_weights._08632_,8.425µm
m.u_conv3.u_weights._10476_,8.425µm
m.u_conv3.u_weights._12264_,8.425µm
m.u_conv3.u_weights._15766_,8.425µm
m.u_tree._0274_,8.425µm
net2596,8.425µm
m.u_conv3.u_weights._00333_,8.42µm
m.u_conv3.u_weights._01854_,8.42µm
m.u_conv3.u_weights._01948_,8.42µm
m.u_conv3.u_weights._02240_,8.42µm
m.u_conv3.u_weights._02265_,8.42µm
m.u_conv3.u_weights._03162_,8.42µm
m.u_conv3.u_weights._03681_,8.42µm
m.u_conv3.u_weights._04820_,8.42µm
m.u_conv3.u_weights._05340_,8.42µm
m.u_conv3.u_weights._05944_,8.42µm
m.u_conv3.u_weights._06322_,8.42µm
m.u_conv3.u_weights._06962_,8.42µm
m.u_conv3.u_weights._07654_,8.42µm
m.u_conv3.u_weights._08183_,8.42µm
m.u_conv3.u_weights._08638_,8.42µm
m.u_conv3.u_weights._11877_,8.42µm
m.u_conv3.u_weights._12149_,8.42µm
m.u_conv3.u_weights._12547_,8.42µm
m.u_conv3.u_weights._12573_,8.42µm
m.u_conv3.u_weights._12891_,8.42µm
m.u_conv3.u_weights._14930_,8.42µm
m.u_conv3.u_weights._15434_,8.42µm
m.u_tree._0309_,8.42µm
m.u_tree._1380_,8.42µm
net2367,8.42µm
net2385,8.42µm
net2389,8.42µm
net2395,8.42µm
net2397,8.42µm
net2399,8.42µm
net2430,8.42µm
net2433,8.42µm
net2446,8.42µm
net2461,8.42µm
net2500,8.42µm
net2504,8.42µm
net2506,8.42µm
net2530,8.42µm
net2539,8.42µm
net2569,8.42µm
net2572,8.42µm
net2588,8.42µm
net2600,8.42µm
net2627,8.42µm
net2638,8.42µm
net2656,8.42µm
net2705,8.42µm
net2716,8.42µm
net2717,8.42µm
net2755,8.42µm
net3055,8.42µm
m.u_pool1._146_,8.415µm
m.sram_req_conv3\[9\],8.41µm
m.u_conv1.u_loader._355_,8.41µm
m.u_conv2._0102_,8.41µm
m.u_conv2._0190_,8.41µm
m.u_conv2._0248_,8.41µm
m.u_conv2._0265_,8.41µm
m.u_conv2._0328_,8.41µm
m.u_conv2._0371_,8.41µm
m.u_conv2._0459_,8.41µm
m.u_conv2._0529_,8.41µm
m.u_conv2._0760_,8.41µm
m.u_conv2._0918_,8.41µm
m.u_conv2._0922_,8.41µm
net2194,8.41µm
m.u_conv2.acc\[1\]\[1\],8.41µm
m.u_conv2.acc\[61\]\[6\],8.41µm
m.u_conv3.u_weights._00024_,8.41µm
m.u_conv3.u_weights._00704_,8.41µm
m.u_conv3.u_weights._00759_,8.41µm
m.u_conv3.u_weights._01328_,8.41µm
m.u_conv3.u_weights._02247_,8.41µm
m.u_conv3.u_weights._03383_,8.41µm
m.u_conv3.u_weights._04869_,8.41µm
m.u_conv3.u_weights._05042_,8.41µm
m.u_conv3.u_weights._05072_,8.41µm
m.u_conv3.u_weights._05158_,8.41µm
m.u_conv3.u_weights._05398_,8.41µm
m.u_conv3.u_weights._06522_,8.41µm
m.u_conv3.u_weights._07478_,8.41µm
m.u_conv3.u_weights._07752_,8.41µm
m.u_conv3.u_weights._07766_,8.41µm
m.u_conv3.u_weights._07871_,8.41µm
m.u_conv3.u_weights._09294_,8.41µm
m.u_conv3.u_weights._09569_,8.41µm
m.u_conv3.u_weights._09765_,8.41µm
m.u_conv3.u_weights._10126_,8.41µm
m.u_conv3.u_weights._11346_,8.41µm
m.u_conv3.u_weights._11429_,8.41µm
m.u_conv3.u_weights._12016_,8.41µm
m.u_conv3.u_weights._12126_,8.41µm
m.u_conv3.u_weights._12153_,8.41µm
m.u_conv3.u_weights._13013_,8.41µm
m.u_conv3.u_weights._13780_,8.41µm
m.u_conv3.u_weights._14332_,8.41µm
m.u_conv3.u_weights._14420_,8.41µm
m.u_conv3.u_weights._14500_,8.41µm
m.u_conv3.u_weights._14523_,8.41µm
m.u_conv3.u_weights._15573_,8.41µm
m.u_pool1._202_,8.41µm
m.u_tree._0113_,8.41µm
m.u_tree._0600_,8.41µm
m.u_tree._0742_,8.41µm
m.u_tree._0762_,8.41µm
m.u_tree._1418_,8.41µm
net1881,8.41µm
net2205,8.41µm
net2678,8.41µm
m.u_conv2.acc\[25\]\[3\],8.405µm
m.u_conv3.u_weights._00187_,8.405µm
m.u_conv3.u_weights._00622_,8.405µm
m.u_conv3.u_weights._02147_,8.405µm
m.u_conv3.u_weights._04440_,8.405µm
m.u_conv3.u_weights._06879_,8.405µm
m.u_conv3.u_weights._06960_,8.405µm
m.u_conv3.u_weights._07949_,8.405µm
m.u_conv3.u_weights._08947_,8.405µm
m.u_conv3.u_weights._10612_,8.405µm
m.u_conv3.u_weights._10878_,8.405µm
m.u_conv3.u_weights._10897_,8.405µm
m.u_conv3.u_weights._10946_,8.405µm
m.u_conv3.u_weights._11795_,8.405µm
m.u_conv3.u_weights._15485_,8.405µm
m.u_conv3.u_weights._15653_,8.405µm
m.u_tree._0701_,8.405µm
m.u_tree._1256_,8.405µm
m.sram_req_mnist\[0\],8.4µm
net1956,8.4µm
m.u_conv2._0916_,8.4µm
m.u_conv3.u_weights._00769_,8.4µm
m.u_conv3.u_weights._02495_,8.4µm
m.u_conv3.u_weights._03092_,8.4µm
m.u_conv3.u_weights._03510_,8.4µm
m.u_conv3.u_weights._04295_,8.4µm
m.u_conv3.u_weights._06479_,8.4µm
m.u_conv3.u_weights._07246_,8.4µm
m.u_conv3.u_weights._07486_,8.4µm
m.u_conv3.u_weights._08228_,8.4µm
m.u_conv3.u_weights._08352_,8.4µm
m.u_conv3.u_weights._10025_,8.4µm
m.u_conv3.u_weights._11241_,8.4µm
m.u_conv3.u_weights._12636_,8.4µm
m.u_conv3.u_weights._13353_,8.4µm
m.u_conv3.u_weights._13841_,8.4µm
m.u_conv3.u_weights._14290_,8.4µm
m.u_tree._0075_,8.4µm
m.u_tree._0498_,8.4µm
m.u_tree._1078_,8.4µm
m.u_tree._1083_,8.4µm
m.u_tree._1094_,8.4µm
net1890,8.4µm
net2023,8.4µm
m.u_conv3.u_weights._01924_,8.395µm
m.u_conv3.u_weights._03477_,8.395µm
m.u_conv3.u_weights._04980_,8.395µm
m.u_conv3.u_weights._05523_,8.395µm
m.u_conv3.u_weights._05582_,8.395µm
m.u_conv3.u_weights._00282_,8.39µm
m.u_conv3.u_weights._14345_,8.385µm
m.u_conv3.u_weights._13068_,8.38µm
m.u_conv2._1084_,8.375µm
m.u_conv3.u_weights._00110_,8.375µm
m.u_conv3.u_weights._15021_,8.375µm
m.u_tree._0042_,8.375µm
m.u_conv1.u_loader._194_,8.37µm
m.u_conv3.u_weights._03782_,8.37µm
m.u_conv3.u_weights._07179_,8.37µm
m.u_conv3.u_weights._11685_,8.37µm
m.u_conv3.u_weights._11927_,8.37µm
m.u_conv3.u_weights._15548_,8.37µm
m.u_conv2.acc\[44\]\[1\],8.365µm
m.u_conv3.u_weights._00881_,8.36µm
m.u_conv3.u_weights._01403_,8.36µm
m.u_conv3.u_weights._03498_,8.36µm
m.u_conv3.u_weights._03622_,8.36µm
m.u_conv3.u_weights._03746_,8.36µm
m.u_conv3.u_weights._05066_,8.36µm
m.u_conv3.u_weights._05449_,8.36µm
m.u_conv3.u_weights._05468_,8.36µm
m.u_conv3.u_weights._06936_,8.36µm
m.u_conv3.u_weights._08214_,8.36µm
m.u_conv3.u_weights._08907_,8.36µm
m.u_conv3.u_weights._09314_,8.36µm
m.u_conv3.u_weights._11682_,8.36µm
m.u_conv3.u_weights._12895_,8.36µm
m.u_conv3.u_weights._13545_,8.36µm
m.u_conv3.u_weights._14757_,8.36µm
net2590,8.36µm
m.u_conv3.u_weights._08859_,8.355µm
m.u_conv3.u_weights._14334_,8.355µm
m.u_conv3.u_weights._15720_,8.355µm
m.u_conv2._0259_,8.35µm
m.u_conv2._0367_,8.35µm
m.u_conv2._0419_,8.35µm
m.u_conv2._0450_,8.35µm
m.u_conv2._1301_,8.35µm
m.u_conv3.u_weights._00183_,8.35µm
m.u_conv3.u_weights._01251_,8.35µm
m.u_conv3.u_weights._02534_,8.35µm
m.u_conv3.u_weights._03205_,8.35µm
m.u_conv3.u_weights._03360_,8.35µm
m.u_conv3.u_weights._03866_,8.35µm
m.u_conv3.u_weights._04550_,8.35µm
m.u_conv3.u_weights._04789_,8.35µm
m.u_conv3.u_weights._06535_,8.35µm
m.u_conv3.u_weights._06680_,8.35µm
m.u_conv3.u_weights._06763_,8.35µm
m.u_conv3.u_weights._07494_,8.35µm
m.u_conv3.u_weights._09003_,8.35µm
m.u_conv3.u_weights._10669_,8.35µm
m.u_conv3.u_weights._11028_,8.35µm
m.u_conv3.u_weights._11210_,8.35µm
m.u_conv3.u_weights._11762_,8.35µm
m.u_conv3.u_weights._11782_,8.35µm
m.u_conv3.u_weights._12591_,8.35µm
m.u_conv3.u_weights._13283_,8.35µm
m.u_conv3.u_weights._13307_,8.35µm
m.u_conv3.u_weights._13701_,8.35µm
m.u_conv3.u_weights._13805_,8.35µm
m.u_conv3.u_weights._15600_,8.35µm
m.u_conv3.u_weights._15697_,8.35µm
m.u_tree._1495_,8.35µm
m.u_conv3.u_weights._02509_,8.345µm
m.u_conv3.u_weights._09702_,8.345µm
m.u_conv3.u_weights._03376_,8.34µm
m.u_conv3.u_weights._04170_,8.34µm
m.u_conv3.u_weights._05226_,8.34µm
m.u_conv3.u_weights._06792_,8.34µm
m.u_conv3.u_weights._08514_,8.34µm
m.u_conv3.u_weights._13032_,8.34µm
m.u_conv3.u_weights._13513_,8.34µm
m.u_conv3.u_weights._14288_,8.34µm
m.u_conv3.u_weights._15170_,8.34µm
m.u_tree._0744_,8.34µm
m.u_conv3.u_weights._00630_,8.335µm
m.u_conv3.u_weights._01194_,8.335µm
m.u_conv3.u_weights._01662_,8.335µm
m.u_conv3.u_weights._03610_,8.335µm
m.u_conv3.u_weights._04739_,8.335µm
m.u_conv3.u_weights._10828_,8.335µm
m.u_conv3.u_weights._11457_,8.335µm
m.u_conv3.u_weights._11973_,8.335µm
m.u_conv2._0486_,8.325µm
m.u_conv3.u_weights._03322_,8.325µm
m.u_conv3.u_weights._04345_,8.325µm
m.u_conv2._0682_,8.32µm
m.u_conv3.u_weights._07803_,8.32µm
m.u_conv3.u_weights._15387_,8.315µm
m.u_tree._1543_,8.315µm
m.u_conv2.acc\[27\]\[3\],8.31µm
m.u_conv3.u_weights._08865_,8.31µm
m.u_conv3.u_weights._11124_,8.31µm
m.u_conv3.u_weights._11649_,8.31µm
m.u_conv3.u_weights._00425_,8.305µm
m.u_conv3.u_weights._01734_,8.305µm
m.u_conv3.u_weights._04791_,8.305µm
m.u_conv3.u_weights._07255_,8.305µm
m.u_conv3.u_weights._09415_,8.305µm
m.u_conv1.u_weights._085_,8.3µm
m.u_conv3.u_weights._00211_,8.3µm
m.u_conv3.u_weights._00896_,8.3µm
m.u_conv3.u_weights._01694_,8.3µm
m.u_conv3.u_weights._02401_,8.3µm
m.u_conv3.u_weights._02481_,8.3µm
m.u_conv3.u_weights._02553_,8.3µm
m.u_conv3.u_weights._02863_,8.3µm
m.u_conv3.u_weights._03321_,8.3µm
m.u_conv3.u_weights._03473_,8.3µm
m.u_conv3.u_weights._03649_,8.3µm
m.u_conv3.u_weights._03711_,8.3µm
m.u_conv3.u_weights._03748_,8.3µm
m.u_conv3.u_weights._05934_,8.3µm
m.u_conv3.u_weights._07629_,8.3µm
m.u_conv3.u_weights._10325_,8.3µm
m.u_conv3.u_weights._10560_,8.3µm
m.u_conv3.u_weights._11358_,8.3µm
m.u_conv3.u_weights._11386_,8.3µm
m.u_conv3.u_weights._12061_,8.3µm
m.u_conv3.u_weights._12379_,8.3µm
m.u_conv3.u_weights._13577_,8.3µm
m.u_conv3.u_weights._14355_,8.3µm
m.u_conv3.u_weights._14499_,8.3µm
m.u_conv3.u_weights._15265_,8.3µm
m.u_tree._0773_,8.3µm
m.u_tree._0800_,8.3µm
m.u_tree._1151_,8.3µm
m.u_conv3.u_weights._09295_,8.295µm
m._029_,8.29µm
m.u_conv2._0236_,8.29µm
m.u_conv3.u_weights._00578_,8.29µm
m.u_conv3.u_weights._00595_,8.29µm
m.u_conv3.u_weights._01540_,8.29µm
m.u_conv3.u_weights._01611_,8.29µm
m.u_conv3.u_weights._02089_,8.29µm
m.u_conv3.u_weights._02373_,8.29µm
m.u_conv3.u_weights._02779_,8.29µm
m.u_conv3.u_weights._03959_,8.29µm
m.u_conv3.u_weights._04806_,8.29µm
m.u_conv3.u_weights._05850_,8.29µm
m.u_conv3.u_weights._06889_,8.29µm
m.u_conv3.u_weights._08492_,8.29µm
m.u_conv3.u_weights._08722_,8.29µm
m.u_conv3.u_weights._08896_,8.29µm
m.u_conv3.u_weights._09046_,8.29µm
m.u_conv3.u_weights._09805_,8.29µm
m.u_conv3.u_weights._10489_,8.29µm
m.u_conv3.u_weights._10688_,8.29µm
m.u_conv3.u_weights._11493_,8.29µm
m.u_conv3.u_weights._11962_,8.29µm
m.u_conv3.u_weights._12416_,8.29µm
m.u_conv3.u_weights._12725_,8.29µm
m.u_conv3.u_weights._15666_,8.29µm
m.u_tree._1064_,8.29µm
net1918,8.29µm
m.u_conv1.u_loader._410_,8.28µm
m.u_conv3.u_weights._00261_,8.28µm
m.u_conv3.u_weights._00781_,8.28µm
m.u_conv3.u_weights._00882_,8.28µm
m.u_conv3.u_weights._01793_,8.28µm
m.u_conv3.u_weights._01907_,8.28µm
m.u_conv3.u_weights._04657_,8.28µm
m.u_conv3.u_weights._04857_,8.28µm
m.u_conv3.u_weights._06097_,8.28µm
m.u_conv3.u_weights._07310_,8.28µm
m.u_conv3.u_weights._08513_,8.28µm
m.u_conv3.u_weights._09985_,8.28µm
m.u_conv3.u_weights._10247_,8.28µm
m.u_conv3.u_weights._10634_,8.28µm
m.u_conv3.u_weights._10767_,8.28µm
m.u_conv3.u_weights._12452_,8.28µm
m.u_conv3.u_weights._13650_,8.28µm
m.u_conv3.u_weights._14695_,8.28µm
m.u_conv3.u_weights._15509_,8.28µm
m.u_tree._1044_,8.28µm
m.u_tree._1114_,8.28µm
m.u_tree._1352_,8.28µm
m.u_tree._1531_,8.28µm
net2094,8.28µm
net2908,8.28µm
net3013,8.28µm
m.u_conv3.u_weights._04409_,8.275µm
m.u_conv2._1399_,8.265µm
m.u_conv3.u_weights._12288_,8.265µm
m.u_conv3.u_weights._14401_,8.265µm
m.u_conv3.u_weights._05058_,8.255µm
m.u_conv3.u_weights._06713_,8.255µm
m.u_conv3.u_weights._13582_,8.255µm
m.u_conv1.u_loader._122_,8.25µm
m.u_conv3.u_weights._03969_,8.25µm
m.u_conv3.u_weights._06038_,8.25µm
m.u_conv3.u_weights._08113_,8.25µm
m.u_conv3.u_weights._08683_,8.25µm
m.u_conv3.u_weights._14085_,8.25µm
m.u_conv3.u_weights._02750_,8.245µm
m.u_conv3.u_weights._05476_,8.245µm
m.u_conv3.u_weights._07367_,8.245µm
m.u_conv3.u_weights._13225_,8.245µm
m.u_conv3.u_weights._15323_,8.245µm
m.u_conv1.u_loader._215_,8.24µm
m.u_conv3.u_weights._02072_,8.24µm
m.u_conv3.u_weights._03767_,8.24µm
m.u_conv3.u_weights._09897_,8.24µm
m.u_conv3.u_weights._11076_,8.24µm
m.u_conv3.u_weights._11136_,8.24µm
m.u_conv3.u_weights._12207_,8.24µm
m.u_conv3.u_weights._13241_,8.24µm
m.u_conv3.u_weights._14908_,8.24µm
m._070_,8.23µm
m.u_conv1._002_,8.23µm
m.u_conv2._0143_,8.23µm
m.u_conv2._0227_,8.23µm
m.u_conv2._0267_,8.23µm
m.u_conv2._0435_,8.23µm
m.u_conv2._0466_,8.23µm
m.u_conv3.u_weights._03373_,8.23µm
m.u_conv3.u_weights._05974_,8.23µm
m.u_conv3.u_weights._06134_,8.23µm
m.u_conv3.u_weights._06411_,8.23µm
m.u_conv3.u_weights._07704_,8.23µm
net2807,8.23µm
net2997,8.23µm
m.u_conv3.u_weights._14153_,8.225µm
m.sram_req_pool2\[3\],8.22µm
m.u_conv1.u_loader._377_,8.22µm
m.u_conv2._0507_,8.22µm
m.u_conv2._1355_,8.22µm
m.u_conv2._1507_,8.22µm
m.u_conv2.acc\[24\]\[3\],8.22µm
m.u_conv3.u_weights._00491_,8.22µm
m.u_conv3.u_weights._01608_,8.22µm
m.u_conv3.u_weights._01796_,8.22µm
m.u_conv3.u_weights._02356_,8.22µm
m.u_conv3.u_weights._02371_,8.22µm
m.u_conv3.u_weights._02531_,8.22µm
m.u_conv3.u_weights._03599_,8.22µm
m.u_conv3.u_weights._03644_,8.22µm
m.u_conv3.u_weights._04929_,8.22µm
m.u_conv3.u_weights._06396_,8.22µm
m.u_conv3.u_weights._06465_,8.22µm
m.u_conv3.u_weights._06474_,8.22µm
m.u_conv3.u_weights._06649_,8.22µm
m.u_conv3.u_weights._06899_,8.22µm
m.u_conv3.u_weights._06915_,8.22µm
m.u_conv3.u_weights._07816_,8.22µm
m.u_conv3.u_weights._07853_,8.22µm
m.u_conv3.u_weights._11166_,8.22µm
m.u_conv3.u_weights._11753_,8.22µm
m.u_conv3.u_weights._12033_,8.22µm
m.u_conv3.u_weights._12784_,8.22µm
m.u_conv3.u_weights._13630_,8.22µm
m.u_conv3.u_weights._14049_,8.22µm
m.u_pool2._153_,8.22µm
m.u_tree._0474_,8.22µm
m.u_tree._1171_,8.22µm
m.u_tree._1341_,8.22µm
m.u_conv3.u_weights._07202_,8.205µm
m.u_conv3.u_weights._08403_,8.205µm
m.u_conv3.u_weights._09312_,8.205µm
m.u_conv3.u_weights._10236_,8.205µm
m.u_conv3.u_weights._12173_,8.205µm
m.u_tree._1034_,8.2µm
m.u_conv2.u_loader._095_,8.195µm
m.u_conv3.u_weights._10747_,8.195µm
m.u_conv3.u_weights._11080_,8.195µm
m.u_conv3.u_weights._13854_,8.195µm
m.u_conv3.u_weights._01291_,8.19µm
m.u_conv3.u_weights._11751_,8.185µm
m.u_conv3.u_weights._01754_,8.18µm
m.u_conv3.u_weights._04620_,8.18µm
m.u_conv3.u_weights._05873_,8.18µm
m.u_conv3.u_weights._06710_,8.18µm
m.u_conv3.u_weights._09940_,8.18µm
m.u_conv3.u_weights._10357_,8.18µm
m.u_conv3.u_weights._12885_,8.18µm
m.sram_req_pool1\[1\],8.17µm
m.u_conv1.u_loader._278_,8.17µm
m.u_conv1.u_loader._418_,8.17µm
m.u_conv2.u_loader._141_,8.17µm
m.u_conv2.u_weights._119_,8.17µm
m.u_conv3.u_weights._00676_,8.17µm
m.u_conv3.u_weights._01183_,8.17µm
m.u_conv3.u_weights._02422_,8.17µm
m.u_conv3.u_weights._02454_,8.17µm
m.u_conv3.u_weights._03168_,8.17µm
m.u_conv3.u_weights._03204_,8.17µm
m.u_conv3.u_weights._03469_,8.17µm
m.u_conv3.u_weights._03627_,8.17µm
m.u_conv3.u_weights._03734_,8.17µm
m.u_conv3.u_weights._04338_,8.17µm
m.u_conv3.u_weights._04878_,8.17µm
m.u_conv3.u_weights._05704_,8.17µm
m.u_conv3.u_weights._05777_,8.17µm
m.u_conv3.u_weights._06468_,8.17µm
m.u_conv3.u_weights._06555_,8.17µm
m.u_conv3.u_weights._07843_,8.17µm
m.u_conv3.u_weights._08578_,8.17µm
m.u_conv3.u_weights._08639_,8.17µm
m.u_conv3.u_weights._08653_,8.17µm
m.u_conv3.u_weights._08791_,8.17µm
m.u_conv3.u_weights._09116_,8.17µm
m.u_conv3.u_weights._10326_,8.17µm
m.u_conv3.u_weights._10402_,8.17µm
m.u_conv3.u_weights._12967_,8.17µm
m.u_conv3.u_weights._13286_,8.17µm
m.u_conv3.u_weights._13769_,8.17µm
m.u_conv3.u_weights._13830_,8.17µm
m.u_conv3.u_weights._14072_,8.17µm
m.u_conv3.u_weights._14795_,8.17µm
m.u_conv3.u_weights._15597_,8.17µm
m.u_pool1._239_,8.17µm
m.u_pool2._143_,8.17µm
m.u_tree._1019_,8.17µm
m.u_tree._1248_,8.17µm
net1908,8.17µm
net2691,8.17µm
net2858,8.17µm
net2861,8.17µm
net2881,8.17µm
m.u_conv3.u_weights._00274_,8.165µm
net2145,8.16µm
m.u_conv1.u_loader._155_,8.16µm
m.u_conv2.acc\[3\]\[6\],8.16µm
m.u_conv2.u_loader._008_,8.16µm
m.u_conv2.u_loader._382_,8.16µm
m.u_conv2.u_weights._011_,8.16µm
m.u_conv2.u_weights._283_,8.16µm
m.u_conv3.u_weights._00206_,8.16µm
m.u_conv3.u_weights._00263_,8.16µm
m.u_conv3.u_weights._01464_,8.16µm
m.u_conv3.u_weights._02849_,8.16µm
m.u_conv3.u_weights._02862_,8.16µm
m.u_conv3.u_weights._02919_,8.16µm
m.u_conv3.u_weights._03279_,8.16µm
m.u_conv3.u_weights._03675_,8.16µm
m.u_conv3.u_weights._04905_,8.16µm
m.u_conv3.u_weights._05303_,8.16µm
m.u_conv3.u_weights._05581_,8.16µm
m.u_conv3.u_weights._05798_,8.16µm
m.u_conv3.u_weights._05860_,8.16µm
m.u_conv3.u_weights._05911_,8.16µm
m.u_conv3.u_weights._07820_,8.16µm
m.u_conv3.u_weights._08269_,8.16µm
m.u_conv3.u_weights._08672_,8.16µm
m.u_conv3.u_weights._08914_,8.16µm
m.u_conv3.u_weights._09626_,8.16µm
m.u_conv3.u_weights._09902_,8.16µm
m.u_conv3.u_weights._10165_,8.16µm
m.u_conv3.u_weights._10888_,8.16µm
m.u_conv3.u_weights._11312_,8.16µm
m.u_conv3.u_weights._11335_,8.16µm
m.u_conv3.u_weights._11530_,8.16µm
m.u_conv3.u_weights._11604_,8.16µm
m.u_conv3.u_weights._12234_,8.16µm
m.u_conv3.u_weights._12637_,8.16µm
m.u_conv3.u_weights._12796_,8.16µm
m.u_conv3.u_weights._12826_,8.16µm
m.u_conv3.u_weights._13245_,8.16µm
m.u_conv3.u_weights._13273_,8.16µm
m.u_conv3.u_weights._13303_,8.16µm
m.u_conv3.u_weights._13429_,8.16µm
m.u_conv3.u_weights._13818_,8.16µm
m.u_conv3.u_weights._14019_,8.16µm
m.u_conv3.u_weights._14733_,8.16µm
m.u_conv3.u_weights._15289_,8.16µm
m.u_conv3.u_weights._15392_,8.16µm
m.u_tree._0347_,8.16µm
m.u_tree._0390_,8.16µm
m.u_tree._0876_,8.16µm
m.u_tree._0888_,8.16µm
m.u_tree._1328_,8.16µm
m.u_tree._1414_,8.16µm
net2006,8.16µm
net2287,8.16µm
m.u_conv1.u_weights._064_,8.155µm
m.u_conv1.u_weights._156_,8.155µm
m.u_conv3.u_weights._01372_,8.155µm
m.u_conv3.u_weights._10446_,8.155µm
m.u_conv3.u_weights._12674_,8.155µm
m.u_conv3.u_weights._14845_,8.155µm
m.u_conv3.u_weights._03479_,8.15µm
m.u_conv3.u_weights._14036_,8.15µm
m.u_conv3.u_weights._14056_,8.15µm
m.u_tree._0137_,8.15µm
m.u_conv3.u_weights._00705_,8.145µm
m.u_conv3.u_weights._01516_,8.145µm
m.u_conv3.u_weights._04043_,8.145µm
m.u_conv3.u_weights._13081_,8.145µm
m.u_conv3.u_weights._03519_,8.14µm
m.u_conv3.u_weights._13618_,8.14µm
m.u_conv3.u_weights._13342_,8.135µm
m.sram_req_pool1\[15\],8.13µm
m.u_conv3.u_weights._09365_,8.125µm
m.u_conv3.u_weights._12328_,8.125µm
m.u_conv3.u_weights._14301_,8.12µm
m.u_conv3.u_weights._15464_,8.12µm
m._015_,8.115µm
m.u_conv2._0907_,8.115µm
m.sram_req_conv3\[16\],8.11µm
m.u_conv1.u_loader._043_,8.11µm
m.u_conv1.u_loader._331_,8.11µm
m.u_conv1.u_weights._098_,8.11µm
m.u_conv2._1493_,8.11µm
m.u_conv2._1540_,8.11µm
m.u_conv2.u_weights._220_,8.11µm
m.u_conv2.u_weights._222_,8.11µm
m.u_conv3.u_weights._00473_,8.11µm
m.u_conv3.u_weights._01008_,8.11µm
m.u_conv3.u_weights._01094_,8.11µm
m.u_conv3.u_weights._01162_,8.11µm
m.u_conv3.u_weights._01232_,8.11µm
m.u_conv3.u_weights._01275_,8.11µm
m.u_conv3.u_weights._01418_,8.11µm
m.u_conv3.u_weights._01985_,8.11µm
m.u_conv3.u_weights._02364_,8.11µm
m.u_conv3.u_weights._02559_,8.11µm
m.u_conv3.u_weights._02630_,8.11µm
m.u_conv3.u_weights._03049_,8.11µm
m.u_conv3.u_weights._03363_,8.11µm
m.u_conv3.u_weights._04099_,8.11µm
m.u_conv3.u_weights._05667_,8.11µm
m.u_conv3.u_weights._06208_,8.11µm
m.u_conv3.u_weights._06602_,8.11µm
m.u_conv3.u_weights._06692_,8.11µm
m.u_conv3.u_weights._06696_,8.11µm
m.u_conv3.u_weights._07668_,8.11µm
m.u_conv3.u_weights._08154_,8.11µm
m.u_conv3.u_weights._08834_,8.11µm
m.u_conv3.u_weights._10235_,8.11µm
m.u_conv3.u_weights._10299_,8.11µm
m.u_conv3.u_weights._10354_,8.11µm
m.u_conv3.u_weights._10621_,8.11µm
m.u_conv3.u_weights._11257_,8.11µm
m.u_conv3.u_weights._11565_,8.11µm
m.u_conv3.u_weights._11733_,8.11µm
m.u_conv3.u_weights._11768_,8.11µm
m.u_conv3.u_weights._12181_,8.11µm
m.u_conv3.u_weights._13335_,8.11µm
m.u_conv3.u_weights._13349_,8.11µm
m.u_conv3.u_weights._13636_,8.11µm
m.u_conv3.u_weights._13870_,8.11µm
m.u_conv3.u_weights._15203_,8.11µm
m.u_pool2._029_,8.11µm
m.u_tree._0290_,8.11µm
m.u_tree._0331_,8.11µm
m.u_tree._0686_,8.11µm
m.u_tree._0783_,8.11µm
m.u_tree._1339_,8.11µm
net2964,8.11µm
net3004,8.11µm
net3025,8.11µm
net3058,8.11µm
m.u_conv2._0881_,8.1µm
m.u_conv2._1377_,8.1µm
m.u_conv2._1386_,8.1µm
m.u_conv2.acc\[48\]\[4\],8.1µm
m.u_conv3.u_weights._02079_,8.1µm
m.u_conv3.u_weights._02758_,8.1µm
m.u_conv3.u_weights._04124_,8.1µm
m.u_conv3.u_weights._04424_,8.1µm
m.u_conv3.u_weights._05422_,8.1µm
m.u_conv3.u_weights._06568_,8.1µm
m.u_conv3.u_weights._07031_,8.1µm
m.u_conv3.u_weights._07941_,8.1µm
m.u_conv3.u_weights._08397_,8.1µm
m.u_conv3.u_weights._08654_,8.1µm
m.u_conv3.u_weights._10355_,8.1µm
m.u_conv3.u_weights._11624_,8.1µm
m.u_conv3.u_weights._12501_,8.1µm
m.u_conv3.u_weights._12807_,8.1µm
m.u_conv3.u_weights._12903_,8.1µm
m.u_conv3.u_weights._14141_,8.1µm
m.u_conv3.u_weights._14385_,8.1µm
m.u_conv3.u_weights._14913_,8.1µm
m.u_conv3.u_weights._15190_,8.1µm
m.u_pool1._041_,8.1µm
m.u_tree._0939_,8.1µm
m.u_tree._1127_,8.1µm
m.u_tree._1219_,8.1µm
m.u_tree._1544_,8.1µm
m.u_conv3.u_weights._01547_,8.095µm
m.u_conv3.u_weights._02057_,8.095µm
m.u_conv3.u_weights._02355_,8.095µm
m.u_conv3.u_weights._03607_,8.095µm
m.u_conv3.u_weights._04040_,8.095µm
m.u_conv3.u_weights._04533_,8.095µm
m.u_conv3.u_weights._06606_,8.095µm
m.u_conv3.u_weights._07171_,8.095µm
m.u_conv3.u_weights._07844_,8.095µm
m.u_conv3.u_weights._12688_,8.095µm
m.u_conv3.u_weights._13213_,8.095µm
m.u_conv3.u_weights._13686_,8.095µm
m.u_conv3.u_weights._15419_,8.095µm
m.u_conv3.u_weights._10805_,8.09µm
m.u_conv3.u_weights._07792_,8.085µm
net2641,8.08µm
m.u_conv3.u_weights._10998_,8.075µm
m.u_conv2._0719_,8.07µm
m.u_conv3.u_weights._08292_,8.07µm
m.u_conv3.u_weights._14497_,8.07µm
m.u_conv3.u_weights._03880_,8.065µm
m.u_conv3.u_weights._05147_,8.065µm
m.u_conv3.u_weights._07439_,8.065µm
m.u_conv3.u_weights._11681_,8.065µm
m.u_conv3.u_weights._13479_,8.065µm
m.u_conv1.u_loader._067_,8.06µm
m.u_conv3.u_weights._00775_,8.06µm
m.u_conv3.u_weights._01076_,8.06µm
m.u_conv3.u_weights._01247_,8.06µm
m.u_conv3.u_weights._02643_,8.06µm
m.u_conv3.u_weights._03304_,8.06µm
m.u_conv3.u_weights._03751_,8.06µm
m.u_conv3.u_weights._04668_,8.06µm
m.u_conv3.u_weights._06116_,8.06µm
m.u_conv3.u_weights._07458_,8.06µm
m.u_conv3.u_weights._07793_,8.06µm
m.u_conv3.u_weights._08015_,8.06µm
m.u_conv3.u_weights._08089_,8.06µm
m.u_conv3.u_weights._08532_,8.06µm
m.u_conv3.u_weights._08608_,8.06µm
m.u_conv3.u_weights._09573_,8.06µm
m.u_conv3.u_weights._09967_,8.06µm
m.u_conv3.u_weights._11412_,8.06µm
m.u_conv3.u_weights._12108_,8.06µm
m.u_conv3.u_weights._12226_,8.06µm
m.u_conv3.u_weights._12235_,8.06µm
m.u_conv3.u_weights._13884_,8.06µm
m.u_conv3.u_weights._13887_,8.06µm
m.u_conv3.u_weights._14494_,8.06µm
m.u_conv3.u_weights._15037_,8.06µm
m.u_conv3.u_weights._15378_,8.06µm
m.u_pool2._099_,8.06µm
m.u_tree._0324_,8.06µm
m.u_tree._1292_,8.06µm
m.u_tree._1305_,8.06µm
m.u_conv3.u_weights._00734_,8.055µm
m.u_conv3.u_weights._05504_,8.055µm
m.u_conv1.u_loader._141_,8.05µm
m.u_conv2._0954_,8.05µm
m.u_conv2.acc\[22\]\[2\],8.05µm
m.u_conv2.acc\[37\]\[1\],8.05µm
m.u_conv3.u_weights._00449_,8.05µm
m.u_conv3.u_weights._00692_,8.05µm
m.u_conv3.u_weights._02050_,8.05µm
m.u_conv3.u_weights._02611_,8.05µm
m.u_conv3.u_weights._03158_,8.05µm
m.u_conv3.u_weights._03550_,8.05µm
m.u_conv3.u_weights._05255_,8.05µm
m.u_conv3.u_weights._05908_,8.05µm
m.u_conv3.u_weights._06656_,8.05µm
m.u_conv3.u_weights._07584_,8.05µm
m.u_conv3.u_weights._07673_,8.05µm
m.u_conv3.u_weights._07697_,8.05µm
m.u_conv3.u_weights._08698_,8.05µm
m.u_conv3.u_weights._08890_,8.05µm
m.u_conv3.u_weights._09537_,8.05µm
m.u_conv3.u_weights._10437_,8.05µm
m.u_conv3.u_weights._11421_,8.05µm
m.u_conv3.u_weights._13258_,8.05µm
m.u_conv3.u_weights._13486_,8.05µm
m.u_conv3.u_weights._15187_,8.05µm
m.u_pool2.top_byte_reg\[6\],8.05µm
m.u_tree._1482_,8.05µm
m.u_conv2._1108_,8.045µm
m.u_conv3.u_weights._07505_,8.045µm
m.u_conv3.u_weights._14348_,8.045µm
m.u_conv1.u_loader._114_,8.04µm
m.u_conv2._0358_,8.04µm
m.u_conv2._0374_,8.04µm
m.u_conv2._0413_,8.04µm
m.u_conv2._1033_,8.04µm
m.u_conv2.acc\[23\]\[6\],8.04µm
m.u_conv2.u_loader._233_,8.04µm
m.u_conv2.u_weights._175_,8.04µm
m.u_conv3._154_,8.04µm
m.u_conv3.u_weights._01301_,8.04µm
m.u_conv3.u_weights._01991_,8.04µm
m.u_conv3.u_weights._03033_,8.04µm
m.u_conv3.u_weights._03500_,8.04µm
m.u_conv3.u_weights._03569_,8.04µm
m.u_conv3.u_weights._03598_,8.04µm
m.u_conv3.u_weights._03648_,8.04µm
m.u_conv3.u_weights._03877_,8.04µm
m.u_conv3.u_weights._03953_,8.04µm
m.u_conv3.u_weights._04571_,8.04µm
m.u_conv3.u_weights._04749_,8.04µm
m.u_conv3.u_weights._07665_,8.04µm
m.u_conv3.u_weights._07715_,8.04µm
m.u_conv3.u_weights._09266_,8.04µm
m.u_conv3.u_weights._09617_,8.04µm
m.u_conv3.u_weights._09857_,8.04µm
m.u_conv3.u_weights._10683_,8.04µm
m.u_conv3.u_weights._10885_,8.04µm
m.u_conv3.u_weights._10939_,8.04µm
m.u_conv3.u_weights._11029_,8.04µm
m.u_conv3.u_weights._11921_,8.04µm
m.u_conv3.u_weights._12542_,8.04µm
m.u_conv3.u_weights._12740_,8.04µm
m.u_conv3.u_weights._13131_,8.04µm
m.u_conv3.u_weights._14541_,8.04µm
m.u_conv3.u_weights._15186_,8.04µm
m.u_tree._0226_,8.04µm
m.u_tree._0232_,8.04µm
m.u_tree._0316_,8.04µm
net2206,8.04µm
m._026_,8.035µm
m.u_conv1.u_loader._266_,8.035µm
m.u_conv2.acc\[39\]\[1\],8.035µm
m.u_conv2.u_loader._253_,8.035µm
m.u_conv2.u_weights._138_,8.035µm
m.u_conv3.u_weights._01625_,8.035µm
m.u_conv3.u_weights._02313_,8.035µm
m.u_conv3.u_weights._02314_,8.035µm
m.u_conv3.u_weights._03183_,8.035µm
m.u_conv3.u_weights._05294_,8.035µm
m.u_conv3.u_weights._05495_,8.035µm
m.u_conv3.u_weights._05738_,8.035µm
m.u_conv3.u_weights._08047_,8.035µm
m.u_conv3.u_weights._09303_,8.035µm
m.u_conv3.u_weights._09859_,8.035µm
m.u_conv3.u_weights._09919_,8.035µm
m.u_conv3.u_weights._11506_,8.035µm
m.u_conv3.u_weights._12758_,8.035µm
m.u_conv3.u_weights._13107_,8.035µm
m.u_conv3.u_weights._13601_,8.035µm
m.u_conv3.u_weights._14134_,8.035µm
m.u_conv3.u_weights._15424_,8.035µm
m.u_conv3.u_weights._15641_,8.035µm
net2361,8.035µm
net2421,8.035µm
net2429,8.035µm
net2453,8.035µm
net2492,8.035µm
net2525,8.035µm
net2527,8.035µm
net2558,8.035µm
net2594,8.035µm
net2626,8.035µm
net2652,8.035µm
net2677,8.035µm
net2733,8.035µm
net2778,8.035µm
m.u_conv3.u_weights._07079_,8.03µm
m.u_conv3.u_weights._05215_,8.025µm
m.u_conv3.u_weights._13420_,8.025µm
m.u_conv1.u_loader._157_,8.02µm
m.u_conv3.u_weights._01689_,8.02µm
m.u_conv3.u_weights._01990_,8.02µm
m.u_conv3.u_weights._03764_,8.02µm
m.u_conv3.u_weights._05110_,8.02µm
m.u_conv3.u_weights._06000_,8.02µm
m.u_conv3.u_weights._06159_,8.02µm
m.u_conv3.u_weights._06508_,8.02µm
m.u_conv3.u_weights._07981_,8.02µm
m.u_conv3.u_weights._08804_,8.02µm
m.u_conv3.u_weights._09129_,8.02µm
m.u_conv3.u_weights._09307_,8.02µm
m.u_conv3.u_weights._11060_,8.02µm
m.u_conv3.u_weights._11116_,8.02µm
m.u_conv3.u_weights._12319_,8.02µm
m.u_conv3.u_weights._12633_,8.02µm
m.u_conv3.u_weights._14379_,8.02µm
m.u_tree._0696_,8.02µm
m.u_tree._0927_,8.02µm
m.u_conv3.u_weights._05586_,8.01µm
m.u_conv3.u_weights._07287_,8.01µm
m.u_conv3.u_weights._09694_,8.01µm
m.u_conv3.u_weights._10445_,8.01µm
m.u_conv1.u_loader._123_,8µm
m.u_conv1.u_loader._432_,8µm
m.u_conv2.u_weights._170_,8µm
m.u_conv3.u_weights._00756_,8µm
m.u_conv3.u_weights._01435_,8µm
m.u_conv3.u_weights._01574_,8µm
m.u_conv3.u_weights._01881_,8µm
m.u_conv3.u_weights._02530_,8µm
m.u_conv3.u_weights._03480_,8µm
m.u_conv3.u_weights._03544_,8µm
m.u_conv3.u_weights._04813_,8µm
m.u_conv3.u_weights._05502_,8µm
m.u_conv3.u_weights._06230_,8µm
m.u_conv3.u_weights._06232_,8µm
m.u_conv3.u_weights._06566_,8µm
m.u_conv3.u_weights._06925_,8µm
m.u_conv3.u_weights._07512_,8µm
m.u_conv3.u_weights._07536_,8µm
m.u_conv3.u_weights._08014_,8µm
m.u_conv3.u_weights._08084_,8µm
m.u_conv3.u_weights._09992_,8µm
m.u_conv3.u_weights._11299_,8µm
m.u_conv3.u_weights._12381_,8µm
m.u_conv3.u_weights._13308_,8µm
m.u_conv3.u_weights._01215_,7.995µm
m.u_conv3.u_weights._10921_,7.995µm
m.u_conv1.u_loader._027_,7.99µm
m.u_conv1.u_loader._214_,7.99µm
m.u_conv2.acc\[23\]\[0\],7.99µm
m.u_conv2.acc\[39\]\[4\],7.99µm
m.u_conv3.u_weights._01203_,7.99µm
m.u_conv3.u_weights._01366_,7.99µm
m.u_conv3.u_weights._02168_,7.99µm
m.u_conv3.u_weights._06769_,7.99µm
m.u_conv3.u_weights._08275_,7.99µm
m.u_conv3.u_weights._09332_,7.99µm
m.u_conv3.u_weights._10966_,7.99µm
m.u_conv3.u_weights._11327_,7.99µm
m.u_conv3.u_weights._12029_,7.99µm
m.u_conv3.u_weights._14493_,7.99µm
m.u_tree._1290_,7.99µm
m.u_conv3.u_weights._01788_,7.985µm
m.u_conv3.u_weights._05736_,7.985µm
m._078_,7.98µm
m.u_conv3._185_,7.98µm
m.u_conv3.u_weights._00382_,7.98µm
m.u_conv3.u_weights._02025_,7.98µm
m.u_conv3.u_weights._02250_,7.98µm
m.u_conv3.u_weights._02872_,7.98µm
m.u_conv3.u_weights._04352_,7.98µm
m.u_conv3.u_weights._08264_,7.98µm
m.u_conv3.u_weights._10380_,7.98µm
m.u_conv3.u_weights._11115_,7.98µm
m.u_conv3.u_weights._11533_,7.98µm
m.u_conv3.u_weights._13276_,7.98µm
m.u_conv3.u_weights._13776_,7.98µm
m.u_conv3.u_weights._13899_,7.98µm
m.u_conv3.u_weights._15206_,7.98µm
m.u_tree._1236_,7.98µm
m.u_conv2._1445_,7.975µm
m.u_conv3.u_weights._01873_,7.975µm
m.u_conv3.u_weights._04529_,7.975µm
m.u_conv3.u_weights._04779_,7.975µm
m.u_conv3.u_weights._06231_,7.975µm
m.u_conv3.u_weights._07110_,7.975µm
m.u_conv3.u_weights._07151_,7.975µm
m.u_conv3.u_weights._08904_,7.975µm
m.u_conv3.u_weights._12828_,7.975µm
m.u_conv3.u_weights._13178_,7.975µm
m.u_conv3.u_weights._15006_,7.975µm
m.u_conv3.u_weights._15552_,7.975µm
m.u_conv3.u_weights._00713_,7.97µm
m.u_conv3.u_weights._15201_,7.97µm
m.u_conv3.u_weights._05353_,7.965µm
m.u_tree._1331_,7.965µm
m.u_conv2.acc\[24\]\[1\],7.955µm
m.u_conv3.u_weights._01623_,7.955µm
m.u_conv3.u_weights._12121_,7.955µm
m.u_conv3.u_weights._15710_,7.955µm
m.u_conv3.u_weights._02880_,7.95µm
m.u_conv3.u_weights._04639_,7.95µm
m.u_conv3.u_weights._07934_,7.95µm
m.u_conv3.u_weights._10533_,7.95µm
m.u_pool2._174_,7.95µm
m.u_tree._1286_,7.95µm
m.u_conv3.u_weights._03487_,7.945µm
m.u_conv3.u_weights._12371_,7.945µm
m.u_conv3.u_weights._12686_,7.945µm
m.u_conv3.u_weights._14618_,7.945µm
net2575,7.945µm
net2968,7.945µm
m.u_conv2._1554_,7.94µm
m.u_conv2.u_loader._036_,7.94µm
m.u_conv3._192_,7.94µm
m.u_conv3.u_weights._00614_,7.94µm
m.u_conv3.u_weights._01027_,7.94µm
m.u_conv3.u_weights._01156_,7.94µm
m.u_conv3.u_weights._02522_,7.94µm
m.u_conv3.u_weights._02561_,7.94µm
m.u_conv3.u_weights._03237_,7.94µm
m.u_conv3.u_weights._04143_,7.94µm
m.u_conv3.u_weights._04560_,7.94µm
m.u_conv3.u_weights._06531_,7.94µm
m.u_conv3.u_weights._07400_,7.94µm
m.u_conv3.u_weights._09356_,7.94µm
m.u_conv3.u_weights._10635_,7.94µm
m.u_conv3.u_weights._11086_,7.94µm
m.u_conv3.u_weights._12432_,7.94µm
m.u_conv3.u_weights._12919_,7.94µm
m.u_conv3.u_weights._14560_,7.94µm
m.u_tree._0357_,7.94µm
m.u_tree._0546_,7.94µm
net2347,7.94µm
net2348,7.94µm
net2351,7.94µm
net2353,7.94µm
net2368,7.94µm
net2402,7.94µm
net2404,7.94µm
net2406,7.94µm
net2418,7.94µm
net2425,7.94µm
net2434,7.94µm
net2439,7.94µm
net2448,7.94µm
net2452,7.94µm
net2456,7.94µm
net2457,7.94µm
net2462,7.94µm
net2490,7.94µm
net2494,7.94µm
net2499,7.94µm
net2508,7.94µm
net2513,7.94µm
net2520,7.94µm
net2534,7.94µm
net2554,7.94µm
net2611,7.94µm
net2619,7.94µm
net2649,7.94µm
net2661,7.94µm
net2671,7.94µm
net2690,7.94µm
net2693,7.94µm
net2709,7.94µm
net2762,7.94µm
net2765,7.94µm
net2779,7.94µm
m.u_conv3.u_weights._10497_,7.935µm
m.u_conv1.conv_out1\[0\],7.93µm
m.u_conv1.u_loader._285_,7.93µm
m.u_conv2._0166_,7.93µm
m.u_conv2._0204_,7.93µm
m.u_conv2._0323_,7.93µm
m.u_conv2._0327_,7.93µm
m.u_conv2._0370_,7.93µm
m.u_conv2._0445_,7.93µm
m.u_conv2.acc\[63\]\[2\],7.93µm
net2215,7.93µm
m.u_conv2.u_weights._228_,7.93µm
m.u_conv2.u_weights._394_,7.93µm
m.u_conv3.u_weights._00325_,7.93µm
m.u_conv3.u_weights._00371_,7.93µm
m.u_conv3.u_weights._00909_,7.93µm
m.u_conv3.u_weights._00914_,7.93µm
m.u_conv3.u_weights._01130_,7.93µm
m.u_conv3.u_weights._01394_,7.93µm
m.u_conv3.u_weights._01410_,7.93µm
m.u_conv3.u_weights._01913_,7.93µm
m.u_conv3.u_weights._02374_,7.93µm
m.u_conv3.u_weights._03089_,7.93µm
m.u_conv3.u_weights._03845_,7.93µm
m.u_conv3.u_weights._04250_,7.93µm
m.u_conv3.u_weights._04452_,7.93µm
m.u_conv3.u_weights._04713_,7.93µm
m.u_conv3.u_weights._04810_,7.93µm
m.u_conv3.u_weights._04917_,7.93µm
m.u_conv3.u_weights._05116_,7.93µm
m.u_conv3.u_weights._05807_,7.93µm
m.u_conv3.u_weights._05882_,7.93µm
m.u_conv3.u_weights._05919_,7.93µm
m.u_conv3.u_weights._06504_,7.93µm
m.u_conv3.u_weights._08718_,7.93µm
m.u_conv3.u_weights._08763_,7.93µm
m.u_conv3.u_weights._10026_,7.93µm
m.u_conv3.u_weights._10122_,7.93µm
m.u_conv3.u_weights._10793_,7.93µm
m.u_conv3.u_weights._11159_,7.93µm
m.u_conv3.u_weights._11470_,7.93µm
m.u_conv3.u_weights._12031_,7.93µm
m.u_conv3.u_weights._12136_,7.93µm
m.u_conv3.u_weights._12382_,7.93µm
m.u_conv3.u_weights._14183_,7.93µm
m.u_conv3.u_weights._14806_,7.93µm
m.u_conv3.u_weights._14990_,7.93µm
m.u_conv3.u_weights._15329_,7.93µm
m.u_conv3.u_weights._15675_,7.93µm
m.u_tree._0359_,7.93µm
m.u_tree._0605_,7.93µm
m.u_tree._0728_,7.93µm
m.u_tree._0791_,7.93µm
m.u_tree._1160_,7.93µm
m.u_tree._1451_,7.93µm
m.u_tree._1541_,7.93µm
net2067,7.93µm
net2164,7.93µm
net2584,7.93µm
net3005,7.93µm
m.u_conv3.u_weights._00539_,7.925µm
m.u_conv3.u_weights._01285_,7.925µm
m.u_conv3.u_weights._01636_,7.925µm
m.u_conv3.u_weights._01964_,7.925µm
m.u_conv3.u_weights._03125_,7.925µm
m.u_conv3.u_weights._03816_,7.925µm
m.u_conv3.u_weights._03836_,7.925µm
m.u_conv3.u_weights._04659_,7.925µm
m.u_conv3.u_weights._05081_,7.925µm
m.u_conv3.u_weights._05803_,7.925µm
m.u_conv3.u_weights._05988_,7.925µm
m.u_conv3.u_weights._08381_,7.925µm
m.u_conv3.u_weights._09473_,7.925µm
m.u_conv3.u_weights._09670_,7.925µm
m.u_conv3.u_weights._09740_,7.925µm
m.u_conv3.u_weights._10248_,7.925µm
m.u_conv3.u_weights._10365_,7.925µm
m.u_conv3.u_weights._12106_,7.925µm
m.u_conv3.u_weights._12259_,7.925µm
m.u_conv3.u_weights._12893_,7.925µm
m.u_conv3.u_weights._12914_,7.925µm
m.u_conv3.u_weights._13963_,7.925µm
m.u_conv3.u_weights._14027_,7.925µm
m.u_conv3.u_weights._15736_,7.925µm
m.u_conv3.u_weights._15764_,7.925µm
m._005_,7.92µm
net1984,7.92µm
m.u_conv1.u_loader._401_,7.92µm
m.u_conv1.u_weights._015_,7.92µm
m.u_conv2._0185_,7.92µm
m.u_conv2._0880_,7.92µm
m.u_conv3.u_weights._00041_,7.92µm
m.u_conv3.u_weights._02446_,7.92µm
m.u_conv3.u_weights._02942_,7.92µm
m.u_conv3.u_weights._03016_,7.92µm
m.u_conv3.u_weights._03818_,7.92µm
m.u_conv3.u_weights._03858_,7.92µm
m.u_conv3.u_weights._04461_,7.92µm
m.u_conv3.u_weights._05271_,7.92µm
m.u_conv3.u_weights._05516_,7.92µm
m.u_conv3.u_weights._05540_,7.92µm
m.u_conv3.u_weights._07148_,7.92µm
m.u_conv3.u_weights._08090_,7.92µm
m.u_conv3.u_weights._09436_,7.92µm
m.u_conv3.u_weights._10423_,7.92µm
m.u_conv3.u_weights._11351_,7.92µm
m.u_conv3.u_weights._11545_,7.92µm
m.u_conv3.u_weights._11847_,7.92µm
m.u_conv3.u_weights._13719_,7.92µm
m.u_conv3.u_weights._13794_,7.92µm
m.u_conv3.u_weights._13815_,7.92µm
m.u_conv3.u_weights._13882_,7.92µm
m.u_conv3.u_weights._14057_,7.92µm
m.u_conv3.u_weights._14473_,7.92µm
m.u_conv3.u_weights._14999_,7.92µm
m.u_tree._0078_,7.92µm
m.u_tree._1100_,7.92µm
m.u_tree._1548_,7.92µm
net2002,7.92µm
net2009,7.92µm
m.u_conv3.u_weights._00079_,7.915µm
m.u_conv3.u_weights._00123_,7.915µm
m.u_conv3.u_weights._03123_,7.915µm
m.u_conv3.u_weights._07108_,7.915µm
m.u_conv3.u_weights._08131_,7.915µm
m.u_conv3.u_weights._13559_,7.915µm
m.u_tree._0514_,7.915µm
m.u_conv3.u_weights._05260_,7.91µm
m.u_conv2._0415_,7.905µm
m.u_conv3.u_weights._15471_,7.905µm
m.u_conv3.u_weights._06358_,7.9µm
m.u_conv3.u_weights._10412_,7.895µm
m.u_conv3.u_weights._02324_,7.89µm
m.u_conv3.u_weights._06062_,7.89µm
m.u_conv3.u_weights._10647_,7.89µm
m.u_conv2.u_weights._128_,7.88µm
m.u_conv3.u_weights._00726_,7.88µm
m.u_conv3.u_weights._01828_,7.88µm
m.u_conv3.u_weights._02452_,7.88µm
m.u_conv3.u_weights._03105_,7.88µm
m.u_conv3.u_weights._03902_,7.88µm
m.u_conv3.u_weights._04372_,7.88µm
m.u_conv3.u_weights._05160_,7.88µm
m.u_conv3.u_weights._05444_,7.88µm
m.u_conv3.u_weights._05552_,7.88µm
m.u_conv3.u_weights._05837_,7.88µm
m.u_conv3.u_weights._07586_,7.88µm
m.u_conv3.u_weights._08595_,7.88µm
m.u_conv3.u_weights._08889_,7.88µm
m.u_conv3.u_weights._09351_,7.88µm
m.u_conv3.u_weights._09384_,7.88µm
m.u_conv3.u_weights._10140_,7.88µm
m.u_conv3.u_weights._10567_,7.88µm
m.u_conv3.u_weights._10619_,7.88µm
m.u_conv3.u_weights._12722_,7.88µm
m.u_conv3.u_weights._13772_,7.88µm
m.u_conv3.u_weights._14136_,7.88µm
m.u_conv3.u_weights._15370_,7.88µm
net2438,7.88µm
m.u_conv2._0274_,7.87µm
m.u_conv2._0465_,7.87µm
m.u_conv2._1268_,7.87µm
m.u_conv2._1324_,7.87µm
m.u_conv3.u_weights._00462_,7.87µm
m.u_conv3.u_weights._00569_,7.87µm
m.u_conv3.u_weights._00684_,7.87µm
m.u_conv3.u_weights._01503_,7.87µm
m.u_conv3.u_weights._02688_,7.87µm
m.u_conv3.u_weights._03814_,7.87µm
m.u_conv3.u_weights._04180_,7.87µm
m.u_conv3.u_weights._07637_,7.87µm
m.u_conv3.u_weights._08607_,7.87µm
m.u_conv3.u_weights._08741_,7.87µm
m.u_conv3.u_weights._09253_,7.87µm
m.u_conv3.u_weights._09979_,7.87µm
m.u_conv3.u_weights._10351_,7.87µm
m.u_conv3.u_weights._11397_,7.87µm
m.u_conv3.u_weights._12258_,7.87µm
m.u_conv3.u_weights._12397_,7.87µm
m.u_conv3.u_weights._12559_,7.87µm
m.u_conv3.u_weights._13024_,7.87µm
m.u_conv3.u_weights._06626_,7.865µm
m.u_conv3.u_weights._09277_,7.865µm
m.u_conv3.u_weights._10742_,7.865µm
m.u_conv3.u_weights._12260_,7.865µm
m.u_conv3.u_weights._12459_,7.865µm
m.u_conv3.u_weights._04488_,7.86µm
m.u_conv3.u_weights._06069_,7.86µm
m.u_conv3.u_weights._09517_,7.86µm
m.u_conv3.u_weights._11331_,7.86µm
m.u_conv3.u_weights._12801_,7.86µm
m.u_conv3.u_weights._12859_,7.86µm
m.u_conv3.u_weights._14577_,7.86µm
m.u_conv3.u_weights._15734_,7.86µm
m.u_tree._1172_,7.86µm
m.u_conv3.u_weights._10810_,7.855µm
m.u_conv3.u_weights._14329_,7.85µm
m.u_conv3.u_weights._03745_,7.845µm
m.u_conv3.u_weights._03896_,7.845µm
m.u_conv3.u_weights._04471_,7.845µm
m.u_conv3.u_weights._06646_,7.845µm
net2057,7.845µm
m.u_conv2.u_weights._007_,7.83µm
m.u_conv3.u_weights._02425_,7.83µm
m.u_conv3.u_weights._05079_,7.83µm
m.u_conv3.u_weights._06470_,7.83µm
m.u_conv3.u_weights._06835_,7.83µm
m.u_conv3.u_weights._07411_,7.83µm
m.u_conv3.u_weights._09620_,7.83µm
m.u_conv3.u_weights._10091_,7.83µm
m.u_conv3.u_weights._11704_,7.83µm
m.u_conv3.u_weights._13761_,7.83µm
net2338,7.83µm
m.u_conv1.conv_out3\[0\],7.825µm
m.u_conv3.u_weights._00565_,7.825µm
m.u_conv3.u_weights._03035_,7.825µm
m.u_conv3.u_weights._12139_,7.825µm
m.u_conv3.u_weights._13541_,7.825µm
m.u_conv1._068_,7.82µm
m.u_conv3.u_weights._00280_,7.82µm
m.u_conv3.u_weights._00561_,7.82µm
m.u_conv3.u_weights._01012_,7.82µm
m.u_conv3.u_weights._03471_,7.82µm
m.u_conv3.u_weights._03476_,7.82µm
m.u_conv3.u_weights._03615_,7.82µm
m.u_conv3.u_weights._03658_,7.82µm
m.u_conv3.u_weights._03918_,7.82µm
m.u_conv3.u_weights._03968_,7.82µm
m.u_conv3.u_weights._04058_,7.82µm
m.u_conv3.u_weights._04199_,7.82µm
m.u_conv3.u_weights._04472_,7.82µm
m.u_conv3.u_weights._04587_,7.82µm
m.u_conv3.u_weights._04776_,7.82µm
m.u_conv3.u_weights._05488_,7.82µm
m.u_conv3.u_weights._05774_,7.82µm
m.u_conv3.u_weights._07081_,7.82µm
m.u_conv3.u_weights._08272_,7.82µm
m.u_conv3.u_weights._08749_,7.82µm
m.u_conv3.u_weights._08786_,7.82µm
m.u_conv3.u_weights._10582_,7.82µm
m.u_conv3.u_weights._11041_,7.82µm
m.u_conv3.u_weights._11333_,7.82µm
m.u_conv3.u_weights._11498_,7.82µm
m.u_conv3.u_weights._11504_,7.82µm
m.u_conv3.u_weights._12125_,7.82µm
m.u_conv3.u_weights._12860_,7.82µm
m.u_conv3.u_weights._13318_,7.82µm
m.u_conv3.u_weights._13470_,7.82µm
m.u_conv3.u_weights._13557_,7.82µm
m.u_conv3.u_weights._13736_,7.82µm
m.u_conv3.u_weights._14747_,7.82µm
m.u_conv3.u_weights._15444_,7.82µm
m.u_tree._0954_,7.82µm
m.u_tree._0962_,7.82µm
m.u_tree._1208_,7.82µm
m.u_tree._1214_,7.82µm
m.u_conv2._1099_,7.81µm
net2056,7.81µm
m.u_conv2.u_loader._271_,7.81µm
m.u_conv2.u_weights._286_,7.81µm
m.u_conv3.u_weights._00029_,7.81µm
m.u_conv3.u_weights._00770_,7.81µm
m.u_conv3.u_weights._01038_,7.81µm
m.u_conv3.u_weights._01116_,7.81µm
m.u_conv3.u_weights._02740_,7.81µm
m.u_conv3.u_weights._04271_,7.81µm
m.u_conv3.u_weights._04388_,7.81µm
m.u_conv3.u_weights._04611_,7.81µm
m.u_conv3.u_weights._06548_,7.81µm
m.u_conv3.u_weights._06600_,7.81µm
m.u_conv3.u_weights._07112_,7.81µm
m.u_conv3.u_weights._07133_,7.81µm
m.u_conv3.u_weights._08023_,7.81µm
m.u_conv3.u_weights._08073_,7.81µm
m.u_conv3.u_weights._09789_,7.81µm
m.u_conv3.u_weights._10559_,7.81µm
m.u_conv3.u_weights._10642_,7.81µm
m.u_conv3.u_weights._11398_,7.81µm
m.u_conv3.u_weights._12373_,7.81µm
m.u_conv3.u_weights._12700_,7.81µm
m.u_conv3.u_weights._13332_,7.81µm
m.u_conv3.u_weights._13843_,7.81µm
m.u_conv3.u_weights._14953_,7.81µm
m.u_conv3.u_weights._15702_,7.81µm
m.u_pool1._087_,7.81µm
m.u_tree._0182_,7.81µm
m.u_conv3.u_weights._08754_,7.805µm
m.u_conv1.u_loader._248_,7.8µm
m.u_conv3.u_weights._01152_,7.8µm
m.u_conv3.u_weights._02426_,7.8µm
m.u_conv3.u_weights._06797_,7.8µm
m.u_conv3.u_weights._08222_,7.8µm
m.u_conv3.u_weights._10557_,7.8µm
m.u_conv3.u_weights._11556_,7.8µm
m.u_conv3.u_weights._11805_,7.8µm
m.u_conv3.u_weights._12853_,7.8µm
m.u_conv3.u_weights._13988_,7.8µm
m.u_conv3.u_weights._15754_,7.8µm
m.u_tree._1550_,7.8µm
m.u_conv3.u_weights._02476_,7.79µm
m.u_conv3.u_weights._00334_,7.785µm
m.u_conv3.u_weights._09007_,7.785µm
m.u_conv3.u_weights._11176_,7.785µm
m.u_conv3.u_weights._13064_,7.785µm
m.u_conv3.u_weights._05631_,7.78µm
m.u_conv3.u_weights._08567_,7.78µm
m.u_conv3.u_weights._03566_,7.775µm
m.u_conv3.u_weights._05157_,7.775µm
m.u_conv2.acc\[25\]\[5\],7.77µm
m.u_conv2.acc\[32\]\[4\],7.77µm
m.u_conv3.u_weights._03989_,7.77µm
m.u_conv3.u_weights._06015_,7.77µm
m.u_conv3.u_weights._12429_,7.77µm
m.u_conv3.u_weights._02546_,7.765µm
m.u_conv3.u_weights._11651_,7.765µm
m.u_conv3.u_weights._12256_,7.765µm
m.u_conv3.u_weights._14602_,7.765µm
m.u_conv3.u_weights._00929_,7.76µm
m.u_conv3.u_weights._01190_,7.76µm
m.u_conv3.u_weights._02881_,7.76µm
m.u_conv3.u_weights._02958_,7.76µm
m.u_conv3.u_weights._05723_,7.76µm
m.u_conv3.u_weights._08441_,7.76µm
m.u_conv3.u_weights._08911_,7.76µm
m.u_conv3.u_weights._11524_,7.76µm
m.u_conv3.u_weights._15691_,7.76µm
m.u_conv2._0249_,7.75µm
m.u_conv2._0258_,7.75µm
m.u_conv2._0311_,7.75µm
m.u_conv3._069_,7.75µm
m.u_conv3.u_weights._10861_,7.75µm
m.u_conv3.u_weights._13357_,7.75µm
net3033,7.75µm
m.u_conv2._1185_,7.74µm
m.u_conv2._1404_,7.74µm
m.u_conv2._1407_,7.74µm
m.u_conv2._1466_,7.74µm
m.u_conv2._1480_,7.74µm
m.u_conv2.u_loader._043_,7.74µm
m.u_conv2.u_loader._104_,7.74µm
m.u_conv2.u_weights._130_,7.74µm
m.u_conv3.u_weights._00445_,7.74µm
m.u_conv3.u_weights._00876_,7.74µm
m.u_conv3.u_weights._01449_,7.74µm
m.u_conv3.u_weights._01868_,7.74µm
m.u_conv3.u_weights._02486_,7.74µm
m.u_conv3.u_weights._03101_,7.74µm
m.u_conv3.u_weights._04035_,7.74µm
m.u_conv3.u_weights._04164_,7.74µm
m.u_conv3.u_weights._04751_,7.74µm
m.u_conv3.u_weights._05236_,7.74µm
m.u_conv3.u_weights._05267_,7.74µm
m.u_conv3.u_weights._06677_,7.74µm
m.u_conv3.u_weights._06758_,7.74µm
m.u_conv3.u_weights._07548_,7.74µm
m.u_conv3.u_weights._07708_,7.74µm
m.u_conv3.u_weights._09074_,7.74µm
m.u_conv3.u_weights._09085_,7.74µm
m.u_conv3.u_weights._09164_,7.74µm
m.u_conv3.u_weights._09794_,7.74µm
m.u_conv3.u_weights._10528_,7.74µm
m.u_conv3.u_weights._11507_,7.74µm
m.u_conv3.u_weights._11963_,7.74µm
m.u_conv3.u_weights._11984_,7.74µm
m.u_conv3.u_weights._12291_,7.74µm
m.u_conv3.u_weights._12553_,7.74µm
m.u_conv3.u_weights._12712_,7.74µm
m.u_conv3.u_weights._13588_,7.74µm
m.u_conv3.u_weights._14017_,7.74µm
m.u_conv3.u_weights._15159_,7.74µm
m.u_conv3.u_weights._15386_,7.74µm
m.u_conv3.u_weights._15504_,7.74µm
m.u_tree._0473_,7.74µm
m.u_tree._1169_,7.74µm
net2079,7.74µm
m.u_conv3.u_weights._09877_,7.735µm
m.u_conv3.u_weights._05862_,7.73µm
m.u_conv3.u_weights._11964_,7.73µm
m.u_conv3.u_weights._02271_,7.725µm
m.u_conv3.u_weights._03884_,7.725µm
m.u_conv3.u_weights._06610_,7.725µm
m.u_conv3.u_weights._08991_,7.725µm
m.u_conv3.u_weights._00084_,7.72µm
m.u_conv3.u_weights._09864_,7.72µm
m.u_conv3.u_weights._12939_,7.72µm
m.u_conv3.u_weights._08394_,7.715µm
m.u_conv3.u_weights._11797_,7.715µm
m.u_conv3.u_weights._11755_,7.71µm
m.u_conv3.u_weights._14163_,7.71µm
m.u_conv3.u_weights._13057_,7.705µm
m.u_conv3.u_weights._02180_,7.7µm
m.u_conv3.u_weights._04448_,7.7µm
m.sram_req_pool1\[7\],7.69µm
m.u_conv2._0362_,7.69µm
m.u_conv2._0664_,7.69µm
m.u_conv2._0866_,7.69µm
m.u_conv2.u_loader._057_,7.69µm
m.u_conv3.u_weights._00227_,7.69µm
m.u_conv3.u_weights._00540_,7.69µm
m.u_conv3.u_weights._00832_,7.69µm
m.u_conv3.u_weights._01996_,7.69µm
m.u_conv3.u_weights._02184_,7.69µm
m.u_conv3.u_weights._02464_,7.69µm
m.u_conv3.u_weights._03169_,7.69µm
m.u_conv3.u_weights._03436_,7.69µm
m.u_conv3.u_weights._03606_,7.69µm
m.u_conv3.u_weights._03801_,7.69µm
m.u_conv3.u_weights._04804_,7.69µm
m.u_conv3.u_weights._04940_,7.69µm
m.u_conv3.u_weights._04959_,7.69µm
m.u_conv3.u_weights._05242_,7.69µm
m.u_conv3.u_weights._05316_,7.69µm
m.u_conv3.u_weights._05565_,7.69µm
m.u_conv3.u_weights._05814_,7.69µm
m.u_conv3.u_weights._06447_,7.69µm
m.u_conv3.u_weights._07693_,7.69µm
m.u_conv3.u_weights._08677_,7.69µm
m.u_conv3.u_weights._09236_,7.69µm
m.u_conv3.u_weights._10001_,7.69µm
m.u_conv3.u_weights._10606_,7.69µm
m.u_conv3.u_weights._11551_,7.69µm
m.u_conv3.u_weights._13020_,7.69µm
m.u_conv3.u_weights._13125_,7.69µm
m.u_conv3.u_weights._13312_,7.69µm
m.u_conv3.u_weights._13685_,7.69µm
m.u_conv3.u_weights._14093_,7.69µm
m.u_conv3.u_weights._14485_,7.69µm
m.u_conv3.u_weights._15118_,7.69µm
m.u_conv3.u_weights._15352_,7.69µm
m.u_tree._0275_,7.69µm
m.u_tree._0910_,7.69µm
m.u_tree._1004_,7.69µm
net1887,7.69µm
net2478,7.69µm
net2917,7.69µm
m.u_conv1.u_loader._427_,7.68µm
m.u_conv2._0004_,7.68µm
m.u_conv2._0903_,7.68µm
m.u_conv2._0943_,7.68µm
m.u_conv2.acc\[12\]\[4\],7.68µm
m.u_conv2.u_weights._107_,7.68µm
m.u_conv3.u_weights._00213_,7.68µm
m.u_conv3.u_weights._00766_,7.68µm
m.u_conv3.u_weights._00836_,7.68µm
m.u_conv3.u_weights._01180_,7.68µm
m.u_conv3.u_weights._01205_,7.68µm
m.u_conv3.u_weights._02026_,7.68µm
m.u_conv3.u_weights._02125_,7.68µm
m.u_conv3.u_weights._02396_,7.68µm
m.u_conv3.u_weights._02573_,7.68µm
m.u_conv3.u_weights._02916_,7.68µm
m.u_conv3.u_weights._03104_,7.68µm
m.u_conv3.u_weights._03413_,7.68µm
m.u_conv3.u_weights._03505_,7.68µm
m.u_conv3.u_weights._03702_,7.68µm
m.u_conv3.u_weights._03774_,7.68µm
m.u_conv3.u_weights._04830_,7.68µm
m.u_conv3.u_weights._05059_,7.68µm
m.u_conv3.u_weights._07525_,7.68µm
m.u_conv3.u_weights._07535_,7.68µm
m.u_conv3.u_weights._08019_,7.68µm
m.u_conv3.u_weights._08173_,7.68µm
m.u_conv3.u_weights._08179_,7.68µm
m.u_conv3.u_weights._08720_,7.68µm
m.u_conv3.u_weights._08775_,7.68µm
m.u_conv3.u_weights._08863_,7.68µm
m.u_conv3.u_weights._09516_,7.68µm
m.u_conv3.u_weights._11296_,7.68µm
m.u_conv3.u_weights._11445_,7.68µm
m.u_conv3.u_weights._11828_,7.68µm
m.u_conv3.u_weights._11858_,7.68µm
m.u_conv3.u_weights._12165_,7.68µm
m.u_conv3.u_weights._12300_,7.68µm
m.u_conv3.u_weights._12316_,7.68µm
m.u_conv3.u_weights._12392_,7.68µm
m.u_conv3.u_weights._12715_,7.68µm
m.u_conv3.u_weights._12776_,7.68µm
m.u_conv3.u_weights._13452_,7.68µm
m.u_conv3.u_weights._13796_,7.68µm
m.u_conv3.u_weights._14526_,7.68µm
m.u_conv3.u_weights._14544_,7.68µm
m.u_conv3.u_weights._14807_,7.68µm
m.u_conv3.u_weights._15175_,7.68µm
m.u_conv3.u_weights._15236_,7.68µm
m.u_conv3.u_weights._15319_,7.68µm
m.u_conv3.u_weights._15529_,7.68µm
m.u_conv3.u_weights._15599_,7.68µm
m.u_conv3.u_weights._15663_,7.68µm
m.u_pool2._012_,7.68µm
m.u_tree._0074_,7.68µm
m.u_tree._1435_,7.68µm
m.u_tree._1556_,7.68µm
net2319,7.68µm
m.u_conv3.u_weights._00328_,7.675µm
m.u_conv3.u_weights._00990_,7.675µm
m.u_conv3.u_weights._04062_,7.675µm
m.u_conv3.u_weights._15565_,7.675µm
m.u_conv3.u_weights._15110_,7.66µm
m.u_tree._0536_,7.655µm
m.u_conv2.u_weights._260_,7.65µm
m.u_conv1.u_loader._323_,7.645µm
m.u_tree._0615_,7.645µm
m.u_conv3.u_weights._04077_,7.635µm
m.u_conv3.u_weights._13720_,7.635µm
m.sram_req_conv1\[12\],7.63µm
m.u_conv1._198_,7.63µm
m.u_conv1.u_loader._158_,7.63µm
m.u_conv1.u_loader._179_,7.63µm
m.u_conv1.u_loader._326_,7.63µm
m.u_conv2._0981_,7.63µm
m.u_conv2._1159_,7.63µm
m.u_conv2._1160_,7.63µm
m.u_conv2._1191_,7.63µm
m.u_conv2._1341_,7.63µm
m.u_conv2.u_loader._014_,7.63µm
m.u_conv2.u_loader._256_,7.63µm
m.u_conv2.u_loader._413_,7.63µm
m.u_conv2.u_loader._440_,7.63µm
m.u_conv3.u_weights._00450_,7.63µm
m.u_conv3.u_weights._00627_,7.63µm
m.u_conv3.u_weights._01482_,7.63µm
m.u_conv3.u_weights._01499_,7.63µm
m.u_conv3.u_weights._01922_,7.63µm
m.u_conv3.u_weights._02172_,7.63µm
m.u_conv3.u_weights._02747_,7.63µm
m.u_conv3.u_weights._03153_,7.63µm
m.u_conv3.u_weights._03207_,7.63µm
m.u_conv3.u_weights._03563_,7.63µm
m.u_conv3.u_weights._03993_,7.63µm
m.u_conv3.u_weights._04481_,7.63µm
m.u_conv3.u_weights._05321_,7.63µm
m.u_conv3.u_weights._06180_,7.63µm
m.u_conv3.u_weights._06438_,7.63µm
m.u_conv3.u_weights._07129_,7.63µm
m.u_conv3.u_weights._07711_,7.63µm
m.u_conv3.u_weights._08343_,7.63µm
m.u_conv3.u_weights._08363_,7.63µm
m.u_conv3.u_weights._08390_,7.63µm
m.u_conv3.u_weights._08516_,7.63µm
m.u_conv3.u_weights._08520_,7.63µm
m.u_conv3.u_weights._08533_,7.63µm
m.u_conv3.u_weights._08929_,7.63µm
m.u_conv3.u_weights._09428_,7.63µm
m.u_conv3.u_weights._09908_,7.63µm
m.u_conv3.u_weights._09993_,7.63µm
m.u_conv3.u_weights._10083_,7.63µm
m.u_conv3.u_weights._10130_,7.63µm
m.u_conv3.u_weights._10386_,7.63µm
m.u_conv3.u_weights._10850_,7.63µm
m.u_conv3.u_weights._10866_,7.63µm
m.u_conv3.u_weights._10981_,7.63µm
m.u_conv3.u_weights._11400_,7.63µm
m.u_conv3.u_weights._11402_,7.63µm
m.u_conv3.u_weights._11518_,7.63µm
m.u_conv3.u_weights._11898_,7.63µm
m.u_conv3.u_weights._12414_,7.63µm
m.u_conv3.u_weights._12572_,7.63µm
m.u_conv3.u_weights._12594_,7.63µm
m.u_conv3.u_weights._12632_,7.63µm
m.u_conv3.u_weights._12635_,7.63µm
m.u_conv3.u_weights._12931_,7.63µm
m.u_conv3.u_weights._13257_,7.63µm
m.u_conv3.u_weights._13333_,7.63µm
m.u_conv3.u_weights._14166_,7.63µm
m.u_conv3.u_weights._14432_,7.63µm
m.u_conv3.u_weights._14760_,7.63µm
m.u_conv3.u_weights._14763_,7.63µm
m.u_conv3.u_weights._14771_,7.63µm
m.u_conv3.u_weights._14785_,7.63µm
m.u_conv3.u_weights._15701_,7.63µm
m.u_tree._0441_,7.63µm
m.u_tree._1363_,7.63µm
m.u_tree._1373_,7.63µm
net2322,7.63µm
net3029,7.63µm
m._053_,7.62µm
m.u_conv1.u_loader._010_,7.62µm
m.u_conv1.u_loader._445_,7.62µm
m.u_conv2._0983_,7.62µm
m.u_conv2._1347_,7.62µm
m.u_conv2._1408_,7.62µm
m.u_conv2._1449_,7.62µm
m.u_conv2.u_loader._276_,7.62µm
m.u_conv3.u_weights._00330_,7.62µm
m.u_conv3.u_weights._00870_,7.62µm
m.u_conv3.u_weights._01582_,7.62µm
m.u_conv3.u_weights._02303_,7.62µm
m.u_conv3.u_weights._03015_,7.62µm
m.u_conv3.u_weights._03233_,7.62µm
m.u_conv3.u_weights._03414_,7.62µm
m.u_conv3.u_weights._03960_,7.62µm
m.u_conv3.u_weights._04442_,7.62µm
m.u_conv3.u_weights._04847_,7.62µm
m.u_conv3.u_weights._06196_,7.62µm
m.u_conv3.u_weights._06513_,7.62µm
m.u_conv3.u_weights._08674_,7.62µm
m.u_conv3.u_weights._09454_,7.62µm
m.u_conv3.u_weights._09495_,7.62µm
m.u_conv3.u_weights._10328_,7.62µm
m.u_conv3.u_weights._11261_,7.62µm
m.u_conv3.u_weights._11605_,7.62µm
m.u_conv3.u_weights._14755_,7.62µm
m.u_pool1._044_,7.62µm
m.u_tree._0016_,7.62µm
m.u_tree._0269_,7.62µm
m.u_conv3.u_weights._01020_,7.615µm
m.u_conv3.u_weights._01210_,7.615µm
m.u_conv3.u_weights._01728_,7.615µm
m.u_conv3.u_weights._01786_,7.615µm
m.u_conv3.u_weights._01914_,7.615µm
m.u_conv3.u_weights._03781_,7.615µm
m.u_conv3.u_weights._03916_,7.615µm
m.u_conv3.u_weights._05797_,7.615µm
m.u_conv3.u_weights._05874_,7.615µm
m.u_conv3.u_weights._06973_,7.615µm
m.u_conv3.u_weights._07291_,7.615µm
m.u_conv3.u_weights._09806_,7.615µm
m.u_conv3.u_weights._10718_,7.615µm
m.u_conv3.u_weights._11619_,7.615µm
m.u_conv3.u_weights._11803_,7.615µm
m.u_conv3.u_weights._12500_,7.615µm
m.u_conv3.u_weights._13733_,7.615µm
m.u_conv3.u_weights._14161_,7.615µm
m.u_tree._0079_,7.615µm
m.u_conv3.u_weights._06112_,7.61µm
m.u_conv3.u_weights._09563_,7.61µm
m.u_conv2._0041_,7.605µm
m.u_conv2._0775_,7.605µm
m.u_conv2._0996_,7.605µm
m.u_conv3.u_weights._02165_,7.605µm
m.u_conv3.u_weights._02463_,7.605µm
m.u_tree._0825_,7.605µm
m.u_conv3.u_weights._01658_,7.6µm
m.u_conv3.u_weights._04894_,7.6µm
m.u_conv3.u_weights._05546_,7.6µm
m.u_conv3.u_weights._01706_,7.59µm
m.u_conv3.u_weights._11995_,7.59µm
net2040,7.59µm
m.u_conv3.u_weights._06429_,7.585µm
m.u_conv3.u_weights._07653_,7.585µm
m.u_conv3.u_weights._13108_,7.585µm
m.u_conv2.acc\[42\]\[6\],7.58µm
m.u_conv3.u_weights._00928_,7.58µm
m.u_conv3.u_weights._01409_,7.58µm
m.u_conv3.u_weights._01598_,7.58µm
m.u_conv3.u_weights._01960_,7.58µm
m.u_conv3.u_weights._02105_,7.58µm
m.u_conv3.u_weights._02200_,7.58µm
m.u_conv3.u_weights._02552_,7.58µm
m.u_conv3.u_weights._02949_,7.58µm
m.u_conv3.u_weights._02975_,7.58µm
m.u_conv3.u_weights._03095_,7.58µm
m.u_conv3.u_weights._04252_,7.58µm
m.u_conv3.u_weights._04303_,7.58µm
m.u_conv3.u_weights._05187_,7.58µm
m.u_conv3.u_weights._06778_,7.58µm
m.u_conv3.u_weights._06779_,7.58µm
m.u_conv3.u_weights._07217_,7.58µm
m.u_conv3.u_weights._07247_,7.58µm
m.u_conv3.u_weights._08384_,7.58µm
m.u_conv3.u_weights._09778_,7.58µm
m.u_conv3.u_weights._10348_,7.58µm
m.u_conv3.u_weights._11336_,7.58µm
m.u_conv3.u_weights._11907_,7.58µm
m.u_conv3.u_weights._12255_,7.58µm
m.u_conv3.u_weights._12464_,7.58µm
m.u_conv3.u_weights._13362_,7.58µm
m.u_conv3.u_weights._14911_,7.58µm
m.u_tree._0087_,7.58µm
m.u_tree._0863_,7.58µm
m.u_tree._0912_,7.58µm
m.u_conv3.u_weights._00577_,7.575µm
m.u_conv3.u_weights._02814_,7.575µm
m.u_conv3.u_weights._02834_,7.575µm
m.u_conv3.u_weights._13094_,7.575µm
m.u_conv1.u_loader._037_,7.57µm
m.u_conv2._0669_,7.57µm
m.u_conv2._0831_,7.57µm
m.u_conv2.acc\[44\]\[4\],7.57µm
m.u_conv2.acc\[5\]\[2\],7.57µm
m.u_conv2.u_weights._174_,7.57µm
m.u_conv3.u_weights._01637_,7.57µm
m.u_conv3.u_weights._02410_,7.57µm
m.u_conv3.u_weights._02564_,7.57µm
m.u_conv3.u_weights._02951_,7.57µm
m.u_conv3.u_weights._03518_,7.57µm
m.u_conv3.u_weights._04070_,7.57µm
m.u_conv3.u_weights._04462_,7.57µm
m.u_conv3.u_weights._05786_,7.57µm
m.u_conv3.u_weights._06210_,7.57µm
m.u_conv3.u_weights._06246_,7.57µm
m.u_conv3.u_weights._06393_,7.57µm
m.u_conv3.u_weights._08172_,7.57µm
m.u_conv3.u_weights._08379_,7.57µm
m.u_conv3.u_weights._09786_,7.57µm
m.u_conv3.u_weights._09927_,7.57µm
m.u_conv3.u_weights._10413_,7.57µm
m.u_conv3.u_weights._11644_,7.57µm
m.u_conv3.u_weights._12001_,7.57µm
m.u_conv3.u_weights._12025_,7.57µm
m.u_conv3.u_weights._12745_,7.57µm
m.u_conv3.u_weights._12908_,7.57µm
m.u_conv3.u_weights._13949_,7.57µm
m.u_conv3.u_weights._14294_,7.57µm
m.u_conv3.u_weights._14644_,7.57µm
m.u_conv3.u_weights._15130_,7.57µm
m.u_tree._0147_,7.57µm
m.u_conv3.u_weights._05634_,7.565µm
m.u_conv3.u_weights._11073_,7.565µm
m.u_conv3.u_weights._11966_,7.565µm
net2157,7.56µm
m.u_conv1.u_loader._113_,7.56µm
m.u_conv1.u_weights._005_,7.56µm
m.u_conv1.u_weights._129_,7.56µm
m.u_conv2._0020_,7.56µm
m.u_conv2._0239_,7.56µm
m.u_conv2._0277_,7.56µm
m.u_conv2._0299_,7.56µm
m.u_conv2._0304_,7.56µm
m.u_conv2._0333_,7.56µm
m.u_conv2._0340_,7.56µm
m.u_conv2._0380_,7.56µm
m.u_conv2._0448_,7.56µm
m.u_conv2._0763_,7.56µm
m.u_conv2._0969_,7.56µm
net2198,7.56µm
m.u_conv2.acc\[61\]\[0\],7.56µm
m.u_conv2.u_loader._023_,7.56µm
m.u_conv2.u_loader._110_,7.56µm
m.u_conv3._085_,7.56µm
m.u_conv3.u_weights._00474_,7.56µm
m.u_conv3.u_weights._00477_,7.56µm
m.u_conv3.u_weights._00737_,7.56µm
m.u_conv3.u_weights._02764_,7.56µm
m.u_conv3.u_weights._03008_,7.56µm
m.u_conv3.u_weights._03093_,7.56µm
m.u_conv3.u_weights._03186_,7.56µm
m.u_conv3.u_weights._03460_,7.56µm
m.u_conv3.u_weights._06720_,7.56µm
m.u_conv3.u_weights._06972_,7.56µm
m.u_conv3.u_weights._07487_,7.56µm
m.u_conv3.u_weights._08276_,7.56µm
m.u_conv3.u_weights._09687_,7.56µm
m.u_conv3.u_weights._09727_,7.56µm
m.u_conv3.u_weights._10162_,7.56µm
m.u_conv3.u_weights._12790_,7.56µm
m.u_conv3.u_weights._12985_,7.56µm
m.u_conv3.u_weights._13326_,7.56µm
m.u_conv3.u_weights._13385_,7.56µm
m.u_conv3.u_weights._13687_,7.56µm
m.u_conv3.u_weights._13706_,7.56µm
m.u_conv3.u_weights._13846_,7.56µm
m.u_conv3.u_weights._14875_,7.56µm
m.u_tree._0715_,7.56µm
m.u_tree._0740_,7.56µm
net3034,7.56µm
m.sram_req_pool1\[3\],7.555µm
m.u_conv1.u_loader._203_,7.555µm
m.u_conv1.u_loader._361_,7.555µm
m.u_conv3.u_weights._00298_,7.555µm
m.u_conv3.u_weights._00475_,7.555µm
m.u_conv3.u_weights._02177_,7.555µm
m.u_conv3.u_weights._02291_,7.555µm
m.u_conv3.u_weights._02306_,7.555µm
m.u_conv3.u_weights._03790_,7.555µm
m.u_conv3.u_weights._03879_,7.555µm
m.u_conv3.u_weights._04068_,7.555µm
m.u_conv3.u_weights._04640_,7.555µm
m.u_conv3.u_weights._04689_,7.555µm
m.u_conv3.u_weights._04995_,7.555µm
m.u_conv3.u_weights._05483_,7.555µm
m.u_conv3.u_weights._06242_,7.555µm
m.u_conv3.u_weights._06469_,7.555µm
m.u_conv3.u_weights._06496_,7.555µm
m.u_conv3.u_weights._07243_,7.555µm
m.u_conv3.u_weights._07290_,7.555µm
m.u_conv3.u_weights._07594_,7.555µm
m.u_conv3.u_weights._08182_,7.555µm
m.u_conv3.u_weights._08801_,7.555µm
m.u_conv3.u_weights._08892_,7.555µm
m.u_conv3.u_weights._09019_,7.555µm
m.u_conv3.u_weights._09186_,7.555µm
m.u_conv3.u_weights._09418_,7.555µm
m.u_conv3.u_weights._09750_,7.555µm
m.u_conv3.u_weights._10052_,7.555µm
m.u_conv3.u_weights._10079_,7.555µm
m.u_conv3.u_weights._10539_,7.555µm
m.u_conv3.u_weights._10672_,7.555µm
m.u_conv3.u_weights._13117_,7.555µm
m.u_conv3.u_weights._14557_,7.555µm
m.u_conv3.u_weights._15318_,7.555µm
m.u_tree._0677_,7.555µm
m.u_tree._0884_,7.555µm
m.u_tree._0971_,7.555µm
net2400,7.555µm
net2514,7.555µm
net2519,7.555µm
net2540,7.555µm
net2568,7.555µm
net2621,7.555µm
net2672,7.555µm
net2686,7.555µm
net2731,7.555µm
net2791,7.555µm
m.u_conv3.u_weights._02669_,7.55µm
m.u_conv3.u_weights._15253_,7.545µm
m.u_conv3.u_weights._00260_,7.54µm
m.u_conv3.u_weights._02835_,7.54µm
m.u_conv3.u_weights._03147_,7.54µm
m.u_conv3.u_weights._03174_,7.54µm
m.u_conv3.u_weights._03328_,7.54µm
m.u_conv3.u_weights._04465_,7.54µm
m.u_conv3.u_weights._07962_,7.54µm
m.u_conv3.u_weights._08151_,7.54µm
m.u_conv3.u_weights._08535_,7.54µm
m.u_conv3.u_weights._08733_,7.54µm
m.u_conv3.u_weights._08795_,7.54µm
m.u_conv3.u_weights._09320_,7.54µm
m.u_conv3.u_weights._09649_,7.54µm
m.u_conv3.u_weights._09994_,7.54µm
m.u_conv3.u_weights._10342_,7.54µm
m.u_conv3.u_weights._10479_,7.54µm
m.u_conv3.u_weights._10704_,7.54µm
m.u_conv3.u_weights._11989_,7.54µm
m.u_conv3.u_weights._12667_,7.54µm
m.u_conv3.u_weights._13252_,7.54µm
m.u_conv3.u_weights._13406_,7.54µm
m.u_conv3.u_weights._15522_,7.54µm
m._032_,7.53µm
m.u_conv2._1275_,7.53µm
m.u_conv3.u_weights._04088_,7.53µm
m.u_conv3.u_weights._09969_,7.53µm
m.u_conv3.u_weights._00115_,7.525µm
m.u_conv3.u_weights._05739_,7.525µm
m.u_conv1.u_weights._111_,7.52µm
m.u_conv2._1249_,7.52µm
m.u_conv2.u_weights._106_,7.52µm
m.u_conv3.u_weights._00648_,7.52µm
m.u_conv3.u_weights._01122_,7.52µm
m.u_conv3.u_weights._02967_,7.52µm
m.u_conv3.u_weights._03975_,7.52µm
m.u_conv3.u_weights._04022_,7.52µm
m.u_conv3.u_weights._04459_,7.52µm
m.u_conv3.u_weights._06205_,7.52µm
m.u_conv3.u_weights._07569_,7.52µm
m.u_conv3.u_weights._07921_,7.52µm
m.u_conv3.u_weights._08134_,7.52µm
m.u_conv3.u_weights._08257_,7.52µm
m.u_conv3.u_weights._08470_,7.52µm
m.u_conv3.u_weights._11042_,7.52µm
m.u_conv3.u_weights._11752_,7.52µm
m.u_conv3.u_weights._11953_,7.52µm
m.u_conv3.u_weights._12401_,7.52µm
m.u_conv3.u_weights._12852_,7.52µm
m.u_conv3.u_weights._13717_,7.52µm
m.u_conv3.u_weights._15748_,7.52µm
m.u_tree._0913_,7.52µm
m.u_tree._0933_,7.52µm
m.u_tree._1087_,7.52µm
m.u_conv1._106_,7.51µm
m.u_conv1.u_loader._009_,7.51µm
m.u_conv2.acc\[14\]\[3\],7.51µm
m.u_conv2.acc\[29\]\[1\],7.51µm
m.u_conv3._031_,7.51µm
m.u_conv3.u_weights._01338_,7.51µm
m.u_conv3.u_weights._01450_,7.51µm
m.u_conv3.u_weights._01693_,7.51µm
m.u_conv3.u_weights._02917_,7.51µm
m.u_conv3.u_weights._03634_,7.51µm
m.u_conv3.u_weights._03762_,7.51µm
m.u_conv3.u_weights._05530_,7.51µm
m.u_conv3.u_weights._06171_,7.51µm
m.u_conv3.u_weights._06211_,7.51µm
m.u_conv3.u_weights._06362_,7.51µm
m.u_conv3.u_weights._07013_,7.51µm
m.u_conv3.u_weights._07370_,7.51µm
m.u_conv3.u_weights._07633_,7.51µm
m.u_conv3.u_weights._07720_,7.51µm
m.u_conv3.u_weights._10605_,7.51µm
m.u_conv3.u_weights._10701_,7.51µm
m.u_conv3.u_weights._13531_,7.51µm
m.u_conv3.u_weights._14821_,7.51µm
m.u_conv3.u_weights._15034_,7.51µm
m.u_pool1._021_,7.51µm
m.u_tree._1057_,7.51µm
m._125_,7.5µm
m.u_conv3.u_weights._00372_,7.5µm
m.u_conv3.u_weights._02839_,7.5µm
m.u_conv3.u_weights._03090_,7.5µm
m.u_conv3.u_weights._04267_,7.5µm
m.u_conv3.u_weights._04364_,7.5µm
m.u_conv3.u_weights._06444_,7.5µm
m.u_conv3.u_weights._09616_,7.5µm
m.u_conv3.u_weights._09766_,7.5µm
m.u_conv3.u_weights._11902_,7.5µm
m.u_conv3.u_weights._12588_,7.5µm
m.u_conv3.u_weights._12835_,7.5µm
m.u_conv3.u_weights._13151_,7.5µm
m.u_conv3.u_weights._13614_,7.5µm
m.u_conv3.u_weights._14271_,7.5µm
m.u_conv3.u_weights._15382_,7.5µm
m.u_tree._0998_,7.5µm
m.u_tree._1158_,7.5µm
m.u_conv3.u_weights._00303_,7.495µm
m.u_conv3.u_weights._00453_,7.495µm
m.u_conv3.u_weights._00731_,7.495µm
m.u_conv3.u_weights._00744_,7.495µm
m.u_conv3.u_weights._01896_,7.495µm
m.u_conv3.u_weights._02622_,7.495µm
m.u_conv3.u_weights._03208_,7.495µm
m.u_conv3.u_weights._03258_,7.495µm
m.u_conv3.u_weights._03431_,7.495µm
m.u_conv3.u_weights._04922_,7.495µm
m.u_conv3.u_weights._05492_,7.495µm
m.u_conv3.u_weights._05853_,7.495µm
m.u_conv3.u_weights._05886_,7.495µm
m.u_conv3.u_weights._06212_,7.495µm
m.u_conv3.u_weights._06416_,7.495µm
m.u_conv3.u_weights._09925_,7.495µm
m.u_conv3.u_weights._12577_,7.495µm
m.u_conv3.u_weights._14406_,7.495µm
m.u_conv3.u_weights._15279_,7.495µm
m.u_conv3.u_weights._15682_,7.495µm
m.u_tree._1081_,7.495µm
m.u_conv3.u_weights._14706_,7.49µm
m.u_conv3.u_weights._15703_,7.49µm
m.u_conv3.u_weights._00712_,7.48µm
m.u_conv3.u_weights._10493_,7.48µm
m.u_conv3.u_weights._10991_,7.48µm
m.u_conv1.u_weights._054_,7.475µm
m.u_conv3.u_weights._00656_,7.475µm
m.u_conv3.u_weights._05363_,7.475µm
m.u_conv3.u_weights._07827_,7.475µm
m.u_conv3.u_weights._11449_,7.475µm
m.u_conv3.u_weights._12918_,7.475µm
m.u_conv3.u_weights._14116_,7.475µm
m.u_conv3.u_weights._14486_,7.475µm
m.u_conv3.u_weights._00295_,7.47µm
m.u_conv3.u_weights._03394_,7.47µm
m.u_conv3.u_weights._06366_,7.47µm
m.u_conv3.u_weights._14587_,7.47µm
m.u_conv3.u_weights._14932_,7.47µm
m.u_tree._1042_,7.47µm
m.u_conv3.u_weights._00418_,7.465µm
m.u_conv3.u_weights._01330_,7.465µm
m.u_conv3.u_weights._04010_,7.465µm
m.u_conv3.u_weights._13345_,7.465µm
m._090_,7.46µm
m.u_conv1.u_weights._014_,7.46µm
m.u_conv3.u_weights._00146_,7.46µm
m.u_conv3.u_weights._01959_,7.46µm
m.u_conv3.u_weights._02280_,7.46µm
m.u_conv3.u_weights._02443_,7.46µm
m.u_conv3.u_weights._04118_,7.46µm
m.u_conv3.u_weights._04875_,7.46µm
m.u_conv3.u_weights._05074_,7.46µm
m.u_conv3.u_weights._05109_,7.46µm
m.u_conv3.u_weights._05376_,7.46µm
m.u_conv3.u_weights._05674_,7.46µm
m.u_conv3.u_weights._05815_,7.46µm
m.u_conv3.u_weights._06637_,7.46µm
m.u_conv3.u_weights._07066_,7.46µm
m.u_conv3.u_weights._07127_,7.46µm
m.u_conv3.u_weights._09802_,7.46µm
m.u_conv3.u_weights._09991_,7.46µm
m.u_conv3.u_weights._10906_,7.46µm
m.u_conv3.u_weights._12929_,7.46µm
m.u_conv3.u_weights._13034_,7.46µm
m.u_conv3.u_weights._13141_,7.46µm
m.u_conv3.u_weights._14328_,7.46µm
m.u_conv3.u_weights._14603_,7.46µm
m.u_conv3.u_weights._14647_,7.46µm
m.u_conv3.u_weights._14649_,7.46µm
m.u_conv3.u_weights._15099_,7.46µm
m.u_conv3.u_weights._15246_,7.46µm
m.u_conv3.u_weights._15416_,7.46µm
m.u_conv3.u_weights._15427_,7.46µm
m.u_pool2._078_,7.46µm
m.u_tree._0086_,7.46µm
m.u_tree._0133_,7.46µm
m.u_tree._0743_,7.46µm
m.u_tree._1153_,7.46µm
net2355,7.46µm
net2411,7.46µm
net2417,7.46µm
net2441,7.46µm
net2491,7.46µm
net2515,7.46µm
net2532,7.46µm
net2543,7.46µm
net2550,7.46µm
net2552,7.46µm
net2556,7.46µm
net2565,7.46µm
net2567,7.46µm
net2598,7.46µm
net2613,7.46µm
net2620,7.46µm
net2629,7.46µm
net2645,7.46µm
net2647,7.46µm
net2655,7.46µm
net2657,7.46µm
net2663,7.46µm
net2673,7.46µm
net2684,7.46µm
net2698,7.46µm
net2721,7.46µm
net2729,7.46µm
net2737,7.46µm
net2758,7.46µm
net2775,7.46µm
net2781,7.46µm
m.u_conv3.u_weights._04831_,7.455µm
m.u_conv3.u_weights._14107_,7.455µm
m.u_conv3.u_weights._14352_,7.455µm
m._052_,7.45µm
m.u_conv1._167_,7.45µm
m.u_conv1.conv_out2\[3\],7.45µm
m.u_conv1.u_loader._429_,7.45µm
m.u_conv1.u_weights._013_,7.45µm
m.u_conv2._0069_,7.45µm
m.u_conv2._0090_,7.45µm
m.u_conv2._0151_,7.45µm
m.u_conv2._0168_,7.45µm
m.u_conv2._0198_,7.45µm
m.u_conv2._0232_,7.45µm
m.u_conv2._0279_,7.45µm
m.u_conv2._0285_,7.45µm
m.u_conv2._0293_,7.45µm
m.u_conv2._0375_,7.45µm
m.u_conv2._0408_,7.45µm
m.u_conv2._0412_,7.45µm
m.u_conv2._0417_,7.45µm
m.u_conv2._0437_,7.45µm
m.u_conv2._0754_,7.45µm
m.u_conv2._0822_,7.45µm
net2209,7.45µm
m.u_conv2.acc\[51\]\[0\],7.45µm
m.u_conv2.acc\[56\]\[6\],7.45µm
m.u_conv2.acc\[63\]\[4\],7.45µm
m.u_conv2.co\[0\],7.45µm
m.u_conv2.u_loader._155_,7.45µm
m.u_conv3._028_,7.45µm
m.u_conv3.u_weights._00036_,7.45µm
m.u_conv3.u_weights._00446_,7.45µm
m.u_conv3.u_weights._00751_,7.45µm
m.u_conv3.u_weights._01321_,7.45µm
m.u_conv3.u_weights._01899_,7.45µm
m.u_conv3.u_weights._01941_,7.45µm
m.u_conv3.u_weights._02106_,7.45µm
m.u_conv3.u_weights._02836_,7.45µm
m.u_conv3.u_weights._03058_,7.45µm
m.u_conv3.u_weights._03116_,7.45µm
m.u_conv3.u_weights._03367_,7.45µm
m.u_conv3.u_weights._03592_,7.45µm
m.u_conv3.u_weights._04647_,7.45µm
m.u_conv3.u_weights._04650_,7.45µm
m.u_conv3.u_weights._04903_,7.45µm
m.u_conv3.u_weights._06213_,7.45µm
m.u_conv3.u_weights._06382_,7.45µm
m.u_conv3.u_weights._06675_,7.45µm
m.u_conv3.u_weights._07153_,7.45µm
m.u_conv3.u_weights._07524_,7.45µm
m.u_conv3.u_weights._08026_,7.45µm
m.u_conv3.u_weights._09377_,7.45µm
m.u_conv3.u_weights._10615_,7.45µm
m.u_conv3.u_weights._10685_,7.45µm
m.u_conv3.u_weights._11554_,7.45µm
m.u_conv3.u_weights._11723_,7.45µm
m.u_conv3.u_weights._12010_,7.45µm
m.u_conv3.u_weights._12304_,7.45µm
m.u_conv3.u_weights._13267_,7.45µm
m.u_conv3.u_weights._13372_,7.45µm
m.u_conv3.u_weights._13629_,7.45µm
m.u_conv3.u_weights._14333_,7.45µm
m.u_conv3.u_weights._14919_,7.45µm
m.u_conv3.u_weights._15649_,7.45µm
m.u_tree._0582_,7.45µm
m.u_tree._0997_,7.45µm
m.u_tree._1330_,7.45µm
m.u_conv2.u_loader._037_,7.445µm
m.u_conv3.u_weights._02393_,7.445µm
m.u_conv3.u_weights._03253_,7.445µm
m.u_conv3.u_weights._03384_,7.445µm
m.u_conv3.u_weights._03867_,7.445µm
m.u_conv3.u_weights._05311_,7.445µm
m.u_conv3.u_weights._06009_,7.445µm
m.u_conv3.u_weights._06353_,7.445µm
m.u_conv3.u_weights._07264_,7.445µm
m.u_conv3.u_weights._09354_,7.445µm
m.u_conv3.u_weights._10192_,7.445µm
m.u_conv3.u_weights._11216_,7.445µm
m.u_conv3.u_weights._11477_,7.445µm
m.u_conv3.u_weights._11999_,7.445µm
m.u_conv3.u_weights._13402_,7.445µm
m.u_conv3.u_weights._15405_,7.445µm
m.u_tree._0188_,7.445µm
m.u_tree._1323_,7.445µm
m.sram_req_conv2\[6\],7.44µm
m.u_conv2._0042_,7.44µm
m.u_conv2._0779_,7.44µm
m.u_conv2._1065_,7.44µm
m.u_conv2.u_weights._201_,7.44µm
m.u_conv2.u_weights._288_,7.44µm
m.u_conv3.u_weights._01532_,7.44µm
m.u_conv3.u_weights._02818_,7.44µm
m.u_conv3.u_weights._02939_,7.44µm
m.u_conv3.u_weights._03377_,7.44µm
m.u_conv3.u_weights._07176_,7.44µm
m.u_conv3.u_weights._07481_,7.44µm
m.u_conv3.u_weights._07787_,7.44µm
m.u_conv3.u_weights._08421_,7.44µm
m.u_conv3.u_weights._10322_,7.44µm
m.u_conv3.u_weights._12797_,7.44µm
m.u_conv3.u_weights._14125_,7.44µm
m.u_conv3.u_weights._14838_,7.44µm
m.u_conv3.u_weights._15400_,7.44µm
m.u_tree._0761_,7.44µm
m.u_tree._1058_,7.44µm
m.u_tree._1222_,7.44µm
m.u_tree._1350_,7.44µm
m.u_tree._1428_,7.44µm
net1935,7.44µm
m.u_conv3.u_weights._00026_,7.435µm
m.u_conv3.u_weights._08160_,7.435µm
m.u_conv3.u_weights._10389_,7.435µm
m.u_conv3.u_weights._10398_,7.435µm
m.u_conv3.u_weights._10904_,7.435µm
m.u_conv3.u_weights._12009_,7.435µm
m.u_conv3.u_weights._14097_,7.435µm
m.u_conv3.u_weights._07608_,7.43µm
m.u_conv2.u_loader._150_,7.42µm
m.u_conv3.u_weights._03457_,7.42µm
m.u_conv3.u_weights._09570_,7.415µm
m.u_conv2._0708_,7.41µm
m.u_conv3.u_weights._05480_,7.41µm
m.u_conv3.u_weights._15671_,7.41µm
m.u_conv1.u_loader._329_,7.4µm
m.u_conv3.u_weights._01537_,7.4µm
m.u_conv3.u_weights._02358_,7.4µm
m.u_conv3.u_weights._02501_,7.4µm
m.u_conv3.u_weights._03897_,7.4µm
m.u_conv3.u_weights._05312_,7.4µm
m.u_conv3.u_weights._08679_,7.4µm
m.u_conv3.u_weights._09561_,7.4µm
m.u_conv3.u_weights._12409_,7.4µm
m.u_conv3.u_weights._13643_,7.4µm
m.u_conv3.u_weights._14580_,7.4µm
m.u_tree._0766_,7.4µm
m.u_tree._0982_,7.4µm
m.u_tree._1218_,7.4µm
m._123_,7.395µm
m.u_conv3.u_weights._00020_,7.395µm
m.u_conv3.u_weights._09860_,7.395µm
m.u_conv3.u_weights._04269_,7.39µm
m.u_conv3.u_weights._05625_,7.39µm
m.u_conv3.u_weights._06679_,7.39µm
m.u_conv3.u_weights._08013_,7.39µm
m.u_conv3.u_weights._09070_,7.39µm
m.u_conv3.u_weights._09105_,7.39µm
m.u_conv3.u_weights._09298_,7.39µm
m.u_conv3.u_weights._09700_,7.39µm
m.u_conv3.u_weights._10485_,7.39µm
m.u_conv3.u_weights._11579_,7.39µm
m.u_conv3.u_weights._13488_,7.39µm
m.u_conv3.u_weights._13914_,7.39µm
m.u_tree._0647_,7.39µm
m.u_conv3.u_weights._05954_,7.385µm
m.u_conv3.u_weights._06223_,7.385µm
m.u_conv3.u_weights._10452_,7.385µm
m.u_conv3.u_weights._11987_,7.385µm
m.u_conv2.u_weights._163_,7.38µm
m.u_conv3.u_weights._00819_,7.38µm
m.u_conv3.u_weights._07103_,7.38µm
m.u_conv3.u_weights._11809_,7.38µm
m.u_conv3.u_weights._12015_,7.38µm
m.sram_req_pool1\[21\],7.375µm
m.u_conv3.u_weights._04594_,7.375µm
m.u_conv2.u_weights._126_,7.365µm
m.u_conv3.u_weights._07350_,7.365µm
m.u_conv3.u_weights._10518_,7.365µm
m.u_conv3.u_weights._12441_,7.365µm
m.u_conv3.u_weights._13221_,7.365µm
m.u_conv1.u_weights._090_,7.35µm
m.u_conv2.acc\[45\]\[2\],7.35µm
m.u_conv3.u_weights._00059_,7.35µm
m.u_conv3.u_weights._00814_,7.35µm
m.u_conv3.u_weights._04883_,7.35µm
m.u_conv3.u_weights._06924_,7.35µm
m.u_conv3.u_weights._07660_,7.35µm
m.u_conv3.u_weights._07870_,7.35µm
m.u_conv3.u_weights._08278_,7.35µm
m.u_conv3.u_weights._12602_,7.35µm
m.u_conv3.u_weights._14337_,7.35µm
m.u_tree._0011_,7.35µm
m.u_tree._0578_,7.35µm
m.u_tree._1474_,7.35µm
m.u_conv3.u_weights._02346_,7.345µm
m.u_conv3.u_weights._03120_,7.345µm
m.u_conv3.u_weights._04224_,7.345µm
m.u_conv3.u_weights._04307_,7.345µm
m.u_conv3.u_weights._04695_,7.345µm
m.u_conv3.u_weights._07628_,7.345µm
m.u_conv3.u_weights._11153_,7.345µm
m.u_conv3.u_weights._11566_,7.345µm
m.u_conv3.u_weights._12639_,7.345µm
m.u_conv3.u_weights._12767_,7.345µm
m.u_conv3.u_weights._13373_,7.345µm
m.u_conv1.u_weights._110_,7.34µm
m.u_conv3.u_weights._00125_,7.34µm
m.u_conv3.u_weights._00971_,7.34µm
m.u_conv3.u_weights._02417_,7.34µm
m.u_conv3.u_weights._03275_,7.34µm
m.u_conv3.u_weights._03308_,7.34µm
m.u_conv3.u_weights._03312_,7.34µm
m.u_conv3.u_weights._04672_,7.34µm
m.u_conv3.u_weights._05115_,7.34µm
m.u_conv3.u_weights._05176_,7.34µm
m.u_conv3.u_weights._08137_,7.34µm
m.u_conv3.u_weights._10822_,7.34µm
m.u_conv3.u_weights._11161_,7.34µm
m.u_conv3.u_weights._11855_,7.34µm
m.u_conv3.u_weights._11969_,7.34µm
m.u_conv3.u_weights._12675_,7.34µm
m.u_conv3.u_weights._14088_,7.34µm
m.u_conv3.u_weights._14583_,7.34µm
m.u_conv3.u_weights._14867_,7.34µm
m.u_tree._1037_,7.34µm
m.u_tree._1220_,7.34µm
net1872,7.34µm
m.u_tree._0596_,7.335µm
net2139,7.33µm
m.u_conv2._0947_,7.33µm
m.u_conv3.u_weights._00396_,7.33µm
m.u_conv3.u_weights._02298_,7.33µm
m.u_conv3.u_weights._02505_,7.33µm
m.u_conv3.u_weights._02775_,7.33µm
m.u_conv3.u_weights._02995_,7.33µm
m.u_conv3.u_weights._04201_,7.33µm
m.u_conv3.u_weights._10724_,7.33µm
m.u_conv3.u_weights._11017_,7.33µm
m.u_conv3.u_weights._13287_,7.33µm
m.u_conv3.u_weights._13481_,7.33µm
m.u_tree._0932_,7.33µm
net1898,7.33µm
net2136,7.33µm
m.u_conv3.u_weights._07677_,7.325µm
m.u_conv2.u_loader._212_,7.32µm
m.u_conv3._023_,7.32µm
m.u_conv3.u_weights._01114_,7.32µm
m.u_conv3.u_weights._01172_,7.32µm
m.u_conv3.u_weights._02494_,7.32µm
m.u_conv3.u_weights._05175_,7.32µm
m.u_conv3.u_weights._05400_,7.32µm
m.u_conv3.u_weights._05467_,7.32µm
m.u_conv3.u_weights._05473_,7.32µm
m.u_conv3.u_weights._09317_,7.32µm
m.u_conv3.u_weights._09636_,7.32µm
m.u_conv3.u_weights._11169_,7.32µm
m.u_conv3.u_weights._14812_,7.32µm
m.u_conv3.u_weights._15579_,7.32µm
m.u_tree._0660_,7.32µm
net2085,7.32µm
m.u_conv2._1323_,7.315µm
m.u_conv2._1567_,7.31µm
m.u_conv3.u_weights._13193_,7.31µm
m.u_conv3._195_,7.305µm
m.u_conv3.u_weights._02996_,7.305µm
m.u_conv3.u_weights._03977_,7.305µm
m.u_conv3.u_weights._07187_,7.305µm
m.u_conv3.u_weights._09154_,7.305µm
m.u_conv3.u_weights._10118_,7.305µm
m.u_conv3.u_weights._12742_,7.305µm
m.u_conv3.u_weights._12997_,7.305µm
m.u_conv2.acc\[37\]\[4\],7.3µm
m.u_conv3.u_weights._09409_,7.3µm
m.u_conv3.u_weights._12080_,7.3µm
m.u_conv3.u_weights._01299_,7.295µm
m.u_conv3.u_weights._08411_,7.29µm
m.u_conv3.u_weights._10572_,7.29µm
m.u_conv3.u_weights._01688_,7.285µm
m.u_conv3.u_weights._09605_,7.285µm
m.u_conv3.u_weights._00701_,7.28µm
m.u_conv3.u_weights._01654_,7.28µm
m.u_conv3.u_weights._04786_,7.28µm
m.u_conv3.u_weights._07444_,7.28µm
m.u_conv2._0031_,7.27µm
m.u_conv2._0073_,7.27µm
m.u_conv2._0382_,7.27µm
m.u_conv3.u_weights._00104_,7.27µm
m.u_conv3.u_weights._03889_,7.27µm
m.u_conv3.u_weights._10970_,7.27µm
net2890,7.27µm
net2989,7.27µm
m.u_conv3.u_weights._06386_,7.265µm
m.sram_req_conv3\[17\],7.26µm
m.u_conv1._083_,7.26µm
m.u_conv1._142_,7.26µm
m.u_conv1._176_,7.26µm
m.u_conv1.u_weights._105_,7.26µm
m.u_conv2._0904_,7.26µm
m.u_conv2.co\[1\],7.26µm
m.u_conv3._165_,7.26µm
m.u_conv3.u_weights._00422_,7.26µm
m.u_conv3.u_weights._00727_,7.26µm
m.u_conv3.u_weights._01476_,7.26µm
m.u_conv3.u_weights._01595_,7.26µm
m.u_conv3.u_weights._02651_,7.26µm
m.u_conv3.u_weights._03892_,7.26µm
m.u_conv3.u_weights._04396_,7.26µm
m.u_conv3.u_weights._04580_,7.26µm
m.u_conv3.u_weights._04711_,7.26µm
m.u_conv3.u_weights._04823_,7.26µm
m.u_conv3.u_weights._04889_,7.26µm
m.u_conv3.u_weights._04981_,7.26µm
m.u_conv3.u_weights._05755_,7.26µm
m.u_conv3.u_weights._06895_,7.26µm
m.u_conv3.u_weights._06932_,7.26µm
m.u_conv3.u_weights._07579_,7.26µm
m.u_conv3.u_weights._08902_,7.26µm
m.u_conv3.u_weights._09572_,7.26µm
m.u_conv3.u_weights._09583_,7.26µm
m.u_conv3.u_weights._09737_,7.26µm
m.u_conv3.u_weights._09939_,7.26µm
m.u_conv3.u_weights._09980_,7.26µm
m.u_conv3.u_weights._10103_,7.26µm
m.u_conv3.u_weights._10496_,7.26µm
m.u_conv3.u_weights._10655_,7.26µm
m.u_conv3.u_weights._11059_,7.26µm
m.u_conv3.u_weights._11879_,7.26µm
m.u_conv3.u_weights._11960_,7.26µm
m.u_conv3.u_weights._13262_,7.26µm
m.u_conv3.u_weights._13378_,7.26µm
m.u_conv3.u_weights._14045_,7.26µm
m.u_conv3.u_weights._14109_,7.26µm
m.u_conv3.u_weights._14727_,7.26µm
m.u_conv3.u_weights._15184_,7.26µm
m.u_pool1._034_,7.26µm
m.u_pool2._082_,7.26µm
m.u_tree._0317_,7.26µm
m.u_tree._0468_,7.26µm
m.u_tree._0476_,7.26µm
m.u_tree._0642_,7.26µm
m.u_tree._0797_,7.26µm
m.u_tree._1108_,7.26µm
m.u_conv3.u_weights._08794_,7.255µm
m.u_conv3.u_weights._00816_,7.25µm
m.u_pool1._093_,7.25µm
m.u_conv3.u_weights._07809_,7.245µm
m.u_conv3.u_weights._01209_,7.235µm
m.u_conv3.u_weights._05697_,7.23µm
m.u_conv3.u_weights._09237_,7.23µm
m.u_conv3.u_weights._10801_,7.23µm
m.u_conv3.u_weights._11446_,7.23µm
m.u_conv3.u_weights._05993_,7.225µm
m.u_conv1._099_,7.215µm
m.conv1_done,7.21µm
m.u_conv1._008_,7.21µm
m.u_conv2._0950_,7.21µm
m.u_conv2.u_loader._386_,7.21µm
m.u_conv3._130_,7.21µm
m.u_conv3.u_weights._00245_,7.21µm
m.u_conv3.u_weights._00567_,7.21µm
m.u_conv3.u_weights._00672_,7.21µm
m.u_conv3.u_weights._00947_,7.21µm
m.u_conv3.u_weights._01451_,7.21µm
m.u_conv3.u_weights._01820_,7.21µm
m.u_conv3.u_weights._02941_,7.21µm
m.u_conv3.u_weights._03428_,7.21µm
m.u_conv3.u_weights._03676_,7.21µm
m.u_conv3.u_weights._04081_,7.21µm
m.u_conv3.u_weights._04747_,7.21µm
m.u_conv3.u_weights._06775_,7.21µm
m.u_conv3.u_weights._07262_,7.21µm
m.u_conv3.u_weights._08770_,7.21µm
m.u_conv3.u_weights._08919_,7.21µm
m.u_conv3.u_weights._08946_,7.21µm
m.u_conv3.u_weights._09389_,7.21µm
m.u_conv3.u_weights._09457_,7.21µm
m.u_conv3.u_weights._10565_,7.21µm
m.u_conv3.u_weights._10775_,7.21µm
m.u_conv3.u_weights._11035_,7.21µm
m.u_conv3.u_weights._11214_,7.21µm
m.u_conv3.u_weights._11936_,7.21µm
m.u_conv3.u_weights._13419_,7.21µm
m.u_conv3.u_weights._15310_,7.21µm
m.u_pool1._194_,7.21µm
m.u_tree._0220_,7.21µm
m.u_tree._0465_,7.21µm
m.u_tree._1511_,7.21µm
net1948,7.21µm
net1965,7.21µm
net2054,7.21µm
net2587,7.21µm
net2704,7.21µm
net2780,7.21µm
net2946,7.21µm
m.u_conv1.u_loader._426_,7.2µm
m.u_conv2._0742_,7.2µm
m.u_conv2._0780_,7.2µm
m.u_conv2._0896_,7.2µm
m.u_conv2._0961_,7.2µm
m.u_conv2.u_loader._211_,7.2µm
m.u_conv2.u_loader._300_,7.2µm
m.u_conv3.u_weights._00560_,7.2µm
m.u_conv3.u_weights._01040_,7.2µm
m.u_conv3.u_weights._01361_,7.2µm
m.u_conv3.u_weights._01610_,7.2µm
m.u_conv3.u_weights._01702_,7.2µm
m.u_conv3.u_weights._02587_,7.2µm
m.u_conv3.u_weights._03263_,7.2µm
m.u_conv3.u_weights._03430_,7.2µm
m.u_conv3.u_weights._03483_,7.2µm
m.u_conv3.u_weights._04278_,7.2µm
m.u_conv3.u_weights._04421_,7.2µm
m.u_conv3.u_weights._04701_,7.2µm
m.u_conv3.u_weights._04947_,7.2µm
m.u_conv3.u_weights._05099_,7.2µm
m.u_conv3.u_weights._05191_,7.2µm
m.u_conv3.u_weights._07012_,7.2µm
m.u_conv3.u_weights._07437_,7.2µm
m.u_conv3.u_weights._07876_,7.2µm
m.u_conv3.u_weights._08493_,7.2µm
m.u_conv3.u_weights._09788_,7.2µm
m.u_conv3.u_weights._09830_,7.2µm
m.u_conv3.u_weights._10046_,7.2µm
m.u_conv3.u_weights._10523_,7.2µm
m.u_conv3.u_weights._10667_,7.2µm
m.u_conv3.u_weights._10868_,7.2µm
m.u_conv3.u_weights._13654_,7.2µm
m.u_conv3.u_weights._14952_,7.2µm
m.u_conv3.u_weights._15023_,7.2µm
m.u_conv3.u_weights._15234_,7.2µm
m.u_conv3.u_weights._15239_,7.2µm
m.u_conv3.u_weights._15741_,7.2µm
m.u_conv3.u_weights._15742_,7.2µm
m.u_tree._0123_,7.2µm
m.u_tree._0183_,7.2µm
m.u_tree._0423_,7.2µm
m.u_tree._0594_,7.2µm
m.u_tree._1291_,7.2µm
net2163,7.2µm
net2213,7.2µm
m.u_conv2.acc\[10\]\[1\],7.195µm
m.u_conv3.u_weights._00508_,7.195µm
m.u_conv3.u_weights._00664_,7.195µm
m.u_conv3.u_weights._03074_,7.195µm
m.u_conv3.u_weights._03325_,7.195µm
m.u_conv3.u_weights._07077_,7.195µm
m.u_conv3.u_weights._10438_,7.195µm
m.u_conv3.u_weights._10681_,7.195µm
m.u_conv3.u_weights._14553_,7.195µm
m.u_conv3.u_weights._08460_,7.19µm
m.u_conv3.u_weights._08626_,7.19µm
m.u_conv3.u_weights._12899_,7.19µm
m.u_conv3.u_weights._13737_,7.19µm
m.u_conv3._043_,7.185µm
m.u_conv3.u_weights._00387_,7.185µm
m.u_conv3.u_weights._15716_,7.185µm
net2703,7.185µm
m.u_conv3.u_weights._04245_,7.17µm
m.u_conv2._1212_,7.155µm
m.u_conv2._1215_,7.155µm
m.sram_req_mnist\[3\],7.15µm
m.u_conv1.conv_out1\[2\],7.15µm
m.u_conv1.loader_buffer\[6\],7.15µm
m.u_conv1.u_loader._348_,7.15µm
m.u_conv2._0898_,7.15µm
m.u_conv2._1064_,7.15µm
m.u_conv2._1122_,7.15µm
m.u_conv2._1217_,7.15µm
m.u_conv2._1549_,7.15µm
m.u_conv2.co\[2\],7.15µm
m.u_conv2.u_loader._405_,7.15µm
m.u_conv3._231_,7.15µm
m.u_conv3.u_weights._01188_,7.15µm
m.u_conv3.u_weights._01214_,7.15µm
m.u_conv3.u_weights._01371_,7.15µm
m.u_conv3.u_weights._01446_,7.15µm
m.u_conv3.u_weights._01814_,7.15µm
m.u_conv3.u_weights._02167_,7.15µm
m.u_conv3.u_weights._02326_,7.15µm
m.u_conv3.u_weights._02341_,7.15µm
m.u_conv3.u_weights._02965_,7.15µm
m.u_conv3.u_weights._02981_,7.15µm
m.u_conv3.u_weights._03864_,7.15µm
m.u_conv3.u_weights._04266_,7.15µm
m.u_conv3.u_weights._05356_,7.15µm
m.u_conv3.u_weights._05431_,7.15µm
m.u_conv3.u_weights._05554_,7.15µm
m.u_conv3.u_weights._05683_,7.15µm
m.u_conv3.u_weights._06025_,7.15µm
m.u_conv3.u_weights._07985_,7.15µm
m.u_conv3.u_weights._08324_,7.15µm
m.u_conv3.u_weights._09358_,7.15µm
m.u_conv3.u_weights._09414_,7.15µm
m.u_conv3.u_weights._09423_,7.15µm
m.u_conv3.u_weights._09987_,7.15µm
m.u_conv3.u_weights._10010_,7.15µm
m.u_conv3.u_weights._10400_,7.15µm
m.u_conv3.u_weights._11009_,7.15µm
m.u_conv3.u_weights._11908_,7.15µm
m.u_conv3.u_weights._12446_,7.15µm
m.u_conv3.u_weights._12576_,7.15µm
m.u_conv3.u_weights._12987_,7.15µm
m.u_conv3.u_weights._13003_,7.15µm
m.u_conv3.u_weights._13232_,7.15µm
m.u_conv3.u_weights._13548_,7.15µm
m.u_conv3.u_weights._13960_,7.15µm
m.u_conv3.u_weights._14295_,7.15µm
m.u_conv3.u_weights._14646_,7.15µm
m.u_conv3.u_weights._14861_,7.15µm
m.u_conv3.u_weights._15158_,7.15µm
m.u_conv3.u_weights._15250_,7.15µm
m.u_pool1._030_,7.15µm
m.u_pool2._017_,7.15µm
m.u_tree._0366_,7.15µm
m.u_tree._0741_,7.15µm
m.u_tree._0877_,7.15µm
m.u_tree._1065_,7.15µm
net2777,7.15µm
m.u_conv3.u_weights._09910_,7.145µm
m.u_conv1.u_loader._190_,7.14µm
m.u_conv2._0473_,7.14µm
m.u_conv2._0975_,7.14µm
m.u_conv2._1328_,7.14µm
m.u_conv2.acc\[11\]\[6\],7.14µm
m.u_conv2.acc\[37\]\[6\],7.14µm
m.u_conv2.acc\[45\]\[5\],7.14µm
m.u_conv2.acc\[47\]\[0\],7.14µm
m.u_conv2.acc\[54\]\[4\],7.14µm
m.u_conv2.u_weights._312_,7.14µm
m.u_conv3.u_weights._00135_,7.14µm
m.u_conv3.u_weights._00373_,7.14µm
m.u_conv3.u_weights._00988_,7.14µm
m.u_conv3.u_weights._01300_,7.14µm
m.u_conv3.u_weights._01484_,7.14µm
m.u_conv3.u_weights._02162_,7.14µm
m.u_conv3.u_weights._02859_,7.14µm
m.u_conv3.u_weights._03608_,7.14µm
m.u_conv3.u_weights._06222_,7.14µm
m.u_conv3.u_weights._06485_,7.14µm
m.u_conv3.u_weights._06841_,7.14µm
m.u_conv3.u_weights._07420_,7.14µm
m.u_conv3.u_weights._07561_,7.14µm
m.u_conv3.u_weights._07836_,7.14µm
m.u_conv3.u_weights._07862_,7.14µm
m.u_conv3.u_weights._10630_,7.14µm
m.u_conv3.u_weights._12265_,7.14µm
m.u_conv3.u_weights._12411_,7.14µm
m.u_conv3.u_weights._13208_,7.14µm
m.u_conv3.u_weights._13722_,7.14µm
m.u_conv3.u_weights._13864_,7.14µm
m.u_conv3.u_weights._14209_,7.14µm
m.u_conv3.u_weights._15104_,7.14µm
m.u_conv3.u_weights._15195_,7.14µm
m.u_pool2._033_,7.14µm
m.u_pool2._063_,7.14µm
m.u_conv2.u_weights._368_,7.135µm
m.u_conv3._127_,7.135µm
m.u_conv3.u_weights._02342_,7.135µm
m.u_conv3.u_weights._02920_,7.135µm
m.u_conv3.u_weights._03399_,7.135µm
m.u_conv3.u_weights._04094_,7.135µm
m.u_conv3.u_weights._04343_,7.135µm
m.u_conv3.u_weights._05172_,7.135µm
m.u_conv3.u_weights._05173_,7.135µm
m.u_conv3.u_weights._05347_,7.135µm
m.u_conv3.u_weights._09044_,7.135µm
m.u_conv3.u_weights._09534_,7.135µm
m.u_conv3.u_weights._09566_,7.135µm
m.u_conv3.u_weights._10700_,7.135µm
m.u_conv3.u_weights._10985_,7.135µm
m.u_conv3.u_weights._14106_,7.135µm
m.u_conv3.u_weights._14475_,7.135µm
m.u_tree._0417_,7.135µm
m.u_conv2._0159_,7.125µm
m.u_conv2._0338_,7.125µm
m.u_conv2.u_weights._334_,7.125µm
m.u_conv3.u_weights._00749_,7.125µm
m.u_tree._1333_,7.125µm
m.u_conv3.u_weights._01826_,7.11µm
m.u_conv3.u_weights._01155_,7.105µm
m.u_conv3.u_weights._07332_,7.105µm
m.u_conv3.u_weights._08631_,7.105µm
m.u_conv3.u_weights._11132_,7.105µm
m.u_conv3.u_weights._14624_,7.105µm
m.u_conv3.u_weights._00513_,7.1µm
m.u_conv3.u_weights._01655_,7.1µm
m.u_conv3.u_weights._01783_,7.1µm
m.u_conv3.u_weights._02582_,7.1µm
m.u_conv3.u_weights._02639_,7.1µm
m.u_conv3.u_weights._05474_,7.1µm
m.u_conv3.u_weights._06316_,7.1µm
m.u_conv3.u_weights._06586_,7.1µm
m.u_conv3.u_weights._07029_,7.1µm
m.u_conv3.u_weights._07158_,7.1µm
m.u_conv3.u_weights._08108_,7.1µm
m.u_conv3.u_weights._09202_,7.1µm
m.u_conv3.u_weights._09371_,7.1µm
m.u_conv3.u_weights._09714_,7.1µm
m.u_conv3.u_weights._09889_,7.1µm
m.u_conv3.u_weights._10491_,7.1µm
m.u_conv3.u_weights._10645_,7.1µm
m.u_conv3.u_weights._10953_,7.1µm
m.u_conv3.u_weights._11424_,7.1µm
m.u_conv3.u_weights._12047_,7.1µm
m.u_conv3.u_weights._12751_,7.1µm
m.u_conv3.u_weights._12802_,7.1µm
m.u_conv3.u_weights._13590_,7.1µm
m.u_conv3.u_weights._13979_,7.1µm
m.u_conv3.u_weights._14140_,7.1µm
m.u_conv3.u_weights._15108_,7.1µm
m.u_conv3.u_weights._15260_,7.1µm
m.u_conv3.u_weights._15380_,7.1µm
m.u_conv3.u_weights._15564_,7.1µm
m.u_conv3.u_weights._15603_,7.1µm
m.u_conv3.u_weights._15623_,7.1µm
m.u_pool1._192_,7.1µm
m.u_tree._0125_,7.1µm
m.u_tree._0606_,7.1µm
m.u_tree._1369_,7.1µm
m.u_conv3.u_weights._08216_,7.095µm
net2177,7.09µm
m.u_conv2._0527_,7.09µm
m.u_conv2.acc\[0\]\[5\],7.09µm
m.u_conv2.acc\[49\]\[3\],7.09µm
m.u_conv3.u_weights._00129_,7.09µm
m.u_conv3.u_weights._00851_,7.09µm
m.u_conv3.u_weights._02064_,7.09µm
m.u_conv3.u_weights._02351_,7.09µm
m.u_conv3.u_weights._02440_,7.09µm
m.u_conv3.u_weights._02571_,7.09µm
m.u_conv3.u_weights._03106_,7.09µm
m.u_conv3.u_weights._03645_,7.09µm
m.u_conv3.u_weights._03720_,7.09µm
m.u_conv3.u_weights._04797_,7.09µm
m.u_conv3.u_weights._05482_,7.09µm
m.u_conv3.u_weights._05580_,7.09µm
m.u_conv3.u_weights._06088_,7.09µm
m.u_conv3.u_weights._06215_,7.09µm
m.u_conv3.u_weights._06258_,7.09µm
m.u_conv3.u_weights._06716_,7.09µm
m.u_conv3.u_weights._07213_,7.09µm
m.u_conv3.u_weights._07228_,7.09µm
m.u_conv3.u_weights._07241_,7.09µm
m.u_conv3.u_weights._07394_,7.09µm
m.u_conv3.u_weights._08038_,7.09µm
m.u_conv3.u_weights._08230_,7.09µm
m.u_conv3.u_weights._08560_,7.09µm
m.u_conv3.u_weights._09483_,7.09µm
m.u_conv3.u_weights._09532_,7.09µm
m.u_conv3.u_weights._09673_,7.09µm
m.u_conv3.u_weights._10225_,7.09µm
m.u_conv3.u_weights._11032_,7.09µm
m.u_conv3.u_weights._11850_,7.09µm
m.u_conv3.u_weights._11856_,7.09µm
m.u_conv3.u_weights._12096_,7.09µm
m.u_conv3.u_weights._12390_,7.09µm
m.u_conv3.u_weights._13428_,7.09µm
m.u_conv3.u_weights._13739_,7.09µm
m.u_conv3.u_weights._14282_,7.09µm
m.u_conv3.u_weights._14516_,7.09µm
m.u_conv3.u_weights._14655_,7.09µm
m.u_conv3.u_weights._15530_,7.09µm
m.u_pool1._047_,7.09µm
m.u_tree._0422_,7.09µm
m.u_tree._0753_,7.09µm
net2171,7.09µm
net2591,7.09µm
m.u_conv3.u_weights._14761_,7.085µm
net2180,7.08µm
m.u_conv1.sram_req_load\[19\],7.08µm
m.u_conv1.u_weights._067_,7.08µm
m.u_conv1.u_weights._122_,7.08µm
m.u_conv1.u_weights._143_,7.08µm
m.u_conv2._0032_,7.08µm
m.u_conv2._0097_,7.08µm
m.u_conv2._0123_,7.08µm
m.u_conv2._0137_,7.08µm
m.u_conv2._0160_,7.08µm
m.u_conv2._0175_,7.08µm
m.u_conv2._0271_,7.08µm
m.u_conv2._0282_,7.08µm
m.u_conv2._0342_,7.08µm
m.u_conv2._0353_,7.08µm
m.u_conv2._0429_,7.08µm
m.u_conv2._0540_,7.08µm
m.u_conv2.acc\[10\]\[5\],7.08µm
m.u_conv2.acc\[19\]\[3\],7.08µm
m.u_conv2.acc\[31\]\[4\],7.08µm
m.u_conv2.acc\[36\]\[6\],7.08µm
m.u_conv3.u_weights._00281_,7.08µm
m.u_conv3.u_weights._00443_,7.08µm
m.u_conv3.u_weights._00631_,7.08µm
m.u_conv3.u_weights._00813_,7.08µm
m.u_conv3.u_weights._01319_,7.08µm
m.u_conv3.u_weights._03119_,7.08µm
m.u_conv3.u_weights._03244_,7.08µm
m.u_conv3.u_weights._03365_,7.08µm
m.u_conv3.u_weights._03597_,7.08µm
m.u_conv3.u_weights._03679_,7.08µm
m.u_conv3.u_weights._05503_,7.08µm
m.u_conv3.u_weights._05639_,7.08µm
m.u_conv3.u_weights._06224_,7.08µm
m.u_conv3.u_weights._06403_,7.08µm
m.u_conv3.u_weights._07253_,7.08µm
m.u_conv3.u_weights._07910_,7.08µm
m.u_conv3.u_weights._08553_,7.08µm
m.u_conv3.u_weights._11093_,7.08µm
m.u_conv3.u_weights._11204_,7.08µm
m.u_conv3.u_weights._11276_,7.08µm
m.u_conv3.u_weights._12331_,7.08µm
m.u_conv3.u_weights._12372_,7.08µm
m.u_conv3.u_weights._12628_,7.08µm
m.u_conv3.u_weights._12666_,7.08µm
m.u_conv3.u_weights._13395_,7.08µm
m.u_conv3.u_weights._14077_,7.08µm
m.u_conv3.u_weights._15097_,7.08µm
m.u_conv3.u_weights._15612_,7.08µm
m.u_pool2._173_,7.08µm
m.u_tree._0352_,7.08µm
m.u_tree._1211_,7.08µm
m.u_conv1._046_,7.075µm
m.u_conv2._1152_,7.075µm
m.u_conv3.u_weights._00042_,7.075µm
m.u_conv3.u_weights._00564_,7.075µm
m.u_conv3.u_weights._00735_,7.075µm
m.u_conv3.u_weights._01963_,7.075µm
m.u_conv3.u_weights._02116_,7.075µm
m.u_conv3.u_weights._03261_,7.075µm
m.u_conv3.u_weights._03315_,7.075µm
m.u_conv3.u_weights._03426_,7.075µm
m.u_conv3.u_weights._04715_,7.075µm
m.u_conv3.u_weights._04851_,7.075µm
m.u_conv3.u_weights._05032_,7.075µm
m.u_conv3.u_weights._05051_,7.075µm
m.u_conv3.u_weights._05880_,7.075µm
m.u_conv3.u_weights._05929_,7.075µm
m.u_conv3.u_weights._05953_,7.075µm
m.u_conv3.u_weights._06128_,7.075µm
m.u_conv3.u_weights._06639_,7.075µm
m.u_conv3.u_weights._06839_,7.075µm
m.u_conv3.u_weights._07136_,7.075µm
m.u_conv3.u_weights._08016_,7.075µm
m.u_conv3.u_weights._08201_,7.075µm
m.u_conv3.u_weights._08436_,7.075µm
m.u_conv3.u_weights._09086_,7.075µm
m.u_conv3.u_weights._09113_,7.075µm
m.u_conv3.u_weights._10796_,7.075µm
m.u_conv3.u_weights._11974_,7.075µm
m.u_conv3.u_weights._12387_,7.075µm
m.u_conv3.u_weights._12389_,7.075µm
m.u_conv3.u_weights._12391_,7.075µm
m.u_conv3.u_weights._12468_,7.075µm
m.u_conv3.u_weights._12476_,7.075µm
m.u_conv3.u_weights._12568_,7.075µm
m.u_conv3.u_weights._12584_,7.075µm
m.u_conv3.u_weights._12902_,7.075µm
m.u_conv3.u_weights._13123_,7.075µm
m.u_conv3.u_weights._13442_,7.075µm
m.u_conv3.u_weights._13807_,7.075µm
m.u_conv3.u_weights._14511_,7.075µm
m.u_conv3.u_weights._14590_,7.075µm
m.u_conv3.u_weights._14814_,7.075µm
m.u_conv3.u_weights._14900_,7.075µm
m.u_tree._0070_,7.075µm
m.u_tree._0623_,7.075µm
net2374,7.075µm
net2585,7.075µm
net2595,7.075µm
net2974,7.075µm
m.u_conv3.u_weights._00106_,7.07µm
m.u_conv3.u_weights._02297_,7.07µm
m.u_conv3.u_weights._00414_,7.065µm
m.u_conv3.u_weights._01198_,7.065µm
m.u_conv3.u_weights._02136_,7.06µm
m.u_conv3.u_weights._03268_,7.06µm
m.u_conv3.u_weights._03744_,7.06µm
m.u_conv3.u_weights._04316_,7.06µm
m.u_conv3.u_weights._04566_,7.06µm
m.u_conv3.u_weights._05179_,7.06µm
m.u_conv3.u_weights._05250_,7.06µm
m.u_conv3.u_weights._05273_,7.06µm
m.u_conv3.u_weights._06282_,7.06µm
m.u_conv3.u_weights._06854_,7.06µm
m.u_conv3.u_weights._07200_,7.06µm
m.u_conv3.u_weights._07974_,7.06µm
m.u_conv3.u_weights._08383_,7.06µm
m.u_conv3.u_weights._08423_,7.06µm
m.u_conv3.u_weights._09022_,7.06µm
m.u_conv3.u_weights._10623_,7.06µm
m.u_conv3.u_weights._11440_,7.06µm
m.u_conv3.u_weights._11996_,7.06µm
m.u_conv3.u_weights._13224_,7.06µm
m.u_conv3.u_weights._13834_,7.06µm
m.u_conv3.u_weights._14037_,7.06µm
m.u_conv3.u_weights._14082_,7.06µm
m.u_conv3.u_weights._14123_,7.06µm
m.u_conv3.u_weights._14284_,7.06µm
m.u_pool1._083_,7.06µm
net2068,7.06µm
m.u_conv3.u_weights._07988_,7.055µm
m.u_conv3.u_weights._12218_,7.05µm
m.u_pool1._016_,7.05µm
m.u_pool1._163_,7.05µm
m.u_conv3.u_weights._02288_,7.045µm
m.u_conv2._1069_,7.04µm
m.u_conv3.u_weights._01083_,7.04µm
m.u_conv3.u_weights._01901_,7.04µm
m.u_conv3.u_weights._02686_,7.04µm
m.u_conv3.u_weights._03269_,7.04µm
m.u_conv3.u_weights._05693_,7.04µm
m.u_conv3.u_weights._05959_,7.04µm
m.u_conv3.u_weights._07515_,7.04µm
m.u_conv3.u_weights._08646_,7.04µm
m.u_conv3.u_weights._09615_,7.04µm
m.u_conv3.u_weights._09999_,7.04µm
m.u_conv3.u_weights._12824_,7.04µm
m.u_conv3.u_weights._13050_,7.04µm
m.u_conv3.u_weights._13093_,7.04µm
m.u_conv3.u_weights._14075_,7.04µm
m.u_conv3.u_weights._15009_,7.04µm
m.u_conv3.u_weights._15690_,7.04µm
m.u_tree._0119_,7.04µm
m.u_tree._0219_,7.04µm
m.u_tree._1430_,7.04µm
m.u_conv3.u_weights._09831_,7.035µm
m.u_conv3.u_weights._15270_,7.035µm
m._122_,7.03µm
m.u_conv1._073_,7.03µm
m.u_conv2._0016_,7.03µm
m.u_conv2.acc\[11\]\[1\],7.03µm
m.u_conv2.u_weights._253_,7.03µm
m.u_conv3.u_weights._00824_,7.03µm
m.u_conv3.u_weights._01368_,7.03µm
m.u_conv3.u_weights._04279_,7.03µm
m.u_conv3.u_weights._08434_,7.03µm
m.u_conv3.u_weights._09366_,7.03µm
m.u_conv3.u_weights._09490_,7.03µm
m.u_conv3.u_weights._09926_,7.03µm
m.u_conv3.u_weights._10554_,7.03µm
m.u_conv3.u_weights._10780_,7.03µm
m.u_conv3.u_weights._10869_,7.03µm
m.u_conv3.u_weights._10912_,7.03µm
m.u_conv3.u_weights._11058_,7.03µm
m.u_conv3.u_weights._11237_,7.03µm
m.u_conv3.u_weights._11894_,7.03µm
m.u_conv3.u_weights._12504_,7.03µm
m.u_conv3.u_weights._14378_,7.03µm
m.u_conv3.u_weights._14581_,7.03µm
m.u_pool2._031_,7.03µm
m.u_tree._1488_,7.03µm
m.u_conv1._121_,7.02µm
m.u_conv2._0082_,7.02µm
m.u_conv2._0350_,7.02µm
m.u_conv2._1186_,7.02µm
m.u_conv3.u_weights._02152_,7.02µm
m.u_conv3.u_weights._06866_,7.02µm
m.u_conv3.u_weights._07832_,7.02µm
m.u_conv3.u_weights._11006_,7.02µm
m.u_conv3.u_weights._11110_,7.02µm
m.u_conv3.u_weights._11165_,7.02µm
m.u_conv3.u_weights._12613_,7.02µm
m.u_conv3.u_weights._12817_,7.02µm
m.u_conv3.u_weights._13443_,7.02µm
m.u_conv3.u_weights._13447_,7.02µm
m.u_conv3.u_weights._13961_,7.02µm
m.u_conv3.u_weights._14113_,7.02µm
m.u_conv3.u_weights._15046_,7.02µm
m.u_conv3.u_weights._15525_,7.02µm
m.u_pool2._034_,7.02µm
m.u_tree._0164_,7.02µm
m.u_tree._0553_,7.02µm
m.u_conv2._0660_,7.015µm
m.u_conv3.u_weights._00016_,7.015µm
m.u_conv3.u_weights._02966_,7.015µm
m.u_conv3.u_weights._03197_,7.015µm
m.u_conv3.u_weights._03386_,7.015µm
m.u_conv3.u_weights._05123_,7.015µm
m.u_conv3.u_weights._06446_,7.015µm
m.u_conv3.u_weights._06814_,7.015µm
m.u_conv3.u_weights._07056_,7.015µm
m.u_conv3.u_weights._07603_,7.015µm
m.u_conv3.u_weights._10838_,7.015µm
m.u_conv3.u_weights._11978_,7.015µm
m.u_conv3.u_weights._14398_,7.015µm
m.u_conv3.u_weights._14709_,7.015µm
m.u_conv3.u_weights._15296_,7.015µm
m.u_conv3.u_weights._15643_,7.015µm
m.u_conv3.u_weights._05475_,7.01µm
m.u_conv3.u_weights._12887_,7.01µm
m.u_conv3.u_weights._14979_,7.01µm
m.u_conv3.u_weights._04651_,7µm
m.u_conv3.u_weights._00440_,6.995µm
m.u_conv3.u_weights._05654_,6.995µm
m.u_conv3.u_weights._06327_,6.995µm
m.u_conv3.u_weights._08582_,6.995µm
m.u_conv3.u_weights._14388_,6.995µm
m.u_conv3.u_weights._15095_,6.995µm
m.u_conv3.u_weights._15518_,6.995µm
m.u_conv3.u_weights._14437_,6.99µm
m.u_conv3.u_weights._09634_,6.985µm
m.u_conv3.u_weights._12358_,6.985µm
net2544,6.985µm
m.u_conv1.u_loader._053_,6.98µm
m.u_conv2._1132_,6.98µm
m.u_conv2._1165_,6.98µm
m.u_conv2._1173_,6.98µm
m.u_conv2._1524_,6.98µm
m.u_conv2.u_loader._083_,6.98µm
m.u_conv2.u_loader._164_,6.98µm
m.u_conv3._245_,6.98µm
m.u_conv3.u_weights._00071_,6.98µm
m.u_conv3.u_weights._00433_,6.98µm
m.u_conv3.u_weights._00738_,6.98µm
m.u_conv3.u_weights._01471_,6.98µm
m.u_conv3.u_weights._01752_,6.98µm
m.u_conv3.u_weights._02211_,6.98µm
m.u_conv3.u_weights._02244_,6.98µm
m.u_conv3.u_weights._02445_,6.98µm
m.u_conv3.u_weights._02744_,6.98µm
m.u_conv3.u_weights._04655_,6.98µm
m.u_conv3.u_weights._04807_,6.98µm
m.u_conv3.u_weights._04850_,6.98µm
m.u_conv3.u_weights._04901_,6.98µm
m.u_conv3.u_weights._05457_,6.98µm
m.u_conv3.u_weights._06688_,6.98µm
m.u_conv3.u_weights._07323_,6.98µm
m.u_conv3.u_weights._07380_,6.98µm
m.u_conv3.u_weights._07576_,6.98µm
m.u_conv3.u_weights._07760_,6.98µm
m.u_conv3.u_weights._07996_,6.98µm
m.u_conv3.u_weights._08219_,6.98µm
m.u_conv3.u_weights._08459_,6.98µm
m.u_conv3.u_weights._09264_,6.98µm
m.u_conv3.u_weights._09306_,6.98µm
m.u_conv3.u_weights._09373_,6.98µm
m.u_conv3.u_weights._09924_,6.98µm
m.u_conv3.u_weights._10631_,6.98µm
m.u_conv3.u_weights._10781_,6.98µm
m.u_conv3.u_weights._11414_,6.98µm
m.u_conv3.u_weights._11495_,6.98µm
m.u_conv3.u_weights._13542_,6.98µm
m.u_conv3.u_weights._13567_,6.98µm
m.u_conv3.u_weights._13750_,6.98µm
m.u_conv3.u_weights._13816_,6.98µm
m.u_conv3.u_weights._14120_,6.98µm
m.u_conv3.u_weights._14896_,6.98µm
m.u_conv3.u_weights._15297_,6.98µm
m.u_mnist_loader._23_,6.98µm
net2394,6.98µm
net2432,6.98µm
net2483,6.98µm
net2541,6.98µm
net2577,6.98µm
net2644,6.98µm
net2712,6.98µm
net2726,6.98µm
net2736,6.98µm
net2749,6.98µm
net2988,6.98µm
net3019,6.98µm
m.u_conv3.u_weights._04330_,6.975µm
m.u_conv3.u_weights._08464_,6.975µm
m.u_conv3.u_weights._09331_,6.975µm
m.u_conv3.u_weights._12511_,6.975µm
net2147,6.97µm
m.u_conv1.u_loader._150_,6.97µm
m.u_conv2._0103_,6.97µm
m.u_conv2._0200_,6.97µm
m.u_conv2._0343_,6.97µm
m.u_conv2._0396_,6.97µm
m.u_conv2._0400_,6.97µm
m.u_conv2._0414_,6.97µm
m.u_conv2._0832_,6.97µm
m.u_conv2._0848_,6.97µm
m.u_conv2.acc\[42\]\[4\],6.97µm
m.u_conv2.acc\[63\]\[6\],6.97µm
net2137,6.97µm
m.u_conv2.u_loader._013_,6.97µm
m.u_conv2.u_loader._162_,6.97µm
m.u_conv2.u_loader._292_,6.97µm
m.u_conv2.u_weights._278_,6.97µm
m.u_conv3.u_weights._00039_,6.97µm
m.u_conv3.u_weights._01029_,6.97µm
m.u_conv3.u_weights._01659_,6.97µm
m.u_conv3.u_weights._01824_,6.97µm
m.u_conv3.u_weights._02682_,6.97µm
m.u_conv3.u_weights._03251_,6.97µm
m.u_conv3.u_weights._03302_,6.97µm
m.u_conv3.u_weights._04768_,6.97µm
m.u_conv3.u_weights._04871_,6.97µm
m.u_conv3.u_weights._04977_,6.97µm
m.u_conv3.u_weights._06106_,6.97µm
m.u_conv3.u_weights._06221_,6.97µm
m.u_conv3.u_weights._06375_,6.97µm
m.u_conv3.u_weights._06746_,6.97µm
m.u_conv3.u_weights._07427_,6.97µm
m.u_conv3.u_weights._07663_,6.97µm
m.u_conv3.u_weights._07912_,6.97µm
m.u_conv3.u_weights._08302_,6.97µm
m.u_conv3.u_weights._08371_,6.97µm
m.u_conv3.u_weights._09092_,6.97µm
m.u_conv3.u_weights._09192_,6.97µm
m.u_conv3.u_weights._09655_,6.97µm
m.u_conv3.u_weights._10434_,6.97µm
m.u_conv3.u_weights._10577_,6.97µm
m.u_conv3.u_weights._11645_,6.97µm
m.u_conv3.u_weights._11993_,6.97µm
m.u_conv3.u_weights._12748_,6.97µm
m.u_conv3.u_weights._13136_,6.97µm
m.u_conv3.u_weights._13280_,6.97µm
m.u_conv3.u_weights._13343_,6.97µm
m.u_conv3.u_weights._14684_,6.97µm
m.u_conv3.u_weights._14842_,6.97µm
m.u_conv3.u_weights._14907_,6.97µm
m.u_conv3.u_weights._14992_,6.97µm
m.u_conv3.u_weights._15002_,6.97µm
m.u_conv3.u_weights._15039_,6.97µm
m.u_pool1._123_,6.97µm
m.u_tree._0643_,6.97µm
net2922,6.97µm
net2932,6.97µm
m.u_conv2._0480_,6.965µm
m.u_conv3.u_weights._01632_,6.965µm
m.u_conv3.u_weights._02367_,6.965µm
m.u_conv3.u_weights._03236_,6.965µm
m.u_conv3.u_weights._03323_,6.965µm
m.u_conv3.u_weights._04284_,6.965µm
m.u_conv3.u_weights._04378_,6.965µm
m.u_conv3.u_weights._04499_,6.965µm
m.u_conv3.u_weights._06265_,6.965µm
m.u_conv3.u_weights._07117_,6.965µm
m.u_conv3.u_weights._07549_,6.965µm
m.u_conv3.u_weights._07854_,6.965µm
m.u_conv3.u_weights._08974_,6.965µm
m.u_conv3.u_weights._09485_,6.965µm
m.u_conv3.u_weights._09677_,6.965µm
m.u_conv3.u_weights._10375_,6.965µm
m.u_conv3.u_weights._10712_,6.965µm
m.u_conv3.u_weights._10778_,6.965µm
m.u_conv3.u_weights._11490_,6.965µm
m.u_conv3.u_weights._12245_,6.965µm
m.u_conv3.u_weights._12313_,6.965µm
m.u_conv3.u_weights._12723_,6.965µm
m.u_conv3.u_weights._12811_,6.965µm
m.u_conv3.u_weights._13211_,6.965µm
m.u_conv3.u_weights._13573_,6.965µm
m.u_conv3.u_weights._14018_,6.965µm
m.u_conv3.u_weights._14265_,6.965µm
m.u_tree._0808_,6.965µm
m.u_conv1.u_weights._079_,6.96µm
m.u_conv2._0360_,6.96µm
m.u_conv2._0458_,6.96µm
m.u_conv2.u_loader._401_,6.96µm
m.u_conv3._014_,6.96µm
m.u_conv3._220_,6.96µm
m.u_conv3.u_weights._02844_,6.96µm
m.u_conv3.u_weights._02969_,6.96µm
m.u_conv3.u_weights._03585_,6.96µm
m.u_conv3.u_weights._03915_,6.96µm
m.u_conv3.u_weights._04464_,6.96µm
m.u_conv3.u_weights._05008_,6.96µm
m.u_conv3.u_weights._07024_,6.96µm
m.u_conv3.u_weights._08540_,6.96µm
m.u_conv3.u_weights._09193_,6.96µm
m.u_conv3.u_weights._09843_,6.96µm
m.u_conv3.u_weights._10298_,6.96µm
m.u_conv3.u_weights._10958_,6.96µm
m.u_conv3.u_weights._11075_,6.96µm
m.u_conv3.u_weights._11280_,6.96µm
m.u_conv3.u_weights._12454_,6.96µm
m.u_conv3.u_weights._13233_,6.96µm
m.u_conv3.u_weights._14899_,6.96µm
m.u_conv3.u_weights._15538_,6.96µm
m.u_tree._0111_,6.96µm
m.u_tree._1317_,6.96µm
net1940,6.96µm
net1951,6.96µm
net2031,6.96µm
net2086,6.96µm
net2134,6.96µm
m.u_conv3.u_weights._07073_,6.955µm
m.u_conv3.u_weights._07685_,6.955µm
m.u_conv3.u_weights._11417_,6.955µm
m.u_tree._1221_,6.955µm
m.u_tree._1484_,6.955µm
m.u_conv3.u_weights._00979_,6.95µm
m.u_conv3.u_weights._11428_,6.945µm
m.u_conv3.u_weights._14216_,6.945µm
m.u_conv3.u_weights._07575_,6.94µm
m.u_conv3.u_weights._15375_,6.94µm
m.u_conv3.u_weights._01244_,6.935µm
m.u_conv3.u_weights._07807_,6.935µm
m.u_conv3.u_weights._03184_,6.925µm
m.u_conv3.u_weights._08290_,6.925µm
m.u_conv3.u_weights._00576_,6.92µm
m.u_conv3.u_weights._00623_,6.92µm
m.u_conv3.u_weights._00628_,6.92µm
m.u_conv3.u_weights._01844_,6.92µm
m.u_conv3.u_weights._04622_,6.92µm
m.u_conv3.u_weights._04916_,6.92µm
m.u_conv3.u_weights._05628_,6.92µm
m.u_conv3.u_weights._10216_,6.92µm
m.u_conv3.u_weights._12296_,6.92µm
m.u_conv3.u_weights._12769_,6.92µm
m.u_conv3.u_weights._15120_,6.92µm
m.sram_req_conv1\[10\],6.91µm
m.u_conv1.u_loader._443_,6.91µm
m.u_conv2._0225_,6.91µm
m.u_conv2._1537_,6.91µm
m.u_conv3.u_weights._00455_,6.91µm
m.u_conv3.u_weights._00547_,6.91µm
m.u_conv3.u_weights._03449_,6.91µm
m.u_conv3.u_weights._10817_,6.91µm
m.u_conv3.u_weights._13693_,6.91µm
m.u_conv3.u_weights._14724_,6.91µm
m.u_conv3.u_weights._15326_,6.91µm
m.u_conv3.u_weights._01084_,6.905µm
m.u_conv3.u_weights._01311_,6.905µm
m.u_conv3.u_weights._03196_,6.905µm
m.u_conv3.u_weights._07504_,6.905µm
m.u_conv3.u_weights._07542_,6.905µm
m.u_conv3.u_weights._11407_,6.905µm
m.u_conv3.u_weights._13793_,6.905µm
m.u_conv3.u_weights._15327_,6.905µm
m.u_tree._1049_,6.905µm
m.u_conv2.u_weights._154_,6.9µm
m.u_conv3.u_weights._05199_,6.9µm
m.u_conv3.u_weights._06256_,6.9µm
m.u_pool2._083_,6.9µm
m.u_tree._0037_,6.9µm
m.u_tree._0181_,6.9µm
m.u_conv3.u_weights._07648_,6.895µm
m.u_tree._0243_,6.895µm
m.u_conv3.u_weights._07341_,6.89µm
m.u_conv3.u_weights._14192_,6.885µm
m.u_conv3.u_weights._14436_,6.885µm
m.u_conv3.u_weights._02318_,6.88µm
m.u_conv3.u_weights._03200_,6.88µm
m.u_tree._0899_,6.88µm
m.u_conv2._0525_,6.87µm
m.u_conv3.u_weights._02487_,6.87µm
m.u_conv3.u_weights._03804_,6.87µm
m.u_conv3.u_weights._04189_,6.87µm
m.u_conv3.u_weights._05827_,6.87µm
m.u_conv3.u_weights._09849_,6.87µm
m.u_conv3.u_weights._12664_,6.87µm
m.u_conv3.u_weights._14002_,6.87µm
m.u_conv3.u_weights._14262_,6.87µm
m.u_conv3.u_weights._15283_,6.87µm
m.u_conv3.u_weights._11454_,6.865µm
m.u_conv3.u_weights._04329_,6.86µm
m.u_conv3.u_weights._04944_,6.86µm
m.u_conv3.u_weights._05291_,6.86µm
m.u_conv3.u_weights._05764_,6.86µm
m.u_conv3.u_weights._05848_,6.86µm
m.u_conv3.u_weights._09360_,6.86µm
m.u_conv3.u_weights._13785_,6.86µm
m.u_conv3.u_weights._13985_,6.86µm
m.u_conv3.u_weights._14847_,6.86µm
m.u_conv3.u_weights._05315_,6.855µm
m.u_conv2.u_weights._239_,6.85µm
m.u_conv2.u_weights._303_,6.85µm
m.u_conv3.u_weights._07401_,6.85µm
m.u_conv3.u_weights._07748_,6.85µm
m.u_conv3.u_weights._09730_,6.85µm
m.u_conv3.u_weights._12408_,6.85µm
m.u_conv3.u_weights._12557_,6.85µm
m.u_conv3.u_weights._13196_,6.85µm
m.u_conv3.u_weights._13473_,6.85µm
m.u_conv1._101_,6.84µm
m.u_conv1.u_weights._165_,6.84µm
m.u_conv3.u_weights._00255_,6.84µm
m.u_conv3.u_weights._01494_,6.84µm
m.u_conv3.u_weights._02400_,6.84µm
m.u_conv3.u_weights._02416_,6.84µm
m.u_conv3.u_weights._02823_,6.84µm
m.u_conv3.u_weights._03705_,6.84µm
m.u_conv3.u_weights._04634_,6.84µm
m.u_conv3.u_weights._04867_,6.84µm
m.u_conv3.u_weights._07157_,6.84µm
m.u_conv3.u_weights._07769_,6.84µm
m.u_conv3.u_weights._08925_,6.84µm
m.u_conv3.u_weights._09587_,6.84µm
m.u_conv3.u_weights._10665_,6.84µm
m.u_conv3.u_weights._15731_,6.84µm
m.u_tree._0992_,6.84µm
net2053,6.84µm
m.u_conv1.u_loader._277_,6.825µm
m.u_conv2._1538_,6.825µm
m.u_conv3.u_weights._01073_,6.825µm
m.u_conv3.u_weights._09476_,6.825µm
m.u_tree._0215_,6.825µm
m.u_conv3.u_weights._01475_,6.81µm
m.u_conv3.u_weights._04677_,6.81µm
m.u_conv3.u_weights._02898_,6.805µm
m.u_conv3.u_weights._04228_,6.8µm
m.u_conv3.u_weights._07782_,6.8µm
m.u_conv3.u_weights._11047_,6.8µm
m.u_conv3.u_weights._13512_,6.8µm
m.u_conv2._0033_,6.79µm
m.u_conv2._0179_,6.79µm
m.u_conv2._0263_,6.79µm
m.u_conv2._0319_,6.79µm
m.u_conv2._0409_,6.79µm
m.u_conv3.u_weights._03066_,6.79µm
m.u_conv3.u_weights._14099_,6.79µm
net2939,6.79µm
net3020,6.79µm
m.u_conv1.u_loader._081_,6.78µm
m.u_conv1.u_loader._136_,6.78µm
m.u_conv1.u_loader._146_,6.78µm
m.u_conv1.u_loader.state\[5\],6.78µm
m.u_conv2._0757_,6.78µm
m.u_conv2._1232_,6.78µm
m.u_conv2._1338_,6.78µm
m.u_conv2._1490_,6.78µm
m.u_conv2._1513_,6.78µm
m.u_conv2._1572_,6.78µm
m.u_conv3.u_weights._01340_,6.78µm
m.u_conv3.u_weights._01381_,6.78µm
m.u_conv3.u_weights._01413_,6.78µm
m.u_conv3.u_weights._01678_,6.78µm
m.u_conv3.u_weights._01792_,6.78µm
m.u_conv3.u_weights._02243_,6.78µm
m.u_conv3.u_weights._02350_,6.78µm
m.u_conv3.u_weights._02430_,6.78µm
m.u_conv3.u_weights._02677_,6.78µm
m.u_conv3.u_weights._02978_,6.78µm
m.u_conv3.u_weights._03222_,6.78µm
m.u_conv3.u_weights._03708_,6.78µm
m.u_conv3.u_weights._04097_,6.78µm
m.u_conv3.u_weights._04112_,6.78µm
m.u_conv3.u_weights._04574_,6.78µm
m.u_conv3.u_weights._05382_,6.78µm
m.u_conv3.u_weights._05507_,6.78µm
m.u_conv3.u_weights._08740_,6.78µm
m.u_conv3.u_weights._10264_,6.78µm
m.u_conv3.u_weights._10350_,6.78µm
m.u_conv3.u_weights._10444_,6.78µm
m.u_conv3.u_weights._10487_,6.78µm
m.u_conv3.u_weights._10788_,6.78µm
m.u_conv3.u_weights._10879_,6.78µm
m.u_conv3.u_weights._10929_,6.78µm
m.u_conv3.u_weights._11368_,6.78µm
m.u_conv3.u_weights._11708_,6.78µm
m.u_conv3.u_weights._12166_,6.78µm
m.u_conv3.u_weights._12428_,6.78µm
m.u_conv3.u_weights._12890_,6.78µm
m.u_conv3.u_weights._12911_,6.78µm
m.u_conv3.u_weights._13396_,6.78µm
m.u_conv3.u_weights._13438_,6.78µm
m.u_conv3.u_weights._13449_,6.78µm
m.u_conv3.u_weights._13725_,6.78µm
m.u_conv3.u_weights._13746_,6.78µm
m.u_conv3.u_weights._13938_,6.78µm
m.u_conv3.u_weights._14240_,6.78µm
m.u_conv3.u_weights._14469_,6.78µm
m.u_conv3.u_weights._14698_,6.78µm
m.u_conv3.u_weights._14740_,6.78µm
m.u_conv3.u_weights._15192_,6.78µm
m.u_conv3.u_weights._15553_,6.78µm
m.u_pool1._211_,6.78µm
m.u_pool2._159_,6.78µm
m.u_tree._1140_,6.78µm
m.u_tree._1296_,6.78µm
m.u_tree._1346_,6.78µm
net1961,6.78µm
net2764,6.78µm
m.u_conv2._1427_,6.765µm
m.u_conv3.u_weights._01987_,6.765µm
m.u_conv3.u_weights._02890_,6.765µm
m.u_conv3.u_weights._06538_,6.765µm
m.u_conv3.u_weights._02213_,6.76µm
m.u_conv3.u_weights._06001_,6.755µm
m.u_conv3.u_weights._09729_,6.75µm
m.u_conv3.u_weights._09781_,6.75µm
m.u_conv3.u_weights._10233_,6.75µm
m.u_conv3.u_weights._04482_,6.745µm
m.u_conv3.u_weights._07345_,6.74µm
m.u_conv1.u_loader._189_,6.73µm
m.u_conv1.u_loader._238_,6.73µm
m.u_conv2._0223_,6.73µm
m.u_conv2._0392_,6.73µm
m.u_conv2._0500_,6.73µm
m.u_conv2._0939_,6.73µm
m.u_conv3.u_weights._00097_,6.73µm
m.u_conv3.u_weights._00247_,6.73µm
m.u_conv3.u_weights._01204_,6.73µm
m.u_conv3.u_weights._01906_,6.73µm
m.u_conv3.u_weights._02018_,6.73µm
m.u_conv3.u_weights._02473_,6.73µm
m.u_conv3.u_weights._03294_,6.73µm
m.u_conv3.u_weights._03849_,6.73µm
m.u_conv3.u_weights._05063_,6.73µm
m.u_conv3.u_weights._05329_,6.73µm
m.u_conv3.u_weights._05441_,6.73µm
m.u_conv3.u_weights._06177_,6.73µm
m.u_conv3.u_weights._07566_,6.73µm
m.u_conv3.u_weights._07694_,6.73µm
m.u_conv3.u_weights._07818_,6.73µm
m.u_conv3.u_weights._08690_,6.73µm
m.u_conv3.u_weights._10526_,6.73µm
m.u_conv3.u_weights._11192_,6.73µm
m.u_conv3.u_weights._11932_,6.73µm
m.u_conv3.u_weights._12711_,6.73µm
m.u_conv3.u_weights._12896_,6.73µm
m.u_conv3.u_weights._13972_,6.73µm
m.u_conv3.u_weights._14195_,6.73µm
m.u_conv3.u_weights._14454_,6.73µm
m.u_conv3.u_weights._14819_,6.73µm
m.u_conv3.u_weights._14877_,6.73µm
m.u_conv3.u_weights._15096_,6.73µm
m.u_tree._0261_,6.73µm
m.u_tree._0622_,6.73µm
m.u_tree._0840_,6.73µm
m.u_tree._0879_,6.73µm
m.u_tree._0948_,6.73µm
m.u_tree._1183_,6.73µm
m.u_tree._1396_,6.73µm
net2776,6.73µm
net2911,6.73µm
net2981,6.73µm
net2156,6.72µm
m.u_conv1.u_loader._340_,6.72µm
m.u_conv1.u_weights._024_,6.72µm
m.u_conv2._0897_,6.72µm
m.u_conv2.acc\[25\]\[0\],6.72µm
m.u_conv2.acc\[47\]\[1\],6.72µm
m.u_conv2.u_weights._339_,6.72µm
m.u_conv3._152_,6.72µm
m.u_conv3.u_weights._00533_,6.72µm
m.u_conv3.u_weights._01007_,6.72µm
m.u_conv3.u_weights._01109_,6.72µm
m.u_conv3.u_weights._01639_,6.72µm
m.u_conv3.u_weights._01667_,6.72µm
m.u_conv3.u_weights._02650_,6.72µm
m.u_conv3.u_weights._03140_,6.72µm
m.u_conv3.u_weights._04263_,6.72µm
m.u_conv3.u_weights._05590_,6.72µm
m.u_conv3.u_weights._06462_,6.72µm
m.u_conv3.u_weights._06707_,6.72µm
m.u_conv3.u_weights._07510_,6.72µm
m.u_conv3.u_weights._07528_,6.72µm
m.u_conv3.u_weights._07625_,6.72µm
m.u_conv3.u_weights._08388_,6.72µm
m.u_conv3.u_weights._09099_,6.72µm
m.u_conv3.u_weights._10239_,6.72µm
m.u_conv3.u_weights._10456_,6.72µm
m.u_conv3.u_weights._10830_,6.72µm
m.u_conv3.u_weights._11143_,6.72µm
m.u_conv3.u_weights._11922_,6.72µm
m.u_conv3.u_weights._12092_,6.72µm
m.u_conv3.u_weights._12858_,6.72µm
m.u_conv3.u_weights._15452_,6.72µm
m.u_tree._0657_,6.72µm
m.u_tree._0822_,6.72µm
net2008,6.72µm
m.u_conv3.u_weights._05923_,6.715µm
m.u_conv3.u_weights._09812_,6.715µm
m.u_conv3.u_weights._10914_,6.715µm
m.u_conv3.u_weights._11831_,6.715µm
m.u_conv3.u_weights._14210_,6.715µm
m.u_tree._1061_,6.715µm
m.u_conv3.u_weights._10777_,6.705µm
m.u_conv3.u_weights._11371_,6.705µm
m.u_conv3.u_weights._11459_,6.705µm
m.u_conv3.u_weights._13903_,6.705µm
m.u_conv3.u_weights._09257_,6.7µm
m.u_conv3.u_weights._14531_,6.7µm
m.u_conv3.u_weights._15676_,6.7µm
m.u_conv3.u_weights._12782_,6.69µm
m.u_conv3.u_weights._08247_,6.68µm
m.u_conv3.u_weights._11438_,6.675µm
m.u_conv1.u_loader._257_,6.67µm
m.u_conv1.u_loader._292_,6.67µm
m.u_conv2._0141_,6.67µm
m.u_conv2._0335_,6.67µm
m.u_conv2._0339_,6.67µm
m.u_conv2._0973_,6.67µm
m.u_conv2._1121_,6.67µm
m.u_conv2.u_loader._020_,6.67µm
m.u_conv2.u_loader._024_,6.67µm
m.u_conv2.u_loader._026_,6.67µm
m.u_conv2.u_loader._374_,6.67µm
m.u_conv3.u_weights._00052_,6.67µm
m.u_conv3.u_weights._00133_,6.67µm
m.u_conv3.u_weights._00750_,6.67µm
m.u_conv3.u_weights._01208_,6.67µm
m.u_conv3.u_weights._01478_,6.67µm
m.u_conv3.u_weights._01546_,6.67µm
m.u_conv3.u_weights._01994_,6.67µm
m.u_conv3.u_weights._03305_,6.67µm
m.u_conv3.u_weights._04050_,6.67µm
m.u_conv3.u_weights._04150_,6.67µm
m.u_conv3.u_weights._04708_,6.67µm
m.u_conv3.u_weights._04838_,6.67µm
m.u_conv3.u_weights._04841_,6.67µm
m.u_conv3.u_weights._05119_,6.67µm
m.u_conv3.u_weights._05804_,6.67µm
m.u_conv3.u_weights._05933_,6.67µm
m.u_conv3.u_weights._06402_,6.67µm
m.u_conv3.u_weights._06551_,6.67µm
m.u_conv3.u_weights._06638_,6.67µm
m.u_conv3.u_weights._06643_,6.67µm
m.u_conv3.u_weights._06703_,6.67µm
m.u_conv3.u_weights._06912_,6.67µm
m.u_conv3.u_weights._07102_,6.67µm
m.u_conv3.u_weights._07116_,6.67µm
m.u_conv3.u_weights._07120_,6.67µm
m.u_conv3.u_weights._07181_,6.67µm
m.u_conv3.u_weights._07424_,6.67µm
m.u_conv3.u_weights._07438_,6.67µm
m.u_conv3.u_weights._07516_,6.67µm
m.u_conv3.u_weights._08331_,6.67µm
m.u_conv3.u_weights._08399_,6.67µm
m.u_conv3.u_weights._08721_,6.67µm
m.u_conv3.u_weights._08996_,6.67µm
m.u_conv3.u_weights._09405_,6.67µm
m.u_conv3.u_weights._09600_,6.67µm
m.u_conv3.u_weights._09690_,6.67µm
m.u_conv3.u_weights._09691_,6.67µm
m.u_conv3.u_weights._10172_,6.67µm
m.u_conv3.u_weights._10346_,6.67µm
m.u_conv3.u_weights._10519_,6.67µm
m.u_conv3.u_weights._10973_,6.67µm
m.u_conv3.u_weights._11282_,6.67µm
m.u_conv3.u_weights._11854_,6.67µm
m.u_conv3.u_weights._12063_,6.67µm
m.u_conv3.u_weights._12095_,6.67µm
m.u_conv3.u_weights._12466_,6.67µm
m.u_conv3.u_weights._12663_,6.67µm
m.u_conv3.u_weights._12842_,6.67µm
m.u_conv3.u_weights._13005_,6.67µm
m.u_conv3.u_weights._13165_,6.67µm
m.u_conv3.u_weights._13436_,6.67µm
m.u_conv3.u_weights._13777_,6.67µm
m.u_conv3.u_weights._13980_,6.67µm
m.u_conv3.u_weights._14055_,6.67µm
m.u_conv3.u_weights._14311_,6.67µm
m.u_conv3.u_weights._14336_,6.67µm
m.u_conv3.u_weights._14372_,6.67µm
m.u_conv3.u_weights._14419_,6.67µm
m.u_conv3.u_weights._15005_,6.67µm
m.u_conv3.u_weights._15286_,6.67µm
m.u_conv3.u_weights._15348_,6.67µm
m.u_conv3.u_weights._15359_,6.67µm
m.u_conv3.u_weights._15523_,6.67µm
m.u_pool1._135_,6.67µm
m.u_pool1._235_,6.67µm
m.u_pool2._049_,6.67µm
m.u_pool2._068_,6.67µm
m.u_pool2._121_,6.67µm
m.u_pool2._157_,6.67µm
m.u_tree._0080_,6.67µm
m.u_tree._0670_,6.67µm
m.u_tree._0897_,6.67µm
m.u_tree._1090_,6.67µm
m.u_tree._1293_,6.67µm
m.u_tree._1413_,6.67µm
net2695,6.67µm
net2853,6.67µm
m.sram_req_mnist\[4\],6.66µm
m.u_conv2.acc\[33\]\[2\],6.66µm
m.u_conv2.u_loader._178_,6.66µm
m.u_conv2.u_loader._200_,6.66µm
m.u_conv3.u_weights._02309_,6.66µm
m.u_conv3.u_weights._03103_,6.66µm
m.u_conv3.u_weights._03203_,6.66µm
m.u_conv3.u_weights._03712_,6.66µm
m.u_conv3.u_weights._06732_,6.66µm
m.u_conv3.u_weights._06777_,6.66µm
m.u_conv3.u_weights._06811_,6.66µm
m.u_conv3.u_weights._07361_,6.66µm
m.u_conv3.u_weights._08025_,6.66µm
m.u_conv3.u_weights._08782_,6.66µm
m.u_conv3.u_weights._11967_,6.66µm
m.u_conv3.u_weights._12220_,6.66µm
m.u_conv3.u_weights._12302_,6.66µm
m.u_conv3.u_weights._13167_,6.66µm
m.u_conv3.u_weights._13956_,6.66µm
m.u_conv3.u_weights._14982_,6.66µm
m.u_conv3.u_weights._15240_,6.66µm
m.u_tree._1515_,6.66µm
net2816,6.66µm
m.u_conv3.u_weights._00270_,6.655µm
m.u_conv3.u_weights._01657_,6.655µm
m.u_conv3.u_weights._02185_,6.655µm
m.u_conv3.u_weights._05991_,6.655µm
m.u_conv3.u_weights._09774_,6.655µm
m.u_conv3.u_weights._10867_,6.655µm
m.u_conv3.u_weights._11911_,6.655µm
m.u_conv3.u_weights._11925_,6.655µm
m.u_conv3.u_weights._13675_,6.655µm
m.u_conv3.u_weights._15576_,6.655µm
m.u_tree._0976_,6.655µm
m.u_conv3.u_weights._00789_,6.645µm
m.u_conv3.u_weights._01718_,6.645µm
m.u_conv3._077_,6.64µm
m._080_,6.635µm
m.u_conv3.u_weights._04896_,6.63µm
m.u_conv3.u_weights._04531_,6.625µm
m.u_conv3.u_weights._04656_,6.625µm
m.u_conv3.u_weights._05310_,6.625µm
m.u_conv2._0493_,6.62µm
m.u_conv2.u_loader._192_,6.62µm
m.u_conv3.u_weights._00296_,6.62µm
m.u_conv3.u_weights._00563_,6.62µm
m.u_conv3.u_weights._00716_,6.62µm
m.u_conv3.u_weights._00740_,6.62µm
m.u_conv3.u_weights._01373_,6.62µm
m.u_conv3.u_weights._01557_,6.62µm
m.u_conv3.u_weights._01607_,6.62µm
m.u_conv3.u_weights._01700_,6.62µm
m.u_conv3.u_weights._03051_,6.62µm
m.u_conv3.u_weights._03198_,6.62µm
m.u_conv3.u_weights._04024_,6.62µm
m.u_conv3.u_weights._04327_,6.62µm
m.u_conv3.u_weights._04788_,6.62µm
m.u_conv3.u_weights._05024_,6.62µm
m.u_conv3.u_weights._06100_,6.62µm
m.u_conv3.u_weights._06512_,6.62µm
m.u_conv3.u_weights._06583_,6.62µm
m.u_conv3.u_weights._06653_,6.62µm
m.u_conv3.u_weights._06900_,6.62µm
m.u_conv3.u_weights._06931_,6.62µm
m.u_conv3.u_weights._07194_,6.62µm
m.u_conv3.u_weights._07467_,6.62µm
m.u_conv3.u_weights._07776_,6.62µm
m.u_conv3.u_weights._07798_,6.62µm
m.u_conv3.u_weights._08428_,6.62µm
m.u_conv3.u_weights._08973_,6.62µm
m.u_conv3.u_weights._09653_,6.62µm
m.u_conv3.u_weights._10132_,6.62µm
m.u_conv3.u_weights._10144_,6.62µm
m.u_conv3.u_weights._10827_,6.62µm
m.u_conv3.u_weights._10957_,6.62µm
m.u_conv3.u_weights._11573_,6.62µm
m.u_conv3.u_weights._11660_,6.62µm
m.u_conv3.u_weights._12171_,6.62µm
m.u_conv3.u_weights._12375_,6.62µm
m.u_conv3.u_weights._12714_,6.62µm
m.u_conv3.u_weights._13611_,6.62µm
m.u_conv3.u_weights._13647_,6.62µm
m.u_conv3.u_weights._13973_,6.62µm
m.u_conv3.u_weights._14476_,6.62µm
m.u_conv3.u_weights._14983_,6.62µm
m.u_conv3.u_weights._15010_,6.62µm
m.u_pool2._122_,6.62µm
m.u_tree._0082_,6.62µm
m.u_tree._0312_,6.62µm
m.u_tree._0909_,6.62µm
m.u_tree._0921_,6.62µm
m.u_tree._0990_,6.62µm
m.u_tree._1079_,6.62µm
m.u_tree._1198_,6.62µm
m.u_tree._1354_,6.62µm
m.u_conv1.u_loader._417_,6.61µm
m.u_conv2._1274_,6.61µm
net2184,6.61µm
m.u_conv2.acc\[21\]\[4\],6.61µm
m.u_conv2.acc\[23\]\[3\],6.61µm
m.u_conv3.u_weights._00697_,6.61µm
m.u_conv3.u_weights._00742_,6.61µm
m.u_conv3.u_weights._01011_,6.61µm
m.u_conv3.u_weights._02934_,6.61µm
m.u_conv3.u_weights._03112_,6.61µm
m.u_conv3.u_weights._03419_,6.61µm
m.u_conv3.u_weights._03833_,6.61µm
m.u_conv3.u_weights._04817_,6.61µm
m.u_conv3.u_weights._05478_,6.61µm
m.u_conv3.u_weights._05805_,6.61µm
m.u_conv3.u_weights._07049_,6.61µm
m.u_conv3.u_weights._08289_,6.61µm
m.u_conv3.u_weights._08809_,6.61µm
m.u_conv3.u_weights._10255_,6.61µm
m.u_conv3.u_weights._10738_,6.61µm
m.u_conv3.u_weights._11119_,6.61µm
m.u_conv3.u_weights._11364_,6.61µm
m.u_conv3.u_weights._12355_,6.61µm
m.u_conv3.u_weights._12483_,6.61µm
m.u_conv3.u_weights._13609_,6.61µm
m.u_conv3.u_weights._15189_,6.61µm
m.u_conv3.u_weights._15557_,6.61µm
m.u_tree._0096_,6.61µm
m.u_tree._0994_,6.61µm
net2268,6.61µm
net2283,6.61µm
net2948,6.61µm
m.u_conv3.u_weights._08027_,6.605µm
m.u_conv1.sram_req_load\[25\],6.6µm
m.u_conv1.u_loader._365_,6.6µm
m.u_conv1.u_weights._027_,6.6µm
m.u_conv2._0091_,6.6µm
m.u_conv2._0099_,6.6µm
m.u_conv2._0148_,6.6µm
m.u_conv2._0176_,6.6µm
m.u_conv2._0220_,6.6µm
m.u_conv2._0341_,6.6µm
m.u_conv2._0345_,6.6µm
m.u_conv2._0436_,6.6µm
m.u_conv2._1552_,6.6µm
m.u_conv2.acc\[12\]\[6\],6.6µm
m.u_conv2.acc\[29\]\[0\],6.6µm
m.u_conv2.acc\[5\]\[4\],6.6µm
m.u_conv2.u_loader._250_,6.6µm
m.u_conv2.u_weights._099_,6.6µm
m.u_conv3._008_,6.6µm
m.u_conv3.u_weights._00217_,6.6µm
m.u_conv3.u_weights._00487_,6.6µm
m.u_conv3.u_weights._00691_,6.6µm
m.u_conv3.u_weights._00771_,6.6µm
m.u_conv3.u_weights._01231_,6.6µm
m.u_conv3.u_weights._02224_,6.6µm
m.u_conv3.u_weights._02621_,6.6µm
m.u_conv3.u_weights._02768_,6.6µm
m.u_conv3.u_weights._03151_,6.6µm
m.u_conv3.u_weights._03171_,6.6µm
m.u_conv3.u_weights._03934_,6.6µm
m.u_conv3.u_weights._04318_,6.6µm
m.u_conv3.u_weights._04769_,6.6µm
m.u_conv3.u_weights._05779_,6.6µm
m.u_conv3.u_weights._07022_,6.6µm
m.u_conv3.u_weights._08468_,6.6µm
m.u_conv3.u_weights._08836_,6.6µm
m.u_conv3.u_weights._10505_,6.6µm
m.u_conv3.u_weights._10558_,6.6µm
m.u_conv3.u_weights._14471_,6.6µm
m.u_conv3.u_weights._15122_,6.6µm
m.u_conv3.u_weights._15507_,6.6µm
m.u_tree._0351_,6.6µm
m.u_tree._0487_,6.6µm
m.u_tree._0881_,6.6µm
m.u_tree._1122_,6.6µm
m.u_tree._1510_,6.6µm
net1885,6.6µm
m.u_conv1.u_loader.state\[7\],6.595µm
m.u_conv1.u_weights._028_,6.595µm
m.u_conv2._0988_,6.595µm
m.u_conv2.u_weights._171_,6.595µm
m.u_conv3.u_weights._01118_,6.595µm
m.u_conv3.u_weights._01191_,6.595µm
m.u_conv3.u_weights._01252_,6.595µm
m.u_conv3.u_weights._01756_,6.595µm
m.u_conv3.u_weights._01864_,6.595µm
m.u_conv3.u_weights._01927_,6.595µm
m.u_conv3.u_weights._05864_,6.595µm
m.u_conv3.u_weights._06235_,6.595µm
m.u_conv3.u_weights._07138_,6.595µm
m.u_conv3.u_weights._07712_,6.595µm
m.u_conv3.u_weights._07777_,6.595µm
m.u_conv3.u_weights._08685_,6.595µm
m.u_conv3.u_weights._09738_,6.595µm
m.u_conv3.u_weights._10136_,6.595µm
m.u_conv3.u_weights._10286_,6.595µm
m.u_conv3.u_weights._11482_,6.595µm
m.u_conv3.u_weights._15602_,6.595µm
m.u_pool1._199_,6.595µm
m.u_tree._0159_,6.595µm
net2298,6.595µm
net2586,6.595µm
net2730,6.595µm
net2734,6.595µm
net2746,6.595µm
m.u_conv3.u_weights._04385_,6.59µm
m.u_conv3.u_weights._04771_,6.59µm
m.u_conv3.u_weights._04255_,6.585µm
m.u_conv3.u_weights._09474_,6.585µm
m.u_conv3.u_weights._00760_,6.58µm
m.u_conv3.u_weights._01078_,6.58µm
m.u_conv3.u_weights._01472_,6.58µm
m.u_conv3.u_weights._01646_,6.58µm
m.u_conv3.u_weights._02698_,6.58µm
m.u_conv3.u_weights._03700_,6.58µm
m.u_conv3.u_weights._04456_,6.58µm
m.u_conv3.u_weights._04696_,6.58µm
m.u_conv3.u_weights._04843_,6.58µm
m.u_conv3.u_weights._05221_,6.58µm
m.u_conv3.u_weights._05366_,6.58µm
m.u_conv3.u_weights._05793_,6.58µm
m.u_conv3.u_weights._06979_,6.58µm
m.u_conv3.u_weights._09181_,6.58µm
m.u_conv3.u_weights._09420_,6.58µm
m.u_conv3.u_weights._09579_,6.58µm
m.u_conv3.u_weights._09957_,6.58µm
m.u_conv3.u_weights._11779_,6.58µm
m.u_conv3.u_weights._12575_,6.58µm
m.u_conv3.u_weights._14960_,6.58µm
m.u_tree._0394_,6.58µm
m.u_conv3.u_weights._00822_,6.56µm
m.u_conv3.u_weights._01716_,6.56µm
m.u_conv3.u_weights._02273_,6.56µm
m.u_conv3.u_weights._02673_,6.56µm
m.u_conv3.u_weights._03587_,6.56µm
m.u_conv3.u_weights._04103_,6.56µm
m.u_conv3.u_weights._04512_,6.56µm
m.u_conv3.u_weights._06152_,6.56µm
m.u_conv3.u_weights._07389_,6.56µm
m.u_conv3.u_weights._07772_,6.56µm
m.u_conv3.u_weights._07961_,6.56µm
m.u_conv3.u_weights._10846_,6.56µm
m.u_conv3.u_weights._10960_,6.56µm
m.u_conv3.u_weights._11163_,6.56µm
m.u_conv3.u_weights._12162_,6.56µm
m.u_conv3.u_weights._12388_,6.56µm
m.u_conv3.u_weights._13294_,6.56µm
m.u_conv3.u_weights._13756_,6.56µm
m.u_conv3.u_weights._14433_,6.56µm
m.u_conv3.u_weights._14518_,6.56µm
m.u_conv3.u_weights._14609_,6.56µm
m.u_conv3.u_weights._14787_,6.56µm
m.u_conv3.u_weights._15572_,6.56µm
m.u_tree._0152_,6.56µm
m.u_tree._1406_,6.56µm
m.u_conv2.acc\[40\]\[2\],6.555µm
m.u_conv3.u_weights._10291_,6.555µm
m.u_conv3.u_weights._02031_,6.55µm
m.u_conv3.u_weights._02406_,6.55µm
m.u_conv3.u_weights._02450_,6.55µm
m.u_conv3.u_weights._06093_,6.55µm
m.u_conv3.u_weights._06373_,6.55µm
m.u_conv3.u_weights._08938_,6.55µm
m.u_conv3.u_weights._10566_,6.55µm
m.u_conv3.u_weights._11199_,6.55µm
m.u_conv3.u_weights._13504_,6.55µm
m.u_conv3.u_weights._14359_,6.55µm
m.u_conv3.u_weights._15013_,6.55µm
m.u_conv3.u_weights._15299_,6.55µm
m.u_conv3.u_weights._15500_,6.55µm
m.u_tree._1479_,6.55µm
m.u_conv1.u_loader._169_,6.54µm
m.u_conv2._0281_,6.54µm
m.u_conv2._1382_,6.54µm
m.u_conv2.acc\[2\]\[0\],6.54µm
m.u_conv3.u_weights._01408_,6.54µm
m.u_conv3.u_weights._01781_,6.54µm
m.u_conv3.u_weights._02579_,6.54µm
m.u_conv3.u_weights._02894_,6.54µm
m.u_conv3.u_weights._02913_,6.54µm
m.u_conv3.u_weights._08260_,6.54µm
m.u_conv3.u_weights._09544_,6.54µm
m.u_conv3.u_weights._09842_,6.54µm
m.u_conv3.u_weights._12227_,6.54µm
m.u_conv3.u_weights._12909_,6.54µm
m.u_conv3.u_weights._13621_,6.54µm
m.u_conv3.u_weights._13955_,6.54µm
m.u_conv3.u_weights._13976_,6.54µm
m.u_conv3.u_weights._14208_,6.54µm
m.u_tree._1402_,6.54µm
m.u_conv3.u_weights._04935_,6.535µm
m.u_conv3.u_weights._06203_,6.535µm
m.u_conv3.u_weights._09106_,6.535µm
m.u_conv3.u_weights._10889_,6.535µm
m.u_conv3.u_weights._13238_,6.535µm
m.u_tree._0239_,6.535µm
m.u_conv3.u_weights._03944_,6.525µm
m.u_conv3.u_weights._10333_,6.525µm
m.u_conv3.u_weights._15755_,6.525µm
net2011,6.525µm
m.u_conv3.u_weights._00232_,6.515µm
m.u_conv3.u_weights._03374_,6.515µm
m.u_conv3.u_weights._08258_,6.515µm
m.u_conv3.u_weights._06268_,6.505µm
m.u_conv3.u_weights._07468_,6.505µm
m.u_conv3.u_weights._11463_,6.505µm
m.u_conv3.u_weights._12491_,6.505µm
m.u_conv1._174_,6.5µm
m.u_conv2._0192_,6.5µm
m.u_conv2.u_loader._011_,6.5µm
m.u_conv2.u_loader._369_,6.5µm
m.u_conv3._079_,6.5µm
m.u_conv3.u_weights._00554_,6.5µm
m.u_conv3.u_weights._00586_,6.5µm
m.u_conv3.u_weights._00725_,6.5µm
m.u_conv3.u_weights._01146_,6.5µm
m.u_conv3.u_weights._01178_,6.5µm
m.u_conv3.u_weights._01195_,6.5µm
m.u_conv3.u_weights._01696_,6.5µm
m.u_conv3.u_weights._01748_,6.5µm
m.u_conv3.u_weights._01876_,6.5µm
m.u_conv3.u_weights._02005_,6.5µm
m.u_conv3.u_weights._02245_,6.5µm
m.u_conv3.u_weights._02458_,6.5µm
m.u_conv3.u_weights._02665_,6.5µm
m.u_conv3.u_weights._02973_,6.5µm
m.u_conv3.u_weights._03875_,6.5µm
m.u_conv3.u_weights._04039_,6.5µm
m.u_conv3.u_weights._04212_,6.5µm
m.u_conv3.u_weights._04722_,6.5µm
m.u_conv3.u_weights._05357_,6.5µm
m.u_conv3.u_weights._05717_,6.5µm
m.u_conv3.u_weights._07233_,6.5µm
m.u_conv3.u_weights._07492_,6.5µm
m.u_conv3.u_weights._07498_,6.5µm
m.u_conv3.u_weights._07613_,6.5µm
m.u_conv3.u_weights._07797_,6.5µm
m.u_conv3.u_weights._08006_,6.5µm
m.u_conv3.u_weights._08243_,6.5µm
m.u_conv3.u_weights._08536_,6.5µm
m.u_conv3.u_weights._08569_,6.5µm
m.u_conv3.u_weights._08697_,6.5µm
m.u_conv3.u_weights._08830_,6.5µm
m.u_conv3.u_weights._08895_,6.5µm
m.u_conv3.u_weights._08910_,6.5µm
m.u_conv3.u_weights._09391_,6.5µm
m.u_conv3.u_weights._09764_,6.5µm
m.u_conv3.u_weights._09922_,6.5µm
m.u_conv3.u_weights._10179_,6.5µm
m.u_conv3.u_weights._10439_,6.5µm
m.u_conv3.u_weights._10933_,6.5µm
m.u_conv3.u_weights._11361_,6.5µm
m.u_conv3.u_weights._11409_,6.5µm
m.u_conv3.u_weights._11590_,6.5µm
m.u_conv3.u_weights._11679_,6.5µm
m.u_conv3.u_weights._11869_,6.5µm
m.u_conv3.u_weights._11951_,6.5µm
m.u_conv3.u_weights._12563_,6.5µm
m.u_conv3.u_weights._13101_,6.5µm
m.u_conv3.u_weights._13605_,6.5µm
m.u_conv3.u_weights._13908_,6.5µm
m.u_conv3.u_weights._14147_,6.5µm
m.u_conv3.u_weights._14457_,6.5µm
m.u_conv3.u_weights._14799_,6.5µm
m.u_conv3.u_weights._15439_,6.5µm
m.u_conv3.u_weights._15685_,6.5µm
m.u_conv3.u_weights._15727_,6.5µm
m.u_conv3.u_weights._15738_,6.5µm
m.u_tree._0154_,6.5µm
m.u_tree._0294_,6.5µm
m.u_tree._0751_,6.5µm
m.u_tree._1093_,6.5µm
net2263,6.5µm
net2451,6.5µm
net2469,6.5µm
net2510,6.5µm
net2654,6.5µm
net2699,6.5µm
net2700,6.5µm
net2763,6.5µm
net2795,6.5µm
net3049,6.5µm
m.u_conv2._1085_,6.495µm
m.sram_req_pool1\[17\],6.49µm
m.u_conv1._156_,6.49µm
m.u_conv1._165_,6.49µm
net2151,6.49µm
m.u_conv1.u_loader._185_,6.49µm
m.u_conv2._0404_,6.49µm
m.u_conv2._0515_,6.49µm
net2216,6.49µm
m.u_conv2.u_weights._349_,6.49µm
m.u_conv3.u_weights._00072_,6.49µm
m.u_conv3.u_weights._00583_,6.49µm
m.u_conv3.u_weights._00739_,6.49µm
m.u_conv3.u_weights._02003_,6.49µm
m.u_conv3.u_weights._02507_,6.49µm
m.u_conv3.u_weights._02793_,6.49µm
m.u_conv3.u_weights._02886_,6.49µm
m.u_conv3.u_weights._03591_,6.49µm
m.u_conv3.u_weights._04166_,6.49µm
m.u_conv3.u_weights._04232_,6.49µm
m.u_conv3.u_weights._04685_,6.49µm
m.u_conv3.u_weights._04809_,6.49µm
m.u_conv3.u_weights._05638_,6.49µm
m.u_conv3.u_weights._05920_,6.49µm
m.u_conv3.u_weights._06101_,6.49µm
m.u_conv3.u_weights._06105_,6.49µm
m.u_conv3.u_weights._07124_,6.49µm
m.u_conv3.u_weights._08858_,6.49µm
m.u_conv3.u_weights._09248_,6.49µm
m.u_conv3.u_weights._10090_,6.49µm
m.u_conv3.u_weights._10178_,6.49µm
m.u_conv3.u_weights._11632_,6.49µm
m.u_conv3.u_weights._11886_,6.49µm
m.u_conv3.u_weights._12008_,6.49µm
m.u_conv3.u_weights._12211_,6.49µm
m.u_conv3.u_weights._12357_,6.49µm
m.u_conv3.u_weights._13227_,6.49µm
m.u_conv3.u_weights._13453_,6.49µm
m.u_conv3.u_weights._13554_,6.49µm
m.u_conv3.u_weights._14026_,6.49µm
m.u_conv3.u_weights._14888_,6.49µm
m.u_conv3.u_weights._14985_,6.49µm
m.u_mnist_loader._13_,6.49µm
m.u_tree._0282_,6.49µm
m.u_tree._0684_,6.49µm
m.u_tree._1542_,6.49µm
net1680,6.49µm
net1893,6.49µm
net2017,6.49µm
m.u_conv2.acc\[1\]\[0\],6.485µm
m.u_conv2.acc\[2\]\[6\],6.485µm
m.u_conv2.acc\[30\]\[2\],6.485µm
m.u_conv2.acc\[31\]\[5\],6.485µm
m.u_conv2.acc\[59\]\[6\],6.485µm
m.u_conv2.acc\[61\]\[4\],6.485µm
m.u_conv3.u_weights._03213_,6.485µm
m.u_conv3.u_weights._04515_,6.485µm
m.u_conv3.u_weights._09009_,6.485µm
m.u_conv3.u_weights._09648_,6.485µm
m.u_conv3.u_weights._12340_,6.485µm
m.u_conv3.u_weights._13515_,6.485µm
m.u_conv3.u_weights._15344_,6.485µm
m.u_tree._1188_,6.485µm
m.u_tree._1326_,6.485µm
net1946,6.48µm
m.u_conv1.u_loader._180_,6.48µm
net2120,6.48µm
m.u_conv3.u_weights._00538_,6.48µm
m.u_conv3.u_weights._00736_,6.48µm
m.u_conv3.u_weights._02071_,6.48µm
m.u_conv3.u_weights._03043_,6.48µm
m.u_conv3.u_weights._03547_,6.48µm
m.u_conv3.u_weights._06812_,6.48µm
m.u_conv3.u_weights._06999_,6.48µm
m.u_conv3.u_weights._09055_,6.48µm
m.u_conv3.u_weights._11527_,6.48µm
m.u_conv3.u_weights._12884_,6.48µm
m.u_conv3.u_weights._13752_,6.48µm
m.u_conv3.u_weights._14248_,6.48µm
m.u_conv3.u_weights._14489_,6.48µm
m.u_conv3.u_weights._14831_,6.48µm
m.u_pool2._067_,6.48µm
net1877,6.48µm
net1886,6.48µm
net1915,6.48µm
net1920,6.48µm
net1972,6.48µm
net2005,6.48µm
net2036,6.48µm
net2061,6.48µm
net2064,6.48µm
net2101,6.48µm
net2117,6.48µm
m.u_conv3.u_weights._05519_,6.475µm
m.u_conv3.u_weights._06933_,6.475µm
m.u_conv3.u_weights._14881_,6.47µm
m.u_conv2._0205_,6.465µm
m._023_,6.46µm
m.u_conv3.u_weights._09674_,6.46µm
m.u_conv3.u_weights._10475_,6.46µm
net1981,6.455µm
m.u_tree._0205_,6.455µm
m.u_conv2.acc\[11\]\[3\],6.45µm
m.u_conv3.u_weights._00369_,6.45µm
m.u_conv3.u_weights._02739_,6.45µm
m.u_conv3.u_weights._14283_,6.45µm
net1863,6.45µm
m.u_conv2.acc\[18\]\[1\],6.445µm
m._006_,6.44µm
m.sram_req_pool1\[4\],6.44µm
m.u_conv3.u_weights._03189_,6.44µm
m.u_conv3.u_weights._03528_,6.44µm
m.u_conv3.u_weights._05068_,6.44µm
m.u_conv3.u_weights._05893_,6.44µm
m.u_conv3.u_weights._06190_,6.44µm
m.u_conv3.u_weights._06984_,6.44µm
m.u_conv3.u_weights._08221_,6.44µm
m.u_conv3.u_weights._08471_,6.44µm
m.u_conv3.u_weights._09752_,6.44µm
m.u_conv3.u_weights._10831_,6.44µm
m.u_conv3.u_weights._11719_,6.44µm
m.u_conv3.u_weights._11725_,6.44µm
m.u_conv3.u_weights._12037_,6.44µm
m.u_conv3.u_weights._13253_,6.44µm
m.u_conv3.u_weights._13714_,6.44µm
m.u_conv3.u_weights._15035_,6.44µm
m.u_tree._0389_,6.44µm
m.u_tree._1565_,6.44µm
m.u_conv3.u_weights._01485_,6.43µm
m.u_conv3.u_weights._02838_,6.43µm
m.u_conv3.u_weights._09203_,6.43µm
m.u_conv3.u_weights._09680_,6.43µm
m.u_conv3.u_weights._11846_,6.43µm
m.u_tree._0299_,6.43µm
m.u_conv3.u_weights._15699_,6.425µm
m.u_conv1.u_loader._225_,6.42µm
m.u_conv3._042_,6.42µm
net2803,6.42µm
m.u_conv3.u_weights._07269_,6.405µm
m.u_conv3.u_weights._12739_,6.405µm
m.u_conv3.u_weights._02654_,6.4µm
m.u_conv3.u_weights._04425_,6.395µm
m.u_conv1.u_loader._076_,6.39µm
m.u_conv1.u_weights._115_,6.39µm
m.u_conv2.u_loader._076_,6.39µm
m.u_conv2.u_weights._327_,6.39µm
m.u_conv3.u_weights._00675_,6.39µm
m.u_conv3.u_weights._05658_,6.39µm
m.u_conv3.u_weights._05703_,6.39µm
m.u_conv3.u_weights._08563_,6.39µm
m.u_conv3.u_weights._10024_,6.39µm
m.u_conv3.u_weights._12114_,6.39µm
m.u_conv3.u_weights._14542_,6.39µm
m.u_conv3.u_weights._03381_,6.385µm
m.u_conv3.u_weights._12910_,6.385µm
m.u_conv3.u_weights._13189_,6.385µm
m.u_conv3.u_weights._14387_,6.385µm
m.u_conv3.u_weights._00368_,6.38µm
m.u_conv3.u_weights._02536_,6.38µm
m.u_conv3.u_weights._03368_,6.38µm
m.u_conv3.u_weights._03732_,6.38µm
m.u_conv3.u_weights._04067_,6.38µm
m.u_conv3.u_weights._04795_,6.38µm
m.u_conv3.u_weights._06735_,6.38µm
m.u_conv3.u_weights._08866_,6.38µm
m.u_conv3.u_weights._09607_,6.38µm
m.u_conv3.u_weights._11780_,6.38µm
m.u_conv3.u_weights._12475_,6.38µm
m.u_conv3.u_weights._14824_,6.38µm
m.u_tree._1012_,6.38µm
m.u_conv3.u_weights._00849_,6.375µm
m.u_conv3.u_weights._04879_,6.375µm
m.u_conv3.u_weights._06335_,6.375µm
m.u_conv3.u_weights._13018_,6.375µm
net1950,6.37µm
m.u_conv1.u_loader._271_,6.37µm
m.u_conv2.u_weights._390_,6.37µm
m.u_conv3.u_weights._03680_,6.37µm
m.u_conv3.u_weights._10760_,6.37µm
m.u_conv3.u_weights._10800_,6.37µm
m.u_pool1._079_,6.37µm
m.u_tree._0131_,6.37µm
m.u_tree._0618_,6.37µm
m.u_conv1.conv_out1\[3\],6.36µm
m.u_conv1.loader_buffer\[11\],6.36µm
m.u_conv1.loader_buffer\[1\],6.36µm
m.u_conv2._0919_,6.36µm
net2131,6.36µm
m.u_conv2.u_weights._342_,6.36µm
m.u_conv3.u_weights._01719_,6.36µm
m.u_conv3.u_weights._02429_,6.36µm
m.u_conv3.u_weights._02810_,6.36µm
m.u_conv3.u_weights._04346_,6.36µm
m.u_conv3.u_weights._04812_,6.36µm
m.u_conv3.u_weights._04844_,6.36µm
m.u_conv3.u_weights._04969_,6.36µm
m.u_conv3.u_weights._07226_,6.36µm
m.u_conv3.u_weights._08928_,6.36µm
m.u_conv3.u_weights._08940_,6.36µm
m.u_conv3.u_weights._11037_,6.36µm
m.u_conv3.u_weights._13778_,6.36µm
m.u_conv3.u_weights._14612_,6.36µm
m.u_conv3.u_weights._14638_,6.36µm
m.u_conv3.u_weights._15127_,6.36µm
m.u_tree._1523_,6.36µm
net1959,6.36µm
net2105,6.36µm
m.u_conv2._0959_,6.345µm
m.u_conv3.u_weights._00974_,6.345µm
m.u_conv3.u_weights._07062_,6.345µm
m.u_conv3.u_weights._08035_,6.345µm
m.u_conv3.u_weights._08336_,6.345µm
m.u_conv3.u_weights._09480_,6.345µm
m.u_conv3.u_weights._09820_,6.34µm
m.u_conv1.u_loader._424_,6.33µm
m.u_conv3.u_weights._07398_,6.33µm
m.u_tree._0931_,6.325µm
m.u_conv3.u_weights._07085_,6.32µm
m.u_conv3.u_weights._07135_,6.32µm
m.u_conv3.u_weights._04297_,6.315µm
m.u_conv3.u_weights._13459_,6.315µm
m.u_conv2._0046_,6.31µm
m.u_conv2._0156_,6.31µm
m.u_conv2._0231_,6.31µm
m.u_conv2._0276_,6.31µm
m.u_conv2._0383_,6.31µm
m.u_conv2._0401_,6.31µm
m.u_conv2._0438_,6.31µm
m.u_conv3.u_weights._06109_,6.31µm
net2790,6.31µm
net2973,6.31µm
m.u_conv3.u_weights._11366_,6.305µm
m.sram_req_conv2\[1\],6.3µm
m.u_conv1._192_,6.3µm
m.u_conv2._0713_,6.3µm
m.u_conv2._0790_,6.3µm
m.u_conv2._1182_,6.3µm
m.u_conv2._1184_,6.3µm
m.u_conv2._1202_,6.3µm
m.u_conv2._1284_,6.3µm
m.u_conv2._1292_,6.3µm
m.u_conv2.u_loader._012_,6.3µm
m.u_conv2.u_loader._027_,6.3µm
m.u_conv2.u_loader._222_,6.3µm
m.u_conv2.u_weights._074_,6.3µm
m.u_conv2.u_weights._246_,6.3µm
m.u_conv3._055_,6.3µm
m.u_conv3._110_,6.3µm
m.u_conv3.u_weights._00191_,6.3µm
m.u_conv3.u_weights._00458_,6.3µm
m.u_conv3.u_weights._01542_,6.3µm
m.u_conv3.u_weights._02488_,6.3µm
m.u_conv3.u_weights._02833_,6.3µm
m.u_conv3.u_weights._03114_,6.3µm
m.u_conv3.u_weights._03632_,6.3µm
m.u_conv3.u_weights._03903_,6.3µm
m.u_conv3.u_weights._03985_,6.3µm
m.u_conv3.u_weights._04517_,6.3µm
m.u_conv3.u_weights._04623_,6.3µm
m.u_conv3.u_weights._04781_,6.3µm
m.u_conv3.u_weights._04900_,6.3µm
m.u_conv3.u_weights._05412_,6.3µm
m.u_conv3.u_weights._06270_,6.3µm
m.u_conv3.u_weights._06399_,6.3µm
m.u_conv3.u_weights._06741_,6.3µm
m.u_conv3.u_weights._06795_,6.3µm
m.u_conv3.u_weights._06843_,6.3µm
m.u_conv3.u_weights._07490_,6.3µm
m.u_conv3.u_weights._07960_,6.3µm
m.u_conv3.u_weights._08207_,6.3µm
m.u_conv3.u_weights._08342_,6.3µm
m.u_conv3.u_weights._08522_,6.3µm
m.u_conv3.u_weights._09580_,6.3µm
m.u_conv3.u_weights._09856_,6.3µm
m.u_conv3.u_weights._10616_,6.3µm
m.u_conv3.u_weights._11739_,6.3µm
m.u_conv3.u_weights._12952_,6.3µm
m.u_conv3.u_weights._13190_,6.3µm
m.u_conv3.u_weights._13229_,6.3µm
m.u_conv3.u_weights._13439_,6.3µm
m.u_conv3.u_weights._13689_,6.3µm
m.u_conv3.u_weights._13900_,6.3µm
m.u_conv3.u_weights._14139_,6.3µm
m.u_conv3.u_weights._14465_,6.3µm
m.u_conv3.u_weights._15692_,6.3µm
m.u_mnist_loader._12_,6.3µm
m.u_pool1._231_,6.3µm
m.u_tree._1255_,6.3µm
m.u_conv2.acc\[36\]\[5\],6.29µm
m.u_conv3.u_weights._04198_,6.29µm
m.u_tree._1345_,6.29µm
m.u_tree._1420_,6.29µm
m.u_conv3.u_weights._15237_,6.28µm
m.u_conv1.u_loader._435_,6.27µm
m.u_conv3.u_weights._08479_,6.27µm
m.u_conv3.u_weights._04530_,6.255µm
m.sram_req_conv3\[10\],6.25µm
m.u_conv1.loader_buffer\[10\],6.25µm
m.u_conv2._0251_,6.25µm
m.u_conv2._0269_,6.25µm
m.u_conv2._0398_,6.25µm
net2125,6.25µm
m.u_conv2.u_loader._189_,6.25µm
m.u_conv2.u_weights._216_,6.25µm
m.u_conv3.u_weights._00511_,6.25µm
m.u_conv3.u_weights._01685_,6.25µm
m.u_conv3.u_weights._02015_,6.25µm
m.u_conv3.u_weights._02166_,6.25µm
m.u_conv3.u_weights._04223_,6.25µm
m.u_conv3.u_weights._04534_,6.25µm
m.u_conv3.u_weights._04743_,6.25µm
m.u_conv3.u_weights._06245_,6.25µm
m.u_conv3.u_weights._07680_,6.25µm
m.u_conv3.u_weights._07721_,6.25µm
m.u_conv3.u_weights._07774_,6.25µm
m.u_conv3.u_weights._07845_,6.25µm
m.u_conv3.u_weights._08117_,6.25µm
m.u_conv3.u_weights._08288_,6.25µm
m.u_conv3.u_weights._09319_,6.25µm
m.u_conv3.u_weights._09487_,6.25µm
m.u_conv3.u_weights._09536_,6.25µm
m.u_conv3.u_weights._09933_,6.25µm
m.u_conv3.u_weights._09962_,6.25µm
m.u_conv3.u_weights._10586_,6.25µm
m.u_conv3.u_weights._10658_,6.25µm
m.u_conv3.u_weights._10971_,6.25µm
m.u_conv3.u_weights._12462_,6.25µm
m.u_conv3.u_weights._13508_,6.25µm
m.u_conv3.u_weights._13711_,6.25µm
m.u_conv3.u_weights._13913_,6.25µm
m.u_conv3.u_weights._14559_,6.25µm
m.u_conv3.u_weights._14750_,6.25µm
m.u_conv3.u_weights._14776_,6.25µm
m.u_conv3.u_weights._14811_,6.25µm
m.u_conv3.u_weights._14991_,6.25µm
m.u_pool1._069_,6.25µm
m.u_tree._0015_,6.25µm
m.u_tree._0026_,6.25µm
m.u_tree._0132_,6.25µm
m.u_tree._0463_,6.25µm
net1944,6.25µm
net2028,6.25µm
net2112,6.25µm
m.u_conv2._0828_,6.24µm
net2197,6.24µm
m.u_conv2.acc\[32\]\[2\],6.24µm
m.u_conv3.u_weights._02024_,6.24µm
m.u_conv3.u_weights._02187_,6.24µm
m.u_conv3.u_weights._02590_,6.24µm
m.u_conv3.u_weights._02687_,6.24µm
m.u_conv3.u_weights._03721_,6.24µm
m.u_conv3.u_weights._04098_,6.24µm
m.u_conv3.u_weights._04602_,6.24µm
m.u_conv3.u_weights._05408_,6.24µm
m.u_conv3.u_weights._07306_,6.24µm
m.u_conv3.u_weights._09274_,6.24µm
m.u_conv3.u_weights._09799_,6.24µm
m.u_conv3.u_weights._10536_,6.24µm
m.u_conv3.u_weights._11222_,6.24µm
m.u_conv3.u_weights._12564_,6.24µm
m.u_conv3.u_weights._12765_,6.24µm
m.u_conv3.u_weights._14674_,6.24µm
m.u_conv3.u_weights._15669_,6.24µm
m.u_tree._0036_,6.24µm
m.u_tree._1017_,6.24µm
m.u_tree._1071_,6.24µm
net2174,6.24µm
net2995,6.24µm
m.u_conv2.u_weights._263_,6.235µm
m.u_conv3.u_weights._03991_,6.235µm
m.u_conv3.u_weights._04691_,6.235µm
m.u_conv3.u_weights._10759_,6.235µm
m.u_conv3.u_weights._13100_,6.235µm
m.u_tree._1524_,6.235µm
m.u_conv1._109_,6.23µm
m.u_conv3.u_weights._15480_,6.23µm
m.u_conv3.u_weights._10499_,6.225µm
m.u_conv2._0619_,6.215µm
m.u_conv3.u_weights._10224_,6.21µm
m.u_conv3.u_weights._03532_,6.2µm
m.u_conv3._242_,6.195µm
m.u_conv3.u_weights._00197_,6.195µm
m.u_conv3.u_weights._02308_,6.195µm
m.u_conv3.u_weights._08261_,6.195µm
m._038_,6.19µm
m._115_,6.19µm
m.pool2_done,6.19µm
m.u_conv1._029_,6.19µm
m.u_conv1._094_,6.19µm
m.u_conv1._180_,6.19µm
m.u_conv1.u_loader._253_,6.19µm
m.u_conv2._0023_,6.19µm
m.u_conv2._0331_,6.19µm
m.u_conv2._0344_,6.19µm
m.u_conv2._1073_,6.19µm
m.u_conv2._1151_,6.19µm
m.u_conv2._1366_,6.19µm
m.u_conv2._1497_,6.19µm
m.u_conv2.u_loader._260_,6.19µm
m.u_conv3.u_weights._00033_,6.19µm
m.u_conv3.u_weights._00379_,6.19µm
m.u_conv3.u_weights._00973_,6.19µm
m.u_conv3.u_weights._01442_,6.19µm
m.u_conv3.u_weights._01563_,6.19µm
m.u_conv3.u_weights._01633_,6.19µm
m.u_conv3.u_weights._01975_,6.19µm
m.u_conv3.u_weights._02766_,6.19µm
m.u_conv3.u_weights._02821_,6.19µm
m.u_conv3.u_weights._02908_,6.19µm
m.u_conv3.u_weights._02952_,6.19µm
m.u_conv3.u_weights._02989_,6.19µm
m.u_conv3.u_weights._03128_,6.19µm
m.u_conv3.u_weights._03613_,6.19µm
m.u_conv3.u_weights._04158_,6.19µm
m.u_conv3.u_weights._05388_,6.19µm
m.u_conv3.u_weights._05657_,6.19µm
m.u_conv3.u_weights._05956_,6.19µm
m.u_conv3.u_weights._06263_,6.19µm
m.u_conv3.u_weights._07294_,6.19µm
m.u_conv3.u_weights._07582_,6.19µm
m.u_conv3.u_weights._07619_,6.19µm
m.u_conv3.u_weights._08093_,6.19µm
m.u_conv3.u_weights._08496_,6.19µm
m.u_conv3.u_weights._08606_,6.19µm
m.u_conv3.u_weights._09093_,6.19µm
m.u_conv3.u_weights._09545_,6.19µm
m.u_conv3.u_weights._09575_,6.19µm
m.u_conv3.u_weights._09711_,6.19µm
m.u_conv3.u_weights._09852_,6.19µm
m.u_conv3.u_weights._10280_,6.19µm
m.u_conv3.u_weights._10682_,6.19µm
m.u_conv3.u_weights._10732_,6.19µm
m.u_conv3.u_weights._10944_,6.19µm
m.u_conv3.u_weights._11135_,6.19µm
m.u_conv3.u_weights._11185_,6.19µm
m.u_conv3.u_weights._11284_,6.19µm
m.u_conv3.u_weights._11602_,6.19µm
m.u_conv3.u_weights._12197_,6.19µm
m.u_conv3.u_weights._12376_,6.19µm
m.u_conv3.u_weights._12529_,6.19µm
m.u_conv3.u_weights._12805_,6.19µm
m.u_conv3.u_weights._13119_,6.19µm
m.u_conv3.u_weights._13697_,6.19µm
m.u_conv3.u_weights._14254_,6.19µm
m.u_conv3.u_weights._14343_,6.19µm
m.u_conv3.u_weights._14599_,6.19µm
m.u_conv3.u_weights._15614_,6.19µm
m.u_pool1._020_,6.19µm
m.u_pool2._016_,6.19µm
m.u_pool2._021_,6.19µm
m.u_tree._0038_,6.19µm
m.u_tree._0208_,6.19µm
m.u_tree._0349_,6.19µm
m.u_tree._0482_,6.19µm
net3,6.19µm
m._077_,6.18µm
m.u_conv1.u_loader._028_,6.18µm
m.u_conv2.acc\[11\]\[2\],6.18µm
m.u_conv2.acc\[18\]\[6\],6.18µm
m.u_conv2.acc\[21\]\[0\],6.18µm
m.u_conv2.acc\[37\]\[2\],6.18µm
m.u_conv2.acc\[50\]\[2\],6.18µm
m.u_conv2.acc\[51\]\[4\],6.18µm
m.u_conv2.acc\[51\]\[6\],6.18µm
m.u_conv2.u_loader._007_,6.18µm
m.u_conv3._244_,6.18µm
m.u_conv3.u_weights._00647_,6.18µm
m.u_conv3.u_weights._01847_,6.18µm
m.u_conv3.u_weights._02932_,6.18µm
m.u_conv3.u_weights._03014_,6.18µm
m.u_conv3.u_weights._03391_,6.18µm
m.u_conv3.u_weights._03921_,6.18µm
m.u_conv3.u_weights._04249_,6.18µm
m.u_conv3.u_weights._04301_,6.18µm
m.u_conv3.u_weights._06098_,6.18µm
m.u_conv3.u_weights._07324_,6.18µm
m.u_conv3.u_weights._09269_,6.18µm
m.u_conv3.u_weights._11345_,6.18µm
m.u_conv3.u_weights._11792_,6.18µm
m.u_conv3.u_weights._12689_,6.18µm
m.u_conv3.u_weights._12741_,6.18µm
m.u_conv3.u_weights._12970_,6.18µm
m.u_conv3.u_weights._14801_,6.18µm
m.u_conv3.u_weights._15356_,6.18µm
m.u_pool2._113_,6.18µm
m.u_tree._0967_,6.18µm
m.u_tree._1106_,6.18µm
m.u_tree._1204_,6.18µm
m.u_conv1.u_weights._038_,6.175µm
m.u_conv3.u_weights._01092_,6.175µm
m.u_conv3.u_weights._01687_,6.175µm
m.u_conv3.u_weights._01986_,6.175µm
m.u_conv3.u_weights._05015_,6.175µm
m.u_conv3.u_weights._08362_,6.175µm
m.u_conv3.u_weights._09151_,6.175µm
m.u_conv3.u_weights._10965_,6.175µm
m.u_conv3.u_weights._11049_,6.175µm
m.u_conv3.u_weights._11595_,6.175µm
m.u_conv3.u_weights._12647_,6.175µm
m.u_conv3.u_weights._14491_,6.175µm
m.u_conv3.u_weights._15635_,6.175µm
m.u_tree._1069_,6.175µm
m.u_tree._1372_,6.175µm
m.u_conv2._0109_,6.165µm
m.u_conv2._0286_,6.165µm
m.u_conv2.acc\[30\]\[1\],6.165µm
m.u_conv3.u_weights._06070_,6.165µm
m.u_tree._0632_,6.165µm
m.u_conv3.u_weights._10137_,6.145µm
m.u_conv3.u_weights._00229_,6.14µm
m.u_conv3.u_weights._00998_,6.14µm
m.u_conv3.u_weights._01305_,6.14µm
m.u_conv3.u_weights._02528_,6.14µm
m.u_conv3.u_weights._02657_,6.14µm
m.u_conv3.u_weights._03369_,6.14µm
m.u_conv3.u_weights._03605_,6.14µm
m.u_conv3.u_weights._04413_,6.14µm
m.u_conv3.u_weights._04962_,6.14µm
m.u_conv3.u_weights._05000_,6.14µm
m.u_conv3.u_weights._06287_,6.14µm
m.u_conv3.u_weights._06678_,6.14µm
m.u_conv3.u_weights._06884_,6.14µm
m.u_conv3.u_weights._06920_,6.14µm
m.u_conv3.u_weights._07275_,6.14µm
m.u_conv3.u_weights._07529_,6.14µm
m.u_conv3.u_weights._07920_,6.14µm
m.u_conv3.u_weights._08217_,6.14µm
m.u_conv3.u_weights._08422_,6.14µm
m.u_conv3.u_weights._08832_,6.14µm
m.u_conv3.u_weights._08994_,6.14µm
m.u_conv3.u_weights._09574_,6.14µm
m.u_conv3.u_weights._09981_,6.14µm
m.u_conv3.u_weights._10309_,6.14µm
m.u_conv3.u_weights._10314_,6.14µm
m.u_conv3.u_weights._10599_,6.14µm
m.u_conv3.u_weights._11388_,6.14µm
m.u_conv3.u_weights._11461_,6.14µm
m.u_conv3.u_weights._12192_,6.14µm
m.u_conv3.u_weights._12273_,6.14µm
m.u_conv3.u_weights._12717_,6.14µm
m.u_conv3.u_weights._12935_,6.14µm
m.u_conv3.u_weights._12938_,6.14µm
m.u_conv3.u_weights._13183_,6.14µm
m.u_conv3.u_weights._13713_,6.14µm
m.u_conv3.u_weights._14171_,6.14µm
m.u_conv3.u_weights._15615_,6.14µm
m.u_conv3.u_weights._15693_,6.14µm
m.u_pool1._133_,6.14µm
m.u_tree._0980_,6.14µm
m.u_conv2._0688_,6.13µm
m.u_conv2.acc\[28\]\[2\],6.13µm
m.u_conv2.u_weights._214_,6.13µm
m.u_conv3.u_weights._02038_,6.13µm
m.u_conv3.u_weights._02155_,6.13µm
m.u_conv3.u_weights._04253_,6.13µm
m.u_conv3.u_weights._04752_,6.13µm
m.u_conv3.u_weights._05910_,6.13µm
m.u_conv3.u_weights._06003_,6.13µm
m.u_conv3.u_weights._07354_,6.13µm
m.u_conv3.u_weights._09763_,6.13µm
m.u_conv3.u_weights._11485_,6.13µm
m.u_conv3.u_weights._11686_,6.13µm
m.u_conv3.u_weights._12660_,6.13µm
m.u_conv3.u_weights._13688_,6.13µm
m.u_conv3.u_weights._15580_,6.13µm
m.u_pool1._137_,6.13µm
m.u_conv3.u_weights._11872_,6.125µm
m.u_conv3.u_weights._15075_,6.125µm
net2154,6.12µm
net2158,6.12µm
m.u_conv1.u_loader._072_,6.12µm
m.u_conv1.u_loader._242_,6.12µm
m.u_conv1.u_loader._298_,6.12µm
m.u_conv1.u_loader._431_,6.12µm
m.u_conv1.u_weights._049_,6.12µm
m.u_conv1.u_weights._137_,6.12µm
m.u_conv2._0067_,6.12µm
m.u_conv2._0085_,6.12µm
m.u_conv2._0119_,6.12µm
m.u_conv2._0157_,6.12µm
m.u_conv2._0247_,6.12µm
m.u_conv2._0297_,6.12µm
m.u_conv2._0427_,6.12µm
m.u_conv2._0471_,6.12µm
m.u_conv2._0796_,6.12µm
m.u_conv2._0809_,6.12µm
m.u_conv2._0899_,6.12µm
m.u_conv2._1348_,6.12µm
net2192,6.12µm
m.u_conv2.acc\[16\]\[6\],6.12µm
m.u_conv2.acc\[33\]\[5\],6.12µm
m.u_conv2.acc\[55\]\[3\],6.12µm
m.u_conv2.acc\[8\]\[1\],6.12µm
m.u_conv2.sram_req_load\[23\],6.12µm
m.u_conv2.u_loader._304_,6.12µm
m.u_conv2.u_weights._103_,6.12µm
m.u_conv2.u_weights._247_,6.12µm
m.u_conv2.u_weights._332_,6.12µm
m.u_conv3.u_weights._00438_,6.12µm
m.u_conv3.u_weights._00498_,6.12µm
m.u_conv3.u_weights._01437_,6.12µm
m.u_conv3.u_weights._01714_,6.12µm
m.u_conv3.u_weights._02915_,6.12µm
m.u_conv3.u_weights._04233_,6.12µm
m.u_conv3.u_weights._04368_,6.12µm
m.u_conv3.u_weights._05159_,6.12µm
m.u_conv3.u_weights._05686_,6.12µm
m.u_conv3.u_weights._06074_,6.12µm
m.u_conv3.u_weights._06459_,6.12µm
m.u_conv3.u_weights._06634_,6.12µm
m.u_conv3.u_weights._06844_,6.12µm
m.u_conv3.u_weights._06928_,6.12µm
m.u_conv3.u_weights._07701_,6.12µm
m.u_conv3.u_weights._08055_,6.12µm
m.u_conv3.u_weights._08402_,6.12µm
m.u_conv3.u_weights._08617_,6.12µm
m.u_conv3.u_weights._09018_,6.12µm
m.u_conv3.u_weights._09718_,6.12µm
m.u_conv3.u_weights._09808_,6.12µm
m.u_conv3.u_weights._10124_,6.12µm
m.u_conv3.u_weights._10915_,6.12µm
m.u_conv3.u_weights._12470_,6.12µm
m.u_conv3.u_weights._12606_,6.12µm
m.u_conv3.u_weights._12873_,6.12µm
m.u_conv3.u_weights._13485_,6.12µm
m.u_conv3.u_weights._14841_,6.12µm
m.u_conv3.u_weights._15465_,6.12µm
m.u_conv3.u_weights._15526_,6.12µm
m.u_tree._0046_,6.12µm
m.u_tree._0540_,6.12µm
net2208,6.12µm
m.sram_req_conv2\[8\],6.115µm
m.sram_req_pool2\[5\],6.115µm
m.u_conv2._0488_,6.115µm
m.u_conv3.u_weights._00018_,6.115µm
m.u_conv3.u_weights._00111_,6.115µm
m.u_conv3.u_weights._00293_,6.115µm
m.u_conv3.u_weights._02502_,6.115µm
m.u_conv3.u_weights._02691_,6.115µm
m.u_conv3.u_weights._02732_,6.115µm
m.u_conv3.u_weights._02933_,6.115µm
m.u_conv3.u_weights._03725_,6.115µm
m.u_conv3.u_weights._04306_,6.115µm
m.u_conv3.u_weights._04387_,6.115µm
m.u_conv3.u_weights._04394_,6.115µm
m.u_conv3.u_weights._05888_,6.115µm
m.u_conv3.u_weights._06068_,6.115µm
m.u_conv3.u_weights._06186_,6.115µm
m.u_conv3.u_weights._06994_,6.115µm
m.u_conv3.u_weights._07713_,6.115µm
m.u_conv3.u_weights._09256_,6.115µm
m.u_conv3.u_weights._09342_,6.115µm
m.u_conv3.u_weights._09822_,6.115µm
m.u_conv3.u_weights._09923_,6.115µm
m.u_conv3.u_weights._11107_,6.115µm
m.u_conv3.u_weights._11188_,6.115µm
m.u_conv3.u_weights._11736_,6.115µm
m.u_conv3.u_weights._12531_,6.115µm
m.u_conv3.u_weights._12537_,6.115µm
m.u_conv3.u_weights._12764_,6.115µm
m.u_conv3.u_weights._14096_,6.115µm
m.u_conv3.u_weights._14439_,6.115µm
m.u_conv3.u_weights._14753_,6.115µm
m.u_conv3.u_weights._15342_,6.115µm
m.u_conv3.u_weights._15577_,6.115µm
m.u_pool1._229_,6.115µm
m.u_tree._0072_,6.115µm
m.u_tree._0120_,6.115µm
m.u_tree._0157_,6.115µm
m.u_tree._0284_,6.115µm
m.u_tree._1355_,6.115µm
net2303,6.115µm
net2466,6.115µm
m.u_conv1.u_loader._188_,6.1µm
m.u_conv1.u_weights._150_,6.1µm
m.u_conv2.u_weights._235_,6.1µm
m.u_conv3.u_weights._04872_,6.1µm
m.u_conv3.u_weights._05834_,6.1µm
m.u_conv3.u_weights._06056_,6.1µm
m.u_conv3.u_weights._07563_,6.1µm
m.u_conv3.u_weights._07696_,6.1µm
m.u_conv3.u_weights._08220_,6.1µm
m.u_conv3.u_weights._09478_,6.1µm
m.u_conv3.u_weights._10238_,6.1µm
m.u_conv3.u_weights._12194_,6.1µm
m.u_conv3.u_weights._12515_,6.1µm
m.u_conv3.u_weights._12586_,6.1µm
m.u_conv3.u_weights._14607_,6.1µm
m.u_conv3.u_weights._15014_,6.1µm
m.u_conv2._0071_,6.09µm
m.u_conv2._1013_,6.08µm
m.u_conv3.u_weights._00390_,6.08µm
m.u_conv3.u_weights._00407_,6.08µm
m.u_conv3.u_weights._01389_,6.08µm
m.u_conv3.u_weights._01766_,6.08µm
m.u_conv3.u_weights._03912_,6.08µm
m.u_conv3.u_weights._04979_,6.08µm
m.u_conv3.u_weights._05368_,6.08µm
m.u_conv3.u_weights._06329_,6.08µm
m.u_conv3.u_weights._06523_,6.08µm
m.u_conv3.u_weights._08852_,6.08µm
m.u_conv3.u_weights._13122_,6.08µm
m.u_conv3.u_weights._13683_,6.08µm
m.u_conv1._097_,6.07µm
m.u_conv2._0565_,6.07µm
m.u_conv2._1083_,6.07µm
m.u_conv3._224_,6.07µm
m.u_conv3.u_weights._00962_,6.07µm
m.u_conv3.u_weights._02359_,6.07µm
m.u_conv3.u_weights._06026_,6.07µm
m.u_conv2.acc\[62\]\[0\],6.06µm
m.u_conv3.u_weights._00978_,6.06µm
m.u_conv3.u_weights._02316_,6.06µm
m.u_conv3.u_weights._03798_,6.06µm
m.u_conv3.u_weights._05108_,6.06µm
m.u_conv3.u_weights._05517_,6.06µm
m.u_conv3.u_weights._06363_,6.06µm
m.u_conv3.u_weights._06524_,6.06µm
m.u_conv3.u_weights._06897_,6.06µm
m.u_conv3.u_weights._07307_,6.06µm
m.u_conv3.u_weights._07689_,6.06µm
m.u_conv3.u_weights._09222_,6.06µm
m.u_conv3.u_weights._09800_,6.06µm
m.u_conv3.u_weights._09895_,6.06µm
m.u_conv3.u_weights._10401_,6.06µm
m.u_conv3.u_weights._10952_,6.06µm
m.u_conv3.u_weights._11517_,6.06µm
m.u_conv3.u_weights._12585_,6.06µm
m.u_conv3.u_weights._14620_,6.06µm
m.u_conv3.u_weights._15072_,6.06µm
m.u_mnist_loader._02_,6.06µm
m.u_tree._0784_,6.06µm
m.u_tree._0986_,6.06µm
m.u_tree._1310_,6.06µm
m.u_conv3.u_weights._04721_,6.055µm
m.u_conv3.u_weights._06045_,6.055µm
m.u_conv3.u_weights._14421_,6.055µm
m.u_conv3.u_weights._00553_,6.045µm
m.u_conv2.u_loader._312_,6.04µm
m.u_conv3.u_weights._01395_,6.04µm
m.u_conv3.u_weights._03999_,6.04µm
m.u_conv3.u_weights._04678_,6.04µm
m.u_conv2._0976_,6.03µm
m.u_conv3.u_weights._00413_,6.025µm
m.u_conv3.u_weights._03239_,6.025µm
m.u_conv3.u_weights._10659_,6.025µm
m.u_conv1._053_,6.02µm
m.u_conv2._0149_,6.02µm
m.u_conv2._1241_,6.02µm
m.u_conv3.u_weights._00404_,6.02µm
m.u_conv3.u_weights._00426_,6.02µm
m.u_conv3.u_weights._02409_,6.02µm
m.u_conv3.u_weights._02547_,6.02µm
m.u_conv3.u_weights._02788_,6.02µm
m.u_conv3.u_weights._03683_,6.02µm
m.u_conv3.u_weights._04182_,6.02µm
m.u_conv3.u_weights._04365_,6.02µm
m.u_conv3.u_weights._04552_,6.02µm
m.u_conv3.u_weights._04920_,6.02µm
m.u_conv3.u_weights._05396_,6.02µm
m.u_conv3.u_weights._06971_,6.02µm
m.u_conv3.u_weights._08202_,6.02µm
m.u_conv3.u_weights._08604_,6.02µm
m.u_conv3.u_weights._09697_,6.02µm
m.u_conv3.u_weights._10125_,6.02µm
m.u_conv3.u_weights._10551_,6.02µm
m.u_conv3.u_weights._11010_,6.02µm
m.u_conv3.u_weights._11332_,6.02µm
m.u_conv3.u_weights._11571_,6.02µm
m.u_conv3.u_weights._11930_,6.02µm
m.u_conv3.u_weights._12185_,6.02µm
m.u_conv3.u_weights._12558_,6.02µm
m.u_conv3.u_weights._12657_,6.02µm
m.u_conv3.u_weights._13928_,6.02µm
m.u_conv3.u_weights._14986_,6.02µm
m.u_conv3.u_weights._15048_,6.02µm
m.u_conv3.u_weights._15168_,6.02µm
m.u_conv3.u_weights._15651_,6.02µm
m.u_tree._0023_,6.02µm
m.u_tree._0117_,6.02µm
m.u_tree._0199_,6.02µm
m.u_tree._0296_,6.02µm
m.u_tree._0628_,6.02µm
m.u_tree._0633_,6.02µm
m.u_tree._1045_,6.02µm
m.u_tree._1267_,6.02µm
m.u_tree._1423_,6.02µm
net2277,6.02µm
net2443,6.02µm
net2488,6.02µm
net2546,6.02µm
net2751,6.02µm
net2759,6.02µm
net2788,6.02µm
m.u_conv1._191_,6.01µm
m.u_conv1._197_,6.01µm
net2175,6.01µm
m.u_conv1.conv_out3\[1\],6.01µm
m.u_conv1.conv_out3\[2\],6.01µm
m.u_conv1.u_loader._208_,6.01µm
m.u_conv1.u_loader._368_,6.01µm
m.u_conv2._0072_,6.01µm
m.u_conv2._1109_,6.01µm
m.u_conv2.u_loader._173_,6.01µm
m.u_conv3._040_,6.01µm
m.u_conv3._170_,6.01µm
m.u_conv3.u_weights._00837_,6.01µm
m.u_conv3.u_weights._01273_,6.01µm
m.u_conv3.u_weights._01317_,6.01µm
m.u_conv3.u_weights._01839_,6.01µm
m.u_conv3.u_weights._02229_,6.01µm
m.u_conv3.u_weights._03212_,6.01µm
m.u_conv3.u_weights._03572_,6.01µm
m.u_conv3.u_weights._03719_,6.01µm
m.u_conv3.u_weights._04210_,6.01µm
m.u_conv3.u_weights._04536_,6.01µm
m.u_conv3.u_weights._04705_,6.01µm
m.u_conv3.u_weights._04848_,6.01µm
m.u_conv3.u_weights._06389_,6.01µm
m.u_conv3.u_weights._06552_,6.01µm
m.u_conv3.u_weights._07015_,6.01µm
m.u_conv3.u_weights._07592_,6.01µm
m.u_conv3.u_weights._08497_,6.01µm
m.u_conv3.u_weights._08808_,6.01µm
m.u_conv3.u_weights._09042_,6.01µm
m.u_conv3.u_weights._09049_,6.01µm
m.u_conv3.u_weights._09184_,6.01µm
m.u_conv3.u_weights._09244_,6.01µm
m.u_conv3.u_weights._09638_,6.01µm
m.u_conv3.u_weights._09762_,6.01µm
m.u_conv3.u_weights._11383_,6.01µm
m.u_conv3.u_weights._12151_,6.01µm
m.u_conv3.u_weights._12800_,6.01µm
m.u_conv3.u_weights._14287_,6.01µm
m.u_conv3.u_weights._14631_,6.01µm
m.u_conv3.u_weights._15235_,6.01µm
m.u_conv3.u_weights._15335_,6.01µm
m.u_conv3.u_weights._15684_,6.01µm
m.u_tree._0008_,6.01µm
m.u_tree._0126_,6.01µm
net1902,6.01µm
net1945,6.01µm
net1949,6.01µm
net2166,6.01µm
net2313,6.01µm
m.u_conv1.u_loader._159_,6.005µm
m.u_conv3.u_weights._02186_,6.005µm
m.u_conv3.u_weights._06888_,6.005µm
m.u_conv3.u_weights._07146_,6.005µm
m.u_conv3.u_weights._12241_,6.005µm
net3011,6.005µm
net1990,6µm
m.u_conv2._0921_,6µm
m.u_conv3.u_weights._00013_,6µm
m.u_conv3.u_weights._02482_,6µm
m.u_conv3.u_weights._04312_,6µm
m.u_conv3.u_weights._04763_,6µm
m.u_conv3.u_weights._08074_,6µm
m.u_conv3.u_weights._08208_,6µm
m.u_conv3.u_weights._09706_,6µm
m.u_conv3.u_weights._10472_,6µm
m.u_pool1._115_,6µm
m.u_tree._0779_,6µm
net1911,6µm
net2104,6µm
net2119,6µm
m.u_conv3.u_weights._09111_,5.995µm
m.u_tree._0922_,5.995µm
m.u_conv2._0059_,5.985µm
m.u_conv3.u_weights._04056_,5.985µm
m.u_conv2._1425_,5.98µm
m.u_conv3.u_weights._05742_,5.98µm
m.u_conv3.u_weights._00588_,5.965µm
m.u_conv2._1224_,5.96µm
m.u_conv2.u_weights._213_,5.96µm
m.u_conv3.u_weights._03364_,5.96µm
m.u_conv3.u_weights._03568_,5.96µm
m.u_conv3.u_weights._10862_,5.96µm
m.u_conv3.u_weights._15350_,5.96µm
m.u_conv3.u_weights._03164_,5.955µm
m.u_conv3.u_weights._12176_,5.955µm
m.u_conv3.u_weights._13681_,5.955µm
m.u_conv2._0856_,5.95µm
m.u_conv2._1235_,5.95µm
m.u_conv3.u_weights._04221_,5.95µm
m.u_pool1._071_,5.95µm
m.u_conv3.u_weights._11931_,5.945µm
m.u_tree._0873_,5.945µm
m.u_conv2._0219_,5.94µm
m.u_conv2._0301_,5.94µm
m.u_conv2._1520_,5.94µm
m.u_conv2.acc\[43\]\[6\],5.94µm
m.u_conv3.u_weights._03129_,5.94µm
m.u_conv3.u_weights._05216_,5.94µm
m.u_tree._0224_,5.94µm
net2923,5.94µm
net2967,5.94µm
m._033_,5.925µm
m.u_conv3.u_weights._02655_,5.925µm
m.u_conv3.u_weights._07992_,5.925µm
m.u_conv3.u_weights._10854_,5.925µm
m.u_conv3.u_weights._13185_,5.925µm
m.u_conv3.u_weights._14879_,5.925µm
m.u_conv1.u_loader._240_,5.91µm
m.u_conv2._0336_,5.91µm
m.u_conv3.u_weights._00040_,5.91µm
m.u_conv3.u_weights._03704_,5.91µm
m.u_conv3.u_weights._06419_,5.91µm
m.u_conv3.u_weights._11129_,5.91µm
m.u_conv3.u_weights._15687_,5.91µm
m.u_tree._1144_,5.91µm
m.u_tree._0599_,5.905µm
m.u_conv2.u_loader._124_,5.9µm
m.u_conv3.u_weights._03722_,5.9µm
m.u_conv2.u_weights._100_,5.89µm
m.u_conv3.u_weights._04528_,5.89µm
m.u_conv3.u_weights._05037_,5.89µm
m.u_conv3.u_weights._11840_,5.89µm
m.u_conv3.u_weights._12680_,5.89µm
m.sram_req_conv1\[5\],5.88µm
m.u_conv1.u_loader._011_,5.88µm
m.u_conv1.u_loader._397_,5.88µm
m.u_conv2.acc\[3\]\[1\],5.88µm
m.u_conv2.linear_idx\[3\],5.88µm
m.u_conv2.u_loader._278_,5.88µm
m.u_conv3.u_weights._00798_,5.88µm
m.u_conv3.u_weights._01233_,5.88µm
m.u_conv3.u_weights._01259_,5.88µm
m.u_conv3.u_weights._01454_,5.88µm
m.u_conv3.u_weights._02632_,5.88µm
m.u_conv3.u_weights._03276_,5.88µm
m.u_conv3.u_weights._03309_,5.88µm
m.u_conv3.u_weights._04341_,5.88µm
m.u_conv3.u_weights._04877_,5.88µm
m.u_conv3.u_weights._06354_,5.88µm
m.u_conv3.u_weights._06630_,5.88µm
m.u_conv3.u_weights._06689_,5.88µm
m.u_conv3.u_weights._11044_,5.88µm
m.u_conv3.u_weights._11607_,5.88µm
m.u_conv3.u_weights._12363_,5.88µm
m.u_conv3.u_weights._12809_,5.88µm
m.u_conv3.u_weights._13984_,5.88µm
m.u_conv3.u_weights._14124_,5.88µm
m.u_conv3.u_weights._14926_,5.88µm
m.u_conv3.u_weights._15435_,5.88µm
m.u_conv3.u_weights._15708_,5.88µm
m.u_pool1._001_,5.88µm
m.u_pool2._103_,5.88µm
m.u_pool2._161_,5.88µm
m.u_tree._0502_,5.88µm
m.u_tree._0920_,5.88µm
m.u_tree._1498_,5.88µm
net1969,5.88µm
net2075,5.88µm
m.u_conv3.u_weights._12962_,5.87µm
m.u_conv2._0944_,5.865µm
m.u_conv3.u_weights._00108_,5.865µm
m.u_conv3.u_weights._04567_,5.865µm
m.u_conv3.u_weights._05418_,5.865µm
m.u_conv3.u_weights._13046_,5.865µm
m.u_conv3.u_weights._15723_,5.865µm
m.u_tree._0833_,5.865µm
m.u_conv2.u_weights._318_,5.85µm
m.u_conv3._106_,5.85µm
m.u_conv3.u_weights._01396_,5.85µm
m.u_conv3.u_weights._03298_,5.85µm
m.u_conv3.u_weights._06969_,5.85µm
m.u_conv3.u_weights._00028_,5.84µm
m.u_conv2._0022_,5.83µm
m.u_conv2._0039_,5.83µm
m.u_conv2._0074_,5.83µm
m.u_conv2._0096_,5.83µm
m.u_conv2._0120_,5.83µm
m.u_conv2._0126_,5.83µm
m.u_conv2._0129_,5.83µm
m.u_conv2._0158_,5.83µm
m.u_conv2._0174_,5.83µm
m.u_conv2._0183_,5.83µm
m.u_conv2._0224_,5.83µm
m.u_conv2._0407_,5.83µm
m.u_conv3.u_weights._00605_,5.83µm
m.u_mnist_loader._01_,5.83µm
net2229,5.83µm
net2829,5.83µm
net2843,5.83µm
net2850,5.83µm
net2868,5.83µm
net2904,5.83µm
net2943,5.83µm
net3023,5.83µm
m.sram_req_mnist\[18\],5.82µm
m.u_conv1._013_,5.82µm
m.u_conv1._115_,5.82µm
m.u_conv2._1098_,5.82µm
m.u_conv2._1130_,5.82µm
m.u_conv2._1138_,5.82µm
m.u_conv2._1332_,5.82µm
m.u_conv2._1428_,5.82µm
m.u_conv2.u_loader._158_,5.82µm
m.u_conv2.u_loader._248_,5.82µm
m.u_conv2.u_loader._322_,5.82µm
m.u_conv2.u_loader._323_,5.82µm
m.u_conv2.u_weights._360_,5.82µm
m.u_conv3._216_,5.82µm
m.u_conv3.u_weights._00166_,5.82µm
m.u_conv3.u_weights._00444_,5.82µm
m.u_conv3.u_weights._00733_,5.82µm
m.u_conv3.u_weights._01343_,5.82µm
m.u_conv3.u_weights._01684_,5.82µm
m.u_conv3.u_weights._02457_,5.82µm
m.u_conv3.u_weights._02583_,5.82µm
m.u_conv3.u_weights._02837_,5.82µm
m.u_conv3.u_weights._03003_,5.82µm
m.u_conv3.u_weights._03124_,5.82µm
m.u_conv3.u_weights._03345_,5.82µm
m.u_conv3.u_weights._04302_,5.82µm
m.u_conv3.u_weights._04384_,5.82µm
m.u_conv3.u_weights._04399_,5.82µm
m.u_conv3.u_weights._04582_,5.82µm
m.u_conv3.u_weights._05010_,5.82µm
m.u_conv3.u_weights._05065_,5.82µm
m.u_conv3.u_weights._05154_,5.82µm
m.u_conv3.u_weights._05544_,5.82µm
m.u_conv3.u_weights._05904_,5.82µm
m.u_conv3.u_weights._06289_,5.82µm
m.u_conv3.u_weights._06464_,5.82µm
m.u_conv3.u_weights._06817_,5.82µm
m.u_conv3.u_weights._07746_,5.82µm
m.u_conv3.u_weights._07831_,5.82µm
m.u_conv3.u_weights._08966_,5.82µm
m.u_conv3.u_weights._09651_,5.82µm
m.u_conv3.u_weights._12111_,5.82µm
m.u_conv3.u_weights._12143_,5.82µm
m.u_conv3.u_weights._12210_,5.82µm
m.u_conv3.u_weights._12299_,5.82µm
m.u_conv3.u_weights._12638_,5.82µm
m.u_conv3.u_weights._12641_,5.82µm
m.u_conv3.u_weights._14662_,5.82µm
m.u_conv3.u_weights._15173_,5.82µm
m.u_conv3.u_weights._15271_,5.82µm
m.u_conv3.u_weights._15285_,5.82µm
m.u_tree._0522_,5.82µm
m.u_tree._0648_,5.82µm
m.u_tree._0795_,5.82µm
m.u_tree._1559_,5.82µm
net2082,5.82µm
net2722,5.82µm
m.u_conv3.u_weights._03716_,5.815µm
m.u_tree._1302_,5.815µm
m.u_conv3.u_weights._01514_,5.805µm
rst_n,5.79µm
ui_in[0],5.79µm
ui_in[1],5.79µm
ui_in[2],5.79µm
ui_in[3],5.79µm
ui_in[4],5.79µm
ui_in[5],5.79µm
ui_in[6],5.79µm
ui_in[7],5.79µm
uio_in[0],5.79µm
m.sram_req_conv1\[15\],5.77µm
m.sram_req_conv3\[13\],5.77µm
m.u_conv1.sram_req_load\[22\],5.77µm
m.u_conv1.u_weights._133_,5.77µm
m.u_conv2._0218_,5.77µm
m.u_conv2._0252_,5.77µm
m.u_conv2._0411_,5.77µm
m.u_conv2._0496_,5.77µm
m.u_conv2.u_weights._167_,5.77µm
m.u_conv3.u_weights._00056_,5.77µm
m.u_conv3.u_weights._01832_,5.77µm
m.u_conv3.u_weights._03131_,5.77µm
m.u_conv3.u_weights._03570_,5.77µm
m.u_conv3.u_weights._03788_,5.77µm
m.u_conv3.u_weights._05180_,5.77µm
m.u_conv3.u_weights._05240_,5.77µm
m.u_conv3.u_weights._05391_,5.77µm
m.u_conv3.u_weights._05758_,5.77µm
m.u_conv3.u_weights._05795_,5.77µm
m.u_conv3.u_weights._05839_,5.77µm
m.u_conv3.u_weights._05868_,5.77µm
m.u_conv3.u_weights._06428_,5.77µm
m.u_conv3.u_weights._06635_,5.77µm
m.u_conv3.u_weights._07276_,5.77µm
m.u_conv3.u_weights._07541_,5.77µm
m.u_conv3.u_weights._07942_,5.77µm
m.u_conv3.u_weights._08531_,5.77µm
m.u_conv3.u_weights._08793_,5.77µm
m.u_conv3.u_weights._09073_,5.77µm
m.u_conv3.u_weights._11534_,5.77µm
m.u_conv3.u_weights._11546_,5.77µm
m.u_conv3.u_weights._11787_,5.77µm
m.u_conv3.u_weights._12850_,5.77µm
m.u_conv3.u_weights._12998_,5.77µm
m.u_conv3.u_weights._14250_,5.77µm
m.u_conv3.u_weights._14367_,5.77µm
m.u_conv3.u_weights._14654_,5.77µm
m.u_conv3.u_weights._14737_,5.77µm
m.u_conv3.u_weights._14917_,5.77µm
m.u_conv3.u_weights._15132_,5.77µm
m.u_conv3.u_weights._15673_,5.77µm
m.u_tree._0452_,5.77µm
m.u_tree._1176_,5.77µm
m.u_tree._1232_,5.77µm
m.u_tree._1521_,5.77µm
net1938,5.77µm
net2107,5.77µm
net2110,5.77µm
m._047_,5.76µm
m.u_conv2._0666_,5.76µm
m.u_conv2._0874_,5.76µm
m.u_conv2._0900_,5.76µm
m.u_conv2.acc\[0\]\[3\],5.76µm
m.u_conv3.u_weights._00313_,5.76µm
m.u_conv3.u_weights._00319_,5.76µm
m.u_conv3.u_weights._00807_,5.76µm
m.u_conv3.u_weights._01177_,5.76µm
m.u_conv3.u_weights._01265_,5.76µm
m.u_conv3.u_weights._02377_,5.76µm
m.u_conv3.u_weights._02577_,5.76µm
m.u_conv3.u_weights._03085_,5.76µm
m.u_conv3.u_weights._03549_,5.76µm
m.u_conv3.u_weights._04291_,5.76µm
m.u_conv3.u_weights._04300_,5.76µm
m.u_conv3.u_weights._06239_,5.76µm
m.u_conv3.u_weights._06434_,5.76µm
m.u_conv3.u_weights._06577_,5.76µm
m.u_conv3.u_weights._06615_,5.76µm
m.u_conv3.u_weights._06676_,5.76µm
m.u_conv3.u_weights._07339_,5.76µm
m.u_conv3.u_weights._08009_,5.76µm
m.u_conv3.u_weights._09515_,5.76µm
m.u_conv3.u_weights._10245_,5.76µm
m.u_conv3.u_weights._11720_,5.76µm
m.u_conv3.u_weights._12102_,5.76µm
m.u_conv3.u_weights._12112_,5.76µm
m.u_conv3.u_weights._12308_,5.76µm
m.u_conv3.u_weights._13311_,5.76µm
m.u_pool1._210_,5.76µm
m.u_tree._0287_,5.76µm
m.u_tree._1066_,5.76µm
m.u_tree._1314_,5.76µm
net2130,5.76µm
m.u_conv3.u_weights._05156_,5.755µm
m.u_conv3.u_weights._14245_,5.755µm
m.u_tree._1111_,5.72µm
net2039,5.715µm
m.sram_req_pool1\[11\],5.71µm
m.sram_req_pool1\[2\],5.71µm
m.u_conv1.conv_out0\[2\],5.71µm
m.u_conv1.u_loader._211_,5.71µm
m.u_conv1.u_weights._068_,5.71µm
m.u_conv2._1222_,5.71µm
m.u_conv2._1306_,5.71µm
m.u_conv2._1456_,5.71µm
m.u_conv3._047_,5.71µm
m.u_conv3._230_,5.71µm
m.u_conv3.u_weights._00162_,5.71µm
m.u_conv3.u_weights._00288_,5.71µm
m.u_conv3.u_weights._00464_,5.71µm
m.u_conv3.u_weights._00724_,5.71µm
m.u_conv3.u_weights._02867_,5.71µm
m.u_conv3.u_weights._03337_,5.71µm
m.u_conv3.u_weights._03350_,5.71µm
m.u_conv3.u_weights._03417_,5.71µm
m.u_conv3.u_weights._03441_,5.71µm
m.u_conv3.u_weights._04163_,5.71µm
m.u_conv3.u_weights._04293_,5.71µm
m.u_conv3.u_weights._04500_,5.71µm
m.u_conv3.u_weights._05048_,5.71µm
m.u_conv3.u_weights._05477_,5.71µm
m.u_conv3.u_weights._05575_,5.71µm
m.u_conv3.u_weights._05964_,5.71µm
m.u_conv3.u_weights._06926_,5.71µm
m.u_conv3.u_weights._07048_,5.71µm
m.u_conv3.u_weights._07168_,5.71µm
m.u_conv3.u_weights._07598_,5.71µm
m.u_conv3.u_weights._07644_,5.71µm
m.u_conv3.u_weights._07686_,5.71µm
m.u_conv3.u_weights._08556_,5.71µm
m.u_conv3.u_weights._09335_,5.71µm
m.u_conv3.u_weights._10259_,5.71µm
m.u_conv3.u_weights._10415_,5.71µm
m.u_conv3.u_weights._10469_,5.71µm
m.u_conv3.u_weights._10713_,5.71µm
m.u_conv3.u_weights._11462_,5.71µm
m.u_conv3.u_weights._11775_,5.71µm
m.u_conv3.u_weights._12777_,5.71µm
m.u_conv3.u_weights._13965_,5.71µm
m.u_conv3.u_weights._14191_,5.71µm
m.u_conv3.u_weights._15051_,5.71µm
m.u_conv3.u_weights._15294_,5.71µm
m.u_conv3.u_weights._15333_,5.71µm
m.u_conv3.u_weights._15501_,5.71µm
m.u_pool1._025_,5.71µm
m.u_pool1._227_,5.71µm
m.u_tree._0163_,5.71µm
m.u_tree._0518_,5.71µm
m.u_tree._0823_,5.71µm
m.u_tree._0874_,5.71µm
m.u_tree._1454_,5.71µm
net1883,5.71µm
net2760,5.71µm
m.u_conv3.u_weights._07353_,5.705µm
m.u_conv1.u_loader._263_,5.7µm
m.u_conv2._0694_,5.7µm
m.u_conv2._0994_,5.7µm
m.u_conv2.acc\[0\]\[2\],5.7µm
m.u_conv3.u_weights._00266_,5.7µm
m.u_conv3.u_weights._01362_,5.7µm
m.u_conv3.u_weights._04648_,5.7µm
m.u_conv3.u_weights._05153_,5.7µm
m.u_conv3.u_weights._07940_,5.7µm
m.u_conv3.u_weights._07951_,5.7µm
m.u_conv3.u_weights._08051_,5.7µm
m.u_conv3.u_weights._08143_,5.7µm
m.u_conv3.u_weights._09089_,5.7µm
m.u_conv3.u_weights._09475_,5.7µm
m.u_conv3.u_weights._09539_,5.7µm
m.u_conv3.u_weights._13382_,5.7µm
m.u_conv3.u_weights._13990_,5.7µm
m.u_conv3.u_weights._14303_,5.7µm
m.u_conv3.u_weights._14683_,5.7µm
m.u_conv3.u_weights._15305_,5.7µm
m.u_conv3.u_weights._15677_,5.7µm
m.u_pool1._091_,5.7µm
m.u_pool1._101_,5.7µm
m.u_pool2._013_,5.7µm
m.u_tree._0631_,5.7µm
m.u_tree._1126_,5.7µm
m.u_conv3.u_weights._01695_,5.695µm
m.u_conv3.u_weights._08521_,5.695µm
m.u_conv3.u_weights._12595_,5.695µm
m.u_conv3.u_weights._05395_,5.69µm
m.u_conv3.u_weights._05976_,5.69µm
m.u_conv3.u_weights._01656_,5.67µm
m.u_conv3.u_weights._04260_,5.67µm
m.u_conv2.u_weights._187_,5.665µm
m.u_conv3.u_weights._00275_,5.665µm
m.u_conv3.u_weights._12271_,5.665µm
m.u_tree._0265_,5.665µm
m.u_conv1.u_loader._094_,5.66µm
m.u_conv3.u_weights._00437_,5.66µm
m.u_conv3.u_weights._01777_,5.66µm
m.u_conv3.u_weights._02453_,5.66µm
m.u_conv3.u_weights._03179_,5.66µm
m.u_conv3.u_weights._03848_,5.66µm
m.u_conv3.u_weights._04176_,5.66µm
m.u_conv3.u_weights._05965_,5.66µm
m.u_conv3.u_weights._07362_,5.66µm
m.u_conv3.u_weights._07842_,5.66µm
m.u_conv3.u_weights._08449_,5.66µm
m.u_conv3.u_weights._08701_,5.66µm
m.u_conv3.u_weights._09438_,5.66µm
m.u_conv3.u_weights._10173_,5.66µm
m.u_conv3.u_weights._10857_,5.66µm
m.u_conv3.u_weights._10910_,5.66µm
m.u_conv3.u_weights._11574_,5.66µm
m.u_conv3.u_weights._12901_,5.66µm
m.u_conv3.u_weights._13012_,5.66µm
m.u_conv3.u_weights._13248_,5.66µm
m.u_conv3.u_weights._13340_,5.66µm
m.u_conv3.u_weights._13389_,5.66µm
m.u_conv3.u_weights._15254_,5.66µm
m.u_conv3.u_weights._15550_,5.66µm
m.u_conv3.u_weights._15660_,5.66µm
m.u_conv3.u_weights._15714_,5.66µm
m.u_tree._1125_,5.66µm
m.u_conv3.u_weights._10362_,5.655µm
m.u_conv1.u_weights._126_,5.65µm
m.u_conv2._0758_,5.65µm
m.u_conv3.u_weights._01618_,5.65µm
m.u_conv3.u_weights._03357_,5.65µm
m.u_conv3.u_weights._03626_,5.65µm
m.u_conv3.u_weights._03733_,5.65µm
m.u_conv3.u_weights._05978_,5.65µm
m.u_conv3.u_weights._14411_,5.65µm
m.u_tree._1167_,5.645µm
net2142,5.64µm
m.u_conv1._025_,5.64µm
net2146,5.64µm
m.u_conv2._0065_,5.64µm
m.u_conv2._0112_,5.64µm
m.u_conv2._0173_,5.64µm
m.u_conv2._0210_,5.64µm
m.u_conv2._0272_,5.64µm
m.u_conv2._0324_,5.64µm
m.u_conv2._0422_,5.64µm
m.u_conv2._0444_,5.64µm
m.u_conv2._0590_,5.64µm
m.u_conv2._0816_,5.64µm
m.u_conv2._0882_,5.64µm
net2186,5.64µm
net2190,5.64µm
net2199,5.64µm
net2204,5.64µm
m.u_conv2.acc\[15\]\[1\],5.64µm
m.u_conv2.acc\[29\]\[4\],5.64µm
net2217,5.64µm
net2220,5.64µm
m.u_conv2.sram_req_load\[22\],5.64µm
m.u_conv3._013_,5.64µm
m.u_conv3._156_,5.64µm
m.u_conv3.u_weights._01620_,5.64µm
m.u_conv3.u_weights._01952_,5.64µm
m.u_conv3.u_weights._02542_,5.64µm
m.u_conv3.u_weights._02601_,5.64µm
m.u_conv3.u_weights._03042_,5.64µm
m.u_conv3.u_weights._04643_,5.64µm
m.u_conv3.u_weights._04773_,5.64µm
m.u_conv3.u_weights._05238_,5.64µm
m.u_conv3.u_weights._05816_,5.64µm
m.u_conv3.u_weights._07384_,5.64µm
m.u_conv3.u_weights._07744_,5.64µm
m.u_conv3.u_weights._08011_,5.64µm
m.u_conv3.u_weights._08193_,5.64µm
m.u_conv3.u_weights._08203_,5.64µm
m.u_conv3.u_weights._10287_,5.64µm
m.u_conv3.u_weights._10517_,5.64µm
m.u_conv3.u_weights._11031_,5.64µm
m.u_conv3.u_weights._11337_,5.64µm
m.u_conv3.u_weights._12124_,5.64µm
m.u_conv3.u_weights._12971_,5.64µm
m.u_conv3.u_weights._13292_,5.64µm
m.u_pool1._015_,5.64µm
m.u_pool1._122_,5.64µm
m.u_tree._0672_,5.64µm
m.u_tree._1491_,5.64µm
m.u_conv2._1026_,5.635µm
m.u_conv2._1053_,5.635µm
m.u_conv2._1313_,5.635µm
m.u_conv2._1389_,5.635µm
m.u_conv2._1528_,5.635µm
m.u_conv2.acc\[48\]\[3\],5.635µm
m.u_conv2.acc\[9\]\[3\],5.635µm
m.u_conv2.u_loader._002_,5.635µm
m.u_conv2.u_weights._182_,5.635µm
m.u_conv2.u_weights._229_,5.635µm
m.u_conv3.u_weights._00357_,5.635µm
m.u_conv3.u_weights._00642_,5.635µm
m.u_conv3.u_weights._01069_,5.635µm
m.u_conv3.u_weights._01384_,5.635µm
m.u_conv3.u_weights._01717_,5.635µm
m.u_conv3.u_weights._02249_,5.635µm
m.u_conv3.u_weights._02660_,5.635µm
m.u_conv3.u_weights._02905_,5.635µm
m.u_conv3.u_weights._03150_,5.635µm
m.u_conv3.u_weights._03199_,5.635µm
m.u_conv3.u_weights._03475_,5.635µm
m.u_conv3.u_weights._03654_,5.635µm
m.u_conv3.u_weights._03906_,5.635µm
m.u_conv3.u_weights._04636_,5.635µm
m.u_conv3.u_weights._04825_,5.635µm
m.u_conv3.u_weights._05297_,5.635µm
m.u_conv3.u_weights._06030_,5.635µm
m.u_conv3.u_weights._06086_,5.635µm
m.u_conv3.u_weights._06195_,5.635µm
m.u_conv3.u_weights._06791_,5.635µm
m.u_conv3.u_weights._06908_,5.635µm
m.u_conv3.u_weights._06941_,5.635µm
m.u_conv3.u_weights._07172_,5.635µm
m.u_conv3.u_weights._07390_,5.635µm
m.u_conv3.u_weights._07897_,5.635µm
m.u_conv3.u_weights._08259_,5.635µm
m.u_conv3.u_weights._08725_,5.635µm
m.u_conv3.u_weights._09025_,5.635µm
m.u_conv3.u_weights._09393_,5.635µm
m.u_conv3.u_weights._11802_,5.635µm
m.u_conv3.u_weights._11845_,5.635µm
m.u_conv3.u_weights._13194_,5.635µm
m.u_conv3.u_weights._14167_,5.635µm
m.u_conv3.u_weights._15479_,5.635µm
m.u_pool2._129_,5.635µm
net2578,5.635µm
net2688,5.635µm
net2767,5.635µm
net2956,5.635µm
net2993,5.635µm
m.u_conv3.u_weights._10527_,5.63µm
m.u_conv3.u_weights._11587_,5.63µm
m.u_conv3.u_weights._09632_,5.625µm
m.u_conv3.u_weights._01091_,5.62µm
m.u_conv3.u_weights._02878_,5.62µm
m.u_conv3.u_weights._04230_,5.62µm
m.u_conv3.u_weights._06130_,5.62µm
m.u_tree._1258_,5.62µm
net1942,5.62µm
m.u_conv3.u_weights._09867_,5.61µm
m.u_conv3.u_weights._02795_,5.605µm
m.u_conv1.u_loader._112_,5.6µm
m.u_conv3.u_weights._08519_,5.6µm
m.u_conv3.u_weights._14128_,5.6µm
m.u_pool2._097_,5.6µm
m.u_conv3.u_weights._11020_,5.595µm
m.u_conv3.u_weights._12665_,5.595µm
m.u_conv2.acc\[6\]\[2\],5.59µm
m.u_conv3.u_weights._04208_,5.59µm
m.u_conv3.u_weights._11799_,5.59µm
m.u_conv1.u_loader._210_,5.58µm
m.u_conv2._0064_,5.58µm
m.u_conv2._0246_,5.58µm
m.u_conv2.u_loader._107_,5.58µm
m.u_conv3._050_,5.58µm
m.u_conv3.u_weights._04523_,5.58µm
m.u_conv3.u_weights._05556_,5.58µm
m.u_conv3.u_weights._08771_,5.58µm
m.u_pool2._065_,5.58µm
m.u_conv2._1011_,5.575µm
m.u_conv2._0571_,5.565µm
m.u_conv3._129_,5.565µm
m.u_conv3.u_weights._09174_,5.555µm
m.u_conv3.u_weights._04784_,5.545µm
m._022_,5.54µm
m._086_,5.54µm
m.u_conv2._0494_,5.54µm
m.u_conv2._1137_,5.54µm
m.u_conv2._1166_,5.54µm
m.u_conv2._1218_,5.54µm
m.u_conv2._1363_,5.54µm
m.u_conv2._1562_,5.54µm
m.u_conv2.u_loader._114_,5.54µm
m.u_conv3.u_weights._00117_,5.54µm
m.u_conv3.u_weights._01054_,5.54µm
m.u_conv3.u_weights._01086_,5.54µm
m.u_conv3.u_weights._02087_,5.54µm
m.u_conv3.u_weights._02533_,5.54µm
m.u_conv3.u_weights._03097_,5.54µm
m.u_conv3.u_weights._04629_,5.54µm
m.u_conv3.u_weights._08200_,5.54µm
m.u_conv3.u_weights._13795_,5.54µm
m.u_conv3.u_weights._14263_,5.54µm
m.u_conv3.u_weights._15337_,5.54µm
m.u_tree._0812_,5.54µm
net2484,5.54µm
net2502,5.54µm
net2507,5.54µm
net3053,5.54µm
m.u_conv1._190_,5.53µm
m.u_conv1.u_loader._233_,5.53µm
m.u_conv1.u_loader._396_,5.53µm
m.u_conv2._0298_,5.53µm
m.u_conv2._1140_,5.53µm
m.u_conv2._1409_,5.53µm
m.u_conv2.u_loader._004_,5.53µm
m.u_conv2.u_weights._010_,5.53µm
m.u_conv2.u_weights._184_,5.53µm
m.u_conv2.u_weights._402_,5.53µm
m.u_conv3._029_,5.53µm
m.u_conv3._114_,5.53µm
m.u_conv3.u_weights._00256_,5.53µm
m.u_conv3.u_weights._00842_,5.53µm
m.u_conv3.u_weights._00986_,5.53µm
m.u_conv3.u_weights._01761_,5.53µm
m.u_conv3.u_weights._02231_,5.53µm
m.u_conv3.u_weights._03580_,5.53µm
m.u_conv3.u_weights._03852_,5.53µm
m.u_conv3.u_weights._04741_,5.53µm
m.u_conv3.u_weights._04974_,5.53µm
m.u_conv3.u_weights._07075_,5.53µm
m.u_conv3.u_weights._07383_,5.53µm
m.u_conv3.u_weights._07730_,5.53µm
m.u_conv3.u_weights._08213_,5.53µm
m.u_conv3.u_weights._09603_,5.53µm
m.u_conv3.u_weights._10274_,5.53µm
m.u_conv3.u_weights._10323_,5.53µm
m.u_conv3.u_weights._10516_,5.53µm
m.u_conv3.u_weights._11549_,5.53µm
m.u_conv3.u_weights._11914_,5.53µm
m.u_conv3.u_weights._12449_,5.53µm
m.u_conv3.u_weights._13334_,5.53µm
m.u_conv3.u_weights._13667_,5.53µm
m.u_conv3.u_weights._14194_,5.53µm
m.u_conv3.u_weights._15314_,5.53µm
m.u_pool1._012_,5.53µm
m.u_pool1._014_,5.53µm
m.u_tree._0411_,5.53µm
net2072,5.53µm
net2093,5.53µm
m.u_conv3.u_weights._00277_,5.525µm
net2087,5.52µm
m.u_conv3.u_weights._00249_,5.52µm
m.u_conv3.u_weights._02935_,5.52µm
m.u_conv3.u_weights._03047_,5.52µm
m.u_conv3.u_weights._05164_,5.52µm
m.u_conv3.u_weights._06321_,5.52µm
m.u_conv3.u_weights._06466_,5.52µm
m.u_conv3.u_weights._06891_,5.52µm
m.u_conv3.u_weights._07749_,5.52µm
m.u_conv3.u_weights._09045_,5.52µm
m.u_conv3.u_weights._10823_,5.52µm
m.u_conv3.u_weights._12551_,5.52µm
m.u_pool2._094_,5.52µm
net1922,5.52µm
net1929,5.52µm
net1963,5.52µm
net2100,5.52µm
net2115,5.52µm
m.u_conv1.u_loader._145_,5.5µm
m.u_conv3.u_weights._01726_,5.5µm
m.u_conv3.u_weights._04591_,5.5µm
m.u_conv3.u_weights._09229_,5.5µm
net1848,5.49µm
m.u_conv3.u_weights._01034_,5.49µm
net1849,5.49µm
net1850,5.49µm
net1851,5.49µm
net1852,5.49µm
net1853,5.49µm
net1854,5.49µm
net1855,5.49µm
net1856,5.49µm
net1857,5.49µm
net1858,5.49µm
net1859,5.49µm
net1860,5.49µm
net1861,5.49µm
net1862,5.49µm
net1864,5.49µm
net1865,5.49µm
net1866,5.49µm
m.u_conv2._0638_,5.48µm
m.u_conv2._1118_,5.48µm
m.u_conv2._1395_,5.48µm
m.u_conv3.u_weights._11884_,5.475µm
m.sram_req_mnist\[5\],5.47µm
m.u_conv2._1293_,5.47µm
m.u_conv3._207_,5.47µm
m.u_conv3.u_weights._00144_,5.47µm
m.u_conv3.u_weights._02016_,5.47µm
m.u_conv3.u_weights._02887_,5.47µm
m.u_conv3.u_weights._06029_,5.47µm
m.u_conv3.u_weights._07088_,5.47µm
m.u_conv3.u_weights._00762_,5.465µm
m.u_conv3.u_weights._10722_,5.465µm
m.u_conv2._0028_,5.46µm
m.u_conv2._0133_,5.46µm
m.u_conv2._0359_,5.46µm
m.u_conv2._0376_,5.46µm
m.u_conv2._0388_,5.46µm
m.u_conv2._0428_,5.46µm
m.u_conv3.u_weights._02518_,5.46µm
m.u_conv3.u_weights._05270_,5.46µm
m.u_conv3.u_weights._10770_,5.46µm
net2800,5.46µm
net2826,5.46µm
net2839,5.46µm
net2999,5.46µm
m.u_conv3.u_weights._08931_,5.45µm
m.u_conv3.u_weights._00248_,5.445µm
m.u_conv3.u_weights._07982_,5.44µm
m.u_pool2._093_,5.44µm
m.u_conv1.u_weights._019_,5.43µm
m.u_conv2._0676_,5.43µm
m.u_conv3.u_weights._00721_,5.43µm
m.u_conv3.u_weights._02695_,5.43µm
m.u_conv3.u_weights._03215_,5.43µm
m.u_conv3.u_weights._09873_,5.43µm
m.u_conv3.u_weights._12600_,5.43µm
m.u_conv3.u_weights._14422_,5.43µm
m.u_conv3.u_weights._04700_,5.425µm
m.u_conv3.u_weights._12122_,5.425µm
m.u_conv3.u_weights._03202_,5.42µm
m.u_conv3.u_weights._03671_,5.42µm
m.u_conv3.u_weights._06193_,5.42µm
m.u_conv3.u_weights._08625_,5.42µm
m.u_conv2._0478_,5.415µm
m.u_conv3.u_weights._05513_,5.415µm
net2135,5.41µm
m.u_conv3.u_weights._11069_,5.41µm
net1991,5.4µm
m.u_conv1.loader_buffer\[9\],5.4µm
m.u_conv1.u_loader._092_,5.4µm
m.u_conv1.u_loader._161_,5.4µm
m.u_conv1.u_weights._034_,5.4µm
m.u_conv2._0608_,5.4µm
m.u_conv2._0744_,5.4µm
m.u_conv2.loader_buffer\[11\],5.4µm
m.u_conv2.u_weights._037_,5.4µm
m.u_conv2.u_weights._093_,5.4µm
m.u_conv2.u_weights._162_,5.4µm
m.u_conv3.u_weights._00405_,5.4µm
m.u_conv3.u_weights._00436_,5.4µm
m.u_conv3.u_weights._00556_,5.4µm
m.u_conv3.u_weights._00604_,5.4µm
m.u_conv3.u_weights._01943_,5.4µm
m.u_conv3.u_weights._02092_,5.4µm
m.u_conv3.u_weights._02345_,5.4µm
m.u_conv3.u_weights._02527_,5.4µm
m.u_conv3.u_weights._02947_,5.4µm
m.u_conv3.u_weights._03065_,5.4µm
m.u_conv3.u_weights._03837_,5.4µm
m.u_conv3.u_weights._04147_,5.4µm
m.u_conv3.u_weights._04211_,5.4µm
m.u_conv3.u_weights._04320_,5.4µm
m.u_conv3.u_weights._04356_,5.4µm
m.u_conv3.u_weights._05086_,5.4µm
m.u_conv3.u_weights._05385_,5.4µm
m.u_conv3.u_weights._06202_,5.4µm
m.u_conv3.u_weights._06789_,5.4µm
m.u_conv3.u_weights._07435_,5.4µm
m.u_conv3.u_weights._07824_,5.4µm
m.u_conv3.u_weights._07839_,5.4µm
m.u_conv3.u_weights._08354_,5.4µm
m.u_conv3.u_weights._09693_,5.4µm
m.u_conv3.u_weights._09739_,5.4µm
m.u_conv3.u_weights._11265_,5.4µm
m.u_conv3.u_weights._11365_,5.4µm
m.u_conv3.u_weights._11522_,5.4µm
m.u_conv3.u_weights._11598_,5.4µm
m.u_conv3.u_weights._11706_,5.4µm
m.u_conv3.u_weights._12229_,5.4µm
m.u_conv3.u_weights._12404_,5.4µm
m.u_conv3.u_weights._12786_,5.4µm
m.u_conv3.u_weights._12936_,5.4µm
m.u_conv3.u_weights._13015_,5.4µm
m.u_conv3.u_weights._13038_,5.4µm
m.u_conv3.u_weights._13041_,5.4µm
m.u_conv3.u_weights._13782_,5.4µm
m.u_conv3.u_weights._13931_,5.4µm
m.u_conv3.u_weights._14005_,5.4µm
m.u_conv3.u_weights._14142_,5.4µm
m.u_conv3.u_weights._14503_,5.4µm
m.u_conv3.u_weights._15628_,5.4µm
m.u_conv3.u_weights._15645_,5.4µm
m.u_tree._0189_,5.4µm
m.u_tree._0821_,5.4µm
m.u_tree._0934_,5.4µm
m.u_tree._1385_,5.4µm
m.u_tree._1445_,5.4µm
net1888,5.4µm
net1954,5.4µm
net2084,5.4µm
net3068,5.4µm
m.u_conv3.u_weights._02578_,5.385µm
m.u_conv3.u_weights._05146_,5.385µm
m.u_conv3.u_weights._07028_,5.385µm
m.u_conv3.u_weights._07989_,5.385µm
m.u_conv3.u_weights._10395_,5.385µm
m.u_tree._1376_,5.385µm
m.u_conv2.sram_req_load\[25\],5.36µm
m.u_conv2._0010_,5.35µm
m.u_conv2._0036_,5.35µm
m.u_conv2._0047_,5.35µm
m.u_conv2._0083_,5.35µm
m.u_conv2._0101_,5.35µm
m.u_conv2._0171_,5.35µm
m.u_conv2._0178_,5.35µm
m.u_conv2._0194_,5.35µm
m.u_conv2._0229_,5.35µm
m.u_conv2._0296_,5.35µm
m.u_conv2._0315_,5.35µm
m.u_conv2._0364_,5.35µm
m.u_conv2._0439_,5.35µm
m.u_conv2._0454_,5.35µm
net8,5.35µm
net2272,5.35µm
net2814,5.35µm
m._083_,5.34µm
m.sram_req_conv1\[14\],5.34µm
m.u_conv2._0576_,5.34µm
m.u_conv2._1384_,5.34µm
m.u_conv2.u_loader._175_,5.34µm
m.u_conv2.u_loader._285_,5.34µm
m.u_conv2.u_loader._445_,5.34µm
m.u_conv2.u_weights._087_,5.34µm
m.u_conv2.u_weights._133_,5.34µm
m.u_conv2.u_weights._277_,5.34µm
m.u_conv2.u_weights._377_,5.34µm
m.u_conv3._087_,5.34µm
m.u_conv3._161_,5.34µm
m.u_conv3.u_weights._00185_,5.34µm
m.u_conv3.u_weights._00401_,5.34µm
m.u_conv3.u_weights._00621_,5.34µm
m.u_conv3.u_weights._00696_,5.34µm
m.u_conv3.u_weights._00825_,5.34µm
m.u_conv3.u_weights._00920_,5.34µm
m.u_conv3.u_weights._00953_,5.34µm
m.u_conv3.u_weights._01051_,5.34µm
m.u_conv3.u_weights._01211_,5.34µm
m.u_conv3.u_weights._01533_,5.34µm
m.u_conv3.u_weights._01850_,5.34µm
m.u_conv3.u_weights._02402_,5.34µm
m.u_conv3.u_weights._02891_,5.34µm
m.u_conv3.u_weights._03255_,5.34µm
m.u_conv3.u_weights._03356_,5.34µm
m.u_conv3.u_weights._03536_,5.34µm
m.u_conv3.u_weights._03617_,5.34µm
m.u_conv3.u_weights._03624_,5.34µm
m.u_conv3.u_weights._04152_,5.34µm
m.u_conv3.u_weights._04241_,5.34µm
m.u_conv3.u_weights._04439_,5.34µm
m.u_conv3.u_weights._04948_,5.34µm
m.u_conv3.u_weights._05196_,5.34µm
m.u_conv3.u_weights._05694_,5.34µm
m.u_conv3.u_weights._06491_,5.34µm
m.u_conv3.u_weights._06853_,5.34µm
m.u_conv3.u_weights._07231_,5.34µm
m.u_conv3.u_weights._07643_,5.34µm
m.u_conv3.u_weights._07655_,5.34µm
m.u_conv3.u_weights._07850_,5.34µm
m.u_conv3.u_weights._07943_,5.34µm
m.u_conv3.u_weights._08748_,5.34µm
m.u_conv3.u_weights._08759_,5.34µm
m.u_conv3.u_weights._09095_,5.34µm
m.u_conv3.u_weights._09097_,5.34µm
m.u_conv3.u_weights._09514_,5.34µm
m.u_conv3.u_weights._09818_,5.34µm
m.u_conv3.u_weights._10920_,5.34µm
m.u_conv3.u_weights._11703_,5.34µm
m.u_conv3.u_weights._12170_,5.34µm
m.u_conv3.u_weights._12471_,5.34µm
m.u_conv3.u_weights._12734_,5.34µm
m.u_conv3.u_weights._13088_,5.34µm
m.u_conv3.u_weights._13325_,5.34µm
m.u_conv3.u_weights._13786_,5.34µm
m.u_conv3.u_weights._13964_,5.34µm
m.u_conv3.u_weights._14089_,5.34µm
m.u_conv3.u_weights._14235_,5.34µm
m.u_conv3.u_weights._15264_,5.34µm
m.u_conv3.u_weights._15426_,5.34µm
m.u_conv3.u_weights._15559_,5.34µm
m.u_conv3.u_weights._15634_,5.34µm
m.u_pool1._120_,5.34µm
m.u_pool2._131_,5.34µm
m.u_tree._0084_,5.34µm
m.u_tree._0166_,5.34µm
m.u_tree._0268_,5.34µm
m.u_tree._0722_,5.34µm
m.u_tree._0788_,5.34µm
m.u_tree._1337_,5.34µm
net7,5.34µm
net2836,5.34µm
m.u_conv3._035_,5.335µm
m.u_conv2.u_loader._384_,5.33µm
m.u_conv3.u_weights._04933_,5.325µm
net2168,5.325µm
m.u_conv3.u_weights._01787_,5.31µm
m.u_conv3.u_weights._06595_,5.31µm
m.u_conv3.u_weights._07570_,5.3µm
m.u_pool1._004_,5.3µm
m.u_tree._1405_,5.3µm
m.u_conv2.u_loader._436_,5.295µm
m.sram_req_mnist\[22\],5.29µm
m.u_conv2._1086_,5.29µm
net2121,5.29µm
m.u_conv2.u_weights._113_,5.29µm
m.u_conv3.u_weights._00344_,5.29µm
m.u_conv3.u_weights._00574_,5.29µm
m.u_conv3.u_weights._01650_,5.29µm
m.u_conv3.u_weights._01681_,5.29µm
m.u_conv3.u_weights._03952_,5.29µm
m.u_conv3.u_weights._04694_,5.29µm
m.u_conv3.u_weights._05137_,5.29µm
m.u_conv3.u_weights._05489_,5.29µm
m.u_conv3.u_weights._06665_,5.29µm
m.u_conv3.u_weights._07033_,5.29µm
m.u_conv3.u_weights._07208_,5.29µm
m.u_conv3.u_weights._09623_,5.29µm
m.u_conv3.u_weights._09683_,5.29µm
m.u_conv3.u_weights._09686_,5.29µm
m.u_conv3.u_weights._10012_,5.29µm
m.u_conv3.u_weights._10593_,5.29µm
m.u_conv3.u_weights._10686_,5.29µm
m.u_conv3.u_weights._10863_,5.29µm
m.u_conv3.u_weights._11616_,5.29µm
m.u_conv3.u_weights._11982_,5.29µm
m.u_conv3.u_weights._13083_,5.29µm
m.u_conv3.u_weights._13738_,5.29µm
m.u_conv3.u_weights._13873_,5.29µm
m.u_conv3.u_weights._14204_,5.29µm
m.u_conv3.u_weights._15179_,5.29µm
m.u_conv3.u_weights._15624_,5.29µm
m.u_tree._0109_,5.29µm
net1882,5.29µm
m.u_conv3.u_weights._07829_,5.285µm
m._072_,5.28µm
m._094_,5.28µm
m.u_conv1._011_,5.28µm
m.u_conv1.u_loader._082_,5.28µm
m.u_conv1.u_loader._367_,5.28µm
m.u_conv3._167_,5.28µm
m.u_conv3.u_weights._00047_,5.28µm
m.u_conv3.u_weights._00318_,5.28µm
m.u_conv3.u_weights._00562_,5.28µm
m.u_conv3.u_weights._01364_,5.28µm
m.u_conv3.u_weights._02137_,5.28µm
m.u_conv3.u_weights._02991_,5.28µm
m.u_conv3.u_weights._03662_,5.28µm
m.u_conv3.u_weights._03715_,5.28µm
m.u_conv3.u_weights._04078_,5.28µm
m.u_conv3.u_weights._05748_,5.28µm
m.u_conv3.u_weights._07601_,5.28µm
m.u_conv3.u_weights._08373_,5.28µm
m.u_conv3.u_weights._08943_,5.28µm
m.u_conv3.u_weights._09038_,5.28µm
m.u_conv3.u_weights._10425_,5.28µm
m.u_conv3.u_weights._10702_,5.28µm
m.u_conv3.u_weights._10956_,5.28µm
m.u_conv3.u_weights._12477_,5.28µm
m.u_conv3.u_weights._12610_,5.28µm
m.u_conv3.u_weights._14839_,5.28µm
m.u_conv3.u_weights._14966_,5.28µm
m.u_mnist_loader._20_,5.28µm
m.u_tree._1273_,5.28µm
m.u_conv3.u_weights._12979_,5.275µm
m.u_tree._0750_,5.275µm
m.sram_req_conv2\[9\],5.26µm
m.u_conv3.u_weights._06554_,5.26µm
m.u_conv3._120_,5.255µm
m.u_tree._1193_,5.255µm
m.u_conv3._027_,5.25µm
m.u_conv3.u_weights._06020_,5.25µm
m.u_conv3.u_weights._01592_,5.245µm
m.u_conv1._028_,5.23µm
m.u_conv1._125_,5.23µm
m.u_conv1._141_,5.23µm
m.u_conv1.conv_out0\[1\],5.23µm
m.u_conv1.conv_out2\[0\],5.23µm
m.u_conv1.u_loader._353_,5.23µm
m.u_conv1.u_weights._170_,5.23µm
m.u_conv2._0523_,5.23µm
m.u_conv2._1211_,5.23µm
m.u_conv2._1305_,5.23µm
m.u_conv2._1394_,5.23µm
m.u_conv2._1539_,5.23µm
m.u_conv2.sram_req_load\[20\],5.23µm
m.u_conv2.u_weights._271_,5.23µm
m.u_conv3.u_weights._00038_,5.23µm
m.u_conv3.u_weights._00521_,5.23µm
m.u_conv3.u_weights._00949_,5.23µm
m.u_conv3.u_weights._01245_,5.23µm
m.u_conv3.u_weights._02034_,5.23µm
m.u_conv3.u_weights._02202_,5.23µm
m.u_conv3.u_weights._02333_,5.23µm
m.u_conv3.u_weights._02770_,5.23µm
m.u_conv3.u_weights._03652_,5.23µm
m.u_conv3.u_weights._04932_,5.23µm
m.u_conv3.u_weights._05096_,5.23µm
m.u_conv3.u_weights._05344_,5.23µm
m.u_conv3.u_weights._05360_,5.23µm
m.u_conv3.u_weights._05537_,5.23µm
m.u_conv3.u_weights._05915_,5.23µm
m.u_conv3.u_weights._06143_,5.23µm
m.u_conv3.u_weights._06432_,5.23µm
m.u_conv3.u_weights._07514_,5.23µm
m.u_conv3.u_weights._08656_,5.23µm
m.u_conv3.u_weights._09748_,5.23µm
m.u_conv3.u_weights._09798_,5.23µm
m.u_conv3.u_weights._10693_,5.23µm
m.u_conv3.u_weights._10791_,5.23µm
m.u_conv3.u_weights._11189_,5.23µm
m.u_conv3.u_weights._12074_,5.23µm
m.u_conv3.u_weights._12120_,5.23µm
m.u_conv3.u_weights._12237_,5.23µm
m.u_conv3.u_weights._13330_,5.23µm
m.u_conv3.u_weights._13386_,5.23µm
m.u_conv3.u_weights._13671_,5.23µm
m.u_conv3.u_weights._14308_,5.23µm
m.u_conv3.u_weights._15126_,5.23µm
m.u_tree._0353_,5.23µm
m.u_tree._1457_,5.23µm
m._041_,5.22µm
m.u_conv1._169_,5.22µm
m.u_conv2.acc\[34\]\[4\],5.22µm
m.u_conv2.u_loader._377_,5.22µm
m.u_conv2.u_weights._323_,5.22µm
m.u_conv3._025_,5.22µm
m.u_conv3._241_,5.22µm
m.u_conv3.u_weights._00484_,5.22µm
m.u_conv3.u_weights._00784_,5.22µm
m.u_conv3.u_weights._01306_,5.22µm
m.u_conv3.u_weights._02115_,5.22µm
m.u_conv3.u_weights._02119_,5.22µm
m.u_conv3.u_weights._02404_,5.22µm
m.u_conv3.u_weights._05009_,5.22µm
m.u_conv3.u_weights._09684_,5.22µm
m.u_conv3.u_weights._10128_,5.22µm
m.u_conv3.u_weights._10263_,5.22µm
m.u_conv3.u_weights._10639_,5.22µm
m.u_conv3.u_weights._11196_,5.22µm
m.u_conv3.u_weights._11895_,5.22µm
m.u_conv3.u_weights._14988_,5.22µm
m.u_pool1._010_,5.22µm
m.u_pool1._092_,5.22µm
m.u_pool2._020_,5.22µm
m.u_tree._0481_,5.22µm
net2812,5.215µm
m.u_conv3.u_weights._01549_,5.205µm
m.u_conv3.u_weights._01150_,5.19µm
m.u_conv1.u_loader._018_,5.18µm
m.u_conv2.u_weights._044_,5.18µm
m.u_conv3.u_weights._00522_,5.18µm
m.u_conv3.u_weights._03542_,5.18µm
m.u_conv3.u_weights._04133_,5.18µm
m.u_conv3.u_weights._04427_,5.18µm
m.u_conv3.u_weights._10726_,5.18µm
m.u_conv3.u_weights._11106_,5.18µm
m.u_conv3.u_weights._13699_,5.18µm
m.u_conv3.u_weights._14368_,5.18µm
m.u_conv3.u_weights._03763_,5.17µm
m.u_conv3.u_weights._04262_,5.17µm
m.u_conv3.u_weights._10656_,5.17µm
m.u_conv3.u_weights._14364_,5.17µm
m.u_tree._0267_,5.17µm
m.u_conv1._023_,5.16µm
m.u_conv1._035_,5.16µm
m.u_conv1._105_,5.16µm
m.u_conv1._202_,5.16µm
m.u_conv1.u_loader._025_,5.16µm
m.u_conv1.u_weights._160_,5.16µm
m.u_conv2._0068_,5.16µm
m.u_conv2._0093_,5.16µm
m.u_conv2._0161_,5.16µm
m.u_conv2._0177_,5.16µm
m.u_conv2._0181_,5.16µm
m.u_conv2._0294_,5.16µm
m.u_conv2._0469_,5.16µm
m.u_conv2._0472_,5.16µm
m.u_conv2._0482_,5.16µm
m.u_conv2._0846_,5.16µm
net2187,5.16µm
m.u_conv2.acc\[0\]\[1\],5.16µm
m.u_conv2.acc\[19\]\[1\],5.16µm
m.u_conv2.acc\[22\]\[1\],5.16µm
m.u_conv2.acc\[2\]\[3\],5.16µm
m.u_conv2.acc\[30\]\[3\],5.16µm
m.u_conv2.acc\[41\]\[6\],5.16µm
m.u_conv2.acc\[42\]\[2\],5.16µm
m.u_conv2.acc\[57\]\[6\],5.16µm
net2218,5.16µm
m.u_conv2.sram_req_load\[19\],5.16µm
m.u_conv2.sram_req_load\[21\],5.16µm
m.u_conv2.u_loader._263_,5.16µm
m.u_conv2.u_loader._332_,5.16µm
m.u_conv2.u_weights._198_,5.16µm
m.u_conv3.u_weights._01513_,5.16µm
m.u_conv3.u_weights._01966_,5.16µm
m.u_conv3.u_weights._01976_,5.16µm
m.u_conv3.u_weights._03262_,5.16µm
m.u_conv3.u_weights._03316_,5.16µm
m.u_conv3.u_weights._03641_,5.16µm
m.u_conv3.u_weights._03740_,5.16µm
m.u_conv3.u_weights._04204_,5.16µm
m.u_conv3.u_weights._05404_,5.16µm
m.u_conv3.u_weights._05835_,5.16µm
m.u_conv3.u_weights._06200_,5.16µm
m.u_conv3.u_weights._06436_,5.16µm
m.u_conv3.u_weights._07795_,5.16µm
m.u_conv3.u_weights._08005_,5.16µm
m.u_conv3.u_weights._09379_,5.16µm
m.u_conv3.u_weights._09460_,5.16µm
m.u_conv3.u_weights._12626_,5.16µm
m.u_conv3.u_weights._12650_,5.16µm
m.u_conv3.u_weights._12806_,5.16µm
m.u_conv3.u_weights._13028_,5.16µm
m.u_conv3.u_weights._13133_,5.16µm
m.u_conv3.u_weights._13494_,5.16µm
m.u_conv3.u_weights._13696_,5.16µm
m.u_conv3.u_weights._14014_,5.16µm
m.u_conv3.u_weights._14729_,5.16µm
m.u_pool1._023_,5.16µm
m.u_pool1._027_,5.16µm
m.u_pool2._140_,5.16µm
m.u_pool2.bot_byte_reg\[6\],5.16µm
m.u_tree._1174_,5.16µm
net2025,5.16µm
net2203,5.16µm
m.u_conv1._016_,5.155µm
m.u_conv1.u_loader._375_,5.155µm
m.u_conv2._0946_,5.155µm
m.u_conv2._1147_,5.155µm
m.u_conv2._1155_,5.155µm
m.u_conv2._1196_,5.155µm
m.u_conv3.u_weights._00997_,5.155µm
m.u_conv3.u_weights._02118_,5.155µm
m.u_conv3.u_weights._02635_,5.155µm
m.u_conv3.u_weights._03412_,5.155µm
m.u_conv3.u_weights._04740_,5.155µm
m.u_conv3.u_weights._05842_,5.155µm
m.u_conv3.u_weights._08658_,5.155µm
m.u_conv3.u_weights._08675_,5.155µm
m.u_conv3.u_weights._08738_,5.155µm
m.u_conv3.u_weights._09341_,5.155µm
m.u_conv3.u_weights._13666_,5.155µm
m.u_conv3.u_weights._13945_,5.155µm
m.u_conv3.u_weights._15135_,5.155µm
m.u_tree._0212_,5.155µm
m.u_tree._0624_,5.155µm
net2682,5.155µm
m.u_conv2.u_weights._261_,5.14µm
m.u_conv2.u_weights._331_,5.14µm
m.u_conv3.u_weights._01874_,5.14µm
m.u_conv3.u_weights._04778_,5.13µm
m.u_conv3.u_weights._05781_,5.13µm
m.u_conv3.u_weights._06901_,5.13µm
m.u_conv3.u_weights._10730_,5.13µm
m.u_conv3.u_weights._12625_,5.13µm
m.u_pool2._025_,5.13µm
m.u_conv2.u_loader._145_,5.12µm
m.u_conv2._1345_,5.11µm
m.u_conv3.u_weights._00322_,5.11µm
m.u_conv3.u_weights._03319_,5.11µm
m.u_conv3.u_weights._12874_,5.105µm
m.u_conv2.u_loader._154_,5.1µm
m.u_conv2.u_loader._169_,5.1µm
m.u_conv3.u_weights._00531_,5.1µm
m.u_conv3.u_weights._01310_,5.1µm
m.u_conv3.u_weights._01774_,5.1µm
m.u_conv3.u_weights._03027_,5.1µm
m.u_tree._0774_,5.1µm
m.u_conv2.u_weights._371_,5.095µm
m.u_conv3.u_weights._14326_,5.095µm
m.u_conv2.u_weights._347_,5.085µm
m.u_conv3.u_weights._02606_,5.085µm
m.u_conv1._069_,5.07µm
m.u_conv2._1417_,5.065µm
m.u_conv2._1519_,5.065µm
m.u_conv1._052_,5.06µm
m.u_conv1._113_,5.06µm
m.u_conv1._123_,5.06µm
m.u_conv1.u_loader._328_,5.06µm
m.u_conv2._0169_,5.06µm
m.u_conv2._0233_,5.06µm
m.u_conv2._0346_,5.06µm
m.u_conv2._0673_,5.06µm
m.u_conv2._1077_,5.06µm
m.u_conv2._1156_,5.06µm
m.u_conv2._1171_,5.06µm
m.u_conv2._1183_,5.06µm
m.u_conv2._1229_,5.06µm
m.u_conv2._1253_,5.06µm
m.u_conv2._1254_,5.06µm
m.u_conv2._1316_,5.06µm
m.u_conv2._1340_,5.06µm
m.u_conv2._1397_,5.06µm
m.u_conv2._1412_,5.06µm
m.u_conv2._1457_,5.06µm
m.u_conv2.acc\[36\]\[0\],5.06µm
m.u_conv3._061_,5.06µm
m.u_conv3._184_,5.06µm
m.u_conv3._243_,5.06µm
m.u_conv3._247_,5.06µm
m.u_conv3._249_,5.06µm
m.u_conv3.u_weights._00006_,5.06µm
m.u_conv3.u_weights._00981_,5.06µm
m.u_conv3.u_weights._05949_,5.06µm
m.u_conv3.u_weights._08810_,5.06µm
m.u_conv3.u_weights._12052_,5.06µm
m.u_conv3.u_weights._15532_,5.06µm
m.u_pool2._163_,5.06µm
m.u_tree._0404_,5.06µm
m.u_tree._0941_,5.06µm
m.u_tree._1361_,5.06µm
net2312,5.06µm
net2566,5.06µm
net2670,5.06µm
net2725,5.06µm
net2728,5.06µm
net2739,5.06µm
net2748,5.06µm
net2750,5.06µm
net2754,5.06µm
net2768,5.06µm
net2770,5.06µm
net2782,5.06µm
net2783,5.06µm
m._019_,5.05µm
m._067_,5.05µm
m._091_,5.05µm
m._119_,5.05µm
net2160,5.05µm
m.u_conv1.u_loader._107_,5.05µm
m.u_conv1.u_loader._252_,5.05µm
m.u_conv1.u_loader._254_,5.05µm
m.u_conv1.u_weights._050_,5.05µm
m.u_conv2._0607_,5.05µm
net2123,5.05µm
m.u_conv2.u_loader._375_,5.05µm
m.u_conv2.u_weights._396_,5.05µm
m.u_conv3.u_weights._02121_,5.05µm
m.u_conv3.u_weights._02633_,5.05µm
m.u_conv3.u_weights._02729_,5.05µm
m.u_conv3.u_weights._03341_,5.05µm
m.u_conv3.u_weights._03434_,5.05µm
m.u_conv3.u_weights._04261_,5.05µm
m.u_conv3.u_weights._04540_,5.05µm
m.u_conv3.u_weights._04951_,5.05µm
m.u_conv3.u_weights._04987_,5.05µm
m.u_conv3.u_weights._05047_,5.05µm
m.u_conv3.u_weights._05901_,5.05µm
m.u_conv3.u_weights._07368_,5.05µm
m.u_conv3.u_weights._07719_,5.05µm
m.u_conv3.u_weights._07926_,5.05µm
m.u_conv3.u_weights._09971_,5.05µm
m.u_conv3.u_weights._11054_,5.05µm
m.u_conv3.u_weights._11191_,5.05µm
m.u_conv3.u_weights._12209_,5.05µm
m.u_conv3.u_weights._12431_,5.05µm
m.u_conv3.u_weights._13302_,5.05µm
m.u_conv3.u_weights._13411_,5.05µm
m.u_conv3.u_weights._14132_,5.05µm
m.u_conv3.u_weights._14718_,5.05µm
m.u_tree._0061_,5.05µm
m.u_tree._0138_,5.05µm
net2021,5.05µm
net2097,5.05µm
m.u_conv3._081_,5.045µm
m.u_conv3.u_weights._01672_,5.045µm
m.u_conv3.u_weights._13923_,5.045µm
net1992,5.04µm
m.u_conv2.u_weights._129_,5.04µm
m.u_conv3.u_weights._07560_,5.04µm
m.u_conv3.u_weights._09560_,5.04µm
m.u_tree._0668_,5.04µm
net1891,5.04µm
net1894,5.04µm
net2102,5.04µm
m.u_conv3._093_,5.025µm
m.u_conv1._172_,5.02µm
m.u_conv3.u_weights._14608_,5.02µm
m.u_conv3.u_weights._09433_,5.01µm
m.u_conv3.u_weights._13047_,5.005µm
net2740,5.005µm
m.sram_req_conv1\[9\],5µm
m.u_conv2._1091_,5µm
m.u_conv2._1214_,5µm
m.u_conv2._1359_,5µm
m.u_conv3.u_weights._08157_,5µm
m.u_tree._1407_,5µm
m.u_conv2._0998_,4.99µm
m.u_conv2._1000_,4.99µm
m.u_conv2._1060_,4.99µm
m.u_conv2.u_weights._155_,4.99µm
m.u_conv3.u_weights._00603_,4.99µm
m.u_conv3.u_weights._03111_,4.99µm
m.u_conv3.u_weights._03948_,4.99µm
m.u_conv3.u_weights._07283_,4.99µm
m.u_conv3.u_weights._09221_,4.99µm
m.u_conv3.u_weights._01184_,4.985µm
m.u_conv1.u_loader._017_,4.98µm
m.u_conv1.u_loader._154_,4.98µm
m.u_conv1.u_loader._205_,4.98µm
m.u_conv2._0056_,4.98µm
m.u_conv2._0132_,4.98µm
m.u_conv2._0172_,4.98µm
m.u_conv2._0207_,4.98µm
m.u_conv2._0240_,4.98µm
m.u_conv2._0257_,4.98µm
m.u_conv2._0357_,4.98µm
m.u_conv2._0626_,4.98µm
m.u_conv2._1484_,4.98µm
m.u_conv3._070_,4.98µm
m.u_conv3.u_weights._07453_,4.98µm
m.u_conv3.u_weights._12868_,4.98µm
m.u_conv3.u_weights._14482_,4.98µm
m.u_tree._1439_,4.98µm
m.u_conv3.u_weights._01753_,4.965µm
m.u_conv3.u_weights._04497_,4.965µm
m.u_conv3.u_weights._07740_,4.965µm
m.u_conv3.u_weights._11393_,4.965µm
m.u_conv1.u_loader._313_,4.96µm
m.u_conv3.u_weights._01738_,4.96µm
m.u_conv3.u_weights._05508_,4.96µm
m.u_conv2._0384_,4.95µm
m.u_conv2._0474_,4.95µm
m.u_conv3.u_weights._05559_,4.94µm
m.u_conv3.u_weights._07301_,4.94µm
m.u_conv3.u_weights._12520_,4.94µm
m.u_conv3.u_weights._00489_,4.93µm
m.u_conv3.u_weights._00504_,4.93µm
m.u_conv1._186_,4.92µm
m.u_conv1.u_loader._309_,4.92µm
m.u_conv1.u_loader._386_,4.92µm
m.u_conv1.u_loader._409_,4.92µm
m.u_conv2._0920_,4.92µm
m.u_conv2._1136_,4.92µm
m.u_conv2._1494_,4.92µm
m.u_conv2._1522_,4.92µm
m.u_conv2.u_loader._168_,4.92µm
m.u_conv3._078_,4.92µm
m.u_conv3._237_,4.92µm
m.u_conv3.u_weights._00314_,4.92µm
m.u_conv3.u_weights._00352_,4.92µm
m.u_conv3.u_weights._00361_,4.92µm
m.u_conv3.u_weights._00634_,4.92µm
m.u_conv3.u_weights._01298_,4.92µm
m.u_conv3.u_weights._01333_,4.92µm
m.u_conv3.u_weights._01417_,4.92µm
m.u_conv3.u_weights._01830_,4.92µm
m.u_conv3.u_weights._02335_,4.92µm
m.u_conv3.u_weights._03731_,4.92µm
m.u_conv3.u_weights._04446_,4.92µm
m.u_conv3.u_weights._04746_,4.92µm
m.u_conv3.u_weights._04835_,4.92µm
m.u_conv3.u_weights._05440_,4.92µm
m.u_conv3.u_weights._06047_,4.92µm
m.u_conv3.u_weights._06071_,4.92µm
m.u_conv3.u_weights._06357_,4.92µm
m.u_conv3.u_weights._07812_,4.92µm
m.u_conv3.u_weights._07983_,4.92µm
m.u_conv3.u_weights._08224_,4.92µm
m.u_conv3.u_weights._09322_,4.92µm
m.u_conv3.u_weights._09359_,4.92µm
m.u_conv3.u_weights._10199_,4.92µm
m.u_conv3.u_weights._10391_,4.92µm
m.u_conv3.u_weights._10990_,4.92µm
m.u_conv3.u_weights._11181_,4.92µm
m.u_conv3.u_weights._11277_,4.92µm
m.u_conv3.u_weights._11484_,4.92µm
m.u_conv3.u_weights._12673_,4.92µm
m.u_conv3.u_weights._13296_,4.92µm
m.u_conv3.u_weights._13351_,4.92µm
m.u_conv3.u_weights._13355_,4.92µm
m.u_conv3.u_weights._13897_,4.92µm
m.u_conv3.u_weights._13951_,4.92µm
m.u_conv3.u_weights._14739_,4.92µm
m.u_conv3.u_weights._15243_,4.92µm
m.u_conv3.u_weights._15415_,4.92µm
m.u_conv3.u_weights._15762_,4.92µm
m.u_pool1._081_,4.92µm
m.u_pool1._232_,4.92µm
m.u_pool2._170_,4.92µm
m.u_tree._0852_,4.92µm
m.u_tree._0905_,4.92µm
m.u_tree._1013_,4.92µm
m.u_tree._1241_,4.92µm
m.u_tree._1473_,4.92µm
m.u_tree._1529_,4.92µm
net1923,4.92µm
net3030,4.92µm
net3059,4.92µm
m.u_conv3.u_weights._04598_,4.905µm
m.u_conv3.u_weights._05016_,4.905µm
m.u_conv3.u_weights._10905_,4.905µm
m.u_conv3.u_weights._13514_,4.905µm
m.u_conv2._0049_,4.87µm
m.u_conv2._0208_,4.87µm
m.u_conv2._0211_,4.87µm
m.u_conv2._0303_,4.87µm
m.u_conv2._0373_,4.87µm
m.u_conv2._1234_,4.87µm
m.u_conv3.u_weights._06278_,4.87µm
net2226,4.87µm
m.u_conv3.u_weights._13418_,4.865µm
m.sram_req_conv2\[10\],4.86µm
m.u_conv1._010_,4.86µm
m.u_conv1.u_loader._078_,4.86µm
m.u_conv1.u_loader._174_,4.86µm
m.u_conv1.u_loader._260_,4.86µm
m.u_conv1.u_weights._152_,4.86µm
m.u_conv2._0501_,4.86µm
m.u_conv2._0714_,4.86µm
m.u_conv2._0935_,4.86µm
m.u_conv2._1067_,4.86µm
m.u_conv2._1334_,4.86µm
m.u_conv2._1450_,4.86µm
m.u_conv2._1502_,4.86µm
m.u_conv2.u_loader._046_,4.86µm
m.u_conv2.u_loader._128_,4.86µm
m.u_conv2.u_loader._333_,4.86µm
m.u_conv3._046_,4.86µm
m.u_conv3._089_,4.86µm
m.u_conv3._158_,4.86µm
m.u_conv3.u_weights._00001_,4.86µm
m.u_conv3.u_weights._00004_,4.86µm
m.u_conv3.u_weights._00046_,4.86µm
m.u_conv3.u_weights._00102_,4.86µm
m.u_conv3.u_weights._00346_,4.86µm
m.u_conv3.u_weights._00410_,4.86µm
m.u_conv3.u_weights._01055_,4.86µm
m.u_conv3.u_weights._01061_,4.86µm
m.u_conv3.u_weights._01591_,4.86µm
m.u_conv3.u_weights._02218_,4.86µm
m.u_conv3.u_weights._02447_,4.86µm
m.u_conv3.u_weights._02705_,4.86µm
m.u_conv3.u_weights._02896_,4.86µm
m.u_conv3.u_weights._03056_,4.86µm
m.u_conv3.u_weights._03400_,4.86µm
m.u_conv3.u_weights._03462_,4.86µm
m.u_conv3.u_weights._03920_,4.86µm
m.u_conv3.u_weights._04053_,4.86µm
m.u_conv3.u_weights._04063_,4.86µm
m.u_conv3.u_weights._04209_,4.86µm
m.u_conv3.u_weights._05217_,4.86µm
m.u_conv3.u_weights._05393_,4.86µm
m.u_conv3.u_weights._05619_,4.86µm
m.u_conv3.u_weights._06410_,4.86µm
m.u_conv3.u_weights._06968_,4.86µm
m.u_conv3.u_weights._07303_,4.86µm
m.u_conv3.u_weights._07449_,4.86µm
m.u_conv3.u_weights._07632_,4.86µm
m.u_conv3.u_weights._07894_,4.86µm
m.u_conv3.u_weights._07917_,4.86µm
m.u_conv3.u_weights._08256_,4.86µm
m.u_conv3.u_weights._08491_,4.86µm
m.u_conv3.u_weights._09004_,4.86µm
m.u_conv3.u_weights._09091_,4.86µm
m.u_conv3.u_weights._09175_,4.86µm
m.u_conv3.u_weights._10692_,4.86µm
m.u_conv3.u_weights._10901_,4.86µm
m.u_conv3.u_weights._11568_,4.86µm
m.u_conv3.u_weights._11952_,4.86µm
m.u_conv3.u_weights._11997_,4.86µm
m.u_conv3.u_weights._12386_,4.86µm
m.u_conv3.u_weights._12443_,4.86µm
m.u_conv3.u_weights._12621_,4.86µm
m.u_conv3.u_weights._13130_,4.86µm
m.u_conv3.u_weights._13426_,4.86µm
m.u_conv3.u_weights._13659_,4.86µm
m.u_conv3.u_weights._13708_,4.86µm
m.u_conv3.u_weights._13768_,4.86µm
m.u_conv3.u_weights._14127_,4.86µm
m.u_conv3.u_weights._14393_,4.86µm
m.u_conv3.u_weights._15513_,4.86µm
m.u_conv3.u_weights._15605_,4.86µm
m.u_pool1._097_,4.86µm
m.u_pool1._145_,4.86µm
m.u_tree._0088_,4.86µm
m.u_tree._0116_,4.86µm
m.u_tree._0855_,4.86µm
m.u_tree._0864_,4.86µm
m.u_tree._0974_,4.86µm
m.u_tree._1075_,4.86µm
m.u_tree._1213_,4.86µm
m.u_tree._1434_,4.86µm
m.u_tree._1519_,4.86µm
m.u_conv3.u_weights._12735_,4.82µm
m.u_conv1.conv_out0\[3\],4.81µm
m.u_conv1.u_loader._164_,4.81µm
m.u_conv1.u_weights._077_,4.81µm
m.u_conv2._0018_,4.81µm
m.u_conv2._0868_,4.81µm
m.u_conv2._0925_,4.81µm
m.u_conv2._0990_,4.81µm
m.u_conv2.u_loader._266_,4.81µm
m.u_conv2.u_weights._023_,4.81µm
m.u_conv2.u_weights._244_,4.81µm
m.u_conv3.u_weights._00094_,4.81µm
m.u_conv3.u_weights._00126_,4.81µm
m.u_conv3.u_weights._02884_,4.81µm
m.u_conv3.u_weights._02901_,4.81µm
m.u_conv3.u_weights._03175_,4.81µm
m.u_conv3.u_weights._03385_,4.81µm
m.u_conv3.u_weights._03533_,4.81µm
m.u_conv3.u_weights._04023_,4.81µm
m.u_conv3.u_weights._04745_,4.81µm
m.u_conv3.u_weights._04860_,4.81µm
m.u_conv3.u_weights._05887_,4.81µm
m.u_conv3.u_weights._06553_,4.81µm
m.u_conv3.u_weights._09326_,4.81µm
m.u_conv3.u_weights._10288_,4.81µm
m.u_conv3.u_weights._11785_,4.81µm
m.u_conv3.u_weights._11923_,4.81µm
m.u_conv3.u_weights._12246_,4.81µm
m.u_conv3.u_weights._14995_,4.81µm
m.u_pool1._127_,4.81µm
m.u_tree._1388_,4.81µm
net1914,4.81µm
net2089,4.81µm
net2148,4.8µm
net2149,4.8µm
net2150,4.8µm
net2152,4.8µm
net2153,4.8µm
net2159,4.8µm
net2185,4.8µm
net2189,4.8µm
net2193,4.8µm
net2196,4.8µm
m.u_conv2.acc\[50\]\[1\],4.8µm
m.u_conv2.u_loader._246_,4.8µm
m.u_conv2.u_weights._148_,4.8µm
m.u_conv3.u_weights._01973_,4.8µm
m.u_conv3.u_weights._03625_,4.8µm
m.u_conv3.u_weights._04543_,4.8µm
m.u_conv3.u_weights._04852_,4.8µm
m.u_conv3.u_weights._05794_,4.8µm
m.u_conv3.u_weights._06401_,4.8µm
m.u_conv3.u_weights._06494_,4.8µm
m.u_conv3.u_weights._07470_,4.8µm
m.u_conv3.u_weights._07532_,4.8µm
m.u_conv3.u_weights._08357_,4.8µm
m.u_conv3.u_weights._08583_,4.8µm
m.u_conv3.u_weights._09582_,4.8µm
m.u_conv3.u_weights._10257_,4.8µm
m.u_conv3.u_weights._10473_,4.8µm
m.u_conv3.u_weights._10978_,4.8µm
m.u_conv3.u_weights._11514_,4.8µm
m.u_conv3.u_weights._12163_,4.8µm
m.u_conv3.u_weights._12263_,4.8µm
m.u_conv3.u_weights._13615_,4.8µm
m.u_conv3.u_weights._15040_,4.8µm
m.u_tree._0197_,4.8µm
m.u_tree._0999_,4.8µm
net1873,4.8µm
net2173,4.8µm
m.u_conv1.u_loader._337_,4.765µm
m.u_conv2._1134_,4.75µm
m.u_conv2.u_loader._022_,4.75µm
m.u_conv2.u_loader._112_,4.75µm
m.u_conv2.u_loader._286_,4.75µm
m.u_conv3.u_weights._00442_,4.75µm
m.u_conv3.u_weights._01095_,4.75µm
m.u_conv3.u_weights._03224_,4.75µm
m.u_conv3.u_weights._05211_,4.75µm
m.u_conv3.u_weights._05573_,4.75µm
m.u_conv3.u_weights._08797_,4.75µm
m.u_conv3.u_weights._10908_,4.75µm
m.u_conv3.u_weights._11456_,4.75µm
m.u_conv1._026_,4.74µm
m.u_conv1._033_,4.74µm
m.u_conv1.u_loader._421_,4.74µm
m.u_conv2.acc\[0\]\[6\],4.74µm
m.u_conv2.acc\[12\]\[2\],4.74µm
m.u_conv2.acc\[17\]\[3\],4.74µm
m.u_conv2.acc\[43\]\[5\],4.74µm
m.u_conv2.acc\[62\]\[1\],4.74µm
m.u_conv2.u_loader._226_,4.74µm
m.u_conv2.u_weights._159_,4.74µm
m.u_conv2.u_weights._364_,4.74µm
m.u_conv3._005_,4.74µm
m.u_conv3._018_,4.74µm
m.u_conv3._235_,4.74µm
m.u_conv3.u_weights._00447_,4.74µm
m.u_conv3.u_weights._02926_,4.74µm
m.u_conv3.u_weights._05430_,4.74µm
m.u_conv3.u_weights._08283_,4.74µm
m.u_conv3.u_weights._08474_,4.74µm
m.u_conv3.u_weights._11001_,4.74µm
m.u_conv3.u_weights._12075_,4.74µm
m.u_conv3.u_weights._13216_,4.74µm
m.u_conv3.u_weights._15267_,4.74µm
m.u_pool1._019_,4.74µm
m.u_pool1._234_,4.74µm
m.u_pool2._137_,4.74µm
m.u_conv3.u_weights._14579_,4.73µm
net1924,4.71µm
m.u_conv3.u_weights._04842_,4.7µm
m.u_conv3.u_weights._06313_,4.7µm
net2144,4.69µm
m._089_,4.68µm
m.u_conv1._189_,4.68µm
net2181,4.68µm
m.u_conv1.u_loader._433_,4.68µm
m.u_conv2._0050_,4.68µm
m.u_conv2._0081_,4.68µm
m.u_conv2._0086_,4.68µm
m.u_conv2._0147_,4.68µm
m.u_conv2._0150_,4.68µm
m.u_conv2._0164_,4.68µm
m.u_conv2._0351_,4.68µm
m.u_conv2._0354_,4.68µm
m.u_conv2._0425_,4.68µm
m.u_conv2._0595_,4.68µm
m.u_conv2._0602_,4.68µm
m.u_conv2._0630_,4.68µm
m.u_conv2._1010_,4.68µm
m.u_conv2._1248_,4.68µm
m.u_conv2._1303_,4.68µm
net2129,4.68µm
m.u_conv2.u_loader._082_,4.68µm
m.u_conv2.u_loader._205_,4.68µm
m.u_conv2.u_loader._281_,4.68µm
m.u_conv2.u_loader._422_,4.68µm
m.u_conv2.u_weights._040_,4.68µm
m.u_conv2.u_weights._071_,4.68µm
m.u_conv3._066_,4.68µm
m.u_conv3._067_,4.68µm
m.u_conv3.u_weights._00787_,4.68µm
m.u_conv3.u_weights._01347_,4.68µm
m.u_conv3.u_weights._01571_,4.68µm
m.u_conv3.u_weights._02390_,4.68µm
m.u_conv3.u_weights._02625_,4.68µm
m.u_conv3.u_weights._02636_,4.68µm
m.u_conv3.u_weights._02637_,4.68µm
m.u_conv3.u_weights._04480_,4.68µm
m.u_conv3.u_weights._06192_,4.68µm
m.u_conv3.u_weights._06633_,4.68µm
m.u_conv3.u_weights._06923_,4.68µm
m.u_conv3.u_weights._10938_,4.68µm
m.u_conv3.u_weights._12244_,4.68µm
m.u_pool1._042_,4.68µm
m.u_pool1._201_,4.68µm
m.u_pool2._144_,4.68µm
m.u_tree._0292_,4.68µm
m.u_tree._1145_,4.68µm
m.u_tree._1343_,4.68µm
m.u_tree._1467_,4.68µm
m.u_tree._1494_,4.68µm
m.sram_req_conv1\[11\],4.675µm
m.sram_req_mnist\[1\],4.675µm
m.u_conv1.u_loader._218_,4.675µm
m.u_conv2._1273_,4.675µm
m.u_conv2._1294_,4.675µm
m.u_conv2._1317_,4.675µm
m.u_conv2._1471_,4.675µm
m.u_conv2._1476_,4.675µm
m.u_conv2._1508_,4.675µm
m.u_conv2._1523_,4.675µm
m.u_conv2.u_weights._095_,4.675µm
m.u_conv3.u_weights._02434_,4.675µm
m.u_conv3.u_weights._03136_,4.675µm
m.u_conv3.u_weights._03997_,4.675µm
m.u_conv3.u_weights._05844_,4.675µm
m.u_conv3.u_weights._06305_,4.675µm
m.u_conv3.u_weights._07139_,4.675µm
m.u_conv3.u_weights._09293_,4.675µm
m.u_conv3.u_weights._12436_,4.675µm
m.u_conv3.u_weights._13146_,4.675µm
m.u_conv3.u_weights._14514_,4.675µm
m.u_tree._0968_,4.675µm
m.u_conv3.u_weights._13668_,4.67µm
m._103_,4.66µm
m.u_conv3.u_weights._05889_,4.66µm
m.u_tree._0767_,4.66µm
m.u_conv2.u_loader._324_,4.625µm
m.u_conv1._004_,4.62µm
m.u_conv1.u_loader._005_,4.62µm
m.u_conv1.u_loader._062_,4.62µm
m.u_conv2._1322_,4.62µm
m.u_conv2.u_loader._370_,4.62µm
m.u_conv2.u_loader._444_,4.62µm
m.u_conv3._141_,4.62µm
m.u_conv3.u_weights._00100_,4.62µm
m.u_conv3.u_weights._02824_,4.62µm
m.u_conv3.u_weights._15472_,4.62µm
m.u_conv2._1022_,4.615µm
m.u_conv3.u_weights._00406_,4.615µm
m.u_mnist_loader._26_,4.615µm
m.u_conv2._0911_,4.605µm
net2214,4.605µm
m.u_conv3.u_weights._02389_,4.605µm
m.u_conv3.u_weights._10909_,4.605µm
m.u_conv3.u_weights._00527_,4.595µm
m.u_conv3.u_weights._01327_,4.595µm
net2172,4.595µm
net2188,4.59µm
m.u_conv3.u_weights._09676_,4.585µm
m.u_pool2._167_,4.585µm
net2024,4.585µm
m.u_conv2._0289_,4.58µm
m.u_conv2._0979_,4.58µm
m.u_conv2._1024_,4.58µm
m.u_conv2._1090_,4.58µm
m.u_conv2._1124_,4.58µm
m.u_conv2._1153_,4.58µm
m.u_conv2._1197_,4.58µm
m.u_conv2._1239_,4.58µm
m.u_conv2._1240_,4.58µm
m.u_conv2._1326_,4.58µm
m.u_conv2._1362_,4.58µm
m.u_conv2._1365_,4.58µm
m.u_conv2._1368_,4.58µm
m.u_conv2._1369_,4.58µm
m.u_conv2._1418_,4.58µm
m.u_conv2._1437_,4.58µm
m.u_conv2._1451_,4.58µm
m.u_conv2._1458_,4.58µm
m.u_conv2._1470_,4.58µm
m.u_conv2._1481_,4.58µm
m.u_conv2._1491_,4.58µm
m.u_conv2._1518_,4.58µm
m.u_conv2._1553_,4.58µm
m.u_conv3._092_,4.58µm
m.u_conv3.u_weights._01593_,4.58µm
m.u_conv3.u_weights._02439_,4.58µm
m.u_conv3.u_weights._05649_,4.58µm
m.u_conv3.u_weights._05983_,4.58µm
m.u_conv3.u_weights._07652_,4.58µm
m.u_conv3.u_weights._08212_,4.58µm
m.u_conv3.u_weights._09191_,4.58µm
m.u_conv3.u_weights._09909_,4.58µm
m.u_conv3.u_weights._10494_,4.58µm
m.u_conv3.u_weights._12534_,4.58µm
m.u_conv3.u_weights._13987_,4.58µm
m.u_tree._0943_,4.58µm
m.u_conv1.u_loader._382_,4.57µm
m.u_conv2._0690_,4.57µm
m.u_conv2._0764_,4.57µm
m.u_conv2._1246_,4.57µm
m.u_conv2.u_loader._010_,4.57µm
m.u_conv2.u_loader._264_,4.57µm
m.u_conv2.u_loader._314_,4.57µm
m.u_conv2.u_loader._396_,4.57µm
m.u_conv3._006_,4.57µm
m.u_conv3._021_,4.57µm
m.u_conv3._124_,4.57µm
m.u_conv3._183_,4.57µm
m.u_conv3.u_weights._00599_,4.57µm
m.u_conv3.u_weights._00777_,4.57µm
m.u_conv3.u_weights._03155_,4.57µm
m.u_conv3.u_weights._04466_,4.57µm
m.u_conv3.u_weights._04549_,4.57µm
m.u_conv3.u_weights._05088_,4.57µm
m.u_conv3.u_weights._05594_,4.57µm
m.u_conv3.u_weights._06450_,4.57µm
m.u_conv3.u_weights._07377_,4.57µm
m.u_conv3.u_weights._07956_,4.57µm
m.u_conv3.u_weights._11888_,4.57µm
m.u_conv3.u_weights._12878_,4.57µm
m.u_conv3.u_weights._12964_,4.57µm
m.u_conv3.u_weights._14527_,4.57µm
net1930,4.57µm
net1953,4.57µm
net1955,4.57µm
net2015,4.57µm
net2074,4.57µm
net2096,4.57µm
net2111,4.57µm
m.u_conv3.u_weights._10387_,4.565µm
m.u_tree._0436_,4.565µm
net1987,4.56µm
m.u_conv1.u_loader._004_,4.56µm
net2049,4.56µm
net2127,4.56µm
net2128,4.56µm
m.u_conv2.u_loader._293_,4.56µm
m.u_conv3._171_,4.56µm
m.u_conv3._177_,4.56µm
m.u_conv3.u_weights._02101_,4.56µm
m.u_pool1._179_,4.56µm
m.u_pool1._188_,4.56µm
m.u_tree._0748_,4.56µm
net1927,4.56µm
m.u_conv3.u_weights._13919_,4.545µm
m.u_conv2.acc\[30\]\[0\],4.53µm
m.u_conv1.u_loader._080_,4.52µm
m.u_conv2._1536_,4.52µm
m.u_conv3.u_weights._05647_,4.52µm
m.u_conv3.u_weights._05899_,4.52µm
m.u_conv3.u_weights._06592_,4.52µm
m.u_conv3.u_weights._07543_,4.52µm
m.u_conv3.u_weights._08003_,4.52µm
m.u_conv3.u_weights._14129_,4.52µm
m.u_conv1.u_loader._322_,4.51µm
m.u_conv1.u_loader._347_,4.51µm
m.u_conv2._0802_,4.51µm
m.u_conv2._0849_,4.51µm
m.u_conv2._1037_,4.51µm
m.u_conv2.u_loader._325_,4.51µm
m.u_conv3._020_,4.51µm
m.u_conv3.u_weights._06991_,4.51µm
m.u_tree._0678_,4.51µm
m.u_conv2._0021_,4.5µm
m.u_conv2._0034_,4.5µm
m.u_conv2._0361_,4.5µm
m.u_conv2._0945_,4.5µm
m.u_conv3._012_,4.5µm
m.u_conv3.u_weights._08774_,4.5µm
m.u_conv3.u_weights._09804_,4.5µm
m.u_conv3.u_weights._14535_,4.5µm
m.u_tree._0735_,4.5µm
net4,4.5µm
net2994,4.5µm
m.u_conv3.u_weights._09958_,4.485µm
m.u_conv3.u_weights._13669_,4.485µm
m.u_conv3.u_weights._15745_,4.485µm
net2316,4.485µm
m.u_conv3.u_weights._01323_,4.47µm
m.u_conv3.u_weights._05105_,4.47µm
m.u_tree._1067_,4.47µm
m.u_tree._1427_,4.47µm
m.u_conv3.u_weights._13578_,4.46µm
m.u_conv2._0892_,4.45µm
m.u_conv3._132_,4.45µm
m.u_conv1.u_loader._057_,4.44µm
m.u_conv1.u_loader._128_,4.44µm
m.u_conv1.u_loader._286_,4.44µm
m.u_conv2._1044_,4.44µm
m.u_conv2._1416_,4.44µm
m.u_conv2.loader_buffer\[14\],4.44µm
m.u_conv2.u_loader._096_,4.44µm
m.u_conv2.u_loader._365_,4.44µm
m.u_conv2.u_loader._398_,4.44µm
m.u_conv3._204_,4.44µm
m.u_conv3.u_weights._00101_,4.44µm
m.u_conv3.u_weights._00300_,4.44µm
m.u_conv3.u_weights._00720_,4.44µm
m.u_conv3.u_weights._00753_,4.44µm
m.u_conv3.u_weights._01135_,4.44µm
m.u_conv3.u_weights._02183_,4.44µm
m.u_conv3.u_weights._03188_,4.44µm
m.u_conv3.u_weights._03210_,4.44µm
m.u_conv3.u_weights._03497_,4.44µm
m.u_conv3.u_weights._03761_,4.44µm
m.u_conv3.u_weights._04354_,4.44µm
m.u_conv3.u_weights._04667_,4.44µm
m.u_conv3.u_weights._05409_,4.44µm
m.u_conv3.u_weights._06614_,4.44µm
m.u_conv3.u_weights._06894_,4.44µm
m.u_conv3.u_weights._07378_,4.44µm
m.u_conv3.u_weights._07426_,4.44µm
m.u_conv3.u_weights._08846_,4.44µm
m.u_conv3.u_weights._09090_,4.44µm
m.u_conv3.u_weights._09240_,4.44µm
m.u_conv3.u_weights._09613_,4.44µm
m.u_conv3.u_weights._09625_,4.44µm
m.u_conv3.u_weights._10038_,4.44µm
m.u_conv3.u_weights._10632_,4.44µm
m.u_conv3.u_weights._11316_,4.44µm
m.u_conv3.u_weights._12789_,4.44µm
m.u_conv3.u_weights._13132_,4.44µm
m.u_conv3.u_weights._13414_,4.44µm
m.u_conv3.u_weights._14324_,4.44µm
m.u_conv3.u_weights._14711_,4.44µm
m.u_conv3.u_weights._14726_,4.44µm
m.u_conv3.u_weights._15232_,4.44µm
m.u_pool1._011_,4.44µm
m.u_pool2._168_,4.44µm
m.u_tree._0344_,4.44µm
m.u_tree._0819_,4.44µm
m.u_tree._0853_,4.44µm
m.u_tree._1109_,4.44µm
m.u_tree._1156_,4.44µm
m.u_tree._1237_,4.44µm
m.u_tree._1517_,4.44µm
net2044,4.44µm
m.u_conv3.u_weights._03034_,4.425µm
m.u_conv3.u_weights._06024_,4.425µm
m.u_conv3.u_weights._08385_,4.425µm
m.u_conv3.u_weights._11405_,4.425µm
m.u_conv3._019_,4.395µm
m.u_conv3._169_,4.395µm
m.u_conv1._009_,4.39µm
m.u_conv2._0121_,4.39µm
m.u_conv2._0135_,4.39µm
m.u_conv2._0209_,4.39µm
m.u_conv2._0317_,4.39µm
m.u_conv2._0440_,4.39µm
m.u_conv3.u_weights._11806_,4.39µm
m.u_conv3.u_weights._12020_,4.39µm
net2959,4.39µm
m.u_conv3.u_weights._12473_,4.385µm
m.seq_state\[4\],4.38µm
m.sram_req_pool2\[9\],4.38µm
m.u_conv1._012_,4.38µm
m.u_conv1._027_,4.38µm
m.u_conv1.loader_buffer\[12\],4.38µm
m.u_conv1.u_loader._020_,4.38µm
m.u_conv1.u_loader._357_,4.38µm
m.u_conv1.u_loader._408_,4.38µm
m.u_conv1.u_weights._161_,4.38µm
m.u_conv2._0316_,4.38µm
m.u_conv2._0717_,4.38µm
m.u_conv2._1080_,4.38µm
m.u_conv2._1192_,4.38µm
m.u_conv2._1208_,4.38µm
m.u_conv2._1213_,4.38µm
m.u_conv2._1227_,4.38µm
m.u_conv2._1270_,4.38µm
m.u_conv2._1353_,4.38µm
m.u_conv2._1357_,4.38µm
m.u_conv2.u_loader._028_,4.38µm
m.u_conv2.u_loader._146_,4.38µm
m.u_conv2.u_weights._165_,4.38µm
m.u_conv2.u_weights._177_,4.38µm
m.u_conv3._053_,4.38µm
m.u_conv3._054_,4.38µm
m.u_conv3._198_,4.38µm
m.u_conv3._215_,4.38µm
m.u_conv3.u_weights._00258_,4.38µm
m.u_conv3.u_weights._00397_,4.38µm
m.u_conv3.u_weights._00415_,4.38µm
m.u_conv3.u_weights._01916_,4.38µm
m.u_conv3.u_weights._02090_,4.38µm
m.u_conv3.u_weights._02124_,4.38µm
m.u_conv3.u_weights._02584_,4.38µm
m.u_conv3.u_weights._02842_,4.38µm
m.u_conv3.u_weights._02889_,4.38µm
m.u_conv3.u_weights._03418_,4.38µm
m.u_conv3.u_weights._03540_,4.38µm
m.u_conv3.u_weights._03588_,4.38µm
m.u_conv3.u_weights._03749_,4.38µm
m.u_conv3.u_weights._04371_,4.38µm
m.u_conv3.u_weights._04507_,4.38µm
m.u_conv3.u_weights._04729_,4.38µm
m.u_conv3.u_weights._04744_,4.38µm
m.u_conv3.u_weights._04963_,4.38µm
m.u_conv3.u_weights._05338_,4.38µm
m.u_conv3.u_weights._05354_,4.38µm
m.u_conv3.u_weights._05427_,4.38µm
m.u_conv3.u_weights._05471_,4.38µm
m.u_conv3.u_weights._05515_,4.38µm
m.u_conv3.u_weights._06073_,4.38µm
m.u_conv3.u_weights._06077_,4.38µm
m.u_conv3.u_weights._06150_,4.38µm
m.u_conv3.u_weights._07285_,4.38µm
m.u_conv3.u_weights._07948_,4.38µm
m.u_conv3.u_weights._08681_,4.38µm
m.u_conv3.u_weights._08779_,4.38µm
m.u_conv3.u_weights._09285_,4.38µm
m.u_conv3.u_weights._09381_,4.38µm
m.u_conv3.u_weights._09387_,4.38µm
m.u_conv3.u_weights._10308_,4.38µm
m.u_conv3.u_weights._10646_,4.38µm
m.u_conv3.u_weights._10733_,4.38µm
m.u_conv3.u_weights._10924_,4.38µm
m.u_conv3.u_weights._11286_,4.38µm
m.u_conv3.u_weights._11744_,4.38µm
m.u_conv3.u_weights._11754_,4.38µm
m.u_conv3.u_weights._12773_,4.38µm
m.u_conv3.u_weights._12834_,4.38µm
m.u_conv3.u_weights._13565_,4.38µm
m.u_conv3.u_weights._13705_,4.38µm
m.u_conv3.u_weights._13878_,4.38µm
m.u_conv3.u_weights._14189_,4.38µm
m.u_conv3.u_weights._14251_,4.38µm
m.u_conv3.u_weights._14341_,4.38µm
m.u_conv3.u_weights._14571_,4.38µm
m.u_conv3.u_weights._14680_,4.38µm
m.u_conv3.u_weights._14898_,4.38µm
m.u_conv3.u_weights._15102_,4.38µm
m.u_conv3.u_weights._15225_,4.38µm
m.u_conv3.u_weights._15459_,4.38µm
m.u_pool2._007_,4.38µm
m.u_pool2._023_,4.38µm
m.u_pool2._085_,4.38µm
m.u_pool2._134_,4.38µm
m.u_pool2._149_,4.38µm
m.u_tree._0054_,4.38µm
m.u_tree._0090_,4.38µm
m.u_tree._1192_,4.38µm
net1958,4.38µm
m.u_conv3.u_weights._04911_,4.375µm
m.u_conv3.u_weights._15262_,4.375µm
m.u_conv3.u_weights._05866_,4.365µm
m.u_conv1.u_loader._143_,4.36µm
m.u_conv3.u_weights._10230_,4.36µm
m.u_conv3.u_weights._02631_,4.35µm
m.u_conv2.u_weights._200_,4.335µm
m.u_conv1.u_weights._119_,4.33µm
m.u_conv2.loader_buffer\[13\],4.33µm
m.u_conv3._219_,4.33µm
m.u_conv3._234_,4.33µm
m.u_conv3.u_weights._00385_,4.33µm
m.u_conv3.u_weights._01892_,4.33µm
m.u_conv3.u_weights._03946_,4.33µm
m.u_conv3.u_weights._04925_,4.33µm
m.u_conv3.u_weights._06978_,4.33µm
m.u_conv3.u_weights._07078_,4.33µm
m.u_conv3.u_weights._07300_,4.33µm
m.u_conv3.u_weights._13290_,4.33µm
m.u_tree._0702_,4.33µm
net1880,4.33µm
net1896,4.33µm
net1901,4.33µm
net2088,4.33µm
net2114,4.33µm
m.u_conv3.u_weights._07675_,4.325µm
net2170,4.32µm
m.u_conv2._0686_,4.32µm
m.u_conv2._0835_,4.32µm
m.u_conv2._1329_,4.32µm
m.u_conv2.acc\[56\]\[2\],4.32µm
m.u_conv2.acc\[61\]\[1\],4.32µm
m.u_conv2.u_weights._359_,4.32µm
m.u_conv3._150_,4.32µm
m.u_conv3.u_weights._01289_,4.32µm
m.u_conv3.u_weights._02289_,4.32µm
m.u_conv3.u_weights._05458_,4.32µm
m.u_conv3.u_weights._08426_,4.32µm
m.u_conv3.u_weights._09961_,4.32µm
m.u_conv3.u_weights._10185_,4.32µm
m.u_conv3.u_weights._10592_,4.32µm
m.u_conv3.u_weights._10932_,4.32µm
m.u_conv3.u_weights._11589_,4.32µm
m.u_conv3.u_weights._12184_,4.32µm
m.u_conv3.u_weights._13642_,4.32µm
m.u_conv3.u_weights._15537_,4.32µm
m.u_pool2.top_byte_reg\[2\],4.32µm
m.u_tree._1132_,4.32µm
net2161,4.32µm
m.u_conv3.u_weights._12346_,4.31µm
m.u_conv2._1308_,4.3µm
m.u_conv2.u_loader._435_,4.3µm
m.u_conv3.u_weights._10371_,4.295µm
m.u_conv2._1406_,4.29µm
m.u_conv3.u_weights._06297_,4.28µm
m.u_conv3.u_weights._01050_,4.27µm
m.u_conv3.u_weights._14270_,4.27µm
m.u_conv3.u_weights._15619_,4.27µm
m.u_conv1.u_loader._002_,4.26µm
m.u_conv2._0475_,4.26µm
m.u_conv3._024_,4.26µm
m.u_conv3._236_,4.26µm
m.u_conv3.u_weights._02251_,4.26µm
m.u_conv3.u_weights._02798_,4.26µm
m.u_conv3.u_weights._04381_,4.26µm
m.u_conv3.u_weights._05535_,4.26µm
m.u_conv3.u_weights._06084_,4.26µm
m.u_conv3.u_weights._06539_,4.26µm
m.u_conv3.u_weights._07889_,4.26µm
m.u_conv3.u_weights._08431_,4.26µm
m.u_conv3.u_weights._08503_,4.26µm
m.u_conv3.u_weights._08962_,4.26µm
m.u_conv3.u_weights._09722_,4.26µm
m.u_conv3.u_weights._13575_,4.26µm
m.u_conv3.u_weights._13935_,4.26µm
m.u_conv3.u_weights._15381_,4.26µm
m.u_conv3.u_weights._00064_,4.235µm
m.u_conv3.u_weights._00253_,4.23µm
m.u_conv3.u_weights._08456_,4.23µm
m.u_conv3.u_weights._04975_,4.22µm
m.u_conv3.u_weights._14357_,4.21µm
m.u_conv1.u_loader._110_,4.2µm
m.u_conv2._0215_,4.2µm
m.u_conv2._0226_,4.2µm
m.u_conv2._0234_,4.2µm
m.u_conv2._0399_,4.2µm
m.u_conv2._0430_,4.2µm
m.u_conv2._0434_,4.2µm
m.u_conv2._0578_,4.2µm
m.u_conv2._1048_,4.2µm
m.u_conv2._1277_,4.2µm
m.u_conv2._1511_,4.2µm
m.u_conv2._1558_,4.2µm
m.u_conv2._1574_,4.2µm
net2221,4.2µm
m.u_conv2.u_loader._262_,4.2µm
m.u_conv3._146_,4.2µm
m.u_conv3.u_weights._04476_,4.2µm
m.u_conv3.u_weights._04646_,4.2µm
m.u_conv3.u_weights._07338_,4.2µm
m.u_conv3.u_weights._08480_,4.2µm
m.u_conv3.u_weights._09000_,4.2µm
m.u_conv3.u_weights._09562_,4.2µm
m.u_conv3.u_weights._10268_,4.2µm
m.u_conv3.u_weights._13254_,4.2µm
m.u_pool2._087_,4.2µm
m.u_tree._1429_,4.2µm
m._114_,4.195µm
m.u_conv1.u_loader._282_,4.195µm
m.u_conv2._0985_,4.195µm
m.u_conv2._0992_,4.195µm
m.u_conv2._1095_,4.195µm
m.u_conv2._1168_,4.195µm
m.u_conv2._1198_,4.195µm
m.u_conv2._1209_,4.195µm
m.u_conv2._1281_,4.195µm
m.u_conv2._1439_,4.195µm
m.u_conv2._1501_,4.195µm
m.u_conv2.u_weights._134_,4.195µm
m.u_conv3.u_weights._01613_,4.195µm
m.u_conv3.u_weights._05327_,4.195µm
m.u_conv3.u_weights._05722_,4.195µm
m.u_conv3.u_weights._05884_,4.195µm
m.u_conv3.u_weights._06004_,4.195µm
m.u_conv3.u_weights._07095_,4.195µm
m.u_conv3.u_weights._09225_,4.195µm
m.u_conv3.u_weights._09355_,4.195µm
m.u_conv3.u_weights._09631_,4.195µm
m.u_conv3.u_weights._11699_,4.195µm
m.u_conv3.u_weights._12569_,4.195µm
m.u_conv3.u_weights._13023_,4.195µm
m.u_conv3.u_weights._14412_,4.195µm
m.u_pool1._178_,4.195µm
m.u_conv3.u_weights._03122_,4.185µm
m.u_conv3.u_weights._01249_,4.17µm
m.u_conv3.u_weights._06845_,4.16µm
m.u_conv2.u_weights._209_,4.15µm
m.u_conv2.u_weights._386_,4.15µm
m.u_conv3.u_weights._00904_,4.15µm
m.u_conv1._061_,4.14µm
m.u_conv3._227_,4.14µm
m.u_conv3.u_weights._01352_,4.14µm
m.u_conv3.u_weights._04583_,4.14µm
m.u_conv3.u_weights._08265_,4.14µm
m.u_conv3.u_weights._00250_,4.135µm
m.u_conv2._1372_,4.13µm
m.u_conv2._0957_,4.125µm
m.u_conv3._121_,4.125µm
m.u_tree._1466_,4.125µm
m.u_conv3.u_weights._15121_,4.12µm
m.u_conv2.u_loader._003_,4.105µm
m.u_conv3.u_weights._14725_,4.105µm
m.u_pool1._149_,4.105µm
m._057_,4.1µm
m.u_conv1.u_loader._014_,4.1µm
m.u_conv2._0977_,4.1µm
m.u_conv2._1169_,4.1µm
m.u_conv2._1255_,4.1µm
m.u_conv2._1264_,4.1µm
m.u_conv2._1314_,4.1µm
m.u_conv2._1373_,4.1µm
m.u_conv2._1461_,4.1µm
m.u_conv2._1545_,4.1µm
m.u_conv2.u_weights._030_,4.1µm
m.u_conv3._239_,4.1µm
m.u_conv3.u_weights._02039_,4.1µm
m.u_conv3.u_weights._04120_,4.1µm
m.u_conv3.u_weights._06259_,4.1µm
m.u_conv3.u_weights._06549_,4.1µm
m.u_conv3.u_weights._06810_,4.1µm
m.u_conv3.u_weights._06956_,4.1µm
m.u_conv3.u_weights._07317_,4.1µm
m.u_conv3.u_weights._07511_,4.1µm
m.u_conv3.u_weights._07735_,4.1µm
m.u_conv3.u_weights._07947_,4.1µm
m.u_conv3.u_weights._12648_,4.1µm
m.u_tree._0609_,4.1µm
m.u_tree._0688_,4.1µm
m.u_tree._0813_,4.1µm
m.u_tree._1197_,4.1µm
m.sram_req_conv2\[18\],4.09µm
m.sram_req_conv3\[14\],4.09µm
m.u_conv1._173_,4.09µm
m.u_conv1._199_,4.09µm
net1993,4.09µm
m.u_conv1.u_loader._236_,4.09µm
m.u_conv1.u_loader._363_,4.09µm
m.u_conv1.u_loader._440_,4.09µm
m.u_conv2._0678_,4.09µm
m.u_conv2._0917_,4.09µm
m.u_conv2._0923_,4.09µm
m.u_conv2._0926_,4.09µm
m.u_conv2._0949_,4.09µm
m.u_conv2._1174_,4.09µm
m.u_conv2._1287_,4.09µm
m.u_conv2._1486_,4.09µm
m.u_conv2.u_loader._019_,4.09µm
m.u_conv2.u_loader._321_,4.09µm
m.u_conv2.u_loader._378_,4.09µm
m.u_conv3._238_,4.09µm
m.u_conv3.u_weights._02780_,4.09µm
m.u_conv3.u_weights._03743_,4.09µm
m.u_conv3.u_weights._04407_,4.09µm
m.u_conv3.u_weights._07014_,4.09µm
m.u_conv3.u_weights._07355_,4.09µm
m.u_conv3.u_weights._07747_,4.09µm
m.u_conv3.u_weights._09158_,4.09µm
m.u_conv3.u_weights._09759_,4.09µm
m.u_conv3.u_weights._12179_,4.09µm
m.u_conv3.u_weights._13134_,4.09µm
m.u_conv3.u_weights._13610_,4.09µm
m.u_conv3.u_weights._15362_,4.09µm
m.u_tree._0009_,4.09µm
m.u_tree._0032_,4.09µm
m.u_tree._0135_,4.09µm
m.u_tree._0142_,4.09µm
m.u_tree._0179_,4.09µm
m.u_tree._0231_,4.09µm
m.u_tree._0507_,4.09µm
m.u_tree._1443_,4.09µm
net1996,4.09µm
net2019,4.09µm
net2052,4.09µm
net2059,4.09µm
net2099,4.09µm
net2103,4.09µm
net2116,4.09µm
net2162,4.09µm
m.u_conv3.u_weights._15393_,4.085µm
m.u_conv3.u_weights._02117_,4.08µm
m.u_conv3.u_weights._07428_,4.08µm
m.u_conv3.u_weights._12779_,4.08µm
m.u_conv3.u_weights._12869_,4.08µm
net1907,4.08µm
m.u_conv2._1364_,4.075µm
m.u_conv2._0075_,4.065µm
m.u_conv2._0104_,4.065µm
m.u_conv1._201_,4.04µm
m.u_conv3.u_weights._12947_,4.04µm
m.u_mnist_loader._19_,4.04µm
m.u_conv3.u_weights._02063_,4.035µm
m.u_conv1._183_,4.03µm
m.u_conv2._0750_,4.03µm
m.u_conv2._1038_,4.03µm
m.u_conv2.u_loader._125_,4.03µm
m.u_conv2.u_loader._274_,4.03µm
m.u_conv2.u_loader._421_,4.03µm
m.u_conv3.u_weights._00917_,4.03µm
m.u_conv3.u_weights._01064_,4.03µm
m.u_conv3.u_weights._05282_,4.03µm
m.u_conv3.u_weights._10596_,4.03µm
m.u_conv3.u_weights._11450_,4.03µm
m.u_conv2._0017_,4.02µm
m.u_conv2._0026_,4.02µm
m.u_conv2._0076_,4.02µm
m.u_conv2._0278_,4.02µm
m.u_conv2._0322_,4.02µm
m.u_conv2._1548_,4.02µm
m.u_conv2.u_loader._357_,4.02µm
m.u_conv3._033_,4.02µm
m.u_conv3._039_,4.02µm
m.u_conv3._052_,4.02µm
m.u_pool2._008_,4.02µm
m.u_conv3.u_weights._05825_,4.015µm
m.u_conv1.u_loader._338_,4µm
m.u_conv3.u_weights._04205_,3.99µm
m.u_conv3.u_weights._06543_,3.99µm
m.u_conv3._142_,3.985µm
m.u_conv3.u_weights._01926_,3.97µm
m.u_conv3.u_weights._04663_,3.97µm
m._020_,3.96µm
m._082_,3.96µm
m.sram_req_conv1\[16\],3.96µm
m.sram_req_conv1\[8\],3.96µm
net2138,3.96µm
m.u_conv1._003_,3.96µm
m.u_conv1._048_,3.96µm
net1962,3.96µm
net1966,3.96µm
m.u_conv1.conv_out2\[1\],3.96µm
m.u_conv1.u_loader._279_,3.96µm
m.u_conv1.u_loader._310_,3.96µm
m.u_conv1.u_weights._104_,3.96µm
m.u_conv2._0013_,3.96µm
m.u_conv2._0536_,3.96µm
m.u_conv2._0629_,3.96µm
m.u_conv2._0813_,3.96µm
m.u_conv2._0847_,3.96µm
net2113,3.96µm
m.u_conv2.loader_buffer\[0\],3.96µm
m.u_conv2.loader_buffer\[3\],3.96µm
m.u_conv2.state\[2\],3.96µm
m.u_conv2.u_loader._255_,3.96µm
m.u_conv2.u_loader._326_,3.96µm
m.u_conv2.u_weights._135_,3.96µm
m.u_conv2.u_weights._225_,3.96µm
m.u_conv3.u_weights._00099_,3.96µm
m.u_conv3.u_weights._00665_,3.96µm
m.u_conv3.u_weights._00765_,3.96µm
m.u_conv3.u_weights._00935_,3.96µm
m.u_conv3.u_weights._01166_,3.96µm
m.u_conv3.u_weights._01763_,3.96µm
m.u_conv3.u_weights._01846_,3.96µm
m.u_conv3.u_weights._01888_,3.96µm
m.u_conv3.u_weights._02328_,3.96µm
m.u_conv3.u_weights._02938_,3.96µm
m.u_conv3.u_weights._04670_,3.96µm
m.u_conv3.u_weights._04973_,3.96µm
m.u_conv3.u_weights._04991_,3.96µm
m.u_conv3.u_weights._05001_,3.96µm
m.u_conv3.u_weights._05712_,3.96µm
m.u_conv3.u_weights._05821_,3.96µm
m.u_conv3.u_weights._06016_,3.96µm
m.u_conv3.u_weights._06988_,3.96µm
m.u_conv3.u_weights._07084_,3.96µm
m.u_conv3.u_weights._07330_,3.96µm
m.u_conv3.u_weights._08476_,3.96µm
m.u_conv3.u_weights._08565_,3.96µm
m.u_conv3.u_weights._08918_,3.96µm
m.u_conv3.u_weights._08927_,3.96µm
m.u_conv3.u_weights._09166_,3.96µm
m.u_conv3.u_weights._09345_,3.96µm
m.u_conv3.u_weights._09541_,3.96µm
m.u_conv3.u_weights._10457_,3.96µm
m.u_conv3.u_weights._10741_,3.96µm
m.u_conv3.u_weights._11162_,3.96µm
m.u_conv3.u_weights._11369_,3.96µm
m.u_conv3.u_weights._11491_,3.96µm
m.u_conv3.u_weights._11555_,3.96µm
m.u_conv3.u_weights._12180_,3.96µm
m.u_conv3.u_weights._12683_,3.96µm
m.u_conv3.u_weights._12693_,3.96µm
m.u_conv3.u_weights._12750_,3.96µm
m.u_conv3.u_weights._12916_,3.96µm
m.u_conv3.u_weights._13187_,3.96µm
m.u_conv3.u_weights._13282_,3.96µm
m.u_conv3.u_weights._13463_,3.96µm
m.u_conv3.u_weights._13852_,3.96µm
m.u_conv3.u_weights._13922_,3.96µm
m.u_conv3.u_weights._14052_,3.96µm
m.u_conv3.u_weights._14238_,3.96µm
m.u_conv3.u_weights._14656_,3.96µm
m.u_conv3.u_weights._14728_,3.96µm
m.u_conv3.u_weights._15139_,3.96µm
m.u_conv3.u_weights._15247_,3.96µm
m.u_conv3.u_weights._15407_,3.96µm
m.u_conv3.u_weights._15584_,3.96µm
m.u_mnist_loader._00_,3.96µm
m.u_tree._0139_,3.96µm
m.u_tree._0483_,3.96µm
m.u_tree._0747_,3.96µm
m.u_tree._1304_,3.96µm
m.u_tree._1334_,3.96µm
m.u_tree._1375_,3.96µm
net1875,3.96µm
net1884,3.96µm
net2007,3.96µm
net2014,3.96µm
net2073,3.96µm
net2078,3.96µm
net2118,3.96µm
m.u_conv3.u_weights._10167_,3.95µm
m.u_conv1.u_loader._096_,3.945µm
m.u_conv3.u_weights._02283_,3.945µm
m.u_conv2.u_loader._338_,3.925µm
m.u_conv2.u_weights._125_,3.925µm
m.u_conv3.u_weights._09361_,3.915µm
m.u_conv3._225_,3.905µm
m.seq_state\[6\],3.9µm
m.u_conv1._018_,3.9µm
m.u_conv1._119_,3.9µm
m.u_conv1.loader_buffer\[14\],3.9µm
m.u_conv1.u_loader._029_,3.9µm
m.u_conv1.u_loader._175_,3.9µm
m.u_conv1.u_loader._372_,3.9µm
m.u_conv2._0577_,3.9µm
m.u_conv2._0684_,3.9µm
m.u_conv2._0955_,3.9µm
m.u_conv2._1447_,3.9µm
m.u_conv2.ci\[0\],3.9µm
m.u_conv2.u_loader._009_,3.9µm
m.u_conv2.u_loader._078_,3.9µm
m.u_conv2.u_loader._179_,3.9µm
m.u_conv2.u_loader._185_,3.9µm
m.u_conv2.u_loader._431_,3.9µm
m.u_conv2.u_loader._437_,3.9µm
m.u_conv2.u_weights._058_,3.9µm
m.u_conv2.u_weights._114_,3.9µm
m.u_conv2.u_weights._194_,3.9µm
m.u_conv3._107_,3.9µm
m.u_conv3._166_,3.9µm
m.u_conv3.u_weights._00516_,3.9µm
m.u_conv3.u_weights._00528_,3.9µm
m.u_conv3.u_weights._01652_,3.9µm
m.u_conv3.u_weights._02368_,3.9µm
m.u_conv3.u_weights._02829_,3.9µm
m.u_conv3.u_weights._03013_,3.9µm
m.u_conv3.u_weights._03055_,3.9µm
m.u_conv3.u_weights._03242_,3.9µm
m.u_conv3.u_weights._03465_,3.9µm
m.u_conv3.u_weights._03526_,3.9µm
m.u_conv3.u_weights._03584_,3.9µm
m.u_conv3.u_weights._03857_,3.9µm
m.u_conv3.u_weights._04340_,3.9µm
m.u_conv3.u_weights._04511_,3.9µm
m.u_conv3.u_weights._04544_,3.9µm
m.u_conv3.u_weights._05136_,3.9µm
m.u_conv3.u_weights._06126_,3.9µm
m.u_conv3.u_weights._06140_,3.9µm
m.u_conv3.u_weights._06293_,3.9µm
m.u_conv3.u_weights._06332_,3.9µm
m.u_conv3.u_weights._06387_,3.9µm
m.u_conv3.u_weights._06536_,3.9µm
m.u_conv3.u_weights._06755_,3.9µm
m.u_conv3.u_weights._06781_,3.9µm
m.u_conv3.u_weights._07273_,3.9µm
m.u_conv3.u_weights._07376_,3.9µm
m.u_conv3.u_weights._07886_,3.9µm
m.u_conv3.u_weights._08590_,3.9µm
m.u_conv3.u_weights._08665_,3.9µm
m.u_conv3.u_weights._08997_,3.9µm
m.u_conv3.u_weights._09408_,3.9µm
m.u_conv3.u_weights._09905_,3.9µm
m.u_conv3.u_weights._09968_,3.9µm
m.u_conv3.u_weights._10337_,3.9µm
m.u_conv3.u_weights._10637_,3.9µm
m.u_conv3.u_weights._10705_,3.9µm
m.u_conv3.u_weights._10751_,3.9µm
m.u_conv3.u_weights._10959_,3.9µm
m.u_conv3.u_weights._11523_,3.9µm
m.u_conv3.u_weights._11917_,3.9µm
m.u_conv3.u_weights._11949_,3.9µm
m.u_conv3.u_weights._12513_,3.9µm
m.u_conv3.u_weights._12655_,3.9µm
m.u_conv3.u_weights._13142_,3.9µm
m.u_conv3.u_weights._13160_,3.9µm
m.u_conv3.u_weights._13446_,3.9µm
m.u_conv3.u_weights._13456_,3.9µm
m.u_conv3.u_weights._13838_,3.9µm
m.u_conv3.u_weights._13858_,3.9µm
m.u_conv3.u_weights._14196_,3.9µm
m.u_conv3.u_weights._14403_,3.9µm
m.u_conv3.u_weights._15396_,3.9µm
m.u_conv3.u_weights._15503_,3.9µm
m.u_pool1._031_,3.9µm
m.u_pool1._228_,3.9µm
m.u_tree._0400_,3.9µm
m.u_tree._0516_,3.9µm
m.u_tree._0535_,3.9µm
m.u_tree._0945_,3.9µm
m.u_tree._0950_,3.9µm
m.u_tree._1062_,3.9µm
m.u_tree._1383_,3.9µm
net3070,3.9µm
net1989,3.88µm
net2126,3.88µm
m.u_conv3.u_weights._04138_,3.88µm
m.u_conv3.u_weights._11691_,3.855µm
m.u_conv3.u_weights._14595_,3.855µm
m.u_conv2._0909_,3.85µm
m.u_conv2.u_loader._176_,3.85µm
m.u_conv3.u_weights._05335_,3.85µm
m.u_conv3.u_weights._08630_,3.85µm
m.u_conv3.u_weights._12130_,3.85µm
m.u_pool1._154_,3.85µm
m.u_conv2._0845_,3.84µm
m.u_conv2._1113_,3.84µm
net2195,3.84µm
m.u_conv2.u_loader._203_,3.84µm
m.u_conv2.u_loader._367_,3.84µm
m.u_conv2.u_weights._158_,3.84µm
m.u_conv3._007_,3.84µm
m.u_conv3.u_weights._07645_,3.84µm
m.u_conv3.u_weights._07786_,3.84µm
m.u_conv3.u_weights._09978_,3.84µm
m.u_conv3.u_weights._12342_,3.84µm
m.u_conv3.u_weights._12990_,3.84µm
m.u_conv3.u_weights._13073_,3.84µm
m.u_conv3.u_weights._13084_,3.84µm
m.u_conv3.u_weights._15146_,3.84µm
m.u_tree._0271_,3.84µm
m.u_tree._1016_,3.84µm
m.u_conv3.u_weights._15282_,3.81µm
m.u_conv3.u_weights._13388_,3.795µm
m.u_conv3.u_weights._10459_,3.79µm
m.u_conv2.u_weights._097_,3.78µm
m.u_conv3.u_weights._00139_,3.78µm
m.u_conv3.u_weights._01431_,3.78µm
m.u_conv3.u_weights._04140_,3.78µm
m.u_conv3.u_weights._05167_,3.78µm
m.u_conv3.u_weights._06061_,3.78µm
m.u_conv3.u_weights._06096_,3.78µm
m.u_conv3.u_weights._07519_,3.78µm
m.u_conv3.u_weights._08246_,3.78µm
m.u_conv3.u_weights._08248_,3.78µm
m.u_conv3.u_weights._10198_,3.78µm
m.u_conv3.u_weights._11322_,3.78µm
m.u_conv3.u_weights._11715_,3.78µm
m.u_conv3.u_weights._12109_,3.78µm
m.u_conv3.u_weights._12148_,3.78µm
m.u_conv3.u_weights._13595_,3.78µm
m.u_conv3.u_weights._15447_,3.78µm
m.u_pool1._172_,3.78µm
m.u_pool1._196_,3.78µm
m.u_pool1._197_,3.78µm
m.u_conv2.u_weights._124_,3.765µm
m.u_conv3.u_weights._09801_,3.765µm
m.u_tree._1029_,3.76µm
m.u_conv3._143_,3.75µm
m.u_conv2._1266_,3.73µm
net1982,3.72µm
m.u_conv2._0491_,3.72µm
m.u_conv2._1146_,3.72µm
m.u_conv2._1158_,3.72µm
m.u_conv2._1367_,3.72µm
m.u_conv2._1370_,3.72µm
net2026,3.72µm
m.u_conv2.u_weights._321_,3.72µm
m.u_conv3.u_weights._01356_,3.72µm
m.u_conv3.u_weights._01930_,3.72µm
m.u_conv3.u_weights._06167_,3.72µm
m.u_conv3.u_weights._06986_,3.72µm
m.u_conv3.u_weights._08773_,3.72µm
m.u_conv3.u_weights._09325_,3.72µm
m.u_conv3.u_weights._10295_,3.72µm
m.u_conv3.u_weights._10602_,3.72µm
m.u_conv3.u_weights._11283_,3.72µm
m.u_conv3.u_weights._12482_,3.72µm
m.u_conv3.u_weights._12881_,3.72µm
m.u_conv3.u_weights._15180_,3.72µm
m.u_pool1._098_,3.72µm
m.u_tree._0257_,3.72µm
m.u_tree._1321_,3.72µm
m.u_tree._1379_,3.72µm
m.u_tree._1469_,3.72µm
net1997,3.72µm
net2095,3.72µm
m.u_conv1._140_,3.715µm
m.u_conv1._194_,3.715µm
m.u_conv1.u_loader._281_,3.715µm
m.u_conv1.u_loader._300_,3.715µm
m.u_conv1.u_loader._318_,3.715µm
m.u_conv2._0497_,3.715µm
m.u_conv2._1014_,3.715µm
m.u_conv2._1028_,3.715µm
m.u_conv2._1283_,3.715µm
m.u_conv2._1312_,3.715µm
m.u_conv2._1335_,3.715µm
m.u_conv2._1375_,3.715µm
m.u_conv2._1436_,3.715µm
m.u_conv2._1459_,3.715µm
m.u_conv3._080_,3.715µm
m.u_conv3.u_weights._00793_,3.715µm
m.u_conv3.u_weights._01001_,3.715µm
m.u_conv3.u_weights._03075_,3.715µm
m.u_conv3.u_weights._03156_,3.715µm
m.u_conv3.u_weights._04083_,3.715µm
m.u_conv3.u_weights._06452_,3.715µm
m.u_conv3.u_weights._06620_,3.715µm
m.u_conv3.u_weights._06771_,3.715µm
m.u_conv3.u_weights._07326_,3.715µm
m.u_conv3.u_weights._07978_,3.715µm
m.u_conv3.u_weights._09255_,3.715µm
m.u_conv3.u_weights._09906_,3.715µm
m.u_conv3.u_weights._09982_,3.715µm
m.u_conv3.u_weights._11273_,3.715µm
m.u_conv3.u_weights._12215_,3.715µm
m.u_conv3.u_weights._12370_,3.715µm
m.u_conv3.u_weights._12619_,3.715µm
m.u_conv3.u_weights._12753_,3.715µm
m.u_conv3.u_weights._14449_,3.715µm
m.u_conv3.u_weights._15644_,3.715µm
m.u_tree._0936_,3.715µm
m.u_tree._1342_,3.715µm
m.u_conv3.u_weights._10250_,3.71µm
m.u_conv3._049_,3.705µm
m.u_conv3.u_weights._10201_,3.705µm
m.u_conv3.u_weights._12865_,3.705µm
m.u_conv3.u_weights._15719_,3.705µm
m.u_tree._1535_,3.705µm
m.u_conv3._144_,3.69µm
m.u_conv3.u_weights._09540_,3.68µm
m.u_conv3.u_weights._02460_,3.67µm
m.u_conv3.u_weights._08780_,3.665µm
m.u_conv2.u_weights._121_,3.66µm
m.u_conv3._151_,3.66µm
m.u_conv3.u_weights._10193_,3.66µm
m.u_conv3.u_weights._10720_,3.66µm
m.u_conv3.u_weights._10802_,3.66µm
m.u_conv3.u_weights._12620_,3.66µm
m.u_conv3.u_weights._13371_,3.66µm
m.u_conv3.u_weights._13883_,3.66µm
m.u_tree._1555_,3.66µm
net2092,3.655µm
m.u_conv3.u_weights._15399_,3.65µm
m.u_conv3.u_weights._06115_,3.645µm
m.u_conv2.u_weights._400_,3.625µm
m.u_conv3.u_weights._09951_,3.625µm
m.u_conv1.u_loader._015_,3.62µm
m.u_conv1.u_loader._297_,3.62µm
m.u_conv1.u_loader._360_,3.62µm
m.u_conv1.u_loader._380_,3.62µm
m.u_conv2._0206_,3.62µm
m.u_conv2._1194_,3.62µm
m.u_conv2._1256_,3.62µm
m.u_conv2._1325_,3.62µm
m.u_conv2._1333_,3.62µm
m.u_conv2._1388_,3.62µm
m.u_conv2._1430_,3.62µm
m.u_conv2._1555_,3.62µm
m.u_conv2.u_loader._347_,3.62µm
m.u_conv3._037_,3.62µm
m.u_conv3.u_weights._00143_,3.62µm
m.u_conv3.u_weights._00254_,3.62µm
m.u_conv3.u_weights._01242_,3.62µm
m.u_conv3.u_weights._01466_,3.62µm
m.u_conv3.u_weights._01940_,3.62µm
m.u_conv3.u_weights._02190_,3.62µm
m.u_conv3.u_weights._03009_,3.62µm
m.u_conv3.u_weights._04927_,3.62µm
m.u_conv3.u_weights._06558_,3.62µm
m.u_conv3.u_weights._10076_,3.62µm
m.u_conv3.u_weights._10157_,3.62µm
m.u_conv3.u_weights._10194_,3.62µm
m.u_conv3.u_weights._11186_,3.62µm
m.u_conv3.u_weights._11488_,3.62µm
m.u_conv3.u_weights._12059_,3.62µm
m.u_conv3.u_weights._12132_,3.62µm
m.u_conv3.u_weights._12793_,3.62µm
m.u_conv3.u_weights._13940_,3.62µm
m.u_conv3.u_weights._15502_,3.62µm
m.u_conv3.u_weights._15511_,3.62µm
m.u_conv3.u_weights._15632_,3.62µm
m.u_tree._0857_,3.62µm
m.u_tree._1438_,3.62µm
m.u_tree._1493_,3.62µm
m.sram_req_mnist\[2\],3.61µm
m.sram_req_pool1\[16\],3.61µm
m.u_conv1._098_,3.61µm
net1913,3.61µm
net2176,3.61µm
m.u_conv1.u_loader._193_,3.61µm
m.u_conv2._0637_,3.61µm
m.u_conv2._1550_,3.61µm
m.u_conv2.u_loader._163_,3.61µm
m.u_conv2.u_loader._208_,3.61µm
m.u_conv2.u_loader._242_,3.61µm
m.u_conv2.u_weights._120_,3.61µm
m.u_conv3.u_weights._02027_,3.61µm
m.u_conv3.u_weights._02139_,3.61µm
m.u_conv3.u_weights._02414_,3.61µm
m.u_conv3.u_weights._02776_,3.61µm
m.u_conv3.u_weights._02983_,3.61µm
m.u_conv3.u_weights._03201_,3.61µm
m.u_conv3.u_weights._03854_,3.61µm
m.u_conv3.u_weights._04135_,3.61µm
m.u_conv3.u_weights._04451_,3.61µm
m.u_conv3.u_weights._04493_,3.61µm
m.u_conv3.u_weights._05089_,3.61µm
m.u_conv3.u_weights._06882_,3.61µm
m.u_conv3.u_weights._07003_,3.61µm
m.u_conv3.u_weights._07047_,3.61µm
m.u_conv3.u_weights._07051_,3.61µm
m.u_conv3.u_weights._07783_,3.61µm
m.u_conv3.u_weights._09104_,3.61µm
m.u_conv3.u_weights._09709_,3.61µm
m.u_conv3.u_weights._09735_,3.61µm
m.u_conv3.u_weights._09883_,3.61µm
m.u_conv3.u_weights._10290_,3.61µm
m.u_conv3.u_weights._11013_,3.61µm
m.u_conv3.u_weights._12276_,3.61µm
m.u_conv3.u_weights._12670_,3.61µm
m.u_conv3.u_weights._14122_,3.61µm
m.u_conv3.u_weights._14198_,3.61µm
m.u_conv3.u_weights._15616_,3.61µm
m.u_tree._0201_,3.61µm
m.u_tree._1365_,3.61µm
m.u_tree._1567_,3.61µm
net2020,3.61µm
m.u_conv1.u_loader._013_,3.6µm
m.u_conv1.u_loader._406_,3.6µm
m.u_conv2._0743_,3.6µm
m.u_conv2.u_loader._021_,3.6µm
m.u_conv2.u_loader._092_,3.6µm
m.u_conv2.u_loader._236_,3.6µm
m.u_conv3.u_weights._00702_,3.6µm
m.u_tree._0859_,3.6µm
net1952,3.6µm
m.sram_req_conv1\[13\],3.585µm
m.u_conv3._128_,3.57µm
m.u_conv3.u_weights._00363_,3.565µm
m.u_conv3._168_,3.56µm
m.u_conv3.u_weights._02242_,3.56µm
m.u_conv3.u_weights._10548_,3.56µm
m.u_conv3.u_weights._12396_,3.56µm
m.sram_req_conv3\[23\],3.55µm
m.u_conv2._1046_,3.55µm
m.u_conv3.u_weights._02277_,3.55µm
m.u_conv3.u_weights._03503_,3.55µm
m.u_conv3.u_weights._04414_,3.55µm
m.u_conv3.u_weights._06037_,3.55µm
m.u_conv3.u_weights._08823_,3.55µm
m.u_conv3.u_weights._10397_,3.55µm
m.u_conv3.u_weights._14642_,3.55µm
m.u_pool2._162_,3.55µm
m._061_,3.54µm
m.u_conv1._015_,3.54µm
m.u_conv2._0066_,3.54µm
m.u_conv2._0094_,3.54µm
m.u_conv2._0228_,3.54µm
m.u_conv2._0270_,3.54µm
m.u_conv2._0385_,3.54µm
m.u_conv2._0418_,3.54µm
m.u_conv3._011_,3.54µm
m.u_conv3.u_weights._03949_,3.54µm
m.u_conv3.u_weights._07020_,3.54µm
net2831,3.54µm
m.u_conv3.u_weights._03515_,3.53µm
m.u_conv3.u_weights._05999_,3.52µm
m.u_conv2._1177_,3.51µm
m.u_conv3.u_weights._12077_,3.505µm
m.u_conv3._082_,3.5µm
m.u_conv3.u_weights._08777_,3.5µm
m._017_,3.48µm
m._066_,3.48µm
m._074_,3.48µm
m.sram_req_conv3\[20\],3.48µm
m.sram_req_pool1\[5\],3.48µm
m.u_conv1._007_,3.48µm
m.u_conv1._146_,3.48µm
m.u_conv1.loader_ready,3.48µm
m.u_conv1.u_loader._006_,3.48µm
m.u_conv1.u_loader._178_,3.48µm
m.u_conv1.u_loader._244_,3.48µm
m.u_conv1.u_loader.byte_a_r\[6\],3.48µm
m.u_conv1.u_weights._011_,3.48µm
m.u_conv2._0635_,3.48µm
m.u_conv2._0965_,3.48µm
m.u_conv2._1034_,3.48µm
m.u_conv2.u_loader._001_,3.48µm
m.u_conv2.u_weights._038_,3.48µm
m.u_conv2.u_weights._075_,3.48µm
m.u_conv2.u_weights._199_,3.48µm
m.u_conv2.u_weights._208_,3.48µm
m.u_conv2.u_weights._266_,3.48µm
m.u_conv2.u_weights._300_,3.48µm
m.u_conv3._164_,3.48µm
m.u_conv3.u_weights._00332_,3.48µm
m.u_conv3.u_weights._00699_,3.48µm
m.u_conv3.u_weights._01028_,3.48µm
m.u_conv3.u_weights._01308_,3.48µm
m.u_conv3.u_weights._01398_,3.48µm
m.u_conv3.u_weights._01784_,3.48µm
m.u_conv3.u_weights._01938_,3.48µm
m.u_conv3.u_weights._02274_,3.48µm
m.u_conv3.u_weights._02706_,3.48µm
m.u_conv3.u_weights._03084_,3.48µm
m.u_conv3.u_weights._04175_,3.48µm
m.u_conv3.u_weights._04505_,3.48µm
m.u_conv3.u_weights._04965_,3.48µm
m.u_conv3.u_weights._04986_,3.48µm
m.u_conv3.u_weights._05778_,3.48µm
m.u_conv3.u_weights._06145_,3.48µm
m.u_conv3.u_weights._06158_,3.48µm
m.u_conv3.u_weights._06257_,3.48µm
m.u_conv3.u_weights._06288_,3.48µm
m.u_conv3.u_weights._06296_,3.48µm
m.u_conv3.u_weights._06377_,3.48µm
m.u_conv3.u_weights._06556_,3.48µm
m.u_conv3.u_weights._06575_,3.48µm
m.u_conv3.u_weights._06622_,3.48µm
m.u_conv3.u_weights._06878_,3.48µm
m.u_conv3.u_weights._07379_,3.48µm
m.u_conv3.u_weights._07508_,3.48µm
m.u_conv3.u_weights._08122_,3.48µm
m.u_conv3.u_weights._08138_,3.48µm
m.u_conv3.u_weights._08577_,3.48µm
m.u_conv3.u_weights._08992_,3.48µm
m.u_conv3.u_weights._09445_,3.48µm
m.u_conv3.u_weights._09500_,3.48µm
m.u_conv3.u_weights._09814_,3.48µm
m.u_conv3.u_weights._10195_,3.48µm
m.u_conv3.u_weights._10227_,3.48µm
m.u_conv3.u_weights._10541_,3.48µm
m.u_conv3.u_weights._11008_,3.48µm
m.u_conv3.u_weights._11294_,3.48µm
m.u_conv3.u_weights._11478_,3.48µm
m.u_conv3.u_weights._11539_,3.48µm
m.u_conv3.u_weights._11672_,3.48µm
m.u_conv3.u_weights._11676_,3.48µm
m.u_conv3.u_weights._11769_,3.48µm
m.u_conv3.u_weights._12221_,3.48µm
m.u_conv3.u_weights._12318_,3.48µm
m.u_conv3.u_weights._12374_,3.48µm
m.u_conv3.u_weights._12917_,3.48µm
m.u_conv3.u_weights._13115_,3.48µm
m.u_conv3.u_weights._13507_,3.48µm
m.u_conv3.u_weights._13829_,3.48µm
m.u_conv3.u_weights._13930_,3.48µm
m.u_conv3.u_weights._14069_,3.48µm
m.u_conv3.u_weights._14193_,3.48µm
m.u_conv3.u_weights._14255_,3.48µm
m.u_conv3.u_weights._14477_,3.48µm
m.u_conv3.u_weights._14621_,3.48µm
m.u_conv3.u_weights._14961_,3.48µm
m.u_conv3.u_weights._15590_,3.48µm
m.u_pool1._007_,3.48µm
m.u_pool1._055_,3.48µm
m.u_pool2._118_,3.48µm
m.u_tree._0029_,3.48µm
m.u_tree._0056_,3.48µm
m.u_tree._0066_,3.48µm
m.u_tree._0489_,3.48µm
m.u_tree._0597_,3.48µm
m.u_tree._0726_,3.48µm
m.u_tree._1018_,3.48µm
m.u_tree._1358_,3.48µm
m.u_tree._1483_,3.48µm
net1869,3.48µm
net1967,3.48µm
net2090,3.48µm
net2723,3.48µm
m.u_conv3.u_weights._15551_,3.475µm
m.u_conv2._0124_,3.43µm
m.u_tree._0683_,3.43µm
m.u_conv3.u_weights._04477_,3.425µm
m._034_,3.42µm
m.sram_req_pool1\[13\],3.42µm
m.sram_req_pool2\[2\],3.42µm
m.u_conv1.u_loader._105_,3.42µm
m.u_conv1.u_loader._276_,3.42µm
m.u_conv1.u_loader._325_,3.42µm
m.u_conv1.u_loader._383_,3.42µm
m.u_conv1.u_weights._164_,3.42µm
m.u_conv2._0003_,3.42µm
m.u_conv2._0956_,3.42µm
m.u_conv2._1018_,3.42µm
m.u_conv2._1230_,3.42µm
m.u_conv2._1289_,3.42µm
m.u_conv2._1443_,3.42µm
m.u_conv2.state\[5\],3.42µm
m.u_conv2.u_loader._045_,3.42µm
m.u_conv2.u_loader._053_,3.42µm
m.u_conv2.u_loader._105_,3.42µm
m.u_conv2.u_loader._244_,3.42µm
m.u_conv2.u_loader._257_,3.42µm
m.u_conv2.u_weights._000_,3.42µm
m.u_conv2.u_weights._052_,3.42µm
m.u_conv2.u_weights._062_,3.42µm
m.u_conv2.u_weights._140_,3.42µm
m.u_conv2.u_weights._272_,3.42µm
m.u_conv2.u_weights._385_,3.42µm
m.u_conv3.u_weights._00005_,3.42µm
m.u_conv3.u_weights._00180_,3.42µm
m.u_conv3.u_weights._00271_,3.42µm
m.u_conv3.u_weights._00383_,3.42µm
m.u_conv3.u_weights._00559_,3.42µm
m.u_conv3.u_weights._00694_,3.42µm
m.u_conv3.u_weights._00883_,3.42µm
m.u_conv3.u_weights._01014_,3.42µm
m.u_conv3.u_weights._01280_,3.42µm
m.u_conv3.u_weights._01462_,3.42µm
m.u_conv3.u_weights._01663_,3.42µm
m.u_conv3.u_weights._01912_,3.42µm
m.u_conv3.u_weights._02108_,3.42µm
m.u_conv3.u_weights._02604_,3.42µm
m.u_conv3.u_weights._02629_,3.42µm
m.u_conv3.u_weights._02708_,3.42µm
m.u_conv3.u_weights._02803_,3.42µm
m.u_conv3.u_weights._02955_,3.42µm
m.u_conv3.u_weights._03152_,3.42µm
m.u_conv3.u_weights._03194_,3.42µm
m.u_conv3.u_weights._03468_,3.42µm
m.u_conv3.u_weights._03692_,3.42µm
m.u_conv3.u_weights._04132_,3.42µm
m.u_conv3.u_weights._04585_,3.42µm
m.u_conv3.u_weights._04735_,3.42µm
m.u_conv3.u_weights._05506_,3.42µm
m.u_conv3.u_weights._05510_,3.42µm
m.u_conv3.u_weights._05595_,3.42µm
m.u_conv3.u_weights._05754_,3.42µm
m.u_conv3.u_weights._05763_,3.42µm
m.u_conv3.u_weights._06324_,3.42µm
m.u_conv3.u_weights._06500_,3.42µm
m.u_conv3.u_weights._06982_,3.42µm
m.u_conv3.u_weights._07087_,3.42µm
m.u_conv3.u_weights._07796_,3.42µm
m.u_conv3.u_weights._08817_,3.42µm
m.u_conv3.u_weights._08959_,3.42µm
m.u_conv3.u_weights._09064_,3.42µm
m.u_conv3.u_weights._09525_,3.42µm
m.u_conv3.u_weights._10089_,3.42µm
m.u_conv3.u_weights._10561_,3.42µm
m.u_conv3.u_weights._10773_,3.42µm
m.u_conv3.u_weights._11133_,3.42µm
m.u_conv3.u_weights._11275_,3.42µm
m.u_conv3.u_weights._11427_,3.42µm
m.u_conv3.u_weights._11839_,3.42µm
m.u_conv3.u_weights._12027_,3.42µm
m.u_conv3.u_weights._12189_,3.42µm
m.u_conv3.u_weights._12253_,3.42µm
m.u_conv3.u_weights._12336_,3.42µm
m.u_conv3.u_weights._12837_,3.42µm
m.u_conv3.u_weights._13049_,3.42µm
m.u_conv3.u_weights._13341_,3.42µm
m.u_conv3.u_weights._13779_,3.42µm
m.u_conv3.u_weights._13885_,3.42µm
m.u_conv3.u_weights._13898_,3.42µm
m.u_conv3.u_weights._13918_,3.42µm
m.u_conv3.u_weights._13936_,3.42µm
m.u_conv3.u_weights._14188_,3.42µm
m.u_conv3.u_weights._14450_,3.42µm
m.u_conv3.u_weights._14703_,3.42µm
m.u_conv3.u_weights._14843_,3.42µm
m.u_conv3.u_weights._14883_,3.42µm
m.u_conv3.u_weights._15020_,3.42µm
m.u_conv3.u_weights._15088_,3.42µm
m.u_conv3.u_weights._15129_,3.42µm
m.u_conv3.u_weights._15155_,3.42µm
m.u_conv3.u_weights._15288_,3.42µm
m.u_conv3.u_weights._15581_,3.42µm
m.u_conv3.u_weights._15646_,3.42µm
m.u_pool2._011_,3.42µm
m.u_tree._0227_,3.42µm
m.u_tree._0247_,3.42µm
m.u_tree._0946_,3.42µm
m.u_tree._0981_,3.42µm
m.u_tree._1381_,3.42µm
m.u_tree._1563_,3.42µm
net2010,3.42µm
m._058_,3.36µm
m.u_conv1.u_loader._196_,3.36µm
m.u_conv2._0869_,3.36µm
m.u_conv2._0940_,3.36µm
m.u_conv2.u_loader._193_,3.36µm
m.u_conv3.u_weights._02733_,3.36µm
m.u_conv3.u_weights._14984_,3.36µm
m.u_conv2._1453_,3.345µm
m.u_conv3.u_weights._07393_,3.34µm
m.u_conv2._1261_,3.285µm
m.u_conv2._0927_,3.27µm
m.u_tree._0984_,3.25µm
m._045_,3.24µm
m.u_conv1._075_,3.24µm
m.u_conv1._091_,3.24µm
m.u_conv1._117_,3.24µm
net1939,3.24µm
net2179,3.24µm
m.u_conv1.u_loader._125_,3.24µm
m.u_conv1.u_loader._173_,3.24µm
m.u_conv1.u_loader._274_,3.24µm
m.u_conv2._0477_,3.24µm
m.u_conv2._1111_,3.24µm
m.u_conv2._1167_,3.24µm
m.u_conv2._1242_,3.24µm
m.u_conv2._1243_,3.24µm
m.u_conv2._1259_,3.24µm
m.u_conv2._1260_,3.24µm
m.u_conv2._1291_,3.24µm
m.u_conv2._1339_,3.24µm
m.u_conv2._1346_,3.24µm
m.u_conv2._1438_,3.24µm
m.u_conv2._1452_,3.24µm
m.u_conv2._1500_,3.24µm
m.u_conv2._1505_,3.24µm
m.u_conv2._1525_,3.24µm
m.u_conv3._189_,3.24µm
m.u_conv3.u_weights._01159_,3.24µm
m.u_conv3.u_weights._01496_,3.24µm
m.u_conv3.u_weights._01715_,3.24µm
m.u_conv3.u_weights._02102_,3.24µm
m.u_conv3.u_weights._03109_,3.24µm
m.u_conv3.u_weights._03777_,3.24µm
m.u_conv3.u_weights._05239_,3.24µm
m.u_conv3.u_weights._05524_,3.24µm
m.u_conv3.u_weights._12013_,3.24µm
m.u_conv3.u_weights._12084_,3.24µm
m.u_conv3.u_weights._12213_,3.24µm
m.u_conv3.u_weights._13040_,3.24µm
m.u_conv3.u_weights._14158_,3.24µm
m.u_conv3.u_weights._14455_,3.24µm
m.u_conv3.u_weights._15098_,3.24µm
m.u_pool1._208_,3.24µm
m.u_pool2._024_,3.24µm
m.u_tree._0437_,3.24µm
m.u_tree._0755_,3.24µm
m.u_tree._0978_,3.24µm
m.sram_req_conv2\[23\],3.235µm
m.sram_req_pool1\[12\],3.235µm
m.u_conv1._078_,3.235µm
m.u_conv1._102_,3.235µm
m.u_conv1.u_loader._130_,3.235µm
m.u_conv2._0794_,3.235µm
m.u_conv2._1041_,3.235µm
m.u_conv2._1162_,3.235µm
m.u_conv2._1220_,3.235µm
m.u_conv2._1252_,3.235µm
m.u_conv2._1337_,3.235µm
m.u_conv2._1400_,3.235µm
m.u_conv2._1444_,3.235µm
m.u_conv2._1446_,3.235µm
m.u_conv2._1547_,3.235µm
m.u_conv2._1566_,3.235µm
m.u_conv2.u_loader._142_,3.235µm
m.u_conv2.u_loader._336_,3.235µm
m.u_conv2.u_weights._053_,3.235µm
m.u_conv2.u_weights._160_,3.235µm
m.u_conv3._136_,3.235µm
m.u_conv3.u_weights._00476_,3.235µm
m.u_conv3.u_weights._00529_,3.235µm
m.u_conv3.u_weights._02408_,3.235µm
m.u_conv3.u_weights._02773_,3.235µm
m.u_conv3.u_weights._03407_,3.235µm
m.u_conv3.u_weights._04545_,3.235µm
m.u_conv3.u_weights._05285_,3.235µm
m.u_conv3.u_weights._05439_,3.235µm
m.u_conv3.u_weights._05709_,3.235µm
m.u_conv3.u_weights._06013_,3.235µm
m.u_conv3.u_weights._06571_,3.235µm
m.u_conv3.u_weights._06863_,3.235µm
m.u_conv3.u_weights._07970_,3.235µm
m.u_conv3.u_weights._08591_,3.235µm
m.u_conv3.u_weights._08705_,3.235µm
m.u_conv3.u_weights._08785_,3.235µm
m.u_conv3.u_weights._08897_,3.235µm
m.u_conv3.u_weights._09558_,3.235µm
m.u_conv3.u_weights._10898_,3.235µm
m.u_conv3.u_weights._11916_,3.235µm
m.u_conv3.u_weights._12123_,3.235µm
m.u_conv3.u_weights._13881_,3.235µm
m.u_conv3.u_weights._14572_,3.235µm
m.u_conv3.u_weights._14855_,3.235µm
m.u_conv3.u_weights._15560_,3.235µm
m.u_tree._0785_,3.235µm
m.u_tree._1386_,3.235µm
m.u_conv1.u_loader._436_,3.225µm
m.u_conv3._038_,3.225µm
m.u_conv3._059_,3.225µm
m.u_conv3.u_weights._09506_,3.22µm
m.u_conv3.u_weights._01606_,3.21µm
m.u_tree._0661_,3.21µm
m._062_,3.19µm
m.u_conv2._1206_,3.19µm
m.u_conv3.u_weights._06095_,3.185µm
m.u_conv1._204_,3.18µm
m.u_conv2._1244_,3.18µm
m.u_conv2._1297_,3.18µm
m.u_conv2._1300_,3.18µm
m.u_conv2._1309_,3.18µm
m.u_conv2._1374_,3.18µm
m.u_conv3._176_,3.18µm
m.u_conv3.u_weights._00370_,3.18µm
m.u_conv3.u_weights._00646_,3.18µm
m.u_conv3.u_weights._01126_,3.18µm
m.u_conv3.u_weights._02113_,3.18µm
m.u_conv3.u_weights._03154_,3.18µm
m.u_conv3.u_weights._03454_,3.18µm
m.u_conv3.u_weights._05812_,3.18µm
m.u_conv3.u_weights._06133_,3.18µm
m.u_conv3.u_weights._09945_,3.18µm
m.u_conv3.u_weights._12544_,3.18µm
m.u_conv3.u_weights._15160_,3.18µm
m.u_conv3.u_weights._15517_,3.18µm
m.u_pool2._117_,3.18µm
m.u_tree._0191_,3.18µm
m.u_tree._0836_,3.18µm
m.u_tree._1497_,3.18µm
net2289,3.18µm
m.u_conv3.u_weights._13968_,3.175µm
m.u_conv3.u_weights._10585_,3.165µm
m.u_conv3.u_weights._00124_,3.145µm
m.u_conv3.u_weights._04787_,3.145µm
m.u_conv3.u_weights._06319_,3.145µm
m.u_conv3.u_weights._15276_,3.145µm
m.sram_req_mnist\[6\],3.14µm
m.u_conv1._054_,3.14µm
m.u_conv1.u_loader._437_,3.14µm
m.u_conv1.u_loader._444_,3.14µm
m.u_conv1.u_weights._167_,3.14µm
m.u_conv2._0442_,3.14µm
m.u_conv2._1107_,3.14µm
m.u_conv2._1179_,3.14µm
m.u_conv2._1204_,3.14µm
m.u_conv2._1398_,3.14µm
m.u_conv2._1483_,3.14µm
m.u_conv2._1556_,3.14µm
m.u_conv2.u_loader._372_,3.14µm
m.u_conv2.u_weights._322_,3.14µm
m.u_conv3._248_,3.14µm
m.u_conv3.u_weights._00199_,3.14µm
m.u_conv3.u_weights._00221_,3.14µm
m.u_conv3.u_weights._00689_,3.14µm
m.u_conv3.u_weights._00803_,3.14µm
m.u_conv3.u_weights._00878_,3.14µm
m.u_conv3.u_weights._00939_,3.14µm
m.u_conv3.u_weights._01521_,3.14µm
m.u_conv3.u_weights._01553_,3.14µm
m.u_conv3.u_weights._02232_,3.14µm
m.u_conv3.u_weights._02388_,3.14µm
m.u_conv3.u_weights._02895_,3.14µm
m.u_conv3.u_weights._04171_,3.14µm
m.u_conv3.u_weights._04308_,3.14µm
m.u_conv3.u_weights._04432_,3.14µm
m.u_conv3.u_weights._06228_,3.14µm
m.u_conv3.u_weights._06300_,3.14µm
m.u_conv3.u_weights._07755_,3.14µm
m.u_conv3.u_weights._08254_,3.14µm
m.u_conv3.u_weights._09059_,3.14µm
m.u_conv3.u_weights._10071_,3.14µm
m.u_conv3.u_weights._11066_,3.14µm
m.u_conv3.u_weights._11717_,3.14µm
m.u_conv3.u_weights._11835_,3.14µm
m.u_conv3.u_weights._13055_,3.14µm
m.u_conv3.u_weights._13692_,3.14µm
m.u_conv3.u_weights._13978_,3.14µm
m.u_conv3.u_weights._14901_,3.14µm
m.u_conv3.u_weights._14996_,3.14µm
m.u_conv3.u_weights._15574_,3.14µm
m.u_tree._0150_,3.14µm
m.u_tree._0989_,3.14µm
m.u_tree._1471_,3.14µm
net2223,3.14µm
net2232,3.14µm
m._024_,3.13µm
m._040_,3.13µm
m.sram_req_conv3\[15\],3.13µm
m.sram_req_conv3\[24\],3.13µm
net1931,3.13µm
m.u_conv1.u_loader._008_,3.13µm
m.u_conv1.u_loader._294_,3.13µm
m.u_conv1.u_loader._301_,3.13µm
m.u_conv1.u_loader._407_,3.13µm
m.u_conv2._0498_,3.13µm
m.u_conv2._0789_,3.13µm
m.u_conv2._0924_,3.13µm
m.u_conv2._1003_,3.13µm
m.u_conv2._1178_,3.13µm
net2062,3.13µm
m.u_conv2.u_loader._048_,3.13µm
m.u_conv2.u_loader._294_,3.13µm
m.u_conv2.u_loader._410_,3.13µm
m.u_conv2.u_weights._105_,3.13µm
m.u_conv2.u_weights._164_,3.13µm
m.u_conv3._123_,3.13µm
m.u_conv3._139_,3.13µm
m.u_conv3._153_,3.13µm
m.u_conv3.u_weights._00543_,3.13µm
m.u_conv3.u_weights._00629_,3.13µm
m.u_conv3.u_weights._00791_,3.13µm
m.u_conv3.u_weights._00993_,3.13µm
m.u_conv3.u_weights._01123_,3.13µm
m.u_conv3.u_weights._01768_,3.13µm
m.u_conv3.u_weights._02675_,3.13µm
m.u_conv3.u_weights._02885_,3.13µm
m.u_conv3.u_weights._03145_,3.13µm
m.u_conv3.u_weights._03157_,3.13µm
m.u_conv3.u_weights._03283_,3.13µm
m.u_conv3.u_weights._03965_,3.13µm
m.u_conv3.u_weights._04066_,3.13µm
m.u_conv3.u_weights._04596_,3.13µm
m.u_conv3.u_weights._05143_,3.13µm
m.u_conv3.u_weights._05252_,3.13µm
m.u_conv3.u_weights._05752_,3.13µm
m.u_conv3.u_weights._05943_,3.13µm
m.u_conv3.u_weights._06027_,3.13µm
m.u_conv3.u_weights._06064_,3.13µm
m.u_conv3.u_weights._06338_,3.13µm
m.u_conv3.u_weights._06379_,3.13µm
m.u_conv3.u_weights._06395_,3.13µm
m.u_conv3.u_weights._06598_,3.13µm
m.u_conv3.u_weights._06663_,3.13µm
m.u_conv3.u_weights._07457_,3.13µm
m.u_conv3.u_weights._09340_,3.13µm
m.u_conv3.u_weights._10534_,3.13µm
m.u_conv3.u_weights._13182_,3.13µm
m.u_conv3.u_weights._13755_,3.13µm
m.u_conv3.u_weights._14306_,3.13µm
m.u_conv3.u_weights._15665_,3.13µm
m.u_mnist_loader._21_,3.13µm
m.u_pool1._116_,3.13µm
m.u_pool2._009_,3.13µm
m.u_tree._0151_,3.13µm
m.u_tree._0307_,3.13µm
m.u_tree._1269_,3.13µm
net1878,3.13µm
net1995,3.13µm
m.u_conv3.u_weights._02198_,3.125µm
m.u_conv3.u_weights._00718_,3.12µm
m.u_conv3.u_weights._04759_,3.12µm
m.u_conv3.u_weights._09630_,3.12µm
m.u_tree._1436_,3.115µm
m.u_conv2._1414_,3.095µm
m.u_conv2._1258_,3.085µm
m.u_conv2._1475_,3.08µm
m.u_conv3._057_,3.08µm
m.u_conv3.u_weights._09323_,3.08µm
m.sram_req_mnist\[14\],3.07µm
m.u_conv3.u_weights._15461_,3.07µm
m.u_tree._0682_,3.07µm
m._008_,3.06µm
m.u_conv2._0009_,3.06µm
m.u_conv2._0027_,3.06µm
m.u_conv2._0045_,3.06µm
m.u_conv2._0084_,3.06µm
m.u_conv2._0142_,3.06µm
m.u_conv2._0144_,3.06µm
m.u_conv2._0222_,3.06µm
m.u_conv2._0238_,3.06µm
m.u_conv2._0273_,3.06µm
m.u_conv2._0347_,3.06µm
m.u_conv2._0369_,3.06µm
m.u_conv2._0446_,3.06µm
m.u_conv3.u_weights._06489_,3.06µm
net2941,3.04µm
m.u_conv3.u_weights._15083_,3.03µm
m._011_,3µm
m._093_,3µm
m.sram_req_pool1\[6\],3µm
m.u_conv1._001_,3µm
m.u_conv1._080_,3µm
m.u_conv1.sram_req_load\[18\],3µm
m.u_conv1.u_loader._001_,3µm
m.u_conv1.u_loader._142_,3µm
m.u_conv1.u_loader._369_,3µm
m.u_conv1.u_weights._033_,3µm
m.u_conv2._0770_,3µm
m.u_conv2._0960_,3µm
m.u_conv2._1008_,3µm
net2083,3µm
m.u_conv2.u_weights._029_,3µm
m.u_conv2.u_weights._057_,3µm
m.u_conv2.u_weights._061_,3µm
m.u_conv2.u_weights._063_,3µm
m.u_conv2.u_weights._070_,3µm
m.u_conv2.u_weights._221_,3µm
m.u_conv3._084_,3µm
m.u_conv3._149_,3µm
m.u_conv3._221_,3µm
m.u_conv3.u_weights._00003_,3µm
m.u_conv3.u_weights._00068_,3µm
m.u_conv3.u_weights._00465_,3µm
m.u_conv3.u_weights._00602_,3µm
m.u_conv3.u_weights._00889_,3µm
m.u_conv3.u_weights._00937_,3µm
m.u_conv3.u_weights._01025_,3µm
m.u_conv3.u_weights._01200_,3µm
m.u_conv3.u_weights._01405_,3µm
m.u_conv3.u_weights._01789_,3µm
m.u_conv3.u_weights._01860_,3µm
m.u_conv3.u_weights._02545_,3µm
m.u_conv3.u_weights._02613_,3µm
m.u_conv3.u_weights._02790_,3µm
m.u_conv3.u_weights._02918_,3µm
m.u_conv3.u_weights._03820_,3µm
m.u_conv3.u_weights._03947_,3µm
m.u_conv3.u_weights._04990_,3µm
m.u_conv3.u_weights._05094_,3µm
m.u_conv3.u_weights._05511_,3µm
m.u_conv3.u_weights._05773_,3µm
m.u_conv3.u_weights._05891_,3µm
m.u_conv3.u_weights._05946_,3µm
m.u_conv3.u_weights._06023_,3µm
m.u_conv3.u_weights._06163_,3µm
m.u_conv3.u_weights._06272_,3µm
m.u_conv3.u_weights._06342_,3µm
m.u_conv3.u_weights._06391_,3µm
m.u_conv3.u_weights._06793_,3µm
m.u_conv3.u_weights._07928_,3µm
m.u_conv3.u_weights._07939_,3µm
m.u_conv3.u_weights._07975_,3µm
m.u_conv3.u_weights._08409_,3µm
m.u_conv3.u_weights._08465_,3µm
m.u_conv3.u_weights._09669_,3µm
m.u_conv3.u_weights._09915_,3µm
m.u_conv3.u_weights._10143_,3µm
m.u_conv3.u_weights._11219_,3µm
m.u_conv3.u_weights._11291_,3µm
m.u_conv3.u_weights._11627_,3µm
m.u_conv3.u_weights._12067_,3µm
m.u_conv3.u_weights._12343_,3µm
m.u_conv3.u_weights._12720_,3µm
m.u_conv3.u_weights._13066_,3µm
m.u_conv3.u_weights._13295_,3µm
m.u_conv3.u_weights._13298_,3µm
m.u_conv3.u_weights._14242_,3µm
m.u_conv3.u_weights._14849_,3µm
m.u_conv3.u_weights._15056_,3µm
m.u_conv3.u_weights._15420_,3µm
m.u_pool1._102_,3µm
m.u_pool2._004_,3µm
m.u_pool2._104_,3µm
m.u_pool2._154_,3µm
m.u_tree._0134_,3µm
m.u_tree._0211_,3µm
m.u_tree._0255_,3µm
m.u_tree._0330_,3µm
m.u_tree._0342_,3µm
m.u_tree._0405_,3µm
m.u_tree._0673_,3µm
m.u_tree._0778_,3µm
m.u_tree._0914_,3µm
m.u_tree._1194_,3µm
m.u_tree._1244_,3µm
m.u_tree._1272_,3µm
m.u_tree._1452_,3µm
m.u_tree._1513_,3µm
net1871,3µm
net1889,3µm
net1932,3µm
net1941,3µm
net2012,3µm
net2029,3µm
net2050,3µm
net3047,3µm
m.u_conv3.u_weights._13759_,2.995µm
m.u_conv3._160_,2.98µm
net1897,2.96µm
m.u_conv3._119_,2.95µm
m.sram_req_mnist\[16\],2.94µm
m.u_conv1._019_,2.94µm
m.u_conv1._047_,2.94µm
m.u_conv1.u_loader._336_,2.94µm
m.u_conv1.u_loader._405_,2.94µm
m.u_conv1.u_loader._420_,2.94µm
m.u_conv1.u_weights._052_,2.94µm
m.u_conv2._0585_,2.94µm
m.u_conv2._1055_,2.94µm
m.u_conv2._1403_,2.94µm
m.u_conv2._1489_,2.94µm
m.u_conv2._1492_,2.94µm
m.u_conv2.sram_req_load\[18\],2.94µm
m.u_conv2.u_weights._207_,2.94µm
m.u_conv2.u_weights._243_,2.94µm
m.u_conv3._034_,2.94µm
m.u_conv3._133_,2.94µm
m.u_conv3._135_,2.94µm
m.u_conv3.u_weights._00050_,2.94µm
m.u_conv3.u_weights._00075_,2.94µm
m.u_conv3.u_weights._00086_,2.94µm
m.u_conv3.u_weights._00291_,2.94µm
m.u_conv3.u_weights._00524_,2.94µm
m.u_conv3.u_weights._00526_,2.94µm
m.u_conv3.u_weights._00786_,2.94µm
m.u_conv3.u_weights._01056_,2.94µm
m.u_conv3.u_weights._01304_,2.94µm
m.u_conv3.u_weights._02161_,2.94µm
m.u_conv3.u_weights._02266_,2.94µm
m.u_conv3.u_weights._02270_,2.94µm
m.u_conv3.u_weights._02442_,2.94µm
m.u_conv3.u_weights._02992_,2.94µm
m.u_conv3.u_weights._03073_,2.94µm
m.u_conv3.u_weights._03807_,2.94µm
m.u_conv3.u_weights._04003_,2.94µm
m.u_conv3.u_weights._04360_,2.94µm
m.u_conv3.u_weights._04428_,2.94µm
m.u_conv3.u_weights._04955_,2.94µm
m.u_conv3.u_weights._04989_,2.94µm
m.u_conv3.u_weights._05247_,2.94µm
m.u_conv3.u_weights._05289_,2.94µm
m.u_conv3.u_weights._05863_,2.94µm
m.u_conv3.u_weights._05995_,2.94µm
m.u_conv3.u_weights._06515_,2.94µm
m.u_conv3.u_weights._06911_,2.94µm
m.u_conv3.u_weights._07442_,2.94µm
m.u_conv3.u_weights._07664_,2.94µm
m.u_conv3.u_weights._08112_,2.94µm
m.u_conv3.u_weights._08140_,2.94µm
m.u_conv3.u_weights._08250_,2.94µm
m.u_conv3.u_weights._10316_,2.94µm
m.u_conv3.u_weights._10319_,2.94µm
m.u_conv3.u_weights._11233_,2.94µm
m.u_conv3.u_weights._11730_,2.94µm
m.u_conv3.u_weights._12006_,2.94µm
m.u_conv3.u_weights._12249_,2.94µm
m.u_conv3.u_weights._12325_,2.94µm
m.u_conv3.u_weights._13031_,2.94µm
m.u_conv3.u_weights._13552_,2.94µm
m.u_conv3.u_weights._13814_,2.94µm
m.u_conv3.u_weights._14566_,2.94µm
m.u_conv3.u_weights._15131_,2.94µm
m.u_conv3.u_weights._15242_,2.94µm
m.u_conv3.u_weights._15363_,2.94µm
m.u_pool1.state\[6\],2.94µm
m.u_pool2._106_,2.94µm
m.u_tree._0194_,2.94µm
m.u_tree._0509_,2.94µm
m.u_tree._0918_,2.94µm
m.u_tree._0901_,2.925µm
m.u_conv2._1019_,2.91µm
m.u_conv3.u_weights._10461_,2.895µm
m.sram_req_pool1\[19\],2.875µm
m.u_conv2.u_loader._062_,2.82µm
m.u_conv2.u_loader._130_,2.82µm
m.u_conv3.u_weights._02329_,2.82µm
m.u_conv3.u_weights._02661_,2.82µm
m.u_conv3.u_weights._06458_,2.82µm
m.u_conv3.u_weights._11003_,2.82µm
m.u_conv3.u_weights._13352_,2.82µm
m.u_conv2._0731_,2.8µm
m.u_tree._0630_,2.8µm
m.sram_req_conv3\[21\],2.79µm
m.u_tree._1421_,2.79µm
m.sram_req_conv3\[12\],2.76µm
m.u_conv1._200_,2.76µm
net1899,2.76µm
m.u_conv1.conv_out2\[2\],2.76µm
m.u_conv1.u_loader._332_,2.76µm
m.u_conv1.u_loader._378_,2.76µm
m.u_conv1.u_loader._422_,2.76µm
m.u_conv2._0971_,2.76µm
m.u_conv2._1115_,2.76µm
m.u_conv2._1127_,2.76µm
m.u_conv2._1135_,2.76µm
m.u_conv2._1141_,2.76µm
m.u_conv2._1142_,2.76µm
m.u_conv2._1143_,2.76µm
m.u_conv2._1205_,2.76µm
m.u_conv2._1210_,2.76µm
m.u_conv2._1216_,2.76µm
m.u_conv2._1219_,2.76µm
m.u_conv2._1282_,2.76µm
m.u_conv2._1290_,2.76µm
m.u_conv2._1310_,2.76µm
m.u_conv2._1390_,2.76µm
m.u_conv2._1401_,2.76µm
m.u_conv2._1405_,2.76µm
m.u_conv2._1440_,2.76µm
m.u_conv2._1460_,2.76µm
m.u_conv2._1462_,2.76µm
m.u_conv2._1467_,2.76µm
m.u_conv2._1474_,2.76µm
m.u_conv2._1488_,2.76µm
m.u_conv2._1498_,2.76µm
m.u_conv2._1544_,2.76µm
m.u_conv2._1568_,2.76µm
m.u_conv2.u_loader._174_,2.76µm
m.u_conv2.u_loader._210_,2.76µm
m.u_conv2.u_loader._301_,2.76µm
m.u_conv2.u_loader._363_,2.76µm
m.u_conv2.u_weights._055_,2.76µm
m.u_conv2.u_weights._072_,2.76µm
m.u_conv2.u_weights._311_,2.76µm
m.u_conv3._026_,2.76µm
m.u_conv3.u_weights._00860_,2.76µm
m.u_conv3.u_weights._01583_,2.76µm
m.u_conv3.u_weights._01599_,2.76µm
m.u_conv3.u_weights._01855_,2.76µm
m.u_conv3.u_weights._02320_,2.76µm
m.u_conv3.u_weights._03565_,2.76µm
m.u_conv3.u_weights._03795_,2.76µm
m.u_conv3.u_weights._04473_,2.76µm
m.u_conv3.u_weights._04563_,2.76µm
m.u_conv3.u_weights._04833_,2.76µm
m.u_conv3.u_weights._04893_,2.76µm
m.u_conv3.u_weights._04985_,2.76µm
m.u_conv3.u_weights._05209_,2.76µm
m.u_conv3.u_weights._06066_,2.76µm
m.u_conv3.u_weights._07198_,2.76µm
m.u_conv3.u_weights._07630_,2.76µm
m.u_conv3.u_weights._08820_,2.76µm
m.u_conv3.u_weights._08837_,2.76µm
m.u_conv3.u_weights._09270_,2.76µm
m.u_conv3.u_weights._09846_,2.76µm
m.u_conv3.u_weights._10063_,2.76µm
m.u_conv3.u_weights._10163_,2.76µm
m.u_conv3.u_weights._13111_,2.76µm
m.u_conv3.u_weights._13240_,2.76µm
m.u_conv3.u_weights._13404_,2.76µm
m.u_conv3.u_weights._13415_,2.76µm
m.u_conv3.u_weights._13933_,2.76µm
m.u_conv3.u_weights._14022_,2.76µm
m.u_conv3.u_weights._14743_,2.76µm
m.u_conv3.u_weights._14958_,2.76µm
m.u_conv3.u_weights._15317_,2.76µm
m.u_conv3.u_weights._15487_,2.76µm
m.u_mnist_loader._27_,2.76µm
m.u_pool1._104_,2.76µm
m.u_pool2._026_,2.76µm
m.u_pool2._139_,2.76µm
m.u_tree._0013_,2.76µm
m.u_tree._0110_,2.76µm
m.u_tree._0114_,2.76µm
m.u_tree._0148_,2.76µm
m.u_tree._0177_,2.76µm
m.u_tree._0277_,2.76µm
m.u_tree._0336_,2.76µm
m.u_tree._1048_,2.76µm
m.u_tree._1408_,2.76µm
net1937,2.76µm
net2035,2.76µm
m._054_,2.755µm
m.u_conv1.u_loader._166_,2.755µm
m.u_conv2._1163_,2.755µm
m.u_conv2._1189_,2.755µm
m.u_conv2._1419_,2.755µm
m.u_conv2._1469_,2.755µm
m.u_conv2._1575_,2.755µm
m.u_conv3._036_,2.755µm
m.u_conv3._058_,2.755µm
m.u_conv3.u_weights._00838_,2.755µm
m.u_conv3.u_weights._01474_,2.755µm
m.u_conv3.u_weights._03173_,2.755µm
m.u_conv3.u_weights._05152_,2.755µm
m.u_conv3.u_weights._09102_,2.755µm
m.u_conv3.u_weights._09604_,2.755µm
m.u_conv3.u_weights._09911_,2.755µm
m.u_conv3.u_weights._10522_,2.755µm
m.u_conv3.u_weights._14150_,2.755µm
m.u_tree._0868_,2.755µm
m.u_conv3._063_,2.71µm
m.u_conv3.u_weights._02634_,2.71µm
m.u_conv3.u_weights._03684_,2.71µm
m.u_conv3.u_weights._14723_,2.705µm
m.u_conv2._0620_,2.7µm
m.u_conv2._0962_,2.7µm
m.u_conv2.u_loader._383_,2.7µm
m.u_conv3._134_,2.7µm
m.u_conv3.u_weights._01297_,2.7µm
m.u_conv3.u_weights._08495_,2.7µm
m.u_conv3.u_weights._10289_,2.7µm
m.u_conv3.u_weights._10735_,2.7µm
m.u_conv3.u_weights._13674_,2.7µm
m.u_conv3.u_weights._15506_,2.7µm
m.u_pool1._084_,2.7µm
net2047,2.7µm
m.u_conv3.u_weights._02194_,2.695µm
m.u_pool1._142_,2.695µm
net1999,2.665µm
m.u_conv1.u_loader._016_,2.66µm
m.u_conv2._0162_,2.66µm
m.u_conv2._0391_,2.66µm
m.u_conv2._0499_,2.66µm
m.u_conv2._0661_,2.66µm
m.u_conv2._1193_,2.66µm
m.u_conv2._1225_,2.66µm
m.u_conv2._1267_,2.66µm
m.u_conv2._1280_,2.66µm
m.u_conv2._1298_,2.66µm
m.u_conv2._1393_,2.66µm
m.u_conv2._1421_,2.66µm
m.u_conv2._1424_,2.66µm
m.u_conv2._1479_,2.66µm
m.u_conv2._1506_,2.66µm
m.u_conv2._1529_,2.66µm
m.u_conv2._1531_,2.66µm
m.u_conv2._1533_,2.66µm
m.u_conv2.u_loader._348_,2.66µm
m.u_conv2.u_loader._353_,2.66µm
m.u_conv2.u_weights._094_,2.66µm
m.u_conv3._004_,2.66µm
m.u_conv3._009_,2.66µm
m.u_conv3._032_,2.66µm
m.u_conv3._048_,2.66µm
m.u_conv3._062_,2.66µm
m.u_conv3.u_weights._00098_,2.66µm
m.u_conv3.u_weights._01508_,2.66µm
m.u_conv3.u_weights._03779_,2.66µm
m.u_conv3.u_weights._04748_,2.66µm
m.u_conv3.u_weights._09833_,2.66µm
m.u_conv3.u_weights._10795_,2.66µm
m.u_conv3.u_weights._11552_,2.66µm
m.u_conv3.u_weights._12233_,2.66µm
m.u_conv3.u_weights._12950_,2.66µm
m.u_conv3.u_weights._13080_,2.66µm
m.u_conv3.u_weights._13106_,2.66µm
m.u_conv3.u_weights._13491_,2.66µm
m.u_conv3.u_weights._14959_,2.66µm
m.u_conv3.u_weights._15154_,2.66µm
m.u_conv3.u_weights._15540_,2.66µm
m.u_conv3.u_weights._15618_,2.66µm
m.u_conv3.u_weights._15629_,2.66µm
m.u_tree._0362_,2.66µm
m.u_tree._0705_,2.66µm
m.u_tree._0818_,2.66µm
m.u_tree._0892_,2.66µm
m.u_tree._1023_,2.66µm
m.u_tree._1121_,2.66µm
net2628,2.66µm
net2713,2.66µm
net2724,2.66µm
net2769,2.66µm
net2801,2.66µm
m.u_conv2._1021_,2.65µm
m.u_conv2._1092_,2.65µm
m.u_conv3.u_weights._00900_,2.65µm
m.u_conv3.u_weights._02061_,2.65µm
m.u_conv3.u_weights._04090_,2.65µm
m.u_conv3.u_weights._05092_,2.65µm
m.u_conv3.u_weights._05772_,2.65µm
m.u_conv3.u_weights._08211_,2.65µm
m.u_conv3.u_weights._08295_,2.65µm
m.u_conv3.u_weights._10480_,2.65µm
m.u_conv3.u_weights._10611_,2.65µm
m.u_conv3.u_weights._12128_,2.65µm
m.u_conv3.u_weights._13304_,2.65µm
m.u_conv3.u_weights._14650_,2.65µm
m.u_conv3.u_weights._14664_,2.65µm
m.u_tree._0187_,2.65µm
net1925,2.64µm
m.u_conv2._0052_,2.64µm
m.u_conv2._0325_,2.64µm
m.u_conv2._0329_,2.64µm
net2207,2.64µm
m.u_conv3.u_weights._14267_,2.63µm
net1933,2.595µm
m.u_conv2.u_loader._282_,2.59µm
m.u_conv3.u_weights._08127_,2.59µm
m.u_conv3.u_weights._10894_,2.59µm
m.u_conv2._0122_,2.58µm
m.u_conv2._0130_,2.58µm
m.u_conv2._0193_,2.58µm
m.u_conv3._015_,2.58µm
m.u_conv3._056_,2.58µm
m.u_mnist_loader._08_,2.58µm
m.u_pool1._008_,2.58µm
m.u_conv3.u_weights._13839_,2.555µm
m.u_conv3.u_weights._04742_,2.545µm
m.sram_req_conv3\[8\],2.52µm
m.sram_req_pool1\[9\],2.52µm
m.u_conv1._049_,2.52µm
m.u_conv2.u_loader._234_,2.52µm
m.u_conv2.u_loader._337_,2.52µm
m.u_conv2.u_weights._151_,2.52µm
m.u_conv3._228_,2.52µm
m.u_conv3.u_weights._00367_,2.52µm
m.u_conv3.u_weights._01053_,2.52µm
m.u_conv3.u_weights._01619_,2.52µm
m.u_conv3.u_weights._01845_,2.52µm
m.u_conv3.u_weights._02127_,2.52µm
m.u_conv3.u_weights._02267_,2.52µm
m.u_conv3.u_weights._02615_,2.52µm
m.u_conv3.u_weights._02753_,2.52µm
m.u_conv3.u_weights._03290_,2.52µm
m.u_conv3.u_weights._03582_,2.52µm
m.u_conv3.u_weights._03682_,2.52µm
m.u_conv3.u_weights._03757_,2.52µm
m.u_conv3.u_weights._03941_,2.52µm
m.u_conv3.u_weights._04988_,2.52µm
m.u_conv3.u_weights._05745_,2.52µm
m.u_conv3.u_weights._06104_,2.52µm
m.u_conv3.u_weights._06578_,2.52µm
m.u_conv3.u_weights._06860_,2.52µm
m.u_conv3.u_weights._07547_,2.52µm
m.u_conv3.u_weights._08080_,2.52µm
m.u_conv3.u_weights._08758_,2.52µm
m.u_conv3.u_weights._08776_,2.52µm
m.u_conv3.u_weights._10301_,2.52µm
m.u_conv3.u_weights._11043_,2.52µm
m.u_conv3.u_weights._11105_,2.52µm
m.u_conv3.u_weights._11131_,2.52µm
m.u_conv3.u_weights._11254_,2.52µm
m.u_conv3.u_weights._11610_,2.52µm
m.u_conv3.u_weights._11804_,2.52µm
m.u_conv3.u_weights._11814_,2.52µm
m.u_conv3.u_weights._12270_,2.52µm
m.u_conv3.u_weights._12719_,2.52µm
m.u_conv3.u_weights._12768_,2.52µm
m.u_conv3.u_weights._13155_,2.52µm
m.u_conv3.u_weights._13511_,2.52µm
m.u_conv3.u_weights._15637_,2.52µm
m.u_conv3.u_weights._15657_,2.52µm
m.u_conv3.u_weights._15670_,2.52µm
m.u_tree._0402_,2.52µm
m.u_tree._0567_,2.52µm
m.u_tree._0781_,2.52µm
m.u_tree._0930_,2.52µm
m.u_tree._1055_,2.52µm
m.u_tree._1170_,2.52µm
net2000,2.52µm
m.u_conv3._060_,2.385µm
m.u_tree._0951_,2.385µm
m.u_tree._0464_,2.38µm
m.u_conv3.u_weights._02112_,2.345µm
m._009_,2.34µm
m.u_conv3._051_,2.34µm
m.u_conv3.u_weights._00572_,2.34µm
m.u_conv3.u_weights._00903_,2.34µm
m.u_conv3.u_weights._03557_,2.34µm
m.u_conv3.u_weights._09219_,2.34µm
m.u_conv3.u_weights._09937_,2.34µm
m._030_,2.28µm
m._075_,2.28µm
m._087_,2.28µm
m.sram_req_mnist\[10\],2.28µm
m.sram_req_mnist\[12\],2.28µm
m.u_conv1._024_,2.28µm
m.u_conv1._045_,2.28µm
m.u_conv1._050_,2.28µm
m.u_conv1._051_,2.28µm
m.u_conv1.u_loader._074_,2.28µm
m.u_conv1.u_loader._168_,2.28µm
m.u_conv1.u_loader._304_,2.28µm
m.u_conv1.u_loader._370_,2.28µm
m.u_conv1.u_weights._074_,2.28µm
m.u_conv2._0537_,2.28µm
m.u_conv2._0697_,2.28µm
m.u_conv2._0800_,2.28µm
m.u_conv2._0859_,2.28µm
m.u_conv2._1051_,2.28µm
m.u_conv2.u_loader._055_,2.28µm
m.u_conv2.u_loader._318_,2.28µm
m.u_conv2.u_loader._409_,2.28µm
m.u_conv2.u_loader._429_,2.28µm
m.u_conv2.u_weights._083_,2.28µm
m.u_conv2.u_weights._127_,2.28µm
m.u_conv3._030_,2.28µm
m.u_conv3.u_weights._00366_,2.28µm
m.u_conv3.u_weights._00864_,2.28µm
m.u_conv3.u_weights._01724_,2.28µm
m.u_conv3.u_weights._02094_,2.28µm
m.u_conv3.u_weights._02096_,2.28µm
m.u_conv3.u_weights._02164_,2.28µm
m.u_conv3.u_weights._02301_,2.28µm
m.u_conv3.u_weights._02511_,2.28µm
m.u_conv3.u_weights._02649_,2.28µm
m.u_conv3.u_weights._02667_,2.28µm
m.u_conv3.u_weights._02855_,2.28µm
m.u_conv3.u_weights._03221_,2.28µm
m.u_conv3.u_weights._03554_,2.28µm
m.u_conv3.u_weights._03579_,2.28µm
m.u_conv3.u_weights._03978_,2.28µm
m.u_conv3.u_weights._04325_,2.28µm
m.u_conv3.u_weights._04555_,2.28µm
m.u_conv3.u_weights._04754_,2.28µm
m.u_conv3.u_weights._04770_,2.28µm
m.u_conv3.u_weights._04934_,2.28µm
m.u_conv3.u_weights._05264_,2.28µm
m.u_conv3.u_weights._05557_,2.28µm
m.u_conv3.u_weights._05747_,2.28µm
m.u_conv3.u_weights._05765_,2.28µm
m.u_conv3.u_weights._06290_,2.28µm
m.u_conv3.u_weights._06351_,2.28µm
m.u_conv3.u_weights._06476_,2.28µm
m.u_conv3.u_weights._07805_,2.28µm
m.u_conv3.u_weights._08104_,2.28µm
m.u_conv3.u_weights._08490_,2.28µm
m.u_conv3.u_weights._08898_,2.28µm
m.u_conv3.u_weights._09157_,2.28µm
m.u_conv3.u_weights._10061_,2.28µm
m.u_conv3.u_weights._10197_,2.28µm
m.u_conv3.u_weights._10731_,2.28µm
m.u_conv3.u_weights._10734_,2.28µm
m.u_conv3.u_weights._11145_,2.28µm
m.u_conv3.u_weights._11800_,2.28µm
m.u_conv3.u_weights._11946_,2.28µm
m.u_conv3.u_weights._13376_,2.28µm
m.u_conv3.u_weights._13791_,2.28µm
m.u_conv3.u_weights._14451_,2.28µm
m.u_conv3.u_weights._14629_,2.28µm
m.u_conv3.u_weights._14692_,2.28µm
m.u_conv3.u_weights._14936_,2.28µm
m.u_conv3.u_weights._14987_,2.28µm
m.u_conv3.u_weights._15022_,2.28µm
m.u_conv3.u_weights._15228_,2.28µm
m.u_tree._0051_,2.28µm
m.u_tree._0129_,2.28µm
m.u_tree._0262_,2.28µm
m.u_tree._0583_,2.28µm
m.u_tree._0712_,2.28µm
m.u_tree._0942_,2.28µm
m.u_tree._0995_,2.28µm
m.u_tree._1035_,2.28µm
m.u_tree._1185_,2.28µm
net2004,2.28µm
net2013,2.28µm
net2016,2.28µm
net2060,2.28µm
net2983,2.28µm
m.u_conv3.u_weights._02830_,2.275µm
m.u_conv3.u_weights._10847_,2.275µm
m.u_conv2._0127_,2.22µm
m.u_conv3._218_,2.22µm
m.u_conv3.u_weights._01013_,2.22µm
m.u_conv3.u_weights._01596_,2.22µm
m.u_conv3.u_weights._06800_,2.22µm
net3040,2.22µm
m.u_conv3.u_weights._12627_,2.205µm
m.u_conv1.u_loader._046_,2.18µm
m.u_conv1.u_loader._321_,2.18µm
m.u_conv3.u_weights._00419_,2.18µm
m.u_conv3.u_weights._02762_,2.18µm
m.u_conv3.u_weights._03987_,2.18µm
m.u_conv3._044_,2.17µm
m.u_conv3._126_,2.17µm
m.u_conv3.u_weights._04061_,2.17µm
m.u_conv3.u_weights._08874_,2.17µm
m.u_conv3.u_weights._09339_,2.17µm
m.u_conv3.u_weights._12704_,2.17µm
net2109,2.17µm
m.u_conv1.u_loader._226_,2.1µm
m.u_conv2._0070_,2.1µm
m.u_conv2._0250_,2.1µm
m.u_conv2._0290_,2.1µm
m.u_conv2._0307_,2.1µm
m.u_conv2._0330_,2.1µm
m.u_conv2._0420_,2.1µm
m.u_conv2._0967_,2.1µm
m.u_conv2._1175_,2.1µm
m.u_conv2._1422_,2.1µm
m.u_tree._1231_,2.1µm
m.u_conv3.u_weights._06247_,2.07µm
net2003,2.07µm
m.u_conv2._0889_,1.92µm
m.u_conv3._068_,1.92µm
m.u_conv1.u_loader._324_,1.9µm
m.u_conv2.u_loader._313_,1.9µm
m.u_conv3.u_weights._00558_,1.88µm
m.u_conv3.u_weights._01838_,1.87µm
m.sram_req_conv2\[22\],1.86µm
m.u_conv1._196_,1.86µm
m.u_conv2._1360_,1.86µm
m.u_conv3.u_weights._00267_,1.86µm
m.u_conv3.u_weights._04936_,1.86µm
m.u_conv3.u_weights._15563_,1.86µm
m.u_conv3.u_weights._15695_,1.86µm
m.u_pool2._070_,1.86µm
m.u_tree._0107_,1.86µm
m.u_tree._1001_,1.86µm
m.u_tree._1568_,1.86µm
m.u_tree._0161_,1.84µm
m.u_conv3.u_weights._00792_,1.81µm
m.u_conv1._017_,1.8µm
m.u_conv1._020_,1.8µm
m.u_conv1._021_,1.8µm
m.u_conv1._022_,1.8µm
m.u_conv1._030_,1.8µm
m.u_conv1._031_,1.8µm
m.u_conv1._032_,1.8µm
m.u_conv1._034_,1.8µm
m.u_conv1._188_,1.8µm
m.u_conv1._203_,1.8µm
net2182,1.8µm
net1986,1.8µm
m.u_conv1.u_loader._026_,1.8µm
m.u_conv1.u_loader._264_,1.8µm
m.u_conv1.u_loader._289_,1.8µm
m.u_conv1.u_loader._312_,1.8µm
m.u_conv2._0467_,1.8µm
m.u_conv2._0468_,1.8µm
m.u_conv2._0470_,1.8µm
m.u_conv2._0479_,1.8µm
m.u_conv2._0481_,1.8µm
m.u_conv2._0483_,1.8µm
m.u_conv2._0484_,1.8µm
m.u_conv2._1075_,1.8µm
net2071,1.8µm
m.u_conv2.loader_buffer\[4\],1.8µm
m.u_conv2.loader_buffer\[5\],1.8µm
m.u_conv2.u_loader._029_,1.8µm
m.u_conv2.u_loader._238_,1.8µm
m.u_conv2.u_loader._252_,1.8µm
m.u_conv2.u_loader._254_,1.8µm
m.u_conv2.u_loader._289_,1.8µm
m.u_conv2.u_loader._397_,1.8µm
m.u_conv2.u_weights._149_,1.8µm
m.u_conv2.u_weights._227_,1.8µm
m.u_conv3._016_,1.8µm
m.u_conv3._041_,1.8µm
m.u_conv3._140_,1.8µm
m.u_conv3._162_,1.8µm
m.u_conv3._214_,1.8µm
m.u_conv3._217_,1.8µm
m.u_conv3._226_,1.8µm
m.u_conv3._233_,1.8µm
m.u_conv3._240_,1.8µm
m.u_conv3.u_weights._00193_,1.8µm
m.u_conv3.u_weights._00224_,1.8µm
m.u_conv3.u_weights._00429_,1.8µm
m.u_conv3.u_weights._00625_,1.8µm
m.u_conv3.u_weights._00730_,1.8µm
m.u_conv3.u_weights._01375_,1.8µm
m.u_conv3.u_weights._01590_,1.8µm
m.u_conv3.u_weights._01690_,1.8µm
m.u_conv3.u_weights._02145_,1.8µm
m.u_conv3.u_weights._02212_,1.8µm
m.u_conv3.u_weights._02391_,1.8µm
m.u_conv3.u_weights._02720_,1.8µm
m.u_conv3.u_weights._03265_,1.8µm
m.u_conv3.u_weights._03266_,1.8µm
m.u_conv3.u_weights._03411_,1.8µm
m.u_conv3.u_weights._03577_,1.8µm
m.u_conv3.u_weights._03673_,1.8µm
m.u_conv3.u_weights._04274_,1.8µm
m.u_conv3.u_weights._04474_,1.8µm
m.u_conv3.u_weights._04683_,1.8µm
m.u_conv3.u_weights._04984_,1.8µm
m.u_conv3.u_weights._05308_,1.8µm
m.u_conv3.u_weights._05414_,1.8µm
m.u_conv3.u_weights._05808_,1.8µm
m.u_conv3.u_weights._06034_,1.8µm
m.u_conv3.u_weights._06560_,1.8µm
m.u_conv3.u_weights._06667_,1.8µm
m.u_conv3.u_weights._06724_,1.8µm
m.u_conv3.u_weights._07083_,1.8µm
m.u_conv3.u_weights._07315_,1.8µm
m.u_conv3.u_weights._07556_,1.8µm
m.u_conv3.u_weights._07801_,1.8µm
m.u_conv3.u_weights._07958_,1.8µm
m.u_conv3.u_weights._08177_,1.8µm
m.u_conv3.u_weights._08215_,1.8µm
m.u_conv3.u_weights._08300_,1.8µm
m.u_conv3.u_weights._08839_,1.8µm
m.u_conv3.u_weights._08855_,1.8µm
m.u_conv3.u_weights._09034_,1.8µm
m.u_conv3.u_weights._09053_,1.8µm
m.u_conv3.u_weights._09353_,1.8µm
m.u_conv3.u_weights._09378_,1.8µm
m.u_conv3.u_weights._09484_,1.8µm
m.u_conv3.u_weights._09639_,1.8µm
m.u_conv3.u_weights._09675_,1.8µm
m.u_conv3.u_weights._09784_,1.8µm
m.u_conv3.u_weights._09913_,1.8µm
m.u_conv3.u_weights._10244_,1.8µm
m.u_conv3.u_weights._10766_,1.8µm
m.u_conv3.u_weights._11138_,1.8µm
m.u_conv3.u_weights._11139_,1.8µm
m.u_conv3.u_weights._11195_,1.8µm
m.u_conv3.u_weights._12115_,1.8µm
m.u_conv3.u_weights._12698_,1.8µm
m.u_conv3.u_weights._12791_,1.8µm
m.u_conv3.u_weights._13361_,1.8µm
m.u_conv3.u_weights._13409_,1.8µm
m.u_conv3.u_weights._13677_,1.8µm
m.u_conv3.u_weights._13876_,1.8µm
m.u_conv3.u_weights._14615_,1.8µm
m.u_conv3.u_weights._14735_,1.8µm
m.u_conv3.u_weights._15215_,1.8µm
m.u_conv3.u_weights._15280_,1.8µm
m.u_pool1._017_,1.8µm
m.u_pool1._018_,1.8µm
m.u_pool1._022_,1.8µm
m.u_pool1._024_,1.8µm
m.u_pool1._026_,1.8µm
m.u_pool1._029_,1.8µm
m.u_pool1._051_,1.8µm
m.u_pool1._072_,1.8µm
m.u_pool1._166_,1.8µm
m.u_pool2._001_,1.8µm
m.u_pool2._019_,1.8µm
m.u_pool2._027_,1.8µm
m.u_pool2._028_,1.8µm
m.u_tree._0451_,1.8µm
m.u_tree._1000_,1.8µm
m.u_tree._1074_,1.8µm
m.u_tree._1234_,1.8µm
m.u_tree._1424_,1.8µm
m.u_tree._1462_,1.8µm
net1867,1.8µm
net1900,1.8µm
net2027,1.8µm
net2042,1.8µm
net2098,1.8µm
net2132,1.8µm
net2210,1.8µm
m.u_conv2._0365_,1.795µm
m.u_conv2._0421_,1.795µm
m.u_conv2._0457_,1.795µm
m.u_conv3.u_weights._00546_,1.795µm
m.u_conv3.u_weights._06139_,1.795µm
m.u_conv3.u_weights._08570_,1.745µm
m.u_conv3.u_weights._15547_,1.735µm
m._014_,1.7µm
m.u_conv2._0025_,1.7µm
m.u_conv2._0154_,1.7µm
m.u_conv2._0212_,1.7µm
m.u_conv2._0280_,1.7µm
m.u_conv2._0381_,1.7µm
m.u_conv2.u_loader._015_,1.7µm
m.u_conv3.u_weights._05776_,1.68µm
net1910,1.68µm
net1947,1.68µm
m.u_conv3.u_weights._04419_,1.65µm
m.u_conv3._118_,1.56µm
m.u_conv3.u_weights._08313_,1.55µm
m.u_pool2._003_,1.505µm
m.u_pool2._109_,1.46µm
m.u_conv2._0306_,1.44µm
m.u_conv2._0310_,1.44µm
m.u_conv2._1237_,1.44µm
m.u_conv2._1391_,1.44µm
m.u_conv2._1515_,1.44µm
m.u_conv2.u_loader._355_,1.44µm
m.u_conv3.u_weights._13416_,1.44µm
m.u_pool1._009_,1.44µm
m.u_tree._0067_,1.44µm
m.u_tree._1287_,1.44µm
m._010_,1.38µm
m._012_,1.38µm
m.u_conv1.conv_out1\[1\],1.38µm
m.u_conv1.loader_buffer\[15\],1.38µm
m.u_conv1.loader_buffer\[16\],1.38µm
m.u_conv1.loader_buffer\[3\],1.38µm
m.u_conv1.state\[5\],1.38µm
m.u_conv1.u_loader._334_,1.38µm
m.u_conv1.u_loader._428_,1.38µm
m.u_conv2._0001_,1.38µm
m.u_conv2._0114_,1.38µm
m.u_conv2._0153_,1.38µm
m.u_conv2._0320_,1.38µm
m.u_conv2._0443_,1.38µm
m.u_conv2._0453_,1.38µm
m.u_conv2._0464_,1.38µm
m.u_conv2._1042_,1.38µm
m.u_conv2.loader_buffer\[12\],1.38µm
m.u_conv2.loader_buffer\[15\],1.38µm
m.u_conv2.loader_buffer\[16\],1.38µm
m.u_conv2.loader_buffer\[17\],1.38µm
m.u_conv2.loader_buffer\[1\],1.38µm
m.u_conv2.u_loader._218_,1.38µm
m.u_conv2.u_loader.byte_a_r\[6\],1.38µm
m.u_conv2.u_loader.state\[2\],1.38µm
m.u_conv3._065_,1.38µm
m.u_conv3.u_weights._00002_,1.38µm
m.u_conv3.u_weights._03600_,1.38µm
m.u_conv3.u_weights._04348_,1.38µm
m.u_conv3.u_weights._05234_,1.38µm
m.u_conv3.u_weights._05364_,1.38µm
m.u_conv3.u_weights._09066_,1.38µm
m.u_conv3.u_weights._09211_,1.38µm
m.u_conv3.u_weights._10729_,1.38µm
m.u_conv3.u_weights._11012_,1.38µm
m.u_conv3.u_weights._11288_,1.38µm
m.u_conv3.u_weights._11548_,1.38µm
m.u_conv3.u_weights._13270_,1.38µm
m.u_conv3.u_weights._13942_,1.38µm
m.u_conv3.u_weights._14722_,1.38µm
m.u_conv3.u_weights._15365_,1.38µm
m.u_mnist_loader._04_,1.38µm
m.u_tree._1240_,1.38µm
m.u_conv3.u_weights._07866_,1.37µm
net2133,1.26µm
m.u_conv1.u_loader._012_,0.96µm
m.u_conv1.u_loader._419_,0.96µm
m.u_conv2._0005_,0.96µm
m.u_conv2._0015_,0.96µm
m.u_conv2._0019_,0.96µm
m.u_conv2._0024_,0.96µm
m.u_conv2._0029_,0.96µm
m.u_conv2._0035_,0.96µm
m.u_conv2._0037_,0.96µm
m.u_conv2._0038_,0.96µm
m.u_conv2._0044_,0.96µm
m.u_conv2._0048_,0.96µm
m.u_conv2._0051_,0.96µm
m.u_conv2._0053_,0.96µm
m.u_conv2._0057_,0.96µm
m.u_conv2._0058_,0.96µm
m.u_conv2._0060_,0.96µm
m.u_conv2._0061_,0.96µm
m.u_conv2._0062_,0.96µm
m.u_conv2._0063_,0.96µm
m.u_conv2._0077_,0.96µm
m.u_conv2._0078_,0.96µm
m.u_conv2._0079_,0.96µm
m.u_conv2._0080_,0.96µm
m.u_conv2._0089_,0.96µm
m.u_conv2._0095_,0.96µm
m.u_conv2._0098_,0.96µm
m.u_conv2._0100_,0.96µm
m.u_conv2._0106_,0.96µm
m.u_conv2._0107_,0.96µm
m.u_conv2._0108_,0.96µm
m.u_conv2._0110_,0.96µm
m.u_conv2._0111_,0.96µm
m.u_conv2._0113_,0.96µm
m.u_conv2._0116_,0.96µm
m.u_conv2._0117_,0.96µm
m.u_conv2._0118_,0.96µm
m.u_conv2._0125_,0.96µm
m.u_conv2._0128_,0.96µm
m.u_conv2._0134_,0.96µm
m.u_conv2._0136_,0.96µm
m.u_conv2._0140_,0.96µm
m.u_conv2._0145_,0.96µm
m.u_conv2._0146_,0.96µm
m.u_conv2._0152_,0.96µm
m.u_conv2._0163_,0.96µm
m.u_conv2._0165_,0.96µm
m.u_conv2._0170_,0.96µm
m.u_conv2._0182_,0.96µm
m.u_conv2._0184_,0.96µm
m.u_conv2._0187_,0.96µm
m.u_conv2._0189_,0.96µm
m.u_conv2._0191_,0.96µm
m.u_conv2._0195_,0.96µm
m.u_conv2._0196_,0.96µm
m.u_conv2._0201_,0.96µm
m.u_conv2._0202_,0.96µm
m.u_conv2._0203_,0.96µm
m.u_conv2._0216_,0.96µm
m.u_conv2._0217_,0.96µm
m.u_conv2._0221_,0.96µm
m.u_conv2._0230_,0.96µm
m.u_conv2._0235_,0.96µm
m.u_conv2._0237_,0.96µm
m.u_conv2._0241_,0.96µm
m.u_conv2._0243_,0.96µm
m.u_conv2._0244_,0.96µm
m.u_conv2._0253_,0.96µm
m.u_conv2._0254_,0.96µm
m.u_conv2._0256_,0.96µm
m.u_conv2._0260_,0.96µm
m.u_conv2._0261_,0.96µm
m.u_conv2._0262_,0.96µm
m.u_conv2._0264_,0.96µm
m.u_conv2._0266_,0.96µm
m.u_conv2._0268_,0.96µm
m.u_conv2._0275_,0.96µm
m.u_conv2._0287_,0.96µm
m.u_conv2._0288_,0.96µm
m.u_conv2._0291_,0.96µm
m.u_conv2._0295_,0.96µm
m.u_conv2._0300_,0.96µm
m.u_conv2._0302_,0.96µm
m.u_conv2._0305_,0.96µm
m.u_conv2._0308_,0.96µm
m.u_conv2._0309_,0.96µm
m.u_conv2._0313_,0.96µm
m.u_conv2._0332_,0.96µm
m.u_conv2._0334_,0.96µm
m.u_conv2._0355_,0.96µm
m.u_conv2._0356_,0.96µm
m.u_conv2._0363_,0.96µm
m.u_conv2._0366_,0.96µm
m.u_conv2._0368_,0.96µm
m.u_conv2._0372_,0.96µm
m.u_conv2._0377_,0.96µm
m.u_conv2._0386_,0.96µm
m.u_conv2._0387_,0.96µm
m.u_conv2._0389_,0.96µm
m.u_conv2._0390_,0.96µm
m.u_conv2._0393_,0.96µm
m.u_conv2._0394_,0.96µm
m.u_conv2._0403_,0.96µm
m.u_conv2._0405_,0.96µm
m.u_conv2._0406_,0.96µm
m.u_conv2._0410_,0.96µm
m.u_conv2._0424_,0.96µm
m.u_conv2._0426_,0.96µm
m.u_conv2._0431_,0.96µm
m.u_conv2._0433_,0.96µm
m.u_conv2._0441_,0.96µm
m.u_conv2._0449_,0.96µm
m.u_conv2._0452_,0.96µm
m.u_conv2._0455_,0.96µm
m.u_conv2._0456_,0.96µm
m.u_conv2._0460_,0.96µm
m.u_conv2._0461_,0.96µm
m.u_conv2._0462_,0.96µm
m.u_conv2._0463_,0.96µm
m.u_conv2._0485_,0.96µm
m.u_conv2.u_loader._005_,0.96µm
m.u_conv2.u_loader._006_,0.96µm
m.u_conv2.u_loader._016_,0.96µm
m.u_conv2.u_loader._017_,0.96µm
m.u_conv2.u_loader._030_,0.96µm
m.u_conv2.u_loader._334_,0.96µm
m.u_conv2.u_loader._360_,0.96µm
m.u_conv2.u_loader._419_,0.96µm
m.u_conv2.u_weights._204_,0.96µm
m.u_conv3._010_,0.96µm
m.u_conv3._064_,0.96µm
m.u_conv3._071_,0.96µm
m.u_conv3._083_,0.96µm
m.u_conv3._148_,0.96µm
m.u_conv3.u_weights._02067_,0.96µm
m.u_conv3.u_weights._02743_,0.96µm
m.u_conv3.u_weights._07527_,0.96µm
m.u_conv3.u_weights._08598_,0.96µm
m.u_conv3.u_weights._08762_,0.96µm
m.u_conv3.u_weights._11255_,0.96µm
m.u_pool1._005_,0.96µm
m.u_pool1._006_,0.96µm
m.u_pool2._005_,0.96µm
m.u_pool2._015_,0.96µm
m.u_tree._0121_,0.96µm
m.u_tree._1142_,0.96µm
net1916,0.96µm
net2063,0.96µm
net2304,0.96µm
net2757,0.96µm
net2798,0.96µm
net2888,0.96µm
net2933,0.96µm
net3012,0.96µm
net3017,0.96µm
