Net: m.embedding\[16\]
  Pin:   fanout108/A (sg13g2_buf_1)
    Layer: Via1
      Partial area ratio:    0.20
      Required ratio:   20.00 (Gate area) 
      Cumulative area ratio:    0.20
      Required ratio:    0.00 (Cumulative area) 

    Layer: Metal2
      Partial area ratio:   29.26
      Required ratio:    0.00 (Gate area) 
      Cumulative area ratio:   29.26
      Required ratio:  200.00 (Cumulative area) 
      Partial area ratio:  132.62
      Required ratio:    0.00 (Side area) 
      Cumulative area ratio:  132.62
      Required ratio:    0.00 (Cumulative side area) 

    Layer: Via2
      Partial area ratio:    0.40
      Required ratio:   20.00 (Gate area) 
      Cumulative area ratio:    0.60
      Required ratio:    0.00 (Cumulative area) 

    Layer: Metal3
      Partial area ratio:  454.89
      Required ratio:    0.00 (Gate area) 
      Cumulative area ratio:  484.15
      Required ratio:  200.00 (Cumulative area) (VIOLATED)
      Partial area ratio: 2048.98
      Required ratio:    0.00 (Side area) 
      Cumulative area ratio: 2181.61
      Required ratio:    0.00 (Cumulative side area) 

    Layer: Via3
      Partial area ratio:    0.20
      Required ratio:   20.00 (Gate area) 
      Cumulative area ratio:    0.80
      Required ratio:    0.00 (Cumulative area) 

    Layer: Metal4
      Partial area ratio:  183.71
      Required ratio:    0.00 (Gate area) 
      Cumulative area ratio:  667.86
      Required ratio: 15172.00 (Cumulative area) 
      Partial area ratio:  827.68
      Required ratio:    0.00 (Side area) 
      Cumulative area ratio: 3009.29
      Required ratio:    0.00 (Cumulative side area) 



Net: m.embedding\[35\]
  Pin:   fanout75/A (sg13g2_buf_1)
    Layer: Via1
      Partial area ratio:    0.20
      Required ratio:   20.00 (Gate area) 
      Cumulative area ratio:    0.20
      Required ratio:    0.00 (Cumulative area) 

    Layer: Metal2
      Partial area ratio:    4.15
      Required ratio:    0.00 (Gate area) 
      Cumulative area ratio:    4.15
      Required ratio:  200.00 (Cumulative area) 
      Partial area ratio:   19.63
      Required ratio:    0.00 (Side area) 
      Cumulative area ratio:   19.63
      Required ratio:    0.00 (Cumulative side area) 

    Layer: Via2
      Partial area ratio:    0.40
      Required ratio:   20.00 (Gate area) 
      Cumulative area ratio:    0.60
      Required ratio:    0.00 (Cumulative area) 

    Layer: Metal3
      Partial area ratio:  215.82
      Required ratio:    0.00 (Gate area) 
      Cumulative area ratio:  219.97
      Required ratio:  200.00 (Cumulative area) (VIOLATED)
      Partial area ratio:  973.17
      Required ratio:    0.00 (Side area) 
      Cumulative area ratio:  992.80
      Required ratio:    0.00 (Cumulative side area) 

    Layer: Via3
      Partial area ratio:    0.20
      Required ratio:   20.00 (Gate area) 
      Cumulative area ratio:    0.80
      Required ratio:    0.00 (Cumulative area) 

    Layer: Metal4
      Partial area ratio:  335.12
      Required ratio:    0.00 (Gate area) 
      Cumulative area ratio:  555.09
      Required ratio: 13240.00 (Cumulative area) 
      Partial area ratio: 1509.03
      Required ratio:    0.00 (Side area) 
      Cumulative area ratio: 2501.83
      Required ratio:    0.00 (Cumulative side area) 



Net: m.embedding\[44\]
  Pin:   m.u_tree._2639_/A (sg13g2_nand2_1)
    Layer: Via1
      Partial area ratio:    0.15
      Required ratio:   20.00 (Gate area) 
      Cumulative area ratio:    0.15
      Required ratio:    0.00 (Cumulative area) 

    Layer: Metal2
      Partial area ratio:    4.55
      Required ratio:    0.00 (Gate area) 
      Cumulative area ratio:    4.55
      Required ratio:  200.00 (Cumulative area) 
      Partial area ratio:   21.18
      Required ratio:    0.00 (Side area) 
      Cumulative area ratio:   21.18
      Required ratio:    0.00 (Cumulative side area) 

    Layer: Via2
      Partial area ratio:    0.30
      Required ratio:   20.00 (Gate area) 
      Cumulative area ratio:    0.45
      Required ratio:    0.00 (Cumulative area) 

    Layer: Metal3
      Partial area ratio:    0.49
      Required ratio:    0.00 (Gate area) 
      Cumulative area ratio:    5.04
      Required ratio:  200.00 (Cumulative area) 
      Partial area ratio:    3.68
      Required ratio:    0.00 (Side area) 
      Cumulative area ratio:   24.86
      Required ratio:    0.00 (Cumulative side area) 

    Layer: Via3
      Partial area ratio:    0.15
      Required ratio:   20.00 (Gate area) 
      Cumulative area ratio:    0.60
      Required ratio:    0.00 (Cumulative area) 

    Layer: Metal4
      Partial area ratio:    0.25
      Required ratio:    0.00 (Gate area) 
      Cumulative area ratio:    5.29
      Required ratio:  200.00 (Cumulative area) 
      Partial area ratio:    1.86
      Required ratio:    0.00 (Side area) 
      Cumulative area ratio:   26.72
      Required ratio:    0.00 (Cumulative side area) 

    Layer: Via4
      Partial area ratio:    0.15
      Required ratio:   20.00 (Gate area) 
      Cumulative area ratio:    0.75
      Required ratio:    0.00 (Cumulative area) 

    Layer: Metal5
      Partial area ratio:   32.60
      Required ratio:    0.00 (Gate area) 
      Cumulative area ratio:   37.89
      Required ratio: 13240.00 (Cumulative area) 
      Partial area ratio:  146.98
      Required ratio:    0.00 (Side area) 
      Cumulative area ratio:  173.71
      Required ratio:    0.00 (Cumulative side area) 


  Pin:   m.u_tree._2640_/A1 (sg13g2_a21oi_1)
    Layer: Metal1
      Partial area ratio:    0.02
      Required ratio:    0.00 (Gate area) 
      Cumulative area ratio:    0.02
      Required ratio:  200.00 (Cumulative area) 
      Partial area ratio:    1.16
      Required ratio:    0.00 (Side area) 
      Cumulative area ratio:    1.16
      Required ratio:    0.00 (Cumulative side area) 

    Layer: Via1
      Partial area ratio:    0.15
      Required ratio:   20.00 (Gate area) 
      Cumulative area ratio:    0.15
      Required ratio:    0.00 (Cumulative area) 

    Layer: Metal2
      Partial area ratio:    1.71
      Required ratio:    0.00 (Gate area) 
      Cumulative area ratio:    1.73
      Required ratio:  200.00 (Cumulative area) 
      Partial area ratio:    8.39
      Required ratio:    0.00 (Side area) 
      Cumulative area ratio:    9.55
      Required ratio:    0.00 (Cumulative side area) 

    Layer: Via2
      Partial area ratio:    0.30
      Required ratio:   20.00 (Gate area) 
      Cumulative area ratio:    0.45
      Required ratio:    0.00 (Cumulative area) 

    Layer: Metal3
      Partial area ratio:  344.80
      Required ratio:    0.00 (Gate area) 
      Cumulative area ratio:  346.53
      Required ratio:  200.00 (Cumulative area) (VIOLATED)
      Partial area ratio: 1553.28
      Required ratio:    0.00 (Side area) 
      Cumulative area ratio: 1562.83
      Required ratio:    0.00 (Cumulative side area) 

    Layer: Via3
      Partial area ratio:    0.17
      Required ratio:   20.00 (Gate area) 
      Cumulative area ratio:    0.62
      Required ratio:    0.00 (Cumulative area) 

    Layer: Metal4
      Partial area ratio:   68.49
      Required ratio:    0.00 (Gate area) 
      Cumulative area ratio:  415.01
      Required ratio: 13240.00 (Cumulative area) 
      Partial area ratio:  309.05
      Required ratio:    0.00 (Side area) 
      Cumulative area ratio: 1871.88
      Required ratio:    0.00 (Cumulative side area) 

    Layer: Via4
      Partial area ratio:    0.09
      Required ratio:  331.00 (Gate area) 
      Cumulative area ratio:    0.70
      Required ratio:    0.00 (Cumulative area) 

    Layer: Metal5
      Partial area ratio:   32.60
      Required ratio:    0.00 (Gate area) 
      Cumulative area ratio:  447.62
      Required ratio: 13240.00 (Cumulative area) 
      Partial area ratio:  146.98
      Required ratio:    0.00 (Side area) 
      Cumulative area ratio: 2018.86
      Required ratio:    0.00 (Cumulative side area) 


  Pin:   fanout55/A (sg13g2_buf_1)
    Layer: Via1
      Partial area ratio:    0.20
      Required ratio:   20.00 (Gate area) 
      Cumulative area ratio:    0.20
      Required ratio:    0.00 (Cumulative area) 

    Layer: Metal2
      Partial area ratio:   59.78
      Required ratio:    0.00 (Gate area) 
      Cumulative area ratio:   59.78
      Required ratio:  200.00 (Cumulative area) 
      Partial area ratio:  269.94
      Required ratio:    0.00 (Side area) 
      Cumulative area ratio:  269.94
      Required ratio:    0.00 (Cumulative side area) 

    Layer: Via2
      Partial area ratio:    0.60
      Required ratio:   20.00 (Gate area) 
      Cumulative area ratio:    0.80
      Required ratio:    0.00 (Cumulative area) 

    Layer: Metal3
      Partial area ratio:  344.80
      Required ratio:    0.00 (Gate area) 
      Cumulative area ratio:  404.58
      Required ratio:  200.00 (Cumulative area) (VIOLATED)
      Partial area ratio: 1553.28
      Required ratio:    0.00 (Side area) 
      Cumulative area ratio: 1823.22
      Required ratio:    0.00 (Cumulative side area) 

    Layer: Via3
      Partial area ratio:    0.17
      Required ratio:   20.00 (Gate area) 
      Cumulative area ratio:    0.97
      Required ratio:    0.00 (Cumulative area) 

    Layer: Metal4
      Partial area ratio:   68.49
      Required ratio:    0.00 (Gate area) 
      Cumulative area ratio:  473.07
      Required ratio: 13240.00 (Cumulative area) 
      Partial area ratio:  309.05
      Required ratio:    0.00 (Side area) 
      Cumulative area ratio: 2132.27
      Required ratio:    0.00 (Cumulative side area) 

    Layer: Via4
      Partial area ratio:    0.09
      Required ratio:  331.00 (Gate area) 
      Cumulative area ratio:    1.06
      Required ratio:    0.00 (Cumulative area) 

    Layer: Metal5
      Partial area ratio:   32.60
      Required ratio:    0.00 (Gate area) 
      Cumulative area ratio:  505.67
      Required ratio: 13240.00 (Cumulative area) 
      Partial area ratio:  146.98
      Required ratio:    0.00 (Side area) 
      Cumulative area ratio: 2279.25
      Required ratio:    0.00 (Cumulative side area) 



Net: m.sram_req_conv3\[4\]
  Pin:   m._168_/A2 (sg13g2_a22oi_1)
    Layer: Via1
      Partial area ratio:    0.15
      Required ratio:   20.00 (Gate area) 
      Cumulative area ratio:    0.15
      Required ratio:    0.00 (Cumulative area) 

    Layer: Metal2
      Partial area ratio:    3.99
      Required ratio:    0.00 (Gate area) 
      Cumulative area ratio:    3.99
      Required ratio:  200.00 (Cumulative area) 
      Partial area ratio:   18.67
      Required ratio:    0.00 (Side area) 
      Cumulative area ratio:   18.67
      Required ratio:    0.00 (Cumulative side area) 

    Layer: Via2
      Partial area ratio:    0.30
      Required ratio:   20.00 (Gate area) 
      Cumulative area ratio:    0.45
      Required ratio:    0.00 (Cumulative area) 

    Layer: Metal3
      Partial area ratio:    0.49
      Required ratio:    0.00 (Gate area) 
      Cumulative area ratio:    4.48
      Required ratio:  200.00 (Cumulative area) 
      Partial area ratio:    3.68
      Required ratio:    0.00 (Side area) 
      Cumulative area ratio:   22.35
      Required ratio:    0.00 (Cumulative side area) 

    Layer: Via3
      Partial area ratio:    0.15
      Required ratio:   20.00 (Gate area) 
      Cumulative area ratio:    0.60
      Required ratio:    0.00 (Cumulative area) 

    Layer: Metal4
      Partial area ratio:  280.22
      Required ratio:    0.00 (Gate area) 
      Cumulative area ratio:  284.70
      Required ratio:  200.00 (Cumulative area) (VIOLATED)
      Partial area ratio: 1261.73
      Required ratio:    0.00 (Side area) 
      Cumulative area ratio: 1284.08
      Required ratio:    0.00 (Cumulative side area) 

    Layer: Via4
      Partial area ratio:    0.15
      Required ratio:   20.00 (Gate area) 
      Cumulative area ratio:    0.75
      Required ratio:    0.00 (Cumulative area) 

    Layer: Metal5
      Partial area ratio:    6.20
      Required ratio:    0.00 (Gate area) 
      Cumulative area ratio:  290.90
      Required ratio: 13240.00 (Cumulative area) 
      Partial area ratio:   28.62
      Required ratio:    0.00 (Side area) 
      Cumulative area ratio: 1312.70
      Required ratio:    0.00 (Cumulative side area) 



Net: m.u_conv3.input_buf\[40\]
  Pin:   fanout1422/A (sg13g2_buf_1)
    Layer: Via1
      Partial area ratio:    0.20
      Required ratio:   20.00 (Gate area) 
      Cumulative area ratio:    0.20
      Required ratio:    0.00 (Cumulative area) 

    Layer: Metal2
      Partial area ratio:    2.57
      Required ratio:    0.00 (Gate area) 
      Cumulative area ratio:    2.57
      Required ratio:  200.00 (Cumulative area) 
      Partial area ratio:   12.51
      Required ratio:    0.00 (Side area) 
      Cumulative area ratio:   12.51
      Required ratio:    0.00 (Cumulative side area) 

    Layer: Via2
      Partial area ratio:    0.40
      Required ratio:   20.00 (Gate area) 
      Cumulative area ratio:    0.60
      Required ratio:    0.00 (Cumulative area) 

    Layer: Metal3
      Partial area ratio:    8.95
      Required ratio:    0.00 (Gate area) 
      Cumulative area ratio:   11.52
      Required ratio: 12648.00 (Cumulative area) 
      Partial area ratio:   43.23
      Required ratio:    0.00 (Side area) 
      Cumulative area ratio:   55.74
      Required ratio:    0.00 (Cumulative side area) 

    Layer: Via3
      Partial area ratio:    0.20
      Required ratio:  316.20 (Gate area) 
      Cumulative area ratio:    0.80
      Required ratio:    0.00 (Cumulative area) 

    Layer: Metal4
      Partial area ratio:    0.34
      Required ratio:    0.00 (Gate area) 
      Cumulative area ratio:   11.85
      Required ratio: 12648.00 (Cumulative area) 
      Partial area ratio:    2.49
      Required ratio:    0.00 (Side area) 
      Cumulative area ratio:   58.23
      Required ratio:    0.00 (Cumulative side area) 

    Layer: Via4
      Partial area ratio:    0.20
      Required ratio:  316.20 (Gate area) 
      Cumulative area ratio:    1.00
      Required ratio:    0.00 (Cumulative area) 

    Layer: Metal5
      Partial area ratio:  215.38
      Required ratio:    0.00 (Gate area) 
      Cumulative area ratio:  227.23
      Required ratio: 12648.00 (Cumulative area) 
      Partial area ratio:  969.86
      Required ratio:    0.00 (Side area) 
      Cumulative area ratio: 1028.10
      Required ratio:    0.00 (Cumulative side area) 


  Pin:   fanout1426/A (sg13g2_buf_1)
    Layer: Via1
      Partial area ratio:    0.20
      Required ratio:   20.00 (Gate area) 
      Cumulative area ratio:    0.20
      Required ratio:    0.00 (Cumulative area) 

    Layer: Metal2
      Partial area ratio:   19.00
      Required ratio:    0.00 (Gate area) 
      Cumulative area ratio:   19.00
      Required ratio:  200.00 (Cumulative area) 
      Partial area ratio:   86.43
      Required ratio:    0.00 (Side area) 
      Cumulative area ratio:   86.43
      Required ratio:    0.00 (Cumulative side area) 

    Layer: Via2
      Partial area ratio:    0.60
      Required ratio:   20.00 (Gate area) 
      Cumulative area ratio:    0.80
      Required ratio:    0.00 (Cumulative area) 

    Layer: Metal3
      Partial area ratio:   72.72
      Required ratio:    0.00 (Gate area) 
      Cumulative area ratio:   91.72
      Required ratio:  200.00 (Cumulative area) 
      Partial area ratio:  330.17
      Required ratio:    0.00 (Side area) 
      Cumulative area ratio:  416.59
      Required ratio:    0.00 (Cumulative side area) 

    Layer: Via3
      Partial area ratio:    0.40
      Required ratio:   20.00 (Gate area) 
      Cumulative area ratio:    1.20
      Required ratio:    0.00 (Cumulative area) 

    Layer: Metal4
      Partial area ratio:  112.43
      Required ratio:    0.00 (Gate area) 
      Cumulative area ratio:  204.14
      Required ratio:  200.00 (Cumulative area) (VIOLATED)
      Partial area ratio:  507.87
      Required ratio:    0.00 (Side area) 
      Cumulative area ratio:  924.47
      Required ratio:    0.00 (Cumulative side area) 

    Layer: Via4
      Partial area ratio:    0.40
      Required ratio:   20.00 (Gate area) 
      Cumulative area ratio:    1.60
      Required ratio:    0.00 (Cumulative area) 

    Layer: Metal5
      Partial area ratio:  215.38
      Required ratio:    0.00 (Gate area) 
      Cumulative area ratio:  419.52
      Required ratio: 12648.00 (Cumulative area) 
      Partial area ratio:  969.86
      Required ratio:    0.00 (Side area) 
      Cumulative area ratio: 1894.33
      Required ratio:    0.00 (Cumulative side area) 


  Pin:   fanout1430/A (sg13g2_buf_1)
    Layer: Via1
      Partial area ratio:    0.20
      Required ratio:   20.00 (Gate area) 
      Cumulative area ratio:    0.20
      Required ratio:    0.00 (Cumulative area) 

    Layer: Metal2
      Partial area ratio:    4.04
      Required ratio:    0.00 (Gate area) 
      Cumulative area ratio:    4.04
      Required ratio:  200.00 (Cumulative area) 
      Partial area ratio:   19.11
      Required ratio:    0.00 (Side area) 
      Cumulative area ratio:   19.11
      Required ratio:    0.00 (Cumulative side area) 

    Layer: Via2
      Partial area ratio:    0.40
      Required ratio:   20.00 (Gate area) 
      Cumulative area ratio:    0.60
      Required ratio:    0.00 (Cumulative area) 

    Layer: Metal3
      Partial area ratio:    0.66
      Required ratio:    0.00 (Gate area) 
      Cumulative area ratio:    4.69
      Required ratio:  200.00 (Cumulative area) 
      Partial area ratio:    4.93
      Required ratio:    0.00 (Side area) 
      Cumulative area ratio:   24.04
      Required ratio:    0.00 (Cumulative side area) 

    Layer: Via3
      Partial area ratio:    0.20
      Required ratio:   20.00 (Gate area) 
      Cumulative area ratio:    0.80
      Required ratio:    0.00 (Cumulative area) 

    Layer: Metal4
      Partial area ratio:    0.34
      Required ratio:    0.00 (Gate area) 
      Cumulative area ratio:    5.03
      Required ratio:  200.00 (Cumulative area) 
      Partial area ratio:    2.49
      Required ratio:    0.00 (Side area) 
      Cumulative area ratio:   26.53
      Required ratio:    0.00 (Cumulative side area) 

    Layer: Via4
      Partial area ratio:    0.20
      Required ratio:   20.00 (Gate area) 
      Cumulative area ratio:    1.00
      Required ratio:    0.00 (Cumulative area) 

    Layer: Metal5
      Partial area ratio:  215.38
      Required ratio:    0.00 (Gate area) 
      Cumulative area ratio:  220.41
      Required ratio: 12648.00 (Cumulative area) 
      Partial area ratio:  969.86
      Required ratio:    0.00 (Side area) 
      Cumulative area ratio:  996.39
      Required ratio:    0.00 (Cumulative side area) 



Net: m.u_conv3.u_weights._03618_
  Pin:   fanout725/A (sg13g2_buf_1)
    Layer: Via1
      Partial area ratio:    0.20
      Required ratio:   20.00 (Gate area) 
      Cumulative area ratio:    0.20
      Required ratio:    0.00 (Cumulative area) 

    Layer: Metal2
      Partial area ratio:  153.18
      Required ratio:    0.00 (Gate area) 
      Cumulative area ratio:  153.18
      Required ratio:  200.00 (Cumulative area) 
      Partial area ratio:  690.26
      Required ratio:    0.00 (Side area) 
      Cumulative area ratio:  690.26
      Required ratio:    0.00 (Cumulative side area) 

    Layer: Via2
      Partial area ratio:    0.40
      Required ratio:   20.00 (Gate area) 
      Cumulative area ratio:    0.60
      Required ratio:    0.00 (Cumulative area) 

    Layer: Metal3
      Partial area ratio:  199.88
      Required ratio:    0.00 (Gate area) 
      Cumulative area ratio:  353.06
      Required ratio:  200.00 (Cumulative area) (VIOLATED)
      Partial area ratio:  901.44
      Required ratio:    0.00 (Side area) 
      Cumulative area ratio: 1591.70
      Required ratio:    0.00 (Cumulative side area) 

    Layer: Via3
      Partial area ratio:    0.20
      Required ratio:   20.00 (Gate area) 
      Cumulative area ratio:    0.80
      Required ratio:    0.00 (Cumulative area) 

    Layer: Metal4
      Partial area ratio:   16.37
      Required ratio:    0.00 (Gate area) 
      Cumulative area ratio:  369.43
      Required ratio:  200.00 (Cumulative area) (VIOLATED)
      Partial area ratio:   74.63
      Required ratio:    0.00 (Side area) 
      Cumulative area ratio: 1666.33
      Required ratio:    0.00 (Cumulative side area) 

    Layer: Via4
      Partial area ratio:    0.20
      Required ratio:   20.00 (Gate area) 
      Cumulative area ratio:    1.00
      Required ratio:    0.00 (Cumulative area) 

    Layer: Metal5
      Partial area ratio:  223.24
      Required ratio:    0.00 (Gate area) 
      Cumulative area ratio:  592.67
      Required ratio: 12648.00 (Cumulative area) 
      Partial area ratio: 1004.91
      Required ratio:    0.00 (Side area) 
      Cumulative area ratio: 2671.24
      Required ratio:    0.00 (Cumulative side area) 


  Pin:   fanout726/A (sg13g2_buf_1)
    Layer: Via1
      Partial area ratio:    0.20
      Required ratio:   20.00 (Gate area) 
      Cumulative area ratio:    0.20
      Required ratio:    0.00 (Cumulative area) 

    Layer: Metal2
      Partial area ratio:    7.22
      Required ratio:    0.00 (Gate area) 
      Cumulative area ratio:    7.22
      Required ratio:  200.00 (Cumulative area) 
      Partial area ratio:   33.45
      Required ratio:    0.00 (Side area) 
      Cumulative area ratio:   33.45
      Required ratio:    0.00 (Cumulative side area) 

    Layer: Via2
      Partial area ratio:    0.40
      Required ratio:   20.00 (Gate area) 
      Cumulative area ratio:    0.60
      Required ratio:    0.00 (Cumulative area) 

    Layer: Metal3
      Partial area ratio:    0.66
      Required ratio:    0.00 (Gate area) 
      Cumulative area ratio:    7.88
      Required ratio:  200.00 (Cumulative area) 
      Partial area ratio:    4.93
      Required ratio:    0.00 (Side area) 
      Cumulative area ratio:   38.39
      Required ratio:    0.00 (Cumulative side area) 

    Layer: Via3
      Partial area ratio:    0.20
      Required ratio:   20.00 (Gate area) 
      Cumulative area ratio:    0.80
      Required ratio:    0.00 (Cumulative area) 

    Layer: Metal4
      Partial area ratio:    0.34
      Required ratio:    0.00 (Gate area) 
      Cumulative area ratio:    8.22
      Required ratio:  200.00 (Cumulative area) 
      Partial area ratio:    2.49
      Required ratio:    0.00 (Side area) 
      Cumulative area ratio:   40.88
      Required ratio:    0.00 (Cumulative side area) 

    Layer: Via4
      Partial area ratio:    0.20
      Required ratio:   20.00 (Gate area) 
      Cumulative area ratio:    1.00
      Required ratio:    0.00 (Cumulative area) 

    Layer: Metal5
      Partial area ratio:  223.24
      Required ratio:    0.00 (Gate area) 
      Cumulative area ratio:  231.46
      Required ratio: 12648.00 (Cumulative area) 
      Partial area ratio: 1004.91
      Required ratio:    0.00 (Side area) 
      Cumulative area ratio: 1045.78
      Required ratio:    0.00 (Cumulative side area) 


  Pin:   fanout729/A (sg13g2_buf_1)
    Layer: Via1
      Partial area ratio:    0.20
      Required ratio:   20.00 (Gate area) 
      Cumulative area ratio:    0.20
      Required ratio:    0.00 (Cumulative area) 

    Layer: Metal2
      Partial area ratio:   27.80
      Required ratio:    0.00 (Gate area) 
      Cumulative area ratio:   27.80
      Required ratio:  200.00 (Cumulative area) 
      Partial area ratio:  126.05
      Required ratio:    0.00 (Side area) 
      Cumulative area ratio:  126.05
      Required ratio:    0.00 (Cumulative side area) 

    Layer: Via2
      Partial area ratio:    0.40
      Required ratio:   20.00 (Gate area) 
      Cumulative area ratio:    0.60
      Required ratio:    0.00 (Cumulative area) 

    Layer: Metal3
      Partial area ratio:   32.86
      Required ratio:    0.00 (Gate area) 
      Cumulative area ratio:   60.65
      Required ratio: 12648.00 (Cumulative area) 
      Partial area ratio:  150.81
      Required ratio:    0.00 (Side area) 
      Cumulative area ratio:  276.86
      Required ratio:    0.00 (Cumulative side area) 

    Layer: Via3
      Partial area ratio:    0.20
      Required ratio:  316.20 (Gate area) 
      Cumulative area ratio:    0.80
      Required ratio:    0.00 (Cumulative area) 

    Layer: Metal4
      Partial area ratio:    0.34
      Required ratio:    0.00 (Gate area) 
      Cumulative area ratio:   60.99
      Required ratio: 12648.00 (Cumulative area) 
      Partial area ratio:    2.49
      Required ratio:    0.00 (Side area) 
      Cumulative area ratio:  279.35
      Required ratio:    0.00 (Cumulative side area) 

    Layer: Via4
      Partial area ratio:    0.20
      Required ratio:  316.20 (Gate area) 
      Cumulative area ratio:    1.00
      Required ratio:    0.00 (Cumulative area) 

    Layer: Metal5
      Partial area ratio:  223.24
      Required ratio:    0.00 (Gate area) 
      Cumulative area ratio:  284.23
      Required ratio: 12648.00 (Cumulative area) 
      Partial area ratio: 1004.91
      Required ratio:    0.00 (Side area) 
      Cumulative area ratio: 1284.26
      Required ratio:    0.00 (Cumulative side area) 



Net: m.u_conv3.u_weights._05166_
  Pin:   fanout655/A (sg13g2_buf_1)
    Layer: Via1
      Partial area ratio:    0.20
      Required ratio:   20.00 (Gate area) 
      Cumulative area ratio:    0.20
      Required ratio:    0.00 (Cumulative area) 

    Layer: Metal2
      Partial area ratio:    3.22
      Required ratio:    0.00 (Gate area) 
      Cumulative area ratio:    3.22
      Required ratio:  200.00 (Cumulative area) 
      Partial area ratio:   15.45
      Required ratio:    0.00 (Side area) 
      Cumulative area ratio:   15.45
      Required ratio:    0.00 (Cumulative side area) 

    Layer: Via2
      Partial area ratio:    0.40
      Required ratio:   20.00 (Gate area) 
      Cumulative area ratio:    0.60
      Required ratio:    0.00 (Cumulative area) 

    Layer: Metal3
      Partial area ratio:    0.66
      Required ratio:    0.00 (Gate area) 
      Cumulative area ratio:    3.88
      Required ratio:  200.00 (Cumulative area) 
      Partial area ratio:    4.93
      Required ratio:    0.00 (Side area) 
      Cumulative area ratio:   20.38
      Required ratio:    0.00 (Cumulative side area) 

    Layer: Via3
      Partial area ratio:    0.20
      Required ratio:   20.00 (Gate area) 
      Cumulative area ratio:    0.80
      Required ratio:    0.00 (Cumulative area) 

    Layer: Metal4
      Partial area ratio:   20.35
      Required ratio:    0.00 (Gate area) 
      Cumulative area ratio:   24.23
      Required ratio:  200.00 (Cumulative area) 
      Partial area ratio:   92.55
      Required ratio:    0.00 (Side area) 
      Cumulative area ratio:  112.93
      Required ratio:    0.00 (Cumulative side area) 

    Layer: Via4
      Partial area ratio:    0.10
      Required ratio:   20.00 (Gate area) 
      Cumulative area ratio:    0.90
      Required ratio:    0.00 (Cumulative area) 

    Layer: Metal5
      Partial area ratio:   85.11
      Required ratio:    0.00 (Gate area) 
      Cumulative area ratio:  109.34
      Required ratio: 12648.00 (Cumulative area) 
      Partial area ratio:  383.33
      Required ratio:    0.00 (Side area) 
      Cumulative area ratio:  496.26
      Required ratio:    0.00 (Cumulative side area) 


  Pin:   fanout656/A (sg13g2_buf_1)
    Layer: Via1
      Partial area ratio:    0.20
      Required ratio:   20.00 (Gate area) 
      Cumulative area ratio:    0.20
      Required ratio:    0.00 (Cumulative area) 

    Layer: Metal2
      Partial area ratio:    5.36
      Required ratio:    0.00 (Gate area) 
      Cumulative area ratio:    5.36
      Required ratio:  200.00 (Cumulative area) 
      Partial area ratio:   25.09
      Required ratio:    0.00 (Side area) 
      Cumulative area ratio:   25.09
      Required ratio:    0.00 (Cumulative side area) 

    Layer: Via2
      Partial area ratio:    0.40
      Required ratio:   20.00 (Gate area) 
      Cumulative area ratio:    0.60
      Required ratio:    0.00 (Cumulative area) 

    Layer: Metal3
      Partial area ratio:  192.25
      Required ratio:    0.00 (Gate area) 
      Cumulative area ratio:  197.62
      Required ratio:  200.00 (Cumulative area) 
      Partial area ratio:  868.07
      Required ratio:    0.00 (Side area) 
      Cumulative area ratio:  893.17
      Required ratio:    0.00 (Cumulative side area) 

    Layer: Via3
      Partial area ratio:    0.40
      Required ratio:   20.00 (Gate area) 
      Cumulative area ratio:    1.00
      Required ratio:    0.00 (Cumulative area) 

    Layer: Metal4
      Partial area ratio:   20.35
      Required ratio:    0.00 (Gate area) 
      Cumulative area ratio:  217.96
      Required ratio:  200.00 (Cumulative area) (VIOLATED)
      Partial area ratio:   92.55
      Required ratio:    0.00 (Side area) 
      Cumulative area ratio:  985.72
      Required ratio:    0.00 (Cumulative side area) 

    Layer: Via4
      Partial area ratio:    0.10
      Required ratio:   20.00 (Gate area) 
      Cumulative area ratio:    1.10
      Required ratio:    0.00 (Cumulative area) 

    Layer: Metal5
      Partial area ratio:   85.11
      Required ratio:    0.00 (Gate area) 
      Cumulative area ratio:  303.07
      Required ratio: 12648.00 (Cumulative area) 
      Partial area ratio:  383.33
      Required ratio:    0.00 (Side area) 
      Cumulative area ratio: 1369.05
      Required ratio:    0.00 (Cumulative side area) 


  Pin:   fanout659/A (sg13g2_buf_1)
    Layer: Via1
      Partial area ratio:    0.20
      Required ratio:   20.00 (Gate area) 
      Cumulative area ratio:    0.20
      Required ratio:    0.00 (Cumulative area) 

    Layer: Metal2
      Partial area ratio:   12.66
      Required ratio:    0.00 (Gate area) 
      Cumulative area ratio:   12.66
      Required ratio:  200.00 (Cumulative area) 
      Partial area ratio:   57.91
      Required ratio:    0.00 (Side area) 
      Cumulative area ratio:   57.91
      Required ratio:    0.00 (Cumulative side area) 

    Layer: Via2
      Partial area ratio:    0.40
      Required ratio:   20.00 (Gate area) 
      Cumulative area ratio:    0.60
      Required ratio:    0.00 (Cumulative area) 

    Layer: Metal3
      Partial area ratio:   96.61
      Required ratio:    0.00 (Gate area) 
      Cumulative area ratio:  109.26
      Required ratio: 12648.00 (Cumulative area) 
      Partial area ratio:  437.70
      Required ratio:    0.00 (Side area) 
      Cumulative area ratio:  495.61
      Required ratio:    0.00 (Cumulative side area) 

    Layer: Via3
      Partial area ratio:    0.20
      Required ratio:  316.20 (Gate area) 
      Cumulative area ratio:    0.80
      Required ratio:    0.00 (Cumulative area) 

    Layer: Metal4
      Partial area ratio:   32.31
      Required ratio:    0.00 (Gate area) 
      Cumulative area ratio:  141.57
      Required ratio: 12648.00 (Cumulative area) 
      Partial area ratio:  146.36
      Required ratio:    0.00 (Side area) 
      Cumulative area ratio:  641.96
      Required ratio:    0.00 (Cumulative side area) 

    Layer: Via4
      Partial area ratio:    0.20
      Required ratio:  316.20 (Gate area) 
      Cumulative area ratio:    1.00
      Required ratio:    0.00 (Cumulative area) 

    Layer: Metal5
      Partial area ratio:   85.11
      Required ratio:    0.00 (Gate area) 
      Cumulative area ratio:  226.68
      Required ratio: 12648.00 (Cumulative area) 
      Partial area ratio:  383.33
      Required ratio:    0.00 (Side area) 
      Cumulative area ratio: 1025.29
      Required ratio:    0.00 (Cumulative side area) 



Net: m.u_conv3.u_weights._06695_
  Pin:   fanout547/A (sg13g2_buf_1)
    Layer: Via1
      Partial area ratio:    0.20
      Required ratio:   20.00 (Gate area) 
      Cumulative area ratio:    0.20
      Required ratio:    0.00 (Cumulative area) 

    Layer: Metal2
      Partial area ratio:   51.70
      Required ratio:    0.00 (Gate area) 
      Cumulative area ratio:   51.70
      Required ratio:  200.00 (Cumulative area) 
      Partial area ratio:  233.60
      Required ratio:    0.00 (Side area) 
      Cumulative area ratio:  233.60
      Required ratio:    0.00 (Cumulative side area) 

    Layer: Via2
      Partial area ratio:    0.40
      Required ratio:   20.00 (Gate area) 
      Cumulative area ratio:    0.60
      Required ratio:    0.00 (Cumulative area) 

    Layer: Metal3
      Partial area ratio:   32.53
      Required ratio:    0.00 (Gate area) 
      Cumulative area ratio:   84.23
      Required ratio:  200.00 (Cumulative area) 
      Partial area ratio:  148.37
      Required ratio:    0.00 (Side area) 
      Cumulative area ratio:  381.97
      Required ratio:    0.00 (Cumulative side area) 

    Layer: Via3
      Partial area ratio:    0.20
      Required ratio:   20.00 (Gate area) 
      Cumulative area ratio:    0.80
      Required ratio:    0.00 (Cumulative area) 

    Layer: Metal4
      Partial area ratio:    8.40
      Required ratio:    0.00 (Gate area) 
      Cumulative area ratio:   92.63
      Required ratio:  200.00 (Cumulative area) 
      Partial area ratio:   38.77
      Required ratio:    0.00 (Side area) 
      Cumulative area ratio:  420.75
      Required ratio:    0.00 (Cumulative side area) 

    Layer: Via4
      Partial area ratio:    0.20
      Required ratio:   20.00 (Gate area) 
      Cumulative area ratio:    1.00
      Required ratio:    0.00 (Cumulative area) 

    Layer: Metal5
      Partial area ratio:  191.36
      Required ratio:    0.00 (Gate area) 
      Cumulative area ratio:  284.00
      Required ratio: 12648.00 (Cumulative area) 
      Partial area ratio:  861.47
      Required ratio:    0.00 (Side area) 
      Cumulative area ratio: 1282.22
      Required ratio:    0.00 (Cumulative side area) 


  Pin:   fanout548/A (sg13g2_buf_1)
    Layer: Via1
      Partial area ratio:    0.20
      Required ratio:   20.00 (Gate area) 
      Cumulative area ratio:    0.20
      Required ratio:    0.00 (Cumulative area) 

    Layer: Metal2
      Partial area ratio:    2.31
      Required ratio:    0.00 (Gate area) 
      Cumulative area ratio:    2.31
      Required ratio:  200.00 (Cumulative area) 
      Partial area ratio:   11.35
      Required ratio:    0.00 (Side area) 
      Cumulative area ratio:   11.35
      Required ratio:    0.00 (Cumulative side area) 

    Layer: Via2
      Partial area ratio:    0.40
      Required ratio:   20.00 (Gate area) 
      Cumulative area ratio:    0.60
      Required ratio:    0.00 (Cumulative area) 

    Layer: Metal3
      Partial area ratio:    0.66
      Required ratio:    0.00 (Gate area) 
      Cumulative area ratio:    2.97
      Required ratio:  200.00 (Cumulative area) 
      Partial area ratio:    4.93
      Required ratio:    0.00 (Side area) 
      Cumulative area ratio:   16.28
      Required ratio:    0.00 (Cumulative side area) 

    Layer: Via3
      Partial area ratio:    0.20
      Required ratio:   20.00 (Gate area) 
      Cumulative area ratio:    0.80
      Required ratio:    0.00 (Cumulative area) 

    Layer: Metal4
      Partial area ratio:  199.66
      Required ratio:    0.00 (Gate area) 
      Cumulative area ratio:  202.62
      Required ratio:  200.00 (Cumulative area) (VIOLATED)
      Partial area ratio:  899.43
      Required ratio:    0.00 (Side area) 
      Cumulative area ratio:  915.70
      Required ratio:    0.00 (Cumulative side area) 

    Layer: Via4
      Partial area ratio:    0.20
      Required ratio:   20.00 (Gate area) 
      Cumulative area ratio:    1.00
      Required ratio:    0.00 (Cumulative area) 

    Layer: Metal5
      Partial area ratio:  191.36
      Required ratio:    0.00 (Gate area) 
      Cumulative area ratio:  393.99
      Required ratio: 12648.00 (Cumulative area) 
      Partial area ratio:  861.47
      Required ratio:    0.00 (Side area) 
      Cumulative area ratio: 1777.17
      Required ratio:    0.00 (Cumulative side area) 


  Pin:   fanout549/A (sg13g2_buf_1)
    Layer: Via1
      Partial area ratio:    0.20
      Required ratio:   20.00 (Gate area) 
      Cumulative area ratio:    0.20
      Required ratio:    0.00 (Cumulative area) 

    Layer: Metal2
      Partial area ratio:   11.33
      Required ratio:    0.00 (Gate area) 
      Cumulative area ratio:   11.33
      Required ratio:  200.00 (Cumulative area) 
      Partial area ratio:   51.94
      Required ratio:    0.00 (Side area) 
      Cumulative area ratio:   51.94
      Required ratio:    0.00 (Cumulative side area) 

    Layer: Via2
      Partial area ratio:    0.40
      Required ratio:   20.00 (Gate area) 
      Cumulative area ratio:    0.60
      Required ratio:    0.00 (Cumulative area) 

    Layer: Metal3
      Partial area ratio:   16.92
      Required ratio:    0.00 (Gate area) 
      Cumulative area ratio:   28.25
      Required ratio: 12648.00 (Cumulative area) 
      Partial area ratio:   79.09
      Required ratio:    0.00 (Side area) 
      Cumulative area ratio:  131.03
      Required ratio:    0.00 (Cumulative side area) 

    Layer: Via3
      Partial area ratio:    0.20
      Required ratio:  316.20 (Gate area) 
      Cumulative area ratio:    0.80
      Required ratio:    0.00 (Cumulative area) 

    Layer: Metal4
      Partial area ratio:    0.34
      Required ratio:    0.00 (Gate area) 
      Cumulative area ratio:   28.58
      Required ratio: 12648.00 (Cumulative area) 
      Partial area ratio:    2.49
      Required ratio:    0.00 (Side area) 
      Cumulative area ratio:  133.52
      Required ratio:    0.00 (Cumulative side area) 

    Layer: Via4
      Partial area ratio:    0.20
      Required ratio:  316.20 (Gate area) 
      Cumulative area ratio:    1.00
      Required ratio:    0.00 (Cumulative area) 

    Layer: Metal5
      Partial area ratio:  191.36
      Required ratio:    0.00 (Gate area) 
      Cumulative area ratio:  219.95
      Required ratio: 12648.00 (Cumulative area) 
      Partial area ratio:  861.47
      Required ratio:    0.00 (Side area) 
      Cumulative area ratio:  994.99
      Required ratio:    0.00 (Cumulative side area) 



Net: m.u_conv3.u_weights._06885_
  Pin:   m.u_conv3.u_weights._17542_/B1 (sg13g2_a22oi_1)
    Layer: Via1
      Partial area ratio:    0.15
      Required ratio:   20.00 (Gate area) 
      Cumulative area ratio:    0.15
      Required ratio:    0.00 (Cumulative area) 

    Layer: Metal2
      Partial area ratio:    5.22
      Required ratio:    0.00 (Gate area) 
      Cumulative area ratio:    5.22
      Required ratio:  200.00 (Cumulative area) 
      Partial area ratio:   24.20
      Required ratio:    0.00 (Side area) 
      Cumulative area ratio:   24.20
      Required ratio:    0.00 (Cumulative side area) 

    Layer: Via2
      Partial area ratio:    0.30
      Required ratio:   20.00 (Gate area) 
      Cumulative area ratio:    0.45
      Required ratio:    0.00 (Cumulative area) 

    Layer: Metal3
      Partial area ratio:    0.49
      Required ratio:    0.00 (Gate area) 
      Cumulative area ratio:    5.71
      Required ratio:  200.00 (Cumulative area) 
      Partial area ratio:    3.68
      Required ratio:    0.00 (Side area) 
      Cumulative area ratio:   27.89
      Required ratio:    0.00 (Cumulative side area) 

    Layer: Via3
      Partial area ratio:    0.15
      Required ratio:   20.00 (Gate area) 
      Cumulative area ratio:    0.60
      Required ratio:    0.00 (Cumulative area) 

    Layer: Metal4
      Partial area ratio:    0.25
      Required ratio:    0.00 (Gate area) 
      Cumulative area ratio:    5.96
      Required ratio:  200.00 (Cumulative area) 
      Partial area ratio:    1.86
      Required ratio:    0.00 (Side area) 
      Cumulative area ratio:   29.75
      Required ratio:    0.00 (Cumulative side area) 

    Layer: Via4
      Partial area ratio:    0.15
      Required ratio:   20.00 (Gate area) 
      Cumulative area ratio:    0.75
      Required ratio:    0.00 (Cumulative area) 

    Layer: Metal5
      Partial area ratio:   13.96
      Required ratio:    0.00 (Gate area) 
      Cumulative area ratio:   19.92
      Required ratio: 13544.00 (Cumulative area) 
      Partial area ratio:   63.11
      Required ratio:    0.00 (Side area) 
      Cumulative area ratio:   92.85
      Required ratio:    0.00 (Cumulative side area) 


  Pin:   m.u_conv3.u_weights._17543_/C (sg13g2_nand4_1)
    Layer: Via1
      Partial area ratio:    0.15
      Required ratio:   20.00 (Gate area) 
      Cumulative area ratio:    0.15
      Required ratio:    0.00 (Cumulative area) 

    Layer: Metal2
      Partial area ratio:    4.22
      Required ratio:    0.00 (Gate area) 
      Cumulative area ratio:    4.22
      Required ratio:  200.00 (Cumulative area) 
      Partial area ratio:   19.71
      Required ratio:    0.00 (Side area) 
      Cumulative area ratio:   19.71
      Required ratio:    0.00 (Cumulative side area) 

    Layer: Via2
      Partial area ratio:    0.30
      Required ratio:   20.00 (Gate area) 
      Cumulative area ratio:    0.45
      Required ratio:    0.00 (Cumulative area) 

    Layer: Metal3
      Partial area ratio:  304.23
      Required ratio:    0.00 (Gate area) 
      Cumulative area ratio:  308.45
      Required ratio:  200.00 (Cumulative area) (VIOLATED)
      Partial area ratio: 1370.47
      Required ratio:    0.00 (Side area) 
      Cumulative area ratio: 1390.18
      Required ratio:    0.00 (Cumulative side area) 

    Layer: Via3
      Partial area ratio:    0.30
      Required ratio:   20.00 (Gate area) 
      Cumulative area ratio:    0.75
      Required ratio:    0.00 (Cumulative area) 

    Layer: Metal4
      Partial area ratio:    6.53
      Required ratio:    0.00 (Gate area) 
      Cumulative area ratio:  314.98
      Required ratio:  200.00 (Cumulative area) (VIOLATED)
      Partial area ratio:   30.84
      Required ratio:    0.00 (Side area) 
      Cumulative area ratio: 1421.02
      Required ratio:    0.00 (Cumulative side area) 

    Layer: Via4
      Partial area ratio:    0.30
      Required ratio:   20.00 (Gate area) 
      Cumulative area ratio:    1.05
      Required ratio:    0.00 (Cumulative area) 

    Layer: Metal5
      Partial area ratio:   13.96
      Required ratio:    0.00 (Gate area) 
      Cumulative area ratio:  328.94
      Required ratio: 13544.00 (Cumulative area) 
      Partial area ratio:   63.11
      Required ratio:    0.00 (Side area) 
      Cumulative area ratio: 1484.12
      Required ratio:    0.00 (Cumulative side area) 


  Pin:   m.u_conv3.u_weights._22737_/B1 (sg13g2_o21ai_1)
    Layer: Metal1
      Partial area ratio:    0.03
      Required ratio:    0.00 (Gate area) 
      Cumulative area ratio:    0.03
      Required ratio:  200.00 (Cumulative area) 
      Partial area ratio:    1.13
      Required ratio:    0.00 (Side area) 
      Cumulative area ratio:    1.13
      Required ratio:    0.00 (Cumulative side area) 

    Layer: Via1
      Partial area ratio:    0.13
      Required ratio:   20.00 (Gate area) 
      Cumulative area ratio:    0.13
      Required ratio:    0.00 (Cumulative area) 

    Layer: Metal2
      Partial area ratio:   14.61
      Required ratio:    0.00 (Gate area) 
      Cumulative area ratio:   14.64
      Required ratio:  200.00 (Cumulative area) 
      Partial area ratio:   65.92
      Required ratio:    0.00 (Side area) 
      Cumulative area ratio:   67.05
      Required ratio:    0.00 (Cumulative side area) 

    Layer: Via2
      Partial area ratio:    0.15
      Required ratio:   20.00 (Gate area) 
      Cumulative area ratio:    0.28
      Required ratio:    0.00 (Cumulative area) 

    Layer: Metal3
      Partial area ratio:    2.21
      Required ratio:    0.00 (Gate area) 
      Cumulative area ratio:   16.85
      Required ratio: 13544.00 (Cumulative area) 
      Partial area ratio:   10.86
      Required ratio:    0.00 (Side area) 
      Cumulative area ratio:   77.91
      Required ratio:    0.00 (Cumulative side area) 

    Layer: Via3
      Partial area ratio:    0.05
      Required ratio:  338.60 (Gate area) 
      Cumulative area ratio:    0.33
      Required ratio:    0.00 (Cumulative area) 

    Layer: Metal4
      Partial area ratio:    3.88
      Required ratio:    0.00 (Gate area) 
      Cumulative area ratio:   20.73
      Required ratio: 13544.00 (Cumulative area) 
      Partial area ratio:   17.68
      Required ratio:    0.00 (Side area) 
      Cumulative area ratio:   95.59
      Required ratio:    0.00 (Cumulative side area) 

    Layer: Via4
      Partial area ratio:    0.05
      Required ratio:  338.60 (Gate area) 
      Cumulative area ratio:    0.37
      Required ratio:    0.00 (Cumulative area) 

    Layer: Metal5
      Partial area ratio:   13.96
      Required ratio:    0.00 (Gate area) 
      Cumulative area ratio:   34.69
      Required ratio: 13544.00 (Cumulative area) 
      Partial area ratio:   63.11
      Required ratio:    0.00 (Side area) 
      Cumulative area ratio:  158.70
      Required ratio:    0.00 (Cumulative side area) 


  Pin:   m.u_conv3.u_weights._27504_/A1 (sg13g2_a21oi_1)
    Layer: Metal1
      Partial area ratio:    0.02
      Required ratio:    0.00 (Gate area) 
      Cumulative area ratio:    0.02
      Required ratio:  200.00 (Cumulative area) 
      Partial area ratio:    1.16
      Required ratio:    0.00 (Side area) 
      Cumulative area ratio:    1.16
      Required ratio:    0.00 (Cumulative side area) 

    Layer: Via1
      Partial area ratio:    0.15
      Required ratio:   20.00 (Gate area) 
      Cumulative area ratio:    0.15
      Required ratio:    0.00 (Cumulative area) 

    Layer: Metal2
      Partial area ratio:   14.61
      Required ratio:    0.00 (Gate area) 
      Cumulative area ratio:   14.63
      Required ratio:  200.00 (Cumulative area) 
      Partial area ratio:   65.92
      Required ratio:    0.00 (Side area) 
      Cumulative area ratio:   67.08
      Required ratio:    0.00 (Cumulative side area) 

    Layer: Via2
      Partial area ratio:    0.15
      Required ratio:   20.00 (Gate area) 
      Cumulative area ratio:    0.30
      Required ratio:    0.00 (Cumulative area) 

    Layer: Metal3
      Partial area ratio:    2.21
      Required ratio:    0.00 (Gate area) 
      Cumulative area ratio:   16.84
      Required ratio: 13544.00 (Cumulative area) 
      Partial area ratio:   10.86
      Required ratio:    0.00 (Side area) 
      Cumulative area ratio:   77.94
      Required ratio:    0.00 (Cumulative side area) 

    Layer: Via3
      Partial area ratio:    0.05
      Required ratio:  338.60 (Gate area) 
      Cumulative area ratio:    0.35
      Required ratio:    0.00 (Cumulative area) 

    Layer: Metal4
      Partial area ratio:    3.88
      Required ratio:    0.00 (Gate area) 
      Cumulative area ratio:   20.72
      Required ratio: 13544.00 (Cumulative area) 
      Partial area ratio:   17.68
      Required ratio:    0.00 (Side area) 
      Cumulative area ratio:   95.63
      Required ratio:    0.00 (Cumulative side area) 

    Layer: Via4
      Partial area ratio:    0.05
      Required ratio:  338.60 (Gate area) 
      Cumulative area ratio:    0.39
      Required ratio:    0.00 (Cumulative area) 

    Layer: Metal5
      Partial area ratio:   13.96
      Required ratio:    0.00 (Gate area) 
      Cumulative area ratio:   34.68
      Required ratio: 13544.00 (Cumulative area) 
      Partial area ratio:   63.11
      Required ratio:    0.00 (Side area) 
      Cumulative area ratio:  158.73
      Required ratio:    0.00 (Cumulative side area) 


  Pin:   m.u_conv3.u_weights._30125_/A2 (sg13g2_a21oi_1)
    Layer: Via1
      Partial area ratio:    0.15
      Required ratio:   20.00 (Gate area) 
      Cumulative area ratio:    0.15
      Required ratio:    0.00 (Cumulative area) 

    Layer: Metal2
      Partial area ratio:   14.61
      Required ratio:    0.00 (Gate area) 
      Cumulative area ratio:   14.61
      Required ratio:  200.00 (Cumulative area) 
      Partial area ratio:   65.92
      Required ratio:    0.00 (Side area) 
      Cumulative area ratio:   65.92
      Required ratio:    0.00 (Cumulative side area) 

    Layer: Via2
      Partial area ratio:    0.15
      Required ratio:   20.00 (Gate area) 
      Cumulative area ratio:    0.30
      Required ratio:    0.00 (Cumulative area) 

    Layer: Metal3
      Partial area ratio:    2.21
      Required ratio:    0.00 (Gate area) 
      Cumulative area ratio:   16.82
      Required ratio: 13544.00 (Cumulative area) 
      Partial area ratio:   10.86
      Required ratio:    0.00 (Side area) 
      Cumulative area ratio:   76.78
      Required ratio:    0.00 (Cumulative side area) 

    Layer: Via3
      Partial area ratio:    0.05
      Required ratio:  338.60 (Gate area) 
      Cumulative area ratio:    0.35
      Required ratio:    0.00 (Cumulative area) 

    Layer: Metal4
      Partial area ratio:    3.88
      Required ratio:    0.00 (Gate area) 
      Cumulative area ratio:   20.70
      Required ratio: 13544.00 (Cumulative area) 
      Partial area ratio:   17.68
      Required ratio:    0.00 (Side area) 
      Cumulative area ratio:   94.46
      Required ratio:    0.00 (Cumulative side area) 

    Layer: Via4
      Partial area ratio:    0.05
      Required ratio:  338.60 (Gate area) 
      Cumulative area ratio:    0.39
      Required ratio:    0.00 (Cumulative area) 

    Layer: Metal5
      Partial area ratio:   13.96
      Required ratio:    0.00 (Gate area) 
      Cumulative area ratio:   34.66
      Required ratio: 13544.00 (Cumulative area) 
      Partial area ratio:   63.11
      Required ratio:    0.00 (Side area) 
      Cumulative area ratio:  157.57
      Required ratio:    0.00 (Cumulative side area) 



Net: m.u_conv3.u_weights._08204_
  Pin:   m.u_conv3.u_weights._18736_/C (sg13g2_nand3_1)
    Layer: Via1
      Partial area ratio:    0.15
      Required ratio:   20.00 (Gate area) 
      Cumulative area ratio:    0.15
      Required ratio:    0.00 (Cumulative area) 

    Layer: Metal2
      Partial area ratio:    3.93
      Required ratio:    0.00 (Gate area) 
      Cumulative area ratio:    3.93
      Required ratio:  200.00 (Cumulative area) 
      Partial area ratio:   18.41
      Required ratio:    0.00 (Side area) 
      Cumulative area ratio:   18.41
      Required ratio:    0.00 (Cumulative side area) 

    Layer: Via2
      Partial area ratio:    0.30
      Required ratio:   20.00 (Gate area) 
      Cumulative area ratio:    0.45
      Required ratio:    0.00 (Cumulative area) 

    Layer: Metal3
      Partial area ratio:  220.84
      Required ratio:    0.00 (Gate area) 
      Cumulative area ratio:  224.77
      Required ratio:  200.00 (Cumulative area) (VIOLATED)
      Partial area ratio:  995.25
      Required ratio:    0.00 (Side area) 
      Cumulative area ratio: 1013.66
      Required ratio:    0.00 (Cumulative side area) 

    Layer: Via3
      Partial area ratio:    0.15
      Required ratio:   20.00 (Gate area) 
      Cumulative area ratio:    0.60
      Required ratio:    0.00 (Cumulative area) 

    Layer: Metal4
      Partial area ratio:   71.86
      Required ratio:    0.00 (Gate area) 
      Cumulative area ratio:  296.63
      Required ratio: 13240.00 (Cumulative area) 
      Partial area ratio:  324.10
      Required ratio:    0.00 (Side area) 
      Cumulative area ratio: 1337.76
      Required ratio:    0.00 (Cumulative side area) 

    Layer: Via4
      Partial area ratio:    0.15
      Required ratio:  331.00 (Gate area) 
      Cumulative area ratio:    0.75
      Required ratio:    0.00 (Cumulative area) 

    Layer: Metal5
      Partial area ratio:   74.56
      Required ratio:    0.00 (Gate area) 
      Cumulative area ratio:  371.20
      Required ratio: 13240.00 (Cumulative area) 
      Partial area ratio:  335.90
      Required ratio:    0.00 (Side area) 
      Cumulative area ratio: 1673.66
      Required ratio:    0.00 (Cumulative side area) 


  Pin:   m.u_conv3.u_weights._29821_/B1 (sg13g2_a21oi_1)
    Layer: Metal1
      Partial area ratio:    0.01
      Required ratio:    0.00 (Gate area) 
      Cumulative area ratio:    0.01
      Required ratio:  200.00 (Cumulative area) 
      Partial area ratio:    1.44
      Required ratio:    0.00 (Side area) 
      Cumulative area ratio:    1.44
      Required ratio:    0.00 (Cumulative side area) 

    Layer: Via1
      Partial area ratio:    0.15
      Required ratio:   20.00 (Gate area) 
      Cumulative area ratio:    0.15
      Required ratio:    0.00 (Cumulative area) 

    Layer: Metal2
      Partial area ratio:    2.49
      Required ratio:    0.00 (Gate area) 
      Cumulative area ratio:    2.51
      Required ratio:  200.00 (Cumulative area) 
      Partial area ratio:   11.93
      Required ratio:    0.00 (Side area) 
      Cumulative area ratio:   13.37
      Required ratio:    0.00 (Cumulative side area) 

    Layer: Via2
      Partial area ratio:    0.30
      Required ratio:   20.00 (Gate area) 
      Cumulative area ratio:    0.45
      Required ratio:    0.00 (Cumulative area) 

    Layer: Metal3
      Partial area ratio:    0.49
      Required ratio:    0.00 (Gate area) 
      Cumulative area ratio:    3.00
      Required ratio:  200.00 (Cumulative area) 
      Partial area ratio:    3.68
      Required ratio:    0.00 (Side area) 
      Cumulative area ratio:   17.05
      Required ratio:    0.00 (Cumulative side area) 

    Layer: Via3
      Partial area ratio:    0.15
      Required ratio:   20.00 (Gate area) 
      Cumulative area ratio:    0.60
      Required ratio:    0.00 (Cumulative area) 

    Layer: Metal4
      Partial area ratio:   24.14
      Required ratio:    0.00 (Gate area) 
      Cumulative area ratio:   27.14
      Required ratio:  200.00 (Cumulative area) 
      Partial area ratio:  109.37
      Required ratio:    0.00 (Side area) 
      Cumulative area ratio:  126.43
      Required ratio:    0.00 (Cumulative side area) 

    Layer: Via4
      Partial area ratio:    0.15
      Required ratio:   20.00 (Gate area) 
      Cumulative area ratio:    0.75
      Required ratio:    0.00 (Cumulative area) 

    Layer: Metal5
      Partial area ratio:   74.56
      Required ratio:    0.00 (Gate area) 
      Cumulative area ratio:  101.70
      Required ratio: 13240.00 (Cumulative area) 
      Partial area ratio:  335.90
      Required ratio:    0.00 (Side area) 
      Cumulative area ratio:  462.33
      Required ratio:    0.00 (Cumulative side area) 



Net: net75
  Pin:   fanout71/A (sg13g2_buf_1)
    Layer: Via1
      Partial area ratio:    0.20
      Required ratio:   20.00 (Gate area) 
      Cumulative area ratio:    0.20
      Required ratio:    0.00 (Cumulative area) 

    Layer: Metal2
      Partial area ratio:    5.49
      Required ratio:    0.00 (Gate area) 
      Cumulative area ratio:    5.49
      Required ratio:  200.00 (Cumulative area) 
      Partial area ratio:   25.66
      Required ratio:    0.00 (Side area) 
      Cumulative area ratio:   25.66
      Required ratio:    0.00 (Cumulative side area) 

    Layer: Via2
      Partial area ratio:    0.40
      Required ratio:   20.00 (Gate area) 
      Cumulative area ratio:    0.60
      Required ratio:    0.00 (Cumulative area) 

    Layer: Metal3
      Partial area ratio:    0.66
      Required ratio:    0.00 (Gate area) 
      Cumulative area ratio:    6.15
      Required ratio:  200.00 (Cumulative area) 
      Partial area ratio:    4.93
      Required ratio:    0.00 (Side area) 
      Cumulative area ratio:   30.59
      Required ratio:    0.00 (Cumulative side area) 

    Layer: Via3
      Partial area ratio:    0.20
      Required ratio:   20.00 (Gate area) 
      Cumulative area ratio:    0.80
      Required ratio:    0.00 (Cumulative area) 

    Layer: Metal4
      Partial area ratio:   24.19
      Required ratio:    0.00 (Gate area) 
      Cumulative area ratio:   30.34
      Required ratio:  200.00 (Cumulative area) 
      Partial area ratio:  109.52
      Required ratio:    0.00 (Side area) 
      Cumulative area ratio:  140.11
      Required ratio:    0.00 (Cumulative side area) 

    Layer: Via4
      Partial area ratio:    0.07
      Required ratio:   20.00 (Gate area) 
      Cumulative area ratio:    0.87
      Required ratio:    0.00 (Cumulative area) 

    Layer: Metal5
      Partial area ratio:   14.03
      Required ratio:    0.00 (Gate area) 
      Cumulative area ratio:   44.37
      Required ratio: 14172.00 (Cumulative area) 
      Partial area ratio:   63.37
      Required ratio:    0.00 (Side area) 
      Cumulative area ratio:  203.47
      Required ratio:    0.00 (Cumulative side area) 


  Pin:   fanout72/A (sg13g2_buf_1)
    Layer: Via1
      Partial area ratio:    0.20
      Required ratio:   20.00 (Gate area) 
      Cumulative area ratio:    0.20
      Required ratio:    0.00 (Cumulative area) 

    Layer: Metal2
      Partial area ratio:   15.42
      Required ratio:    0.00 (Gate area) 
      Cumulative area ratio:   15.42
      Required ratio:  200.00 (Cumulative area) 
      Partial area ratio:   70.34
      Required ratio:    0.00 (Side area) 
      Cumulative area ratio:   70.34
      Required ratio:    0.00 (Cumulative side area) 

    Layer: Via2
      Partial area ratio:    0.60
      Required ratio:   20.00 (Gate area) 
      Cumulative area ratio:    0.80
      Required ratio:    0.00 (Cumulative area) 

    Layer: Metal3
      Partial area ratio:  176.31
      Required ratio:    0.00 (Gate area) 
      Cumulative area ratio:  191.74
      Required ratio:  200.00 (Cumulative area) 
      Partial area ratio:  796.35
      Required ratio:    0.00 (Side area) 
      Cumulative area ratio:  866.69
      Required ratio:    0.00 (Cumulative side area) 

    Layer: Via3
      Partial area ratio:    0.40
      Required ratio:   20.00 (Gate area) 
      Cumulative area ratio:    1.20
      Required ratio:    0.00 (Cumulative area) 

    Layer: Metal4
      Partial area ratio:   24.19
      Required ratio:    0.00 (Gate area) 
      Cumulative area ratio:  215.93
      Required ratio:  200.00 (Cumulative area) (VIOLATED)
      Partial area ratio:  109.52
      Required ratio:    0.00 (Side area) 
      Cumulative area ratio:  976.21
      Required ratio:    0.00 (Cumulative side area) 

    Layer: Via4
      Partial area ratio:    0.07
      Required ratio:   20.00 (Gate area) 
      Cumulative area ratio:    1.27
      Required ratio:    0.00 (Cumulative area) 

    Layer: Metal5
      Partial area ratio:   14.03
      Required ratio:    0.00 (Gate area) 
      Cumulative area ratio:  229.95
      Required ratio: 14172.00 (Cumulative area) 
      Partial area ratio:   63.37
      Required ratio:    0.00 (Side area) 
      Cumulative area ratio: 1039.57
      Required ratio:    0.00 (Cumulative side area) 


  Pin:   fanout73/A (sg13g2_buf_1)
    Layer: Via1
      Partial area ratio:    0.20
      Required ratio:   20.00 (Gate area) 
      Cumulative area ratio:    0.20
      Required ratio:    0.00 (Cumulative area) 

    Layer: Metal2
      Partial area ratio:    2.56
      Required ratio:    0.00 (Gate area) 
      Cumulative area ratio:    2.56
      Required ratio:  200.00 (Cumulative area) 
      Partial area ratio:   12.49
      Required ratio:    0.00 (Side area) 
      Cumulative area ratio:   12.49
      Required ratio:    0.00 (Cumulative side area) 

    Layer: Via2
      Partial area ratio:    0.40
      Required ratio:   20.00 (Gate area) 
      Cumulative area ratio:    0.60
      Required ratio:    0.00 (Cumulative area) 

    Layer: Metal3
      Partial area ratio:    0.66
      Required ratio:    0.00 (Gate area) 
      Cumulative area ratio:    3.22
      Required ratio:  200.00 (Cumulative area) 
      Partial area ratio:    4.93
      Required ratio:    0.00 (Side area) 
      Cumulative area ratio:   17.42
      Required ratio:    0.00 (Cumulative side area) 

    Layer: Via3
      Partial area ratio:    0.20
      Required ratio:   20.00 (Gate area) 
      Cumulative area ratio:    0.80
      Required ratio:    0.00 (Cumulative area) 

    Layer: Metal4
      Partial area ratio:   24.19
      Required ratio:    0.00 (Gate area) 
      Cumulative area ratio:   27.41
      Required ratio:  200.00 (Cumulative area) 
      Partial area ratio:  109.52
      Required ratio:    0.00 (Side area) 
      Cumulative area ratio:  126.94
      Required ratio:    0.00 (Cumulative side area) 

    Layer: Via4
      Partial area ratio:    0.07
      Required ratio:   20.00 (Gate area) 
      Cumulative area ratio:    0.87
      Required ratio:    0.00 (Cumulative area) 

    Layer: Metal5
      Partial area ratio:   14.03
      Required ratio:    0.00 (Gate area) 
      Cumulative area ratio:   41.44
      Required ratio: 14172.00 (Cumulative area) 
      Partial area ratio:   63.37
      Required ratio:    0.00 (Side area) 
      Cumulative area ratio:  190.30
      Required ratio:    0.00 (Cumulative side area) 


  Pin:   fanout74/A (sg13g2_buf_1)
    Layer: Via1
      Partial area ratio:    0.20
      Required ratio:   20.00 (Gate area) 
      Cumulative area ratio:    0.20
      Required ratio:    0.00 (Cumulative area) 

    Layer: Metal2
      Partial area ratio:   36.59
      Required ratio:    0.00 (Gate area) 
      Cumulative area ratio:   36.59
      Required ratio: 14172.00 (Cumulative area) 
      Partial area ratio:  165.59
      Required ratio:    0.00 (Side area) 
      Cumulative area ratio:  165.59
      Required ratio:    0.00 (Cumulative side area) 

    Layer: Via2
      Partial area ratio:    0.60
      Required ratio:  354.30 (Gate area) 
      Cumulative area ratio:    0.80
      Required ratio:    0.00 (Cumulative area) 

    Layer: Metal3
      Partial area ratio:    8.95
      Required ratio:    0.00 (Gate area) 
      Cumulative area ratio:   45.54
      Required ratio: 14172.00 (Cumulative area) 
      Partial area ratio:   43.23
      Required ratio:    0.00 (Side area) 
      Cumulative area ratio:  208.82
      Required ratio:    0.00 (Cumulative side area) 

    Layer: Via3
      Partial area ratio:    0.20
      Required ratio:  354.30 (Gate area) 
      Cumulative area ratio:    1.00
      Required ratio:    0.00 (Cumulative area) 

    Layer: Metal4
      Partial area ratio:    8.40
      Required ratio:    0.00 (Gate area) 
      Cumulative area ratio:   53.94
      Required ratio: 14172.00 (Cumulative area) 
      Partial area ratio:   38.77
      Required ratio:    0.00 (Side area) 
      Cumulative area ratio:  247.60
      Required ratio:    0.00 (Cumulative side area) 

    Layer: Via4
      Partial area ratio:    0.20
      Required ratio:  354.30 (Gate area) 
      Cumulative area ratio:    1.20
      Required ratio:    0.00 (Cumulative area) 

    Layer: Metal5
      Partial area ratio:   14.03
      Required ratio:    0.00 (Gate area) 
      Cumulative area ratio:   67.97
      Required ratio: 14172.00 (Cumulative area) 
      Partial area ratio:   63.37
      Required ratio:    0.00 (Side area) 
      Cumulative area ratio:  310.96
      Required ratio:    0.00 (Cumulative side area) 



Net: net333
  Pin:   m.u_conv3.u_weights._26136_/A (sg13g2_or2_1)
    Layer: Metal1
      Partial area ratio:    0.04
      Required ratio:    0.00 (Gate area) 
      Cumulative area ratio:    0.04
      Required ratio:  200.00 (Cumulative area) 
      Partial area ratio:    1.35
      Required ratio:    0.00 (Side area) 
      Cumulative area ratio:    1.35
      Required ratio:    0.00 (Cumulative side area) 

    Layer: Via1
      Partial area ratio:    0.20
      Required ratio:   20.00 (Gate area) 
      Cumulative area ratio:    0.20
      Required ratio:    0.00 (Cumulative area) 

    Layer: Metal2
      Partial area ratio:    2.52
      Required ratio:    0.00 (Gate area) 
      Cumulative area ratio:    2.55
      Required ratio: 14172.00 (Cumulative area) 
      Partial area ratio:   11.60
      Required ratio:    0.00 (Side area) 
      Cumulative area ratio:   12.95
      Required ratio:    0.00 (Cumulative side area) 

    Layer: Via2
      Partial area ratio:    0.18
      Required ratio:  354.30 (Gate area) 
      Cumulative area ratio:    0.38
      Required ratio:    0.00 (Cumulative area) 

    Layer: Metal3
      Partial area ratio:    1.41
      Required ratio:    0.00 (Gate area) 
      Cumulative area ratio:    3.97
      Required ratio: 14172.00 (Cumulative area) 
      Partial area ratio:    7.08
      Required ratio:    0.00 (Side area) 
      Cumulative area ratio:   20.03
      Required ratio:    0.00 (Cumulative side area) 

    Layer: Via3
      Partial area ratio:    0.03
      Required ratio:  354.30 (Gate area) 
      Cumulative area ratio:    0.41
      Required ratio:    0.00 (Cumulative area) 

    Layer: Metal4
      Partial area ratio:    1.23
      Required ratio:    0.00 (Gate area) 
      Cumulative area ratio:    5.20
      Required ratio: 14172.00 (Cumulative area) 
      Partial area ratio:    5.70
      Required ratio:    0.00 (Side area) 
      Cumulative area ratio:   25.73
      Required ratio:    0.00 (Cumulative side area) 

    Layer: Via4
      Partial area ratio:    0.03
      Required ratio:  354.30 (Gate area) 
      Cumulative area ratio:    0.44
      Required ratio:    0.00 (Cumulative area) 

    Layer: Metal5
      Partial area ratio:   41.83
      Required ratio:    0.00 (Gate area) 
      Cumulative area ratio:   47.03
      Required ratio: 14172.00 (Cumulative area) 
      Partial area ratio:  188.39
      Required ratio:    0.00 (Side area) 
      Cumulative area ratio:  214.12
      Required ratio:    0.00 (Cumulative side area) 


  Pin:   m.u_conv3.u_weights._26137_/A (sg13g2_xnor2_1)
    Layer: Via1
      Partial area ratio:    0.08
      Required ratio:   20.00 (Gate area) 
      Cumulative area ratio:    0.08
      Required ratio:    0.00 (Cumulative area) 

    Layer: Metal2
      Partial area ratio:    2.52
      Required ratio:    0.00 (Gate area) 
      Cumulative area ratio:    2.52
      Required ratio: 14172.00 (Cumulative area) 
      Partial area ratio:   11.60
      Required ratio:    0.00 (Side area) 
      Cumulative area ratio:   11.60
      Required ratio:    0.00 (Cumulative side area) 

    Layer: Via2
      Partial area ratio:    0.18
      Required ratio:  354.30 (Gate area) 
      Cumulative area ratio:    0.26
      Required ratio:    0.00 (Cumulative area) 

    Layer: Metal3
      Partial area ratio:    1.41
      Required ratio:    0.00 (Gate area) 
      Cumulative area ratio:    3.93
      Required ratio: 14172.00 (Cumulative area) 
      Partial area ratio:    7.08
      Required ratio:    0.00 (Side area) 
      Cumulative area ratio:   18.68
      Required ratio:    0.00 (Cumulative side area) 

    Layer: Via3
      Partial area ratio:    0.03
      Required ratio:  354.30 (Gate area) 
      Cumulative area ratio:    0.29
      Required ratio:    0.00 (Cumulative area) 

    Layer: Metal4
      Partial area ratio:    1.23
      Required ratio:    0.00 (Gate area) 
      Cumulative area ratio:    5.17
      Required ratio: 14172.00 (Cumulative area) 
      Partial area ratio:    5.70
      Required ratio:    0.00 (Side area) 
      Cumulative area ratio:   24.38
      Required ratio:    0.00 (Cumulative side area) 

    Layer: Via4
      Partial area ratio:    0.03
      Required ratio:  354.30 (Gate area) 
      Cumulative area ratio:    0.32
      Required ratio:    0.00 (Cumulative area) 

    Layer: Metal5
      Partial area ratio:   41.83
      Required ratio:    0.00 (Gate area) 
      Cumulative area ratio:   46.99
      Required ratio: 14172.00 (Cumulative area) 
      Partial area ratio:  188.39
      Required ratio:    0.00 (Side area) 
      Cumulative area ratio:  212.77
      Required ratio:    0.00 (Cumulative side area) 


  Pin:   m.u_conv3.u_weights._28817_/A (sg13g2_or2_1)
    Layer: Metal1
      Partial area ratio:    0.04
      Required ratio:    0.00 (Gate area) 
      Cumulative area ratio:    0.04
      Required ratio:  200.00 (Cumulative area) 
      Partial area ratio:    1.35
      Required ratio:    0.00 (Side area) 
      Cumulative area ratio:    1.35
      Required ratio:    0.00 (Cumulative side area) 

    Layer: Via1
      Partial area ratio:    0.20
      Required ratio:   20.00 (Gate area) 
      Cumulative area ratio:    0.20
      Required ratio:    0.00 (Cumulative area) 

    Layer: Metal2
      Partial area ratio:    9.05
      Required ratio:    0.00 (Gate area) 
      Cumulative area ratio:    9.09
      Required ratio:  200.00 (Cumulative area) 
      Partial area ratio:   41.00
      Required ratio:    0.00 (Side area) 
      Cumulative area ratio:   42.35
      Required ratio:    0.00 (Cumulative side area) 

    Layer: Via2
      Partial area ratio:    0.18
      Required ratio:   20.00 (Gate area) 
      Cumulative area ratio:    0.38
      Required ratio:    0.00 (Cumulative area) 

    Layer: Metal3
      Partial area ratio:    1.41
      Required ratio:    0.00 (Gate area) 
      Cumulative area ratio:   10.50
      Required ratio: 14172.00 (Cumulative area) 
      Partial area ratio:    7.08
      Required ratio:    0.00 (Side area) 
      Cumulative area ratio:   49.43
      Required ratio:    0.00 (Cumulative side area) 

    Layer: Via3
      Partial area ratio:    0.03
      Required ratio:  354.30 (Gate area) 
      Cumulative area ratio:    0.41
      Required ratio:    0.00 (Cumulative area) 

    Layer: Metal4
      Partial area ratio:    1.23
      Required ratio:    0.00 (Gate area) 
      Cumulative area ratio:   11.73
      Required ratio: 14172.00 (Cumulative area) 
      Partial area ratio:    5.70
      Required ratio:    0.00 (Side area) 
      Cumulative area ratio:   55.13
      Required ratio:    0.00 (Cumulative side area) 

    Layer: Via4
      Partial area ratio:    0.03
      Required ratio:  354.30 (Gate area) 
      Cumulative area ratio:    0.43
      Required ratio:    0.00 (Cumulative area) 

    Layer: Metal5
      Partial area ratio:   41.83
      Required ratio:    0.00 (Gate area) 
      Cumulative area ratio:   53.56
      Required ratio: 14172.00 (Cumulative area) 
      Partial area ratio:  188.39
      Required ratio:    0.00 (Side area) 
      Cumulative area ratio:  243.51
      Required ratio:    0.00 (Cumulative side area) 


  Pin:   m.u_conv3.u_weights._28818_/A (sg13g2_xnor2_1)
    Layer: Via1
      Partial area ratio:    0.08
      Required ratio:   20.00 (Gate area) 
      Cumulative area ratio:    0.08
      Required ratio:    0.00 (Cumulative area) 

    Layer: Metal2
      Partial area ratio:    9.05
      Required ratio:    0.00 (Gate area) 
      Cumulative area ratio:    9.05
      Required ratio:  200.00 (Cumulative area) 
      Partial area ratio:   41.00
      Required ratio:    0.00 (Side area) 
      Cumulative area ratio:   41.00
      Required ratio:    0.00 (Cumulative side area) 

    Layer: Via2
      Partial area ratio:    0.18
      Required ratio:   20.00 (Gate area) 
      Cumulative area ratio:    0.26
      Required ratio:    0.00 (Cumulative area) 

    Layer: Metal3
      Partial area ratio:    1.41
      Required ratio:    0.00 (Gate area) 
      Cumulative area ratio:   10.46
      Required ratio: 14172.00 (Cumulative area) 
      Partial area ratio:    7.08
      Required ratio:    0.00 (Side area) 
      Cumulative area ratio:   48.08
      Required ratio:    0.00 (Cumulative side area) 

    Layer: Via3
      Partial area ratio:    0.03
      Required ratio:  354.30 (Gate area) 
      Cumulative area ratio:    0.29
      Required ratio:    0.00 (Cumulative area) 

    Layer: Metal4
      Partial area ratio:    1.23
      Required ratio:    0.00 (Gate area) 
      Cumulative area ratio:   11.70
      Required ratio: 14172.00 (Cumulative area) 
      Partial area ratio:    5.70
      Required ratio:    0.00 (Side area) 
      Cumulative area ratio:   53.78
      Required ratio:    0.00 (Cumulative side area) 

    Layer: Via4
      Partial area ratio:    0.03
      Required ratio:  354.30 (Gate area) 
      Cumulative area ratio:    0.32
      Required ratio:    0.00 (Cumulative area) 

    Layer: Metal5
      Partial area ratio:   41.83
      Required ratio:    0.00 (Gate area) 
      Cumulative area ratio:   53.52
      Required ratio: 14172.00 (Cumulative area) 
      Partial area ratio:  188.39
      Required ratio:    0.00 (Side area) 
      Cumulative area ratio:  242.16
      Required ratio:    0.00 (Cumulative side area) 


  Pin:   m.u_conv3.u_weights._29064_/A (sg13g2_or2_1)
    Layer: Metal1
      Partial area ratio:    0.04
      Required ratio:    0.00 (Gate area) 
      Cumulative area ratio:    0.04
      Required ratio:  200.00 (Cumulative area) 
      Partial area ratio:    1.35
      Required ratio:    0.00 (Side area) 
      Cumulative area ratio:    1.35
      Required ratio:    0.00 (Cumulative side area) 

    Layer: Via1
      Partial area ratio:    0.20
      Required ratio:   20.00 (Gate area) 
      Cumulative area ratio:    0.20
      Required ratio:    0.00 (Cumulative area) 

    Layer: Metal2
      Partial area ratio:    2.02
      Required ratio:    0.00 (Gate area) 
      Cumulative area ratio:    2.06
      Required ratio:  200.00 (Cumulative area) 
      Partial area ratio:    9.36
      Required ratio:    0.00 (Side area) 
      Cumulative area ratio:   10.71
      Required ratio:    0.00 (Cumulative side area) 

    Layer: Via2
      Partial area ratio:    0.12
      Required ratio:   20.00 (Gate area) 
      Cumulative area ratio:    0.32
      Required ratio:    0.00 (Cumulative area) 

    Layer: Metal3
      Partial area ratio:    0.20
      Required ratio:    0.00 (Gate area) 
      Cumulative area ratio:    2.26
      Required ratio:  200.00 (Cumulative area) 
      Partial area ratio:    1.47
      Required ratio:    0.00 (Side area) 
      Cumulative area ratio:   12.19
      Required ratio:    0.00 (Cumulative side area) 

    Layer: Via3
      Partial area ratio:    0.06
      Required ratio:   20.00 (Gate area) 
      Cumulative area ratio:    0.38
      Required ratio:    0.00 (Cumulative area) 

    Layer: Metal4
      Partial area ratio:   18.86
      Required ratio:    0.00 (Gate area) 
      Cumulative area ratio:   21.12
      Required ratio:  200.00 (Cumulative area) 
      Partial area ratio:   85.16
      Required ratio:    0.00 (Side area) 
      Cumulative area ratio:   97.35
      Required ratio:    0.00 (Cumulative side area) 

    Layer: Via4
      Partial area ratio:    0.06
      Required ratio:   20.00 (Gate area) 
      Cumulative area ratio:    0.44
      Required ratio:    0.00 (Cumulative area) 

    Layer: Metal5
      Partial area ratio:   41.83
      Required ratio:    0.00 (Gate area) 
      Cumulative area ratio:   62.95
      Required ratio: 14172.00 (Cumulative area) 
      Partial area ratio:  188.39
      Required ratio:    0.00 (Side area) 
      Cumulative area ratio:  285.74
      Required ratio:    0.00 (Cumulative side area) 


  Pin:   m.u_conv3.u_weights._29065_/A (sg13g2_xnor2_1)
    Layer: Via1
      Partial area ratio:    0.08
      Required ratio:   20.00 (Gate area) 
      Cumulative area ratio:    0.08
      Required ratio:    0.00 (Cumulative area) 

    Layer: Metal2
      Partial area ratio:    2.02
      Required ratio:    0.00 (Gate area) 
      Cumulative area ratio:    2.02
      Required ratio:  200.00 (Cumulative area) 
      Partial area ratio:    9.36
      Required ratio:    0.00 (Side area) 
      Cumulative area ratio:    9.36
      Required ratio:    0.00 (Cumulative side area) 

    Layer: Via2
      Partial area ratio:    0.12
      Required ratio:   20.00 (Gate area) 
      Cumulative area ratio:    0.21
      Required ratio:    0.00 (Cumulative area) 

    Layer: Metal3
      Partial area ratio:    0.20
      Required ratio:    0.00 (Gate area) 
      Cumulative area ratio:    2.22
      Required ratio:  200.00 (Cumulative area) 
      Partial area ratio:    1.47
      Required ratio:    0.00 (Side area) 
      Cumulative area ratio:   10.84
      Required ratio:    0.00 (Cumulative side area) 

    Layer: Via3
      Partial area ratio:    0.06
      Required ratio:   20.00 (Gate area) 
      Cumulative area ratio:    0.26
      Required ratio:    0.00 (Cumulative area) 

    Layer: Metal4
      Partial area ratio:   18.86
      Required ratio:    0.00 (Gate area) 
      Cumulative area ratio:   21.08
      Required ratio:  200.00 (Cumulative area) 
      Partial area ratio:   85.16
      Required ratio:    0.00 (Side area) 
      Cumulative area ratio:   96.00
      Required ratio:    0.00 (Cumulative side area) 

    Layer: Via4
      Partial area ratio:    0.06
      Required ratio:   20.00 (Gate area) 
      Cumulative area ratio:    0.32
      Required ratio:    0.00 (Cumulative area) 

    Layer: Metal5
      Partial area ratio:   41.83
      Required ratio:    0.00 (Gate area) 
      Cumulative area ratio:   62.91
      Required ratio: 14172.00 (Cumulative area) 
      Partial area ratio:  188.39
      Required ratio:    0.00 (Side area) 
      Cumulative area ratio:  284.39
      Required ratio:    0.00 (Cumulative side area) 


  Pin:   m.u_conv3.u_weights._31417_/A (sg13g2_or2_1)
    Layer: Metal1
      Partial area ratio:    0.04
      Required ratio:    0.00 (Gate area) 
      Cumulative area ratio:    0.04
      Required ratio:  200.00 (Cumulative area) 
      Partial area ratio:    1.35
      Required ratio:    0.00 (Side area) 
      Cumulative area ratio:    1.35
      Required ratio:    0.00 (Cumulative side area) 

    Layer: Via1
      Partial area ratio:    0.20
      Required ratio:   20.00 (Gate area) 
      Cumulative area ratio:    0.20
      Required ratio:    0.00 (Cumulative area) 

    Layer: Metal2
      Partial area ratio:    6.63
      Required ratio:    0.00 (Gate area) 
      Cumulative area ratio:    6.67
      Required ratio:  200.00 (Cumulative area) 
      Partial area ratio:   30.81
      Required ratio:    0.00 (Side area) 
      Cumulative area ratio:   32.16
      Required ratio:    0.00 (Cumulative side area) 

    Layer: Via2
      Partial area ratio:    0.40
      Required ratio:   20.00 (Gate area) 
      Cumulative area ratio:    0.60
      Required ratio:    0.00 (Cumulative area) 

    Layer: Metal3
      Partial area ratio:    0.66
      Required ratio:    0.00 (Gate area) 
      Cumulative area ratio:    7.33
      Required ratio:  200.00 (Cumulative area) 
      Partial area ratio:    4.93
      Required ratio:    0.00 (Side area) 
      Cumulative area ratio:   37.09
      Required ratio:    0.00 (Cumulative side area) 

    Layer: Via3
      Partial area ratio:    0.20
      Required ratio:   20.00 (Gate area) 
      Cumulative area ratio:    0.80
      Required ratio:    0.00 (Cumulative area) 

    Layer: Metal4
      Partial area ratio:    0.34
      Required ratio:    0.00 (Gate area) 
      Cumulative area ratio:    7.66
      Required ratio:  200.00 (Cumulative area) 
      Partial area ratio:    2.49
      Required ratio:    0.00 (Side area) 
      Cumulative area ratio:   39.58
      Required ratio:    0.00 (Cumulative side area) 

    Layer: Via4
      Partial area ratio:    0.20
      Required ratio:   20.00 (Gate area) 
      Cumulative area ratio:    1.00
      Required ratio:    0.00 (Cumulative area) 

    Layer: Metal5
      Partial area ratio:   41.83
      Required ratio:    0.00 (Gate area) 
      Cumulative area ratio:   49.49
      Required ratio: 14172.00 (Cumulative area) 
      Partial area ratio:  188.39
      Required ratio:    0.00 (Side area) 
      Cumulative area ratio:  227.96
      Required ratio:    0.00 (Cumulative side area) 


  Pin:   fanout332/A (sg13g2_buf_1)
    Layer: Via1
      Partial area ratio:    0.20
      Required ratio:   20.00 (Gate area) 
      Cumulative area ratio:    0.20
      Required ratio:    0.00 (Cumulative area) 

    Layer: Metal2
      Partial area ratio:    6.43
      Required ratio:    0.00 (Gate area) 
      Cumulative area ratio:    6.43
      Required ratio:  200.00 (Cumulative area) 
      Partial area ratio:   29.87
      Required ratio:    0.00 (Side area) 
      Cumulative area ratio:   29.87
      Required ratio:    0.00 (Cumulative side area) 

    Layer: Via2
      Partial area ratio:    0.40
      Required ratio:   20.00 (Gate area) 
      Cumulative area ratio:    0.60
      Required ratio:    0.00 (Cumulative area) 

    Layer: Metal3
      Partial area ratio:  144.10
      Required ratio:    0.00 (Gate area) 
      Cumulative area ratio:  150.53
      Required ratio:  200.00 (Cumulative area) 
      Partial area ratio:  650.42
      Required ratio:    0.00 (Side area) 
      Cumulative area ratio:  680.29
      Required ratio:    0.00 (Cumulative side area) 

    Layer: Via3
      Partial area ratio:    0.20
      Required ratio:   20.00 (Gate area) 
      Cumulative area ratio:    0.80
      Required ratio:    0.00 (Cumulative area) 

    Layer: Metal4
      Partial area ratio:   80.12
      Required ratio:    0.00 (Gate area) 
      Cumulative area ratio:  230.65
      Required ratio:  200.00 (Cumulative area) (VIOLATED)
      Partial area ratio:  361.52
      Required ratio:    0.00 (Side area) 
      Cumulative area ratio: 1041.81
      Required ratio:    0.00 (Cumulative side area) 

    Layer: Via4
      Partial area ratio:    0.20
      Required ratio:   20.00 (Gate area) 
      Cumulative area ratio:    1.00
      Required ratio:    0.00 (Cumulative area) 

    Layer: Metal5
      Partial area ratio:   41.83
      Required ratio:    0.00 (Gate area) 
      Cumulative area ratio:  272.48
      Required ratio: 14172.00 (Cumulative area) 
      Partial area ratio:  188.39
      Required ratio:    0.00 (Side area) 
      Cumulative area ratio: 1230.20
      Required ratio:    0.00 (Cumulative side area) 



Net: net345
  Pin:   m.u_conv3.u_weights._27022_/A (sg13g2_xnor2_1)
    Layer: Via1
      Partial area ratio:    0.08
      Required ratio:   20.00 (Gate area) 
      Cumulative area ratio:    0.08
      Required ratio:    0.00 (Cumulative area) 

    Layer: Metal2
      Partial area ratio:    2.05
      Required ratio:    0.00 (Gate area) 
      Cumulative area ratio:    2.05
      Required ratio:  200.00 (Cumulative area) 
      Partial area ratio:    9.62
      Required ratio:    0.00 (Side area) 
      Cumulative area ratio:    9.62
      Required ratio:    0.00 (Cumulative side area) 

    Layer: Via2
      Partial area ratio:    0.17
      Required ratio:   20.00 (Gate area) 
      Cumulative area ratio:    0.25
      Required ratio:    0.00 (Cumulative area) 

    Layer: Metal3
      Partial area ratio:    0.27
      Required ratio:    0.00 (Gate area) 
      Cumulative area ratio:    2.32
      Required ratio:  200.00 (Cumulative area) 
      Partial area ratio:    2.05
      Required ratio:    0.00 (Side area) 
      Cumulative area ratio:   11.67
      Required ratio:    0.00 (Cumulative side area) 

    Layer: Via3
      Partial area ratio:    0.08
      Required ratio:   20.00 (Gate area) 
      Cumulative area ratio:    0.33
      Required ratio:    0.00 (Cumulative area) 

    Layer: Metal4
      Partial area ratio:   26.71
      Required ratio:    0.00 (Gate area) 
      Cumulative area ratio:   29.03
      Required ratio:  200.00 (Cumulative area) 
      Partial area ratio:  120.60
      Required ratio:    0.00 (Side area) 
      Cumulative area ratio:  132.27
      Required ratio:    0.00 (Cumulative side area) 

    Layer: Via4
      Partial area ratio:    0.08
      Required ratio:   20.00 (Gate area) 
      Cumulative area ratio:    0.42
      Required ratio:    0.00 (Cumulative area) 

    Layer: Metal5
      Partial area ratio:   64.96
      Required ratio:    0.00 (Gate area) 
      Cumulative area ratio:   93.99
      Required ratio: 14172.00 (Cumulative area) 
      Partial area ratio:  292.49
      Required ratio:    0.00 (Side area) 
      Cumulative area ratio:  424.77
      Required ratio:    0.00 (Cumulative side area) 


  Pin:   fanout342/A (sg13g2_buf_1)
    Layer: Via1
      Partial area ratio:    0.20
      Required ratio:   20.00 (Gate area) 
      Cumulative area ratio:    0.20
      Required ratio:    0.00 (Cumulative area) 

    Layer: Metal2
      Partial area ratio:    3.98
      Required ratio:    0.00 (Gate area) 
      Cumulative area ratio:    3.98
      Required ratio:  200.00 (Cumulative area) 
      Partial area ratio:   18.61
      Required ratio:    0.00 (Side area) 
      Cumulative area ratio:   18.61
      Required ratio:    0.00 (Cumulative side area) 

    Layer: Via2
      Partial area ratio:    0.32
      Required ratio:   20.00 (Gate area) 
      Cumulative area ratio:    0.52
      Required ratio:    0.00 (Cumulative area) 

    Layer: Metal3
      Partial area ratio:    8.67
      Required ratio:    0.00 (Gate area) 
      Cumulative area ratio:   12.64
      Required ratio: 14172.00 (Cumulative area) 
      Partial area ratio:   39.47
      Required ratio:    0.00 (Side area) 
      Cumulative area ratio:   58.08
      Required ratio:    0.00 (Cumulative side area) 

    Layer: Via3
      Partial area ratio:    0.20
      Required ratio:  354.30 (Gate area) 
      Cumulative area ratio:    0.72
      Required ratio:    0.00 (Cumulative area) 

    Layer: Metal4
      Partial area ratio:  112.42
      Required ratio:    0.00 (Gate area) 
      Cumulative area ratio:  125.06
      Required ratio: 14172.00 (Cumulative area) 
      Partial area ratio:  507.85
      Required ratio:    0.00 (Side area) 
      Cumulative area ratio:  565.93
      Required ratio:    0.00 (Cumulative side area) 

    Layer: Via4
      Partial area ratio:    0.20
      Required ratio:  354.30 (Gate area) 
      Cumulative area ratio:    0.92
      Required ratio:    0.00 (Cumulative area) 

    Layer: Metal5
      Partial area ratio:   64.96
      Required ratio:    0.00 (Gate area) 
      Cumulative area ratio:  190.02
      Required ratio: 14172.00 (Cumulative area) 
      Partial area ratio:  292.49
      Required ratio:    0.00 (Side area) 
      Cumulative area ratio:  858.43
      Required ratio:    0.00 (Cumulative side area) 


  Pin:   fanout343/A (sg13g2_buf_1)
    Layer: Via1
      Partial area ratio:    0.20
      Required ratio:   20.00 (Gate area) 
      Cumulative area ratio:    0.20
      Required ratio:    0.00 (Cumulative area) 

    Layer: Metal2
      Partial area ratio:   11.86
      Required ratio:    0.00 (Gate area) 
      Cumulative area ratio:   11.86
      Required ratio:  200.00 (Cumulative area) 
      Partial area ratio:   54.32
      Required ratio:    0.00 (Side area) 
      Cumulative area ratio:   54.32
      Required ratio:    0.00 (Cumulative side area) 

    Layer: Via2
      Partial area ratio:    0.40
      Required ratio:   20.00 (Gate area) 
      Cumulative area ratio:    0.60
      Required ratio:    0.00 (Cumulative area) 

    Layer: Metal3
      Partial area ratio:   96.29
      Required ratio:    0.00 (Gate area) 
      Cumulative area ratio:  108.15
      Required ratio:  200.00 (Cumulative area) 
      Partial area ratio:  435.26
      Required ratio:    0.00 (Side area) 
      Cumulative area ratio:  489.58
      Required ratio:    0.00 (Cumulative side area) 

    Layer: Via3
      Partial area ratio:    0.20
      Required ratio:   20.00 (Gate area) 
      Cumulative area ratio:    0.80
      Required ratio:    0.00 (Cumulative area) 

    Layer: Metal4
      Partial area ratio:  119.97
      Required ratio:    0.00 (Gate area) 
      Cumulative area ratio:  228.11
      Required ratio:  200.00 (Cumulative area) (VIOLATED)
      Partial area ratio:  540.82
      Required ratio:    0.00 (Side area) 
      Cumulative area ratio: 1030.40
      Required ratio:    0.00 (Cumulative side area) 

    Layer: Via4
      Partial area ratio:    0.20
      Required ratio:   20.00 (Gate area) 
      Cumulative area ratio:    1.00
      Required ratio:    0.00 (Cumulative area) 

    Layer: Metal5
      Partial area ratio:   64.96
      Required ratio:    0.00 (Gate area) 
      Cumulative area ratio:  293.07
      Required ratio: 14172.00 (Cumulative area) 
      Partial area ratio:  292.49
      Required ratio:    0.00 (Side area) 
      Cumulative area ratio: 1322.90
      Required ratio:    0.00 (Cumulative side area) 


  Pin:   fanout344/A (sg13g2_buf_1)
    Layer: Via1
      Partial area ratio:    0.20
      Required ratio:   20.00 (Gate area) 
      Cumulative area ratio:    0.20
      Required ratio:    0.00 (Cumulative area) 

    Layer: Metal2
      Partial area ratio:    5.49
      Required ratio:    0.00 (Gate area) 
      Cumulative area ratio:    5.49
      Required ratio:  200.00 (Cumulative area) 
      Partial area ratio:   25.67
      Required ratio:    0.00 (Side area) 
      Cumulative area ratio:   25.67
      Required ratio:    0.00 (Cumulative side area) 

    Layer: Via2
      Partial area ratio:    0.40
      Required ratio:   20.00 (Gate area) 
      Cumulative area ratio:    0.60
      Required ratio:    0.00 (Cumulative area) 

    Layer: Metal3
      Partial area ratio:    0.66
      Required ratio:    0.00 (Gate area) 
      Cumulative area ratio:    6.15
      Required ratio:  200.00 (Cumulative area) 
      Partial area ratio:    4.93
      Required ratio:    0.00 (Side area) 
      Cumulative area ratio:   30.60
      Required ratio:    0.00 (Cumulative side area) 

    Layer: Via3
      Partial area ratio:    0.20
      Required ratio:   20.00 (Gate area) 
      Cumulative area ratio:    0.80
      Required ratio:    0.00 (Cumulative area) 

    Layer: Metal4
      Partial area ratio:    0.34
      Required ratio:    0.00 (Gate area) 
      Cumulative area ratio:    6.49
      Required ratio:  200.00 (Cumulative area) 
      Partial area ratio:    2.49
      Required ratio:    0.00 (Side area) 
      Cumulative area ratio:   33.09
      Required ratio:    0.00 (Cumulative side area) 

    Layer: Via4
      Partial area ratio:    0.20
      Required ratio:   20.00 (Gate area) 
      Cumulative area ratio:    1.00
      Required ratio:    0.00 (Cumulative area) 

    Layer: Metal5
      Partial area ratio:   64.96
      Required ratio:    0.00 (Gate area) 
      Cumulative area ratio:   71.44
      Required ratio: 14172.00 (Cumulative area) 
      Partial area ratio:  292.49
      Required ratio:    0.00 (Side area) 
      Cumulative area ratio:  325.58
      Required ratio:    0.00 (Cumulative side area) 



Net: net483
  Pin:   m.u_conv3.u_weights._23976_/A (sg13g2_nor2_1)
    Layer: Via1
      Partial area ratio:    0.15
      Required ratio:   20.00 (Gate area) 
      Cumulative area ratio:    0.15
      Required ratio:    0.00 (Cumulative area) 

    Layer: Metal2
      Partial area ratio:    3.88
      Required ratio:    0.00 (Gate area) 
      Cumulative area ratio:    3.88
      Required ratio:  200.00 (Cumulative area) 
      Partial area ratio:   18.16
      Required ratio:    0.00 (Side area) 
      Cumulative area ratio:   18.16
      Required ratio:    0.00 (Cumulative side area) 

    Layer: Via2
      Partial area ratio:    0.30
      Required ratio:   20.00 (Gate area) 
      Cumulative area ratio:    0.45
      Required ratio:    0.00 (Cumulative area) 

    Layer: Metal3
      Partial area ratio:   90.23
      Required ratio:    0.00 (Gate area) 
      Cumulative area ratio:   94.10
      Required ratio:  200.00 (Cumulative area) 
      Partial area ratio:  408.07
      Required ratio:    0.00 (Side area) 
      Cumulative area ratio:  426.23
      Required ratio:    0.00 (Cumulative side area) 

    Layer: Via3
      Partial area ratio:    0.17
      Required ratio:   20.00 (Gate area) 
      Cumulative area ratio:    0.61
      Required ratio:    0.00 (Cumulative area) 

    Layer: Metal4
      Partial area ratio:   16.75
      Required ratio:    0.00 (Gate area) 
      Cumulative area ratio:  110.85
      Required ratio:  200.00 (Cumulative area) 
      Partial area ratio:   75.77
      Required ratio:    0.00 (Side area) 
      Cumulative area ratio:  502.00
      Required ratio:    0.00 (Cumulative side area) 

    Layer: Via4
      Partial area ratio:    0.06
      Required ratio:   20.00 (Gate area) 
      Cumulative area ratio:    0.67
      Required ratio:    0.00 (Cumulative area) 

    Layer: Metal5
      Partial area ratio:   12.59
      Required ratio:    0.00 (Gate area) 
      Cumulative area ratio:  123.44
      Required ratio: 14172.00 (Cumulative area) 
      Partial area ratio:   56.86
      Required ratio:    0.00 (Side area) 
      Cumulative area ratio:  558.86
      Required ratio:    0.00 (Cumulative side area) 


  Pin:   m.u_conv3.u_weights._25222_/B (sg13g2_nor2_1)
    Layer: Via1
      Partial area ratio:    0.15
      Required ratio:   20.00 (Gate area) 
      Cumulative area ratio:    0.15
      Required ratio:    0.00 (Cumulative area) 

    Layer: Metal2
      Partial area ratio:    3.03
      Required ratio:    0.00 (Gate area) 
      Cumulative area ratio:    3.03
      Required ratio:  200.00 (Cumulative area) 
      Partial area ratio:   14.36
      Required ratio:    0.00 (Side area) 
      Cumulative area ratio:   14.36
      Required ratio:    0.00 (Cumulative side area) 

    Layer: Via2
      Partial area ratio:    0.30
      Required ratio:   20.00 (Gate area) 
      Cumulative area ratio:    0.45
      Required ratio:    0.00 (Cumulative area) 

    Layer: Metal3
      Partial area ratio:    0.49
      Required ratio:    0.00 (Gate area) 
      Cumulative area ratio:    3.52
      Required ratio:  200.00 (Cumulative area) 
      Partial area ratio:    3.68
      Required ratio:    0.00 (Side area) 
      Cumulative area ratio:   18.04
      Required ratio:    0.00 (Cumulative side area) 

    Layer: Via3
      Partial area ratio:    0.15
      Required ratio:   20.00 (Gate area) 
      Cumulative area ratio:    0.60
      Required ratio:    0.00 (Cumulative area) 

    Layer: Metal4
      Partial area ratio:    0.25
      Required ratio:    0.00 (Gate area) 
      Cumulative area ratio:    3.78
      Required ratio:  200.00 (Cumulative area) 
      Partial area ratio:    1.86
      Required ratio:    0.00 (Side area) 
      Cumulative area ratio:   19.90
      Required ratio:    0.00 (Cumulative side area) 

    Layer: Via4
      Partial area ratio:    0.15
      Required ratio:   20.00 (Gate area) 
      Cumulative area ratio:    0.75
      Required ratio:    0.00 (Cumulative area) 

    Layer: Metal5
      Partial area ratio:   12.59
      Required ratio:    0.00 (Gate area) 
      Cumulative area ratio:   16.36
      Required ratio: 14172.00 (Cumulative area) 
      Partial area ratio:   56.86
      Required ratio:    0.00 (Side area) 
      Cumulative area ratio:   76.76
      Required ratio:    0.00 (Cumulative side area) 


  Pin:   m.u_conv3.u_weights._27106_/A (sg13g2_and2_1)
    Layer: Via1
      Partial area ratio:    0.19
      Required ratio:   20.00 (Gate area) 
      Cumulative area ratio:    0.19
      Required ratio:    0.00 (Cumulative area) 

    Layer: Metal2
      Partial area ratio:  108.27
      Required ratio:    0.00 (Gate area) 
      Cumulative area ratio:  108.27
      Required ratio:  200.00 (Cumulative area) 
      Partial area ratio:  488.10
      Required ratio:    0.00 (Side area) 
      Cumulative area ratio:  488.10
      Required ratio:    0.00 (Cumulative side area) 

    Layer: Via2
      Partial area ratio:    0.56
      Required ratio:   20.00 (Gate area) 
      Cumulative area ratio:    0.75
      Required ratio:    0.00 (Cumulative area) 

    Layer: Metal3
      Partial area ratio:   90.23
      Required ratio:    0.00 (Gate area) 
      Cumulative area ratio:  198.50
      Required ratio:  200.00 (Cumulative area) 
      Partial area ratio:  408.07
      Required ratio:    0.00 (Side area) 
      Cumulative area ratio:  896.16
      Required ratio:    0.00 (Cumulative side area) 

    Layer: Via3
      Partial area ratio:    0.17
      Required ratio:   20.00 (Gate area) 
      Cumulative area ratio:    0.92
      Required ratio:    0.00 (Cumulative area) 

    Layer: Metal4
      Partial area ratio:   16.75
      Required ratio:    0.00 (Gate area) 
      Cumulative area ratio:  215.24
      Required ratio:  200.00 (Cumulative area) (VIOLATED)
      Partial area ratio:   75.77
      Required ratio:    0.00 (Side area) 
      Cumulative area ratio:  971.93
      Required ratio:    0.00 (Cumulative side area) 

    Layer: Via4
      Partial area ratio:    0.06
      Required ratio:   20.00 (Gate area) 
      Cumulative area ratio:    0.97
      Required ratio:    0.00 (Cumulative area) 

    Layer: Metal5
      Partial area ratio:   12.59
      Required ratio:    0.00 (Gate area) 
      Cumulative area ratio:  227.83
      Required ratio: 14172.00 (Cumulative area) 
      Partial area ratio:   56.86
      Required ratio:    0.00 (Side area) 
      Cumulative area ratio: 1028.79
      Required ratio:    0.00 (Cumulative side area) 


  Pin:   m.u_conv3.u_weights._28559_/A (sg13g2_xnor2_1)
    Layer: Via1
      Partial area ratio:    0.08
      Required ratio:   20.00 (Gate area) 
      Cumulative area ratio:    0.08
      Required ratio:    0.00 (Cumulative area) 

    Layer: Metal2
      Partial area ratio:    7.64
      Required ratio:    0.00 (Gate area) 
      Cumulative area ratio:    7.64
      Required ratio:  200.00 (Cumulative area) 
      Partial area ratio:   34.75
      Required ratio:    0.00 (Side area) 
      Cumulative area ratio:   34.75
      Required ratio:    0.00 (Cumulative side area) 

    Layer: Via2
      Partial area ratio:    0.25
      Required ratio:   20.00 (Gate area) 
      Cumulative area ratio:    0.33
      Required ratio:    0.00 (Cumulative area) 

    Layer: Metal3
      Partial area ratio:   18.58
      Required ratio:    0.00 (Gate area) 
      Cumulative area ratio:   26.22
      Required ratio:  200.00 (Cumulative area) 
      Partial area ratio:   84.64
      Required ratio:    0.00 (Side area) 
      Cumulative area ratio:  119.39
      Required ratio:    0.00 (Cumulative side area) 

    Layer: Via3
      Partial area ratio:    0.08
      Required ratio:   20.00 (Gate area) 
      Cumulative area ratio:    0.42
      Required ratio:    0.00 (Cumulative area) 

    Layer: Metal4
      Partial area ratio:   16.75
      Required ratio:    0.00 (Gate area) 
      Cumulative area ratio:   42.96
      Required ratio:  200.00 (Cumulative area) 
      Partial area ratio:   75.77
      Required ratio:    0.00 (Side area) 
      Cumulative area ratio:  195.16
      Required ratio:    0.00 (Cumulative side area) 

    Layer: Via4
      Partial area ratio:    0.06
      Required ratio:   20.00 (Gate area) 
      Cumulative area ratio:    0.47
      Required ratio:    0.00 (Cumulative area) 

    Layer: Metal5
      Partial area ratio:   12.59
      Required ratio:    0.00 (Gate area) 
      Cumulative area ratio:   55.55
      Required ratio: 14172.00 (Cumulative area) 
      Partial area ratio:   56.86
      Required ratio:    0.00 (Side area) 
      Cumulative area ratio:  252.01
      Required ratio:    0.00 (Cumulative side area) 


  Pin:   m.u_conv3.u_weights._31006_/A (sg13g2_and2_1)
    Layer: Via1
      Partial area ratio:    0.19
      Required ratio:   20.00 (Gate area) 
      Cumulative area ratio:    0.19
      Required ratio:    0.00 (Cumulative area) 

    Layer: Metal2
      Partial area ratio:  109.00
      Required ratio:    0.00 (Gate area) 
      Cumulative area ratio:  109.00
      Required ratio:  200.00 (Cumulative area) 
      Partial area ratio:  491.39
      Required ratio:    0.00 (Side area) 
      Cumulative area ratio:  491.39
      Required ratio:    0.00 (Cumulative side area) 

    Layer: Via2
      Partial area ratio:    0.38
      Required ratio:   20.00 (Gate area) 
      Cumulative area ratio:    0.56
      Required ratio:    0.00 (Cumulative area) 

    Layer: Metal3
      Partial area ratio:   18.58
      Required ratio:    0.00 (Gate area) 
      Cumulative area ratio:  127.58
      Required ratio:  200.00 (Cumulative area) 
      Partial area ratio:   84.64
      Required ratio:    0.00 (Side area) 
      Cumulative area ratio:  576.04
      Required ratio:    0.00 (Cumulative side area) 

    Layer: Via3
      Partial area ratio:    0.08
      Required ratio:   20.00 (Gate area) 
      Cumulative area ratio:    0.65
      Required ratio:    0.00 (Cumulative area) 

    Layer: Metal4
      Partial area ratio:   16.75
      Required ratio:    0.00 (Gate area) 
      Cumulative area ratio:  144.33
      Required ratio:  200.00 (Cumulative area) 
      Partial area ratio:   75.77
      Required ratio:    0.00 (Side area) 
      Cumulative area ratio:  651.81
      Required ratio:    0.00 (Cumulative side area) 

    Layer: Via4
      Partial area ratio:    0.06
      Required ratio:   20.00 (Gate area) 
      Cumulative area ratio:    0.70
      Required ratio:    0.00 (Cumulative area) 

    Layer: Metal5
      Partial area ratio:   12.59
      Required ratio:    0.00 (Gate area) 
      Cumulative area ratio:  156.92
      Required ratio: 14172.00 (Cumulative area) 
      Partial area ratio:   56.86
      Required ratio:    0.00 (Side area) 
      Cumulative area ratio:  708.66
      Required ratio:    0.00 (Cumulative side area) 


  Pin:   m.u_conv3.u_weights._31181_/B (sg13g2_nor2_1)
    Layer: Via1
      Partial area ratio:    0.15
      Required ratio:   20.00 (Gate area) 
      Cumulative area ratio:    0.15
      Required ratio:    0.00 (Cumulative area) 

    Layer: Metal2
      Partial area ratio:   58.43
      Required ratio:    0.00 (Gate area) 
      Cumulative area ratio:   58.43
      Required ratio:  200.00 (Cumulative area) 
      Partial area ratio:  263.63
      Required ratio:    0.00 (Side area) 
      Cumulative area ratio:  263.63
      Required ratio:    0.00 (Cumulative side area) 

    Layer: Via2
      Partial area ratio:    0.30
      Required ratio:   20.00 (Gate area) 
      Cumulative area ratio:    0.45
      Required ratio:    0.00 (Cumulative area) 

    Layer: Metal3
      Partial area ratio:   18.58
      Required ratio:    0.00 (Gate area) 
      Cumulative area ratio:   77.01
      Required ratio:  200.00 (Cumulative area) 
      Partial area ratio:   84.64
      Required ratio:    0.00 (Side area) 
      Cumulative area ratio:  348.27
      Required ratio:    0.00 (Cumulative side area) 

    Layer: Via3
      Partial area ratio:    0.08
      Required ratio:   20.00 (Gate area) 
      Cumulative area ratio:    0.53
      Required ratio:    0.00 (Cumulative area) 

    Layer: Metal4
      Partial area ratio:   16.75
      Required ratio:    0.00 (Gate area) 
      Cumulative area ratio:   93.75
      Required ratio:  200.00 (Cumulative area) 
      Partial area ratio:   75.77
      Required ratio:    0.00 (Side area) 
      Cumulative area ratio:  424.04
      Required ratio:    0.00 (Cumulative side area) 

    Layer: Via4
      Partial area ratio:    0.06
      Required ratio:   20.00 (Gate area) 
      Cumulative area ratio:    0.59
      Required ratio:    0.00 (Cumulative area) 

    Layer: Metal5
      Partial area ratio:   12.59
      Required ratio:    0.00 (Gate area) 
      Cumulative area ratio:  106.34
      Required ratio: 14172.00 (Cumulative area) 
      Partial area ratio:   56.86
      Required ratio:    0.00 (Side area) 
      Cumulative area ratio:  480.90
      Required ratio:    0.00 (Cumulative side area) 


  Pin:   fanout482/A (sg13g2_buf_1)
    Layer: Via1
      Partial area ratio:    0.20
      Required ratio:   20.00 (Gate area) 
      Cumulative area ratio:    0.20
      Required ratio:    0.00 (Cumulative area) 

    Layer: Metal2
      Partial area ratio:   15.18
      Required ratio:    0.00 (Gate area) 
      Cumulative area ratio:   15.18
      Required ratio:  200.00 (Cumulative area) 
      Partial area ratio:   69.25
      Required ratio:    0.00 (Side area) 
      Cumulative area ratio:   69.25
      Required ratio:    0.00 (Cumulative side area) 

    Layer: Via2
      Partial area ratio:    0.40
      Required ratio:   20.00 (Gate area) 
      Cumulative area ratio:    0.60
      Required ratio:    0.00 (Cumulative area) 

    Layer: Metal3
      Partial area ratio:    8.95
      Required ratio:    0.00 (Gate area) 
      Cumulative area ratio:   24.12
      Required ratio: 14172.00 (Cumulative area) 
      Partial area ratio:   43.23
      Required ratio:    0.00 (Side area) 
      Cumulative area ratio:  112.48
      Required ratio:    0.00 (Cumulative side area) 

    Layer: Via3
      Partial area ratio:    0.20
      Required ratio:  354.30 (Gate area) 
      Cumulative area ratio:    0.80
      Required ratio:    0.00 (Cumulative area) 

    Layer: Metal4
      Partial area ratio:    0.34
      Required ratio:    0.00 (Gate area) 
      Cumulative area ratio:   24.46
      Required ratio: 14172.00 (Cumulative area) 
      Partial area ratio:    2.49
      Required ratio:    0.00 (Side area) 
      Cumulative area ratio:  114.97
      Required ratio:    0.00 (Cumulative side area) 

    Layer: Via4
      Partial area ratio:    0.20
      Required ratio:  354.30 (Gate area) 
      Cumulative area ratio:    1.00
      Required ratio:    0.00 (Cumulative area) 

    Layer: Metal5
      Partial area ratio:   12.59
      Required ratio:    0.00 (Gate area) 
      Cumulative area ratio:   37.05
      Required ratio: 14172.00 (Cumulative area) 
      Partial area ratio:   56.86
      Required ratio:    0.00 (Side area) 
      Cumulative area ratio:  171.82
      Required ratio:    0.00 (Cumulative side area) 



Net: net498
  Pin:   m.u_conv3.u_weights._16333_/A (sg13g2_nor2_1)
    Layer: Via1
      Partial area ratio:    0.15
      Required ratio:   20.00 (Gate area) 
      Cumulative area ratio:    0.15
      Required ratio:    0.00 (Cumulative area) 

    Layer: Metal2
      Partial area ratio:    4.78
      Required ratio:    0.00 (Gate area) 
      Cumulative area ratio:    4.78
      Required ratio:  200.00 (Cumulative area) 
      Partial area ratio:   21.88
      Required ratio:    0.00 (Side area) 
      Cumulative area ratio:   21.88
      Required ratio:    0.00 (Cumulative side area) 

    Layer: Via2
      Partial area ratio:    0.22
      Required ratio:   20.00 (Gate area) 
      Cumulative area ratio:    0.37
      Required ratio:    0.00 (Cumulative area) 

    Layer: Metal3
      Partial area ratio:   12.28
      Required ratio:    0.00 (Gate area) 
      Cumulative area ratio:   17.06
      Required ratio:  200.00 (Cumulative area) 
      Partial area ratio:   56.35
      Required ratio:    0.00 (Side area) 
      Cumulative area ratio:   78.23
      Required ratio:    0.00 (Cumulative side area) 

    Layer: Via3
      Partial area ratio:    0.07
      Required ratio:   20.00 (Gate area) 
      Cumulative area ratio:    0.45
      Required ratio:    0.00 (Cumulative area) 

    Layer: Metal4
      Partial area ratio:   23.95
      Required ratio:    0.00 (Gate area) 
      Cumulative area ratio:   41.01
      Required ratio: 14172.00 (Cumulative area) 
      Partial area ratio:  108.03
      Required ratio:    0.00 (Side area) 
      Cumulative area ratio:  186.26
      Required ratio:    0.00 (Cumulative side area) 

    Layer: Via4
      Partial area ratio:    0.05
      Required ratio:  354.30 (Gate area) 
      Cumulative area ratio:    0.50
      Required ratio:    0.00 (Cumulative area) 

    Layer: Metal5
      Partial area ratio:    7.34
      Required ratio:    0.00 (Gate area) 
      Cumulative area ratio:   48.35
      Required ratio: 14172.00 (Cumulative area) 
      Partial area ratio:   33.11
      Required ratio:    0.00 (Side area) 
      Cumulative area ratio:  219.37
      Required ratio:    0.00 (Cumulative side area) 


  Pin:   m.u_conv3.u_weights._16334_/A (sg13g2_nand2_1)
    Layer: Via1
      Partial area ratio:    0.15
      Required ratio:   20.00 (Gate area) 
      Cumulative area ratio:    0.15
      Required ratio:    0.00 (Cumulative area) 

    Layer: Metal2
      Partial area ratio:    4.78
      Required ratio:    0.00 (Gate area) 
      Cumulative area ratio:    4.78
      Required ratio:  200.00 (Cumulative area) 
      Partial area ratio:   21.88
      Required ratio:    0.00 (Side area) 
      Cumulative area ratio:   21.88
      Required ratio:    0.00 (Cumulative side area) 

    Layer: Via2
      Partial area ratio:    0.22
      Required ratio:   20.00 (Gate area) 
      Cumulative area ratio:    0.37
      Required ratio:    0.00 (Cumulative area) 

    Layer: Metal3
      Partial area ratio:   12.28
      Required ratio:    0.00 (Gate area) 
      Cumulative area ratio:   17.06
      Required ratio:  200.00 (Cumulative area) 
      Partial area ratio:   56.35
      Required ratio:    0.00 (Side area) 
      Cumulative area ratio:   78.23
      Required ratio:    0.00 (Cumulative side area) 

    Layer: Via3
      Partial area ratio:    0.07
      Required ratio:   20.00 (Gate area) 
      Cumulative area ratio:    0.45
      Required ratio:    0.00 (Cumulative area) 

    Layer: Metal4
      Partial area ratio:   23.95
      Required ratio:    0.00 (Gate area) 
      Cumulative area ratio:   41.01
      Required ratio: 14172.00 (Cumulative area) 
      Partial area ratio:  108.03
      Required ratio:    0.00 (Side area) 
      Cumulative area ratio:  186.26
      Required ratio:    0.00 (Cumulative side area) 

    Layer: Via4
      Partial area ratio:    0.05
      Required ratio:  354.30 (Gate area) 
      Cumulative area ratio:    0.50
      Required ratio:    0.00 (Cumulative area) 

    Layer: Metal5
      Partial area ratio:    7.34
      Required ratio:    0.00 (Gate area) 
      Cumulative area ratio:   48.35
      Required ratio: 14172.00 (Cumulative area) 
      Partial area ratio:   33.11
      Required ratio:    0.00 (Side area) 
      Cumulative area ratio:  219.37
      Required ratio:    0.00 (Cumulative side area) 


  Pin:   m.u_conv3.u_weights._17850_/B (sg13g2_nand2_1)
    Layer: Via1
      Partial area ratio:    0.15
      Required ratio:   20.00 (Gate area) 
      Cumulative area ratio:    0.15
      Required ratio:    0.00 (Cumulative area) 

    Layer: Metal2
      Partial area ratio:    6.15
      Required ratio:    0.00 (Gate area) 
      Cumulative area ratio:    6.15
      Required ratio: 14172.00 (Cumulative area) 
      Partial area ratio:   24.27
      Required ratio:    0.00 (Side area) 
      Cumulative area ratio:   24.27
      Required ratio:    0.00 (Cumulative side area) 

    Layer: Via2
      Partial area ratio:    0.44
      Required ratio:  354.30 (Gate area) 
      Cumulative area ratio:    0.59
      Required ratio:    0.00 (Cumulative area) 

    Layer: Metal3
      Partial area ratio:    0.71
      Required ratio:    0.00 (Gate area) 
      Cumulative area ratio:    6.85
      Required ratio: 14172.00 (Cumulative area) 
      Partial area ratio:    4.35
      Required ratio:    0.00 (Side area) 
      Cumulative area ratio:   28.62
      Required ratio:    0.00 (Cumulative side area) 

    Layer: Via3
      Partial area ratio:    0.15
      Required ratio:  354.30 (Gate area) 
      Cumulative area ratio:    0.74
      Required ratio:    0.00 (Cumulative area) 

    Layer: Metal4
      Partial area ratio:   23.95
      Required ratio:    0.00 (Gate area) 
      Cumulative area ratio:   30.81
      Required ratio: 14172.00 (Cumulative area) 
      Partial area ratio:  108.03
      Required ratio:    0.00 (Side area) 
      Cumulative area ratio:  136.65
      Required ratio:    0.00 (Cumulative side area) 

    Layer: Via4
      Partial area ratio:    0.05
      Required ratio:  354.30 (Gate area) 
      Cumulative area ratio:    0.79
      Required ratio:    0.00 (Cumulative area) 

    Layer: Metal5
      Partial area ratio:    7.34
      Required ratio:    0.00 (Gate area) 
      Cumulative area ratio:   38.14
      Required ratio: 14172.00 (Cumulative area) 
      Partial area ratio:   33.11
      Required ratio:    0.00 (Side area) 
      Cumulative area ratio:  169.76
      Required ratio:    0.00 (Cumulative side area) 


  Pin:   m.u_conv3.u_weights._18771_/A (sg13g2_nand2_1)
    Layer: Via1
      Partial area ratio:    0.15
      Required ratio:   20.00 (Gate area) 
      Cumulative area ratio:    0.15
      Required ratio:    0.00 (Cumulative area) 

    Layer: Metal2
      Partial area ratio:    3.66
      Required ratio:    0.00 (Gate area) 
      Cumulative area ratio:    3.66
      Required ratio:  200.00 (Cumulative area) 
      Partial area ratio:   17.16
      Required ratio:    0.00 (Side area) 
      Cumulative area ratio:   17.16
      Required ratio:    0.00 (Cumulative side area) 

    Layer: Via2
      Partial area ratio:    0.30
      Required ratio:   20.00 (Gate area) 
      Cumulative area ratio:    0.45
      Required ratio:    0.00 (Cumulative area) 

    Layer: Metal3
      Partial area ratio:   62.27
      Required ratio:    0.00 (Gate area) 
      Cumulative area ratio:   65.92
      Required ratio:  200.00 (Cumulative area) 
      Partial area ratio:  281.74
      Required ratio:    0.00 (Side area) 
      Cumulative area ratio:  298.90
      Required ratio:    0.00 (Cumulative side area) 

    Layer: Via3
      Partial area ratio:    0.03
      Required ratio:   20.00 (Gate area) 
      Cumulative area ratio:    0.48
      Required ratio:    0.00 (Cumulative area) 

    Layer: Metal4
      Partial area ratio:    0.06
      Required ratio:    0.00 (Gate area) 
      Cumulative area ratio:   65.98
      Required ratio:  200.00 (Cumulative area) 
      Partial area ratio:    0.43
      Required ratio:    0.00 (Side area) 
      Cumulative area ratio:  299.33
      Required ratio:    0.00 (Cumulative side area) 

    Layer: Via4
      Partial area ratio:    0.03
      Required ratio:   20.00 (Gate area) 
      Cumulative area ratio:    0.52
      Required ratio:    0.00 (Cumulative area) 

    Layer: Metal5
      Partial area ratio:    7.34
      Required ratio:    0.00 (Gate area) 
      Cumulative area ratio:   73.32
      Required ratio: 14172.00 (Cumulative area) 
      Partial area ratio:   33.11
      Required ratio:    0.00 (Side area) 
      Cumulative area ratio:  332.45
      Required ratio:    0.00 (Cumulative side area) 


  Pin:   m.u_conv3.u_weights._19565_/A (sg13g2_and2_1)
    Layer: Via1
      Partial area ratio:    0.19
      Required ratio:   20.00 (Gate area) 
      Cumulative area ratio:    0.19
      Required ratio:    0.00 (Cumulative area) 

    Layer: Metal2
      Partial area ratio:    6.34
      Required ratio:    0.00 (Gate area) 
      Cumulative area ratio:    6.34
      Required ratio:  200.00 (Cumulative area) 
      Partial area ratio:   29.42
      Required ratio:    0.00 (Side area) 
      Cumulative area ratio:   29.42
      Required ratio:    0.00 (Cumulative side area) 

    Layer: Via2
      Partial area ratio:    0.38
      Required ratio:   20.00 (Gate area) 
      Cumulative area ratio:    0.56
      Required ratio:    0.00 (Cumulative area) 

    Layer: Metal3
      Partial area ratio:   62.27
      Required ratio:    0.00 (Gate area) 
      Cumulative area ratio:   68.61
      Required ratio:  200.00 (Cumulative area) 
      Partial area ratio:  281.74
      Required ratio:    0.00 (Side area) 
      Cumulative area ratio:  311.17
      Required ratio:    0.00 (Cumulative side area) 

    Layer: Via3
      Partial area ratio:    0.03
      Required ratio:   20.00 (Gate area) 
      Cumulative area ratio:    0.60
      Required ratio:    0.00 (Cumulative area) 

    Layer: Metal4
      Partial area ratio:    0.06
      Required ratio:    0.00 (Gate area) 
      Cumulative area ratio:   68.67
      Required ratio:  200.00 (Cumulative area) 
      Partial area ratio:    0.43
      Required ratio:    0.00 (Side area) 
      Cumulative area ratio:  311.60
      Required ratio:    0.00 (Cumulative side area) 

    Layer: Via4
      Partial area ratio:    0.03
      Required ratio:   20.00 (Gate area) 
      Cumulative area ratio:    0.63
      Required ratio:    0.00 (Cumulative area) 

    Layer: Metal5
      Partial area ratio:    7.34
      Required ratio:    0.00 (Gate area) 
      Cumulative area ratio:   76.00
      Required ratio: 14172.00 (Cumulative area) 
      Partial area ratio:   33.11
      Required ratio:    0.00 (Side area) 
      Cumulative area ratio:  344.71
      Required ratio:    0.00 (Cumulative side area) 


  Pin:   m.u_conv3.u_weights._24008_/A (sg13g2_and2_1)
    Layer: Via1
      Partial area ratio:    0.19
      Required ratio:   20.00 (Gate area) 
      Cumulative area ratio:    0.19
      Required ratio:    0.00 (Cumulative area) 

    Layer: Metal2
      Partial area ratio:  165.87
      Required ratio:    0.00 (Gate area) 
      Cumulative area ratio:  165.87
      Required ratio:  200.00 (Cumulative area) 
      Partial area ratio:  747.30
      Required ratio:    0.00 (Side area) 
      Cumulative area ratio:  747.30
      Required ratio:    0.00 (Cumulative side area) 

    Layer: Via2
      Partial area ratio:    0.56
      Required ratio:   20.00 (Gate area) 
      Cumulative area ratio:    0.75
      Required ratio:    0.00 (Cumulative area) 

    Layer: Metal3
      Partial area ratio:   62.27
      Required ratio:    0.00 (Gate area) 
      Cumulative area ratio:  228.14
      Required ratio:  200.00 (Cumulative area) (VIOLATED)
      Partial area ratio:  281.74
      Required ratio:    0.00 (Side area) 
      Cumulative area ratio: 1029.05
      Required ratio:    0.00 (Cumulative side area) 

    Layer: Via3
      Partial area ratio:    0.03
      Required ratio:   20.00 (Gate area) 
      Cumulative area ratio:    0.78
      Required ratio:    0.00 (Cumulative area) 

    Layer: Metal4
      Partial area ratio:    0.06
      Required ratio:    0.00 (Gate area) 
      Cumulative area ratio:  228.20
      Required ratio:  200.00 (Cumulative area) (VIOLATED)
      Partial area ratio:    0.43
      Required ratio:    0.00 (Side area) 
      Cumulative area ratio: 1029.48
      Required ratio:    0.00 (Cumulative side area) 

    Layer: Via4
      Partial area ratio:    0.03
      Required ratio:   20.00 (Gate area) 
      Cumulative area ratio:    0.82
      Required ratio:    0.00 (Cumulative area) 

    Layer: Metal5
      Partial area ratio:    7.34
      Required ratio:    0.00 (Gate area) 
      Cumulative area ratio:  235.54
      Required ratio: 14172.00 (Cumulative area) 
      Partial area ratio:   33.11
      Required ratio:    0.00 (Side area) 
      Cumulative area ratio: 1062.59
      Required ratio:    0.00 (Cumulative side area) 


  Pin:   m.u_conv3.u_weights._25407_/A (sg13g2_nand2_1)
    Layer: Via1
      Partial area ratio:    0.15
      Required ratio:   20.00 (Gate area) 
      Cumulative area ratio:    0.15
      Required ratio:    0.00 (Cumulative area) 

    Layer: Metal2
      Partial area ratio:    1.86
      Required ratio:    0.00 (Gate area) 
      Cumulative area ratio:    1.86
      Required ratio:  200.00 (Cumulative area) 
      Partial area ratio:    9.08
      Required ratio:    0.00 (Side area) 
      Cumulative area ratio:    9.08
      Required ratio:    0.00 (Cumulative side area) 

    Layer: Via2
      Partial area ratio:    0.30
      Required ratio:   20.00 (Gate area) 
      Cumulative area ratio:    0.45
      Required ratio:    0.00 (Cumulative area) 

    Layer: Metal3
      Partial area ratio:   62.27
      Required ratio:    0.00 (Gate area) 
      Cumulative area ratio:   64.13
      Required ratio:  200.00 (Cumulative area) 
      Partial area ratio:  281.74
      Required ratio:    0.00 (Side area) 
      Cumulative area ratio:  290.83
      Required ratio:    0.00 (Cumulative side area) 

    Layer: Via3
      Partial area ratio:    0.03
      Required ratio:   20.00 (Gate area) 
      Cumulative area ratio:    0.48
      Required ratio:    0.00 (Cumulative area) 

    Layer: Metal4
      Partial area ratio:    0.06
      Required ratio:    0.00 (Gate area) 
      Cumulative area ratio:   64.19
      Required ratio:  200.00 (Cumulative area) 
      Partial area ratio:    0.43
      Required ratio:    0.00 (Side area) 
      Cumulative area ratio:  291.26
      Required ratio:    0.00 (Cumulative side area) 

    Layer: Via4
      Partial area ratio:    0.03
      Required ratio:   20.00 (Gate area) 
      Cumulative area ratio:    0.52
      Required ratio:    0.00 (Cumulative area) 

    Layer: Metal5
      Partial area ratio:    7.34
      Required ratio:    0.00 (Gate area) 
      Cumulative area ratio:   71.52
      Required ratio: 14172.00 (Cumulative area) 
      Partial area ratio:   33.11
      Required ratio:    0.00 (Side area) 
      Cumulative area ratio:  324.37
      Required ratio:    0.00 (Cumulative side area) 


  Pin:   fanout497/A (sg13g2_buf_1)
    Layer: Via1
      Partial area ratio:    0.20
      Required ratio:   20.00 (Gate area) 
      Cumulative area ratio:    0.20
      Required ratio:    0.00 (Cumulative area) 

    Layer: Metal2
      Partial area ratio:    3.11
      Required ratio:    0.00 (Gate area) 
      Cumulative area ratio:    3.11
      Required ratio:  200.00 (Cumulative area) 
      Partial area ratio:   14.93
      Required ratio:    0.00 (Side area) 
      Cumulative area ratio:   14.93
      Required ratio:    0.00 (Cumulative side area) 

    Layer: Via2
      Partial area ratio:    0.40
      Required ratio:   20.00 (Gate area) 
      Cumulative area ratio:    0.60
      Required ratio:    0.00 (Cumulative area) 

    Layer: Metal3
      Partial area ratio:   62.27
      Required ratio:    0.00 (Gate area) 
      Cumulative area ratio:   65.37
      Required ratio:  200.00 (Cumulative area) 
      Partial area ratio:  281.74
      Required ratio:    0.00 (Side area) 
      Cumulative area ratio:  296.68
      Required ratio:    0.00 (Cumulative side area) 

    Layer: Via3
      Partial area ratio:    0.03
      Required ratio:   20.00 (Gate area) 
      Cumulative area ratio:    0.63
      Required ratio:    0.00 (Cumulative area) 

    Layer: Metal4
      Partial area ratio:    0.06
      Required ratio:    0.00 (Gate area) 
      Cumulative area ratio:   65.43
      Required ratio:  200.00 (Cumulative area) 
      Partial area ratio:    0.43
      Required ratio:    0.00 (Side area) 
      Cumulative area ratio:  297.11
      Required ratio:    0.00 (Cumulative side area) 

    Layer: Via4
      Partial area ratio:    0.03
      Required ratio:   20.00 (Gate area) 
      Cumulative area ratio:    0.67
      Required ratio:    0.00 (Cumulative area) 

    Layer: Metal5
      Partial area ratio:    7.34
      Required ratio:    0.00 (Gate area) 
      Cumulative area ratio:   72.77
      Required ratio: 14172.00 (Cumulative area) 
      Partial area ratio:   33.11
      Required ratio:    0.00 (Side area) 
      Cumulative area ratio:  330.22
      Required ratio:    0.00 (Cumulative side area) 



Net: net537
  Pin:   m.u_conv3.u_weights._22523_/A (sg13g2_nor2_1)
    Layer: Via1
      Partial area ratio:    0.15
      Required ratio:   20.00 (Gate area) 
      Cumulative area ratio:    0.15
      Required ratio:    0.00 (Cumulative area) 

    Layer: Metal2
      Partial area ratio:    3.17
      Required ratio:    0.00 (Gate area) 
      Cumulative area ratio:    3.17
      Required ratio: 14172.00 (Cumulative area) 
      Partial area ratio:   14.96
      Required ratio:    0.00 (Side area) 
      Cumulative area ratio:   14.96
      Required ratio:    0.00 (Cumulative side area) 

    Layer: Via2
      Partial area ratio:    0.45
      Required ratio:  354.30 (Gate area) 
      Cumulative area ratio:    0.60
      Required ratio:    0.00 (Cumulative area) 

    Layer: Metal3
      Partial area ratio:   19.81
      Required ratio:    0.00 (Gate area) 
      Cumulative area ratio:   22.99
      Required ratio: 14172.00 (Cumulative area) 
      Partial area ratio:   90.64
      Required ratio:    0.00 (Side area) 
      Cumulative area ratio:  105.61
      Required ratio:    0.00 (Cumulative side area) 


  Pin:   m.u_conv3.u_weights._23014_/A1 (sg13g2_a21oi_1)
    Layer: Metal1
      Partial area ratio:    0.02
      Required ratio:    0.00 (Gate area) 
      Cumulative area ratio:    0.02
      Required ratio:  200.00 (Cumulative area) 
      Partial area ratio:    1.16
      Required ratio:    0.00 (Side area) 
      Cumulative area ratio:    1.16
      Required ratio:    0.00 (Cumulative side area) 

    Layer: Via1
      Partial area ratio:    0.15
      Required ratio:   20.00 (Gate area) 
      Cumulative area ratio:    0.15
      Required ratio:    0.00 (Cumulative area) 

    Layer: Metal2
      Partial area ratio:    3.12
      Required ratio:    0.00 (Gate area) 
      Cumulative area ratio:    3.14
      Required ratio:  200.00 (Cumulative area) 
      Partial area ratio:   14.77
      Required ratio:    0.00 (Side area) 
      Cumulative area ratio:   15.93
      Required ratio:    0.00 (Cumulative side area) 

    Layer: Via2
      Partial area ratio:    0.30
      Required ratio:   20.00 (Gate area) 
      Cumulative area ratio:    0.45
      Required ratio:    0.00 (Cumulative area) 

    Layer: Metal3
      Partial area ratio:   19.81
      Required ratio:    0.00 (Gate area) 
      Cumulative area ratio:   22.96
      Required ratio: 14172.00 (Cumulative area) 
      Partial area ratio:   90.64
      Required ratio:    0.00 (Side area) 
      Cumulative area ratio:  106.57
      Required ratio:    0.00 (Cumulative side area) 


  Pin:   m.u_conv3.u_weights._23440_/A1 (sg13g2_a21oi_1)
    Layer: Metal1
      Partial area ratio:    0.02
      Required ratio:    0.00 (Gate area) 
      Cumulative area ratio:    0.02
      Required ratio:  200.00 (Cumulative area) 
      Partial area ratio:    1.17
      Required ratio:    0.00 (Side area) 
      Cumulative area ratio:    1.17
      Required ratio:    0.00 (Cumulative side area) 

    Layer: Via1
      Partial area ratio:    0.15
      Required ratio:   20.00 (Gate area) 
      Cumulative area ratio:    0.15
      Required ratio:    0.00 (Cumulative area) 

    Layer: Metal2
      Partial area ratio:    2.71
      Required ratio:    0.00 (Gate area) 
      Cumulative area ratio:    2.73
      Required ratio:  200.00 (Cumulative area) 
      Partial area ratio:   12.91
      Required ratio:    0.00 (Side area) 
      Cumulative area ratio:   14.08
      Required ratio:    0.00 (Cumulative side area) 

    Layer: Via2
      Partial area ratio:    0.30
      Required ratio:   20.00 (Gate area) 
      Cumulative area ratio:    0.45
      Required ratio:    0.00 (Cumulative area) 

    Layer: Metal3
      Partial area ratio:   19.81
      Required ratio:    0.00 (Gate area) 
      Cumulative area ratio:   22.55
      Required ratio: 14172.00 (Cumulative area) 
      Partial area ratio:   90.64
      Required ratio:    0.00 (Side area) 
      Cumulative area ratio:  104.72
      Required ratio:    0.00 (Cumulative side area) 


  Pin:   m.u_conv3.u_weights._30152_/A (sg13g2_xnor2_1)
    Layer: Via1
      Partial area ratio:    0.08
      Required ratio:   20.00 (Gate area) 
      Cumulative area ratio:    0.08
      Required ratio:    0.00 (Cumulative area) 

    Layer: Metal2
      Partial area ratio:    2.24
      Required ratio:    0.00 (Gate area) 
      Cumulative area ratio:    2.24
      Required ratio:  200.00 (Cumulative area) 
      Partial area ratio:   10.49
      Required ratio:    0.00 (Side area) 
      Cumulative area ratio:   10.49
      Required ratio:    0.00 (Cumulative side area) 

    Layer: Via2
      Partial area ratio:    0.17
      Required ratio:   20.00 (Gate area) 
      Cumulative area ratio:    0.25
      Required ratio:    0.00 (Cumulative area) 

    Layer: Metal3
      Partial area ratio:   19.81
      Required ratio:    0.00 (Gate area) 
      Cumulative area ratio:   22.06
      Required ratio: 14172.00 (Cumulative area) 
      Partial area ratio:   90.64
      Required ratio:    0.00 (Side area) 
      Cumulative area ratio:  101.13
      Required ratio:    0.00 (Cumulative side area) 


  Pin:   fanout536/A (sg13g2_buf_1)
    Layer: Via1
      Partial area ratio:    0.20
      Required ratio:   20.00 (Gate area) 
      Cumulative area ratio:    0.20
      Required ratio:    0.00 (Cumulative area) 

    Layer: Metal2
      Partial area ratio:  202.90
      Required ratio:    0.00 (Gate area) 
      Cumulative area ratio:  202.90
      Required ratio:  200.00 (Cumulative area) (VIOLATED)
      Partial area ratio:  913.96
      Required ratio:    0.00 (Side area) 
      Cumulative area ratio:  913.96
      Required ratio:    0.00 (Cumulative side area) 

    Layer: Via2
      Partial area ratio:    1.00
      Required ratio:   20.00 (Gate area) 
      Cumulative area ratio:    1.20
      Required ratio:    0.00 (Cumulative area) 

    Layer: Metal3
      Partial area ratio:   19.81
      Required ratio:    0.00 (Gate area) 
      Cumulative area ratio:  222.72
      Required ratio: 14172.00 (Cumulative area) 
      Partial area ratio:   90.64
      Required ratio:    0.00 (Side area) 
      Cumulative area ratio: 1004.60
      Required ratio:    0.00 (Cumulative side area) 



Net: net544
  Pin:   m.u_conv3.u_weights._24962_/B (sg13g2_nand2b_1)
    Layer: Via1
      Partial area ratio:    0.15
      Required ratio:   20.00 (Gate area) 
      Cumulative area ratio:    0.15
      Required ratio:    0.00 (Cumulative area) 

    Layer: Metal2
      Partial area ratio:    3.21
      Required ratio:    0.00 (Gate area) 
      Cumulative area ratio:    3.21
      Required ratio:  200.00 (Cumulative area) 
      Partial area ratio:   14.68
      Required ratio:    0.00 (Side area) 
      Cumulative area ratio:   14.68
      Required ratio:    0.00 (Cumulative side area) 

    Layer: Via2
      Partial area ratio:    0.16
      Required ratio:   20.00 (Gate area) 
      Cumulative area ratio:    0.31
      Required ratio:    0.00 (Cumulative area) 

    Layer: Metal3
      Partial area ratio:    0.26
      Required ratio:    0.00 (Gate area) 
      Cumulative area ratio:    3.47
      Required ratio:  200.00 (Cumulative area) 
      Partial area ratio:    1.97
      Required ratio:    0.00 (Side area) 
      Cumulative area ratio:   16.65
      Required ratio:    0.00 (Cumulative side area) 

    Layer: Via3
      Partial area ratio:    0.05
      Required ratio:   20.00 (Gate area) 
      Cumulative area ratio:    0.36
      Required ratio:    0.00 (Cumulative area) 

    Layer: Metal4
      Partial area ratio:   78.93
      Required ratio:    0.00 (Gate area) 
      Cumulative area ratio:   82.40
      Required ratio:  200.00 (Cumulative area) 
      Partial area ratio:  355.45
      Required ratio:    0.00 (Side area) 
      Cumulative area ratio:  372.10
      Required ratio:    0.00 (Cumulative side area) 

    Layer: Via4
      Partial area ratio:    0.05
      Required ratio:   20.00 (Gate area) 
      Cumulative area ratio:    0.42
      Required ratio:    0.00 (Cumulative area) 

    Layer: Metal5
      Partial area ratio:   55.70
      Required ratio:    0.00 (Gate area) 
      Cumulative area ratio:  138.10
      Required ratio: 14172.00 (Cumulative area) 
      Partial area ratio:  251.11
      Required ratio:    0.00 (Side area) 
      Cumulative area ratio:  623.22
      Required ratio:    0.00 (Cumulative side area) 


  Pin:   m.u_conv3.u_weights._24963_/A (sg13g2_xnor2_1)
    Layer: Via1
      Partial area ratio:    0.08
      Required ratio:   20.00 (Gate area) 
      Cumulative area ratio:    0.08
      Required ratio:    0.00 (Cumulative area) 

    Layer: Metal2
      Partial area ratio:    3.21
      Required ratio:    0.00 (Gate area) 
      Cumulative area ratio:    3.21
      Required ratio:  200.00 (Cumulative area) 
      Partial area ratio:   14.68
      Required ratio:    0.00 (Side area) 
      Cumulative area ratio:   14.68
      Required ratio:    0.00 (Cumulative side area) 

    Layer: Via2
      Partial area ratio:    0.16
      Required ratio:   20.00 (Gate area) 
      Cumulative area ratio:    0.24
      Required ratio:    0.00 (Cumulative area) 

    Layer: Metal3
      Partial area ratio:    0.26
      Required ratio:    0.00 (Gate area) 
      Cumulative area ratio:    3.47
      Required ratio:  200.00 (Cumulative area) 
      Partial area ratio:    1.97
      Required ratio:    0.00 (Side area) 
      Cumulative area ratio:   16.65
      Required ratio:    0.00 (Cumulative side area) 

    Layer: Via3
      Partial area ratio:    0.05
      Required ratio:   20.00 (Gate area) 
      Cumulative area ratio:    0.30
      Required ratio:    0.00 (Cumulative area) 

    Layer: Metal4
      Partial area ratio:   78.93
      Required ratio:    0.00 (Gate area) 
      Cumulative area ratio:   82.40
      Required ratio:  200.00 (Cumulative area) 
      Partial area ratio:  355.45
      Required ratio:    0.00 (Side area) 
      Cumulative area ratio:  372.10
      Required ratio:    0.00 (Cumulative side area) 

    Layer: Via4
      Partial area ratio:    0.05
      Required ratio:   20.00 (Gate area) 
      Cumulative area ratio:    0.35
      Required ratio:    0.00 (Cumulative area) 

    Layer: Metal5
      Partial area ratio:   55.70
      Required ratio:    0.00 (Gate area) 
      Cumulative area ratio:  138.10
      Required ratio: 14172.00 (Cumulative area) 
      Partial area ratio:  251.11
      Required ratio:    0.00 (Side area) 
      Cumulative area ratio:  623.22
      Required ratio:    0.00 (Cumulative side area) 


  Pin:   fanout541/A (sg13g2_buf_1)
    Layer: Via1
      Partial area ratio:    0.20
      Required ratio:   20.00 (Gate area) 
      Cumulative area ratio:    0.20
      Required ratio:    0.00 (Cumulative area) 

    Layer: Metal2
      Partial area ratio:    1.23
      Required ratio:    0.00 (Gate area) 
      Cumulative area ratio:    1.23
      Required ratio:  200.00 (Cumulative area) 
      Partial area ratio:    6.48
      Required ratio:    0.00 (Side area) 
      Cumulative area ratio:    6.48
      Required ratio:    0.00 (Cumulative side area) 

    Layer: Via2
      Partial area ratio:    0.40
      Required ratio:   20.00 (Gate area) 
      Cumulative area ratio:    0.60
      Required ratio:    0.00 (Cumulative area) 

    Layer: Metal3
      Partial area ratio:    0.66
      Required ratio:    0.00 (Gate area) 
      Cumulative area ratio:    1.89
      Required ratio:  200.00 (Cumulative area) 
      Partial area ratio:    4.93
      Required ratio:    0.00 (Side area) 
      Cumulative area ratio:   11.42
      Required ratio:    0.00 (Cumulative side area) 

    Layer: Via3
      Partial area ratio:    0.20
      Required ratio:   20.00 (Gate area) 
      Cumulative area ratio:    0.80
      Required ratio:    0.00 (Cumulative area) 

    Layer: Metal4
      Partial area ratio:    0.34
      Required ratio:    0.00 (Gate area) 
      Cumulative area ratio:    2.22
      Required ratio:  200.00 (Cumulative area) 
      Partial area ratio:    2.49
      Required ratio:    0.00 (Side area) 
      Cumulative area ratio:   13.91
      Required ratio:    0.00 (Cumulative side area) 

    Layer: Via4
      Partial area ratio:    0.20
      Required ratio:   20.00 (Gate area) 
      Cumulative area ratio:    1.00
      Required ratio:    0.00 (Cumulative area) 

    Layer: Metal5
      Partial area ratio:   55.70
      Required ratio:    0.00 (Gate area) 
      Cumulative area ratio:   57.93
      Required ratio: 14172.00 (Cumulative area) 
      Partial area ratio:  251.11
      Required ratio:    0.00 (Side area) 
      Cumulative area ratio:  265.02
      Required ratio:    0.00 (Cumulative side area) 


  Pin:   fanout542/A (sg13g2_buf_1)
    Layer: Via1
      Partial area ratio:    0.20
      Required ratio:   20.00 (Gate area) 
      Cumulative area ratio:    0.20
      Required ratio:    0.00 (Cumulative area) 

    Layer: Metal2
      Partial area ratio:    1.63
      Required ratio:    0.00 (Gate area) 
      Cumulative area ratio:    1.63
      Required ratio:  200.00 (Cumulative area) 
      Partial area ratio:    8.30
      Required ratio:    0.00 (Side area) 
      Cumulative area ratio:    8.30
      Required ratio:    0.00 (Cumulative side area) 

    Layer: Via2
      Partial area ratio:    0.40
      Required ratio:   20.00 (Gate area) 
      Cumulative area ratio:    0.60
      Required ratio:    0.00 (Cumulative area) 

    Layer: Metal3
      Partial area ratio:    8.64
      Required ratio:    0.00 (Gate area) 
      Cumulative area ratio:   10.28
      Required ratio:  200.00 (Cumulative area) 
      Partial area ratio:   40.84
      Required ratio:    0.00 (Side area) 
      Cumulative area ratio:   49.14
      Required ratio:    0.00 (Cumulative side area) 

    Layer: Via3
      Partial area ratio:    0.40
      Required ratio:   20.00 (Gate area) 
      Cumulative area ratio:    1.00
      Required ratio:    0.00 (Cumulative area) 

    Layer: Metal4
      Partial area ratio:    8.74
      Required ratio:    0.00 (Gate area) 
      Cumulative area ratio:   19.01
      Required ratio: 14172.00 (Cumulative area) 
      Partial area ratio:   41.26
      Required ratio:    0.00 (Side area) 
      Cumulative area ratio:   90.41
      Required ratio:    0.00 (Cumulative side area) 

    Layer: Via4
      Partial area ratio:    0.40
      Required ratio:  354.30 (Gate area) 
      Cumulative area ratio:    1.40
      Required ratio:    0.00 (Cumulative area) 

    Layer: Metal5
      Partial area ratio:   55.70
      Required ratio:    0.00 (Gate area) 
      Cumulative area ratio:   74.72
      Required ratio: 14172.00 (Cumulative area) 
      Partial area ratio:  251.11
      Required ratio:    0.00 (Side area) 
      Cumulative area ratio:  341.52
      Required ratio:    0.00 (Cumulative side area) 


  Pin:   fanout543/A (sg13g2_buf_1)
    Layer: Via1
      Partial area ratio:    0.20
      Required ratio:   20.00 (Gate area) 
      Cumulative area ratio:    0.20
      Required ratio:    0.00 (Cumulative area) 

    Layer: Metal2
      Partial area ratio:  211.22
      Required ratio:    0.00 (Gate area) 
      Cumulative area ratio:  211.22
      Required ratio:  200.00 (Cumulative area) (VIOLATED)
      Partial area ratio:  951.46
      Required ratio:    0.00 (Side area) 
      Cumulative area ratio:  951.46
      Required ratio:    0.00 (Cumulative side area) 

    Layer: Via2
      Partial area ratio:    0.40
      Required ratio:   20.00 (Gate area) 
      Cumulative area ratio:    0.60
      Required ratio:    0.00 (Cumulative area) 

    Layer: Metal3
      Partial area ratio:  120.19
      Required ratio:    0.00 (Gate area) 
      Cumulative area ratio:  331.42
      Required ratio:  200.00 (Cumulative area) (VIOLATED)
      Partial area ratio:  542.84
      Required ratio:    0.00 (Side area) 
      Cumulative area ratio: 1494.30
      Required ratio:    0.00 (Cumulative side area) 

    Layer: Via3
      Partial area ratio:    0.20
      Required ratio:   20.00 (Gate area) 
      Cumulative area ratio:    0.80
      Required ratio:    0.00 (Cumulative area) 

    Layer: Metal4
      Partial area ratio:   40.28
      Required ratio:    0.00 (Gate area) 
      Cumulative area ratio:  371.69
      Required ratio:  200.00 (Cumulative area) (VIOLATED)
      Partial area ratio:  182.22
      Required ratio:    0.00 (Side area) 
      Cumulative area ratio: 1676.52
      Required ratio:    0.00 (Cumulative side area) 

    Layer: Via4
      Partial area ratio:    0.20
      Required ratio:   20.00 (Gate area) 
      Cumulative area ratio:    1.00
      Required ratio:    0.00 (Cumulative area) 

    Layer: Metal5
      Partial area ratio:   55.70
      Required ratio:    0.00 (Gate area) 
      Cumulative area ratio:  427.40
      Required ratio: 14172.00 (Cumulative area) 
      Partial area ratio:  251.11
      Required ratio:    0.00 (Side area) 
      Cumulative area ratio: 1927.63
      Required ratio:    0.00 (Cumulative side area) 



Net: net562
  Pin:   m.u_conv3.u_weights._16171_/B (sg13g2_nand2_1)
    Layer: Via1
      Partial area ratio:    0.15
      Required ratio:   20.00 (Gate area) 
      Cumulative area ratio:    0.15
      Required ratio:    0.00 (Cumulative area) 

    Layer: Metal2
      Partial area ratio:    4.65
      Required ratio:    0.00 (Gate area) 
      Cumulative area ratio:    4.65
      Required ratio:  200.00 (Cumulative area) 
      Partial area ratio:   21.63
      Required ratio:    0.00 (Side area) 
      Cumulative area ratio:   21.63
      Required ratio:    0.00 (Cumulative side area) 

    Layer: Via2
      Partial area ratio:    0.30
      Required ratio:   20.00 (Gate area) 
      Cumulative area ratio:    0.45
      Required ratio:    0.00 (Cumulative area) 

    Layer: Metal3
      Partial area ratio:   45.12
      Required ratio:    0.00 (Gate area) 
      Cumulative area ratio:   49.77
      Required ratio: 14172.00 (Cumulative area) 
      Partial area ratio:  204.35
      Required ratio:    0.00 (Side area) 
      Cumulative area ratio:  225.97
      Required ratio:    0.00 (Cumulative side area) 

    Layer: Via3
      Partial area ratio:    0.02
      Required ratio:  354.30 (Gate area) 
      Cumulative area ratio:    0.47
      Required ratio:    0.00 (Cumulative area) 

    Layer: Metal4
      Partial area ratio:    0.04
      Required ratio:    0.00 (Gate area) 
      Cumulative area ratio:   49.80
      Required ratio: 14172.00 (Cumulative area) 
      Partial area ratio:    0.27
      Required ratio:    0.00 (Side area) 
      Cumulative area ratio:  226.24
      Required ratio:    0.00 (Cumulative side area) 

    Layer: Via4
      Partial area ratio:    0.02
      Required ratio:  354.30 (Gate area) 
      Cumulative area ratio:    0.49
      Required ratio:    0.00 (Cumulative area) 

    Layer: Metal5
      Partial area ratio:   13.89
      Required ratio:    0.00 (Gate area) 
      Cumulative area ratio:   63.69
      Required ratio: 14172.00 (Cumulative area) 
      Partial area ratio:   62.60
      Required ratio:    0.00 (Side area) 
      Cumulative area ratio:  288.84
      Required ratio:    0.00 (Cumulative side area) 


  Pin:   m.u_conv3.u_weights._16496_/B (sg13g2_nor2_1)
    Layer: Via1
      Partial area ratio:    0.15
      Required ratio:   20.00 (Gate area) 
      Cumulative area ratio:    0.15
      Required ratio:    0.00 (Cumulative area) 

    Layer: Metal2
      Partial area ratio:    2.28
      Required ratio:    0.00 (Gate area) 
      Cumulative area ratio:    2.28
      Required ratio:  200.00 (Cumulative area) 
      Partial area ratio:   10.99
      Required ratio:    0.00 (Side area) 
      Cumulative area ratio:   10.99
      Required ratio:    0.00 (Cumulative side area) 

    Layer: Via2
      Partial area ratio:    0.30
      Required ratio:   20.00 (Gate area) 
      Cumulative area ratio:    0.45
      Required ratio:    0.00 (Cumulative area) 

    Layer: Metal3
      Partial area ratio:   45.12
      Required ratio:    0.00 (Gate area) 
      Cumulative area ratio:   47.40
      Required ratio: 14172.00 (Cumulative area) 
      Partial area ratio:  204.35
      Required ratio:    0.00 (Side area) 
      Cumulative area ratio:  215.34
      Required ratio:    0.00 (Cumulative side area) 

    Layer: Via3
      Partial area ratio:    0.02
      Required ratio:  354.30 (Gate area) 
      Cumulative area ratio:    0.47
      Required ratio:    0.00 (Cumulative area) 

    Layer: Metal4
      Partial area ratio:    0.04
      Required ratio:    0.00 (Gate area) 
      Cumulative area ratio:   47.44
      Required ratio: 14172.00 (Cumulative area) 
      Partial area ratio:    0.27
      Required ratio:    0.00 (Side area) 
      Cumulative area ratio:  215.61
      Required ratio:    0.00 (Cumulative side area) 

    Layer: Via4
      Partial area ratio:    0.02
      Required ratio:  354.30 (Gate area) 
      Cumulative area ratio:    0.49
      Required ratio:    0.00 (Cumulative area) 

    Layer: Metal5
      Partial area ratio:   13.89
      Required ratio:    0.00 (Gate area) 
      Cumulative area ratio:   61.33
      Required ratio: 14172.00 (Cumulative area) 
      Partial area ratio:   62.60
      Required ratio:    0.00 (Side area) 
      Cumulative area ratio:  278.21
      Required ratio:    0.00 (Cumulative side area) 


  Pin:   m.u_conv3.u_weights._16497_/B (sg13g2_nand2_1)
    Layer: Via1
      Partial area ratio:    0.15
      Required ratio:   20.00 (Gate area) 
      Cumulative area ratio:    0.15
      Required ratio:    0.00 (Cumulative area) 

    Layer: Metal2
      Partial area ratio:    3.05
      Required ratio:    0.00 (Gate area) 
      Cumulative area ratio:    3.05
      Required ratio:  200.00 (Cumulative area) 
      Partial area ratio:   14.44
      Required ratio:    0.00 (Side area) 
      Cumulative area ratio:   14.44
      Required ratio:    0.00 (Cumulative side area) 

    Layer: Via2
      Partial area ratio:    0.30
      Required ratio:   20.00 (Gate area) 
      Cumulative area ratio:    0.45
      Required ratio:    0.00 (Cumulative area) 

    Layer: Metal3
      Partial area ratio:   45.12
      Required ratio:    0.00 (Gate area) 
      Cumulative area ratio:   48.17
      Required ratio: 14172.00 (Cumulative area) 
      Partial area ratio:  204.35
      Required ratio:    0.00 (Side area) 
      Cumulative area ratio:  218.79
      Required ratio:    0.00 (Cumulative side area) 

    Layer: Via3
      Partial area ratio:    0.02
      Required ratio:  354.30 (Gate area) 
      Cumulative area ratio:    0.47
      Required ratio:    0.00 (Cumulative area) 

    Layer: Metal4
      Partial area ratio:    0.04
      Required ratio:    0.00 (Gate area) 
      Cumulative area ratio:   48.21
      Required ratio: 14172.00 (Cumulative area) 
      Partial area ratio:    0.27
      Required ratio:    0.00 (Side area) 
      Cumulative area ratio:  219.06
      Required ratio:    0.00 (Cumulative side area) 

    Layer: Via4
      Partial area ratio:    0.02
      Required ratio:  354.30 (Gate area) 
      Cumulative area ratio:    0.49
      Required ratio:    0.00 (Cumulative area) 

    Layer: Metal5
      Partial area ratio:   13.89
      Required ratio:    0.00 (Gate area) 
      Cumulative area ratio:   62.10
      Required ratio: 14172.00 (Cumulative area) 
      Partial area ratio:   62.60
      Required ratio:    0.00 (Side area) 
      Cumulative area ratio:  281.66
      Required ratio:    0.00 (Cumulative side area) 


  Pin:   m.u_conv3.u_weights._18781_/A (sg13g2_nand2_1)
    Layer: Via1
      Partial area ratio:    0.15
      Required ratio:   20.00 (Gate area) 
      Cumulative area ratio:    0.15
      Required ratio:    0.00 (Cumulative area) 

    Layer: Metal2
      Partial area ratio:    3.94
      Required ratio:    0.00 (Gate area) 
      Cumulative area ratio:    3.94
      Required ratio:  200.00 (Cumulative area) 
      Partial area ratio:   18.46
      Required ratio:    0.00 (Side area) 
      Cumulative area ratio:   18.46
      Required ratio:    0.00 (Cumulative side area) 

    Layer: Via2
      Partial area ratio:    0.30
      Required ratio:   20.00 (Gate area) 
      Cumulative area ratio:    0.45
      Required ratio:    0.00 (Cumulative area) 

    Layer: Metal3
      Partial area ratio:   45.12
      Required ratio:    0.00 (Gate area) 
      Cumulative area ratio:   49.06
      Required ratio: 14172.00 (Cumulative area) 
      Partial area ratio:  204.35
      Required ratio:    0.00 (Side area) 
      Cumulative area ratio:  222.81
      Required ratio:    0.00 (Cumulative side area) 

    Layer: Via3
      Partial area ratio:    0.02
      Required ratio:  354.30 (Gate area) 
      Cumulative area ratio:    0.47
      Required ratio:    0.00 (Cumulative area) 

    Layer: Metal4
      Partial area ratio:    0.04
      Required ratio:    0.00 (Gate area) 
      Cumulative area ratio:   49.10
      Required ratio: 14172.00 (Cumulative area) 
      Partial area ratio:    0.27
      Required ratio:    0.00 (Side area) 
      Cumulative area ratio:  223.08
      Required ratio:    0.00 (Cumulative side area) 

    Layer: Via4
      Partial area ratio:    0.02
      Required ratio:  354.30 (Gate area) 
      Cumulative area ratio:    0.49
      Required ratio:    0.00 (Cumulative area) 

    Layer: Metal5
      Partial area ratio:   13.89
      Required ratio:    0.00 (Gate area) 
      Cumulative area ratio:   62.99
      Required ratio: 14172.00 (Cumulative area) 
      Partial area ratio:   62.60
      Required ratio:    0.00 (Side area) 
      Cumulative area ratio:  285.68
      Required ratio:    0.00 (Cumulative side area) 


  Pin:   m.u_conv3.u_weights._19825_/B (sg13g2_nand2_1)
    Layer: Via1
      Partial area ratio:    0.15
      Required ratio:   20.00 (Gate area) 
      Cumulative area ratio:    0.15
      Required ratio:    0.00 (Cumulative area) 

    Layer: Metal2
      Partial area ratio:    2.56
      Required ratio:    0.00 (Gate area) 
      Cumulative area ratio:    2.56
      Required ratio:  200.00 (Cumulative area) 
      Partial area ratio:   12.21
      Required ratio:    0.00 (Side area) 
      Cumulative area ratio:   12.21
      Required ratio:    0.00 (Cumulative side area) 

    Layer: Via2
      Partial area ratio:    0.30
      Required ratio:   20.00 (Gate area) 
      Cumulative area ratio:    0.45
      Required ratio:    0.00 (Cumulative area) 

    Layer: Metal3
      Partial area ratio:   45.12
      Required ratio:    0.00 (Gate area) 
      Cumulative area ratio:   47.67
      Required ratio: 14172.00 (Cumulative area) 
      Partial area ratio:  204.35
      Required ratio:    0.00 (Side area) 
      Cumulative area ratio:  216.55
      Required ratio:    0.00 (Cumulative side area) 

    Layer: Via3
      Partial area ratio:    0.02
      Required ratio:  354.30 (Gate area) 
      Cumulative area ratio:    0.47
      Required ratio:    0.00 (Cumulative area) 

    Layer: Metal4
      Partial area ratio:    0.04
      Required ratio:    0.00 (Gate area) 
      Cumulative area ratio:   47.71
      Required ratio: 14172.00 (Cumulative area) 
      Partial area ratio:    0.27
      Required ratio:    0.00 (Side area) 
      Cumulative area ratio:  216.83
      Required ratio:    0.00 (Cumulative side area) 

    Layer: Via4
      Partial area ratio:    0.02
      Required ratio:  354.30 (Gate area) 
      Cumulative area ratio:    0.49
      Required ratio:    0.00 (Cumulative area) 

    Layer: Metal5
      Partial area ratio:   13.89
      Required ratio:    0.00 (Gate area) 
      Cumulative area ratio:   61.60
      Required ratio: 14172.00 (Cumulative area) 
      Partial area ratio:   62.60
      Required ratio:    0.00 (Side area) 
      Cumulative area ratio:  279.43
      Required ratio:    0.00 (Cumulative side area) 


  Pin:   m.u_conv3.u_weights._27469_/A (sg13g2_nand2_1)
    Layer: Via1
      Partial area ratio:    0.15
      Required ratio:   20.00 (Gate area) 
      Cumulative area ratio:    0.15
      Required ratio:    0.00 (Cumulative area) 

    Layer: Metal2
      Partial area ratio:    3.36
      Required ratio:    0.00 (Gate area) 
      Cumulative area ratio:    3.36
      Required ratio:  200.00 (Cumulative area) 
      Partial area ratio:   15.82
      Required ratio:    0.00 (Side area) 
      Cumulative area ratio:   15.82
      Required ratio:    0.00 (Cumulative side area) 

    Layer: Via2
      Partial area ratio:    0.30
      Required ratio:   20.00 (Gate area) 
      Cumulative area ratio:    0.45
      Required ratio:    0.00 (Cumulative area) 

    Layer: Metal3
      Partial area ratio:   45.12
      Required ratio:    0.00 (Gate area) 
      Cumulative area ratio:   48.48
      Required ratio: 14172.00 (Cumulative area) 
      Partial area ratio:  204.35
      Required ratio:    0.00 (Side area) 
      Cumulative area ratio:  220.16
      Required ratio:    0.00 (Cumulative side area) 

    Layer: Via3
      Partial area ratio:    0.02
      Required ratio:  354.30 (Gate area) 
      Cumulative area ratio:    0.47
      Required ratio:    0.00 (Cumulative area) 

    Layer: Metal4
      Partial area ratio:    0.04
      Required ratio:    0.00 (Gate area) 
      Cumulative area ratio:   48.51
      Required ratio: 14172.00 (Cumulative area) 
      Partial area ratio:    0.27
      Required ratio:    0.00 (Side area) 
      Cumulative area ratio:  220.44
      Required ratio:    0.00 (Cumulative side area) 

    Layer: Via4
      Partial area ratio:    0.02
      Required ratio:  354.30 (Gate area) 
      Cumulative area ratio:    0.49
      Required ratio:    0.00 (Cumulative area) 

    Layer: Metal5
      Partial area ratio:   13.89
      Required ratio:    0.00 (Gate area) 
      Cumulative area ratio:   62.40
      Required ratio: 14172.00 (Cumulative area) 
      Partial area ratio:   62.60
      Required ratio:    0.00 (Side area) 
      Cumulative area ratio:  283.04
      Required ratio:    0.00 (Cumulative side area) 


  Pin:   m.u_conv3.u_weights._29111_/A (sg13g2_and2_1)
    Layer: Via1
      Partial area ratio:    0.19
      Required ratio:   20.00 (Gate area) 
      Cumulative area ratio:    0.19
      Required ratio:    0.00 (Cumulative area) 

    Layer: Metal2
      Partial area ratio:  204.90
      Required ratio:    0.00 (Gate area) 
      Cumulative area ratio:  204.90
      Required ratio:  200.00 (Cumulative area) (VIOLATED)
      Partial area ratio:  922.88
      Required ratio:    0.00 (Side area) 
      Cumulative area ratio:  922.88
      Required ratio:    0.00 (Cumulative side area) 

    Layer: Via2
      Partial area ratio:    0.75
      Required ratio:   20.00 (Gate area) 
      Cumulative area ratio:    0.94
      Required ratio:    0.00 (Cumulative area) 

    Layer: Metal3
      Partial area ratio:   45.12
      Required ratio:    0.00 (Gate area) 
      Cumulative area ratio:  250.01
      Required ratio: 14172.00 (Cumulative area) 
      Partial area ratio:  204.35
      Required ratio:    0.00 (Side area) 
      Cumulative area ratio: 1127.23
      Required ratio:    0.00 (Cumulative side area) 

    Layer: Via3
      Partial area ratio:    0.02
      Required ratio:  354.30 (Gate area) 
      Cumulative area ratio:    0.96
      Required ratio:    0.00 (Cumulative area) 

    Layer: Metal4
      Partial area ratio:    0.04
      Required ratio:    0.00 (Gate area) 
      Cumulative area ratio:  250.05
      Required ratio: 14172.00 (Cumulative area) 
      Partial area ratio:    0.27
      Required ratio:    0.00 (Side area) 
      Cumulative area ratio: 1127.50
      Required ratio:    0.00 (Cumulative side area) 

    Layer: Via4
      Partial area ratio:    0.02
      Required ratio:  354.30 (Gate area) 
      Cumulative area ratio:    0.98
      Required ratio:    0.00 (Cumulative area) 

    Layer: Metal5
      Partial area ratio:   13.89
      Required ratio:    0.00 (Gate area) 
      Cumulative area ratio:  263.94
      Required ratio: 14172.00 (Cumulative area) 
      Partial area ratio:   62.60
      Required ratio:    0.00 (Side area) 
      Cumulative area ratio: 1190.10
      Required ratio:    0.00 (Cumulative side area) 


  Pin:   m.u_conv3.u_weights._31198_/A (sg13g2_xnor2_1)
    Layer: Via1
      Partial area ratio:    0.08
      Required ratio:   20.00 (Gate area) 
      Cumulative area ratio:    0.08
      Required ratio:    0.00 (Cumulative area) 

    Layer: Metal2
      Partial area ratio:    1.16
      Required ratio:    0.00 (Gate area) 
      Cumulative area ratio:    1.16
      Required ratio:  200.00 (Cumulative area) 
      Partial area ratio:    5.64
      Required ratio:    0.00 (Side area) 
      Cumulative area ratio:    5.64
      Required ratio:    0.00 (Cumulative side area) 

    Layer: Via2
      Partial area ratio:    0.17
      Required ratio:   20.00 (Gate area) 
      Cumulative area ratio:    0.25
      Required ratio:    0.00 (Cumulative area) 

    Layer: Metal3
      Partial area ratio:    0.27
      Required ratio:    0.00 (Gate area) 
      Cumulative area ratio:    1.44
      Required ratio:  200.00 (Cumulative area) 
      Partial area ratio:    2.05
      Required ratio:    0.00 (Side area) 
      Cumulative area ratio:    7.69
      Required ratio:    0.00 (Cumulative side area) 

    Layer: Via3
      Partial area ratio:    0.08
      Required ratio:   20.00 (Gate area) 
      Cumulative area ratio:    0.33
      Required ratio:    0.00 (Cumulative area) 

    Layer: Metal4
      Partial area ratio:    0.14
      Required ratio:    0.00 (Gate area) 
      Cumulative area ratio:    1.58
      Required ratio:  200.00 (Cumulative area) 
      Partial area ratio:    1.04
      Required ratio:    0.00 (Side area) 
      Cumulative area ratio:    8.72
      Required ratio:    0.00 (Cumulative side area) 

    Layer: Via4
      Partial area ratio:    0.08
      Required ratio:   20.00 (Gate area) 
      Cumulative area ratio:    0.42
      Required ratio:    0.00 (Cumulative area) 

    Layer: Metal5
      Partial area ratio:   13.89
      Required ratio:    0.00 (Gate area) 
      Cumulative area ratio:   15.47
      Required ratio: 14172.00 (Cumulative area) 
      Partial area ratio:   62.60
      Required ratio:    0.00 (Side area) 
      Cumulative area ratio:   71.32
      Required ratio:    0.00 (Cumulative side area) 



Net: net592
  Pin:   m.u_conv3.u_weights._27994_/A1 (sg13g2_o21ai_1)
    Layer: Via1
      Partial area ratio:    0.13
      Required ratio:   20.00 (Gate area) 
      Cumulative area ratio:    0.13
      Required ratio:    0.00 (Cumulative area) 

    Layer: Metal2
      Partial area ratio:    4.39
      Required ratio:    0.00 (Gate area) 
      Cumulative area ratio:    4.39
      Required ratio:  200.00 (Cumulative area) 
      Partial area ratio:   20.35
      Required ratio:    0.00 (Side area) 
      Cumulative area ratio:   20.35
      Required ratio:    0.00 (Cumulative side area) 

    Layer: Via2
      Partial area ratio:    0.26
      Required ratio:   20.00 (Gate area) 
      Cumulative area ratio:    0.39
      Required ratio:    0.00 (Cumulative area) 

    Layer: Metal3
      Partial area ratio:    0.43
      Required ratio:    0.00 (Gate area) 
      Cumulative area ratio:    4.81
      Required ratio:  200.00 (Cumulative area) 
      Partial area ratio:    3.19
      Required ratio:    0.00 (Side area) 
      Cumulative area ratio:   23.55
      Required ratio:    0.00 (Cumulative side area) 

    Layer: Via3
      Partial area ratio:    0.13
      Required ratio:   20.00 (Gate area) 
      Cumulative area ratio:    0.52
      Required ratio:    0.00 (Cumulative area) 

    Layer: Metal4
      Partial area ratio:   10.20
      Required ratio:    0.00 (Gate area) 
      Cumulative area ratio:   15.02
      Required ratio:  200.00 (Cumulative area) 
      Partial area ratio:   46.17
      Required ratio:    0.00 (Side area) 
      Cumulative area ratio:   69.72
      Required ratio:    0.00 (Cumulative side area) 

    Layer: Via4
      Partial area ratio:    0.05
      Required ratio:   20.00 (Gate area) 
      Cumulative area ratio:    0.57
      Required ratio:    0.00 (Cumulative area) 

    Layer: Metal5
      Partial area ratio:   97.93
      Required ratio:    0.00 (Gate area) 
      Cumulative area ratio:  112.95
      Required ratio: 14172.00 (Cumulative area) 
      Partial area ratio:  441.02
      Required ratio:    0.00 (Side area) 
      Cumulative area ratio:  510.74
      Required ratio:    0.00 (Cumulative side area) 


  Pin:   m.u_conv3.u_weights._30217_/A (sg13g2_xnor2_1)
    Layer: Via1
      Partial area ratio:    0.08
      Required ratio:   20.00 (Gate area) 
      Cumulative area ratio:    0.08
      Required ratio:    0.00 (Cumulative area) 

    Layer: Metal2
      Partial area ratio:    1.08
      Required ratio:    0.00 (Gate area) 
      Cumulative area ratio:    1.08
      Required ratio:  200.00 (Cumulative area) 
      Partial area ratio:    5.25
      Required ratio:    0.00 (Side area) 
      Cumulative area ratio:    5.25
      Required ratio:    0.00 (Cumulative side area) 

    Layer: Via2
      Partial area ratio:    0.17
      Required ratio:   20.00 (Gate area) 
      Cumulative area ratio:    0.25
      Required ratio:    0.00 (Cumulative area) 

    Layer: Metal3
      Partial area ratio:    3.59
      Required ratio:    0.00 (Gate area) 
      Cumulative area ratio:    4.67
      Required ratio:  200.00 (Cumulative area) 
      Partial area ratio:   16.98
      Required ratio:    0.00 (Side area) 
      Cumulative area ratio:   22.23
      Required ratio:    0.00 (Cumulative side area) 

    Layer: Via3
      Partial area ratio:    0.08
      Required ratio:   20.00 (Gate area) 
      Cumulative area ratio:    0.33
      Required ratio:    0.00 (Cumulative area) 

    Layer: Metal4
      Partial area ratio:   10.20
      Required ratio:    0.00 (Gate area) 
      Cumulative area ratio:   14.87
      Required ratio:  200.00 (Cumulative area) 
      Partial area ratio:   46.17
      Required ratio:    0.00 (Side area) 
      Cumulative area ratio:   68.40
      Required ratio:    0.00 (Cumulative side area) 

    Layer: Via4
      Partial area ratio:    0.05
      Required ratio:   20.00 (Gate area) 
      Cumulative area ratio:    0.38
      Required ratio:    0.00 (Cumulative area) 

    Layer: Metal5
      Partial area ratio:   97.93
      Required ratio:    0.00 (Gate area) 
      Cumulative area ratio:  112.80
      Required ratio: 14172.00 (Cumulative area) 
      Partial area ratio:  441.02
      Required ratio:    0.00 (Side area) 
      Cumulative area ratio:  509.42
      Required ratio:    0.00 (Cumulative side area) 


  Pin:   fanout588/A (sg13g2_buf_1)
    Layer: Via1
      Partial area ratio:    0.20
      Required ratio:   20.00 (Gate area) 
      Cumulative area ratio:    0.20
      Required ratio:    0.00 (Cumulative area) 

    Layer: Metal2
      Partial area ratio:    8.67
      Required ratio:    0.00 (Gate area) 
      Cumulative area ratio:    8.67
      Required ratio:  200.00 (Cumulative area) 
      Partial area ratio:   39.95
      Required ratio:    0.00 (Side area) 
      Cumulative area ratio:   39.95
      Required ratio:    0.00 (Cumulative side area) 

    Layer: Via2
      Partial area ratio:    0.40
      Required ratio:   20.00 (Gate area) 
      Cumulative area ratio:    0.60
      Required ratio:    0.00 (Cumulative area) 

    Layer: Metal3
      Partial area ratio:  207.87
      Required ratio:    0.00 (Gate area) 
      Cumulative area ratio:  216.54
      Required ratio:  200.00 (Cumulative area) (VIOLATED)
      Partial area ratio:  937.35
      Required ratio:    0.00 (Side area) 
      Cumulative area ratio:  977.31
      Required ratio:    0.00 (Cumulative side area) 

    Layer: Via3
      Partial area ratio:    0.40
      Required ratio:   20.00 (Gate area) 
      Cumulative area ratio:    1.00
      Required ratio:    0.00 (Cumulative area) 

    Layer: Metal4
      Partial area ratio:    8.74
      Required ratio:    0.00 (Gate area) 
      Cumulative area ratio:  225.27
      Required ratio:  200.00 (Cumulative area) (VIOLATED)
      Partial area ratio:   41.26
      Required ratio:    0.00 (Side area) 
      Cumulative area ratio: 1018.57
      Required ratio:    0.00 (Cumulative side area) 

    Layer: Via4
      Partial area ratio:    0.40
      Required ratio:   20.00 (Gate area) 
      Cumulative area ratio:    1.40
      Required ratio:    0.00 (Cumulative area) 

    Layer: Metal5
      Partial area ratio:   97.93
      Required ratio:    0.00 (Gate area) 
      Cumulative area ratio:  323.20
      Required ratio: 14172.00 (Cumulative area) 
      Partial area ratio:  441.02
      Required ratio:    0.00 (Side area) 
      Cumulative area ratio: 1459.60
      Required ratio:    0.00 (Cumulative side area) 


  Pin:   fanout591/A (sg13g2_buf_1)
    Layer: Via1
      Partial area ratio:    0.20
      Required ratio:   20.00 (Gate area) 
      Cumulative area ratio:    0.20
      Required ratio:    0.00 (Cumulative area) 

    Layer: Metal2
      Partial area ratio:    4.50
      Required ratio:    0.00 (Gate area) 
      Cumulative area ratio:    4.50
      Required ratio: 14172.00 (Cumulative area) 
      Partial area ratio:   20.71
      Required ratio:    0.00 (Side area) 
      Cumulative area ratio:   20.71
      Required ratio:    0.00 (Cumulative side area) 

    Layer: Via2
      Partial area ratio:    0.44
      Required ratio:  354.30 (Gate area) 
      Cumulative area ratio:    0.64
      Required ratio:    0.00 (Cumulative area) 

    Layer: Metal3
      Partial area ratio:    0.69
      Required ratio:    0.00 (Gate area) 
      Cumulative area ratio:    5.19
      Required ratio: 14172.00 (Cumulative area) 
      Partial area ratio:    3.59
      Required ratio:    0.00 (Side area) 
      Cumulative area ratio:   24.30
      Required ratio:    0.00 (Cumulative side area) 

    Layer: Via3
      Partial area ratio:    0.20
      Required ratio:  354.30 (Gate area) 
      Cumulative area ratio:    0.84
      Required ratio:    0.00 (Cumulative area) 

    Layer: Metal4
      Partial area ratio:   40.28
      Required ratio:    0.00 (Gate area) 
      Cumulative area ratio:   45.47
      Required ratio: 14172.00 (Cumulative area) 
      Partial area ratio:  182.22
      Required ratio:    0.00 (Side area) 
      Cumulative area ratio:  206.51
      Required ratio:    0.00 (Cumulative side area) 

    Layer: Via4
      Partial area ratio:    0.20
      Required ratio:  354.30 (Gate area) 
      Cumulative area ratio:    1.04
      Required ratio:    0.00 (Cumulative area) 

    Layer: Metal5
      Partial area ratio:   97.93
      Required ratio:    0.00 (Gate area) 
      Cumulative area ratio:  143.40
      Required ratio: 14172.00 (Cumulative area) 
      Partial area ratio:  441.02
      Required ratio:    0.00 (Side area) 
      Cumulative area ratio:  647.53
      Required ratio:    0.00 (Cumulative side area) 



Net: net597
  Pin:   fanout593/A (sg13g2_buf_1)
    Layer: Via1
      Partial area ratio:    0.20
      Required ratio:   20.00 (Gate area) 
      Cumulative area ratio:    0.20
      Required ratio:    0.00 (Cumulative area) 

    Layer: Metal2
      Partial area ratio:    2.43
      Required ratio:    0.00 (Gate area) 
      Cumulative area ratio:    2.43
      Required ratio:  200.00 (Cumulative area) 
      Partial area ratio:   11.86
      Required ratio:    0.00 (Side area) 
      Cumulative area ratio:   11.86
      Required ratio:    0.00 (Cumulative side area) 

    Layer: Via2
      Partial area ratio:    0.40
      Required ratio:   20.00 (Gate area) 
      Cumulative area ratio:    0.60
      Required ratio:    0.00 (Cumulative area) 

    Layer: Metal3
      Partial area ratio:    0.66
      Required ratio:    0.00 (Gate area) 
      Cumulative area ratio:    3.08
      Required ratio:  200.00 (Cumulative area) 
      Partial area ratio:    4.93
      Required ratio:    0.00 (Side area) 
      Cumulative area ratio:   16.79
      Required ratio:    0.00 (Cumulative side area) 

    Layer: Via3
      Partial area ratio:    0.20
      Required ratio:   20.00 (Gate area) 
      Cumulative area ratio:    0.80
      Required ratio:    0.00 (Cumulative area) 

    Layer: Metal4
      Partial area ratio:  279.77
      Required ratio:    0.00 (Gate area) 
      Cumulative area ratio:  282.85
      Required ratio:  200.00 (Cumulative area) (VIOLATED)
      Partial area ratio: 1260.92
      Required ratio:    0.00 (Side area) 
      Cumulative area ratio: 1277.72
      Required ratio:    0.00 (Cumulative side area) 

    Layer: Via4
      Partial area ratio:    0.20
      Required ratio:   20.00 (Gate area) 
      Cumulative area ratio:    1.00
      Required ratio:    0.00 (Cumulative area) 

    Layer: Metal5
      Partial area ratio:  177.47
      Required ratio:    0.00 (Gate area) 
      Cumulative area ratio:  460.32
      Required ratio: 14172.00 (Cumulative area) 
      Partial area ratio:  799.12
      Required ratio:    0.00 (Side area) 
      Cumulative area ratio: 2076.83
      Required ratio:    0.00 (Cumulative side area) 


  Pin:   fanout594/A (sg13g2_buf_1)
    Layer: Via1
      Partial area ratio:    0.20
      Required ratio:   20.00 (Gate area) 
      Cumulative area ratio:    0.20
      Required ratio:    0.00 (Cumulative area) 

    Layer: Metal2
      Partial area ratio:    4.43
      Required ratio:    0.00 (Gate area) 
      Cumulative area ratio:    4.43
      Required ratio:  200.00 (Cumulative area) 
      Partial area ratio:   20.88
      Required ratio:    0.00 (Side area) 
      Cumulative area ratio:   20.88
      Required ratio:    0.00 (Cumulative side area) 

    Layer: Via2
      Partial area ratio:    0.40
      Required ratio:   20.00 (Gate area) 
      Cumulative area ratio:    0.60
      Required ratio:    0.00 (Cumulative area) 

    Layer: Metal3
      Partial area ratio:    0.66
      Required ratio:    0.00 (Gate area) 
      Cumulative area ratio:    5.09
      Required ratio:  200.00 (Cumulative area) 
      Partial area ratio:    4.93
      Required ratio:    0.00 (Side area) 
      Cumulative area ratio:   25.81
      Required ratio:    0.00 (Cumulative side area) 

    Layer: Via3
      Partial area ratio:    0.20
      Required ratio:   20.00 (Gate area) 
      Cumulative area ratio:    0.80
      Required ratio:    0.00 (Cumulative area) 

    Layer: Metal4
      Partial area ratio:    0.34
      Required ratio:    0.00 (Gate area) 
      Cumulative area ratio:    5.42
      Required ratio:  200.00 (Cumulative area) 
      Partial area ratio:    2.49
      Required ratio:    0.00 (Side area) 
      Cumulative area ratio:   28.30
      Required ratio:    0.00 (Cumulative side area) 

    Layer: Via4
      Partial area ratio:    0.20
      Required ratio:   20.00 (Gate area) 
      Cumulative area ratio:    1.00
      Required ratio:    0.00 (Cumulative area) 

    Layer: Metal5
      Partial area ratio:  177.47
      Required ratio:    0.00 (Gate area) 
      Cumulative area ratio:  182.89
      Required ratio: 14172.00 (Cumulative area) 
      Partial area ratio:  799.12
      Required ratio:    0.00 (Side area) 
      Cumulative area ratio:  827.42
      Required ratio:    0.00 (Cumulative side area) 


  Pin:   fanout595/A (sg13g2_buf_1)
    Layer: Via1
      Partial area ratio:    0.20
      Required ratio:   20.00 (Gate area) 
      Cumulative area ratio:    0.20
      Required ratio:    0.00 (Cumulative area) 

    Layer: Metal2
      Partial area ratio:    5.49
      Required ratio:    0.00 (Gate area) 
      Cumulative area ratio:    5.49
      Required ratio:  200.00 (Cumulative area) 
      Partial area ratio:   25.66
      Required ratio:    0.00 (Side area) 
      Cumulative area ratio:   25.66
      Required ratio:    0.00 (Cumulative side area) 

    Layer: Via2
      Partial area ratio:    0.40
      Required ratio:   20.00 (Gate area) 
      Cumulative area ratio:    0.60
      Required ratio:    0.00 (Cumulative area) 

    Layer: Metal3
      Partial area ratio:    0.66
      Required ratio:    0.00 (Gate area) 
      Cumulative area ratio:    6.15
      Required ratio:  200.00 (Cumulative area) 
      Partial area ratio:    4.93
      Required ratio:    0.00 (Side area) 
      Cumulative area ratio:   30.59
      Required ratio:    0.00 (Cumulative side area) 

    Layer: Via3
      Partial area ratio:    0.20
      Required ratio:   20.00 (Gate area) 
      Cumulative area ratio:    0.80
      Required ratio:    0.00 (Cumulative area) 

    Layer: Metal4
      Partial area ratio:    0.34
      Required ratio:    0.00 (Gate area) 
      Cumulative area ratio:    6.49
      Required ratio:  200.00 (Cumulative area) 
      Partial area ratio:    2.49
      Required ratio:    0.00 (Side area) 
      Cumulative area ratio:   33.08
      Required ratio:    0.00 (Cumulative side area) 

    Layer: Via4
      Partial area ratio:    0.20
      Required ratio:   20.00 (Gate area) 
      Cumulative area ratio:    1.00
      Required ratio:    0.00 (Cumulative area) 

    Layer: Metal5
      Partial area ratio:  177.47
      Required ratio:    0.00 (Gate area) 
      Cumulative area ratio:  183.96
      Required ratio: 14172.00 (Cumulative area) 
      Partial area ratio:  799.12
      Required ratio:    0.00 (Side area) 
      Cumulative area ratio:  832.20
      Required ratio:    0.00 (Cumulative side area) 


  Pin:   fanout596/A (sg13g2_buf_1)
    Layer: Via1
      Partial area ratio:    0.20
      Required ratio:   20.00 (Gate area) 
      Cumulative area ratio:    0.20
      Required ratio:    0.00 (Cumulative area) 

    Layer: Metal2
      Partial area ratio:    6.58
      Required ratio:    0.00 (Gate area) 
      Cumulative area ratio:    6.58
      Required ratio: 14172.00 (Cumulative area) 
      Partial area ratio:   30.54
      Required ratio:    0.00 (Side area) 
      Cumulative area ratio:   30.54
      Required ratio:    0.00 (Cumulative side area) 

    Layer: Via2
      Partial area ratio:    0.60
      Required ratio:  354.30 (Gate area) 
      Cumulative area ratio:    0.80
      Required ratio:    0.00 (Cumulative area) 

    Layer: Metal3
      Partial area ratio:    0.98
      Required ratio:    0.00 (Gate area) 
      Cumulative area ratio:    7.56
      Required ratio: 14172.00 (Cumulative area) 
      Partial area ratio:    7.37
      Required ratio:    0.00 (Side area) 
      Cumulative area ratio:   37.91
      Required ratio:    0.00 (Cumulative side area) 

    Layer: Via3
      Partial area ratio:    0.20
      Required ratio:  354.30 (Gate area) 
      Cumulative area ratio:    1.00
      Required ratio:    0.00 (Cumulative area) 

    Layer: Metal4
      Partial area ratio:   32.31
      Required ratio:    0.00 (Gate area) 
      Cumulative area ratio:   39.87
      Required ratio: 14172.00 (Cumulative area) 
      Partial area ratio:  146.36
      Required ratio:    0.00 (Side area) 
      Cumulative area ratio:  184.27
      Required ratio:    0.00 (Cumulative side area) 

    Layer: Via4
      Partial area ratio:    0.20
      Required ratio:  354.30 (Gate area) 
      Cumulative area ratio:    1.20
      Required ratio:    0.00 (Cumulative area) 

    Layer: Metal5
      Partial area ratio:  177.47
      Required ratio:    0.00 (Gate area) 
      Cumulative area ratio:  217.34
      Required ratio: 14172.00 (Cumulative area) 
      Partial area ratio:  799.12
      Required ratio:    0.00 (Side area) 
      Cumulative area ratio:  983.39
      Required ratio:    0.00 (Cumulative side area) 



Net: net599
  Pin:   m.u_conv3.u_weights._17055_/A (sg13g2_xnor2_1)
    Layer: Via1
      Partial area ratio:    0.08
      Required ratio:   20.00 (Gate area) 
      Cumulative area ratio:    0.08
      Required ratio:    0.00 (Cumulative area) 

    Layer: Metal2
      Partial area ratio:    2.41
      Required ratio:    0.00 (Gate area) 
      Cumulative area ratio:    2.41
      Required ratio:  200.00 (Cumulative area) 
      Partial area ratio:   11.22
      Required ratio:    0.00 (Side area) 
      Cumulative area ratio:   11.22
      Required ratio:    0.00 (Cumulative side area) 

    Layer: Via2
      Partial area ratio:    0.17
      Required ratio:   20.00 (Gate area) 
      Cumulative area ratio:    0.25
      Required ratio:    0.00 (Cumulative area) 

    Layer: Metal3
      Partial area ratio:    2.27
      Required ratio:    0.00 (Gate area) 
      Cumulative area ratio:    4.68
      Required ratio:  200.00 (Cumulative area) 
      Partial area ratio:   10.97
      Required ratio:    0.00 (Side area) 
      Cumulative area ratio:   22.19
      Required ratio:    0.00 (Cumulative side area) 

    Layer: Via3
      Partial area ratio:    0.10
      Required ratio:   20.00 (Gate area) 
      Cumulative area ratio:    0.35
      Required ratio:    0.00 (Cumulative area) 

    Layer: Metal4
      Partial area ratio:    6.25
      Required ratio:    0.00 (Gate area) 
      Cumulative area ratio:   10.93
      Required ratio:  200.00 (Cumulative area) 
      Partial area ratio:   28.63
      Required ratio:    0.00 (Side area) 
      Cumulative area ratio:   50.82
      Required ratio:    0.00 (Cumulative side area) 

    Layer: Via4
      Partial area ratio:    0.10
      Required ratio:   20.00 (Gate area) 
      Cumulative area ratio:    0.45
      Required ratio:    0.00 (Cumulative area) 

    Layer: Metal5
      Partial area ratio:   32.39
      Required ratio:    0.00 (Gate area) 
      Cumulative area ratio:   43.32
      Required ratio: 14172.00 (Cumulative area) 
      Partial area ratio:  145.95
      Required ratio:    0.00 (Side area) 
      Cumulative area ratio:  196.77
      Required ratio:    0.00 (Cumulative side area) 


  Pin:   m.u_conv3.u_weights._17058_/A1 (sg13g2_o21ai_1)
    Layer: Via1
      Partial area ratio:    0.13
      Required ratio:   20.00 (Gate area) 
      Cumulative area ratio:    0.13
      Required ratio:    0.00 (Cumulative area) 

    Layer: Metal2
      Partial area ratio:    1.20
      Required ratio:    0.00 (Gate area) 
      Cumulative area ratio:    1.20
      Required ratio:  200.00 (Cumulative area) 
      Partial area ratio:    6.03
      Required ratio:    0.00 (Side area) 
      Cumulative area ratio:    6.03
      Required ratio:    0.00 (Cumulative side area) 

    Layer: Via2
      Partial area ratio:    0.26
      Required ratio:   20.00 (Gate area) 
      Cumulative area ratio:    0.39
      Required ratio:    0.00 (Cumulative area) 

    Layer: Metal3
      Partial area ratio:    2.27
      Required ratio:    0.00 (Gate area) 
      Cumulative area ratio:    3.47
      Required ratio:  200.00 (Cumulative area) 
      Partial area ratio:   10.97
      Required ratio:    0.00 (Side area) 
      Cumulative area ratio:   17.00
      Required ratio:    0.00 (Cumulative side area) 

    Layer: Via3
      Partial area ratio:    0.10
      Required ratio:   20.00 (Gate area) 
      Cumulative area ratio:    0.49
      Required ratio:    0.00 (Cumulative area) 

    Layer: Metal4
      Partial area ratio:    6.25
      Required ratio:    0.00 (Gate area) 
      Cumulative area ratio:    9.73
      Required ratio:  200.00 (Cumulative area) 
      Partial area ratio:   28.63
      Required ratio:    0.00 (Side area) 
      Cumulative area ratio:   45.62
      Required ratio:    0.00 (Cumulative side area) 

    Layer: Via4
      Partial area ratio:    0.10
      Required ratio:   20.00 (Gate area) 
      Cumulative area ratio:    0.59
      Required ratio:    0.00 (Cumulative area) 

    Layer: Metal5
      Partial area ratio:   32.39
      Required ratio:    0.00 (Gate area) 
      Cumulative area ratio:   42.12
      Required ratio: 14172.00 (Cumulative area) 
      Partial area ratio:  145.95
      Required ratio:    0.00 (Side area) 
      Cumulative area ratio:  191.58
      Required ratio:    0.00 (Cumulative side area) 


  Pin:   m.u_conv3.u_weights._18264_/A2 (sg13g2_o21ai_1)
    Layer: Metal1
      Partial area ratio:    0.01
      Required ratio:    0.00 (Gate area) 
      Cumulative area ratio:    0.01
      Required ratio:  200.00 (Cumulative area) 
      Partial area ratio:    1.23
      Required ratio:    0.00 (Side area) 
      Cumulative area ratio:    1.23
      Required ratio:    0.00 (Cumulative side area) 

    Layer: Via1
      Partial area ratio:    0.13
      Required ratio:   20.00 (Gate area) 
      Cumulative area ratio:    0.13
      Required ratio:    0.00 (Cumulative area) 

    Layer: Metal2
      Partial area ratio:    3.98
      Required ratio:    0.00 (Gate area) 
      Cumulative area ratio:    3.99
      Required ratio:  200.00 (Cumulative area) 
      Partial area ratio:   18.55
      Required ratio:    0.00 (Side area) 
      Cumulative area ratio:   19.78
      Required ratio:    0.00 (Cumulative side area) 

    Layer: Via2
      Partial area ratio:    0.26
      Required ratio:   20.00 (Gate area) 
      Cumulative area ratio:    0.39
      Required ratio:    0.00 (Cumulative area) 

    Layer: Metal3
      Partial area ratio:  139.78
      Required ratio:    0.00 (Gate area) 
      Cumulative area ratio:  143.77
      Required ratio:  200.00 (Cumulative area) 
      Partial area ratio:  630.29
      Required ratio:    0.00 (Side area) 
      Cumulative area ratio:  650.07
      Required ratio:    0.00 (Cumulative side area) 

    Layer: Via3
      Partial area ratio:    0.13
      Required ratio:   20.00 (Gate area) 
      Cumulative area ratio:    0.52
      Required ratio:    0.00 (Cumulative area) 

    Layer: Metal4
      Partial area ratio:   61.13
      Required ratio:    0.00 (Gate area) 
      Cumulative area ratio:  204.90
      Required ratio:  200.00 (Cumulative area) (VIOLATED)
      Partial area ratio:  275.75
      Required ratio:    0.00 (Side area) 
      Cumulative area ratio:  925.83
      Required ratio:    0.00 (Cumulative side area) 

    Layer: Via4
      Partial area ratio:    0.14
      Required ratio:   20.00 (Gate area) 
      Cumulative area ratio:    0.66
      Required ratio:    0.00 (Cumulative area) 

    Layer: Metal5
      Partial area ratio:   32.39
      Required ratio:    0.00 (Gate area) 
      Cumulative area ratio:  237.29
      Required ratio: 14172.00 (Cumulative area) 
      Partial area ratio:  145.95
      Required ratio:    0.00 (Side area) 
      Cumulative area ratio: 1071.78
      Required ratio:    0.00 (Cumulative side area) 


  Pin:   m.u_conv3.u_weights._20308_/A (sg13g2_xnor2_1)
    Layer: Via1
      Partial area ratio:    0.08
      Required ratio:   20.00 (Gate area) 
      Cumulative area ratio:    0.08
      Required ratio:    0.00 (Cumulative area) 

    Layer: Metal2
      Partial area ratio:   18.43
      Required ratio:    0.00 (Gate area) 
      Cumulative area ratio:   18.43
      Required ratio:  200.00 (Cumulative area) 
      Partial area ratio:   83.12
      Required ratio:    0.00 (Side area) 
      Cumulative area ratio:   83.12
      Required ratio:    0.00 (Cumulative side area) 

    Layer: Via2
      Partial area ratio:    0.17
      Required ratio:   20.00 (Gate area) 
      Cumulative area ratio:    0.25
      Required ratio:    0.00 (Cumulative area) 

    Layer: Metal3
      Partial area ratio:    0.27
      Required ratio:    0.00 (Gate area) 
      Cumulative area ratio:   18.70
      Required ratio:  200.00 (Cumulative area) 
      Partial area ratio:    2.05
      Required ratio:    0.00 (Side area) 
      Cumulative area ratio:   85.18
      Required ratio:    0.00 (Cumulative side area) 

    Layer: Via3
      Partial area ratio:    0.08
      Required ratio:   20.00 (Gate area) 
      Cumulative area ratio:    0.33
      Required ratio:    0.00 (Cumulative area) 

    Layer: Metal4
      Partial area ratio:    6.74
      Required ratio:    0.00 (Gate area) 
      Cumulative area ratio:   25.44
      Required ratio:  200.00 (Cumulative area) 
      Partial area ratio:   30.59
      Required ratio:    0.00 (Side area) 
      Cumulative area ratio:  115.77
      Required ratio:    0.00 (Cumulative side area) 

    Layer: Via4
      Partial area ratio:    0.03
      Required ratio:   20.00 (Gate area) 
      Cumulative area ratio:    0.36
      Required ratio:    0.00 (Cumulative area) 

    Layer: Metal5
      Partial area ratio:   32.39
      Required ratio:    0.00 (Gate area) 
      Cumulative area ratio:   57.83
      Required ratio: 14172.00 (Cumulative area) 
      Partial area ratio:  145.95
      Required ratio:    0.00 (Side area) 
      Cumulative area ratio:  261.73
      Required ratio:    0.00 (Cumulative side area) 


  Pin:   m.u_conv3.u_weights._26393_/A (sg13g2_nand2_1)
    Layer: Via1
      Partial area ratio:    0.15
      Required ratio:   20.00 (Gate area) 
      Cumulative area ratio:    0.15
      Required ratio:    0.00 (Cumulative area) 

    Layer: Metal2
      Partial area ratio:    2.27
      Required ratio:    0.00 (Gate area) 
      Cumulative area ratio:    2.27
      Required ratio:  200.00 (Cumulative area) 
      Partial area ratio:   10.91
      Required ratio:    0.00 (Side area) 
      Cumulative area ratio:   10.91
      Required ratio:    0.00 (Cumulative side area) 

    Layer: Via2
      Partial area ratio:    0.30
      Required ratio:   20.00 (Gate area) 
      Cumulative area ratio:    0.45
      Required ratio:    0.00 (Cumulative area) 

    Layer: Metal3
      Partial area ratio:   12.41
      Required ratio:    0.00 (Gate area) 
      Cumulative area ratio:   14.68
      Required ratio:  200.00 (Cumulative area) 
      Partial area ratio:   57.32
      Required ratio:    0.00 (Side area) 
      Cumulative area ratio:   68.23
      Required ratio:    0.00 (Cumulative side area) 

    Layer: Via3
      Partial area ratio:    0.30
      Required ratio:   20.00 (Gate area) 
      Cumulative area ratio:    0.75
      Required ratio:    0.00 (Cumulative area) 

    Layer: Metal4
      Partial area ratio:   61.13
      Required ratio:    0.00 (Gate area) 
      Cumulative area ratio:   75.81
      Required ratio:  200.00 (Cumulative area) 
      Partial area ratio:  275.75
      Required ratio:    0.00 (Side area) 
      Cumulative area ratio:  343.98
      Required ratio:    0.00 (Cumulative side area) 

    Layer: Via4
      Partial area ratio:    0.14
      Required ratio:   20.00 (Gate area) 
      Cumulative area ratio:    0.89
      Required ratio:    0.00 (Cumulative area) 

    Layer: Metal5
      Partial area ratio:   32.39
      Required ratio:    0.00 (Gate area) 
      Cumulative area ratio:  108.20
      Required ratio: 14172.00 (Cumulative area) 
      Partial area ratio:  145.95
      Required ratio:    0.00 (Side area) 
      Cumulative area ratio:  489.94
      Required ratio:    0.00 (Cumulative side area) 


  Pin:   m.u_conv3.u_weights._26650_/A (sg13g2_xnor2_1)
    Layer: Via1
      Partial area ratio:    0.08
      Required ratio:   20.00 (Gate area) 
      Cumulative area ratio:    0.08
      Required ratio:    0.00 (Cumulative area) 

    Layer: Metal2
      Partial area ratio:    2.11
      Required ratio:    0.00 (Gate area) 
      Cumulative area ratio:    2.11
      Required ratio:  200.00 (Cumulative area) 
      Partial area ratio:    9.87
      Required ratio:    0.00 (Side area) 
      Cumulative area ratio:    9.87
      Required ratio:    0.00 (Cumulative side area) 

    Layer: Via2
      Partial area ratio:    0.17
      Required ratio:   20.00 (Gate area) 
      Cumulative area ratio:    0.25
      Required ratio:    0.00 (Cumulative area) 

    Layer: Metal3
      Partial area ratio:    0.27
      Required ratio:    0.00 (Gate area) 
      Cumulative area ratio:    2.38
      Required ratio:  200.00 (Cumulative area) 
      Partial area ratio:    2.05
      Required ratio:    0.00 (Side area) 
      Cumulative area ratio:   11.92
      Required ratio:    0.00 (Cumulative side area) 

    Layer: Via3
      Partial area ratio:    0.08
      Required ratio:   20.00 (Gate area) 
      Cumulative area ratio:    0.33
      Required ratio:    0.00 (Cumulative area) 

    Layer: Metal4
      Partial area ratio:    6.74
      Required ratio:    0.00 (Gate area) 
      Cumulative area ratio:    9.12
      Required ratio:  200.00 (Cumulative area) 
      Partial area ratio:   30.59
      Required ratio:    0.00 (Side area) 
      Cumulative area ratio:   42.51
      Required ratio:    0.00 (Cumulative side area) 

    Layer: Via4
      Partial area ratio:    0.03
      Required ratio:   20.00 (Gate area) 
      Cumulative area ratio:    0.36
      Required ratio:    0.00 (Cumulative area) 

    Layer: Metal5
      Partial area ratio:   32.39
      Required ratio:    0.00 (Gate area) 
      Cumulative area ratio:   41.51
      Required ratio: 14172.00 (Cumulative area) 
      Partial area ratio:  145.95
      Required ratio:    0.00 (Side area) 
      Cumulative area ratio:  188.47
      Required ratio:    0.00 (Cumulative side area) 


  Pin:   m.u_conv3.u_weights._30575_/A (sg13g2_xnor2_1)
    Layer: Via1
      Partial area ratio:    0.08
      Required ratio:   20.00 (Gate area) 
      Cumulative area ratio:    0.08
      Required ratio:    0.00 (Cumulative area) 

    Layer: Metal2
      Partial area ratio:   18.43
      Required ratio:    0.00 (Gate area) 
      Cumulative area ratio:   18.43
      Required ratio:  200.00 (Cumulative area) 
      Partial area ratio:   83.12
      Required ratio:    0.00 (Side area) 
      Cumulative area ratio:   83.12
      Required ratio:    0.00 (Cumulative side area) 

    Layer: Via2
      Partial area ratio:    0.17
      Required ratio:   20.00 (Gate area) 
      Cumulative area ratio:    0.25
      Required ratio:    0.00 (Cumulative area) 

    Layer: Metal3
      Partial area ratio:    0.27
      Required ratio:    0.00 (Gate area) 
      Cumulative area ratio:   18.70
      Required ratio:  200.00 (Cumulative area) 
      Partial area ratio:    2.05
      Required ratio:    0.00 (Side area) 
      Cumulative area ratio:   85.18
      Required ratio:    0.00 (Cumulative side area) 

    Layer: Via3
      Partial area ratio:    0.08
      Required ratio:   20.00 (Gate area) 
      Cumulative area ratio:    0.33
      Required ratio:    0.00 (Cumulative area) 

    Layer: Metal4
      Partial area ratio:    6.74
      Required ratio:    0.00 (Gate area) 
      Cumulative area ratio:   25.44
      Required ratio:  200.00 (Cumulative area) 
      Partial area ratio:   30.59
      Required ratio:    0.00 (Side area) 
      Cumulative area ratio:  115.77
      Required ratio:    0.00 (Cumulative side area) 

    Layer: Via4
      Partial area ratio:    0.03
      Required ratio:   20.00 (Gate area) 
      Cumulative area ratio:    0.36
      Required ratio:    0.00 (Cumulative area) 

    Layer: Metal5
      Partial area ratio:   32.39
      Required ratio:    0.00 (Gate area) 
      Cumulative area ratio:   57.83
      Required ratio: 14172.00 (Cumulative area) 
      Partial area ratio:  145.95
      Required ratio:    0.00 (Side area) 
      Cumulative area ratio:  261.73
      Required ratio:    0.00 (Cumulative side area) 


  Pin:   fanout598/A (sg13g2_buf_1)
    Layer: Via1
      Partial area ratio:    0.20
      Required ratio:   20.00 (Gate area) 
      Cumulative area ratio:    0.20
      Required ratio:    0.00 (Cumulative area) 

    Layer: Metal2
      Partial area ratio:   21.07
      Required ratio:    0.00 (Gate area) 
      Cumulative area ratio:   21.07
      Required ratio: 14172.00 (Cumulative area) 
      Partial area ratio:   95.74
      Required ratio:    0.00 (Side area) 
      Cumulative area ratio:   95.74
      Required ratio:    0.00 (Cumulative side area) 

    Layer: Via2
      Partial area ratio:    0.60
      Required ratio:  354.30 (Gate area) 
      Cumulative area ratio:    0.80
      Required ratio:    0.00 (Cumulative area) 

    Layer: Metal3
      Partial area ratio:    8.95
      Required ratio:    0.00 (Gate area) 
      Cumulative area ratio:   30.02
      Required ratio: 14172.00 (Cumulative area) 
      Partial area ratio:   43.23
      Required ratio:    0.00 (Side area) 
      Cumulative area ratio:  138.97
      Required ratio:    0.00 (Cumulative side area) 

    Layer: Via3
      Partial area ratio:    0.20
      Required ratio:  354.30 (Gate area) 
      Cumulative area ratio:    1.00
      Required ratio:    0.00 (Cumulative area) 

    Layer: Metal4
      Partial area ratio:   24.34
      Required ratio:    0.00 (Gate area) 
      Cumulative area ratio:   54.36
      Required ratio: 14172.00 (Cumulative area) 
      Partial area ratio:  110.50
      Required ratio:    0.00 (Side area) 
      Cumulative area ratio:  249.47
      Required ratio:    0.00 (Cumulative side area) 

    Layer: Via4
      Partial area ratio:    0.20
      Required ratio:  354.30 (Gate area) 
      Cumulative area ratio:    1.20
      Required ratio:    0.00 (Cumulative area) 

    Layer: Metal5
      Partial area ratio:   32.39
      Required ratio:    0.00 (Gate area) 
      Cumulative area ratio:   86.75
      Required ratio: 14172.00 (Cumulative area) 
      Partial area ratio:  145.95
      Required ratio:    0.00 (Side area) 
      Cumulative area ratio:  395.42
      Required ratio:    0.00 (Cumulative side area) 



Net: net604
  Pin:   m.u_conv3.u_weights._15946_/A (sg13g2_nand2_1)
    Layer: Via1
      Partial area ratio:    0.15
      Required ratio:   20.00 (Gate area) 
      Cumulative area ratio:    0.15
      Required ratio:    0.00 (Cumulative area) 

    Layer: Metal2
      Partial area ratio:    5.44
      Required ratio:    0.00 (Gate area) 
      Cumulative area ratio:    5.44
      Required ratio:  200.00 (Cumulative area) 
      Partial area ratio:   25.20
      Required ratio:    0.00 (Side area) 
      Cumulative area ratio:   25.20
      Required ratio:    0.00 (Cumulative side area) 

    Layer: Via2
      Partial area ratio:    0.30
      Required ratio:   20.00 (Gate area) 
      Cumulative area ratio:    0.45
      Required ratio:    0.00 (Cumulative area) 

    Layer: Metal3
      Partial area ratio:   48.37
      Required ratio:    0.00 (Gate area) 
      Cumulative area ratio:   53.82
      Required ratio:  200.00 (Cumulative area) 
      Partial area ratio:  219.90
      Required ratio:    0.00 (Side area) 
      Cumulative area ratio:  245.10
      Required ratio:    0.00 (Cumulative side area) 

    Layer: Via3
      Partial area ratio:    0.15
      Required ratio:   20.00 (Gate area) 
      Cumulative area ratio:    0.60
      Required ratio:    0.00 (Cumulative area) 

    Layer: Metal4
      Partial area ratio:    3.14
      Required ratio:    0.00 (Gate area) 
      Cumulative area ratio:   56.95
      Required ratio:  200.00 (Cumulative area) 
      Partial area ratio:   14.49
      Required ratio:    0.00 (Side area) 
      Cumulative area ratio:  259.59
      Required ratio:    0.00 (Cumulative side area) 

    Layer: Via4
      Partial area ratio:    0.07
      Required ratio:   20.00 (Gate area) 
      Cumulative area ratio:    0.67
      Required ratio:    0.00 (Cumulative area) 

    Layer: Metal5
      Partial area ratio:   20.69
      Required ratio:    0.00 (Gate area) 
      Cumulative area ratio:   77.64
      Required ratio: 14172.00 (Cumulative area) 
      Partial area ratio:   93.23
      Required ratio:    0.00 (Side area) 
      Cumulative area ratio:  352.82
      Required ratio:    0.00 (Cumulative side area) 


  Pin:   m.u_conv3.u_weights._15947_/A (sg13g2_nor2_1)
    Layer: Via1
      Partial area ratio:    0.15
      Required ratio:   20.00 (Gate area) 
      Cumulative area ratio:    0.15
      Required ratio:    0.00 (Cumulative area) 

    Layer: Metal2
      Partial area ratio:    3.13
      Required ratio:    0.00 (Gate area) 
      Cumulative area ratio:    3.13
      Required ratio:  200.00 (Cumulative area) 
      Partial area ratio:   14.81
      Required ratio:    0.00 (Side area) 
      Cumulative area ratio:   14.81
      Required ratio:    0.00 (Cumulative side area) 

    Layer: Via2
      Partial area ratio:    0.30
      Required ratio:   20.00 (Gate area) 
      Cumulative area ratio:    0.45
      Required ratio:    0.00 (Cumulative area) 

    Layer: Metal3
      Partial area ratio:    0.49
      Required ratio:    0.00 (Gate area) 
      Cumulative area ratio:    3.63
      Required ratio:  200.00 (Cumulative area) 
      Partial area ratio:    3.68
      Required ratio:    0.00 (Side area) 
      Cumulative area ratio:   18.50
      Required ratio:    0.00 (Cumulative side area) 

    Layer: Via3
      Partial area ratio:    0.15
      Required ratio:   20.00 (Gate area) 
      Cumulative area ratio:    0.60
      Required ratio:    0.00 (Cumulative area) 

    Layer: Metal4
      Partial area ratio:    3.14
      Required ratio:    0.00 (Gate area) 
      Cumulative area ratio:    6.76
      Required ratio:  200.00 (Cumulative area) 
      Partial area ratio:   14.49
      Required ratio:    0.00 (Side area) 
      Cumulative area ratio:   32.99
      Required ratio:    0.00 (Cumulative side area) 

    Layer: Via4
      Partial area ratio:    0.07
      Required ratio:   20.00 (Gate area) 
      Cumulative area ratio:    0.67
      Required ratio:    0.00 (Cumulative area) 

    Layer: Metal5
      Partial area ratio:   20.69
      Required ratio:    0.00 (Gate area) 
      Cumulative area ratio:   27.45
      Required ratio: 14172.00 (Cumulative area) 
      Partial area ratio:   93.23
      Required ratio:    0.00 (Side area) 
      Cumulative area ratio:  126.22
      Required ratio:    0.00 (Cumulative side area) 


  Pin:   m.u_conv3.u_weights._15951_/A (sg13g2_xnor2_1)
    Layer: Via1
      Partial area ratio:    0.08
      Required ratio:   20.00 (Gate area) 
      Cumulative area ratio:    0.08
      Required ratio:    0.00 (Cumulative area) 

    Layer: Metal2
      Partial area ratio:    0.97
      Required ratio:    0.00 (Gate area) 
      Cumulative area ratio:    0.97
      Required ratio:  200.00 (Cumulative area) 
      Partial area ratio:    4.76
      Required ratio:    0.00 (Side area) 
      Cumulative area ratio:    4.76
      Required ratio:    0.00 (Cumulative side area) 

    Layer: Via2
      Partial area ratio:    0.17
      Required ratio:   20.00 (Gate area) 
      Cumulative area ratio:    0.25
      Required ratio:    0.00 (Cumulative area) 

    Layer: Metal3
      Partial area ratio:    0.27
      Required ratio:    0.00 (Gate area) 
      Cumulative area ratio:    1.24
      Required ratio:  200.00 (Cumulative area) 
      Partial area ratio:    2.05
      Required ratio:    0.00 (Side area) 
      Cumulative area ratio:    6.81
      Required ratio:    0.00 (Cumulative side area) 

    Layer: Via3
      Partial area ratio:    0.08
      Required ratio:   20.00 (Gate area) 
      Cumulative area ratio:    0.33
      Required ratio:    0.00 (Cumulative area) 

    Layer: Metal4
      Partial area ratio:   11.82
      Required ratio:    0.00 (Gate area) 
      Cumulative area ratio:   13.06
      Required ratio: 14172.00 (Cumulative area) 
      Partial area ratio:   53.44
      Required ratio:    0.00 (Side area) 
      Cumulative area ratio:   60.25
      Required ratio:    0.00 (Cumulative side area) 

    Layer: Via4
      Partial area ratio:    0.03
      Required ratio:  354.30 (Gate area) 
      Cumulative area ratio:    0.36
      Required ratio:    0.00 (Cumulative area) 

    Layer: Metal5
      Partial area ratio:   20.69
      Required ratio:    0.00 (Gate area) 
      Cumulative area ratio:   33.75
      Required ratio: 14172.00 (Cumulative area) 
      Partial area ratio:   93.23
      Required ratio:    0.00 (Side area) 
      Cumulative area ratio:  153.48
      Required ratio:    0.00 (Cumulative side area) 


  Pin:   m.u_conv3.u_weights._20971_/A (sg13g2_xnor2_1)
    Layer: Via1
      Partial area ratio:    0.08
      Required ratio:   20.00 (Gate area) 
      Cumulative area ratio:    0.08
      Required ratio:    0.00 (Cumulative area) 

    Layer: Metal2
      Partial area ratio:    6.50
      Required ratio:    0.00 (Gate area) 
      Cumulative area ratio:    6.50
      Required ratio: 14172.00 (Cumulative area) 
      Partial area ratio:   27.50
      Required ratio:    0.00 (Side area) 
      Cumulative area ratio:   27.50
      Required ratio:    0.00 (Cumulative side area) 

    Layer: Via2
      Partial area ratio:    0.40
      Required ratio:  354.30 (Gate area) 
      Cumulative area ratio:    0.48
      Required ratio:    0.00 (Cumulative area) 

    Layer: Metal3
      Partial area ratio:   16.12
      Required ratio:    0.00 (Gate area) 
      Cumulative area ratio:   22.63
      Required ratio: 14172.00 (Cumulative area) 
      Partial area ratio:   73.66
      Required ratio:    0.00 (Side area) 
      Cumulative area ratio:  101.16
      Required ratio:    0.00 (Cumulative side area) 

    Layer: Via3
      Partial area ratio:    0.08
      Required ratio:  354.30 (Gate area) 
      Cumulative area ratio:    0.56
      Required ratio:    0.00 (Cumulative area) 

    Layer: Metal4
      Partial area ratio:   11.82
      Required ratio:    0.00 (Gate area) 
      Cumulative area ratio:   34.44
      Required ratio: 14172.00 (Cumulative area) 
      Partial area ratio:   53.44
      Required ratio:    0.00 (Side area) 
      Cumulative area ratio:  154.60
      Required ratio:    0.00 (Cumulative side area) 

    Layer: Via4
      Partial area ratio:    0.03
      Required ratio:  354.30 (Gate area) 
      Cumulative area ratio:    0.59
      Required ratio:    0.00 (Cumulative area) 

    Layer: Metal5
      Partial area ratio:   20.69
      Required ratio:    0.00 (Gate area) 
      Cumulative area ratio:   55.13
      Required ratio: 14172.00 (Cumulative area) 
      Partial area ratio:   93.23
      Required ratio:    0.00 (Side area) 
      Cumulative area ratio:  247.83
      Required ratio:    0.00 (Cumulative side area) 


  Pin:   m.u_conv3.u_weights._22036_/B (sg13g2_nor2_1)
    Layer: Via1
      Partial area ratio:    0.15
      Required ratio:   20.00 (Gate area) 
      Cumulative area ratio:    0.15
      Required ratio:    0.00 (Cumulative area) 

    Layer: Metal2
      Partial area ratio:   38.69
      Required ratio:    0.00 (Gate area) 
      Cumulative area ratio:   38.69
      Required ratio:  200.00 (Cumulative area) 
      Partial area ratio:  174.80
      Required ratio:    0.00 (Side area) 
      Cumulative area ratio:  174.80
      Required ratio:    0.00 (Cumulative side area) 

    Layer: Via2
      Partial area ratio:    0.45
      Required ratio:   20.00 (Gate area) 
      Cumulative area ratio:    0.60
      Required ratio:    0.00 (Cumulative area) 

    Layer: Metal3
      Partial area ratio:   16.12
      Required ratio:    0.00 (Gate area) 
      Cumulative area ratio:   54.81
      Required ratio: 14172.00 (Cumulative area) 
      Partial area ratio:   73.66
      Required ratio:    0.00 (Side area) 
      Cumulative area ratio:  248.45
      Required ratio:    0.00 (Cumulative side area) 

    Layer: Via3
      Partial area ratio:    0.08
      Required ratio:  354.30 (Gate area) 
      Cumulative area ratio:    0.68
      Required ratio:    0.00 (Cumulative area) 

    Layer: Metal4
      Partial area ratio:   11.82
      Required ratio:    0.00 (Gate area) 
      Cumulative area ratio:   66.63
      Required ratio: 14172.00 (Cumulative area) 
      Partial area ratio:   53.44
      Required ratio:    0.00 (Side area) 
      Cumulative area ratio:  301.89
      Required ratio:    0.00 (Cumulative side area) 

    Layer: Via4
      Partial area ratio:    0.03
      Required ratio:  354.30 (Gate area) 
      Cumulative area ratio:    0.70
      Required ratio:    0.00 (Cumulative area) 

    Layer: Metal5
      Partial area ratio:   20.69
      Required ratio:    0.00 (Gate area) 
      Cumulative area ratio:   87.32
      Required ratio: 14172.00 (Cumulative area) 
      Partial area ratio:   93.23
      Required ratio:    0.00 (Side area) 
      Cumulative area ratio:  395.12
      Required ratio:    0.00 (Cumulative side area) 


  Pin:   m.u_conv3.u_weights._22037_/B (sg13g2_nand2_1)
    Layer: Via1
      Partial area ratio:    0.15
      Required ratio:   20.00 (Gate area) 
      Cumulative area ratio:    0.15
      Required ratio:    0.00 (Cumulative area) 

    Layer: Metal2
      Partial area ratio:    3.25
      Required ratio:    0.00 (Gate area) 
      Cumulative area ratio:    3.25
      Required ratio:  200.00 (Cumulative area) 
      Partial area ratio:   15.33
      Required ratio:    0.00 (Side area) 
      Cumulative area ratio:   15.33
      Required ratio:    0.00 (Cumulative side area) 

    Layer: Via2
      Partial area ratio:    0.30
      Required ratio:   20.00 (Gate area) 
      Cumulative area ratio:    0.45
      Required ratio:    0.00 (Cumulative area) 

    Layer: Metal3
      Partial area ratio:   16.12
      Required ratio:    0.00 (Gate area) 
      Cumulative area ratio:   19.37
      Required ratio: 14172.00 (Cumulative area) 
      Partial area ratio:   73.66
      Required ratio:    0.00 (Side area) 
      Cumulative area ratio:   88.99
      Required ratio:    0.00 (Cumulative side area) 

    Layer: Via3
      Partial area ratio:    0.08
      Required ratio:  354.30 (Gate area) 
      Cumulative area ratio:    0.53
      Required ratio:    0.00 (Cumulative area) 

    Layer: Metal4
      Partial area ratio:   11.82
      Required ratio:    0.00 (Gate area) 
      Cumulative area ratio:   31.19
      Required ratio: 14172.00 (Cumulative area) 
      Partial area ratio:   53.44
      Required ratio:    0.00 (Side area) 
      Cumulative area ratio:  142.43
      Required ratio:    0.00 (Cumulative side area) 

    Layer: Via4
      Partial area ratio:    0.03
      Required ratio:  354.30 (Gate area) 
      Cumulative area ratio:    0.55
      Required ratio:    0.00 (Cumulative area) 

    Layer: Metal5
      Partial area ratio:   20.69
      Required ratio:    0.00 (Gate area) 
      Cumulative area ratio:   51.88
      Required ratio: 14172.00 (Cumulative area) 
      Partial area ratio:   93.23
      Required ratio:    0.00 (Side area) 
      Cumulative area ratio:  235.66
      Required ratio:    0.00 (Cumulative side area) 


  Pin:   m.u_conv3.u_weights._27066_/A (sg13g2_nor2_1)
    Layer: Via1
      Partial area ratio:    0.15
      Required ratio:   20.00 (Gate area) 
      Cumulative area ratio:    0.15
      Required ratio:    0.00 (Cumulative area) 

    Layer: Metal2
      Partial area ratio:  121.98
      Required ratio:    0.00 (Gate area) 
      Cumulative area ratio:  121.98
      Required ratio:  200.00 (Cumulative area) 
      Partial area ratio:  549.64
      Required ratio:    0.00 (Side area) 
      Cumulative area ratio:  549.64
      Required ratio:    0.00 (Cumulative side area) 

    Layer: Via2
      Partial area ratio:    0.30
      Required ratio:   20.00 (Gate area) 
      Cumulative area ratio:    0.45
      Required ratio:    0.00 (Cumulative area) 

    Layer: Metal3
      Partial area ratio:   89.83
      Required ratio:    0.00 (Gate area) 
      Cumulative area ratio:  211.82
      Required ratio:  200.00 (Cumulative area) (VIOLATED)
      Partial area ratio:  405.71
      Required ratio:    0.00 (Side area) 
      Cumulative area ratio:  955.35
      Required ratio:    0.00 (Cumulative side area) 

    Layer: Via3
      Partial area ratio:    0.30
      Required ratio:   20.00 (Gate area) 
      Cumulative area ratio:    0.75
      Required ratio:    0.00 (Cumulative area) 

    Layer: Metal4
      Partial area ratio:    6.53
      Required ratio:    0.00 (Gate area) 
      Cumulative area ratio:  218.35
      Required ratio:  200.00 (Cumulative area) (VIOLATED)
      Partial area ratio:   30.84
      Required ratio:    0.00 (Side area) 
      Cumulative area ratio:  986.18
      Required ratio:    0.00 (Cumulative side area) 

    Layer: Via4
      Partial area ratio:    0.30
      Required ratio:   20.00 (Gate area) 
      Cumulative area ratio:    1.05
      Required ratio:    0.00 (Cumulative area) 

    Layer: Metal5
      Partial area ratio:   20.69
      Required ratio:    0.00 (Gate area) 
      Cumulative area ratio:  239.03
      Required ratio: 14172.00 (Cumulative area) 
      Partial area ratio:   93.23
      Required ratio:    0.00 (Side area) 
      Cumulative area ratio: 1079.42
      Required ratio:    0.00 (Cumulative side area) 


  Pin:   m.u_conv3.u_weights._29693_/A (sg13g2_xnor2_1)
    Layer: Via1
      Partial area ratio:    0.08
      Required ratio:   20.00 (Gate area) 
      Cumulative area ratio:    0.08
      Required ratio:    0.00 (Cumulative area) 

    Layer: Metal2
      Partial area ratio:    3.07
      Required ratio:    0.00 (Gate area) 
      Cumulative area ratio:    3.07
      Required ratio:  200.00 (Cumulative area) 
      Partial area ratio:   14.22
      Required ratio:    0.00 (Side area) 
      Cumulative area ratio:   14.22
      Required ratio:    0.00 (Cumulative side area) 

    Layer: Via2
      Partial area ratio:    0.17
      Required ratio:   20.00 (Gate area) 
      Cumulative area ratio:    0.25
      Required ratio:    0.00 (Cumulative area) 

    Layer: Metal3
      Partial area ratio:    0.27
      Required ratio:    0.00 (Gate area) 
      Cumulative area ratio:    3.35
      Required ratio:  200.00 (Cumulative area) 
      Partial area ratio:    2.05
      Required ratio:    0.00 (Side area) 
      Cumulative area ratio:   16.27
      Required ratio:    0.00 (Cumulative side area) 

    Layer: Via3
      Partial area ratio:    0.08
      Required ratio:   20.00 (Gate area) 
      Cumulative area ratio:    0.33
      Required ratio:    0.00 (Cumulative area) 

    Layer: Metal4
      Partial area ratio:   89.72
      Required ratio:    0.00 (Gate area) 
      Cumulative area ratio:   93.07
      Required ratio:  200.00 (Cumulative area) 
      Partial area ratio:  404.16
      Required ratio:    0.00 (Side area) 
      Cumulative area ratio:  420.43
      Required ratio:    0.00 (Cumulative side area) 

    Layer: Via4
      Partial area ratio:    0.08
      Required ratio:   20.00 (Gate area) 
      Cumulative area ratio:    0.42
      Required ratio:    0.00 (Cumulative area) 

    Layer: Metal5
      Partial area ratio:   20.69
      Required ratio:    0.00 (Gate area) 
      Cumulative area ratio:  113.76
      Required ratio: 14172.00 (Cumulative area) 
      Partial area ratio:   93.23
      Required ratio:    0.00 (Side area) 
      Cumulative area ratio:  513.66
      Required ratio:    0.00 (Cumulative side area) 



Net: net615
  Pin:   m.u_conv3.u_weights._19657_/A1 (sg13g2_a21o_1)
    Layer: Via1
      Partial area ratio:    0.17
      Required ratio:   20.00 (Gate area) 
      Cumulative area ratio:    0.17
      Required ratio:    0.00 (Cumulative area) 

    Layer: Metal2
      Partial area ratio:   48.96
      Required ratio:    0.00 (Gate area) 
      Cumulative area ratio:   48.96
      Required ratio:  200.00 (Cumulative area) 
      Partial area ratio:  221.08
      Required ratio:    0.00 (Side area) 
      Cumulative area ratio:  221.08
      Required ratio:    0.00 (Cumulative side area) 

    Layer: Via2
      Partial area ratio:    0.68
      Required ratio:   20.00 (Gate area) 
      Cumulative area ratio:    0.85
      Required ratio:    0.00 (Cumulative area) 

    Layer: Metal3
      Partial area ratio:   36.58
      Required ratio:    0.00 (Gate area) 
      Cumulative area ratio:   85.54
      Required ratio: 14172.00 (Cumulative area) 
      Partial area ratio:  166.11
      Required ratio:    0.00 (Side area) 
      Cumulative area ratio:  387.20
      Required ratio:    0.00 (Cumulative side area) 

    Layer: Via3
      Partial area ratio:    0.02
      Required ratio:  354.30 (Gate area) 
      Cumulative area ratio:    0.87
      Required ratio:    0.00 (Cumulative area) 

    Layer: Metal4
      Partial area ratio:    7.11
      Required ratio:    0.00 (Gate area) 
      Cumulative area ratio:   92.65
      Required ratio: 14172.00 (Cumulative area) 
      Partial area ratio:   32.07
      Required ratio:    0.00 (Side area) 
      Cumulative area ratio:  419.26
      Required ratio:    0.00 (Cumulative side area) 


  Pin:   m.u_conv3.u_weights._22036_/A (sg13g2_nor2_1)
    Layer: Via1
      Partial area ratio:    0.15
      Required ratio:   20.00 (Gate area) 
      Cumulative area ratio:    0.15
      Required ratio:    0.00 (Cumulative area) 

    Layer: Metal2
      Partial area ratio:    3.62
      Required ratio:    0.00 (Gate area) 
      Cumulative area ratio:    3.62
      Required ratio:  200.00 (Cumulative area) 
      Partial area ratio:   17.01
      Required ratio:    0.00 (Side area) 
      Cumulative area ratio:   17.01
      Required ratio:    0.00 (Cumulative side area) 

    Layer: Via2
      Partial area ratio:    0.30
      Required ratio:   20.00 (Gate area) 
      Cumulative area ratio:    0.45
      Required ratio:    0.00 (Cumulative area) 

    Layer: Metal3
      Partial area ratio:   36.58
      Required ratio:    0.00 (Gate area) 
      Cumulative area ratio:   40.20
      Required ratio: 14172.00 (Cumulative area) 
      Partial area ratio:  166.11
      Required ratio:    0.00 (Side area) 
      Cumulative area ratio:  183.12
      Required ratio:    0.00 (Cumulative side area) 

    Layer: Via3
      Partial area ratio:    0.02
      Required ratio:  354.30 (Gate area) 
      Cumulative area ratio:    0.47
      Required ratio:    0.00 (Cumulative area) 

    Layer: Metal4
      Partial area ratio:    7.11
      Required ratio:    0.00 (Gate area) 
      Cumulative area ratio:   47.31
      Required ratio: 14172.00 (Cumulative area) 
      Partial area ratio:   32.07
      Required ratio:    0.00 (Side area) 
      Cumulative area ratio:  215.19
      Required ratio:    0.00 (Cumulative side area) 


  Pin:   m.u_conv3.u_weights._22037_/A (sg13g2_nand2_1)
    Layer: Via1
      Partial area ratio:    0.15
      Required ratio:   20.00 (Gate area) 
      Cumulative area ratio:    0.15
      Required ratio:    0.00 (Cumulative area) 

    Layer: Metal2
      Partial area ratio:    4.04
      Required ratio:    0.00 (Gate area) 
      Cumulative area ratio:    4.04
      Required ratio:  200.00 (Cumulative area) 
      Partial area ratio:   18.91
      Required ratio:    0.00 (Side area) 
      Cumulative area ratio:   18.91
      Required ratio:    0.00 (Cumulative side area) 

    Layer: Via2
      Partial area ratio:    0.30
      Required ratio:   20.00 (Gate area) 
      Cumulative area ratio:    0.45
      Required ratio:    0.00 (Cumulative area) 

    Layer: Metal3
      Partial area ratio:   36.58
      Required ratio:    0.00 (Gate area) 
      Cumulative area ratio:   40.62
      Required ratio: 14172.00 (Cumulative area) 
      Partial area ratio:  166.11
      Required ratio:    0.00 (Side area) 
      Cumulative area ratio:  185.02
      Required ratio:    0.00 (Cumulative side area) 

    Layer: Via3
      Partial area ratio:    0.02
      Required ratio:  354.30 (Gate area) 
      Cumulative area ratio:    0.47
      Required ratio:    0.00 (Cumulative area) 

    Layer: Metal4
      Partial area ratio:    7.11
      Required ratio:    0.00 (Gate area) 
      Cumulative area ratio:   47.73
      Required ratio: 14172.00 (Cumulative area) 
      Partial area ratio:   32.07
      Required ratio:    0.00 (Side area) 
      Cumulative area ratio:  217.09
      Required ratio:    0.00 (Cumulative side area) 


  Pin:   m.u_conv3.u_weights._23537_/A (sg13g2_xnor2_1)
    Layer: Via1
      Partial area ratio:    0.08
      Required ratio:   20.00 (Gate area) 
      Cumulative area ratio:    0.08
      Required ratio:    0.00 (Cumulative area) 

    Layer: Metal2
      Partial area ratio:    1.47
      Required ratio:    0.00 (Gate area) 
      Cumulative area ratio:    1.47
      Required ratio:  200.00 (Cumulative area) 
      Partial area ratio:    7.00
      Required ratio:    0.00 (Side area) 
      Cumulative area ratio:    7.00
      Required ratio:    0.00 (Cumulative side area) 

    Layer: Via2
      Partial area ratio:    0.17
      Required ratio:   20.00 (Gate area) 
      Cumulative area ratio:    0.25
      Required ratio:    0.00 (Cumulative area) 

    Layer: Metal3
      Partial area ratio:   36.58
      Required ratio:    0.00 (Gate area) 
      Cumulative area ratio:   38.05
      Required ratio: 14172.00 (Cumulative area) 
      Partial area ratio:  166.11
      Required ratio:    0.00 (Side area) 
      Cumulative area ratio:  173.11
      Required ratio:    0.00 (Cumulative side area) 

    Layer: Via3
      Partial area ratio:    0.02
      Required ratio:  354.30 (Gate area) 
      Cumulative area ratio:    0.27
      Required ratio:    0.00 (Cumulative area) 

    Layer: Metal4
      Partial area ratio:    7.11
      Required ratio:    0.00 (Gate area) 
      Cumulative area ratio:   45.15
      Required ratio: 14172.00 (Cumulative area) 
      Partial area ratio:   32.07
      Required ratio:    0.00 (Side area) 
      Cumulative area ratio:  205.18
      Required ratio:    0.00 (Cumulative side area) 


  Pin:   m.u_conv3.u_weights._26167_/A (sg13g2_nor2_1)
    Layer: Via1
      Partial area ratio:    0.15
      Required ratio:   20.00 (Gate area) 
      Cumulative area ratio:    0.15
      Required ratio:    0.00 (Cumulative area) 

    Layer: Metal2
      Partial area ratio:    1.69
      Required ratio:    0.00 (Gate area) 
      Cumulative area ratio:    1.69
      Required ratio:  200.00 (Cumulative area) 
      Partial area ratio:    8.23
      Required ratio:    0.00 (Side area) 
      Cumulative area ratio:    8.23
      Required ratio:    0.00 (Cumulative side area) 

    Layer: Via2
      Partial area ratio:    0.20
      Required ratio:   20.00 (Gate area) 
      Cumulative area ratio:    0.35
      Required ratio:    0.00 (Cumulative area) 

    Layer: Metal3
      Partial area ratio:    0.32
      Required ratio:    0.00 (Gate area) 
      Cumulative area ratio:    2.01
      Required ratio:  200.00 (Cumulative area) 
      Partial area ratio:    2.08
      Required ratio:    0.00 (Side area) 
      Cumulative area ratio:   10.31
      Required ratio:    0.00 (Cumulative side area) 

    Layer: Via3
      Partial area ratio:    0.15
      Required ratio:   20.00 (Gate area) 
      Cumulative area ratio:    0.50
      Required ratio:    0.00 (Cumulative area) 

    Layer: Metal4
      Partial area ratio:    7.11
      Required ratio:    0.00 (Gate area) 
      Cumulative area ratio:    9.12
      Required ratio: 14172.00 (Cumulative area) 
      Partial area ratio:   32.07
      Required ratio:    0.00 (Side area) 
      Cumulative area ratio:   42.38
      Required ratio:    0.00 (Cumulative side area) 


  Pin:   m.u_conv3.u_weights._27598_/B (sg13g2_nor2_1)
    Layer: Via1
      Partial area ratio:    0.15
      Required ratio:   20.00 (Gate area) 
      Cumulative area ratio:    0.15
      Required ratio:    0.00 (Cumulative area) 

    Layer: Metal2
      Partial area ratio:   22.64
      Required ratio:    0.00 (Gate area) 
      Cumulative area ratio:   22.64
      Required ratio:  200.00 (Cumulative area) 
      Partial area ratio:  102.59
      Required ratio:    0.00 (Side area) 
      Cumulative area ratio:  102.59
      Required ratio:    0.00 (Cumulative side area) 

    Layer: Via2
      Partial area ratio:    0.30
      Required ratio:   20.00 (Gate area) 
      Cumulative area ratio:    0.45
      Required ratio:    0.00 (Cumulative area) 

    Layer: Metal3
      Partial area ratio:   36.58
      Required ratio:    0.00 (Gate area) 
      Cumulative area ratio:   59.22
      Required ratio: 14172.00 (Cumulative area) 
      Partial area ratio:  166.11
      Required ratio:    0.00 (Side area) 
      Cumulative area ratio:  268.70
      Required ratio:    0.00 (Cumulative side area) 

    Layer: Via3
      Partial area ratio:    0.02
      Required ratio:  354.30 (Gate area) 
      Cumulative area ratio:    0.47
      Required ratio:    0.00 (Cumulative area) 

    Layer: Metal4
      Partial area ratio:    7.11
      Required ratio:    0.00 (Gate area) 
      Cumulative area ratio:   66.33
      Required ratio: 14172.00 (Cumulative area) 
      Partial area ratio:   32.07
      Required ratio:    0.00 (Side area) 
      Cumulative area ratio:  300.77
      Required ratio:    0.00 (Cumulative side area) 


  Pin:   m.u_conv3.u_weights._29026_/B (sg13g2_nor2_1)
    Layer: Via1
      Partial area ratio:    0.15
      Required ratio:   20.00 (Gate area) 
      Cumulative area ratio:    0.15
      Required ratio:    0.00 (Cumulative area) 

    Layer: Metal2
      Partial area ratio:    1.45
      Required ratio:    0.00 (Gate area) 
      Cumulative area ratio:    1.45
      Required ratio:  200.00 (Cumulative area) 
      Partial area ratio:    7.25
      Required ratio:    0.00 (Side area) 
      Cumulative area ratio:    7.25
      Required ratio:    0.00 (Cumulative side area) 

    Layer: Via2
      Partial area ratio:    0.30
      Required ratio:   20.00 (Gate area) 
      Cumulative area ratio:    0.45
      Required ratio:    0.00 (Cumulative area) 

    Layer: Metal3
      Partial area ratio:   36.58
      Required ratio:    0.00 (Gate area) 
      Cumulative area ratio:   38.03
      Required ratio: 14172.00 (Cumulative area) 
      Partial area ratio:  166.11
      Required ratio:    0.00 (Side area) 
      Cumulative area ratio:  173.36
      Required ratio:    0.00 (Cumulative side area) 

    Layer: Via3
      Partial area ratio:    0.02
      Required ratio:  354.30 (Gate area) 
      Cumulative area ratio:    0.47
      Required ratio:    0.00 (Cumulative area) 

    Layer: Metal4
      Partial area ratio:    7.11
      Required ratio:    0.00 (Gate area) 
      Cumulative area ratio:   45.14
      Required ratio: 14172.00 (Cumulative area) 
      Partial area ratio:   32.07
      Required ratio:    0.00 (Side area) 
      Cumulative area ratio:  205.43
      Required ratio:    0.00 (Cumulative side area) 


  Pin:   fanout614/A (sg13g2_buf_1)
    Layer: Via1
      Partial area ratio:    0.20
      Required ratio:   20.00 (Gate area) 
      Cumulative area ratio:    0.20
      Required ratio:    0.00 (Cumulative area) 

    Layer: Metal2
      Partial area ratio:  219.95
      Required ratio:    0.00 (Gate area) 
      Cumulative area ratio:  219.95
      Required ratio:  200.00 (Cumulative area) (VIOLATED)
      Partial area ratio:  990.71
      Required ratio:    0.00 (Side area) 
      Cumulative area ratio:  990.71
      Required ratio:    0.00 (Cumulative side area) 

    Layer: Via2
      Partial area ratio:    0.60
      Required ratio:   20.00 (Gate area) 
      Cumulative area ratio:    0.80
      Required ratio:    0.00 (Cumulative area) 

    Layer: Metal3
      Partial area ratio:   36.58
      Required ratio:    0.00 (Gate area) 
      Cumulative area ratio:  256.53
      Required ratio: 14172.00 (Cumulative area) 
      Partial area ratio:  166.11
      Required ratio:    0.00 (Side area) 
      Cumulative area ratio: 1156.82
      Required ratio:    0.00 (Cumulative side area) 

    Layer: Via3
      Partial area ratio:    0.02
      Required ratio:  354.30 (Gate area) 
      Cumulative area ratio:    0.82
      Required ratio:    0.00 (Cumulative area) 

    Layer: Metal4
      Partial area ratio:    7.11
      Required ratio:    0.00 (Gate area) 
      Cumulative area ratio:  263.64
      Required ratio: 14172.00 (Cumulative area) 
      Partial area ratio:   32.07
      Required ratio:    0.00 (Side area) 
      Cumulative area ratio: 1188.89
      Required ratio:    0.00 (Cumulative side area) 



Net: net616
  Pin:   m.u_conv3.u_weights._28338_/A1 (sg13g2_a21o_1)
    Layer: Via1
      Partial area ratio:    0.17
      Required ratio:   20.00 (Gate area) 
      Cumulative area ratio:    0.17
      Required ratio:    0.00 (Cumulative area) 

    Layer: Metal2
      Partial area ratio:    2.05
      Required ratio:    0.00 (Gate area) 
      Cumulative area ratio:    2.05
      Required ratio:  200.00 (Cumulative area) 
      Partial area ratio:    9.79
      Required ratio:    0.00 (Side area) 
      Cumulative area ratio:    9.79
      Required ratio:    0.00 (Cumulative side area) 

    Layer: Via2
      Partial area ratio:    0.30
      Required ratio:   20.00 (Gate area) 
      Cumulative area ratio:    0.47
      Required ratio:    0.00 (Cumulative area) 

    Layer: Metal3
      Partial area ratio:    0.47
      Required ratio:    0.00 (Gate area) 
      Cumulative area ratio:    2.52
      Required ratio:  200.00 (Cumulative area) 
      Partial area ratio:    2.69
      Required ratio:    0.00 (Side area) 
      Cumulative area ratio:   12.48
      Required ratio:    0.00 (Cumulative side area) 

    Layer: Via3
      Partial area ratio:    0.17
      Required ratio:   20.00 (Gate area) 
      Cumulative area ratio:    0.63
      Required ratio:    0.00 (Cumulative area) 

    Layer: Metal4
      Partial area ratio:   40.89
      Required ratio:    0.00 (Gate area) 
      Cumulative area ratio:   43.42
      Required ratio:  200.00 (Cumulative area) 
      Partial area ratio:  184.83
      Required ratio:    0.00 (Side area) 
      Cumulative area ratio:  197.32
      Required ratio:    0.00 (Cumulative side area) 

    Layer: Via4
      Partial area ratio:    0.17
      Required ratio:   20.00 (Gate area) 
      Cumulative area ratio:    0.80
      Required ratio:    0.00 (Cumulative area) 

    Layer: Metal5
      Partial area ratio:  121.22
      Required ratio:    0.00 (Gate area) 
      Cumulative area ratio:  164.64
      Required ratio: 14172.00 (Cumulative area) 
      Partial area ratio:  545.83
      Required ratio:    0.00 (Side area) 
      Cumulative area ratio:  743.15
      Required ratio:    0.00 (Cumulative side area) 


  Pin:   m.u_conv3.u_weights._30007_/A1 (sg13g2_a21oi_1)
    Layer: Metal1
      Partial area ratio:    0.02
      Required ratio:    0.00 (Gate area) 
      Cumulative area ratio:    0.02
      Required ratio:  200.00 (Cumulative area) 
      Partial area ratio:    1.16
      Required ratio:    0.00 (Side area) 
      Cumulative area ratio:    1.16
      Required ratio:    0.00 (Cumulative side area) 

    Layer: Via1
      Partial area ratio:    0.15
      Required ratio:   20.00 (Gate area) 
      Cumulative area ratio:    0.15
      Required ratio:    0.00 (Cumulative area) 

    Layer: Metal2
      Partial area ratio:    3.21
      Required ratio:    0.00 (Gate area) 
      Cumulative area ratio:    3.23
      Required ratio:  200.00 (Cumulative area) 
      Partial area ratio:   15.14
      Required ratio:    0.00 (Side area) 
      Cumulative area ratio:   16.30
      Required ratio:    0.00 (Cumulative side area) 

    Layer: Via2
      Partial area ratio:    0.30
      Required ratio:   20.00 (Gate area) 
      Cumulative area ratio:    0.45
      Required ratio:    0.00 (Cumulative area) 

    Layer: Metal3
      Partial area ratio:   66.48
      Required ratio:    0.00 (Gate area) 
      Cumulative area ratio:   69.71
      Required ratio: 14172.00 (Cumulative area) 
      Partial area ratio:  302.12
      Required ratio:    0.00 (Side area) 
      Cumulative area ratio:  318.42
      Required ratio:    0.00 (Cumulative side area) 

    Layer: Via3
      Partial area ratio:    0.15
      Required ratio:  354.30 (Gate area) 
      Cumulative area ratio:    0.60
      Required ratio:    0.00 (Cumulative area) 

    Layer: Metal4
      Partial area ratio:    3.59
      Required ratio:    0.00 (Gate area) 
      Cumulative area ratio:   73.30
      Required ratio: 14172.00 (Cumulative area) 
      Partial area ratio:   16.58
      Required ratio:    0.00 (Side area) 
      Cumulative area ratio:  335.01
      Required ratio:    0.00 (Cumulative side area) 

    Layer: Via4
      Partial area ratio:    0.09
      Required ratio:  354.30 (Gate area) 
      Cumulative area ratio:    0.68
      Required ratio:    0.00 (Cumulative area) 

    Layer: Metal5
      Partial area ratio:  121.22
      Required ratio:    0.00 (Gate area) 
      Cumulative area ratio:  194.52
      Required ratio: 14172.00 (Cumulative area) 
      Partial area ratio:  545.83
      Required ratio:    0.00 (Side area) 
      Cumulative area ratio:  880.84
      Required ratio:    0.00 (Cumulative side area) 


  Pin:   m.u_conv3.u_weights._30184_/A (sg13g2_nand2_1)
    Layer: Via1
      Partial area ratio:    0.15
      Required ratio:   20.00 (Gate area) 
      Cumulative area ratio:    0.15
      Required ratio:    0.00 (Cumulative area) 

    Layer: Metal2
      Partial area ratio:    2.65
      Required ratio:    0.00 (Gate area) 
      Cumulative area ratio:    2.65
      Required ratio:  200.00 (Cumulative area) 
      Partial area ratio:   12.66
      Required ratio:    0.00 (Side area) 
      Cumulative area ratio:   12.66
      Required ratio:    0.00 (Cumulative side area) 

    Layer: Via2
      Partial area ratio:    0.30
      Required ratio:   20.00 (Gate area) 
      Cumulative area ratio:    0.45
      Required ratio:    0.00 (Cumulative area) 

    Layer: Metal3
      Partial area ratio:    0.49
      Required ratio:    0.00 (Gate area) 
      Cumulative area ratio:    3.15
      Required ratio:  200.00 (Cumulative area) 
      Partial area ratio:    3.68
      Required ratio:    0.00 (Side area) 
      Cumulative area ratio:   16.34
      Required ratio:    0.00 (Cumulative side area) 

    Layer: Via3
      Partial area ratio:    0.15
      Required ratio:   20.00 (Gate area) 
      Cumulative area ratio:    0.60
      Required ratio:    0.00 (Cumulative area) 

    Layer: Metal4
      Partial area ratio:    0.25
      Required ratio:    0.00 (Gate area) 
      Cumulative area ratio:    3.40
      Required ratio:  200.00 (Cumulative area) 
      Partial area ratio:    1.86
      Required ratio:    0.00 (Side area) 
      Cumulative area ratio:   18.20
      Required ratio:    0.00 (Cumulative side area) 

    Layer: Via4
      Partial area ratio:    0.15
      Required ratio:   20.00 (Gate area) 
      Cumulative area ratio:    0.75
      Required ratio:    0.00 (Cumulative area) 

    Layer: Metal5
      Partial area ratio:  121.22
      Required ratio:    0.00 (Gate area) 
      Cumulative area ratio:  124.62
      Required ratio: 14172.00 (Cumulative area) 
      Partial area ratio:  545.83
      Required ratio:    0.00 (Side area) 
      Cumulative area ratio:  564.04
      Required ratio:    0.00 (Cumulative side area) 


  Pin:   fanout613/A (sg13g2_buf_1)
    Layer: Via1
      Partial area ratio:    0.20
      Required ratio:   20.00 (Gate area) 
      Cumulative area ratio:    0.20
      Required ratio:    0.00 (Cumulative area) 

    Layer: Metal2
      Partial area ratio:    6.14
      Required ratio:    0.00 (Gate area) 
      Cumulative area ratio:    6.14
      Required ratio:  200.00 (Cumulative area) 
      Partial area ratio:   28.60
      Required ratio:    0.00 (Side area) 
      Cumulative area ratio:   28.60
      Required ratio:    0.00 (Cumulative side area) 

    Layer: Via2
      Partial area ratio:    0.40
      Required ratio:   20.00 (Gate area) 
      Cumulative area ratio:    0.60
      Required ratio:    0.00 (Cumulative area) 

    Layer: Metal3
      Partial area ratio:    0.66
      Required ratio:    0.00 (Gate area) 
      Cumulative area ratio:    6.80
      Required ratio:  200.00 (Cumulative area) 
      Partial area ratio:    4.93
      Required ratio:    0.00 (Side area) 
      Cumulative area ratio:   33.53
      Required ratio:    0.00 (Cumulative side area) 

    Layer: Via3
      Partial area ratio:    0.20
      Required ratio:   20.00 (Gate area) 
      Cumulative area ratio:    0.80
      Required ratio:    0.00 (Cumulative area) 

    Layer: Metal4
      Partial area ratio:  263.93
      Required ratio:    0.00 (Gate area) 
      Cumulative area ratio:  270.74
      Required ratio:  200.00 (Cumulative area) (VIOLATED)
      Partial area ratio: 1189.65
      Required ratio:    0.00 (Side area) 
      Cumulative area ratio: 1223.18
      Required ratio:    0.00 (Cumulative side area) 

    Layer: Via4
      Partial area ratio:    0.40
      Required ratio:   20.00 (Gate area) 
      Cumulative area ratio:    1.20
      Required ratio:    0.00 (Cumulative area) 

    Layer: Metal5
      Partial area ratio:  121.22
      Required ratio:    0.00 (Gate area) 
      Cumulative area ratio:  391.96
      Required ratio: 14172.00 (Cumulative area) 
      Partial area ratio:  545.83
      Required ratio:    0.00 (Side area) 
      Cumulative area ratio: 1769.01
      Required ratio:    0.00 (Cumulative side area) 


  Pin:   fanout615/A (sg13g2_buf_1)
    Layer: Via1
      Partial area ratio:    0.20
      Required ratio:   20.00 (Gate area) 
      Cumulative area ratio:    0.20
      Required ratio:    0.00 (Cumulative area) 

    Layer: Metal2
      Partial area ratio:    7.36
      Required ratio:    0.00 (Gate area) 
      Cumulative area ratio:    7.36
      Required ratio:  200.00 (Cumulative area) 
      Partial area ratio:   34.05
      Required ratio:    0.00 (Side area) 
      Cumulative area ratio:   34.05
      Required ratio:    0.00 (Cumulative side area) 

    Layer: Via2
      Partial area ratio:    0.40
      Required ratio:   20.00 (Gate area) 
      Cumulative area ratio:    0.60
      Required ratio:    0.00 (Cumulative area) 

    Layer: Metal3
      Partial area ratio:    0.66
      Required ratio:    0.00 (Gate area) 
      Cumulative area ratio:    8.01
      Required ratio:  200.00 (Cumulative area) 
      Partial area ratio:    4.93
      Required ratio:    0.00 (Side area) 
      Cumulative area ratio:   38.98
      Required ratio:    0.00 (Cumulative side area) 

    Layer: Via3
      Partial area ratio:    0.20
      Required ratio:   20.00 (Gate area) 
      Cumulative area ratio:    0.80
      Required ratio:    0.00 (Cumulative area) 

    Layer: Metal4
      Partial area ratio:    3.59
      Required ratio:    0.00 (Gate area) 
      Cumulative area ratio:   11.61
      Required ratio: 14172.00 (Cumulative area) 
      Partial area ratio:   16.58
      Required ratio:    0.00 (Side area) 
      Cumulative area ratio:   55.57
      Required ratio:    0.00 (Cumulative side area) 

    Layer: Via4
      Partial area ratio:    0.09
      Required ratio:  354.30 (Gate area) 
      Cumulative area ratio:    0.88
      Required ratio:    0.00 (Cumulative area) 

    Layer: Metal5
      Partial area ratio:  121.22
      Required ratio:    0.00 (Gate area) 
      Cumulative area ratio:  132.83
      Required ratio: 14172.00 (Cumulative area) 
      Partial area ratio:  545.83
      Required ratio:    0.00 (Side area) 
      Cumulative area ratio:  601.40
      Required ratio:    0.00 (Cumulative side area) 



Net: net631
  Pin:   m.u_conv3.u_weights._22727_/A1 (sg13g2_o21ai_1)
    Layer: Via1
      Partial area ratio:    0.13
      Required ratio:   20.00 (Gate area) 
      Cumulative area ratio:    0.13
      Required ratio:    0.00 (Cumulative area) 

    Layer: Metal2
      Partial area ratio:    2.41
      Required ratio:    0.00 (Gate area) 
      Cumulative area ratio:    2.41
      Required ratio:  200.00 (Cumulative area) 
      Partial area ratio:   11.45
      Required ratio:    0.00 (Side area) 
      Cumulative area ratio:   11.45
      Required ratio:    0.00 (Cumulative side area) 

    Layer: Via2
      Partial area ratio:    0.26
      Required ratio:   20.00 (Gate area) 
      Cumulative area ratio:    0.39
      Required ratio:    0.00 (Cumulative area) 

    Layer: Metal3
      Partial area ratio:   28.90
      Required ratio:    0.00 (Gate area) 
      Cumulative area ratio:   31.31
      Required ratio: 14172.00 (Cumulative area) 
      Partial area ratio:  132.23
      Required ratio:    0.00 (Side area) 
      Cumulative area ratio:  143.69
      Required ratio:    0.00 (Cumulative side area) 

    Layer: Via3
      Partial area ratio:    0.05
      Required ratio:  354.30 (Gate area) 
      Cumulative area ratio:    0.44
      Required ratio:    0.00 (Cumulative area) 

    Layer: Metal4
      Partial area ratio:    0.09
      Required ratio:    0.00 (Gate area) 
      Cumulative area ratio:   31.40
      Required ratio: 14172.00 (Cumulative area) 
      Partial area ratio:    0.68
      Required ratio:    0.00 (Side area) 
      Cumulative area ratio:  144.36
      Required ratio:    0.00 (Cumulative side area) 

    Layer: Via4
      Partial area ratio:    0.05
      Required ratio:  354.30 (Gate area) 
      Cumulative area ratio:    0.50
      Required ratio:    0.00 (Cumulative area) 

    Layer: Metal5
      Partial area ratio:    8.36
      Required ratio:    0.00 (Gate area) 
      Cumulative area ratio:   39.76
      Required ratio: 14172.00 (Cumulative area) 
      Partial area ratio:   37.72
      Required ratio:    0.00 (Side area) 
      Cumulative area ratio:  182.09
      Required ratio:    0.00 (Cumulative side area) 


  Pin:   m.u_conv3.u_weights._23066_/A (sg13g2_xnor2_1)
    Layer: Via1
      Partial area ratio:    0.08
      Required ratio:   20.00 (Gate area) 
      Cumulative area ratio:    0.08
      Required ratio:    0.00 (Cumulative area) 

    Layer: Metal2
      Partial area ratio:    1.77
      Required ratio:    0.00 (Gate area) 
      Cumulative area ratio:    1.77
      Required ratio:  200.00 (Cumulative area) 
      Partial area ratio:    8.37
      Required ratio:    0.00 (Side area) 
      Cumulative area ratio:    8.37
      Required ratio:    0.00 (Cumulative side area) 

    Layer: Via2
      Partial area ratio:    0.17
      Required ratio:   20.00 (Gate area) 
      Cumulative area ratio:    0.25
      Required ratio:    0.00 (Cumulative area) 

    Layer: Metal3
      Partial area ratio:    0.27
      Required ratio:    0.00 (Gate area) 
      Cumulative area ratio:    2.05
      Required ratio:  200.00 (Cumulative area) 
      Partial area ratio:    2.05
      Required ratio:    0.00 (Side area) 
      Cumulative area ratio:   10.43
      Required ratio:    0.00 (Cumulative side area) 

    Layer: Via3
      Partial area ratio:    0.08
      Required ratio:   20.00 (Gate area) 
      Cumulative area ratio:    0.33
      Required ratio:    0.00 (Cumulative area) 

    Layer: Metal4
      Partial area ratio:   50.11
      Required ratio:    0.00 (Gate area) 
      Cumulative area ratio:   52.16
      Required ratio:  200.00 (Cumulative area) 
      Partial area ratio:  225.90
      Required ratio:    0.00 (Side area) 
      Cumulative area ratio:  236.32
      Required ratio:    0.00 (Cumulative side area) 

    Layer: Via4
      Partial area ratio:    0.04
      Required ratio:   20.00 (Gate area) 
      Cumulative area ratio:    0.37
      Required ratio:    0.00 (Cumulative area) 

    Layer: Metal5
      Partial area ratio:    8.36
      Required ratio:    0.00 (Gate area) 
      Cumulative area ratio:   60.51
      Required ratio: 14172.00 (Cumulative area) 
      Partial area ratio:   37.72
      Required ratio:    0.00 (Side area) 
      Cumulative area ratio:  274.05
      Required ratio:    0.00 (Cumulative side area) 


  Pin:   m.u_conv3.u_weights._27581_/A (sg13g2_and2_1)
    Layer: Via1
      Partial area ratio:    0.19
      Required ratio:   20.00 (Gate area) 
      Cumulative area ratio:    0.19
      Required ratio:    0.00 (Cumulative area) 

    Layer: Metal2
      Partial area ratio:   26.66
      Required ratio:    0.00 (Gate area) 
      Cumulative area ratio:   26.66
      Required ratio: 14172.00 (Cumulative area) 
      Partial area ratio:  120.84
      Required ratio:    0.00 (Side area) 
      Cumulative area ratio:  120.84
      Required ratio:    0.00 (Cumulative side area) 

    Layer: Via2
      Partial area ratio:    0.75
      Required ratio:  354.30 (Gate area) 
      Cumulative area ratio:    0.94
      Required ratio:    0.00 (Cumulative area) 

    Layer: Metal3
      Partial area ratio:   28.90
      Required ratio:    0.00 (Gate area) 
      Cumulative area ratio:   55.57
      Required ratio: 14172.00 (Cumulative area) 
      Partial area ratio:  132.23
      Required ratio:    0.00 (Side area) 
      Cumulative area ratio:  253.07
      Required ratio:    0.00 (Cumulative side area) 

    Layer: Via3
      Partial area ratio:    0.05
      Required ratio:  354.30 (Gate area) 
      Cumulative area ratio:    0.99
      Required ratio:    0.00 (Cumulative area) 

    Layer: Metal4
      Partial area ratio:    0.09
      Required ratio:    0.00 (Gate area) 
      Cumulative area ratio:   55.66
      Required ratio: 14172.00 (Cumulative area) 
      Partial area ratio:    0.68
      Required ratio:    0.00 (Side area) 
      Cumulative area ratio:  253.75
      Required ratio:    0.00 (Cumulative side area) 

    Layer: Via4
      Partial area ratio:    0.05
      Required ratio:  354.30 (Gate area) 
      Cumulative area ratio:    1.05
      Required ratio:    0.00 (Cumulative area) 

    Layer: Metal5
      Partial area ratio:    8.36
      Required ratio:    0.00 (Gate area) 
      Cumulative area ratio:   64.02
      Required ratio: 14172.00 (Cumulative area) 
      Partial area ratio:   37.72
      Required ratio:    0.00 (Side area) 
      Cumulative area ratio:  291.48
      Required ratio:    0.00 (Cumulative side area) 


  Pin:   m.u_conv3.u_weights._29750_/A (sg13g2_and2_1)
    Layer: Via1
      Partial area ratio:    0.19
      Required ratio:   20.00 (Gate area) 
      Cumulative area ratio:    0.19
      Required ratio:    0.00 (Cumulative area) 

    Layer: Metal2
      Partial area ratio:   31.24
      Required ratio:    0.00 (Gate area) 
      Cumulative area ratio:   31.24
      Required ratio:  200.00 (Cumulative area) 
      Partial area ratio:  141.45
      Required ratio:    0.00 (Side area) 
      Cumulative area ratio:  141.45
      Required ratio:    0.00 (Cumulative side area) 

    Layer: Via2
      Partial area ratio:    0.56
      Required ratio:   20.00 (Gate area) 
      Cumulative area ratio:    0.75
      Required ratio:    0.00 (Cumulative area) 

    Layer: Metal3
      Partial area ratio:   28.90
      Required ratio:    0.00 (Gate area) 
      Cumulative area ratio:   60.14
      Required ratio: 14172.00 (Cumulative area) 
      Partial area ratio:  132.23
      Required ratio:    0.00 (Side area) 
      Cumulative area ratio:  273.68
      Required ratio:    0.00 (Cumulative side area) 

    Layer: Via3
      Partial area ratio:    0.05
      Required ratio:  354.30 (Gate area) 
      Cumulative area ratio:    0.80
      Required ratio:    0.00 (Cumulative area) 

    Layer: Metal4
      Partial area ratio:    0.09
      Required ratio:    0.00 (Gate area) 
      Cumulative area ratio:   60.23
      Required ratio: 14172.00 (Cumulative area) 
      Partial area ratio:    0.68
      Required ratio:    0.00 (Side area) 
      Cumulative area ratio:  274.36
      Required ratio:    0.00 (Cumulative side area) 

    Layer: Via4
      Partial area ratio:    0.05
      Required ratio:  354.30 (Gate area) 
      Cumulative area ratio:    0.86
      Required ratio:    0.00 (Cumulative area) 

    Layer: Metal5
      Partial area ratio:    8.36
      Required ratio:    0.00 (Gate area) 
      Cumulative area ratio:   68.59
      Required ratio: 14172.00 (Cumulative area) 
      Partial area ratio:   37.72
      Required ratio:    0.00 (Side area) 
      Cumulative area ratio:  312.08
      Required ratio:    0.00 (Cumulative side area) 


  Pin:   m.u_conv3.u_weights._31552_/A1 (sg13g2_o21ai_1)
    Layer: Via1
      Partial area ratio:    0.13
      Required ratio:   20.00 (Gate area) 
      Cumulative area ratio:    0.13
      Required ratio:    0.00 (Cumulative area) 

    Layer: Metal2
      Partial area ratio:    3.24
      Required ratio:    0.00 (Gate area) 
      Cumulative area ratio:    3.24
      Required ratio:  200.00 (Cumulative area) 
      Partial area ratio:   15.19
      Required ratio:    0.00 (Side area) 
      Cumulative area ratio:   15.19
      Required ratio:    0.00 (Cumulative side area) 

    Layer: Via2
      Partial area ratio:    0.26
      Required ratio:   20.00 (Gate area) 
      Cumulative area ratio:    0.39
      Required ratio:    0.00 (Cumulative area) 

    Layer: Metal3
      Partial area ratio:   41.72
      Required ratio:    0.00 (Gate area) 
      Cumulative area ratio:   44.96
      Required ratio:  200.00 (Cumulative area) 
      Partial area ratio:  189.00
      Required ratio:    0.00 (Side area) 
      Cumulative area ratio:  204.19
      Required ratio:    0.00 (Cumulative side area) 

    Layer: Via3
      Partial area ratio:    0.13
      Required ratio:   20.00 (Gate area) 
      Cumulative area ratio:    0.52
      Required ratio:    0.00 (Cumulative area) 

    Layer: Metal4
      Partial area ratio:   50.11
      Required ratio:    0.00 (Gate area) 
      Cumulative area ratio:   95.07
      Required ratio:  200.00 (Cumulative area) 
      Partial area ratio:  225.90
      Required ratio:    0.00 (Side area) 
      Cumulative area ratio:  430.09
      Required ratio:    0.00 (Cumulative side area) 

    Layer: Via4
      Partial area ratio:    0.04
      Required ratio:   20.00 (Gate area) 
      Cumulative area ratio:    0.56
      Required ratio:    0.00 (Cumulative area) 

    Layer: Metal5
      Partial area ratio:    8.36
      Required ratio:    0.00 (Gate area) 
      Cumulative area ratio:  103.42
      Required ratio: 14172.00 (Cumulative area) 
      Partial area ratio:   37.72
      Required ratio:    0.00 (Side area) 
      Cumulative area ratio:  467.81
      Required ratio:    0.00 (Cumulative side area) 


  Pin:   fanout630/A (sg13g2_buf_1)
    Layer: Via1
      Partial area ratio:    0.20
      Required ratio:   20.00 (Gate area) 
      Cumulative area ratio:    0.20
      Required ratio:    0.00 (Cumulative area) 

    Layer: Metal2
      Partial area ratio:   76.25
      Required ratio:    0.00 (Gate area) 
      Cumulative area ratio:   76.25
      Required ratio:  200.00 (Cumulative area) 
      Partial area ratio:  344.05
      Required ratio:    0.00 (Side area) 
      Cumulative area ratio:  344.05
      Required ratio:    0.00 (Cumulative side area) 

    Layer: Via2
      Partial area ratio:    0.60
      Required ratio:   20.00 (Gate area) 
      Cumulative area ratio:    0.80
      Required ratio:    0.00 (Cumulative area) 

    Layer: Metal3
      Partial area ratio:  192.25
      Required ratio:    0.00 (Gate area) 
      Cumulative area ratio:  268.50
      Required ratio:  200.00 (Cumulative area) (VIOLATED)
      Partial area ratio:  868.07
      Required ratio:    0.00 (Side area) 
      Cumulative area ratio: 1212.12
      Required ratio:    0.00 (Cumulative side area) 

    Layer: Via3
      Partial area ratio:    0.40
      Required ratio:   20.00 (Gate area) 
      Cumulative area ratio:    1.20
      Required ratio:    0.00 (Cumulative area) 

    Layer: Metal4
      Partial area ratio:   50.11
      Required ratio:    0.00 (Gate area) 
      Cumulative area ratio:  318.61
      Required ratio:  200.00 (Cumulative area) (VIOLATED)
      Partial area ratio:  225.90
      Required ratio:    0.00 (Side area) 
      Cumulative area ratio: 1438.02
      Required ratio:    0.00 (Cumulative side area) 

    Layer: Via4
      Partial area ratio:    0.04
      Required ratio:   20.00 (Gate area) 
      Cumulative area ratio:    1.24
      Required ratio:    0.00 (Cumulative area) 

    Layer: Metal5
      Partial area ratio:    8.36
      Required ratio:    0.00 (Gate area) 
      Cumulative area ratio:  326.97
      Required ratio: 14172.00 (Cumulative area) 
      Partial area ratio:   37.72
      Required ratio:    0.00 (Side area) 
      Cumulative area ratio: 1475.74
      Required ratio:    0.00 (Cumulative side area) 



Net: net666
  Pin:   m.u_conv3.u_weights._18459_/A1 (sg13g2_o21ai_1)
    Layer: Via1
      Partial area ratio:    0.13
      Required ratio:   20.00 (Gate area) 
      Cumulative area ratio:    0.13
      Required ratio:    0.00 (Cumulative area) 

    Layer: Metal2
      Partial area ratio:    2.12
      Required ratio:    0.00 (Gate area) 
      Cumulative area ratio:    2.12
      Required ratio:  200.00 (Cumulative area) 
      Partial area ratio:   10.16
      Required ratio:    0.00 (Side area) 
      Cumulative area ratio:   10.16
      Required ratio:    0.00 (Cumulative side area) 

    Layer: Via2
      Partial area ratio:    0.26
      Required ratio:   20.00 (Gate area) 
      Cumulative area ratio:    0.39
      Required ratio:    0.00 (Cumulative area) 

    Layer: Metal3
      Partial area ratio:    0.43
      Required ratio:    0.00 (Gate area) 
      Cumulative area ratio:    2.55
      Required ratio:  200.00 (Cumulative area) 
      Partial area ratio:    3.19
      Required ratio:    0.00 (Side area) 
      Cumulative area ratio:   13.35
      Required ratio:    0.00 (Cumulative side area) 

    Layer: Via3
      Partial area ratio:    0.13
      Required ratio:   20.00 (Gate area) 
      Cumulative area ratio:    0.52
      Required ratio:    0.00 (Cumulative area) 

    Layer: Metal4
      Partial area ratio:   41.57
      Required ratio:    0.00 (Gate area) 
      Cumulative area ratio:   44.12
      Required ratio:  200.00 (Cumulative area) 
      Partial area ratio:  187.69
      Required ratio:    0.00 (Side area) 
      Cumulative area ratio:  201.05
      Required ratio:    0.00 (Cumulative side area) 

    Layer: Via4
      Partial area ratio:    0.13
      Required ratio:   20.00 (Gate area) 
      Cumulative area ratio:    0.65
      Required ratio:    0.00 (Cumulative area) 

    Layer: Metal5
      Partial area ratio:   14.83
      Required ratio:    0.00 (Gate area) 
      Cumulative area ratio:   58.95
      Required ratio: 14172.00 (Cumulative area) 
      Partial area ratio:   66.83
      Required ratio:    0.00 (Side area) 
      Cumulative area ratio:  267.88
      Required ratio:    0.00 (Cumulative side area) 


  Pin:   m.u_conv3.u_weights._19791_/B (sg13g2_nand2_1)
    Layer: Via1
      Partial area ratio:    0.15
      Required ratio:   20.00 (Gate area) 
      Cumulative area ratio:    0.15
      Required ratio:    0.00 (Cumulative area) 

    Layer: Metal2
      Partial area ratio:    2.97
      Required ratio:    0.00 (Gate area) 
      Cumulative area ratio:    2.97
      Required ratio:  200.00 (Cumulative area) 
      Partial area ratio:   14.07
      Required ratio:    0.00 (Side area) 
      Cumulative area ratio:   14.07
      Required ratio:    0.00 (Cumulative side area) 

    Layer: Via2
      Partial area ratio:    0.30
      Required ratio:   20.00 (Gate area) 
      Cumulative area ratio:    0.45
      Required ratio:    0.00 (Cumulative area) 

    Layer: Metal3
      Partial area ratio:   12.41
      Required ratio:    0.00 (Gate area) 
      Cumulative area ratio:   15.38
      Required ratio:  200.00 (Cumulative area) 
      Partial area ratio:   57.32
      Required ratio:    0.00 (Side area) 
      Cumulative area ratio:   71.39
      Required ratio:    0.00 (Cumulative side area) 

    Layer: Via3
      Partial area ratio:    0.30
      Required ratio:   20.00 (Gate area) 
      Cumulative area ratio:    0.75
      Required ratio:    0.00 (Cumulative area) 

    Layer: Metal4
      Partial area ratio:   44.85
      Required ratio:    0.00 (Gate area) 
      Cumulative area ratio:   60.23
      Required ratio: 14172.00 (Cumulative area) 
      Partial area ratio:  202.47
      Required ratio:    0.00 (Side area) 
      Cumulative area ratio:  273.86
      Required ratio:    0.00 (Cumulative side area) 

    Layer: Via4
      Partial area ratio:    0.03
      Required ratio:  354.30 (Gate area) 
      Cumulative area ratio:    0.78
      Required ratio:    0.00 (Cumulative area) 

    Layer: Metal5
      Partial area ratio:   14.83
      Required ratio:    0.00 (Gate area) 
      Cumulative area ratio:   75.06
      Required ratio: 14172.00 (Cumulative area) 
      Partial area ratio:   66.83
      Required ratio:    0.00 (Side area) 
      Cumulative area ratio:  340.69
      Required ratio:    0.00 (Cumulative side area) 


  Pin:   m.u_conv3.u_weights._19792_/B (sg13g2_nor2_1)
    Layer: Via1
      Partial area ratio:    0.15
      Required ratio:   20.00 (Gate area) 
      Cumulative area ratio:    0.15
      Required ratio:    0.00 (Cumulative area) 

    Layer: Metal2
      Partial area ratio:    1.75
      Required ratio:    0.00 (Gate area) 
      Cumulative area ratio:    1.75
      Required ratio:  200.00 (Cumulative area) 
      Partial area ratio:    8.59
      Required ratio:    0.00 (Side area) 
      Cumulative area ratio:    8.59
      Required ratio:    0.00 (Cumulative side area) 

    Layer: Via2
      Partial area ratio:    0.30
      Required ratio:   20.00 (Gate area) 
      Cumulative area ratio:    0.45
      Required ratio:    0.00 (Cumulative area) 

    Layer: Metal3
      Partial area ratio:   36.22
      Required ratio:    0.00 (Gate area) 
      Cumulative area ratio:   37.97
      Required ratio:  200.00 (Cumulative area) 
      Partial area ratio:  164.48
      Required ratio:    0.00 (Side area) 
      Cumulative area ratio:  173.07
      Required ratio:    0.00 (Cumulative side area) 

    Layer: Via3
      Partial area ratio:    0.15
      Required ratio:   20.00 (Gate area) 
      Cumulative area ratio:    0.60
      Required ratio:    0.00 (Cumulative area) 

    Layer: Metal4
      Partial area ratio:   44.85
      Required ratio:    0.00 (Gate area) 
      Cumulative area ratio:   82.82
      Required ratio: 14172.00 (Cumulative area) 
      Partial area ratio:  202.47
      Required ratio:    0.00 (Side area) 
      Cumulative area ratio:  375.54
      Required ratio:    0.00 (Cumulative side area) 

    Layer: Via4
      Partial area ratio:    0.03
      Required ratio:  354.30 (Gate area) 
      Cumulative area ratio:    0.63
      Required ratio:    0.00 (Cumulative area) 

    Layer: Metal5
      Partial area ratio:   14.83
      Required ratio:    0.00 (Gate area) 
      Cumulative area ratio:   97.65
      Required ratio: 14172.00 (Cumulative area) 
      Partial area ratio:   66.83
      Required ratio:    0.00 (Side area) 
      Cumulative area ratio:  442.37
      Required ratio:    0.00 (Cumulative side area) 


  Pin:   m.u_conv3.u_weights._25879_/A (sg13g2_and2_1)
    Layer: Via1
      Partial area ratio:    0.19
      Required ratio:   20.00 (Gate area) 
      Cumulative area ratio:    0.19
      Required ratio:    0.00 (Cumulative area) 

    Layer: Metal2
      Partial area ratio:    6.22
      Required ratio:    0.00 (Gate area) 
      Cumulative area ratio:    6.22
      Required ratio:  200.00 (Cumulative area) 
      Partial area ratio:   28.86
      Required ratio:    0.00 (Side area) 
      Cumulative area ratio:   28.86
      Required ratio:    0.00 (Cumulative side area) 

    Layer: Via2
      Partial area ratio:    0.38
      Required ratio:   20.00 (Gate area) 
      Cumulative area ratio:    0.56
      Required ratio:    0.00 (Cumulative area) 

    Layer: Metal3
      Partial area ratio:    0.62
      Required ratio:    0.00 (Gate area) 
      Cumulative area ratio:    6.83
      Required ratio:  200.00 (Cumulative area) 
      Partial area ratio:    4.63
      Required ratio:    0.00 (Side area) 
      Cumulative area ratio:   33.49
      Required ratio:    0.00 (Cumulative side area) 

    Layer: Via3
      Partial area ratio:    0.19
      Required ratio:   20.00 (Gate area) 
      Cumulative area ratio:    0.75
      Required ratio:    0.00 (Cumulative area) 

    Layer: Metal4
      Partial area ratio:   70.62
      Required ratio:    0.00 (Gate area) 
      Cumulative area ratio:   77.46
      Required ratio:  200.00 (Cumulative area) 
      Partial area ratio:  318.56
      Required ratio:    0.00 (Side area) 
      Cumulative area ratio:  352.05
      Required ratio:    0.00 (Cumulative side area) 

    Layer: Via4
      Partial area ratio:    0.08
      Required ratio:   20.00 (Gate area) 
      Cumulative area ratio:    0.83
      Required ratio:    0.00 (Cumulative area) 

    Layer: Metal5
      Partial area ratio:   14.83
      Required ratio:    0.00 (Gate area) 
      Cumulative area ratio:   92.29
      Required ratio: 14172.00 (Cumulative area) 
      Partial area ratio:   66.83
      Required ratio:    0.00 (Side area) 
      Cumulative area ratio:  418.88
      Required ratio:    0.00 (Cumulative side area) 


  Pin:   m.u_conv3.u_weights._26752_/A1 (sg13g2_o21ai_1)
    Layer: Via1
      Partial area ratio:    0.13
      Required ratio:   20.00 (Gate area) 
      Cumulative area ratio:    0.13
      Required ratio:    0.00 (Cumulative area) 

    Layer: Metal2
      Partial area ratio:    1.61
      Required ratio:    0.00 (Gate area) 
      Cumulative area ratio:    1.61
      Required ratio:  200.00 (Cumulative area) 
      Partial area ratio:    7.84
      Required ratio:    0.00 (Side area) 
      Cumulative area ratio:    7.84
      Required ratio:    0.00 (Cumulative side area) 

    Layer: Via2
      Partial area ratio:    0.26
      Required ratio:   20.00 (Gate area) 
      Cumulative area ratio:    0.39
      Required ratio:    0.00 (Cumulative area) 

    Layer: Metal3
      Partial area ratio:   26.23
      Required ratio:    0.00 (Gate area) 
      Cumulative area ratio:   27.84
      Required ratio:  200.00 (Cumulative area) 
      Partial area ratio:  119.32
      Required ratio:    0.00 (Side area) 
      Cumulative area ratio:  127.16
      Required ratio:    0.00 (Cumulative side area) 

    Layer: Via3
      Partial area ratio:    0.13
      Required ratio:   20.00 (Gate area) 
      Cumulative area ratio:    0.52
      Required ratio:    0.00 (Cumulative area) 

    Layer: Metal4
      Partial area ratio:   70.62
      Required ratio:    0.00 (Gate area) 
      Cumulative area ratio:   98.46
      Required ratio:  200.00 (Cumulative area) 
      Partial area ratio:  318.56
      Required ratio:    0.00 (Side area) 
      Cumulative area ratio:  445.72
      Required ratio:    0.00 (Cumulative side area) 

    Layer: Via4
      Partial area ratio:    0.08
      Required ratio:   20.00 (Gate area) 
      Cumulative area ratio:    0.59
      Required ratio:    0.00 (Cumulative area) 

    Layer: Metal5
      Partial area ratio:   14.83
      Required ratio:    0.00 (Gate area) 
      Cumulative area ratio:  113.29
      Required ratio: 14172.00 (Cumulative area) 
      Partial area ratio:   66.83
      Required ratio:    0.00 (Side area) 
      Cumulative area ratio:  512.55
      Required ratio:    0.00 (Cumulative side area) 


  Pin:   m.u_conv3.u_weights._28287_/A (sg13g2_and2_1)
    Layer: Via1
      Partial area ratio:    0.19
      Required ratio:   20.00 (Gate area) 
      Cumulative area ratio:    0.19
      Required ratio:    0.00 (Cumulative area) 

    Layer: Metal2
      Partial area ratio:    5.59
      Required ratio:    0.00 (Gate area) 
      Cumulative area ratio:    5.59
      Required ratio:  200.00 (Cumulative area) 
      Partial area ratio:   26.06
      Required ratio:    0.00 (Side area) 
      Cumulative area ratio:   26.06
      Required ratio:    0.00 (Cumulative side area) 

    Layer: Via2
      Partial area ratio:    0.38
      Required ratio:   20.00 (Gate area) 
      Cumulative area ratio:    0.56
      Required ratio:    0.00 (Cumulative area) 

    Layer: Metal3
      Partial area ratio:    0.62
      Required ratio:    0.00 (Gate area) 
      Cumulative area ratio:    6.21
      Required ratio:  200.00 (Cumulative area) 
      Partial area ratio:    4.63
      Required ratio:    0.00 (Side area) 
      Cumulative area ratio:   30.69
      Required ratio:    0.00 (Cumulative side area) 

    Layer: Via3
      Partial area ratio:    0.19
      Required ratio:   20.00 (Gate area) 
      Cumulative area ratio:    0.75
      Required ratio:    0.00 (Cumulative area) 

    Layer: Metal4
      Partial area ratio:   44.85
      Required ratio:    0.00 (Gate area) 
      Cumulative area ratio:   51.06
      Required ratio: 14172.00 (Cumulative area) 
      Partial area ratio:  202.47
      Required ratio:    0.00 (Side area) 
      Cumulative area ratio:  233.16
      Required ratio:    0.00 (Cumulative side area) 

    Layer: Via4
      Partial area ratio:    0.03
      Required ratio:  354.30 (Gate area) 
      Cumulative area ratio:    0.78
      Required ratio:    0.00 (Cumulative area) 

    Layer: Metal5
      Partial area ratio:   14.83
      Required ratio:    0.00 (Gate area) 
      Cumulative area ratio:   65.89
      Required ratio: 14172.00 (Cumulative area) 
      Partial area ratio:   66.83
      Required ratio:    0.00 (Side area) 
      Cumulative area ratio:  299.99
      Required ratio:    0.00 (Cumulative side area) 


  Pin:   m.u_conv3.u_weights._29252_/A (sg13g2_nor2_1)
    Layer: Via1
      Partial area ratio:    0.15
      Required ratio:   20.00 (Gate area) 
      Cumulative area ratio:    0.15
      Required ratio:    0.00 (Cumulative area) 

    Layer: Metal2
      Partial area ratio:    3.18
      Required ratio:    0.00 (Gate area) 
      Cumulative area ratio:    3.18
      Required ratio:  200.00 (Cumulative area) 
      Partial area ratio:   15.04
      Required ratio:    0.00 (Side area) 
      Cumulative area ratio:   15.04
      Required ratio:    0.00 (Cumulative side area) 

    Layer: Via2
      Partial area ratio:    0.30
      Required ratio:   20.00 (Gate area) 
      Cumulative area ratio:    0.45
      Required ratio:    0.00 (Cumulative area) 

    Layer: Metal3
      Partial area ratio:  250.88
      Required ratio:    0.00 (Gate area) 
      Cumulative area ratio:  254.06
      Required ratio:  200.00 (Cumulative area) (VIOLATED)
      Partial area ratio: 1131.14
      Required ratio:    0.00 (Side area) 
      Cumulative area ratio: 1146.18
      Required ratio:    0.00 (Cumulative side area) 

    Layer: Via3
      Partial area ratio:    0.45
      Required ratio:   20.00 (Gate area) 
      Cumulative area ratio:    0.90
      Required ratio:    0.00 (Cumulative area) 

    Layer: Metal4
      Partial area ratio:   44.85
      Required ratio:    0.00 (Gate area) 
      Cumulative area ratio:  298.91
      Required ratio: 14172.00 (Cumulative area) 
      Partial area ratio:  202.47
      Required ratio:    0.00 (Side area) 
      Cumulative area ratio: 1348.65
      Required ratio:    0.00 (Cumulative side area) 

    Layer: Via4
      Partial area ratio:    0.03
      Required ratio:  354.30 (Gate area) 
      Cumulative area ratio:    0.93
      Required ratio:    0.00 (Cumulative area) 

    Layer: Metal5
      Partial area ratio:   14.83
      Required ratio:    0.00 (Gate area) 
      Cumulative area ratio:  313.74
      Required ratio: 14172.00 (Cumulative area) 
      Partial area ratio:   66.83
      Required ratio:    0.00 (Side area) 
      Cumulative area ratio: 1415.48
      Required ratio:    0.00 (Cumulative side area) 


  Pin:   fanout665/A (sg13g2_buf_1)
    Layer: Via1
      Partial area ratio:    0.20
      Required ratio:   20.00 (Gate area) 
      Cumulative area ratio:    0.20
      Required ratio:    0.00 (Cumulative area) 

    Layer: Metal2
      Partial area ratio:   12.69
      Required ratio:    0.00 (Gate area) 
      Cumulative area ratio:   12.69
      Required ratio: 14172.00 (Cumulative area) 
      Partial area ratio:   58.01
      Required ratio:    0.00 (Side area) 
      Cumulative area ratio:   58.01
      Required ratio:    0.00 (Cumulative side area) 

    Layer: Via2
      Partial area ratio:    0.60
      Required ratio:  354.30 (Gate area) 
      Cumulative area ratio:    0.80
      Required ratio:    0.00 (Cumulative area) 

    Layer: Metal3
      Partial area ratio:    0.98
      Required ratio:    0.00 (Gate area) 
      Cumulative area ratio:   13.66
      Required ratio: 14172.00 (Cumulative area) 
      Partial area ratio:    7.37
      Required ratio:    0.00 (Side area) 
      Cumulative area ratio:   65.39
      Required ratio:    0.00 (Cumulative side area) 

    Layer: Via3
      Partial area ratio:    0.20
      Required ratio:  354.30 (Gate area) 
      Cumulative area ratio:    1.00
      Required ratio:    0.00 (Cumulative area) 

    Layer: Metal4
      Partial area ratio:   44.85
      Required ratio:    0.00 (Gate area) 
      Cumulative area ratio:   58.51
      Required ratio: 14172.00 (Cumulative area) 
      Partial area ratio:  202.47
      Required ratio:    0.00 (Side area) 
      Cumulative area ratio:  267.86
      Required ratio:    0.00 (Cumulative side area) 

    Layer: Via4
      Partial area ratio:    0.03
      Required ratio:  354.30 (Gate area) 
      Cumulative area ratio:    1.03
      Required ratio:    0.00 (Cumulative area) 

    Layer: Metal5
      Partial area ratio:   14.83
      Required ratio:    0.00 (Gate area) 
      Cumulative area ratio:   73.34
      Required ratio: 14172.00 (Cumulative area) 
      Partial area ratio:   66.83
      Required ratio:    0.00 (Side area) 
      Cumulative area ratio:  334.69
      Required ratio:    0.00 (Cumulative side area) 



Net: net699
  Pin:   fanout695/A (sg13g2_buf_1)
    Layer: Via1
      Partial area ratio:    0.20
      Required ratio:   20.00 (Gate area) 
      Cumulative area ratio:    0.20
      Required ratio:    0.00 (Cumulative area) 

    Layer: Metal2
      Partial area ratio:    1.37
      Required ratio:    0.00 (Gate area) 
      Cumulative area ratio:    1.37
      Required ratio:  200.00 (Cumulative area) 
      Partial area ratio:    7.14
      Required ratio:    0.00 (Side area) 
      Cumulative area ratio:    7.14
      Required ratio:    0.00 (Cumulative side area) 

    Layer: Via2
      Partial area ratio:    0.40
      Required ratio:   20.00 (Gate area) 
      Cumulative area ratio:    0.60
      Required ratio:    0.00 (Cumulative area) 

    Layer: Metal3
      Partial area ratio:    0.66
      Required ratio:    0.00 (Gate area) 
      Cumulative area ratio:    2.03
      Required ratio:  200.00 (Cumulative area) 
      Partial area ratio:    4.93
      Required ratio:    0.00 (Side area) 
      Cumulative area ratio:   12.07
      Required ratio:    0.00 (Cumulative side area) 

    Layer: Via3
      Partial area ratio:    0.20
      Required ratio:   20.00 (Gate area) 
      Cumulative area ratio:    0.80
      Required ratio:    0.00 (Cumulative area) 

    Layer: Metal4
      Partial area ratio:   68.00
      Required ratio:    0.00 (Gate area) 
      Cumulative area ratio:   70.03
      Required ratio:  200.00 (Cumulative area) 
      Partial area ratio:  306.48
      Required ratio:    0.00 (Side area) 
      Cumulative area ratio:  318.55
      Required ratio:    0.00 (Cumulative side area) 

    Layer: Via4
      Partial area ratio:    0.10
      Required ratio:   20.00 (Gate area) 
      Cumulative area ratio:    0.90
      Required ratio:    0.00 (Cumulative area) 

    Layer: Metal5
      Partial area ratio:  121.69
      Required ratio:    0.00 (Gate area) 
      Cumulative area ratio:  191.72
      Required ratio: 14172.00 (Cumulative area) 
      Partial area ratio:  548.09
      Required ratio:    0.00 (Side area) 
      Cumulative area ratio:  866.64
      Required ratio:    0.00 (Cumulative side area) 


  Pin:   fanout696/A (sg13g2_buf_1)
    Layer: Via1
      Partial area ratio:    0.20
      Required ratio:   20.00 (Gate area) 
      Cumulative area ratio:    0.20
      Required ratio:    0.00 (Cumulative area) 

    Layer: Metal2
      Partial area ratio:    2.17
      Required ratio:    0.00 (Gate area) 
      Cumulative area ratio:    2.17
      Required ratio:  200.00 (Cumulative area) 
      Partial area ratio:   10.70
      Required ratio:    0.00 (Side area) 
      Cumulative area ratio:   10.70
      Required ratio:    0.00 (Cumulative side area) 

    Layer: Via2
      Partial area ratio:    0.40
      Required ratio:   20.00 (Gate area) 
      Cumulative area ratio:    0.60
      Required ratio:    0.00 (Cumulative area) 

    Layer: Metal3
      Partial area ratio:    0.66
      Required ratio:    0.00 (Gate area) 
      Cumulative area ratio:    2.82
      Required ratio:  200.00 (Cumulative area) 
      Partial area ratio:    4.93
      Required ratio:    0.00 (Side area) 
      Cumulative area ratio:   15.63
      Required ratio:    0.00 (Cumulative side area) 

    Layer: Via3
      Partial area ratio:    0.20
      Required ratio:   20.00 (Gate area) 
      Cumulative area ratio:    0.80
      Required ratio:    0.00 (Cumulative area) 

    Layer: Metal4
      Partial area ratio:   68.00
      Required ratio:    0.00 (Gate area) 
      Cumulative area ratio:   70.82
      Required ratio:  200.00 (Cumulative area) 
      Partial area ratio:  306.48
      Required ratio:    0.00 (Side area) 
      Cumulative area ratio:  322.11
      Required ratio:    0.00 (Cumulative side area) 

    Layer: Via4
      Partial area ratio:    0.10
      Required ratio:   20.00 (Gate area) 
      Cumulative area ratio:    0.90
      Required ratio:    0.00 (Cumulative area) 

    Layer: Metal5
      Partial area ratio:  121.69
      Required ratio:    0.00 (Gate area) 
      Cumulative area ratio:  192.51
      Required ratio: 14172.00 (Cumulative area) 
      Partial area ratio:  548.09
      Required ratio:    0.00 (Side area) 
      Cumulative area ratio:  870.21
      Required ratio:    0.00 (Cumulative side area) 


  Pin:   fanout697/A (sg13g2_buf_1)
    Layer: Via1
      Partial area ratio:    0.20
      Required ratio:   20.00 (Gate area) 
      Cumulative area ratio:    0.20
      Required ratio:    0.00 (Cumulative area) 

    Layer: Metal2
      Partial area ratio:    2.58
      Required ratio:    0.00 (Gate area) 
      Cumulative area ratio:    2.58
      Required ratio:  200.00 (Cumulative area) 
      Partial area ratio:   12.54
      Required ratio:    0.00 (Side area) 
      Cumulative area ratio:   12.54
      Required ratio:    0.00 (Cumulative side area) 

    Layer: Via2
      Partial area ratio:    0.40
      Required ratio:   20.00 (Gate area) 
      Cumulative area ratio:    0.60
      Required ratio:    0.00 (Cumulative area) 

    Layer: Metal3
      Partial area ratio:    0.66
      Required ratio:    0.00 (Gate area) 
      Cumulative area ratio:    3.23
      Required ratio:  200.00 (Cumulative area) 
      Partial area ratio:    4.93
      Required ratio:    0.00 (Side area) 
      Cumulative area ratio:   17.47
      Required ratio:    0.00 (Cumulative side area) 

    Layer: Via3
      Partial area ratio:    0.20
      Required ratio:   20.00 (Gate area) 
      Cumulative area ratio:    0.80
      Required ratio:    0.00 (Cumulative area) 

    Layer: Metal4
      Partial area ratio:  255.86
      Required ratio:    0.00 (Gate area) 
      Cumulative area ratio:  259.09
      Required ratio:  200.00 (Cumulative area) (VIOLATED)
      Partial area ratio: 1153.34
      Required ratio:    0.00 (Side area) 
      Cumulative area ratio: 1170.81
      Required ratio:    0.00 (Cumulative side area) 

    Layer: Via4
      Partial area ratio:    0.20
      Required ratio:   20.00 (Gate area) 
      Cumulative area ratio:    1.00
      Required ratio:    0.00 (Cumulative area) 

    Layer: Metal5
      Partial area ratio:  121.69
      Required ratio:    0.00 (Gate area) 
      Cumulative area ratio:  380.78
      Required ratio: 14172.00 (Cumulative area) 
      Partial area ratio:  548.09
      Required ratio:    0.00 (Side area) 
      Cumulative area ratio: 1718.91
      Required ratio:    0.00 (Cumulative side area) 


  Pin:   fanout698/A (sg13g2_buf_1)
    Layer: Via1
      Partial area ratio:    0.20
      Required ratio:   20.00 (Gate area) 
      Cumulative area ratio:    0.20
      Required ratio:    0.00 (Cumulative area) 

    Layer: Metal2
      Partial area ratio:   10.90
      Required ratio:    0.00 (Gate area) 
      Cumulative area ratio:   10.90
      Required ratio:  200.00 (Cumulative area) 
      Partial area ratio:   49.99
      Required ratio:    0.00 (Side area) 
      Cumulative area ratio:   49.99
      Required ratio:    0.00 (Cumulative side area) 

    Layer: Via2
      Partial area ratio:    0.60
      Required ratio:   20.00 (Gate area) 
      Cumulative area ratio:    0.80
      Required ratio:    0.00 (Cumulative area) 

    Layer: Metal3
      Partial area ratio:    9.29
      Required ratio:    0.00 (Gate area) 
      Cumulative area ratio:   20.19
      Required ratio: 14172.00 (Cumulative area) 
      Partial area ratio:   45.72
      Required ratio:    0.00 (Side area) 
      Cumulative area ratio:   95.71
      Required ratio:    0.00 (Cumulative side area) 

    Layer: Via3
      Partial area ratio:    0.40
      Required ratio:  354.30 (Gate area) 
      Cumulative area ratio:    1.20
      Required ratio:    0.00 (Cumulative area) 

    Layer: Metal4
      Partial area ratio:    0.67
      Required ratio:    0.00 (Gate area) 
      Cumulative area ratio:   20.86
      Required ratio: 14172.00 (Cumulative area) 
      Partial area ratio:    4.98
      Required ratio:    0.00 (Side area) 
      Cumulative area ratio:  100.69
      Required ratio:    0.00 (Cumulative side area) 

    Layer: Via4
      Partial area ratio:    0.40
      Required ratio:  354.30 (Gate area) 
      Cumulative area ratio:    1.60
      Required ratio:    0.00 (Cumulative area) 

    Layer: Metal5
      Partial area ratio:  121.69
      Required ratio:    0.00 (Gate area) 
      Cumulative area ratio:  142.55
      Required ratio: 14172.00 (Cumulative area) 
      Partial area ratio:  548.09
      Required ratio:    0.00 (Side area) 
      Cumulative area ratio:  648.79
      Required ratio:    0.00 (Cumulative side area) 



Net: net701
  Pin:   m.u_conv3.u_weights._15876_/A (sg13g2_nor2_1)
    Layer: Via1
      Partial area ratio:    0.15
      Required ratio:   20.00 (Gate area) 
      Cumulative area ratio:    0.15
      Required ratio:    0.00 (Cumulative area) 

    Layer: Metal2
      Partial area ratio:    4.67
      Required ratio:    0.00 (Gate area) 
      Cumulative area ratio:    4.67
      Required ratio:  200.00 (Cumulative area) 
      Partial area ratio:   21.74
      Required ratio:    0.00 (Side area) 
      Cumulative area ratio:   21.74
      Required ratio:    0.00 (Cumulative side area) 

    Layer: Via2
      Partial area ratio:    0.30
      Required ratio:   20.00 (Gate area) 
      Cumulative area ratio:    0.45
      Required ratio:    0.00 (Cumulative area) 

    Layer: Metal3
      Partial area ratio:    9.30
      Required ratio:    0.00 (Gate area) 
      Cumulative area ratio:   13.97
      Required ratio:  200.00 (Cumulative area) 
      Partial area ratio:   42.96
      Required ratio:    0.00 (Side area) 
      Cumulative area ratio:   64.70
      Required ratio:    0.00 (Cumulative side area) 

    Layer: Via3
      Partial area ratio:    0.11
      Required ratio:   20.00 (Gate area) 
      Cumulative area ratio:    0.56
      Required ratio:    0.00 (Cumulative area) 

    Layer: Metal4
      Partial area ratio:   15.65
      Required ratio:    0.00 (Gate area) 
      Cumulative area ratio:   29.62
      Required ratio:  200.00 (Cumulative area) 
      Partial area ratio:   70.85
      Required ratio:    0.00 (Side area) 
      Cumulative area ratio:  135.55
      Required ratio:    0.00 (Cumulative side area) 

    Layer: Via4
      Partial area ratio:    0.06
      Required ratio:   20.00 (Gate area) 
      Cumulative area ratio:    0.62
      Required ratio:    0.00 (Cumulative area) 

    Layer: Metal5
      Partial area ratio:   34.72
      Required ratio:    0.00 (Gate area) 
      Cumulative area ratio:   64.34
      Required ratio: 14172.00 (Cumulative area) 
      Partial area ratio:  156.52
      Required ratio:    0.00 (Side area) 
      Cumulative area ratio:  292.07
      Required ratio:    0.00 (Cumulative side area) 


  Pin:   m.u_conv3.u_weights._15877_/A (sg13g2_nand2_1)
    Layer: Via1
      Partial area ratio:    0.15
      Required ratio:   20.00 (Gate area) 
      Cumulative area ratio:    0.15
      Required ratio:    0.00 (Cumulative area) 

    Layer: Metal2
      Partial area ratio:    3.85
      Required ratio:    0.00 (Gate area) 
      Cumulative area ratio:    3.85
      Required ratio:  200.00 (Cumulative area) 
      Partial area ratio:   18.05
      Required ratio:    0.00 (Side area) 
      Cumulative area ratio:   18.05
      Required ratio:    0.00 (Cumulative side area) 

    Layer: Via2
      Partial area ratio:    0.30
      Required ratio:   20.00 (Gate area) 
      Cumulative area ratio:    0.45
      Required ratio:    0.00 (Cumulative area) 

    Layer: Metal3
      Partial area ratio:    9.30
      Required ratio:    0.00 (Gate area) 
      Cumulative area ratio:   13.16
      Required ratio:  200.00 (Cumulative area) 
      Partial area ratio:   42.96
      Required ratio:    0.00 (Side area) 
      Cumulative area ratio:   61.01
      Required ratio:    0.00 (Cumulative side area) 

    Layer: Via3
      Partial area ratio:    0.11
      Required ratio:   20.00 (Gate area) 
      Cumulative area ratio:    0.56
      Required ratio:    0.00 (Cumulative area) 

    Layer: Metal4
      Partial area ratio:   15.65
      Required ratio:    0.00 (Gate area) 
      Cumulative area ratio:   28.80
      Required ratio:  200.00 (Cumulative area) 
      Partial area ratio:   70.85
      Required ratio:    0.00 (Side area) 
      Cumulative area ratio:  131.87
      Required ratio:    0.00 (Cumulative side area) 

    Layer: Via4
      Partial area ratio:    0.06
      Required ratio:   20.00 (Gate area) 
      Cumulative area ratio:    0.62
      Required ratio:    0.00 (Cumulative area) 

    Layer: Metal5
      Partial area ratio:   34.72
      Required ratio:    0.00 (Gate area) 
      Cumulative area ratio:   63.53
      Required ratio: 14172.00 (Cumulative area) 
      Partial area ratio:  156.52
      Required ratio:    0.00 (Side area) 
      Cumulative area ratio:  288.39
      Required ratio:    0.00 (Cumulative side area) 


  Pin:   m.u_conv3.u_weights._16891_/A1 (sg13g2_a21o_1)
    Layer: Via1
      Partial area ratio:    0.17
      Required ratio:   20.00 (Gate area) 
      Cumulative area ratio:    0.17
      Required ratio:    0.00 (Cumulative area) 

    Layer: Metal2
      Partial area ratio:  188.54
      Required ratio:    0.00 (Gate area) 
      Cumulative area ratio:  188.54
      Required ratio:  200.00 (Cumulative area) 
      Partial area ratio:  849.24
      Required ratio:    0.00 (Side area) 
      Cumulative area ratio:  849.24
      Required ratio:    0.00 (Cumulative side area) 

    Layer: Via2
      Partial area ratio:    0.51
      Required ratio:   20.00 (Gate area) 
      Cumulative area ratio:    0.68
      Required ratio:    0.00 (Cumulative area) 

    Layer: Metal3
      Partial area ratio:  108.91
      Required ratio:    0.00 (Gate area) 
      Cumulative area ratio:  297.46
      Required ratio:  200.00 (Cumulative area) (VIOLATED)
      Partial area ratio:  492.59
      Required ratio:    0.00 (Side area) 
      Cumulative area ratio: 1341.83
      Required ratio:    0.00 (Cumulative side area) 

    Layer: Via3
      Partial area ratio:    0.34
      Required ratio:   20.00 (Gate area) 
      Cumulative area ratio:    1.02
      Required ratio:    0.00 (Cumulative area) 

    Layer: Metal4
      Partial area ratio:   41.18
      Required ratio:    0.00 (Gate area) 
      Cumulative area ratio:  338.63
      Required ratio:  200.00 (Cumulative area) (VIOLATED)
      Partial area ratio:  186.94
      Required ratio:    0.00 (Side area) 
      Cumulative area ratio: 1528.78
      Required ratio:    0.00 (Cumulative side area) 

    Layer: Via4
      Partial area ratio:    0.34
      Required ratio:   20.00 (Gate area) 
      Cumulative area ratio:    1.35
      Required ratio:    0.00 (Cumulative area) 

    Layer: Metal5
      Partial area ratio:   34.72
      Required ratio:    0.00 (Gate area) 
      Cumulative area ratio:  373.35
      Required ratio: 14172.00 (Cumulative area) 
      Partial area ratio:  156.52
      Required ratio:    0.00 (Side area) 
      Cumulative area ratio: 1685.29
      Required ratio:    0.00 (Cumulative side area) 


  Pin:   m.u_conv3.u_weights._18448_/A (sg13g2_nor2_1)
    Layer: Via1
      Partial area ratio:    0.15
      Required ratio:   20.00 (Gate area) 
      Cumulative area ratio:    0.15
      Required ratio:    0.00 (Cumulative area) 

    Layer: Metal2
      Partial area ratio:    2.40
      Required ratio:    0.00 (Gate area) 
      Cumulative area ratio:    2.40
      Required ratio:  200.00 (Cumulative area) 
      Partial area ratio:   11.50
      Required ratio:    0.00 (Side area) 
      Cumulative area ratio:   11.50
      Required ratio:    0.00 (Cumulative side area) 

    Layer: Via2
      Partial area ratio:    0.30
      Required ratio:   20.00 (Gate area) 
      Cumulative area ratio:    0.45
      Required ratio:    0.00 (Cumulative area) 

    Layer: Metal3
      Partial area ratio:    0.49
      Required ratio:    0.00 (Gate area) 
      Cumulative area ratio:    2.89
      Required ratio:  200.00 (Cumulative area) 
      Partial area ratio:    3.68
      Required ratio:    0.00 (Side area) 
      Cumulative area ratio:   15.19
      Required ratio:    0.00 (Cumulative side area) 

    Layer: Via3
      Partial area ratio:    0.15
      Required ratio:   20.00 (Gate area) 
      Cumulative area ratio:    0.60
      Required ratio:    0.00 (Cumulative area) 

    Layer: Metal4
      Partial area ratio:   15.65
      Required ratio:    0.00 (Gate area) 
      Cumulative area ratio:   18.54
      Required ratio:  200.00 (Cumulative area) 
      Partial area ratio:   70.85
      Required ratio:    0.00 (Side area) 
      Cumulative area ratio:   86.04
      Required ratio:    0.00 (Cumulative side area) 

    Layer: Via4
      Partial area ratio:    0.06
      Required ratio:   20.00 (Gate area) 
      Cumulative area ratio:    0.66
      Required ratio:    0.00 (Cumulative area) 

    Layer: Metal5
      Partial area ratio:   34.72
      Required ratio:    0.00 (Gate area) 
      Cumulative area ratio:   53.26
      Required ratio: 14172.00 (Cumulative area) 
      Partial area ratio:  156.52
      Required ratio:    0.00 (Side area) 
      Cumulative area ratio:  242.56
      Required ratio:    0.00 (Cumulative side area) 


  Pin:   m.u_conv3.u_weights._21828_/B (sg13g2_nor2_1)
    Layer: Via1
      Partial area ratio:    0.15
      Required ratio:   20.00 (Gate area) 
      Cumulative area ratio:    0.15
      Required ratio:    0.00 (Cumulative area) 

    Layer: Metal2
      Partial area ratio:    5.61
      Required ratio:    0.00 (Gate area) 
      Cumulative area ratio:    5.61
      Required ratio:  200.00 (Cumulative area) 
      Partial area ratio:   25.97
      Required ratio:    0.00 (Side area) 
      Cumulative area ratio:   25.97
      Required ratio:    0.00 (Cumulative side area) 

    Layer: Via2
      Partial area ratio:    0.30
      Required ratio:   20.00 (Gate area) 
      Cumulative area ratio:    0.45
      Required ratio:    0.00 (Cumulative area) 

    Layer: Metal3
      Partial area ratio:    9.30
      Required ratio:    0.00 (Gate area) 
      Cumulative area ratio:   14.92
      Required ratio:  200.00 (Cumulative area) 
      Partial area ratio:   42.96
      Required ratio:    0.00 (Side area) 
      Cumulative area ratio:   68.93
      Required ratio:    0.00 (Cumulative side area) 

    Layer: Via3
      Partial area ratio:    0.11
      Required ratio:   20.00 (Gate area) 
      Cumulative area ratio:    0.56
      Required ratio:    0.00 (Cumulative area) 

    Layer: Metal4
      Partial area ratio:   15.65
      Required ratio:    0.00 (Gate area) 
      Cumulative area ratio:   30.56
      Required ratio:  200.00 (Cumulative area) 
      Partial area ratio:   70.85
      Required ratio:    0.00 (Side area) 
      Cumulative area ratio:  139.79
      Required ratio:    0.00 (Cumulative side area) 

    Layer: Via4
      Partial area ratio:    0.06
      Required ratio:   20.00 (Gate area) 
      Cumulative area ratio:    0.62
      Required ratio:    0.00 (Cumulative area) 

    Layer: Metal5
      Partial area ratio:   34.72
      Required ratio:    0.00 (Gate area) 
      Cumulative area ratio:   65.29
      Required ratio: 14172.00 (Cumulative area) 
      Partial area ratio:  156.52
      Required ratio:    0.00 (Side area) 
      Cumulative area ratio:  296.31
      Required ratio:    0.00 (Cumulative side area) 


  Pin:   m.u_conv3.u_weights._26188_/A2 (sg13g2_a21oi_1)
    Layer: Via1
      Partial area ratio:    0.15
      Required ratio:   20.00 (Gate area) 
      Cumulative area ratio:    0.15
      Required ratio:    0.00 (Cumulative area) 

    Layer: Metal2
      Partial area ratio:   16.41
      Required ratio:    0.00 (Gate area) 
      Cumulative area ratio:   16.41
      Required ratio:  200.00 (Cumulative area) 
      Partial area ratio:   74.55
      Required ratio:    0.00 (Side area) 
      Cumulative area ratio:   74.55
      Required ratio:    0.00 (Cumulative side area) 

    Layer: Via2
      Partial area ratio:    0.45
      Required ratio:   20.00 (Gate area) 
      Cumulative area ratio:    0.60
      Required ratio:    0.00 (Cumulative area) 

    Layer: Metal3
      Partial area ratio:    9.30
      Required ratio:    0.00 (Gate area) 
      Cumulative area ratio:   25.71
      Required ratio:  200.00 (Cumulative area) 
      Partial area ratio:   42.96
      Required ratio:    0.00 (Side area) 
      Cumulative area ratio:  117.51
      Required ratio:    0.00 (Cumulative side area) 

    Layer: Via3
      Partial area ratio:    0.11
      Required ratio:   20.00 (Gate area) 
      Cumulative area ratio:    0.71
      Required ratio:    0.00 (Cumulative area) 

    Layer: Metal4
      Partial area ratio:   15.65
      Required ratio:    0.00 (Gate area) 
      Cumulative area ratio:   41.36
      Required ratio:  200.00 (Cumulative area) 
      Partial area ratio:   70.85
      Required ratio:    0.00 (Side area) 
      Cumulative area ratio:  188.36
      Required ratio:    0.00 (Cumulative side area) 

    Layer: Via4
      Partial area ratio:    0.06
      Required ratio:   20.00 (Gate area) 
      Cumulative area ratio:    0.77
      Required ratio:    0.00 (Cumulative area) 

    Layer: Metal5
      Partial area ratio:   34.72
      Required ratio:    0.00 (Gate area) 
      Cumulative area ratio:   76.08
      Required ratio: 14172.00 (Cumulative area) 
      Partial area ratio:  156.52
      Required ratio:    0.00 (Side area) 
      Cumulative area ratio:  344.88
      Required ratio:    0.00 (Cumulative side area) 


  Pin:   m.u_conv3.u_weights._26720_/A (sg13g2_xnor2_1)
    Layer: Via1
      Partial area ratio:    0.08
      Required ratio:   20.00 (Gate area) 
      Cumulative area ratio:    0.08
      Required ratio:    0.00 (Cumulative area) 

    Layer: Metal2
      Partial area ratio:    7.59
      Required ratio:    0.00 (Gate area) 
      Cumulative area ratio:    7.59
      Required ratio:  200.00 (Cumulative area) 
      Partial area ratio:   34.54
      Required ratio:    0.00 (Side area) 
      Cumulative area ratio:   34.54
      Required ratio:    0.00 (Cumulative side area) 

    Layer: Via2
      Partial area ratio:    0.17
      Required ratio:   20.00 (Gate area) 
      Cumulative area ratio:    0.25
      Required ratio:    0.00 (Cumulative area) 

    Layer: Metal3
      Partial area ratio:    3.59
      Required ratio:    0.00 (Gate area) 
      Cumulative area ratio:   11.18
      Required ratio:  200.00 (Cumulative area) 
      Partial area ratio:   16.98
      Required ratio:    0.00 (Side area) 
      Cumulative area ratio:   51.51
      Required ratio:    0.00 (Cumulative side area) 

    Layer: Via3
      Partial area ratio:    0.08
      Required ratio:   20.00 (Gate area) 
      Cumulative area ratio:    0.33
      Required ratio:    0.00 (Cumulative area) 

    Layer: Metal4
      Partial area ratio:   20.08
      Required ratio:    0.00 (Gate area) 
      Cumulative area ratio:   31.26
      Required ratio:  200.00 (Cumulative area) 
      Partial area ratio:   90.76
      Required ratio:    0.00 (Side area) 
      Cumulative area ratio:  142.27
      Required ratio:    0.00 (Cumulative side area) 

    Layer: Via4
      Partial area ratio:    0.08
      Required ratio:   20.00 (Gate area) 
      Cumulative area ratio:    0.42
      Required ratio:    0.00 (Cumulative area) 

    Layer: Metal5
      Partial area ratio:   34.72
      Required ratio:    0.00 (Gate area) 
      Cumulative area ratio:   65.98
      Required ratio: 14172.00 (Cumulative area) 
      Partial area ratio:  156.52
      Required ratio:    0.00 (Side area) 
      Cumulative area ratio:  298.79
      Required ratio:    0.00 (Cumulative side area) 


  Pin:   fanout700/A (sg13g2_buf_1)
    Layer: Via1
      Partial area ratio:    0.20
      Required ratio:   20.00 (Gate area) 
      Cumulative area ratio:    0.20
      Required ratio:    0.00 (Cumulative area) 

    Layer: Metal2
      Partial area ratio:   12.69
      Required ratio:    0.00 (Gate area) 
      Cumulative area ratio:   12.69
      Required ratio: 14172.00 (Cumulative area) 
      Partial area ratio:   58.03
      Required ratio:    0.00 (Side area) 
      Cumulative area ratio:   58.03
      Required ratio:    0.00 (Cumulative side area) 

    Layer: Via2
      Partial area ratio:    0.60
      Required ratio:  354.30 (Gate area) 
      Cumulative area ratio:    0.80
      Required ratio:    0.00 (Cumulative area) 

    Layer: Metal3
      Partial area ratio:    0.98
      Required ratio:    0.00 (Gate area) 
      Cumulative area ratio:   13.67
      Required ratio: 14172.00 (Cumulative area) 
      Partial area ratio:    7.37
      Required ratio:    0.00 (Side area) 
      Cumulative area ratio:   65.41
      Required ratio:    0.00 (Cumulative side area) 

    Layer: Via3
      Partial area ratio:    0.20
      Required ratio:  354.30 (Gate area) 
      Cumulative area ratio:    1.00
      Required ratio:    0.00 (Cumulative area) 

    Layer: Metal4
      Partial area ratio:    0.34
      Required ratio:    0.00 (Gate area) 
      Cumulative area ratio:   14.01
      Required ratio: 14172.00 (Cumulative area) 
      Partial area ratio:    2.49
      Required ratio:    0.00 (Side area) 
      Cumulative area ratio:   67.90
      Required ratio:    0.00 (Cumulative side area) 

    Layer: Via4
      Partial area ratio:    0.20
      Required ratio:  354.30 (Gate area) 
      Cumulative area ratio:    1.20
      Required ratio:    0.00 (Cumulative area) 

    Layer: Metal5
      Partial area ratio:   34.72
      Required ratio:    0.00 (Gate area) 
      Cumulative area ratio:   48.73
      Required ratio: 14172.00 (Cumulative area) 
      Partial area ratio:  156.52
      Required ratio:    0.00 (Side area) 
      Cumulative area ratio:  224.41
      Required ratio:    0.00 (Cumulative side area) 



Net: net705
  Pin:   m.u_conv3.u_weights._22889_/A1 (sg13g2_a21oi_1)
    Layer: Metal1
      Partial area ratio:    0.02
      Required ratio:    0.00 (Gate area) 
      Cumulative area ratio:    0.02
      Required ratio:  200.00 (Cumulative area) 
      Partial area ratio:    1.17
      Required ratio:    0.00 (Side area) 
      Cumulative area ratio:    1.17
      Required ratio:    0.00 (Cumulative side area) 

    Layer: Via1
      Partial area ratio:    0.15
      Required ratio:   20.00 (Gate area) 
      Cumulative area ratio:    0.15
      Required ratio:    0.00 (Cumulative area) 

    Layer: Metal2
      Partial area ratio:  211.04
      Required ratio:    0.00 (Gate area) 
      Cumulative area ratio:  211.06
      Required ratio:  200.00 (Cumulative area) (VIOLATED)
      Partial area ratio:  950.36
      Required ratio:    0.00 (Side area) 
      Cumulative area ratio:  951.53
      Required ratio:    0.00 (Cumulative side area) 

    Layer: Via2
      Partial area ratio:    0.45
      Required ratio:   20.00 (Gate area) 
      Cumulative area ratio:    0.60
      Required ratio:    0.00 (Cumulative area) 

    Layer: Metal3
      Partial area ratio:   45.73
      Required ratio:    0.00 (Gate area) 
      Cumulative area ratio:  256.78
      Required ratio:  200.00 (Cumulative area) (VIOLATED)
      Partial area ratio:  206.81
      Required ratio:    0.00 (Side area) 
      Cumulative area ratio: 1158.34
      Required ratio:    0.00 (Cumulative side area) 

    Layer: Via3
      Partial area ratio:    0.04
      Required ratio:   20.00 (Gate area) 
      Cumulative area ratio:    0.64
      Required ratio:    0.00 (Cumulative area) 

    Layer: Metal4
      Partial area ratio:    1.46
      Required ratio:    0.00 (Gate area) 
      Cumulative area ratio:  258.25
      Required ratio: 14172.00 (Cumulative area) 
      Partial area ratio:    6.75
      Required ratio:    0.00 (Side area) 
      Cumulative area ratio: 1165.09
      Required ratio:    0.00 (Cumulative side area) 

    Layer: Via4
      Partial area ratio:    0.03
      Required ratio:  354.30 (Gate area) 
      Cumulative area ratio:    0.67
      Required ratio:    0.00 (Cumulative area) 

    Layer: Metal5
      Partial area ratio:   15.14
      Required ratio:    0.00 (Gate area) 
      Cumulative area ratio:  273.39
      Required ratio: 14172.00 (Cumulative area) 
      Partial area ratio:   68.23
      Required ratio:    0.00 (Side area) 
      Cumulative area ratio: 1233.33
      Required ratio:    0.00 (Cumulative side area) 


  Pin:   m.u_conv3.u_weights._28438_/A (sg13g2_xnor2_1)
    Layer: Via1
      Partial area ratio:    0.08
      Required ratio:   20.00 (Gate area) 
      Cumulative area ratio:    0.08
      Required ratio:    0.00 (Cumulative area) 

    Layer: Metal2
      Partial area ratio:    2.93
      Required ratio:    0.00 (Gate area) 
      Cumulative area ratio:    2.93
      Required ratio:  200.00 (Cumulative area) 
      Partial area ratio:   13.60
      Required ratio:    0.00 (Side area) 
      Cumulative area ratio:   13.60
      Required ratio:    0.00 (Cumulative side area) 

    Layer: Via2
      Partial area ratio:    0.17
      Required ratio:   20.00 (Gate area) 
      Cumulative area ratio:    0.25
      Required ratio:    0.00 (Cumulative area) 

    Layer: Metal3
      Partial area ratio:   45.73
      Required ratio:    0.00 (Gate area) 
      Cumulative area ratio:   48.66
      Required ratio:  200.00 (Cumulative area) 
      Partial area ratio:  206.81
      Required ratio:    0.00 (Side area) 
      Cumulative area ratio:  220.41
      Required ratio:    0.00 (Cumulative side area) 

    Layer: Via3
      Partial area ratio:    0.04
      Required ratio:   20.00 (Gate area) 
      Cumulative area ratio:    0.29
      Required ratio:    0.00 (Cumulative area) 

    Layer: Metal4
      Partial area ratio:    1.46
      Required ratio:    0.00 (Gate area) 
      Cumulative area ratio:   50.12
      Required ratio: 14172.00 (Cumulative area) 
      Partial area ratio:    6.75
      Required ratio:    0.00 (Side area) 
      Cumulative area ratio:  227.16
      Required ratio:    0.00 (Cumulative side area) 

    Layer: Via4
      Partial area ratio:    0.03
      Required ratio:  354.30 (Gate area) 
      Cumulative area ratio:    0.33
      Required ratio:    0.00 (Cumulative area) 

    Layer: Metal5
      Partial area ratio:   15.14
      Required ratio:    0.00 (Gate area) 
      Cumulative area ratio:   65.26
      Required ratio: 14172.00 (Cumulative area) 
      Partial area ratio:   68.23
      Required ratio:    0.00 (Side area) 
      Cumulative area ratio:  295.40
      Required ratio:    0.00 (Cumulative side area) 


  Pin:   m.u_conv3.u_weights._28727_/A (sg13g2_xnor2_1)
    Layer: Via1
      Partial area ratio:    0.08
      Required ratio:   20.00 (Gate area) 
      Cumulative area ratio:    0.08
      Required ratio:    0.00 (Cumulative area) 

    Layer: Metal2
      Partial area ratio:    2.38
      Required ratio:    0.00 (Gate area) 
      Cumulative area ratio:    2.38
      Required ratio:  200.00 (Cumulative area) 
      Partial area ratio:   11.11
      Required ratio:    0.00 (Side area) 
      Cumulative area ratio:   11.11
      Required ratio:    0.00 (Cumulative side area) 

    Layer: Via2
      Partial area ratio:    0.17
      Required ratio:   20.00 (Gate area) 
      Cumulative area ratio:    0.25
      Required ratio:    0.00 (Cumulative area) 

    Layer: Metal3
      Partial area ratio:    3.60
      Required ratio:    0.00 (Gate area) 
      Cumulative area ratio:    5.98
      Required ratio:  200.00 (Cumulative area) 
      Partial area ratio:   17.00
      Required ratio:    0.00 (Side area) 
      Cumulative area ratio:   28.11
      Required ratio:    0.00 (Cumulative side area) 

    Layer: Via3
      Partial area ratio:    0.17
      Required ratio:   20.00 (Gate area) 
      Cumulative area ratio:    0.42
      Required ratio:    0.00 (Cumulative area) 

    Layer: Metal4
      Partial area ratio:   10.19
      Required ratio:    0.00 (Gate area) 
      Cumulative area ratio:   16.17
      Required ratio:  200.00 (Cumulative area) 
      Partial area ratio:   46.49
      Required ratio:    0.00 (Side area) 
      Cumulative area ratio:   74.60
      Required ratio:    0.00 (Cumulative side area) 

    Layer: Via4
      Partial area ratio:    0.04
      Required ratio:   20.00 (Gate area) 
      Cumulative area ratio:    0.46
      Required ratio:    0.00 (Cumulative area) 

    Layer: Metal5
      Partial area ratio:   15.14
      Required ratio:    0.00 (Gate area) 
      Cumulative area ratio:   31.31
      Required ratio: 14172.00 (Cumulative area) 
      Partial area ratio:   68.23
      Required ratio:    0.00 (Side area) 
      Cumulative area ratio:  142.83
      Required ratio:    0.00 (Cumulative side area) 


  Pin:   m.u_conv3.u_weights._29069_/A (sg13g2_xnor2_1)
    Layer: Via1
      Partial area ratio:    0.08
      Required ratio:   20.00 (Gate area) 
      Cumulative area ratio:    0.08
      Required ratio:    0.00 (Cumulative area) 

    Layer: Metal2
      Partial area ratio:    2.41
      Required ratio:    0.00 (Gate area) 
      Cumulative area ratio:    2.41
      Required ratio:  200.00 (Cumulative area) 
      Partial area ratio:   11.22
      Required ratio:    0.00 (Side area) 
      Cumulative area ratio:   11.22
      Required ratio:    0.00 (Cumulative side area) 

    Layer: Via2
      Partial area ratio:    0.17
      Required ratio:   20.00 (Gate area) 
      Cumulative area ratio:    0.25
      Required ratio:    0.00 (Cumulative area) 

    Layer: Metal3
      Partial area ratio:    0.27
      Required ratio:    0.00 (Gate area) 
      Cumulative area ratio:    2.68
      Required ratio:  200.00 (Cumulative area) 
      Partial area ratio:    2.05
      Required ratio:    0.00 (Side area) 
      Cumulative area ratio:   13.28
      Required ratio:    0.00 (Cumulative side area) 

    Layer: Via3
      Partial area ratio:    0.08
      Required ratio:   20.00 (Gate area) 
      Cumulative area ratio:    0.33
      Required ratio:    0.00 (Cumulative area) 

    Layer: Metal4
      Partial area ratio:   10.19
      Required ratio:    0.00 (Gate area) 
      Cumulative area ratio:   12.87
      Required ratio:  200.00 (Cumulative area) 
      Partial area ratio:   46.49
      Required ratio:    0.00 (Side area) 
      Cumulative area ratio:   59.77
      Required ratio:    0.00 (Cumulative side area) 

    Layer: Via4
      Partial area ratio:    0.04
      Required ratio:   20.00 (Gate area) 
      Cumulative area ratio:    0.37
      Required ratio:    0.00 (Cumulative area) 

    Layer: Metal5
      Partial area ratio:   15.14
      Required ratio:    0.00 (Gate area) 
      Cumulative area ratio:   28.02
      Required ratio: 14172.00 (Cumulative area) 
      Partial area ratio:   68.23
      Required ratio:    0.00 (Side area) 
      Cumulative area ratio:  128.00
      Required ratio:    0.00 (Cumulative side area) 


  Pin:   fanout701/A (sg13g2_buf_1)
    Layer: Via1
      Partial area ratio:    0.20
      Required ratio:   20.00 (Gate area) 
      Cumulative area ratio:    0.20
      Required ratio:    0.00 (Cumulative area) 

    Layer: Metal2
      Partial area ratio:    5.22
      Required ratio:    0.00 (Gate area) 
      Cumulative area ratio:    5.22
      Required ratio:  200.00 (Cumulative area) 
      Partial area ratio:   24.42
      Required ratio:    0.00 (Side area) 
      Cumulative area ratio:   24.42
      Required ratio:    0.00 (Cumulative side area) 

    Layer: Via2
      Partial area ratio:    0.40
      Required ratio:   20.00 (Gate area) 
      Cumulative area ratio:    0.60
      Required ratio:    0.00 (Cumulative area) 

    Layer: Metal3
      Partial area ratio:   45.73
      Required ratio:    0.00 (Gate area) 
      Cumulative area ratio:   50.94
      Required ratio:  200.00 (Cumulative area) 
      Partial area ratio:  206.81
      Required ratio:    0.00 (Side area) 
      Cumulative area ratio:  231.23
      Required ratio:    0.00 (Cumulative side area) 

    Layer: Via3
      Partial area ratio:    0.04
      Required ratio:   20.00 (Gate area) 
      Cumulative area ratio:    0.64
      Required ratio:    0.00 (Cumulative area) 

    Layer: Metal4
      Partial area ratio:    1.46
      Required ratio:    0.00 (Gate area) 
      Cumulative area ratio:   52.40
      Required ratio: 14172.00 (Cumulative area) 
      Partial area ratio:    6.75
      Required ratio:    0.00 (Side area) 
      Cumulative area ratio:  237.98
      Required ratio:    0.00 (Cumulative side area) 

    Layer: Via4
      Partial area ratio:    0.03
      Required ratio:  354.30 (Gate area) 
      Cumulative area ratio:    0.68
      Required ratio:    0.00 (Cumulative area) 

    Layer: Metal5
      Partial area ratio:   15.14
      Required ratio:    0.00 (Gate area) 
      Cumulative area ratio:   67.55
      Required ratio: 14172.00 (Cumulative area) 
      Partial area ratio:   68.23
      Required ratio:    0.00 (Side area) 
      Cumulative area ratio:  306.22
      Required ratio:    0.00 (Cumulative side area) 


  Pin:   fanout704/A (sg13g2_buf_1)
    Layer: Via1
      Partial area ratio:    0.20
      Required ratio:   20.00 (Gate area) 
      Cumulative area ratio:    0.20
      Required ratio:    0.00 (Cumulative area) 

    Layer: Metal2
      Partial area ratio:   36.59
      Required ratio:    0.00 (Gate area) 
      Cumulative area ratio:   36.59
      Required ratio: 14172.00 (Cumulative area) 
      Partial area ratio:  165.59
      Required ratio:    0.00 (Side area) 
      Cumulative area ratio:  165.59
      Required ratio:    0.00 (Cumulative side area) 

    Layer: Via2
      Partial area ratio:    0.60
      Required ratio:  354.30 (Gate area) 
      Cumulative area ratio:    0.80
      Required ratio:    0.00 (Cumulative area) 

    Layer: Metal3
      Partial area ratio:    0.98
      Required ratio:    0.00 (Gate area) 
      Cumulative area ratio:   37.57
      Required ratio: 14172.00 (Cumulative area) 
      Partial area ratio:    7.37
      Required ratio:    0.00 (Side area) 
      Cumulative area ratio:  172.96
      Required ratio:    0.00 (Cumulative side area) 

    Layer: Via3
      Partial area ratio:    0.20
      Required ratio:  354.30 (Gate area) 
      Cumulative area ratio:    1.00
      Required ratio:    0.00 (Cumulative area) 

    Layer: Metal4
      Partial area ratio:    1.46
      Required ratio:    0.00 (Gate area) 
      Cumulative area ratio:   39.03
      Required ratio: 14172.00 (Cumulative area) 
      Partial area ratio:    6.75
      Required ratio:    0.00 (Side area) 
      Cumulative area ratio:  179.72
      Required ratio:    0.00 (Cumulative side area) 

    Layer: Via4
      Partial area ratio:    0.03
      Required ratio:  354.30 (Gate area) 
      Cumulative area ratio:    1.03
      Required ratio:    0.00 (Cumulative area) 

    Layer: Metal5
      Partial area ratio:   15.14
      Required ratio:    0.00 (Gate area) 
      Cumulative area ratio:   54.18
      Required ratio: 14172.00 (Cumulative area) 
      Partial area ratio:   68.23
      Required ratio:    0.00 (Side area) 
      Cumulative area ratio:  247.95
      Required ratio:    0.00 (Cumulative side area) 



Net: net713
  Pin:   m.u_conv3.u_weights._17226_/A (sg13g2_nand2_1)
    Layer: Via1
      Partial area ratio:    0.15
      Required ratio:   20.00 (Gate area) 
      Cumulative area ratio:    0.15
      Required ratio:    0.00 (Cumulative area) 

    Layer: Metal2
      Partial area ratio:   10.21
      Required ratio:    0.00 (Gate area) 
      Cumulative area ratio:   10.21
      Required ratio:  200.00 (Cumulative area) 
      Partial area ratio:   46.67
      Required ratio:    0.00 (Side area) 
      Cumulative area ratio:   46.67
      Required ratio:    0.00 (Cumulative side area) 

    Layer: Via2
      Partial area ratio:    0.30
      Required ratio:   20.00 (Gate area) 
      Cumulative area ratio:    0.45
      Required ratio:    0.00 (Cumulative area) 

    Layer: Metal3
      Partial area ratio:   23.85
      Required ratio:    0.00 (Gate area) 
      Cumulative area ratio:   34.06
      Required ratio: 14172.00 (Cumulative area) 
      Partial area ratio:  108.60
      Required ratio:    0.00 (Side area) 
      Cumulative area ratio:  155.27
      Required ratio:    0.00 (Cumulative side area) 

    Layer: Via3
      Partial area ratio:    0.05
      Required ratio:  354.30 (Gate area) 
      Cumulative area ratio:    0.49
      Required ratio:    0.00 (Cumulative area) 

    Layer: Metal4
      Partial area ratio:    4.78
      Required ratio:    0.00 (Gate area) 
      Cumulative area ratio:   38.84
      Required ratio: 14172.00 (Cumulative area) 
      Partial area ratio:   21.72
      Required ratio:    0.00 (Side area) 
      Cumulative area ratio:  176.99
      Required ratio:    0.00 (Cumulative side area) 

    Layer: Via4
      Partial area ratio:    0.05
      Required ratio:  354.30 (Gate area) 
      Cumulative area ratio:    0.54
      Required ratio:    0.00 (Cumulative area) 

    Layer: Metal5
      Partial area ratio:   16.03
      Required ratio:    0.00 (Gate area) 
      Cumulative area ratio:   54.87
      Required ratio: 14172.00 (Cumulative area) 
      Partial area ratio:   72.30
      Required ratio:    0.00 (Side area) 
      Cumulative area ratio:  249.29
      Required ratio:    0.00 (Cumulative side area) 


  Pin:   m.u_conv3.u_weights._17486_/A (sg13g2_nand2_1)
    Layer: Via1
      Partial area ratio:    0.15
      Required ratio:   20.00 (Gate area) 
      Cumulative area ratio:    0.15
      Required ratio:    0.00 (Cumulative area) 

    Layer: Metal2
      Partial area ratio:   12.83
      Required ratio:    0.00 (Gate area) 
      Cumulative area ratio:   12.83
      Required ratio:  200.00 (Cumulative area) 
      Partial area ratio:   58.44
      Required ratio:    0.00 (Side area) 
      Cumulative area ratio:   58.44
      Required ratio:    0.00 (Cumulative side area) 

    Layer: Via2
      Partial area ratio:    0.30
      Required ratio:   20.00 (Gate area) 
      Cumulative area ratio:    0.45
      Required ratio:    0.00 (Cumulative area) 

    Layer: Metal3
      Partial area ratio:   23.85
      Required ratio:    0.00 (Gate area) 
      Cumulative area ratio:   36.68
      Required ratio: 14172.00 (Cumulative area) 
      Partial area ratio:  108.60
      Required ratio:    0.00 (Side area) 
      Cumulative area ratio:  167.03
      Required ratio:    0.00 (Cumulative side area) 

    Layer: Via3
      Partial area ratio:    0.05
      Required ratio:  354.30 (Gate area) 
      Cumulative area ratio:    0.49
      Required ratio:    0.00 (Cumulative area) 

    Layer: Metal4
      Partial area ratio:    4.78
      Required ratio:    0.00 (Gate area) 
      Cumulative area ratio:   41.45
      Required ratio: 14172.00 (Cumulative area) 
      Partial area ratio:   21.72
      Required ratio:    0.00 (Side area) 
      Cumulative area ratio:  188.75
      Required ratio:    0.00 (Cumulative side area) 

    Layer: Via4
      Partial area ratio:    0.05
      Required ratio:  354.30 (Gate area) 
      Cumulative area ratio:    0.54
      Required ratio:    0.00 (Cumulative area) 

    Layer: Metal5
      Partial area ratio:   16.03
      Required ratio:    0.00 (Gate area) 
      Cumulative area ratio:   57.48
      Required ratio: 14172.00 (Cumulative area) 
      Partial area ratio:   72.30
      Required ratio:    0.00 (Side area) 
      Cumulative area ratio:  261.06
      Required ratio:    0.00 (Cumulative side area) 


  Pin:   m.u_conv3.u_weights._21466_/A (sg13g2_xnor2_1)
    Layer: Via1
      Partial area ratio:    0.08
      Required ratio:   20.00 (Gate area) 
      Cumulative area ratio:    0.08
      Required ratio:    0.00 (Cumulative area) 

    Layer: Metal2
      Partial area ratio:   10.68
      Required ratio:    0.00 (Gate area) 
      Cumulative area ratio:   10.68
      Required ratio:  200.00 (Cumulative area) 
      Partial area ratio:   48.48
      Required ratio:    0.00 (Side area) 
      Cumulative area ratio:   48.48
      Required ratio:    0.00 (Cumulative side area) 

    Layer: Via2
      Partial area ratio:    0.17
      Required ratio:   20.00 (Gate area) 
      Cumulative area ratio:    0.25
      Required ratio:    0.00 (Cumulative area) 

    Layer: Metal3
      Partial area ratio:   23.85
      Required ratio:    0.00 (Gate area) 
      Cumulative area ratio:   34.53
      Required ratio: 14172.00 (Cumulative area) 
      Partial area ratio:  108.60
      Required ratio:    0.00 (Side area) 
      Cumulative area ratio:  157.07
      Required ratio:    0.00 (Cumulative side area) 

    Layer: Via3
      Partial area ratio:    0.05
      Required ratio:  354.30 (Gate area) 
      Cumulative area ratio:    0.30
      Required ratio:    0.00 (Cumulative area) 

    Layer: Metal4
      Partial area ratio:    4.78
      Required ratio:    0.00 (Gate area) 
      Cumulative area ratio:   39.31
      Required ratio: 14172.00 (Cumulative area) 
      Partial area ratio:   21.72
      Required ratio:    0.00 (Side area) 
      Cumulative area ratio:  178.80
      Required ratio:    0.00 (Cumulative side area) 

    Layer: Via4
      Partial area ratio:    0.05
      Required ratio:  354.30 (Gate area) 
      Cumulative area ratio:    0.34
      Required ratio:    0.00 (Cumulative area) 

    Layer: Metal5
      Partial area ratio:   16.03
      Required ratio:    0.00 (Gate area) 
      Cumulative area ratio:   55.34
      Required ratio: 14172.00 (Cumulative area) 
      Partial area ratio:   72.30
      Required ratio:    0.00 (Side area) 
      Cumulative area ratio:  251.10
      Required ratio:    0.00 (Cumulative side area) 


  Pin:   m.u_conv3.u_weights._24673_/A (sg13g2_xnor2_1)
    Layer: Via1
      Partial area ratio:    0.08
      Required ratio:   20.00 (Gate area) 
      Cumulative area ratio:    0.08
      Required ratio:    0.00 (Cumulative area) 

    Layer: Metal2
      Partial area ratio:    2.35
      Required ratio:    0.00 (Gate area) 
      Cumulative area ratio:    2.35
      Required ratio:  200.00 (Cumulative area) 
      Partial area ratio:   10.99
      Required ratio:    0.00 (Side area) 
      Cumulative area ratio:   10.99
      Required ratio:    0.00 (Cumulative side area) 

    Layer: Via2
      Partial area ratio:    0.17
      Required ratio:   20.00 (Gate area) 
      Cumulative area ratio:    0.25
      Required ratio:    0.00 (Cumulative area) 

    Layer: Metal3
      Partial area ratio:    0.27
      Required ratio:    0.00 (Gate area) 
      Cumulative area ratio:    2.63
      Required ratio:  200.00 (Cumulative area) 
      Partial area ratio:    2.05
      Required ratio:    0.00 (Side area) 
      Cumulative area ratio:   13.04
      Required ratio:    0.00 (Cumulative side area) 

    Layer: Via3
      Partial area ratio:    0.08
      Required ratio:   20.00 (Gate area) 
      Cumulative area ratio:    0.33
      Required ratio:    0.00 (Cumulative area) 

    Layer: Metal4
      Partial area ratio:    0.14
      Required ratio:    0.00 (Gate area) 
      Cumulative area ratio:    2.77
      Required ratio:  200.00 (Cumulative area) 
      Partial area ratio:    1.04
      Required ratio:    0.00 (Side area) 
      Cumulative area ratio:   14.08
      Required ratio:    0.00 (Cumulative side area) 

    Layer: Via4
      Partial area ratio:    0.08
      Required ratio:   20.00 (Gate area) 
      Cumulative area ratio:    0.42
      Required ratio:    0.00 (Cumulative area) 

    Layer: Metal5
      Partial area ratio:   16.03
      Required ratio:    0.00 (Gate area) 
      Cumulative area ratio:   18.80
      Required ratio: 14172.00 (Cumulative area) 
      Partial area ratio:   72.30
      Required ratio:    0.00 (Side area) 
      Cumulative area ratio:   86.38
      Required ratio:    0.00 (Cumulative side area) 


  Pin:   m.u_conv3.u_weights._24771_/A1 (sg13g2_a21o_1)
    Layer: Via1
      Partial area ratio:    0.17
      Required ratio:   20.00 (Gate area) 
      Cumulative area ratio:    0.17
      Required ratio:    0.00 (Cumulative area) 

    Layer: Metal2
      Partial area ratio:    4.00
      Required ratio:    0.00 (Gate area) 
      Cumulative area ratio:    4.00
      Required ratio:  200.00 (Cumulative area) 
      Partial area ratio:   18.81
      Required ratio:    0.00 (Side area) 
      Cumulative area ratio:   18.81
      Required ratio:    0.00 (Cumulative side area) 

    Layer: Via2
      Partial area ratio:    0.34
      Required ratio:   20.00 (Gate area) 
      Cumulative area ratio:    0.51
      Required ratio:    0.00 (Cumulative area) 

    Layer: Metal3
      Partial area ratio:   23.85
      Required ratio:    0.00 (Gate area) 
      Cumulative area ratio:   27.85
      Required ratio: 14172.00 (Cumulative area) 
      Partial area ratio:  108.60
      Required ratio:    0.00 (Side area) 
      Cumulative area ratio:  127.41
      Required ratio:    0.00 (Cumulative side area) 

    Layer: Via3
      Partial area ratio:    0.05
      Required ratio:  354.30 (Gate area) 
      Cumulative area ratio:    0.55
      Required ratio:    0.00 (Cumulative area) 

    Layer: Metal4
      Partial area ratio:    4.78
      Required ratio:    0.00 (Gate area) 
      Cumulative area ratio:   32.62
      Required ratio: 14172.00 (Cumulative area) 
      Partial area ratio:   21.72
      Required ratio:    0.00 (Side area) 
      Cumulative area ratio:  149.13
      Required ratio:    0.00 (Cumulative side area) 

    Layer: Via4
      Partial area ratio:    0.05
      Required ratio:  354.30 (Gate area) 
      Cumulative area ratio:    0.60
      Required ratio:    0.00 (Cumulative area) 

    Layer: Metal5
      Partial area ratio:   16.03
      Required ratio:    0.00 (Gate area) 
      Cumulative area ratio:   48.65
      Required ratio: 14172.00 (Cumulative area) 
      Partial area ratio:   72.30
      Required ratio:    0.00 (Side area) 
      Cumulative area ratio:  221.43
      Required ratio:    0.00 (Cumulative side area) 


  Pin:   m.u_conv3.u_weights._25294_/A (sg13g2_and2_1)
    Layer: Via1
      Partial area ratio:    0.19
      Required ratio:   20.00 (Gate area) 
      Cumulative area ratio:    0.19
      Required ratio:    0.00 (Cumulative area) 

    Layer: Metal2
      Partial area ratio:  279.84
      Required ratio:    0.00 (Gate area) 
      Cumulative area ratio:  279.84
      Required ratio:  200.00 (Cumulative area) (VIOLATED)
      Partial area ratio: 1260.11
      Required ratio:    0.00 (Side area) 
      Cumulative area ratio: 1260.11
      Required ratio:    0.00 (Cumulative side area) 

    Layer: Via2
      Partial area ratio:    0.94
      Required ratio:   20.00 (Gate area) 
      Cumulative area ratio:    1.13
      Required ratio:    0.00 (Cumulative area) 

    Layer: Metal3
      Partial area ratio:   23.85
      Required ratio:    0.00 (Gate area) 
      Cumulative area ratio:  303.69
      Required ratio: 14172.00 (Cumulative area) 
      Partial area ratio:  108.60
      Required ratio:    0.00 (Side area) 
      Cumulative area ratio: 1368.70
      Required ratio:    0.00 (Cumulative side area) 

    Layer: Via3
      Partial area ratio:    0.05
      Required ratio:  354.30 (Gate area) 
      Cumulative area ratio:    1.17
      Required ratio:    0.00 (Cumulative area) 

    Layer: Metal4
      Partial area ratio:    4.78
      Required ratio:    0.00 (Gate area) 
      Cumulative area ratio:  308.46
      Required ratio: 14172.00 (Cumulative area) 
      Partial area ratio:   21.72
      Required ratio:    0.00 (Side area) 
      Cumulative area ratio: 1390.42
      Required ratio:    0.00 (Cumulative side area) 

    Layer: Via4
      Partial area ratio:    0.05
      Required ratio:  354.30 (Gate area) 
      Cumulative area ratio:    1.22
      Required ratio:    0.00 (Cumulative area) 

    Layer: Metal5
      Partial area ratio:   16.03
      Required ratio:    0.00 (Gate area) 
      Cumulative area ratio:  324.49
      Required ratio: 14172.00 (Cumulative area) 
      Partial area ratio:   72.30
      Required ratio:    0.00 (Side area) 
      Cumulative area ratio: 1462.73
      Required ratio:    0.00 (Cumulative side area) 


  Pin:   m.u_conv3.u_weights._25681_/A (sg13g2_and2_1)
    Layer: Via1
      Partial area ratio:    0.19
      Required ratio:   20.00 (Gate area) 
      Cumulative area ratio:    0.19
      Required ratio:    0.00 (Cumulative area) 

    Layer: Metal2
      Partial area ratio:    5.22
      Required ratio:    0.00 (Gate area) 
      Cumulative area ratio:    5.22
      Required ratio:  200.00 (Cumulative area) 
      Partial area ratio:   24.37
      Required ratio:    0.00 (Side area) 
      Cumulative area ratio:   24.37
      Required ratio:    0.00 (Cumulative side area) 

    Layer: Via2
      Partial area ratio:    0.38
      Required ratio:   20.00 (Gate area) 
      Cumulative area ratio:    0.56
      Required ratio:    0.00 (Cumulative area) 

    Layer: Metal3
      Partial area ratio:    0.62
      Required ratio:    0.00 (Gate area) 
      Cumulative area ratio:    5.84
      Required ratio:  200.00 (Cumulative area) 
      Partial area ratio:    4.63
      Required ratio:    0.00 (Side area) 
      Cumulative area ratio:   29.00
      Required ratio:    0.00 (Cumulative side area) 

    Layer: Via3
      Partial area ratio:    0.19
      Required ratio:   20.00 (Gate area) 
      Cumulative area ratio:    0.75
      Required ratio:    0.00 (Cumulative area) 

    Layer: Metal4
      Partial area ratio:    7.89
      Required ratio:    0.00 (Gate area) 
      Cumulative area ratio:   13.72
      Required ratio:  200.00 (Cumulative area) 
      Partial area ratio:   36.42
      Required ratio:    0.00 (Side area) 
      Cumulative area ratio:   65.42
      Required ratio:    0.00 (Cumulative side area) 

    Layer: Via4
      Partial area ratio:    0.19
      Required ratio:   20.00 (Gate area) 
      Cumulative area ratio:    0.94
      Required ratio:    0.00 (Cumulative area) 

    Layer: Metal5
      Partial area ratio:   16.03
      Required ratio:    0.00 (Gate area) 
      Cumulative area ratio:   29.75
      Required ratio: 14172.00 (Cumulative area) 
      Partial area ratio:   72.30
      Required ratio:    0.00 (Side area) 
      Cumulative area ratio:  137.72
      Required ratio:    0.00 (Cumulative side area) 


  Pin:   m.u_conv3.u_weights._28395_/A1 (sg13g2_a21o_1)
    Layer: Via1
      Partial area ratio:    0.17
      Required ratio:   20.00 (Gate area) 
      Cumulative area ratio:    0.17
      Required ratio:    0.00 (Cumulative area) 

    Layer: Metal2
      Partial area ratio:    5.19
      Required ratio:    0.00 (Gate area) 
      Cumulative area ratio:    5.19
      Required ratio:  200.00 (Cumulative area) 
      Partial area ratio:   24.17
      Required ratio:    0.00 (Side area) 
      Cumulative area ratio:   24.17
      Required ratio:    0.00 (Cumulative side area) 

    Layer: Via2
      Partial area ratio:    0.34
      Required ratio:   20.00 (Gate area) 
      Cumulative area ratio:    0.51
      Required ratio:    0.00 (Cumulative area) 

    Layer: Metal3
      Partial area ratio:   23.85
      Required ratio:    0.00 (Gate area) 
      Cumulative area ratio:   29.04
      Required ratio: 14172.00 (Cumulative area) 
      Partial area ratio:  108.60
      Required ratio:    0.00 (Side area) 
      Cumulative area ratio:  132.76
      Required ratio:    0.00 (Cumulative side area) 

    Layer: Via3
      Partial area ratio:    0.05
      Required ratio:  354.30 (Gate area) 
      Cumulative area ratio:    0.55
      Required ratio:    0.00 (Cumulative area) 

    Layer: Metal4
      Partial area ratio:    4.78
      Required ratio:    0.00 (Gate area) 
      Cumulative area ratio:   33.81
      Required ratio: 14172.00 (Cumulative area) 
      Partial area ratio:   21.72
      Required ratio:    0.00 (Side area) 
      Cumulative area ratio:  154.48
      Required ratio:    0.00 (Cumulative side area) 

    Layer: Via4
      Partial area ratio:    0.05
      Required ratio:  354.30 (Gate area) 
      Cumulative area ratio:    0.60
      Required ratio:    0.00 (Cumulative area) 

    Layer: Metal5
      Partial area ratio:   16.03
      Required ratio:    0.00 (Gate area) 
      Cumulative area ratio:   49.84
      Required ratio: 14172.00 (Cumulative area) 
      Partial area ratio:   72.30
      Required ratio:    0.00 (Side area) 
      Cumulative area ratio:  226.79
      Required ratio:    0.00 (Cumulative side area) 



Net: net860
  Pin:   m.u_conv3.u_weights._27095_/A (sg13g2_or3_1)
    Layer: Via1
      Partial area ratio:    0.18
      Required ratio:   20.00 (Gate area) 
      Cumulative area ratio:    0.18
      Required ratio:    0.00 (Cumulative area) 

    Layer: Metal2
      Partial area ratio:    3.68
      Required ratio:    0.00 (Gate area) 
      Cumulative area ratio:    3.68
      Required ratio:  200.00 (Cumulative area) 
      Partial area ratio:   17.41
      Required ratio:    0.00 (Side area) 
      Cumulative area ratio:   17.41
      Required ratio:    0.00 (Cumulative side area) 

    Layer: Via2
      Partial area ratio:    0.36
      Required ratio:   20.00 (Gate area) 
      Cumulative area ratio:    0.54
      Required ratio:    0.00 (Cumulative area) 

    Layer: Metal3
      Partial area ratio:    0.59
      Required ratio:    0.00 (Gate area) 
      Cumulative area ratio:    4.27
      Required ratio:  200.00 (Cumulative area) 
      Partial area ratio:    4.42
      Required ratio:    0.00 (Side area) 
      Cumulative area ratio:   21.83
      Required ratio:    0.00 (Cumulative side area) 

    Layer: Via3
      Partial area ratio:    0.18
      Required ratio:   20.00 (Gate area) 
      Cumulative area ratio:    0.72
      Required ratio:    0.00 (Cumulative area) 

    Layer: Metal4
      Partial area ratio:  271.95
      Required ratio:    0.00 (Gate area) 
      Cumulative area ratio:  276.22
      Required ratio:  200.00 (Cumulative area) (VIOLATED)
      Partial area ratio: 1224.65
      Required ratio:    0.00 (Side area) 
      Cumulative area ratio: 1246.48
      Required ratio:    0.00 (Cumulative side area) 

    Layer: Via4
      Partial area ratio:    0.18
      Required ratio:   20.00 (Gate area) 
      Cumulative area ratio:    0.90
      Required ratio:    0.00 (Cumulative area) 

    Layer: Metal5
      Partial area ratio:  226.73
      Required ratio:    0.00 (Gate area) 
      Cumulative area ratio:  502.95
      Required ratio: 14172.00 (Cumulative area) 
      Partial area ratio: 1020.77
      Required ratio:    0.00 (Side area) 
      Cumulative area ratio: 2267.24
      Required ratio:    0.00 (Cumulative side area) 


  Pin:   fanout853/A (sg13g2_buf_1)
    Layer: Via1
      Partial area ratio:    0.20
      Required ratio:   20.00 (Gate area) 
      Cumulative area ratio:    0.20
      Required ratio:    0.00 (Cumulative area) 

    Layer: Metal2
      Partial area ratio:   10.71
      Required ratio:    0.00 (Gate area) 
      Cumulative area ratio:   10.71
      Required ratio: 14172.00 (Cumulative area) 
      Partial area ratio:   49.12
      Required ratio:    0.00 (Side area) 
      Cumulative area ratio:   49.12
      Required ratio:    0.00 (Cumulative side area) 

    Layer: Via2
      Partial area ratio:    0.60
      Required ratio:  354.30 (Gate area) 
      Cumulative area ratio:    0.80
      Required ratio:    0.00 (Cumulative area) 

    Layer: Metal3
      Partial area ratio:    0.98
      Required ratio:    0.00 (Gate area) 
      Cumulative area ratio:   11.69
      Required ratio: 14172.00 (Cumulative area) 
      Partial area ratio:    7.37
      Required ratio:    0.00 (Side area) 
      Cumulative area ratio:   56.50
      Required ratio:    0.00 (Cumulative side area) 

    Layer: Via3
      Partial area ratio:    0.20
      Required ratio:  354.30 (Gate area) 
      Cumulative area ratio:    1.00
      Required ratio:    0.00 (Cumulative area) 

    Layer: Metal4
      Partial area ratio:    0.34
      Required ratio:    0.00 (Gate area) 
      Cumulative area ratio:   12.03
      Required ratio: 14172.00 (Cumulative area) 
      Partial area ratio:    2.49
      Required ratio:    0.00 (Side area) 
      Cumulative area ratio:   58.99
      Required ratio:    0.00 (Cumulative side area) 

    Layer: Via4
      Partial area ratio:    0.20
      Required ratio:  354.30 (Gate area) 
      Cumulative area ratio:    1.20
      Required ratio:    0.00 (Cumulative area) 

    Layer: Metal5
      Partial area ratio:  226.73
      Required ratio:    0.00 (Gate area) 
      Cumulative area ratio:  238.76
      Required ratio: 14172.00 (Cumulative area) 
      Partial area ratio: 1020.77
      Required ratio:    0.00 (Side area) 
      Cumulative area ratio: 1079.75
      Required ratio:    0.00 (Cumulative side area) 


  Pin:   fanout855/A (sg13g2_buf_1)
    Layer: Via1
      Partial area ratio:    0.20
      Required ratio:   20.00 (Gate area) 
      Cumulative area ratio:    0.20
      Required ratio:    0.00 (Cumulative area) 

    Layer: Metal2
      Partial area ratio:    4.96
      Required ratio:    0.00 (Gate area) 
      Cumulative area ratio:    4.96
      Required ratio:  200.00 (Cumulative area) 
      Partial area ratio:   23.25
      Required ratio:    0.00 (Side area) 
      Cumulative area ratio:   23.25
      Required ratio:    0.00 (Cumulative side area) 

    Layer: Via2
      Partial area ratio:    0.40
      Required ratio:   20.00 (Gate area) 
      Cumulative area ratio:    0.60
      Required ratio:    0.00 (Cumulative area) 

    Layer: Metal3
      Partial area ratio:    0.66
      Required ratio:    0.00 (Gate area) 
      Cumulative area ratio:    5.61
      Required ratio:  200.00 (Cumulative area) 
      Partial area ratio:    4.93
      Required ratio:    0.00 (Side area) 
      Cumulative area ratio:   28.18
      Required ratio:    0.00 (Cumulative side area) 

    Layer: Via3
      Partial area ratio:    0.20
      Required ratio:   20.00 (Gate area) 
      Cumulative area ratio:    0.80
      Required ratio:    0.00 (Cumulative area) 

    Layer: Metal4
      Partial area ratio:   48.77
      Required ratio:    0.00 (Gate area) 
      Cumulative area ratio:   54.38
      Required ratio:  200.00 (Cumulative area) 
      Partial area ratio:  221.41
      Required ratio:    0.00 (Side area) 
      Cumulative area ratio:  249.59
      Required ratio:    0.00 (Cumulative side area) 

    Layer: Via4
      Partial area ratio:    0.40
      Required ratio:   20.00 (Gate area) 
      Cumulative area ratio:    1.20
      Required ratio:    0.00 (Cumulative area) 

    Layer: Metal5
      Partial area ratio:  226.73
      Required ratio:    0.00 (Gate area) 
      Cumulative area ratio:  281.11
      Required ratio: 14172.00 (Cumulative area) 
      Partial area ratio: 1020.77
      Required ratio:    0.00 (Side area) 
      Cumulative area ratio: 1270.36
      Required ratio:    0.00 (Cumulative side area) 


  Pin:   fanout859/A (sg13g2_buf_1)
    Layer: Via1
      Partial area ratio:    0.20
      Required ratio:   20.00 (Gate area) 
      Cumulative area ratio:    0.20
      Required ratio:    0.00 (Cumulative area) 

    Layer: Metal2
      Partial area ratio:    6.68
      Required ratio:    0.00 (Gate area) 
      Cumulative area ratio:    6.68
      Required ratio:  200.00 (Cumulative area) 
      Partial area ratio:   31.01
      Required ratio:    0.00 (Side area) 
      Cumulative area ratio:   31.01
      Required ratio:    0.00 (Cumulative side area) 

    Layer: Via2
      Partial area ratio:    0.40
      Required ratio:   20.00 (Gate area) 
      Cumulative area ratio:    0.60
      Required ratio:    0.00 (Cumulative area) 

    Layer: Metal3
      Partial area ratio:    0.66
      Required ratio:    0.00 (Gate area) 
      Cumulative area ratio:    7.34
      Required ratio:  200.00 (Cumulative area) 
      Partial area ratio:    4.93
      Required ratio:    0.00 (Side area) 
      Cumulative area ratio:   35.95
      Required ratio:    0.00 (Cumulative side area) 

    Layer: Via3
      Partial area ratio:    0.20
      Required ratio:   20.00 (Gate area) 
      Cumulative area ratio:    0.80
      Required ratio:    0.00 (Cumulative area) 

    Layer: Metal4
      Partial area ratio:    0.34
      Required ratio:    0.00 (Gate area) 
      Cumulative area ratio:    7.68
      Required ratio:  200.00 (Cumulative area) 
      Partial area ratio:    2.49
      Required ratio:    0.00 (Side area) 
      Cumulative area ratio:   38.44
      Required ratio:    0.00 (Cumulative side area) 

    Layer: Via4
      Partial area ratio:    0.20
      Required ratio:   20.00 (Gate area) 
      Cumulative area ratio:    1.00
      Required ratio:    0.00 (Cumulative area) 

    Layer: Metal5
      Partial area ratio:  226.73
      Required ratio:    0.00 (Gate area) 
      Cumulative area ratio:  234.41
      Required ratio: 14172.00 (Cumulative area) 
      Partial area ratio: 1020.77
      Required ratio:    0.00 (Side area) 
      Cumulative area ratio: 1059.20
      Required ratio:    0.00 (Cumulative side area) 



Net: net871
  Pin:   m.u_conv3.u_weights._23488_/A (sg13g2_or2_1)
    Layer: Metal1
      Partial area ratio:    0.04
      Required ratio:    0.00 (Gate area) 
      Cumulative area ratio:    0.04
      Required ratio:  200.00 (Cumulative area) 
      Partial area ratio:    1.35
      Required ratio:    0.00 (Side area) 
      Cumulative area ratio:    1.35
      Required ratio:    0.00 (Cumulative side area) 

    Layer: Via1
      Partial area ratio:    0.20
      Required ratio:   20.00 (Gate area) 
      Cumulative area ratio:    0.20
      Required ratio:    0.00 (Cumulative area) 

    Layer: Metal2
      Partial area ratio:    1.19
      Required ratio:    0.00 (Gate area) 
      Cumulative area ratio:    1.22
      Required ratio:  200.00 (Cumulative area) 
      Partial area ratio:    6.30
      Required ratio:    0.00 (Side area) 
      Cumulative area ratio:    7.65
      Required ratio:    0.00 (Cumulative side area) 

    Layer: Via2
      Partial area ratio:    0.40
      Required ratio:   20.00 (Gate area) 
      Cumulative area ratio:    0.60
      Required ratio:    0.00 (Cumulative area) 

    Layer: Metal3
      Partial area ratio:    0.66
      Required ratio:    0.00 (Gate area) 
      Cumulative area ratio:    1.88
      Required ratio:  200.00 (Cumulative area) 
      Partial area ratio:    4.93
      Required ratio:    0.00 (Side area) 
      Cumulative area ratio:   12.58
      Required ratio:    0.00 (Cumulative side area) 

    Layer: Via3
      Partial area ratio:    0.20
      Required ratio:   20.00 (Gate area) 
      Cumulative area ratio:    0.80
      Required ratio:    0.00 (Cumulative area) 

    Layer: Metal4
      Partial area ratio:   88.09
      Required ratio:    0.00 (Gate area) 
      Cumulative area ratio:   89.97
      Required ratio:  200.00 (Cumulative area) 
      Partial area ratio:  397.38
      Required ratio:    0.00 (Side area) 
      Cumulative area ratio:  409.96
      Required ratio:    0.00 (Cumulative side area) 

    Layer: Via4
      Partial area ratio:    0.20
      Required ratio:   20.00 (Gate area) 
      Cumulative area ratio:    1.00
      Required ratio:    0.00 (Cumulative area) 

    Layer: Metal5
      Partial area ratio:  139.41
      Required ratio:    0.00 (Gate area) 
      Cumulative area ratio:  229.38
      Required ratio: 14172.00 (Cumulative area) 
      Partial area ratio:  628.05
      Required ratio:    0.00 (Side area) 
      Cumulative area ratio: 1038.01
      Required ratio:    0.00 (Cumulative side area) 


  Pin:   m.u_conv3.u_weights._26336_/A1 (sg13g2_a21o_1)
    Layer: Via1
      Partial area ratio:    0.17
      Required ratio:   20.00 (Gate area) 
      Cumulative area ratio:    0.17
      Required ratio:    0.00 (Cumulative area) 

    Layer: Metal2
      Partial area ratio:    3.84
      Required ratio:    0.00 (Gate area) 
      Cumulative area ratio:    3.84
      Required ratio:  200.00 (Cumulative area) 
      Partial area ratio:   18.11
      Required ratio:    0.00 (Side area) 
      Cumulative area ratio:   18.11
      Required ratio:    0.00 (Cumulative side area) 

    Layer: Via2
      Partial area ratio:    0.34
      Required ratio:   20.00 (Gate area) 
      Cumulative area ratio:    0.51
      Required ratio:    0.00 (Cumulative area) 

    Layer: Metal3
      Partial area ratio:    0.56
      Required ratio:    0.00 (Gate area) 
      Cumulative area ratio:    4.40
      Required ratio:  200.00 (Cumulative area) 
      Partial area ratio:    4.18
      Required ratio:    0.00 (Side area) 
      Cumulative area ratio:   22.28
      Required ratio:    0.00 (Cumulative side area) 

    Layer: Via3
      Partial area ratio:    0.17
      Required ratio:   20.00 (Gate area) 
      Cumulative area ratio:    0.68
      Required ratio:    0.00 (Cumulative area) 

    Layer: Metal4
      Partial area ratio:    0.29
      Required ratio:    0.00 (Gate area) 
      Cumulative area ratio:    4.69
      Required ratio:  200.00 (Cumulative area) 
      Partial area ratio:    2.11
      Required ratio:    0.00 (Side area) 
      Cumulative area ratio:   24.40
      Required ratio:    0.00 (Cumulative side area) 

    Layer: Via4
      Partial area ratio:    0.17
      Required ratio:   20.00 (Gate area) 
      Cumulative area ratio:    0.85
      Required ratio:    0.00 (Cumulative area) 

    Layer: Metal5
      Partial area ratio:  139.41
      Required ratio:    0.00 (Gate area) 
      Cumulative area ratio:  144.09
      Required ratio: 14172.00 (Cumulative area) 
      Partial area ratio:  628.05
      Required ratio:    0.00 (Side area) 
      Cumulative area ratio:  652.44
      Required ratio:    0.00 (Cumulative side area) 


  Pin:   fanout868/A (sg13g2_buf_1)
    Layer: Via1
      Partial area ratio:    0.20
      Required ratio:   20.00 (Gate area) 
      Cumulative area ratio:    0.20
      Required ratio:    0.00 (Cumulative area) 

    Layer: Metal2
      Partial area ratio:    7.52
      Required ratio:    0.00 (Gate area) 
      Cumulative area ratio:    7.52
      Required ratio: 14172.00 (Cumulative area) 
      Partial area ratio:   34.75
      Required ratio:    0.00 (Side area) 
      Cumulative area ratio:   34.75
      Required ratio:    0.00 (Cumulative side area) 

    Layer: Via2
      Partial area ratio:    0.60
      Required ratio:  354.30 (Gate area) 
      Cumulative area ratio:    0.80
      Required ratio:    0.00 (Cumulative area) 

    Layer: Metal3
      Partial area ratio:    0.98
      Required ratio:    0.00 (Gate area) 
      Cumulative area ratio:    8.49
      Required ratio: 14172.00 (Cumulative area) 
      Partial area ratio:    7.37
      Required ratio:    0.00 (Side area) 
      Cumulative area ratio:   42.12
      Required ratio:    0.00 (Cumulative side area) 

    Layer: Via3
      Partial area ratio:    0.20
      Required ratio:  354.30 (Gate area) 
      Cumulative area ratio:    1.00
      Required ratio:    0.00 (Cumulative area) 

    Layer: Metal4
      Partial area ratio:    0.34
      Required ratio:    0.00 (Gate area) 
      Cumulative area ratio:    8.83
      Required ratio: 14172.00 (Cumulative area) 
      Partial area ratio:    2.49
      Required ratio:    0.00 (Side area) 
      Cumulative area ratio:   44.61
      Required ratio:    0.00 (Cumulative side area) 

    Layer: Via4
      Partial area ratio:    0.20
      Required ratio:  354.30 (Gate area) 
      Cumulative area ratio:    1.20
      Required ratio:    0.00 (Cumulative area) 

    Layer: Metal5
      Partial area ratio:  139.41
      Required ratio:    0.00 (Gate area) 
      Cumulative area ratio:  148.24
      Required ratio: 14172.00 (Cumulative area) 
      Partial area ratio:  628.05
      Required ratio:    0.00 (Side area) 
      Cumulative area ratio:  672.66
      Required ratio:    0.00 (Cumulative side area) 


  Pin:   fanout870/A (sg13g2_buf_1)
    Layer: Via1
      Partial area ratio:    0.20
      Required ratio:   20.00 (Gate area) 
      Cumulative area ratio:    0.20
      Required ratio:    0.00 (Cumulative area) 

    Layer: Metal2
      Partial area ratio:   43.21
      Required ratio:    0.00 (Gate area) 
      Cumulative area ratio:   43.21
      Required ratio:  200.00 (Cumulative area) 
      Partial area ratio:  195.38
      Required ratio:    0.00 (Side area) 
      Cumulative area ratio:  195.38
      Required ratio:    0.00 (Cumulative side area) 

    Layer: Via2
      Partial area ratio:    0.40
      Required ratio:   20.00 (Gate area) 
      Cumulative area ratio:    0.60
      Required ratio:    0.00 (Cumulative area) 

    Layer: Metal3
      Partial area ratio:    0.66
      Required ratio:    0.00 (Gate area) 
      Cumulative area ratio:   43.86
      Required ratio:  200.00 (Cumulative area) 
      Partial area ratio:    4.93
      Required ratio:    0.00 (Side area) 
      Cumulative area ratio:  200.31
      Required ratio:    0.00 (Cumulative side area) 

    Layer: Via3
      Partial area ratio:    0.20
      Required ratio:   20.00 (Gate area) 
      Cumulative area ratio:    0.80
      Required ratio:    0.00 (Cumulative area) 

    Layer: Metal4
      Partial area ratio:  215.60
      Required ratio:    0.00 (Gate area) 
      Cumulative area ratio:  259.47
      Required ratio:  200.00 (Cumulative area) (VIOLATED)
      Partial area ratio:  971.17
      Required ratio:    0.00 (Side area) 
      Cumulative area ratio: 1171.48
      Required ratio:    0.00 (Cumulative side area) 

    Layer: Via4
      Partial area ratio:    0.40
      Required ratio:   20.00 (Gate area) 
      Cumulative area ratio:    1.20
      Required ratio:    0.00 (Cumulative area) 

    Layer: Metal5
      Partial area ratio:  139.41
      Required ratio:    0.00 (Gate area) 
      Cumulative area ratio:  398.88
      Required ratio: 14172.00 (Cumulative area) 
      Partial area ratio:  628.05
      Required ratio:    0.00 (Side area) 
      Cumulative area ratio: 1799.53
      Required ratio:    0.00 (Cumulative side area) 



Net: net893
  Pin:   m.u_conv3.u_weights._26887_/A1 (sg13g2_o21ai_1)
    Layer: Via1
      Partial area ratio:    0.13
      Required ratio:   20.00 (Gate area) 
      Cumulative area ratio:    0.13
      Required ratio:    0.00 (Cumulative area) 

    Layer: Metal2
      Partial area ratio:    2.32
      Required ratio:    0.00 (Gate area) 
      Cumulative area ratio:    2.32
      Required ratio:  200.00 (Cumulative area) 
      Partial area ratio:   11.06
      Required ratio:    0.00 (Side area) 
      Cumulative area ratio:   11.06
      Required ratio:    0.00 (Cumulative side area) 

    Layer: Via2
      Partial area ratio:    0.26
      Required ratio:   20.00 (Gate area) 
      Cumulative area ratio:    0.39
      Required ratio:    0.00 (Cumulative area) 

    Layer: Metal3
      Partial area ratio:    0.43
      Required ratio:    0.00 (Gate area) 
      Cumulative area ratio:    2.75
      Required ratio:  200.00 (Cumulative area) 
      Partial area ratio:    3.19
      Required ratio:    0.00 (Side area) 
      Cumulative area ratio:   14.26
      Required ratio:    0.00 (Cumulative side area) 

    Layer: Via3
      Partial area ratio:    0.13
      Required ratio:   20.00 (Gate area) 
      Cumulative area ratio:    0.52
      Required ratio:    0.00 (Cumulative area) 

    Layer: Metal4
      Partial area ratio:   46.73
      Required ratio:    0.00 (Gate area) 
      Cumulative area ratio:   49.48
      Required ratio:  200.00 (Cumulative area) 
      Partial area ratio:  210.92
      Required ratio:    0.00 (Side area) 
      Cumulative area ratio:  225.18
      Required ratio:    0.00 (Cumulative side area) 

    Layer: Via4
      Partial area ratio:    0.13
      Required ratio:   20.00 (Gate area) 
      Cumulative area ratio:    0.65
      Required ratio:    0.00 (Cumulative area) 

    Layer: Metal5
      Partial area ratio:   58.96
      Required ratio:    0.00 (Gate area) 
      Cumulative area ratio:  108.44
      Required ratio: 14172.00 (Cumulative area) 
      Partial area ratio:  265.47
      Required ratio:    0.00 (Side area) 
      Cumulative area ratio:  490.65
      Required ratio:    0.00 (Cumulative side area) 


  Pin:   m.u_conv3.u_weights._27190_/A1 (sg13g2_o21ai_1)
    Layer: Via1
      Partial area ratio:    0.13
      Required ratio:   20.00 (Gate area) 
      Cumulative area ratio:    0.13
      Required ratio:    0.00 (Cumulative area) 

    Layer: Metal2
      Partial area ratio:    1.29
      Required ratio:    0.00 (Gate area) 
      Cumulative area ratio:    1.29
      Required ratio:  200.00 (Cumulative area) 
      Partial area ratio:    6.42
      Required ratio:    0.00 (Side area) 
      Cumulative area ratio:    6.42
      Required ratio:    0.00 (Cumulative side area) 

    Layer: Via2
      Partial area ratio:    0.26
      Required ratio:   20.00 (Gate area) 
      Cumulative area ratio:    0.39
      Required ratio:    0.00 (Cumulative area) 

    Layer: Metal3
      Partial area ratio:    0.43
      Required ratio:    0.00 (Gate area) 
      Cumulative area ratio:    1.72
      Required ratio:  200.00 (Cumulative area) 
      Partial area ratio:    3.19
      Required ratio:    0.00 (Side area) 
      Cumulative area ratio:    9.61
      Required ratio:    0.00 (Cumulative side area) 

    Layer: Via3
      Partial area ratio:    0.13
      Required ratio:   20.00 (Gate area) 
      Cumulative area ratio:    0.52
      Required ratio:    0.00 (Cumulative area) 

    Layer: Metal4
      Partial area ratio:    0.22
      Required ratio:    0.00 (Gate area) 
      Cumulative area ratio:    1.93
      Required ratio:  200.00 (Cumulative area) 
      Partial area ratio:    1.61
      Required ratio:    0.00 (Side area) 
      Cumulative area ratio:   11.23
      Required ratio:    0.00 (Cumulative side area) 

    Layer: Via4
      Partial area ratio:    0.13
      Required ratio:   20.00 (Gate area) 
      Cumulative area ratio:    0.65
      Required ratio:    0.00 (Cumulative area) 

    Layer: Metal5
      Partial area ratio:   58.96
      Required ratio:    0.00 (Gate area) 
      Cumulative area ratio:   60.89
      Required ratio: 14172.00 (Cumulative area) 
      Partial area ratio:  265.47
      Required ratio:    0.00 (Side area) 
      Cumulative area ratio:  276.69
      Required ratio:    0.00 (Cumulative side area) 


  Pin:   fanout888/A (sg13g2_buf_1)
    Layer: Via1
      Partial area ratio:    0.20
      Required ratio:   20.00 (Gate area) 
      Cumulative area ratio:    0.20
      Required ratio:    0.00 (Cumulative area) 

    Layer: Metal2
      Partial area ratio:    5.49
      Required ratio:    0.00 (Gate area) 
      Cumulative area ratio:    5.49
      Required ratio:  200.00 (Cumulative area) 
      Partial area ratio:   25.64
      Required ratio:    0.00 (Side area) 
      Cumulative area ratio:   25.64
      Required ratio:    0.00 (Cumulative side area) 

    Layer: Via2
      Partial area ratio:    0.40
      Required ratio:   20.00 (Gate area) 
      Cumulative area ratio:    0.60
      Required ratio:    0.00 (Cumulative area) 

    Layer: Metal3
      Partial area ratio:   88.64
      Required ratio:    0.00 (Gate area) 
      Cumulative area ratio:   94.12
      Required ratio: 14172.00 (Cumulative area) 
      Partial area ratio:  401.84
      Required ratio:    0.00 (Side area) 
      Cumulative area ratio:  427.47
      Required ratio:    0.00 (Cumulative side area) 

    Layer: Via3
      Partial area ratio:    0.20
      Required ratio:  354.30 (Gate area) 
      Cumulative area ratio:    0.80
      Required ratio:    0.00 (Cumulative area) 

    Layer: Metal4
      Partial area ratio:   90.63
      Required ratio:    0.00 (Gate area) 
      Cumulative area ratio:  184.76
      Required ratio: 14172.00 (Cumulative area) 
      Partial area ratio:  408.50
      Required ratio:    0.00 (Side area) 
      Cumulative area ratio:  835.98
      Required ratio:    0.00 (Cumulative side area) 

    Layer: Via4
      Partial area ratio:    0.07
      Required ratio:  354.30 (Gate area) 
      Cumulative area ratio:    0.87
      Required ratio:    0.00 (Cumulative area) 

    Layer: Metal5
      Partial area ratio:   58.96
      Required ratio:    0.00 (Gate area) 
      Cumulative area ratio:  243.71
      Required ratio: 14172.00 (Cumulative area) 
      Partial area ratio:  265.47
      Required ratio:    0.00 (Side area) 
      Cumulative area ratio: 1101.44
      Required ratio:    0.00 (Cumulative side area) 


  Pin:   fanout889/A (sg13g2_buf_1)
    Layer: Via1
      Partial area ratio:    0.20
      Required ratio:   20.00 (Gate area) 
      Cumulative area ratio:    0.20
      Required ratio:    0.00 (Cumulative area) 

    Layer: Metal2
      Partial area ratio:    2.91
      Required ratio:    0.00 (Gate area) 
      Cumulative area ratio:    2.91
      Required ratio:  200.00 (Cumulative area) 
      Partial area ratio:   13.83
      Required ratio:    0.00 (Side area) 
      Cumulative area ratio:   13.83
      Required ratio:    0.00 (Cumulative side area) 

    Layer: Via2
      Partial area ratio:    0.32
      Required ratio:   20.00 (Gate area) 
      Cumulative area ratio:    0.52
      Required ratio:    0.00 (Cumulative area) 

    Layer: Metal3
      Partial area ratio:   16.47
      Required ratio:    0.00 (Gate area) 
      Cumulative area ratio:   19.38
      Required ratio:  200.00 (Cumulative area) 
      Partial area ratio:   74.81
      Required ratio:    0.00 (Side area) 
      Cumulative area ratio:   88.64
      Required ratio:    0.00 (Cumulative side area) 

    Layer: Via3
      Partial area ratio:    0.40
      Required ratio:   20.00 (Gate area) 
      Cumulative area ratio:    0.92
      Required ratio:    0.00 (Cumulative area) 

    Layer: Metal4
      Partial area ratio:   90.63
      Required ratio:    0.00 (Gate area) 
      Cumulative area ratio:  110.01
      Required ratio: 14172.00 (Cumulative area) 
      Partial area ratio:  408.50
      Required ratio:    0.00 (Side area) 
      Cumulative area ratio:  497.14
      Required ratio:    0.00 (Cumulative side area) 

    Layer: Via4
      Partial area ratio:    0.07
      Required ratio:  354.30 (Gate area) 
      Cumulative area ratio:    0.99
      Required ratio:    0.00 (Cumulative area) 

    Layer: Metal5
      Partial area ratio:   58.96
      Required ratio:    0.00 (Gate area) 
      Cumulative area ratio:  168.97
      Required ratio: 14172.00 (Cumulative area) 
      Partial area ratio:  265.47
      Required ratio:    0.00 (Side area) 
      Cumulative area ratio:  762.61
      Required ratio:    0.00 (Cumulative side area) 


  Pin:   fanout892/A (sg13g2_buf_1)
    Layer: Via1
      Partial area ratio:    0.20
      Required ratio:   20.00 (Gate area) 
      Cumulative area ratio:    0.20
      Required ratio:    0.00 (Cumulative area) 

    Layer: Metal2
      Partial area ratio:    4.17
      Required ratio:    0.00 (Gate area) 
      Cumulative area ratio:    4.17
      Required ratio:  200.00 (Cumulative area) 
      Partial area ratio:   19.71
      Required ratio:    0.00 (Side area) 
      Cumulative area ratio:   19.71
      Required ratio:    0.00 (Cumulative side area) 

    Layer: Via2
      Partial area ratio:    0.40
      Required ratio:   20.00 (Gate area) 
      Cumulative area ratio:    0.60
      Required ratio:    0.00 (Cumulative area) 

    Layer: Metal3
      Partial area ratio:  295.51
      Required ratio:    0.00 (Gate area) 
      Cumulative area ratio:  299.68
      Required ratio:  200.00 (Cumulative area) (VIOLATED)
      Partial area ratio: 1331.77
      Required ratio:    0.00 (Side area) 
      Cumulative area ratio: 1351.48
      Required ratio:    0.00 (Cumulative side area) 

    Layer: Via3
      Partial area ratio:    0.20
      Required ratio:   20.00 (Gate area) 
      Cumulative area ratio:    0.80
      Required ratio:    0.00 (Cumulative area) 

    Layer: Metal4
      Partial area ratio:   90.63
      Required ratio:    0.00 (Gate area) 
      Cumulative area ratio:  390.31
      Required ratio: 14172.00 (Cumulative area) 
      Partial area ratio:  408.50
      Required ratio:    0.00 (Side area) 
      Cumulative area ratio: 1759.99
      Required ratio:    0.00 (Cumulative side area) 

    Layer: Via4
      Partial area ratio:    0.07
      Required ratio:  354.30 (Gate area) 
      Cumulative area ratio:    0.87
      Required ratio:    0.00 (Cumulative area) 

    Layer: Metal5
      Partial area ratio:   58.96
      Required ratio:    0.00 (Gate area) 
      Cumulative area ratio:  449.27
      Required ratio: 14172.00 (Cumulative area) 
      Partial area ratio:  265.47
      Required ratio:    0.00 (Side area) 
      Cumulative area ratio: 2025.45
      Required ratio:    0.00 (Cumulative side area) 



Net: net913
  Pin:   m.u_conv3.u_weights._26992_/A (sg13g2_nor2_1)
    Layer: Via1
      Partial area ratio:    0.15
      Required ratio:   20.00 (Gate area) 
      Cumulative area ratio:    0.15
      Required ratio:    0.00 (Cumulative area) 

    Layer: Metal2
      Partial area ratio:    2.10
      Required ratio:    0.00 (Gate area) 
      Cumulative area ratio:    2.10
      Required ratio:  200.00 (Cumulative area) 
      Partial area ratio:   10.16
      Required ratio:    0.00 (Side area) 
      Cumulative area ratio:   10.16
      Required ratio:    0.00 (Cumulative side area) 

    Layer: Via2
      Partial area ratio:    0.30
      Required ratio:   20.00 (Gate area) 
      Cumulative area ratio:    0.45
      Required ratio:    0.00 (Cumulative area) 

    Layer: Metal3
      Partial area ratio:    0.49
      Required ratio:    0.00 (Gate area) 
      Cumulative area ratio:    2.59
      Required ratio:  200.00 (Cumulative area) 
      Partial area ratio:    3.68
      Required ratio:    0.00 (Side area) 
      Cumulative area ratio:   13.85
      Required ratio:    0.00 (Cumulative side area) 

    Layer: Via3
      Partial area ratio:    0.15
      Required ratio:   20.00 (Gate area) 
      Cumulative area ratio:    0.60
      Required ratio:    0.00 (Cumulative area) 

    Layer: Metal4
      Partial area ratio:  119.43
      Required ratio:    0.00 (Gate area) 
      Cumulative area ratio:  122.02
      Required ratio:  200.00 (Cumulative area) 
      Partial area ratio:  538.16
      Required ratio:    0.00 (Side area) 
      Cumulative area ratio:  552.00
      Required ratio:    0.00 (Cumulative side area) 

    Layer: Via4
      Partial area ratio:    0.15
      Required ratio:   20.00 (Gate area) 
      Cumulative area ratio:    0.75
      Required ratio:    0.00 (Cumulative area) 

    Layer: Metal5
      Partial area ratio:   62.09
      Required ratio:    0.00 (Gate area) 
      Cumulative area ratio:  184.11
      Required ratio: 14172.00 (Cumulative area) 
      Partial area ratio:  279.62
      Required ratio:    0.00 (Side area) 
      Cumulative area ratio:  831.62
      Required ratio:    0.00 (Cumulative side area) 


  Pin:   m.u_conv3.u_weights._28791_/A1 (sg13g2_o21ai_1)
    Layer: Via1
      Partial area ratio:    0.13
      Required ratio:   20.00 (Gate area) 
      Cumulative area ratio:    0.13
      Required ratio:    0.00 (Cumulative area) 

    Layer: Metal2
      Partial area ratio:    3.27
      Required ratio:    0.00 (Gate area) 
      Cumulative area ratio:    3.27
      Required ratio:  200.00 (Cumulative area) 
      Partial area ratio:   15.32
      Required ratio:    0.00 (Side area) 
      Cumulative area ratio:   15.32
      Required ratio:    0.00 (Cumulative side area) 

    Layer: Via2
      Partial area ratio:    0.26
      Required ratio:   20.00 (Gate area) 
      Cumulative area ratio:    0.39
      Required ratio:    0.00 (Cumulative area) 

    Layer: Metal3
      Partial area ratio:  113.97
      Required ratio:    0.00 (Gate area) 
      Cumulative area ratio:  117.24
      Required ratio:  200.00 (Cumulative area) 
      Partial area ratio:  514.16
      Required ratio:    0.00 (Side area) 
      Cumulative area ratio:  529.48
      Required ratio:    0.00 (Cumulative side area) 

    Layer: Via3
      Partial area ratio:    0.13
      Required ratio:   20.00 (Gate area) 
      Cumulative area ratio:    0.52
      Required ratio:    0.00 (Cumulative area) 

    Layer: Metal4
      Partial area ratio:   84.91
      Required ratio:    0.00 (Gate area) 
      Cumulative area ratio:  202.15
      Required ratio:  200.00 (Cumulative area) (VIOLATED)
      Partial area ratio:  382.88
      Required ratio:    0.00 (Side area) 
      Cumulative area ratio:  912.36
      Required ratio:    0.00 (Cumulative side area) 

    Layer: Via4
      Partial area ratio:    0.08
      Required ratio:   20.00 (Gate area) 
      Cumulative area ratio:    0.60
      Required ratio:    0.00 (Cumulative area) 

    Layer: Metal5
      Partial area ratio:   62.09
      Required ratio:    0.00 (Gate area) 
      Cumulative area ratio:  264.25
      Required ratio: 14172.00 (Cumulative area) 
      Partial area ratio:  279.62
      Required ratio:    0.00 (Side area) 
      Cumulative area ratio: 1191.98
      Required ratio:    0.00 (Cumulative side area) 


  Pin:   fanout911/A (sg13g2_buf_1)
    Layer: Via1
      Partial area ratio:    0.20
      Required ratio:   20.00 (Gate area) 
      Cumulative area ratio:    0.20
      Required ratio:    0.00 (Cumulative area) 

    Layer: Metal2
      Partial area ratio:   11.23
      Required ratio:    0.00 (Gate area) 
      Cumulative area ratio:   11.23
      Required ratio: 14172.00 (Cumulative area) 
      Partial area ratio:   51.48
      Required ratio:    0.00 (Side area) 
      Cumulative area ratio:   51.48
      Required ratio:    0.00 (Cumulative side area) 

    Layer: Via2
      Partial area ratio:    0.60
      Required ratio:  354.30 (Gate area) 
      Cumulative area ratio:    0.80
      Required ratio:    0.00 (Cumulative area) 

    Layer: Metal3
      Partial area ratio:    0.98
      Required ratio:    0.00 (Gate area) 
      Cumulative area ratio:   12.21
      Required ratio: 14172.00 (Cumulative area) 
      Partial area ratio:    7.37
      Required ratio:    0.00 (Side area) 
      Cumulative area ratio:   58.86
      Required ratio:    0.00 (Cumulative side area) 

    Layer: Via3
      Partial area ratio:    0.20
      Required ratio:  354.30 (Gate area) 
      Cumulative area ratio:    1.00
      Required ratio:    0.00 (Cumulative area) 

    Layer: Metal4
      Partial area ratio:   16.37
      Required ratio:    0.00 (Gate area) 
      Cumulative area ratio:   28.58
      Required ratio: 14172.00 (Cumulative area) 
      Partial area ratio:   74.63
      Required ratio:    0.00 (Side area) 
      Cumulative area ratio:  133.49
      Required ratio:    0.00 (Cumulative side area) 

    Layer: Via4
      Partial area ratio:    0.20
      Required ratio:  354.30 (Gate area) 
      Cumulative area ratio:    1.20
      Required ratio:    0.00 (Cumulative area) 

    Layer: Metal5
      Partial area ratio:   62.09
      Required ratio:    0.00 (Gate area) 
      Cumulative area ratio:   90.68
      Required ratio: 14172.00 (Cumulative area) 
      Partial area ratio:  279.62
      Required ratio:    0.00 (Side area) 
      Cumulative area ratio:  413.11
      Required ratio:    0.00 (Cumulative side area) 


  Pin:   fanout912/A (sg13g2_buf_1)
    Layer: Via1
      Partial area ratio:    0.20
      Required ratio:   20.00 (Gate area) 
      Cumulative area ratio:    0.20
      Required ratio:    0.00 (Cumulative area) 

    Layer: Metal2
      Partial area ratio:    5.75
      Required ratio:    0.00 (Gate area) 
      Cumulative area ratio:    5.75
      Required ratio:  200.00 (Cumulative area) 
      Partial area ratio:   26.83
      Required ratio:    0.00 (Side area) 
      Cumulative area ratio:   26.83
      Required ratio:    0.00 (Cumulative side area) 

    Layer: Via2
      Partial area ratio:    0.40
      Required ratio:   20.00 (Gate area) 
      Cumulative area ratio:    0.60
      Required ratio:    0.00 (Cumulative area) 

    Layer: Metal3
      Partial area ratio:    0.66
      Required ratio:    0.00 (Gate area) 
      Cumulative area ratio:    6.41
      Required ratio:  200.00 (Cumulative area) 
      Partial area ratio:    4.93
      Required ratio:    0.00 (Side area) 
      Cumulative area ratio:   31.76
      Required ratio:    0.00 (Cumulative side area) 

    Layer: Via3
      Partial area ratio:    0.20
      Required ratio:   20.00 (Gate area) 
      Cumulative area ratio:    0.80
      Required ratio:    0.00 (Cumulative area) 

    Layer: Metal4
      Partial area ratio:   84.91
      Required ratio:    0.00 (Gate area) 
      Cumulative area ratio:   91.32
      Required ratio:  200.00 (Cumulative area) 
      Partial area ratio:  382.88
      Required ratio:    0.00 (Side area) 
      Cumulative area ratio:  414.64
      Required ratio:    0.00 (Cumulative side area) 

    Layer: Via4
      Partial area ratio:    0.08
      Required ratio:   20.00 (Gate area) 
      Cumulative area ratio:    0.88
      Required ratio:    0.00 (Cumulative area) 

    Layer: Metal5
      Partial area ratio:   62.09
      Required ratio:    0.00 (Gate area) 
      Cumulative area ratio:  153.41
      Required ratio: 14172.00 (Cumulative area) 
      Partial area ratio:  279.62
      Required ratio:    0.00 (Side area) 
      Cumulative area ratio:  694.26
      Required ratio:    0.00 (Cumulative side area) 



Net: net938
  Pin:   fanout934/A (sg13g2_buf_1)
    Layer: Via1
      Partial area ratio:    0.20
      Required ratio:   20.00 (Gate area) 
      Cumulative area ratio:    0.20
      Required ratio:    0.00 (Cumulative area) 

    Layer: Metal2
      Partial area ratio:    5.13
      Required ratio:    0.00 (Gate area) 
      Cumulative area ratio:    5.13
      Required ratio: 14172.00 (Cumulative area) 
      Partial area ratio:   24.00
      Required ratio:    0.00 (Side area) 
      Cumulative area ratio:   24.00
      Required ratio:    0.00 (Cumulative side area) 

    Layer: Via2
      Partial area ratio:    0.60
      Required ratio:  354.30 (Gate area) 
      Cumulative area ratio:    0.80
      Required ratio:    0.00 (Cumulative area) 

    Layer: Metal3
      Partial area ratio:    0.98
      Required ratio:    0.00 (Gate area) 
      Cumulative area ratio:    6.11
      Required ratio: 14172.00 (Cumulative area) 
      Partial area ratio:    7.37
      Required ratio:    0.00 (Side area) 
      Cumulative area ratio:   31.37
      Required ratio:    0.00 (Cumulative side area) 

    Layer: Via3
      Partial area ratio:    0.20
      Required ratio:  354.30 (Gate area) 
      Cumulative area ratio:    1.00
      Required ratio:    0.00 (Cumulative area) 

    Layer: Metal4
      Partial area ratio:    0.34
      Required ratio:    0.00 (Gate area) 
      Cumulative area ratio:    6.44
      Required ratio: 14172.00 (Cumulative area) 
      Partial area ratio:    2.49
      Required ratio:    0.00 (Side area) 
      Cumulative area ratio:   33.86
      Required ratio:    0.00 (Cumulative side area) 

    Layer: Via4
      Partial area ratio:    0.20
      Required ratio:  354.30 (Gate area) 
      Cumulative area ratio:    1.20
      Required ratio:    0.00 (Cumulative area) 

    Layer: Metal5
      Partial area ratio:   99.85
      Required ratio:    0.00 (Gate area) 
      Cumulative area ratio:  106.30
      Required ratio: 14172.00 (Cumulative area) 
      Partial area ratio:  450.09
      Required ratio:    0.00 (Side area) 
      Cumulative area ratio:  483.95
      Required ratio:    0.00 (Cumulative side area) 


  Pin:   fanout935/A (sg13g2_buf_1)
    Layer: Via1
      Partial area ratio:    0.20
      Required ratio:   20.00 (Gate area) 
      Cumulative area ratio:    0.20
      Required ratio:    0.00 (Cumulative area) 

    Layer: Metal2
      Partial area ratio:    6.42
      Required ratio:    0.00 (Gate area) 
      Cumulative area ratio:    6.42
      Required ratio:  200.00 (Cumulative area) 
      Partial area ratio:   29.82
      Required ratio:    0.00 (Side area) 
      Cumulative area ratio:   29.82
      Required ratio:    0.00 (Cumulative side area) 

    Layer: Via2
      Partial area ratio:    0.40
      Required ratio:   20.00 (Gate area) 
      Cumulative area ratio:    0.60
      Required ratio:    0.00 (Cumulative area) 

    Layer: Metal3
      Partial area ratio:   16.61
      Required ratio:    0.00 (Gate area) 
      Cumulative area ratio:   23.03
      Required ratio:  200.00 (Cumulative area) 
      Partial area ratio:   76.70
      Required ratio:    0.00 (Side area) 
      Cumulative area ratio:  106.52
      Required ratio:    0.00 (Cumulative side area) 

    Layer: Via3
      Partial area ratio:    0.40
      Required ratio:   20.00 (Gate area) 
      Cumulative area ratio:    1.00
      Required ratio:    0.00 (Cumulative area) 

    Layer: Metal4
      Partial area ratio:  208.06
      Required ratio:    0.00 (Gate area) 
      Cumulative area ratio:  231.08
      Required ratio:  200.00 (Cumulative area) (VIOLATED)
      Partial area ratio:  938.20
      Required ratio:    0.00 (Side area) 
      Cumulative area ratio: 1044.72
      Required ratio:    0.00 (Cumulative side area) 

    Layer: Via4
      Partial area ratio:    0.40
      Required ratio:   20.00 (Gate area) 
      Cumulative area ratio:    1.40
      Required ratio:    0.00 (Cumulative area) 

    Layer: Metal5
      Partial area ratio:   99.85
      Required ratio:    0.00 (Gate area) 
      Cumulative area ratio:  330.94
      Required ratio: 14172.00 (Cumulative area) 
      Partial area ratio:  450.09
      Required ratio:    0.00 (Side area) 
      Cumulative area ratio: 1494.81
      Required ratio:    0.00 (Cumulative side area) 


  Pin:   fanout936/A (sg13g2_buf_1)
    Layer: Via1
      Partial area ratio:    0.20
      Required ratio:   20.00 (Gate area) 
      Cumulative area ratio:    0.20
      Required ratio:    0.00 (Cumulative area) 

    Layer: Metal2
      Partial area ratio:    6.43
      Required ratio:    0.00 (Gate area) 
      Cumulative area ratio:    6.43
      Required ratio:  200.00 (Cumulative area) 
      Partial area ratio:   29.87
      Required ratio:    0.00 (Side area) 
      Cumulative area ratio:   29.87
      Required ratio:    0.00 (Cumulative side area) 

    Layer: Via2
      Partial area ratio:    0.40
      Required ratio:   20.00 (Gate area) 
      Cumulative area ratio:    0.60
      Required ratio:    0.00 (Cumulative area) 

    Layer: Metal3
      Partial area ratio:    0.66
      Required ratio:    0.00 (Gate area) 
      Cumulative area ratio:    7.09
      Required ratio:  200.00 (Cumulative area) 
      Partial area ratio:    4.93
      Required ratio:    0.00 (Side area) 
      Cumulative area ratio:   34.80
      Required ratio:    0.00 (Cumulative side area) 

    Layer: Via3
      Partial area ratio:    0.20
      Required ratio:   20.00 (Gate area) 
      Cumulative area ratio:    0.80
      Required ratio:    0.00 (Cumulative area) 

    Layer: Metal4
      Partial area ratio:   16.37
      Required ratio:    0.00 (Gate area) 
      Cumulative area ratio:   23.45
      Required ratio:  200.00 (Cumulative area) 
      Partial area ratio:   74.63
      Required ratio:    0.00 (Side area) 
      Cumulative area ratio:  109.44
      Required ratio:    0.00 (Cumulative side area) 

    Layer: Via4
      Partial area ratio:    0.20
      Required ratio:   20.00 (Gate area) 
      Cumulative area ratio:    1.00
      Required ratio:    0.00 (Cumulative area) 

    Layer: Metal5
      Partial area ratio:   99.85
      Required ratio:    0.00 (Gate area) 
      Cumulative area ratio:  123.31
      Required ratio: 14172.00 (Cumulative area) 
      Partial area ratio:  450.09
      Required ratio:    0.00 (Side area) 
      Cumulative area ratio:  559.53
      Required ratio:    0.00 (Cumulative side area) 


  Pin:   fanout937/A (sg13g2_buf_1)
    Layer: Via1
      Partial area ratio:    0.20
      Required ratio:   20.00 (Gate area) 
      Cumulative area ratio:    0.20
      Required ratio:    0.00 (Cumulative area) 

    Layer: Metal2
      Partial area ratio:    4.55
      Required ratio:    0.00 (Gate area) 
      Cumulative area ratio:    4.55
      Required ratio:  200.00 (Cumulative area) 
      Partial area ratio:   21.43
      Required ratio:    0.00 (Side area) 
      Cumulative area ratio:   21.43
      Required ratio:    0.00 (Cumulative side area) 

    Layer: Via2
      Partial area ratio:    0.40
      Required ratio:   20.00 (Gate area) 
      Cumulative area ratio:    0.60
      Required ratio:    0.00 (Cumulative area) 

    Layer: Metal3
      Partial area ratio:    0.66
      Required ratio:    0.00 (Gate area) 
      Cumulative area ratio:    5.21
      Required ratio:  200.00 (Cumulative area) 
      Partial area ratio:    4.93
      Required ratio:    0.00 (Side area) 
      Cumulative area ratio:   26.36
      Required ratio:    0.00 (Cumulative side area) 

    Layer: Via3
      Partial area ratio:    0.20
      Required ratio:   20.00 (Gate area) 
      Cumulative area ratio:    0.80
      Required ratio:    0.00 (Cumulative area) 

    Layer: Metal4
      Partial area ratio:    0.34
      Required ratio:    0.00 (Gate area) 
      Cumulative area ratio:    5.55
      Required ratio:  200.00 (Cumulative area) 
      Partial area ratio:    2.49
      Required ratio:    0.00 (Side area) 
      Cumulative area ratio:   28.85
      Required ratio:    0.00 (Cumulative side area) 

    Layer: Via4
      Partial area ratio:    0.20
      Required ratio:   20.00 (Gate area) 
      Cumulative area ratio:    1.00
      Required ratio:    0.00 (Cumulative area) 

    Layer: Metal5
      Partial area ratio:   99.85
      Required ratio:    0.00 (Gate area) 
      Cumulative area ratio:  105.40
      Required ratio: 14172.00 (Cumulative area) 
      Partial area ratio:  450.09
      Required ratio:    0.00 (Side area) 
      Cumulative area ratio:  478.94
      Required ratio:    0.00 (Cumulative side area) 



Net: net974
  Pin:   fanout963/A (sg13g2_buf_1)
    Layer: Via1
      Partial area ratio:    0.20
      Required ratio:   20.00 (Gate area) 
      Cumulative area ratio:    0.20
      Required ratio:    0.00 (Cumulative area) 

    Layer: Metal2
      Partial area ratio:    7.66
      Required ratio:    0.00 (Gate area) 
      Cumulative area ratio:    7.66
      Required ratio: 14172.00 (Cumulative area) 
      Partial area ratio:   35.40
      Required ratio:    0.00 (Side area) 
      Cumulative area ratio:   35.40
      Required ratio:    0.00 (Cumulative side area) 

    Layer: Via2
      Partial area ratio:    0.60
      Required ratio:  354.30 (Gate area) 
      Cumulative area ratio:    0.80
      Required ratio:    0.00 (Cumulative area) 

    Layer: Metal3
      Partial area ratio:    0.98
      Required ratio:    0.00 (Gate area) 
      Cumulative area ratio:    8.64
      Required ratio: 14172.00 (Cumulative area) 
      Partial area ratio:    7.37
      Required ratio:    0.00 (Side area) 
      Cumulative area ratio:   42.77
      Required ratio:    0.00 (Cumulative side area) 

    Layer: Via3
      Partial area ratio:    0.20
      Required ratio:  354.30 (Gate area) 
      Cumulative area ratio:    1.00
      Required ratio:    0.00 (Cumulative area) 

    Layer: Metal4
      Partial area ratio:    0.34
      Required ratio:    0.00 (Gate area) 
      Cumulative area ratio:    8.98
      Required ratio: 14172.00 (Cumulative area) 
      Partial area ratio:    2.49
      Required ratio:    0.00 (Side area) 
      Cumulative area ratio:   45.26
      Required ratio:    0.00 (Cumulative side area) 

    Layer: Via4
      Partial area ratio:    0.20
      Required ratio:  354.30 (Gate area) 
      Cumulative area ratio:    1.20
      Required ratio:    0.00 (Cumulative area) 

    Layer: Metal5
      Partial area ratio:  148.35
      Required ratio:    0.00 (Gate area) 
      Cumulative area ratio:  157.33
      Required ratio: 14172.00 (Cumulative area) 
      Partial area ratio:  667.98
      Required ratio:    0.00 (Side area) 
      Cumulative area ratio:  713.25
      Required ratio:    0.00 (Cumulative side area) 


  Pin:   fanout964/A (sg13g2_buf_1)
    Layer: Via1
      Partial area ratio:    0.20
      Required ratio:   20.00 (Gate area) 
      Cumulative area ratio:    0.20
      Required ratio:    0.00 (Cumulative area) 

    Layer: Metal2
      Partial area ratio:    3.35
      Required ratio:    0.00 (Gate area) 
      Cumulative area ratio:    3.35
      Required ratio:  200.00 (Cumulative area) 
      Partial area ratio:   16.05
      Required ratio:    0.00 (Side area) 
      Cumulative area ratio:   16.05
      Required ratio:    0.00 (Cumulative side area) 

    Layer: Via2
      Partial area ratio:    0.40
      Required ratio:   20.00 (Gate area) 
      Cumulative area ratio:    0.60
      Required ratio:    0.00 (Cumulative area) 

    Layer: Metal3
      Partial area ratio:    0.66
      Required ratio:    0.00 (Gate area) 
      Cumulative area ratio:    4.01
      Required ratio:  200.00 (Cumulative area) 
      Partial area ratio:    4.93
      Required ratio:    0.00 (Side area) 
      Cumulative area ratio:   20.98
      Required ratio:    0.00 (Cumulative side area) 

    Layer: Via3
      Partial area ratio:    0.20
      Required ratio:   20.00 (Gate area) 
      Cumulative area ratio:    0.80
      Required ratio:    0.00 (Cumulative area) 

    Layer: Metal4
      Partial area ratio:  159.81
      Required ratio:    0.00 (Gate area) 
      Cumulative area ratio:  163.82
      Required ratio:  200.00 (Cumulative area) 
      Partial area ratio:  720.12
      Required ratio:    0.00 (Side area) 
      Cumulative area ratio:  741.10
      Required ratio:    0.00 (Cumulative side area) 

    Layer: Via4
      Partial area ratio:    0.20
      Required ratio:   20.00 (Gate area) 
      Cumulative area ratio:    1.00
      Required ratio:    0.00 (Cumulative area) 

    Layer: Metal5
      Partial area ratio:  148.35
      Required ratio:    0.00 (Gate area) 
      Cumulative area ratio:  312.18
      Required ratio: 14172.00 (Cumulative area) 
      Partial area ratio:  667.98
      Required ratio:    0.00 (Side area) 
      Cumulative area ratio: 1409.09
      Required ratio:    0.00 (Cumulative side area) 


  Pin:   fanout967/A (sg13g2_buf_1)
    Layer: Via1
      Partial area ratio:    0.20
      Required ratio:   20.00 (Gate area) 
      Cumulative area ratio:    0.20
      Required ratio:    0.00 (Cumulative area) 

    Layer: Metal2
      Partial area ratio:    4.42
      Required ratio:    0.00 (Gate area) 
      Cumulative area ratio:    4.42
      Required ratio:  200.00 (Cumulative area) 
      Partial area ratio:   20.83
      Required ratio:    0.00 (Side area) 
      Cumulative area ratio:   20.83
      Required ratio:    0.00 (Cumulative side area) 

    Layer: Via2
      Partial area ratio:    0.40
      Required ratio:   20.00 (Gate area) 
      Cumulative area ratio:    0.60
      Required ratio:    0.00 (Cumulative area) 

    Layer: Metal3
      Partial area ratio:    0.66
      Required ratio:    0.00 (Gate area) 
      Cumulative area ratio:    5.08
      Required ratio:  200.00 (Cumulative area) 
      Partial area ratio:    4.93
      Required ratio:    0.00 (Side area) 
      Cumulative area ratio:   25.76
      Required ratio:    0.00 (Cumulative side area) 

    Layer: Via3
      Partial area ratio:    0.20
      Required ratio:   20.00 (Gate area) 
      Cumulative area ratio:    0.80
      Required ratio:    0.00 (Cumulative area) 

    Layer: Metal4
      Partial area ratio:    8.40
      Required ratio:    0.00 (Gate area) 
      Cumulative area ratio:   13.48
      Required ratio:  200.00 (Cumulative area) 
      Partial area ratio:   38.77
      Required ratio:    0.00 (Side area) 
      Cumulative area ratio:   64.53
      Required ratio:    0.00 (Cumulative side area) 

    Layer: Via4
      Partial area ratio:    0.20
      Required ratio:   20.00 (Gate area) 
      Cumulative area ratio:    1.00
      Required ratio:    0.00 (Cumulative area) 

    Layer: Metal5
      Partial area ratio:  148.35
      Required ratio:    0.00 (Gate area) 
      Cumulative area ratio:  161.83
      Required ratio: 14172.00 (Cumulative area) 
      Partial area ratio:  667.98
      Required ratio:    0.00 (Side area) 
      Cumulative area ratio:  732.52
      Required ratio:    0.00 (Cumulative side area) 


  Pin:   fanout970/A (sg13g2_buf_1)
    Layer: Via1
      Partial area ratio:    0.20
      Required ratio:   20.00 (Gate area) 
      Cumulative area ratio:    0.20
      Required ratio:    0.00 (Cumulative area) 

    Layer: Metal2
      Partial area ratio:    6.01
      Required ratio:    0.00 (Gate area) 
      Cumulative area ratio:    6.01
      Required ratio:  200.00 (Cumulative area) 
      Partial area ratio:   28.01
      Required ratio:    0.00 (Side area) 
      Cumulative area ratio:   28.01
      Required ratio:    0.00 (Cumulative side area) 

    Layer: Via2
      Partial area ratio:    0.40
      Required ratio:   20.00 (Gate area) 
      Cumulative area ratio:    0.60
      Required ratio:    0.00 (Cumulative area) 

    Layer: Metal3
      Partial area ratio:    0.66
      Required ratio:    0.00 (Gate area) 
      Cumulative area ratio:    6.67
      Required ratio:  200.00 (Cumulative area) 
      Partial area ratio:    4.93
      Required ratio:    0.00 (Side area) 
      Cumulative area ratio:   32.94
      Required ratio:    0.00 (Cumulative side area) 

    Layer: Via3
      Partial area ratio:    0.20
      Required ratio:   20.00 (Gate area) 
      Cumulative area ratio:    0.80
      Required ratio:    0.00 (Cumulative area) 

    Layer: Metal4
      Partial area ratio:   32.32
      Required ratio:    0.00 (Gate area) 
      Cumulative area ratio:   38.99
      Required ratio:  200.00 (Cumulative area) 
      Partial area ratio:  146.38
      Required ratio:    0.00 (Side area) 
      Cumulative area ratio:  179.32
      Required ratio:    0.00 (Cumulative side area) 

    Layer: Via4
      Partial area ratio:    0.40
      Required ratio:   20.00 (Gate area) 
      Cumulative area ratio:    1.20
      Required ratio:    0.00 (Cumulative area) 

    Layer: Metal5
      Partial area ratio:  148.35
      Required ratio:    0.00 (Gate area) 
      Cumulative area ratio:  187.34
      Required ratio: 14172.00 (Cumulative area) 
      Partial area ratio:  667.98
      Required ratio:    0.00 (Side area) 
      Cumulative area ratio:  847.30
      Required ratio:    0.00 (Cumulative side area) 


  Pin:   fanout973/A (sg13g2_buf_1)
    Layer: Via1
      Partial area ratio:    0.20
      Required ratio:   20.00 (Gate area) 
      Cumulative area ratio:    0.20
      Required ratio:    0.00 (Cumulative area) 

    Layer: Metal2
      Partial area ratio:    3.49
      Required ratio:    0.00 (Gate area) 
      Cumulative area ratio:    3.49
      Required ratio:  200.00 (Cumulative area) 
      Partial area ratio:   16.67
      Required ratio:    0.00 (Side area) 
      Cumulative area ratio:   16.67
      Required ratio:    0.00 (Cumulative side area) 

    Layer: Via2
      Partial area ratio:    0.40
      Required ratio:   20.00 (Gate area) 
      Cumulative area ratio:    0.60
      Required ratio:    0.00 (Cumulative area) 

    Layer: Metal3
      Partial area ratio:  199.88
      Required ratio:    0.00 (Gate area) 
      Cumulative area ratio:  203.38
      Required ratio:  200.00 (Cumulative area) (VIOLATED)
      Partial area ratio:  901.44
      Required ratio:    0.00 (Side area) 
      Cumulative area ratio:  918.11
      Required ratio:    0.00 (Cumulative side area) 

    Layer: Via3
      Partial area ratio:    0.20
      Required ratio:   20.00 (Gate area) 
      Cumulative area ratio:    0.80
      Required ratio:    0.00 (Cumulative area) 

    Layer: Metal4
      Partial area ratio:    8.40
      Required ratio:    0.00 (Gate area) 
      Cumulative area ratio:  211.78
      Required ratio:  200.00 (Cumulative area) (VIOLATED)
      Partial area ratio:   38.77
      Required ratio:    0.00 (Side area) 
      Cumulative area ratio:  956.89
      Required ratio:    0.00 (Cumulative side area) 

    Layer: Via4
      Partial area ratio:    0.20
      Required ratio:   20.00 (Gate area) 
      Cumulative area ratio:    1.00
      Required ratio:    0.00 (Cumulative area) 

    Layer: Metal5
      Partial area ratio:  148.35
      Required ratio:    0.00 (Gate area) 
      Cumulative area ratio:  360.13
      Required ratio: 14172.00 (Cumulative area) 
      Partial area ratio:  667.98
      Required ratio:    0.00 (Side area) 
      Cumulative area ratio: 1624.87
      Required ratio:    0.00 (Cumulative side area) 



Net: net998
  Pin:   fanout989/A (sg13g2_buf_1)
    Layer: Via1
      Partial area ratio:    0.20
      Required ratio:   20.00 (Gate area) 
      Cumulative area ratio:    0.20
      Required ratio:    0.00 (Cumulative area) 

    Layer: Metal2
      Partial area ratio:   13.90
      Required ratio:    0.00 (Gate area) 
      Cumulative area ratio:   13.90
      Required ratio: 14172.00 (Cumulative area) 
      Partial area ratio:   63.47
      Required ratio:    0.00 (Side area) 
      Cumulative area ratio:   63.47
      Required ratio:    0.00 (Cumulative side area) 

    Layer: Via2
      Partial area ratio:    0.60
      Required ratio:  354.30 (Gate area) 
      Cumulative area ratio:    0.80
      Required ratio:    0.00 (Cumulative area) 

    Layer: Metal3
      Partial area ratio:    0.98
      Required ratio:    0.00 (Gate area) 
      Cumulative area ratio:   14.88
      Required ratio: 14172.00 (Cumulative area) 
      Partial area ratio:    7.37
      Required ratio:    0.00 (Side area) 
      Cumulative area ratio:   70.84
      Required ratio:    0.00 (Cumulative side area) 

    Layer: Via3
      Partial area ratio:    0.20
      Required ratio:  354.30 (Gate area) 
      Cumulative area ratio:    1.00
      Required ratio:    0.00 (Cumulative area) 

    Layer: Metal4
      Partial area ratio:    0.34
      Required ratio:    0.00 (Gate area) 
      Cumulative area ratio:   15.21
      Required ratio: 14172.00 (Cumulative area) 
      Partial area ratio:    2.49
      Required ratio:    0.00 (Side area) 
      Cumulative area ratio:   73.33
      Required ratio:    0.00 (Cumulative side area) 

    Layer: Via4
      Partial area ratio:    0.20
      Required ratio:  354.30 (Gate area) 
      Cumulative area ratio:    1.20
      Required ratio:    0.00 (Cumulative area) 

    Layer: Metal5
      Partial area ratio:  178.76
      Required ratio:    0.00 (Gate area) 
      Cumulative area ratio:  193.98
      Required ratio: 14172.00 (Cumulative area) 
      Partial area ratio:  805.23
      Required ratio:    0.00 (Side area) 
      Cumulative area ratio:  878.56
      Required ratio:    0.00 (Cumulative side area) 


  Pin:   fanout992/A (sg13g2_buf_1)
    Layer: Via1
      Partial area ratio:    0.20
      Required ratio:   20.00 (Gate area) 
      Cumulative area ratio:    0.20
      Required ratio:    0.00 (Cumulative area) 

    Layer: Metal2
      Partial area ratio:    5.88
      Required ratio:    0.00 (Gate area) 
      Cumulative area ratio:    5.88
      Required ratio:  200.00 (Cumulative area) 
      Partial area ratio:   27.41
      Required ratio:    0.00 (Side area) 
      Cumulative area ratio:   27.41
      Required ratio:    0.00 (Cumulative side area) 

    Layer: Via2
      Partial area ratio:    0.40
      Required ratio:   20.00 (Gate area) 
      Cumulative area ratio:    0.60
      Required ratio:    0.00 (Cumulative area) 

    Layer: Metal3
      Partial area ratio:    0.66
      Required ratio:    0.00 (Gate area) 
      Cumulative area ratio:    6.54
      Required ratio:  200.00 (Cumulative area) 
      Partial area ratio:    4.93
      Required ratio:    0.00 (Side area) 
      Cumulative area ratio:   32.34
      Required ratio:    0.00 (Cumulative side area) 

    Layer: Via3
      Partial area ratio:    0.20
      Required ratio:   20.00 (Gate area) 
      Cumulative area ratio:    0.80
      Required ratio:    0.00 (Cumulative area) 

    Layer: Metal4
      Partial area ratio:   16.38
      Required ratio:    0.00 (Gate area) 
      Cumulative area ratio:   22.92
      Required ratio:  200.00 (Cumulative area) 
      Partial area ratio:   74.66
      Required ratio:    0.00 (Side area) 
      Cumulative area ratio:  107.00
      Required ratio:    0.00 (Cumulative side area) 

    Layer: Via4
      Partial area ratio:    0.40
      Required ratio:   20.00 (Gate area) 
      Cumulative area ratio:    1.20
      Required ratio:    0.00 (Cumulative area) 

    Layer: Metal5
      Partial area ratio:  178.76
      Required ratio:    0.00 (Gate area) 
      Cumulative area ratio:  201.68
      Required ratio: 14172.00 (Cumulative area) 
      Partial area ratio:  805.23
      Required ratio:    0.00 (Side area) 
      Cumulative area ratio:  912.23
      Required ratio:    0.00 (Cumulative side area) 


  Pin:   fanout993/A (sg13g2_buf_1)
    Layer: Via1
      Partial area ratio:    0.20
      Required ratio:   20.00 (Gate area) 
      Cumulative area ratio:    0.20
      Required ratio:    0.00 (Cumulative area) 

    Layer: Metal2
      Partial area ratio:    1.63
      Required ratio:    0.00 (Gate area) 
      Cumulative area ratio:    1.63
      Required ratio:  200.00 (Cumulative area) 
      Partial area ratio:    8.30
      Required ratio:    0.00 (Side area) 
      Cumulative area ratio:    8.30
      Required ratio:    0.00 (Cumulative side area) 

    Layer: Via2
      Partial area ratio:    0.40
      Required ratio:   20.00 (Gate area) 
      Cumulative area ratio:    0.60
      Required ratio:    0.00 (Cumulative area) 

    Layer: Metal3
      Partial area ratio:    0.66
      Required ratio:    0.00 (Gate area) 
      Cumulative area ratio:    2.29
      Required ratio:  200.00 (Cumulative area) 
      Partial area ratio:    4.93
      Required ratio:    0.00 (Side area) 
      Cumulative area ratio:   13.23
      Required ratio:    0.00 (Cumulative side area) 

    Layer: Via3
      Partial area ratio:    0.20
      Required ratio:   20.00 (Gate area) 
      Cumulative area ratio:    0.80
      Required ratio:    0.00 (Cumulative area) 

    Layer: Metal4
      Partial area ratio:   16.38
      Required ratio:    0.00 (Gate area) 
      Cumulative area ratio:   18.67
      Required ratio:  200.00 (Cumulative area) 
      Partial area ratio:   74.66
      Required ratio:    0.00 (Side area) 
      Cumulative area ratio:   87.89
      Required ratio:    0.00 (Cumulative side area) 

    Layer: Via4
      Partial area ratio:    0.40
      Required ratio:   20.00 (Gate area) 
      Cumulative area ratio:    1.20
      Required ratio:    0.00 (Cumulative area) 

    Layer: Metal5
      Partial area ratio:  178.76
      Required ratio:    0.00 (Gate area) 
      Cumulative area ratio:  197.43
      Required ratio: 14172.00 (Cumulative area) 
      Partial area ratio:  805.23
      Required ratio:    0.00 (Side area) 
      Cumulative area ratio:  893.12
      Required ratio:    0.00 (Cumulative side area) 


  Pin:   fanout994/A (sg13g2_buf_1)
    Layer: Via1
      Partial area ratio:    0.20
      Required ratio:   20.00 (Gate area) 
      Cumulative area ratio:    0.20
      Required ratio:    0.00 (Cumulative area) 

    Layer: Metal2
      Partial area ratio:    5.22
      Required ratio:    0.00 (Gate area) 
      Cumulative area ratio:    5.22
      Required ratio:  200.00 (Cumulative area) 
      Partial area ratio:   24.44
      Required ratio:    0.00 (Side area) 
      Cumulative area ratio:   24.44
      Required ratio:    0.00 (Cumulative side area) 

    Layer: Via2
      Partial area ratio:    0.40
      Required ratio:   20.00 (Gate area) 
      Cumulative area ratio:    0.60
      Required ratio:    0.00 (Cumulative area) 

    Layer: Metal3
      Partial area ratio:    0.66
      Required ratio:    0.00 (Gate area) 
      Cumulative area ratio:    5.88
      Required ratio:  200.00 (Cumulative area) 
      Partial area ratio:    4.93
      Required ratio:    0.00 (Side area) 
      Cumulative area ratio:   29.38
      Required ratio:    0.00 (Cumulative side area) 

    Layer: Via3
      Partial area ratio:    0.20
      Required ratio:   20.00 (Gate area) 
      Cumulative area ratio:    0.80
      Required ratio:    0.00 (Cumulative area) 

    Layer: Metal4
      Partial area ratio:  351.59
      Required ratio:    0.00 (Gate area) 
      Cumulative area ratio:  357.47
      Required ratio:  200.00 (Cumulative area) (VIOLATED)
      Partial area ratio: 1584.11
      Required ratio:    0.00 (Side area) 
      Cumulative area ratio: 1613.49
      Required ratio:    0.00 (Cumulative side area) 

    Layer: Via4
      Partial area ratio:    0.40
      Required ratio:   20.00 (Gate area) 
      Cumulative area ratio:    1.20
      Required ratio:    0.00 (Cumulative area) 

    Layer: Metal5
      Partial area ratio:  178.76
      Required ratio:    0.00 (Gate area) 
      Cumulative area ratio:  536.23
      Required ratio: 14172.00 (Cumulative area) 
      Partial area ratio:  805.23
      Required ratio:    0.00 (Side area) 
      Cumulative area ratio: 2418.72
      Required ratio:    0.00 (Cumulative side area) 


  Pin:   fanout997/A (sg13g2_buf_1)
    Layer: Via1
      Partial area ratio:    0.20
      Required ratio:   20.00 (Gate area) 
      Cumulative area ratio:    0.20
      Required ratio:    0.00 (Cumulative area) 

    Layer: Metal2
      Partial area ratio:    3.97
      Required ratio:    0.00 (Gate area) 
      Cumulative area ratio:    3.97
      Required ratio:  200.00 (Cumulative area) 
      Partial area ratio:   18.59
      Required ratio:    0.00 (Side area) 
      Cumulative area ratio:   18.59
      Required ratio:    0.00 (Cumulative side area) 

    Layer: Via2
      Partial area ratio:    0.32
      Required ratio:   20.00 (Gate area) 
      Cumulative area ratio:    0.52
      Required ratio:    0.00 (Cumulative area) 

    Layer: Metal3
      Partial area ratio:    0.51
      Required ratio:    0.00 (Gate area) 
      Cumulative area ratio:    4.49
      Required ratio:  200.00 (Cumulative area) 
      Partial area ratio:    3.04
      Required ratio:    0.00 (Side area) 
      Cumulative area ratio:   21.63
      Required ratio:    0.00 (Cumulative side area) 

    Layer: Via3
      Partial area ratio:    0.20
      Required ratio:   20.00 (Gate area) 
      Cumulative area ratio:    0.72
      Required ratio:    0.00 (Cumulative area) 

    Layer: Metal4
      Partial area ratio:    0.34
      Required ratio:    0.00 (Gate area) 
      Cumulative area ratio:    4.82
      Required ratio:  200.00 (Cumulative area) 
      Partial area ratio:    2.49
      Required ratio:    0.00 (Side area) 
      Cumulative area ratio:   24.12
      Required ratio:    0.00 (Cumulative side area) 

    Layer: Via4
      Partial area ratio:    0.20
      Required ratio:   20.00 (Gate area) 
      Cumulative area ratio:    0.92
      Required ratio:    0.00 (Cumulative area) 

    Layer: Metal5
      Partial area ratio:  178.76
      Required ratio:    0.00 (Gate area) 
      Cumulative area ratio:  183.59
      Required ratio: 14172.00 (Cumulative area) 
      Partial area ratio:  805.23
      Required ratio:    0.00 (Side area) 
      Cumulative area ratio:  829.35
      Required ratio:    0.00 (Cumulative side area) 



Net: net1019
  Pin:   m.u_conv3.u_weights._28478_/A1 (sg13g2_a21oi_1)
    Layer: Metal1
      Partial area ratio:    0.02
      Required ratio:    0.00 (Gate area) 
      Cumulative area ratio:    0.02
      Required ratio:  200.00 (Cumulative area) 
      Partial area ratio:    1.16
      Required ratio:    0.00 (Side area) 
      Cumulative area ratio:    1.16
      Required ratio:    0.00 (Cumulative side area) 

    Layer: Via1
      Partial area ratio:    0.15
      Required ratio:   20.00 (Gate area) 
      Cumulative area ratio:    0.15
      Required ratio:    0.00 (Cumulative area) 

    Layer: Metal2
      Partial area ratio:    4.98
      Required ratio:    0.00 (Gate area) 
      Cumulative area ratio:    5.00
      Required ratio:  200.00 (Cumulative area) 
      Partial area ratio:   23.13
      Required ratio:    0.00 (Side area) 
      Cumulative area ratio:   24.29
      Required ratio:    0.00 (Cumulative side area) 

    Layer: Via2
      Partial area ratio:    0.30
      Required ratio:   20.00 (Gate area) 
      Cumulative area ratio:    0.45
      Required ratio:    0.00 (Cumulative area) 

    Layer: Metal3
      Partial area ratio:  119.84
      Required ratio:    0.00 (Gate area) 
      Cumulative area ratio:  124.84
      Required ratio:  200.00 (Cumulative area) 
      Partial area ratio:  541.49
      Required ratio:    0.00 (Side area) 
      Cumulative area ratio:  565.78
      Required ratio:    0.00 (Cumulative side area) 

    Layer: Via3
      Partial area ratio:    0.15
      Required ratio:   20.00 (Gate area) 
      Cumulative area ratio:    0.60
      Required ratio:    0.00 (Cumulative area) 

    Layer: Metal4
      Partial area ratio:   88.59
      Required ratio:    0.00 (Gate area) 
      Cumulative area ratio:  213.42
      Required ratio:  200.00 (Cumulative area) (VIOLATED)
      Partial area ratio:  399.23
      Required ratio:    0.00 (Side area) 
      Cumulative area ratio:  965.00
      Required ratio:    0.00 (Cumulative side area) 

    Layer: Via4
      Partial area ratio:    0.06
      Required ratio:   20.00 (Gate area) 
      Cumulative area ratio:    0.66
      Required ratio:    0.00 (Cumulative area) 

    Layer: Metal5
      Partial area ratio:   38.30
      Required ratio:    0.00 (Gate area) 
      Cumulative area ratio:  251.73
      Required ratio: 14172.00 (Cumulative area) 
      Partial area ratio:  172.66
      Required ratio:    0.00 (Side area) 
      Cumulative area ratio: 1137.67
      Required ratio:    0.00 (Cumulative side area) 


  Pin:   m.u_conv3.u_weights._30214_/A1 (sg13g2_o21ai_1)
    Layer: Via1
      Partial area ratio:    0.13
      Required ratio:   20.00 (Gate area) 
      Cumulative area ratio:    0.13
      Required ratio:    0.00 (Cumulative area) 

    Layer: Metal2
      Partial area ratio:    2.92
      Required ratio:    0.00 (Gate area) 
      Cumulative area ratio:    2.92
      Required ratio:  200.00 (Cumulative area) 
      Partial area ratio:   13.77
      Required ratio:    0.00 (Side area) 
      Cumulative area ratio:   13.77
      Required ratio:    0.00 (Cumulative side area) 

    Layer: Via2
      Partial area ratio:    0.26
      Required ratio:   20.00 (Gate area) 
      Cumulative area ratio:    0.39
      Required ratio:    0.00 (Cumulative area) 

    Layer: Metal3
      Partial area ratio:    0.43
      Required ratio:    0.00 (Gate area) 
      Cumulative area ratio:    3.35
      Required ratio:  200.00 (Cumulative area) 
      Partial area ratio:    3.19
      Required ratio:    0.00 (Side area) 
      Cumulative area ratio:   16.97
      Required ratio:    0.00 (Cumulative side area) 

    Layer: Via3
      Partial area ratio:    0.13
      Required ratio:   20.00 (Gate area) 
      Cumulative area ratio:    0.52
      Required ratio:    0.00 (Cumulative area) 

    Layer: Metal4
      Partial area ratio:   15.76
      Required ratio:    0.00 (Gate area) 
      Cumulative area ratio:   19.11
      Required ratio:  200.00 (Cumulative area) 
      Partial area ratio:   71.56
      Required ratio:    0.00 (Side area) 
      Cumulative area ratio:   88.53
      Required ratio:    0.00 (Cumulative side area) 

    Layer: Via4
      Partial area ratio:    0.13
      Required ratio:   20.00 (Gate area) 
      Cumulative area ratio:    0.65
      Required ratio:    0.00 (Cumulative area) 

    Layer: Metal5
      Partial area ratio:   38.30
      Required ratio:    0.00 (Gate area) 
      Cumulative area ratio:   57.42
      Required ratio: 14172.00 (Cumulative area) 
      Partial area ratio:  172.66
      Required ratio:    0.00 (Side area) 
      Cumulative area ratio:  261.19
      Required ratio:    0.00 (Cumulative side area) 


  Pin:   fanout1014/A (sg13g2_buf_1)
    Layer: Via1
      Partial area ratio:    0.20
      Required ratio:   20.00 (Gate area) 
      Cumulative area ratio:    0.20
      Required ratio:    0.00 (Cumulative area) 

    Layer: Metal2
      Partial area ratio:    4.50
      Required ratio:    0.00 (Gate area) 
      Cumulative area ratio:    4.50
      Required ratio: 14172.00 (Cumulative area) 
      Partial area ratio:   20.71
      Required ratio:    0.00 (Side area) 
      Cumulative area ratio:   20.71
      Required ratio:    0.00 (Cumulative side area) 

    Layer: Via2
      Partial area ratio:    0.44
      Required ratio:  354.30 (Gate area) 
      Cumulative area ratio:    0.64
      Required ratio:    0.00 (Cumulative area) 

    Layer: Metal3
      Partial area ratio:    0.69
      Required ratio:    0.00 (Gate area) 
      Cumulative area ratio:    5.19
      Required ratio: 14172.00 (Cumulative area) 
      Partial area ratio:    3.59
      Required ratio:    0.00 (Side area) 
      Cumulative area ratio:   24.30
      Required ratio:    0.00 (Cumulative side area) 

    Layer: Via3
      Partial area ratio:    0.20
      Required ratio:  354.30 (Gate area) 
      Cumulative area ratio:    0.84
      Required ratio:    0.00 (Cumulative area) 

    Layer: Metal4
      Partial area ratio:  115.82
      Required ratio:    0.00 (Gate area) 
      Cumulative area ratio:  121.01
      Required ratio: 14172.00 (Cumulative area) 
      Partial area ratio:  521.66
      Required ratio:    0.00 (Side area) 
      Cumulative area ratio:  545.95
      Required ratio:    0.00 (Cumulative side area) 

    Layer: Via4
      Partial area ratio:    0.10
      Required ratio:  354.30 (Gate area) 
      Cumulative area ratio:    0.94
      Required ratio:    0.00 (Cumulative area) 

    Layer: Metal5
      Partial area ratio:   38.30
      Required ratio:    0.00 (Gate area) 
      Cumulative area ratio:  159.31
      Required ratio: 14172.00 (Cumulative area) 
      Partial area ratio:  172.66
      Required ratio:    0.00 (Side area) 
      Cumulative area ratio:  718.62
      Required ratio:    0.00 (Cumulative side area) 


  Pin:   fanout1015/A (sg13g2_buf_1)
    Layer: Via1
      Partial area ratio:    0.20
      Required ratio:   20.00 (Gate area) 
      Cumulative area ratio:    0.20
      Required ratio:    0.00 (Cumulative area) 

    Layer: Metal2
      Partial area ratio:    5.21
      Required ratio:    0.00 (Gate area) 
      Cumulative area ratio:    5.21
      Required ratio:  200.00 (Cumulative area) 
      Partial area ratio:   24.42
      Required ratio:    0.00 (Side area) 
      Cumulative area ratio:   24.42
      Required ratio:    0.00 (Cumulative side area) 

    Layer: Via2
      Partial area ratio:    0.40
      Required ratio:   20.00 (Gate area) 
      Cumulative area ratio:    0.60
      Required ratio:    0.00 (Cumulative area) 

    Layer: Metal3
      Partial area ratio:    8.63
      Required ratio:    0.00 (Gate area) 
      Cumulative area ratio:   13.84
      Required ratio:  200.00 (Cumulative area) 
      Partial area ratio:   40.79
      Required ratio:    0.00 (Side area) 
      Cumulative area ratio:   65.21
      Required ratio:    0.00 (Cumulative side area) 

    Layer: Via3
      Partial area ratio:    0.20
      Required ratio:   20.00 (Gate area) 
      Cumulative area ratio:    0.80
      Required ratio:    0.00 (Cumulative area) 

    Layer: Metal4
      Partial area ratio:  115.82
      Required ratio:    0.00 (Gate area) 
      Cumulative area ratio:  129.66
      Required ratio: 14172.00 (Cumulative area) 
      Partial area ratio:  521.66
      Required ratio:    0.00 (Side area) 
      Cumulative area ratio:  586.87
      Required ratio:    0.00 (Cumulative side area) 

    Layer: Via4
      Partial area ratio:    0.10
      Required ratio:  354.30 (Gate area) 
      Cumulative area ratio:    0.90
      Required ratio:    0.00 (Cumulative area) 

    Layer: Metal5
      Partial area ratio:   38.30
      Required ratio:    0.00 (Gate area) 
      Cumulative area ratio:  167.96
      Required ratio: 14172.00 (Cumulative area) 
      Partial area ratio:  172.66
      Required ratio:    0.00 (Side area) 
      Cumulative area ratio:  759.53
      Required ratio:    0.00 (Cumulative side area) 


  Pin:   fanout1017/A (sg13g2_buf_1)
    Layer: Via1
      Partial area ratio:    0.20
      Required ratio:   20.00 (Gate area) 
      Cumulative area ratio:    0.20
      Required ratio:    0.00 (Cumulative area) 

    Layer: Metal2
      Partial area ratio:    4.42
      Required ratio:    0.00 (Gate area) 
      Cumulative area ratio:    4.42
      Required ratio:  200.00 (Cumulative area) 
      Partial area ratio:   20.86
      Required ratio:    0.00 (Side area) 
      Cumulative area ratio:   20.86
      Required ratio:    0.00 (Cumulative side area) 

    Layer: Via2
      Partial area ratio:    0.40
      Required ratio:   20.00 (Gate area) 
      Cumulative area ratio:    0.60
      Required ratio:    0.00 (Cumulative area) 

    Layer: Metal3
      Partial area ratio:    0.66
      Required ratio:    0.00 (Gate area) 
      Cumulative area ratio:    5.08
      Required ratio:  200.00 (Cumulative area) 
      Partial area ratio:    4.93
      Required ratio:    0.00 (Side area) 
      Cumulative area ratio:   25.79
      Required ratio:    0.00 (Cumulative side area) 

    Layer: Via3
      Partial area ratio:    0.20
      Required ratio:   20.00 (Gate area) 
      Cumulative area ratio:    0.80
      Required ratio:    0.00 (Cumulative area) 

    Layer: Metal4
      Partial area ratio:   88.59
      Required ratio:    0.00 (Gate area) 
      Cumulative area ratio:   93.67
      Required ratio:  200.00 (Cumulative area) 
      Partial area ratio:  399.23
      Required ratio:    0.00 (Side area) 
      Cumulative area ratio:  425.02
      Required ratio:    0.00 (Cumulative side area) 

    Layer: Via4
      Partial area ratio:    0.06
      Required ratio:   20.00 (Gate area) 
      Cumulative area ratio:    0.86
      Required ratio:    0.00 (Cumulative area) 

    Layer: Metal5
      Partial area ratio:   38.30
      Required ratio:    0.00 (Gate area) 
      Cumulative area ratio:  131.97
      Required ratio: 14172.00 (Cumulative area) 
      Partial area ratio:  172.66
      Required ratio:    0.00 (Side area) 
      Cumulative area ratio:  597.68
      Required ratio:    0.00 (Cumulative side area) 


  Pin:   fanout1018/A (sg13g2_buf_1)
    Layer: Via1
      Partial area ratio:    0.20
      Required ratio:   20.00 (Gate area) 
      Cumulative area ratio:    0.20
      Required ratio:    0.00 (Cumulative area) 

    Layer: Metal2
      Partial area ratio:    3.77
      Required ratio:    0.00 (Gate area) 
      Cumulative area ratio:    3.77
      Required ratio:  200.00 (Cumulative area) 
      Partial area ratio:   17.90
      Required ratio:    0.00 (Side area) 
      Cumulative area ratio:   17.90
      Required ratio:    0.00 (Cumulative side area) 

    Layer: Via2
      Partial area ratio:    0.40
      Required ratio:   20.00 (Gate area) 
      Cumulative area ratio:    0.60
      Required ratio:    0.00 (Cumulative area) 

    Layer: Metal3
      Partial area ratio:   48.49
      Required ratio:    0.00 (Gate area) 
      Cumulative area ratio:   52.25
      Required ratio:  200.00 (Cumulative area) 
      Partial area ratio:  220.14
      Required ratio:    0.00 (Side area) 
      Cumulative area ratio:  238.04
      Required ratio:    0.00 (Cumulative side area) 

    Layer: Via3
      Partial area ratio:    0.40
      Required ratio:   20.00 (Gate area) 
      Cumulative area ratio:    1.00
      Required ratio:    0.00 (Cumulative area) 

    Layer: Metal4
      Partial area ratio:   88.59
      Required ratio:    0.00 (Gate area) 
      Cumulative area ratio:  140.84
      Required ratio:  200.00 (Cumulative area) 
      Partial area ratio:  399.23
      Required ratio:    0.00 (Side area) 
      Cumulative area ratio:  637.27
      Required ratio:    0.00 (Cumulative side area) 

    Layer: Via4
      Partial area ratio:    0.06
      Required ratio:   20.00 (Gate area) 
      Cumulative area ratio:    1.06
      Required ratio:    0.00 (Cumulative area) 

    Layer: Metal5
      Partial area ratio:   38.30
      Required ratio:    0.00 (Gate area) 
      Cumulative area ratio:  179.14
      Required ratio: 14172.00 (Cumulative area) 
      Partial area ratio:  172.66
      Required ratio:    0.00 (Side area) 
      Cumulative area ratio:  809.93
      Required ratio:    0.00 (Cumulative side area) 



Net: net1100
  Pin:   m.u_conv3.u_weights._26365_/A (sg13g2_xor2_1)
    Layer: Via1
      Partial area ratio:    0.08
      Required ratio:   20.00 (Gate area) 
      Cumulative area ratio:    0.08
      Required ratio:    0.00 (Cumulative area) 

    Layer: Metal2
      Partial area ratio:   10.68
      Required ratio:    0.00 (Gate area) 
      Cumulative area ratio:   10.68
      Required ratio:  200.00 (Cumulative area) 
      Partial area ratio:   48.40
      Required ratio:    0.00 (Side area) 
      Cumulative area ratio:   48.40
      Required ratio:    0.00 (Cumulative side area) 

    Layer: Via2
      Partial area ratio:    0.19
      Required ratio:   20.00 (Gate area) 
      Cumulative area ratio:    0.27
      Required ratio:    0.00 (Cumulative area) 

    Layer: Metal3
      Partial area ratio:    3.51
      Required ratio:    0.00 (Gate area) 
      Cumulative area ratio:   14.19
      Required ratio:  200.00 (Cumulative area) 
      Partial area ratio:   16.35
      Required ratio:    0.00 (Side area) 
      Cumulative area ratio:   64.75
      Required ratio:    0.00 (Cumulative side area) 

    Layer: Via3
      Partial area ratio:    0.04
      Required ratio:   20.00 (Gate area) 
      Cumulative area ratio:    0.32
      Required ratio:    0.00 (Cumulative area) 

    Layer: Metal4
      Partial area ratio:   27.36
      Required ratio:    0.00 (Gate area) 
      Cumulative area ratio:   41.55
      Required ratio:  200.00 (Cumulative area) 
      Partial area ratio:  123.46
      Required ratio:    0.00 (Side area) 
      Cumulative area ratio:  188.22
      Required ratio:    0.00 (Cumulative side area) 

    Layer: Via4
      Partial area ratio:    0.03
      Required ratio:   20.00 (Gate area) 
      Cumulative area ratio:    0.35
      Required ratio:    0.00 (Cumulative area) 

    Layer: Metal5
      Partial area ratio:   23.29
      Required ratio:    0.00 (Gate area) 
      Cumulative area ratio:   64.84
      Required ratio: 14172.00 (Cumulative area) 
      Partial area ratio:  104.96
      Required ratio:    0.00 (Side area) 
      Cumulative area ratio:  293.18
      Required ratio:    0.00 (Cumulative side area) 


  Pin:   m.u_conv3.u_weights._27877_/A (sg13g2_xnor2_1)
    Layer: Via1
      Partial area ratio:    0.08
      Required ratio:   20.00 (Gate area) 
      Cumulative area ratio:    0.08
      Required ratio:    0.00 (Cumulative area) 

    Layer: Metal2
      Partial area ratio:   13.78
      Required ratio:    0.00 (Gate area) 
      Cumulative area ratio:   13.78
      Required ratio:  200.00 (Cumulative area) 
      Partial area ratio:   62.41
      Required ratio:    0.00 (Side area) 
      Cumulative area ratio:   62.41
      Required ratio:    0.00 (Cumulative side area) 

    Layer: Via2
      Partial area ratio:    0.17
      Required ratio:   20.00 (Gate area) 
      Cumulative area ratio:    0.25
      Required ratio:    0.00 (Cumulative area) 

    Layer: Metal3
      Partial area ratio:    3.51
      Required ratio:    0.00 (Gate area) 
      Cumulative area ratio:   17.29
      Required ratio:  200.00 (Cumulative area) 
      Partial area ratio:   16.35
      Required ratio:    0.00 (Side area) 
      Cumulative area ratio:   78.76
      Required ratio:    0.00 (Cumulative side area) 

    Layer: Via3
      Partial area ratio:    0.04
      Required ratio:   20.00 (Gate area) 
      Cumulative area ratio:    0.29
      Required ratio:    0.00 (Cumulative area) 

    Layer: Metal4
      Partial area ratio:   27.36
      Required ratio:    0.00 (Gate area) 
      Cumulative area ratio:   44.65
      Required ratio:  200.00 (Cumulative area) 
      Partial area ratio:  123.46
      Required ratio:    0.00 (Side area) 
      Cumulative area ratio:  202.22
      Required ratio:    0.00 (Cumulative side area) 

    Layer: Via4
      Partial area ratio:    0.03
      Required ratio:   20.00 (Gate area) 
      Cumulative area ratio:    0.32
      Required ratio:    0.00 (Cumulative area) 

    Layer: Metal5
      Partial area ratio:   23.29
      Required ratio:    0.00 (Gate area) 
      Cumulative area ratio:   67.94
      Required ratio: 14172.00 (Cumulative area) 
      Partial area ratio:  104.96
      Required ratio:    0.00 (Side area) 
      Cumulative area ratio:  307.19
      Required ratio:    0.00 (Cumulative side area) 


  Pin:   fanout1095/A (sg13g2_buf_1)
    Layer: Via1
      Partial area ratio:    0.20
      Required ratio:   20.00 (Gate area) 
      Cumulative area ratio:    0.20
      Required ratio:    0.00 (Cumulative area) 

    Layer: Metal2
      Partial area ratio:   11.09
      Required ratio:    0.00 (Gate area) 
      Cumulative area ratio:   11.09
      Required ratio: 14172.00 (Cumulative area) 
      Partial area ratio:   50.84
      Required ratio:    0.00 (Side area) 
      Cumulative area ratio:   50.84
      Required ratio:    0.00 (Cumulative side area) 

    Layer: Via2
      Partial area ratio:    0.60
      Required ratio:  354.30 (Gate area) 
      Cumulative area ratio:    0.80
      Required ratio:    0.00 (Cumulative area) 

    Layer: Metal3
      Partial area ratio:    0.98
      Required ratio:    0.00 (Gate area) 
      Cumulative area ratio:   12.07
      Required ratio: 14172.00 (Cumulative area) 
      Partial area ratio:    7.37
      Required ratio:    0.00 (Side area) 
      Cumulative area ratio:   58.21
      Required ratio:    0.00 (Cumulative side area) 

    Layer: Via3
      Partial area ratio:    0.20
      Required ratio:  354.30 (Gate area) 
      Cumulative area ratio:    1.00
      Required ratio:    0.00 (Cumulative area) 

    Layer: Metal4
      Partial area ratio:    0.34
      Required ratio:    0.00 (Gate area) 
      Cumulative area ratio:   12.41
      Required ratio: 14172.00 (Cumulative area) 
      Partial area ratio:    2.49
      Required ratio:    0.00 (Side area) 
      Cumulative area ratio:   60.70
      Required ratio:    0.00 (Cumulative side area) 

    Layer: Via4
      Partial area ratio:    0.20
      Required ratio:  354.30 (Gate area) 
      Cumulative area ratio:    1.20
      Required ratio:    0.00 (Cumulative area) 

    Layer: Metal5
      Partial area ratio:   23.29
      Required ratio:    0.00 (Gate area) 
      Cumulative area ratio:   35.70
      Required ratio: 14172.00 (Cumulative area) 
      Partial area ratio:  104.96
      Required ratio:    0.00 (Side area) 
      Cumulative area ratio:  165.66
      Required ratio:    0.00 (Cumulative side area) 


  Pin:   fanout1099/A (sg13g2_buf_1)
    Layer: Via1
      Partial area ratio:    0.20
      Required ratio:   20.00 (Gate area) 
      Cumulative area ratio:    0.20
      Required ratio:    0.00 (Cumulative area) 

    Layer: Metal2
      Partial area ratio:    4.83
      Required ratio:    0.00 (Gate area) 
      Cumulative area ratio:    4.83
      Required ratio:  200.00 (Cumulative area) 
      Partial area ratio:   22.68
      Required ratio:    0.00 (Side area) 
      Cumulative area ratio:   22.68
      Required ratio:    0.00 (Cumulative side area) 

    Layer: Via2
      Partial area ratio:    0.40
      Required ratio:   20.00 (Gate area) 
      Cumulative area ratio:    0.60
      Required ratio:    0.00 (Cumulative area) 

    Layer: Metal3
      Partial area ratio:  200.22
      Required ratio:    0.00 (Gate area) 
      Cumulative area ratio:  205.05
      Required ratio:  200.00 (Cumulative area) (VIOLATED)
      Partial area ratio:  903.93
      Required ratio:    0.00 (Side area) 
      Cumulative area ratio:  926.61
      Required ratio:    0.00 (Cumulative side area) 

    Layer: Via3
      Partial area ratio:    0.40
      Required ratio:   20.00 (Gate area) 
      Cumulative area ratio:    1.00
      Required ratio:    0.00 (Cumulative area) 

    Layer: Metal4
      Partial area ratio:   27.36
      Required ratio:    0.00 (Gate area) 
      Cumulative area ratio:  232.41
      Required ratio:  200.00 (Cumulative area) (VIOLATED)
      Partial area ratio:  123.46
      Required ratio:    0.00 (Side area) 
      Cumulative area ratio: 1050.07
      Required ratio:    0.00 (Cumulative side area) 

    Layer: Via4
      Partial area ratio:    0.03
      Required ratio:   20.00 (Gate area) 
      Cumulative area ratio:    1.03
      Required ratio:    0.00 (Cumulative area) 

    Layer: Metal5
      Partial area ratio:   23.29
      Required ratio:    0.00 (Gate area) 
      Cumulative area ratio:  255.70
      Required ratio: 14172.00 (Cumulative area) 
      Partial area ratio:  104.96
      Required ratio:    0.00 (Side area) 
      Cumulative area ratio: 1155.04
      Required ratio:    0.00 (Cumulative side area) 



Net: net1120
  Pin:   m.u_conv3.u_weights._30956_/A1 (sg13g2_a21oi_1)
    Layer: Metal1
      Partial area ratio:    0.02
      Required ratio:    0.00 (Gate area) 
      Cumulative area ratio:    0.02
      Required ratio:  200.00 (Cumulative area) 
      Partial area ratio:    1.17
      Required ratio:    0.00 (Side area) 
      Cumulative area ratio:    1.17
      Required ratio:    0.00 (Cumulative side area) 

    Layer: Via1
      Partial area ratio:    0.15
      Required ratio:   20.00 (Gate area) 
      Cumulative area ratio:    0.15
      Required ratio:    0.00 (Cumulative area) 

    Layer: Metal2
      Partial area ratio:    5.20
      Required ratio:    0.00 (Gate area) 
      Cumulative area ratio:    5.22
      Required ratio:  200.00 (Cumulative area) 
      Partial area ratio:   24.09
      Required ratio:    0.00 (Side area) 
      Cumulative area ratio:   25.26
      Required ratio:    0.00 (Cumulative side area) 

    Layer: Via2
      Partial area ratio:    0.30
      Required ratio:   20.00 (Gate area) 
      Cumulative area ratio:    0.45
      Required ratio:    0.00 (Cumulative area) 

    Layer: Metal3
      Partial area ratio:    0.49
      Required ratio:    0.00 (Gate area) 
      Cumulative area ratio:    5.71
      Required ratio:  200.00 (Cumulative area) 
      Partial area ratio:    3.68
      Required ratio:    0.00 (Side area) 
      Cumulative area ratio:   28.94
      Required ratio:    0.00 (Cumulative side area) 

    Layer: Via3
      Partial area ratio:    0.15
      Required ratio:   20.00 (Gate area) 
      Cumulative area ratio:    0.60
      Required ratio:    0.00 (Cumulative area) 

    Layer: Metal4
      Partial area ratio:   95.66
      Required ratio:    0.00 (Gate area) 
      Cumulative area ratio:  101.36
      Required ratio: 14172.00 (Cumulative area) 
      Partial area ratio:  430.87
      Required ratio:    0.00 (Side area) 
      Cumulative area ratio:  459.81
      Required ratio:    0.00 (Cumulative side area) 

    Layer: Via4
      Partial area ratio:    0.09
      Required ratio:  354.30 (Gate area) 
      Cumulative area ratio:    0.68
      Required ratio:    0.00 (Cumulative area) 

    Layer: Metal5
      Partial area ratio:   89.63
      Required ratio:    0.00 (Gate area) 
      Cumulative area ratio:  190.99
      Required ratio: 14172.00 (Cumulative area) 
      Partial area ratio:  403.53
      Required ratio:    0.00 (Side area) 
      Cumulative area ratio:  863.34
      Required ratio:    0.00 (Cumulative side area) 


  Pin:   fanout1115/A (sg13g2_buf_1)
    Layer: Via1
      Partial area ratio:    0.20
      Required ratio:   20.00 (Gate area) 
      Cumulative area ratio:    0.20
      Required ratio:    0.00 (Cumulative area) 

    Layer: Metal2
      Partial area ratio:   11.86
      Required ratio:    0.00 (Gate area) 
      Cumulative area ratio:   11.86
      Required ratio:  200.00 (Cumulative area) 
      Partial area ratio:   54.33
      Required ratio:    0.00 (Side area) 
      Cumulative area ratio:   54.33
      Required ratio:    0.00 (Cumulative side area) 

    Layer: Via2
      Partial area ratio:    0.40
      Required ratio:   20.00 (Gate area) 
      Cumulative area ratio:    0.60
      Required ratio:    0.00 (Cumulative area) 

    Layer: Metal3
      Partial area ratio:    8.95
      Required ratio:    0.00 (Gate area) 
      Cumulative area ratio:   20.81
      Required ratio: 14172.00 (Cumulative area) 
      Partial area ratio:   43.23
      Required ratio:    0.00 (Side area) 
      Cumulative area ratio:   97.56
      Required ratio:    0.00 (Cumulative side area) 

    Layer: Via3
      Partial area ratio:    0.20
      Required ratio:  354.30 (Gate area) 
      Cumulative area ratio:    0.80
      Required ratio:    0.00 (Cumulative area) 

    Layer: Metal4
      Partial area ratio:   95.66
      Required ratio:    0.00 (Gate area) 
      Cumulative area ratio:  116.47
      Required ratio: 14172.00 (Cumulative area) 
      Partial area ratio:  430.87
      Required ratio:    0.00 (Side area) 
      Cumulative area ratio:  528.43
      Required ratio:    0.00 (Cumulative side area) 

    Layer: Via4
      Partial area ratio:    0.09
      Required ratio:  354.30 (Gate area) 
      Cumulative area ratio:    0.88
      Required ratio:    0.00 (Cumulative area) 

    Layer: Metal5
      Partial area ratio:   89.63
      Required ratio:    0.00 (Gate area) 
      Cumulative area ratio:  206.10
      Required ratio: 14172.00 (Cumulative area) 
      Partial area ratio:  403.53
      Required ratio:    0.00 (Side area) 
      Cumulative area ratio:  931.96
      Required ratio:    0.00 (Cumulative side area) 


  Pin:   fanout1116/A (sg13g2_buf_1)
    Layer: Via1
      Partial area ratio:    0.20
      Required ratio:   20.00 (Gate area) 
      Cumulative area ratio:    0.20
      Required ratio:    0.00 (Cumulative area) 

    Layer: Metal2
      Partial area ratio:    4.69
      Required ratio:    0.00 (Gate area) 
      Cumulative area ratio:    4.69
      Required ratio:  200.00 (Cumulative area) 
      Partial area ratio:   22.05
      Required ratio:    0.00 (Side area) 
      Cumulative area ratio:   22.05
      Required ratio:    0.00 (Cumulative side area) 

    Layer: Via2
      Partial area ratio:    0.40
      Required ratio:   20.00 (Gate area) 
      Cumulative area ratio:    0.60
      Required ratio:    0.00 (Cumulative area) 

    Layer: Metal3
      Partial area ratio:    0.66
      Required ratio:    0.00 (Gate area) 
      Cumulative area ratio:    5.35
      Required ratio:  200.00 (Cumulative area) 
      Partial area ratio:    4.93
      Required ratio:    0.00 (Side area) 
      Cumulative area ratio:   26.98
      Required ratio:    0.00 (Cumulative side area) 

    Layer: Via3
      Partial area ratio:    0.20
      Required ratio:   20.00 (Gate area) 
      Cumulative area ratio:    0.80
      Required ratio:    0.00 (Cumulative area) 

    Layer: Metal4
      Partial area ratio:    0.34
      Required ratio:    0.00 (Gate area) 
      Cumulative area ratio:    5.68
      Required ratio:  200.00 (Cumulative area) 
      Partial area ratio:    2.49
      Required ratio:    0.00 (Side area) 
      Cumulative area ratio:   29.47
      Required ratio:    0.00 (Cumulative side area) 

    Layer: Via4
      Partial area ratio:    0.20
      Required ratio:   20.00 (Gate area) 
      Cumulative area ratio:    1.00
      Required ratio:    0.00 (Cumulative area) 

    Layer: Metal5
      Partial area ratio:   89.63
      Required ratio:    0.00 (Gate area) 
      Cumulative area ratio:   95.31
      Required ratio: 14172.00 (Cumulative area) 
      Partial area ratio:  403.53
      Required ratio:    0.00 (Side area) 
      Cumulative area ratio:  433.00
      Required ratio:    0.00 (Cumulative side area) 


  Pin:   fanout1117/A (sg13g2_buf_1)
    Layer: Via1
      Partial area ratio:    0.20
      Required ratio:   20.00 (Gate area) 
      Cumulative area ratio:    0.20
      Required ratio:    0.00 (Cumulative area) 

    Layer: Metal2
      Partial area ratio:    4.02
      Required ratio:    0.00 (Gate area) 
      Cumulative area ratio:    4.02
      Required ratio:  200.00 (Cumulative area) 
      Partial area ratio:   19.04
      Required ratio:    0.00 (Side area) 
      Cumulative area ratio:   19.04
      Required ratio:    0.00 (Cumulative side area) 

    Layer: Via2
      Partial area ratio:    0.40
      Required ratio:   20.00 (Gate area) 
      Cumulative area ratio:    0.60
      Required ratio:    0.00 (Cumulative area) 

    Layer: Metal3
      Partial area ratio:    0.66
      Required ratio:    0.00 (Gate area) 
      Cumulative area ratio:    4.68
      Required ratio:  200.00 (Cumulative area) 
      Partial area ratio:    4.93
      Required ratio:    0.00 (Side area) 
      Cumulative area ratio:   23.97
      Required ratio:    0.00 (Cumulative side area) 

    Layer: Via3
      Partial area ratio:    0.20
      Required ratio:   20.00 (Gate area) 
      Cumulative area ratio:    0.80
      Required ratio:    0.00 (Cumulative area) 

    Layer: Metal4
      Partial area ratio:    0.34
      Required ratio:    0.00 (Gate area) 
      Cumulative area ratio:    5.01
      Required ratio:  200.00 (Cumulative area) 
      Partial area ratio:    2.49
      Required ratio:    0.00 (Side area) 
      Cumulative area ratio:   26.46
      Required ratio:    0.00 (Cumulative side area) 

    Layer: Via4
      Partial area ratio:    0.20
      Required ratio:   20.00 (Gate area) 
      Cumulative area ratio:    1.00
      Required ratio:    0.00 (Cumulative area) 

    Layer: Metal5
      Partial area ratio:   89.63
      Required ratio:    0.00 (Gate area) 
      Cumulative area ratio:   94.65
      Required ratio: 14172.00 (Cumulative area) 
      Partial area ratio:  403.53
      Required ratio:    0.00 (Side area) 
      Cumulative area ratio:  429.99
      Required ratio:    0.00 (Cumulative side area) 


  Pin:   fanout1119/A (sg13g2_buf_1)
    Layer: Via1
      Partial area ratio:    0.20
      Required ratio:   20.00 (Gate area) 
      Cumulative area ratio:    0.20
      Required ratio:    0.00 (Cumulative area) 

    Layer: Metal2
      Partial area ratio:    5.63
      Required ratio:    0.00 (Gate area) 
      Cumulative area ratio:    5.63
      Required ratio:  200.00 (Cumulative area) 
      Partial area ratio:   26.28
      Required ratio:    0.00 (Side area) 
      Cumulative area ratio:   26.28
      Required ratio:    0.00 (Cumulative side area) 

    Layer: Via2
      Partial area ratio:    0.40
      Required ratio:   20.00 (Gate area) 
      Cumulative area ratio:    0.60
      Required ratio:    0.00 (Cumulative area) 

    Layer: Metal3
      Partial area ratio:    0.66
      Required ratio:    0.00 (Gate area) 
      Cumulative area ratio:    6.29
      Required ratio:  200.00 (Cumulative area) 
      Partial area ratio:    4.93
      Required ratio:    0.00 (Side area) 
      Cumulative area ratio:   31.21
      Required ratio:    0.00 (Cumulative side area) 

    Layer: Via3
      Partial area ratio:    0.20
      Required ratio:   20.00 (Gate area) 
      Cumulative area ratio:    0.80
      Required ratio:    0.00 (Cumulative area) 

    Layer: Metal4
      Partial area ratio:  199.66
      Required ratio:    0.00 (Gate area) 
      Cumulative area ratio:  205.94
      Required ratio:  200.00 (Cumulative area) (VIOLATED)
      Partial area ratio:  899.43
      Required ratio:    0.00 (Side area) 
      Cumulative area ratio:  930.64
      Required ratio:    0.00 (Cumulative side area) 

    Layer: Via4
      Partial area ratio:    0.20
      Required ratio:   20.00 (Gate area) 
      Cumulative area ratio:    1.00
      Required ratio:    0.00 (Cumulative area) 

    Layer: Metal5
      Partial area ratio:   89.63
      Required ratio:    0.00 (Gate area) 
      Cumulative area ratio:  295.57
      Required ratio: 14172.00 (Cumulative area) 
      Partial area ratio:  403.53
      Required ratio:    0.00 (Side area) 
      Cumulative area ratio: 1334.17
      Required ratio:    0.00 (Cumulative side area) 



Net: net1121
  Pin:   m.u_conv3.u_weights._30202_/A (sg13g2_xnor2_1)
    Layer: Via1
      Partial area ratio:    0.08
      Required ratio:   20.00 (Gate area) 
      Cumulative area ratio:    0.08
      Required ratio:    0.00 (Cumulative area) 

    Layer: Metal2
      Partial area ratio:    1.97
      Required ratio:    0.00 (Gate area) 
      Cumulative area ratio:    1.97
      Required ratio:  200.00 (Cumulative area) 
      Partial area ratio:    9.24
      Required ratio:    0.00 (Side area) 
      Cumulative area ratio:    9.24
      Required ratio:    0.00 (Cumulative side area) 

    Layer: Via2
      Partial area ratio:    0.17
      Required ratio:   20.00 (Gate area) 
      Cumulative area ratio:    0.25
      Required ratio:    0.00 (Cumulative area) 

    Layer: Metal3
      Partial area ratio:    0.27
      Required ratio:    0.00 (Gate area) 
      Cumulative area ratio:    2.24
      Required ratio:  200.00 (Cumulative area) 
      Partial area ratio:    2.05
      Required ratio:    0.00 (Side area) 
      Cumulative area ratio:   11.30
      Required ratio:    0.00 (Cumulative side area) 

    Layer: Via3
      Partial area ratio:    0.08
      Required ratio:   20.00 (Gate area) 
      Cumulative area ratio:    0.33
      Required ratio:    0.00 (Cumulative area) 

    Layer: Metal4
      Partial area ratio:   84.56
      Required ratio:    0.00 (Gate area) 
      Cumulative area ratio:   86.80
      Required ratio:  200.00 (Cumulative area) 
      Partial area ratio:  381.09
      Required ratio:    0.00 (Side area) 
      Cumulative area ratio:  392.39
      Required ratio:    0.00 (Cumulative side area) 

    Layer: Via4
      Partial area ratio:    0.12
      Required ratio:   20.00 (Gate area) 
      Cumulative area ratio:    0.45
      Required ratio:    0.00 (Cumulative area) 

    Layer: Metal5
      Partial area ratio:   66.49
      Required ratio:    0.00 (Gate area) 
      Cumulative area ratio:  153.29
      Required ratio: 14172.00 (Cumulative area) 
      Partial area ratio:  299.58
      Required ratio:    0.00 (Side area) 
      Cumulative area ratio:  691.97
      Required ratio:    0.00 (Cumulative side area) 


  Pin:   fanout1109/A (sg13g2_buf_1)
    Layer: Via1
      Partial area ratio:    0.20
      Required ratio:   20.00 (Gate area) 
      Cumulative area ratio:    0.20
      Required ratio:    0.00 (Cumulative area) 

    Layer: Metal2
      Partial area ratio:   20.80
      Required ratio:    0.00 (Gate area) 
      Cumulative area ratio:   20.80
      Required ratio: 14172.00 (Cumulative area) 
      Partial area ratio:   94.55
      Required ratio:    0.00 (Side area) 
      Cumulative area ratio:   94.55
      Required ratio:    0.00 (Cumulative side area) 

    Layer: Via2
      Partial area ratio:    0.60
      Required ratio:  354.30 (Gate area) 
      Cumulative area ratio:    0.80
      Required ratio:    0.00 (Cumulative area) 

    Layer: Metal3
      Partial area ratio:    0.98
      Required ratio:    0.00 (Gate area) 
      Cumulative area ratio:   21.78
      Required ratio: 14172.00 (Cumulative area) 
      Partial area ratio:    7.37
      Required ratio:    0.00 (Side area) 
      Cumulative area ratio:  101.92
      Required ratio:    0.00 (Cumulative side area) 

    Layer: Via3
      Partial area ratio:    0.20
      Required ratio:  354.30 (Gate area) 
      Cumulative area ratio:    1.00
      Required ratio:    0.00 (Cumulative area) 

    Layer: Metal4
      Partial area ratio:    0.34
      Required ratio:    0.00 (Gate area) 
      Cumulative area ratio:   22.12
      Required ratio: 14172.00 (Cumulative area) 
      Partial area ratio:    2.49
      Required ratio:    0.00 (Side area) 
      Cumulative area ratio:  104.41
      Required ratio:    0.00 (Cumulative side area) 

    Layer: Via4
      Partial area ratio:    0.20
      Required ratio:  354.30 (Gate area) 
      Cumulative area ratio:    1.20
      Required ratio:    0.00 (Cumulative area) 

    Layer: Metal5
      Partial area ratio:   66.49
      Required ratio:    0.00 (Gate area) 
      Cumulative area ratio:   88.61
      Required ratio: 14172.00 (Cumulative area) 
      Partial area ratio:  299.58
      Required ratio:    0.00 (Side area) 
      Cumulative area ratio:  403.99
      Required ratio:    0.00 (Cumulative side area) 


  Pin:   fanout1112/A (sg13g2_buf_1)
    Layer: Via1
      Partial area ratio:    0.20
      Required ratio:   20.00 (Gate area) 
      Cumulative area ratio:    0.20
      Required ratio:    0.00 (Cumulative area) 

    Layer: Metal2
      Partial area ratio:    5.08
      Required ratio:    0.00 (Gate area) 
      Cumulative area ratio:    5.08
      Required ratio:  200.00 (Cumulative area) 
      Partial area ratio:   23.82
      Required ratio:    0.00 (Side area) 
      Cumulative area ratio:   23.82
      Required ratio:    0.00 (Cumulative side area) 

    Layer: Via2
      Partial area ratio:    0.40
      Required ratio:   20.00 (Gate area) 
      Cumulative area ratio:    0.60
      Required ratio:    0.00 (Cumulative area) 

    Layer: Metal3
      Partial area ratio:  207.87
      Required ratio:    0.00 (Gate area) 
      Cumulative area ratio:  212.95
      Required ratio:  200.00 (Cumulative area) (VIOLATED)
      Partial area ratio:  937.35
      Required ratio:    0.00 (Side area) 
      Cumulative area ratio:  961.18
      Required ratio:    0.00 (Cumulative side area) 

    Layer: Via3
      Partial area ratio:    0.40
      Required ratio:   20.00 (Gate area) 
      Cumulative area ratio:    1.00
      Required ratio:    0.00 (Cumulative area) 

    Layer: Metal4
      Partial area ratio:   84.56
      Required ratio:    0.00 (Gate area) 
      Cumulative area ratio:  297.51
      Required ratio:  200.00 (Cumulative area) (VIOLATED)
      Partial area ratio:  381.09
      Required ratio:    0.00 (Side area) 
      Cumulative area ratio: 1342.27
      Required ratio:    0.00 (Cumulative side area) 

    Layer: Via4
      Partial area ratio:    0.12
      Required ratio:   20.00 (Gate area) 
      Cumulative area ratio:    1.12
      Required ratio:    0.00 (Cumulative area) 

    Layer: Metal5
      Partial area ratio:   66.49
      Required ratio:    0.00 (Gate area) 
      Cumulative area ratio:  364.00
      Required ratio: 14172.00 (Cumulative area) 
      Partial area ratio:  299.58
      Required ratio:    0.00 (Side area) 
      Cumulative area ratio: 1641.85
      Required ratio:    0.00 (Cumulative side area) 


  Pin:   fanout1120/A (sg13g2_buf_1)
    Layer: Via1
      Partial area ratio:    0.20
      Required ratio:   20.00 (Gate area) 
      Cumulative area ratio:    0.20
      Required ratio:    0.00 (Cumulative area) 

    Layer: Metal2
      Partial area ratio:    6.15
      Required ratio:    0.00 (Gate area) 
      Cumulative area ratio:    6.15
      Required ratio:  200.00 (Cumulative area) 
      Partial area ratio:   28.62
      Required ratio:    0.00 (Side area) 
      Cumulative area ratio:   28.62
      Required ratio:    0.00 (Cumulative side area) 

    Layer: Via2
      Partial area ratio:    0.40
      Required ratio:   20.00 (Gate area) 
      Cumulative area ratio:    0.60
      Required ratio:    0.00 (Cumulative area) 

    Layer: Metal3
      Partial area ratio:   24.57
      Required ratio:    0.00 (Gate area) 
      Cumulative area ratio:   30.71
      Required ratio:  200.00 (Cumulative area) 
      Partial area ratio:  112.51
      Required ratio:    0.00 (Side area) 
      Cumulative area ratio:  141.14
      Required ratio:    0.00 (Cumulative side area) 

    Layer: Via3
      Partial area ratio:    0.20
      Required ratio:   20.00 (Gate area) 
      Cumulative area ratio:    0.80
      Required ratio:    0.00 (Cumulative area) 

    Layer: Metal4
      Partial area ratio:    8.40
      Required ratio:    0.00 (Gate area) 
      Cumulative area ratio:   39.11
      Required ratio:  200.00 (Cumulative area) 
      Partial area ratio:   38.77
      Required ratio:    0.00 (Side area) 
      Cumulative area ratio:  179.91
      Required ratio:    0.00 (Cumulative side area) 

    Layer: Via4
      Partial area ratio:    0.20
      Required ratio:   20.00 (Gate area) 
      Cumulative area ratio:    1.00
      Required ratio:    0.00 (Cumulative area) 

    Layer: Metal5
      Partial area ratio:   66.49
      Required ratio:    0.00 (Gate area) 
      Cumulative area ratio:  105.61
      Required ratio: 14172.00 (Cumulative area) 
      Partial area ratio:  299.58
      Required ratio:    0.00 (Side area) 
      Cumulative area ratio:  479.49
      Required ratio:    0.00 (Cumulative side area) 



Net: net1134
  Pin:   fanout1127/A (sg13g2_buf_1)
    Layer: Via1
      Partial area ratio:    0.20
      Required ratio:   20.00 (Gate area) 
      Cumulative area ratio:    0.20
      Required ratio:    0.00 (Cumulative area) 

    Layer: Metal2
      Partial area ratio:    7.35
      Required ratio:    0.00 (Gate area) 
      Cumulative area ratio:    7.35
      Required ratio:  200.00 (Cumulative area) 
      Partial area ratio:   34.03
      Required ratio:    0.00 (Side area) 
      Cumulative area ratio:   34.03
      Required ratio:    0.00 (Cumulative side area) 

    Layer: Via2
      Partial area ratio:    0.40
      Required ratio:   20.00 (Gate area) 
      Cumulative area ratio:    0.60
      Required ratio:    0.00 (Cumulative area) 

    Layer: Metal3
      Partial area ratio:    0.66
      Required ratio:    0.00 (Gate area) 
      Cumulative area ratio:    8.01
      Required ratio:  200.00 (Cumulative area) 
      Partial area ratio:    4.93
      Required ratio:    0.00 (Side area) 
      Cumulative area ratio:   38.96
      Required ratio:    0.00 (Cumulative side area) 

    Layer: Via3
      Partial area ratio:    0.20
      Required ratio:   20.00 (Gate area) 
      Cumulative area ratio:    0.80
      Required ratio:    0.00 (Cumulative area) 

    Layer: Metal4
      Partial area ratio:    8.41
      Required ratio:    0.00 (Gate area) 
      Cumulative area ratio:   16.42
      Required ratio:  200.00 (Cumulative area) 
      Partial area ratio:   38.80
      Required ratio:    0.00 (Side area) 
      Cumulative area ratio:   77.76
      Required ratio:    0.00 (Cumulative side area) 

    Layer: Via4
      Partial area ratio:    0.40
      Required ratio:   20.00 (Gate area) 
      Cumulative area ratio:    1.20
      Required ratio:    0.00 (Cumulative area) 

    Layer: Metal5
      Partial area ratio:  137.63
      Required ratio:    0.00 (Gate area) 
      Cumulative area ratio:  154.04
      Required ratio: 14172.00 (Cumulative area) 
      Partial area ratio:  619.81
      Required ratio:    0.00 (Side area) 
      Cumulative area ratio:  697.57
      Required ratio:    0.00 (Cumulative side area) 


  Pin:   fanout1130/A (sg13g2_buf_1)
    Layer: Via1
      Partial area ratio:    0.20
      Required ratio:   20.00 (Gate area) 
      Cumulative area ratio:    0.20
      Required ratio:    0.00 (Cumulative area) 

    Layer: Metal2
      Partial area ratio:    6.82
      Required ratio:    0.00 (Gate area) 
      Cumulative area ratio:    6.82
      Required ratio:  200.00 (Cumulative area) 
      Partial area ratio:   31.64
      Required ratio:    0.00 (Side area) 
      Cumulative area ratio:   31.64
      Required ratio:    0.00 (Cumulative side area) 

    Layer: Via2
      Partial area ratio:    0.40
      Required ratio:   20.00 (Gate area) 
      Cumulative area ratio:    0.60
      Required ratio:    0.00 (Cumulative area) 

    Layer: Metal3
      Partial area ratio:  112.38
      Required ratio:    0.00 (Gate area) 
      Cumulative area ratio:  119.20
      Required ratio:  200.00 (Cumulative area) 
      Partial area ratio:  508.20
      Required ratio:    0.00 (Side area) 
      Cumulative area ratio:  539.84
      Required ratio:    0.00 (Cumulative side area) 

    Layer: Via3
      Partial area ratio:    0.20
      Required ratio:   20.00 (Gate area) 
      Cumulative area ratio:    0.80
      Required ratio:    0.00 (Cumulative area) 

    Layer: Metal4
      Partial area ratio:   74.63
      Required ratio:    0.00 (Gate area) 
      Cumulative area ratio:  193.83
      Required ratio:  200.00 (Cumulative area) 
      Partial area ratio:  336.49
      Required ratio:    0.00 (Side area) 
      Cumulative area ratio:  876.33
      Required ratio:    0.00 (Cumulative side area) 

    Layer: Via4
      Partial area ratio:    0.07
      Required ratio:   20.00 (Gate area) 
      Cumulative area ratio:    0.87
      Required ratio:    0.00 (Cumulative area) 

    Layer: Metal5
      Partial area ratio:  137.63
      Required ratio:    0.00 (Gate area) 
      Cumulative area ratio:  331.46
      Required ratio: 14172.00 (Cumulative area) 
      Partial area ratio:  619.81
      Required ratio:    0.00 (Side area) 
      Cumulative area ratio: 1496.14
      Required ratio:    0.00 (Cumulative side area) 


  Pin:   fanout1131/A (sg13g2_buf_1)
    Layer: Via1
      Partial area ratio:    0.20
      Required ratio:   20.00 (Gate area) 
      Cumulative area ratio:    0.20
      Required ratio:    0.00 (Cumulative area) 

    Layer: Metal2
      Partial area ratio:    1.32
      Required ratio:    0.00 (Gate area) 
      Cumulative area ratio:    1.32
      Required ratio:  200.00 (Cumulative area) 
      Partial area ratio:    6.64
      Required ratio:    0.00 (Side area) 
      Cumulative area ratio:    6.64
      Required ratio:    0.00 (Cumulative side area) 

    Layer: Via2
      Partial area ratio:    0.32
      Required ratio:   20.00 (Gate area) 
      Cumulative area ratio:    0.52
      Required ratio:    0.00 (Cumulative area) 

    Layer: Metal3
      Partial area ratio:    0.51
      Required ratio:    0.00 (Gate area) 
      Cumulative area ratio:    1.83
      Required ratio:  200.00 (Cumulative area) 
      Partial area ratio:    3.04
      Required ratio:    0.00 (Side area) 
      Cumulative area ratio:    9.68
      Required ratio:    0.00 (Cumulative side area) 

    Layer: Via3
      Partial area ratio:    0.20
      Required ratio:   20.00 (Gate area) 
      Cumulative area ratio:    0.72
      Required ratio:    0.00 (Cumulative area) 

    Layer: Metal4
      Partial area ratio:   74.63
      Required ratio:    0.00 (Gate area) 
      Cumulative area ratio:   76.46
      Required ratio:  200.00 (Cumulative area) 
      Partial area ratio:  336.49
      Required ratio:    0.00 (Side area) 
      Cumulative area ratio:  346.17
      Required ratio:    0.00 (Cumulative side area) 

    Layer: Via4
      Partial area ratio:    0.07
      Required ratio:   20.00 (Gate area) 
      Cumulative area ratio:    0.79
      Required ratio:    0.00 (Cumulative area) 

    Layer: Metal5
      Partial area ratio:  137.63
      Required ratio:    0.00 (Gate area) 
      Cumulative area ratio:  214.09
      Required ratio: 14172.00 (Cumulative area) 
      Partial area ratio:  619.81
      Required ratio:    0.00 (Side area) 
      Cumulative area ratio:  965.98
      Required ratio:    0.00 (Cumulative side area) 


  Pin:   fanout1133/A (sg13g2_buf_1)
    Layer: Via1
      Partial area ratio:    0.20
      Required ratio:   20.00 (Gate area) 
      Cumulative area ratio:    0.20
      Required ratio:    0.00 (Cumulative area) 

    Layer: Metal2
      Partial area ratio:   34.29
      Required ratio:    0.00 (Gate area) 
      Cumulative area ratio:   34.29
      Required ratio:  200.00 (Cumulative area) 
      Partial area ratio:  155.21
      Required ratio:    0.00 (Side area) 
      Cumulative area ratio:  155.21
      Required ratio:    0.00 (Cumulative side area) 

    Layer: Via2
      Partial area ratio:    0.60
      Required ratio:   20.00 (Gate area) 
      Cumulative area ratio:    0.80
      Required ratio:    0.00 (Cumulative area) 

    Layer: Metal3
      Partial area ratio:  112.38
      Required ratio:    0.00 (Gate area) 
      Cumulative area ratio:  146.67
      Required ratio:  200.00 (Cumulative area) 
      Partial area ratio:  508.20
      Required ratio:    0.00 (Side area) 
      Cumulative area ratio:  663.41
      Required ratio:    0.00 (Cumulative side area) 

    Layer: Via3
      Partial area ratio:    0.20
      Required ratio:   20.00 (Gate area) 
      Cumulative area ratio:    1.00
      Required ratio:    0.00 (Cumulative area) 

    Layer: Metal4
      Partial area ratio:   74.63
      Required ratio:    0.00 (Gate area) 
      Cumulative area ratio:  221.30
      Required ratio:  200.00 (Cumulative area) (VIOLATED)
      Partial area ratio:  336.49
      Required ratio:    0.00 (Side area) 
      Cumulative area ratio:  999.90
      Required ratio:    0.00 (Cumulative side area) 

    Layer: Via4
      Partial area ratio:    0.07
      Required ratio:   20.00 (Gate area) 
      Cumulative area ratio:    1.07
      Required ratio:    0.00 (Cumulative area) 

    Layer: Metal5
      Partial area ratio:  137.63
      Required ratio:    0.00 (Gate area) 
      Cumulative area ratio:  358.93
      Required ratio: 14172.00 (Cumulative area) 
      Partial area ratio:  619.81
      Required ratio:    0.00 (Side area) 
      Cumulative area ratio: 1619.72
      Required ratio:    0.00 (Cumulative side area) 



Net: net1212
  Pin:   fanout1208/A (sg13g2_buf_1)
    Layer: Via1
      Partial area ratio:    0.20
      Required ratio:   20.00 (Gate area) 
      Cumulative area ratio:    0.20
      Required ratio:    0.00 (Cumulative area) 

    Layer: Metal2
      Partial area ratio:   83.99
      Required ratio:    0.00 (Gate area) 
      Cumulative area ratio:   83.99
      Required ratio: 14172.00 (Cumulative area) 
      Partial area ratio:  378.84
      Required ratio:    0.00 (Side area) 
      Cumulative area ratio:  378.84
      Required ratio:    0.00 (Cumulative side area) 

    Layer: Via2
      Partial area ratio:    0.80
      Required ratio:  354.30 (Gate area) 
      Cumulative area ratio:    1.00
      Required ratio:    0.00 (Cumulative area) 

    Layer: Metal3
      Partial area ratio:   16.75
      Required ratio:    0.00 (Gate area) 
      Cumulative area ratio:  100.73
      Required ratio: 14172.00 (Cumulative area) 
      Partial area ratio:   77.85
      Required ratio:    0.00 (Side area) 
      Cumulative area ratio:  456.69
      Required ratio:    0.00 (Cumulative side area) 

    Layer: Via3
      Partial area ratio:    0.10
      Required ratio:  354.30 (Gate area) 
      Cumulative area ratio:    1.10
      Required ratio:    0.00 (Cumulative area) 

    Layer: Metal4
      Partial area ratio:    0.17
      Required ratio:    0.00 (Gate area) 
      Cumulative area ratio:  100.90
      Required ratio: 14172.00 (Cumulative area) 
      Partial area ratio:    1.25
      Required ratio:    0.00 (Side area) 
      Cumulative area ratio:  457.93
      Required ratio:    0.00 (Cumulative side area) 

    Layer: Via4
      Partial area ratio:    0.10
      Required ratio:  354.30 (Gate area) 
      Cumulative area ratio:    1.20
      Required ratio:    0.00 (Cumulative area) 

    Layer: Metal5
      Partial area ratio:   35.94
      Required ratio:    0.00 (Gate area) 
      Cumulative area ratio:  136.84
      Required ratio: 14172.00 (Cumulative area) 
      Partial area ratio:  161.98
      Required ratio:    0.00 (Side area) 
      Cumulative area ratio:  619.92
      Required ratio:    0.00 (Cumulative side area) 


  Pin:   fanout1209/A (sg13g2_buf_1)
    Layer: Via1
      Partial area ratio:    0.20
      Required ratio:   20.00 (Gate area) 
      Cumulative area ratio:    0.20
      Required ratio:    0.00 (Cumulative area) 

    Layer: Metal2
      Partial area ratio:    4.68
      Required ratio:    0.00 (Gate area) 
      Cumulative area ratio:    4.68
      Required ratio:  200.00 (Cumulative area) 
      Partial area ratio:   22.03
      Required ratio:    0.00 (Side area) 
      Cumulative area ratio:   22.03
      Required ratio:    0.00 (Cumulative side area) 

    Layer: Via2
      Partial area ratio:    0.40
      Required ratio:   20.00 (Gate area) 
      Cumulative area ratio:    0.60
      Required ratio:    0.00 (Cumulative area) 

    Layer: Metal3
      Partial area ratio:    4.47
      Required ratio:    0.00 (Gate area) 
      Cumulative area ratio:    9.16
      Required ratio:  200.00 (Cumulative area) 
      Partial area ratio:   21.62
      Required ratio:    0.00 (Side area) 
      Cumulative area ratio:   43.65
      Required ratio:    0.00 (Cumulative side area) 

    Layer: Via3
      Partial area ratio:    0.10
      Required ratio:   20.00 (Gate area) 
      Cumulative area ratio:    0.70
      Required ratio:    0.00 (Cumulative area) 

    Layer: Metal4
      Partial area ratio:    0.17
      Required ratio:    0.00 (Gate area) 
      Cumulative area ratio:    9.33
      Required ratio:  200.00 (Cumulative area) 
      Partial area ratio:    1.25
      Required ratio:    0.00 (Side area) 
      Cumulative area ratio:   44.89
      Required ratio:    0.00 (Cumulative side area) 

    Layer: Via4
      Partial area ratio:    0.10
      Required ratio:   20.00 (Gate area) 
      Cumulative area ratio:    0.80
      Required ratio:    0.00 (Cumulative area) 

    Layer: Metal5
      Partial area ratio:   35.94
      Required ratio:    0.00 (Gate area) 
      Cumulative area ratio:   45.27
      Required ratio: 14172.00 (Cumulative area) 
      Partial area ratio:  161.98
      Required ratio:    0.00 (Side area) 
      Cumulative area ratio:  206.87
      Required ratio:    0.00 (Cumulative side area) 


  Pin:   fanout1210/A (sg13g2_buf_1)
    Layer: Via1
      Partial area ratio:    0.20
      Required ratio:   20.00 (Gate area) 
      Cumulative area ratio:    0.20
      Required ratio:    0.00 (Cumulative area) 

    Layer: Metal2
      Partial area ratio:  136.18
      Required ratio:    0.00 (Gate area) 
      Cumulative area ratio:  136.18
      Required ratio:  200.00 (Cumulative area) 
      Partial area ratio:  613.75
      Required ratio:    0.00 (Side area) 
      Cumulative area ratio:  613.75
      Required ratio:    0.00 (Cumulative side area) 

    Layer: Via2
      Partial area ratio:    0.40
      Required ratio:   20.00 (Gate area) 
      Cumulative area ratio:    0.60
      Required ratio:    0.00 (Cumulative area) 

    Layer: Metal3
      Partial area ratio:   16.75
      Required ratio:    0.00 (Gate area) 
      Cumulative area ratio:  152.93
      Required ratio: 14172.00 (Cumulative area) 
      Partial area ratio:   77.85
      Required ratio:    0.00 (Side area) 
      Cumulative area ratio:  691.60
      Required ratio:    0.00 (Cumulative side area) 

    Layer: Via3
      Partial area ratio:    0.10
      Required ratio:  354.30 (Gate area) 
      Cumulative area ratio:    0.70
      Required ratio:    0.00 (Cumulative area) 

    Layer: Metal4
      Partial area ratio:    0.17
      Required ratio:    0.00 (Gate area) 
      Cumulative area ratio:  153.10
      Required ratio: 14172.00 (Cumulative area) 
      Partial area ratio:    1.25
      Required ratio:    0.00 (Side area) 
      Cumulative area ratio:  692.85
      Required ratio:    0.00 (Cumulative side area) 

    Layer: Via4
      Partial area ratio:    0.10
      Required ratio:  354.30 (Gate area) 
      Cumulative area ratio:    0.80
      Required ratio:    0.00 (Cumulative area) 

    Layer: Metal5
      Partial area ratio:   35.94
      Required ratio:    0.00 (Gate area) 
      Cumulative area ratio:  189.04
      Required ratio: 14172.00 (Cumulative area) 
      Partial area ratio:  161.98
      Required ratio:    0.00 (Side area) 
      Cumulative area ratio:  854.83
      Required ratio:    0.00 (Cumulative side area) 


  Pin:   fanout1211/A (sg13g2_buf_1)
    Layer: Via1
      Partial area ratio:    0.20
      Required ratio:   20.00 (Gate area) 
      Cumulative area ratio:    0.20
      Required ratio:    0.00 (Cumulative area) 

    Layer: Metal2
      Partial area ratio:  216.39
      Required ratio:    0.00 (Gate area) 
      Cumulative area ratio:  216.39
      Required ratio:  200.00 (Cumulative area) (VIOLATED)
      Partial area ratio:  974.72
      Required ratio:    0.00 (Side area) 
      Cumulative area ratio:  974.72
      Required ratio:    0.00 (Cumulative side area) 

    Layer: Via2
      Partial area ratio:    0.40
      Required ratio:   20.00 (Gate area) 
      Cumulative area ratio:    0.60
      Required ratio:    0.00 (Cumulative area) 

    Layer: Metal3
      Partial area ratio:    4.47
      Required ratio:    0.00 (Gate area) 
      Cumulative area ratio:  220.87
      Required ratio:  200.00 (Cumulative area) (VIOLATED)
      Partial area ratio:   21.62
      Required ratio:    0.00 (Side area) 
      Cumulative area ratio:  996.34
      Required ratio:    0.00 (Cumulative side area) 

    Layer: Via3
      Partial area ratio:    0.10
      Required ratio:   20.00 (Gate area) 
      Cumulative area ratio:    0.70
      Required ratio:    0.00 (Cumulative area) 

    Layer: Metal4
      Partial area ratio:    0.17
      Required ratio:    0.00 (Gate area) 
      Cumulative area ratio:  221.04
      Required ratio:  200.00 (Cumulative area) (VIOLATED)
      Partial area ratio:    1.25
      Required ratio:    0.00 (Side area) 
      Cumulative area ratio:  997.58
      Required ratio:    0.00 (Cumulative side area) 

    Layer: Via4
      Partial area ratio:    0.10
      Required ratio:   20.00 (Gate area) 
      Cumulative area ratio:    0.80
      Required ratio:    0.00 (Cumulative area) 

    Layer: Metal5
      Partial area ratio:   35.94
      Required ratio:    0.00 (Gate area) 
      Cumulative area ratio:  256.98
      Required ratio: 14172.00 (Cumulative area) 
      Partial area ratio:  161.98
      Required ratio:    0.00 (Side area) 
      Cumulative area ratio: 1159.56
      Required ratio:    0.00 (Cumulative side area) 



Net: net1213
  Pin:   m.u_conv3.u_weights._25721_/A1 (sg13g2_a21oi_1)
    Layer: Metal1
      Partial area ratio:    0.02
      Required ratio:    0.00 (Gate area) 
      Cumulative area ratio:    0.02
      Required ratio:  200.00 (Cumulative area) 
      Partial area ratio:    1.17
      Required ratio:    0.00 (Side area) 
      Cumulative area ratio:    1.17
      Required ratio:    0.00 (Cumulative side area) 

    Layer: Via1
      Partial area ratio:    0.15
      Required ratio:   20.00 (Gate area) 
      Cumulative area ratio:    0.15
      Required ratio:    0.00 (Cumulative area) 

    Layer: Metal2
      Partial area ratio:    3.81
      Required ratio:    0.00 (Gate area) 
      Cumulative area ratio:    3.83
      Required ratio:  200.00 (Cumulative area) 
      Partial area ratio:   17.84
      Required ratio:    0.00 (Side area) 
      Cumulative area ratio:   19.00
      Required ratio:    0.00 (Cumulative side area) 

    Layer: Via2
      Partial area ratio:    0.30
      Required ratio:   20.00 (Gate area) 
      Cumulative area ratio:    0.45
      Required ratio:    0.00 (Cumulative area) 

    Layer: Metal3
      Partial area ratio:    0.49
      Required ratio:    0.00 (Gate area) 
      Cumulative area ratio:    4.32
      Required ratio:  200.00 (Cumulative area) 
      Partial area ratio:    3.68
      Required ratio:    0.00 (Side area) 
      Cumulative area ratio:   22.69
      Required ratio:    0.00 (Cumulative side area) 

    Layer: Via3
      Partial area ratio:    0.15
      Required ratio:   20.00 (Gate area) 
      Cumulative area ratio:    0.60
      Required ratio:    0.00 (Cumulative area) 

    Layer: Metal4
      Partial area ratio:   12.23
      Required ratio:    0.00 (Gate area) 
      Cumulative area ratio:   16.55
      Required ratio:  200.00 (Cumulative area) 
      Partial area ratio:   55.78
      Required ratio:    0.00 (Side area) 
      Cumulative area ratio:   78.46
      Required ratio:    0.00 (Cumulative side area) 

    Layer: Via4
      Partial area ratio:    0.15
      Required ratio:   20.00 (Gate area) 
      Cumulative area ratio:    0.75
      Required ratio:    0.00 (Cumulative area) 

    Layer: Metal5
      Partial area ratio:  137.25
      Required ratio:    0.00 (Gate area) 
      Cumulative area ratio:  153.80
      Required ratio: 14172.00 (Cumulative area) 
      Partial area ratio:  618.25
      Required ratio:    0.00 (Side area) 
      Cumulative area ratio:  696.72
      Required ratio:    0.00 (Cumulative side area) 


  Pin:   fanout1202/A (sg13g2_buf_1)
    Layer: Via1
      Partial area ratio:    0.20
      Required ratio:   20.00 (Gate area) 
      Cumulative area ratio:    0.20
      Required ratio:    0.00 (Cumulative area) 

    Layer: Metal2
      Partial area ratio:    3.65
      Required ratio:    0.00 (Gate area) 
      Cumulative area ratio:    3.65
      Required ratio: 14172.00 (Cumulative area) 
      Partial area ratio:   17.37
      Required ratio:    0.00 (Side area) 
      Cumulative area ratio:   17.37
      Required ratio:    0.00 (Cumulative side area) 

    Layer: Via2
      Partial area ratio:    0.60
      Required ratio:  354.30 (Gate area) 
      Cumulative area ratio:    0.80
      Required ratio:    0.00 (Cumulative area) 

    Layer: Metal3
      Partial area ratio:    0.98
      Required ratio:    0.00 (Gate area) 
      Cumulative area ratio:    4.63
      Required ratio: 14172.00 (Cumulative area) 
      Partial area ratio:    7.37
      Required ratio:    0.00 (Side area) 
      Cumulative area ratio:   24.74
      Required ratio:    0.00 (Cumulative side area) 

    Layer: Via3
      Partial area ratio:    0.20
      Required ratio:  354.30 (Gate area) 
      Cumulative area ratio:    1.00
      Required ratio:    0.00 (Cumulative area) 

    Layer: Metal4
      Partial area ratio:    0.34
      Required ratio:    0.00 (Gate area) 
      Cumulative area ratio:    4.97
      Required ratio: 14172.00 (Cumulative area) 
      Partial area ratio:    2.49
      Required ratio:    0.00 (Side area) 
      Cumulative area ratio:   27.23
      Required ratio:    0.00 (Cumulative side area) 

    Layer: Via4
      Partial area ratio:    0.20
      Required ratio:  354.30 (Gate area) 
      Cumulative area ratio:    1.20
      Required ratio:    0.00 (Cumulative area) 

    Layer: Metal5
      Partial area ratio:  137.25
      Required ratio:    0.00 (Gate area) 
      Cumulative area ratio:  142.22
      Required ratio: 14172.00 (Cumulative area) 
      Partial area ratio:  618.25
      Required ratio:    0.00 (Side area) 
      Cumulative area ratio:  645.48
      Required ratio:    0.00 (Cumulative side area) 


  Pin:   fanout1205/A (sg13g2_buf_1)
    Layer: Via1
      Partial area ratio:    0.20
      Required ratio:   20.00 (Gate area) 
      Cumulative area ratio:    0.20
      Required ratio:    0.00 (Cumulative area) 

    Layer: Metal2
      Partial area ratio:    7.35
      Required ratio:    0.00 (Gate area) 
      Cumulative area ratio:    7.35
      Required ratio:  200.00 (Cumulative area) 
      Partial area ratio:   34.03
      Required ratio:    0.00 (Side area) 
      Cumulative area ratio:   34.03
      Required ratio:    0.00 (Cumulative side area) 

    Layer: Via2
      Partial area ratio:    0.40
      Required ratio:   20.00 (Gate area) 
      Cumulative area ratio:    0.60
      Required ratio:    0.00 (Cumulative area) 

    Layer: Metal3
      Partial area ratio:    0.66
      Required ratio:    0.00 (Gate area) 
      Cumulative area ratio:    8.01
      Required ratio:  200.00 (Cumulative area) 
      Partial area ratio:    4.93
      Required ratio:    0.00 (Side area) 
      Cumulative area ratio:   38.96
      Required ratio:    0.00 (Cumulative side area) 

    Layer: Via3
      Partial area ratio:    0.20
      Required ratio:   20.00 (Gate area) 
      Cumulative area ratio:    0.80
      Required ratio:    0.00 (Cumulative area) 

    Layer: Metal4
      Partial area ratio:    0.34
      Required ratio:    0.00 (Gate area) 
      Cumulative area ratio:    8.35
      Required ratio:  200.00 (Cumulative area) 
      Partial area ratio:    2.49
      Required ratio:    0.00 (Side area) 
      Cumulative area ratio:   41.45
      Required ratio:    0.00 (Cumulative side area) 

    Layer: Via4
      Partial area ratio:    0.20
      Required ratio:   20.00 (Gate area) 
      Cumulative area ratio:    1.00
      Required ratio:    0.00 (Cumulative area) 

    Layer: Metal5
      Partial area ratio:  137.25
      Required ratio:    0.00 (Gate area) 
      Cumulative area ratio:  145.60
      Required ratio: 14172.00 (Cumulative area) 
      Partial area ratio:  618.25
      Required ratio:    0.00 (Side area) 
      Cumulative area ratio:  659.71
      Required ratio:    0.00 (Cumulative side area) 


  Pin:   fanout1206/A (sg13g2_buf_1)
    Layer: Via1
      Partial area ratio:    0.20
      Required ratio:   20.00 (Gate area) 
      Cumulative area ratio:    0.20
      Required ratio:    0.00 (Cumulative area) 

    Layer: Metal2
      Partial area ratio:    4.42
      Required ratio:    0.00 (Gate area) 
      Cumulative area ratio:    4.42
      Required ratio:  200.00 (Cumulative area) 
      Partial area ratio:   20.85
      Required ratio:    0.00 (Side area) 
      Cumulative area ratio:   20.85
      Required ratio:    0.00 (Cumulative side area) 

    Layer: Via2
      Partial area ratio:    0.40
      Required ratio:   20.00 (Gate area) 
      Cumulative area ratio:    0.60
      Required ratio:    0.00 (Cumulative area) 

    Layer: Metal3
      Partial area ratio:    0.66
      Required ratio:    0.00 (Gate area) 
      Cumulative area ratio:    5.08
      Required ratio:  200.00 (Cumulative area) 
      Partial area ratio:    4.93
      Required ratio:    0.00 (Side area) 
      Cumulative area ratio:   25.78
      Required ratio:    0.00 (Cumulative side area) 

    Layer: Via3
      Partial area ratio:    0.20
      Required ratio:   20.00 (Gate area) 
      Cumulative area ratio:    0.80
      Required ratio:    0.00 (Cumulative area) 

    Layer: Metal4
      Partial area ratio:  223.88
      Required ratio:    0.00 (Gate area) 
      Cumulative area ratio:  228.96
      Required ratio:  200.00 (Cumulative area) (VIOLATED)
      Partial area ratio: 1008.38
      Required ratio:    0.00 (Side area) 
      Cumulative area ratio: 1034.16
      Required ratio:    0.00 (Cumulative side area) 

    Layer: Via4
      Partial area ratio:    0.80
      Required ratio:   20.00 (Gate area) 
      Cumulative area ratio:    1.60
      Required ratio:    0.00 (Cumulative area) 

    Layer: Metal5
      Partial area ratio:  137.25
      Required ratio:    0.00 (Gate area) 
      Cumulative area ratio:  366.21
      Required ratio: 14172.00 (Cumulative area) 
      Partial area ratio:  618.25
      Required ratio:    0.00 (Side area) 
      Cumulative area ratio: 1652.42
      Required ratio:    0.00 (Cumulative side area) 


  Pin:   fanout1207/A (sg13g2_buf_1)
    Layer: Via1
      Partial area ratio:    0.20
      Required ratio:   20.00 (Gate area) 
      Cumulative area ratio:    0.20
      Required ratio:    0.00 (Cumulative area) 

    Layer: Metal2
      Partial area ratio:    4.82
      Required ratio:    0.00 (Gate area) 
      Cumulative area ratio:    4.82
      Required ratio:  200.00 (Cumulative area) 
      Partial area ratio:   22.62
      Required ratio:    0.00 (Side area) 
      Cumulative area ratio:   22.62
      Required ratio:    0.00 (Cumulative side area) 

    Layer: Via2
      Partial area ratio:    0.40
      Required ratio:   20.00 (Gate area) 
      Cumulative area ratio:    0.60
      Required ratio:    0.00 (Cumulative area) 

    Layer: Metal3
      Partial area ratio:    0.66
      Required ratio:    0.00 (Gate area) 
      Cumulative area ratio:    5.47
      Required ratio:  200.00 (Cumulative area) 
      Partial area ratio:    4.93
      Required ratio:    0.00 (Side area) 
      Cumulative area ratio:   27.55
      Required ratio:    0.00 (Cumulative side area) 

    Layer: Via3
      Partial area ratio:    0.20
      Required ratio:   20.00 (Gate area) 
      Cumulative area ratio:    0.80
      Required ratio:    0.00 (Cumulative area) 

    Layer: Metal4
      Partial area ratio:    0.34
      Required ratio:    0.00 (Gate area) 
      Cumulative area ratio:    5.81
      Required ratio:  200.00 (Cumulative area) 
      Partial area ratio:    2.49
      Required ratio:    0.00 (Side area) 
      Cumulative area ratio:   30.04
      Required ratio:    0.00 (Cumulative side area) 

    Layer: Via4
      Partial area ratio:    0.20
      Required ratio:   20.00 (Gate area) 
      Cumulative area ratio:    1.00
      Required ratio:    0.00 (Cumulative area) 

    Layer: Metal5
      Partial area ratio:  137.25
      Required ratio:    0.00 (Gate area) 
      Cumulative area ratio:  143.06
      Required ratio: 14172.00 (Cumulative area) 
      Partial area ratio:  618.25
      Required ratio:    0.00 (Side area) 
      Cumulative area ratio:  648.30
      Required ratio:    0.00 (Cumulative side area) 


  Pin:   fanout1212/A (sg13g2_buf_1)
    Layer: Via1
      Partial area ratio:    0.20
      Required ratio:   20.00 (Gate area) 
      Cumulative area ratio:    0.20
      Required ratio:    0.00 (Cumulative area) 

    Layer: Metal2
      Partial area ratio:    8.28
      Required ratio:    0.00 (Gate area) 
      Cumulative area ratio:    8.28
      Required ratio:  200.00 (Cumulative area) 
      Partial area ratio:   38.22
      Required ratio:    0.00 (Side area) 
      Cumulative area ratio:   38.22
      Required ratio:    0.00 (Cumulative side area) 

    Layer: Via2
      Partial area ratio:    0.40
      Required ratio:   20.00 (Gate area) 
      Cumulative area ratio:    0.60
      Required ratio:    0.00 (Cumulative area) 

    Layer: Metal3
      Partial area ratio:    0.66
      Required ratio:    0.00 (Gate area) 
      Cumulative area ratio:    8.94
      Required ratio:  200.00 (Cumulative area) 
      Partial area ratio:    4.93
      Required ratio:    0.00 (Side area) 
      Cumulative area ratio:   43.15
      Required ratio:    0.00 (Cumulative side area) 

    Layer: Via3
      Partial area ratio:    0.20
      Required ratio:   20.00 (Gate area) 
      Cumulative area ratio:    0.80
      Required ratio:    0.00 (Cumulative area) 

    Layer: Metal4
      Partial area ratio:    0.34
      Required ratio:    0.00 (Gate area) 
      Cumulative area ratio:    9.28
      Required ratio:  200.00 (Cumulative area) 
      Partial area ratio:    2.49
      Required ratio:    0.00 (Side area) 
      Cumulative area ratio:   45.64
      Required ratio:    0.00 (Cumulative side area) 

    Layer: Via4
      Partial area ratio:    0.20
      Required ratio:   20.00 (Gate area) 
      Cumulative area ratio:    1.00
      Required ratio:    0.00 (Cumulative area) 

    Layer: Metal5
      Partial area ratio:  137.25
      Required ratio:    0.00 (Gate area) 
      Cumulative area ratio:  146.53
      Required ratio: 14172.00 (Cumulative area) 
      Partial area ratio:  618.25
      Required ratio:    0.00 (Side area) 
      Cumulative area ratio:  663.89
      Required ratio:    0.00 (Cumulative side area) 



Net: net1215
  Pin:   m.u_conv3._454_/A1 (sg13g2_mux2_1)
    Layer: Metal1
      Partial area ratio:    0.10
      Required ratio:    0.00 (Gate area) 
      Cumulative area ratio:    0.10
      Required ratio:  200.00 (Cumulative area) 
      Partial area ratio:    1.82
      Required ratio:    0.00 (Side area) 
      Cumulative area ratio:    1.82
      Required ratio:    0.00 (Cumulative side area) 

    Layer: Via1
      Partial area ratio:    0.16
      Required ratio:   20.00 (Gate area) 
      Cumulative area ratio:    0.16
      Required ratio:    0.00 (Cumulative area) 

    Layer: Metal2
      Partial area ratio:   49.19
      Required ratio:    0.00 (Gate area) 
      Cumulative area ratio:   49.28
      Required ratio: 14172.00 (Cumulative area) 
      Partial area ratio:  222.08
      Required ratio:    0.00 (Side area) 
      Cumulative area ratio:  223.90
      Required ratio:    0.00 (Cumulative side area) 

    Layer: Via2
      Partial area ratio:    0.48
      Required ratio:  354.30 (Gate area) 
      Cumulative area ratio:    0.64
      Required ratio:    0.00 (Cumulative area) 

    Layer: Metal3
      Partial area ratio:   15.01
      Required ratio:    0.00 (Gate area) 
      Cumulative area ratio:   64.30
      Required ratio: 14172.00 (Cumulative area) 
      Partial area ratio:   68.48
      Required ratio:    0.00 (Side area) 
      Cumulative area ratio:  292.38
      Required ratio:    0.00 (Cumulative side area) 

    Layer: Via3
      Partial area ratio:    0.02
      Required ratio:  354.30 (Gate area) 
      Cumulative area ratio:    0.66
      Required ratio:    0.00 (Cumulative area) 

    Layer: Metal4
      Partial area ratio:    0.03
      Required ratio:    0.00 (Gate area) 
      Cumulative area ratio:   64.33
      Required ratio: 14172.00 (Cumulative area) 
      Partial area ratio:    0.21
      Required ratio:    0.00 (Side area) 
      Cumulative area ratio:  292.58
      Required ratio:    0.00 (Cumulative side area) 

    Layer: Via4
      Partial area ratio:    0.02
      Required ratio:  354.30 (Gate area) 
      Cumulative area ratio:    0.67
      Required ratio:    0.00 (Cumulative area) 

    Layer: Metal5
      Partial area ratio:    3.83
      Required ratio:    0.00 (Gate area) 
      Cumulative area ratio:   68.16
      Required ratio: 14172.00 (Cumulative area) 
      Partial area ratio:   17.30
      Required ratio:    0.00 (Side area) 
      Cumulative area ratio:  309.89
      Required ratio:    0.00 (Cumulative side area) 


  Pin:   m.u_conv3.u_weights._17204_/B (sg13g2_xor2_1)
    Layer: Via1
      Partial area ratio:    0.08
      Required ratio:   20.00 (Gate area) 
      Cumulative area ratio:    0.08
      Required ratio:    0.00 (Cumulative area) 

    Layer: Metal2
      Partial area ratio:   20.34
      Required ratio:    0.00 (Gate area) 
      Cumulative area ratio:   20.34
      Required ratio:  200.00 (Cumulative area) 
      Partial area ratio:   91.91
      Required ratio:    0.00 (Side area) 
      Cumulative area ratio:   91.91
      Required ratio:    0.00 (Cumulative side area) 

    Layer: Via2
      Partial area ratio:    0.24
      Required ratio:   20.00 (Gate area) 
      Cumulative area ratio:    0.33
      Required ratio:    0.00 (Cumulative area) 

    Layer: Metal3
      Partial area ratio:   15.01
      Required ratio:    0.00 (Gate area) 
      Cumulative area ratio:   35.35
      Required ratio: 14172.00 (Cumulative area) 
      Partial area ratio:   68.48
      Required ratio:    0.00 (Side area) 
      Cumulative area ratio:  160.39
      Required ratio:    0.00 (Cumulative side area) 

    Layer: Via3
      Partial area ratio:    0.02
      Required ratio:  354.30 (Gate area) 
      Cumulative area ratio:    0.34
      Required ratio:    0.00 (Cumulative area) 

    Layer: Metal4
      Partial area ratio:    0.03
      Required ratio:    0.00 (Gate area) 
      Cumulative area ratio:   35.38
      Required ratio: 14172.00 (Cumulative area) 
      Partial area ratio:    0.21
      Required ratio:    0.00 (Side area) 
      Cumulative area ratio:  160.60
      Required ratio:    0.00 (Cumulative side area) 

    Layer: Via4
      Partial area ratio:    0.02
      Required ratio:  354.30 (Gate area) 
      Cumulative area ratio:    0.36
      Required ratio:    0.00 (Cumulative area) 

    Layer: Metal5
      Partial area ratio:    3.83
      Required ratio:    0.00 (Gate area) 
      Cumulative area ratio:   39.21
      Required ratio: 14172.00 (Cumulative area) 
      Partial area ratio:   17.30
      Required ratio:    0.00 (Side area) 
      Cumulative area ratio:  177.90
      Required ratio:    0.00 (Cumulative side area) 


  Pin:   m.u_conv3.u_weights._18254_/A (sg13g2_xnor2_1)
    Layer: Via1
      Partial area ratio:    0.08
      Required ratio:   20.00 (Gate area) 
      Cumulative area ratio:    0.08
      Required ratio:    0.00 (Cumulative area) 

    Layer: Metal2
      Partial area ratio:    1.22
      Required ratio:    0.00 (Gate area) 
      Cumulative area ratio:    1.22
      Required ratio:  200.00 (Cumulative area) 
      Partial area ratio:    5.89
      Required ratio:    0.00 (Side area) 
      Cumulative area ratio:    5.89
      Required ratio:    0.00 (Cumulative side area) 

    Layer: Via2
      Partial area ratio:    0.17
      Required ratio:   20.00 (Gate area) 
      Cumulative area ratio:    0.25
      Required ratio:    0.00 (Cumulative area) 

    Layer: Metal3
      Partial area ratio:   15.01
      Required ratio:    0.00 (Gate area) 
      Cumulative area ratio:   16.23
      Required ratio: 14172.00 (Cumulative area) 
      Partial area ratio:   68.48
      Required ratio:    0.00 (Side area) 
      Cumulative area ratio:   74.36
      Required ratio:    0.00 (Cumulative side area) 

    Layer: Via3
      Partial area ratio:    0.02
      Required ratio:  354.30 (Gate area) 
      Cumulative area ratio:    0.27
      Required ratio:    0.00 (Cumulative area) 

    Layer: Metal4
      Partial area ratio:    0.03
      Required ratio:    0.00 (Gate area) 
      Cumulative area ratio:   16.26
      Required ratio: 14172.00 (Cumulative area) 
      Partial area ratio:    0.21
      Required ratio:    0.00 (Side area) 
      Cumulative area ratio:   74.57
      Required ratio:    0.00 (Cumulative side area) 

    Layer: Via4
      Partial area ratio:    0.02
      Required ratio:  354.30 (Gate area) 
      Cumulative area ratio:    0.28
      Required ratio:    0.00 (Cumulative area) 

    Layer: Metal5
      Partial area ratio:    3.83
      Required ratio:    0.00 (Gate area) 
      Cumulative area ratio:   20.09
      Required ratio: 14172.00 (Cumulative area) 
      Partial area ratio:   17.30
      Required ratio:    0.00 (Side area) 
      Cumulative area ratio:   91.88
      Required ratio:    0.00 (Cumulative side area) 


  Pin:   m.u_conv3.u_weights._19230_/A (sg13g2_xnor2_1)
    Layer: Via1
      Partial area ratio:    0.08
      Required ratio:   20.00 (Gate area) 
      Cumulative area ratio:    0.08
      Required ratio:    0.00 (Cumulative area) 

    Layer: Metal2
      Partial area ratio:    1.36
      Required ratio:    0.00 (Gate area) 
      Cumulative area ratio:    1.36
      Required ratio:  200.00 (Cumulative area) 
      Partial area ratio:    6.50
      Required ratio:    0.00 (Side area) 
      Cumulative area ratio:    6.50
      Required ratio:    0.00 (Cumulative side area) 

    Layer: Via2
      Partial area ratio:    0.17
      Required ratio:   20.00 (Gate area) 
      Cumulative area ratio:    0.25
      Required ratio:    0.00 (Cumulative area) 

    Layer: Metal3
      Partial area ratio:   16.86
      Required ratio:    0.00 (Gate area) 
      Cumulative area ratio:   18.21
      Required ratio:  200.00 (Cumulative area) 
      Partial area ratio:   76.67
      Required ratio:    0.00 (Side area) 
      Cumulative area ratio:   83.17
      Required ratio:    0.00 (Cumulative side area) 

    Layer: Via3
      Partial area ratio:    0.08
      Required ratio:   20.00 (Gate area) 
      Cumulative area ratio:    0.33
      Required ratio:    0.00 (Cumulative area) 

    Layer: Metal4
      Partial area ratio:    3.41
      Required ratio:    0.00 (Gate area) 
      Cumulative area ratio:   21.62
      Required ratio:  200.00 (Cumulative area) 
      Partial area ratio:   15.53
      Required ratio:    0.00 (Side area) 
      Cumulative area ratio:   98.70
      Required ratio:    0.00 (Cumulative side area) 

    Layer: Via4
      Partial area ratio:    0.04
      Required ratio:   20.00 (Gate area) 
      Cumulative area ratio:    0.37
      Required ratio:    0.00 (Cumulative area) 

    Layer: Metal5
      Partial area ratio:    3.83
      Required ratio:    0.00 (Gate area) 
      Cumulative area ratio:   25.45
      Required ratio: 14172.00 (Cumulative area) 
      Partial area ratio:   17.30
      Required ratio:    0.00 (Side area) 
      Cumulative area ratio:  116.01
      Required ratio:    0.00 (Cumulative side area) 


  Pin:   m.u_conv3.u_weights._21811_/A (sg13g2_xnor2_1)
    Layer: Via1
      Partial area ratio:    0.08
      Required ratio:   20.00 (Gate area) 
      Cumulative area ratio:    0.08
      Required ratio:    0.00 (Cumulative area) 

    Layer: Metal2
      Partial area ratio:    2.57
      Required ratio:    0.00 (Gate area) 
      Cumulative area ratio:    2.57
      Required ratio:  200.00 (Cumulative area) 
      Partial area ratio:   11.97
      Required ratio:    0.00 (Side area) 
      Cumulative area ratio:   11.97
      Required ratio:    0.00 (Cumulative side area) 

    Layer: Via2
      Partial area ratio:    0.17
      Required ratio:   20.00 (Gate area) 
      Cumulative area ratio:    0.25
      Required ratio:    0.00 (Cumulative area) 

    Layer: Metal3
      Partial area ratio:    0.27
      Required ratio:    0.00 (Gate area) 
      Cumulative area ratio:    2.85
      Required ratio:  200.00 (Cumulative area) 
      Partial area ratio:    2.05
      Required ratio:    0.00 (Side area) 
      Cumulative area ratio:   14.02
      Required ratio:    0.00 (Cumulative side area) 

    Layer: Via3
      Partial area ratio:    0.08
      Required ratio:   20.00 (Gate area) 
      Cumulative area ratio:    0.33
      Required ratio:    0.00 (Cumulative area) 

    Layer: Metal4
      Partial area ratio:    3.41
      Required ratio:    0.00 (Gate area) 
      Cumulative area ratio:    6.25
      Required ratio:  200.00 (Cumulative area) 
      Partial area ratio:   15.53
      Required ratio:    0.00 (Side area) 
      Cumulative area ratio:   29.55
      Required ratio:    0.00 (Cumulative side area) 

    Layer: Via4
      Partial area ratio:    0.04
      Required ratio:   20.00 (Gate area) 
      Cumulative area ratio:    0.37
      Required ratio:    0.00 (Cumulative area) 

    Layer: Metal5
      Partial area ratio:    3.83
      Required ratio:    0.00 (Gate area) 
      Cumulative area ratio:   10.08
      Required ratio: 14172.00 (Cumulative area) 
      Partial area ratio:   17.30
      Required ratio:    0.00 (Side area) 
      Cumulative area ratio:   46.86
      Required ratio:    0.00 (Cumulative side area) 


  Pin:   m.u_conv3.u_weights._26500_/A (sg13g2_xnor2_1)
    Layer: Via1
      Partial area ratio:    0.08
      Required ratio:   20.00 (Gate area) 
      Cumulative area ratio:    0.08
      Required ratio:    0.00 (Cumulative area) 

    Layer: Metal2
      Partial area ratio:    2.05
      Required ratio:    0.00 (Gate area) 
      Cumulative area ratio:    2.05
      Required ratio:  200.00 (Cumulative area) 
      Partial area ratio:    9.63
      Required ratio:    0.00 (Side area) 
      Cumulative area ratio:    9.63
      Required ratio:    0.00 (Cumulative side area) 

    Layer: Via2
      Partial area ratio:    0.17
      Required ratio:   20.00 (Gate area) 
      Cumulative area ratio:    0.25
      Required ratio:    0.00 (Cumulative area) 

    Layer: Metal3
      Partial area ratio:   15.01
      Required ratio:    0.00 (Gate area) 
      Cumulative area ratio:   17.07
      Required ratio: 14172.00 (Cumulative area) 
      Partial area ratio:   68.48
      Required ratio:    0.00 (Side area) 
      Cumulative area ratio:   78.11
      Required ratio:    0.00 (Cumulative side area) 

    Layer: Via3
      Partial area ratio:    0.02
      Required ratio:  354.30 (Gate area) 
      Cumulative area ratio:    0.27
      Required ratio:    0.00 (Cumulative area) 

    Layer: Metal4
      Partial area ratio:    0.03
      Required ratio:    0.00 (Gate area) 
      Cumulative area ratio:   17.09
      Required ratio: 14172.00 (Cumulative area) 
      Partial area ratio:    0.21
      Required ratio:    0.00 (Side area) 
      Cumulative area ratio:   78.32
      Required ratio:    0.00 (Cumulative side area) 

    Layer: Via4
      Partial area ratio:    0.02
      Required ratio:  354.30 (Gate area) 
      Cumulative area ratio:    0.28
      Required ratio:    0.00 (Cumulative area) 

    Layer: Metal5
      Partial area ratio:    3.83
      Required ratio:    0.00 (Gate area) 
      Cumulative area ratio:   20.93
      Required ratio: 14172.00 (Cumulative area) 
      Partial area ratio:   17.30
      Required ratio:    0.00 (Side area) 
      Cumulative area ratio:   95.62
      Required ratio:    0.00 (Cumulative side area) 


  Pin:   m.u_conv3.u_weights._29338_/A (sg13g2_xnor2_1)
    Layer: Via1
      Partial area ratio:    0.08
      Required ratio:   20.00 (Gate area) 
      Cumulative area ratio:    0.08
      Required ratio:    0.00 (Cumulative area) 

    Layer: Metal2
      Partial area ratio:   18.25
      Required ratio:    0.00 (Gate area) 
      Cumulative area ratio:   18.25
      Required ratio:  200.00 (Cumulative area) 
      Partial area ratio:   82.49
      Required ratio:    0.00 (Side area) 
      Cumulative area ratio:   82.49
      Required ratio:    0.00 (Cumulative side area) 

    Layer: Via2
      Partial area ratio:    0.25
      Required ratio:   20.00 (Gate area) 
      Cumulative area ratio:    0.33
      Required ratio:    0.00 (Cumulative area) 

    Layer: Metal3
      Partial area ratio:   15.01
      Required ratio:    0.00 (Gate area) 
      Cumulative area ratio:   33.26
      Required ratio: 14172.00 (Cumulative area) 
      Partial area ratio:   68.48
      Required ratio:    0.00 (Side area) 
      Cumulative area ratio:  150.97
      Required ratio:    0.00 (Cumulative side area) 

    Layer: Via3
      Partial area ratio:    0.02
      Required ratio:  354.30 (Gate area) 
      Cumulative area ratio:    0.35
      Required ratio:    0.00 (Cumulative area) 

    Layer: Metal4
      Partial area ratio:    0.03
      Required ratio:    0.00 (Gate area) 
      Cumulative area ratio:   33.29
      Required ratio: 14172.00 (Cumulative area) 
      Partial area ratio:    0.21
      Required ratio:    0.00 (Side area) 
      Cumulative area ratio:  151.18
      Required ratio:    0.00 (Cumulative side area) 

    Layer: Via4
      Partial area ratio:    0.02
      Required ratio:  354.30 (Gate area) 
      Cumulative area ratio:    0.37
      Required ratio:    0.00 (Cumulative area) 

    Layer: Metal5
      Partial area ratio:    3.83
      Required ratio:    0.00 (Gate area) 
      Cumulative area ratio:   37.12
      Required ratio: 14172.00 (Cumulative area) 
      Partial area ratio:   17.30
      Required ratio:    0.00 (Side area) 
      Cumulative area ratio:  168.48
      Required ratio:    0.00 (Cumulative side area) 


  Pin:   fanout1214/A (sg13g2_buf_1)
    Layer: Via1
      Partial area ratio:    0.20
      Required ratio:   20.00 (Gate area) 
      Cumulative area ratio:    0.20
      Required ratio:    0.00 (Cumulative area) 

    Layer: Metal2
      Partial area ratio:  225.00
      Required ratio:    0.00 (Gate area) 
      Cumulative area ratio:  225.00
      Required ratio:  200.00 (Cumulative area) (VIOLATED)
      Partial area ratio: 1013.45
      Required ratio:    0.00 (Side area) 
      Cumulative area ratio: 1013.45
      Required ratio:    0.00 (Cumulative side area) 

    Layer: Via2
      Partial area ratio:    0.60
      Required ratio:   20.00 (Gate area) 
      Cumulative area ratio:    0.80
      Required ratio:    0.00 (Cumulative area) 

    Layer: Metal3
      Partial area ratio:   15.01
      Required ratio:    0.00 (Gate area) 
      Cumulative area ratio:  240.02
      Required ratio: 14172.00 (Cumulative area) 
      Partial area ratio:   68.48
      Required ratio:    0.00 (Side area) 
      Cumulative area ratio: 1081.93
      Required ratio:    0.00 (Cumulative side area) 

    Layer: Via3
      Partial area ratio:    0.02
      Required ratio:  354.30 (Gate area) 
      Cumulative area ratio:    0.82
      Required ratio:    0.00 (Cumulative area) 

    Layer: Metal4
      Partial area ratio:    0.03
      Required ratio:    0.00 (Gate area) 
      Cumulative area ratio:  240.05
      Required ratio: 14172.00 (Cumulative area) 
      Partial area ratio:    0.21
      Required ratio:    0.00 (Side area) 
      Cumulative area ratio: 1082.14
      Required ratio:    0.00 (Cumulative side area) 

    Layer: Via4
      Partial area ratio:    0.02
      Required ratio:  354.30 (Gate area) 
      Cumulative area ratio:    0.83
      Required ratio:    0.00 (Cumulative area) 

    Layer: Metal5
      Partial area ratio:    3.83
      Required ratio:    0.00 (Gate area) 
      Cumulative area ratio:  243.88
      Required ratio: 14172.00 (Cumulative area) 
      Partial area ratio:   17.30
      Required ratio:    0.00 (Side area) 
      Cumulative area ratio: 1099.44
      Required ratio:    0.00 (Cumulative side area) 



Net: net1250
  Pin:   m.u_conv3.u_weights._30335_/A1 (sg13g2_a21o_1)
    Layer: Via1
      Partial area ratio:    0.17
      Required ratio:   20.00 (Gate area) 
      Cumulative area ratio:    0.17
      Required ratio:    0.00 (Cumulative area) 

    Layer: Metal2
      Partial area ratio:    4.41
      Required ratio:    0.00 (Gate area) 
      Cumulative area ratio:    4.41
      Required ratio:  200.00 (Cumulative area) 
      Partial area ratio:   20.64
      Required ratio:    0.00 (Side area) 
      Cumulative area ratio:   20.64
      Required ratio:    0.00 (Cumulative side area) 

    Layer: Via2
      Partial area ratio:    0.34
      Required ratio:   20.00 (Gate area) 
      Cumulative area ratio:    0.51
      Required ratio:    0.00 (Cumulative area) 

    Layer: Metal3
      Partial area ratio:    0.56
      Required ratio:    0.00 (Gate area) 
      Cumulative area ratio:    4.97
      Required ratio:  200.00 (Cumulative area) 
      Partial area ratio:    4.18
      Required ratio:    0.00 (Side area) 
      Cumulative area ratio:   24.82
      Required ratio:    0.00 (Cumulative side area) 

    Layer: Via3
      Partial area ratio:    0.17
      Required ratio:   20.00 (Gate area) 
      Cumulative area ratio:    0.68
      Required ratio:    0.00 (Cumulative area) 

    Layer: Metal4
      Partial area ratio:  223.25
      Required ratio:    0.00 (Gate area) 
      Cumulative area ratio:  228.22
      Required ratio:  200.00 (Cumulative area) (VIOLATED)
      Partial area ratio: 1005.47
      Required ratio:    0.00 (Side area) 
      Cumulative area ratio: 1030.29
      Required ratio:    0.00 (Cumulative side area) 

    Layer: Via4
      Partial area ratio:    0.17
      Required ratio:   20.00 (Gate area) 
      Cumulative area ratio:    0.85
      Required ratio:    0.00 (Cumulative area) 

    Layer: Metal5
      Partial area ratio:  177.05
      Required ratio:    0.00 (Gate area) 
      Cumulative area ratio:  405.27
      Required ratio: 14172.00 (Cumulative area) 
      Partial area ratio:  797.10
      Required ratio:    0.00 (Side area) 
      Cumulative area ratio: 1827.39
      Required ratio:    0.00 (Cumulative side area) 


  Pin:   fanout1241/A (sg13g2_buf_1)
    Layer: Via1
      Partial area ratio:    0.20
      Required ratio:   20.00 (Gate area) 
      Cumulative area ratio:    0.20
      Required ratio:    0.00 (Cumulative area) 

    Layer: Metal2
      Partial area ratio:   28.62
      Required ratio:    0.00 (Gate area) 
      Cumulative area ratio:   28.62
      Required ratio: 14172.00 (Cumulative area) 
      Partial area ratio:  129.73
      Required ratio:    0.00 (Side area) 
      Cumulative area ratio:  129.73
      Required ratio:    0.00 (Cumulative side area) 

    Layer: Via2
      Partial area ratio:    0.60
      Required ratio:  354.30 (Gate area) 
      Cumulative area ratio:    0.80
      Required ratio:    0.00 (Cumulative area) 

    Layer: Metal3
      Partial area ratio:   32.86
      Required ratio:    0.00 (Gate area) 
      Cumulative area ratio:   61.48
      Required ratio: 14172.00 (Cumulative area) 
      Partial area ratio:  150.81
      Required ratio:    0.00 (Side area) 
      Cumulative area ratio:  280.54
      Required ratio:    0.00 (Cumulative side area) 

    Layer: Via3
      Partial area ratio:    0.20
      Required ratio:  354.30 (Gate area) 
      Cumulative area ratio:    1.00
      Required ratio:    0.00 (Cumulative area) 

    Layer: Metal4
      Partial area ratio:    8.40
      Required ratio:    0.00 (Gate area) 
      Cumulative area ratio:   69.88
      Required ratio: 14172.00 (Cumulative area) 
      Partial area ratio:   38.77
      Required ratio:    0.00 (Side area) 
      Cumulative area ratio:  319.32
      Required ratio:    0.00 (Cumulative side area) 

    Layer: Via4
      Partial area ratio:    0.20
      Required ratio:  354.30 (Gate area) 
      Cumulative area ratio:    1.20
      Required ratio:    0.00 (Cumulative area) 

    Layer: Metal5
      Partial area ratio:  177.05
      Required ratio:    0.00 (Gate area) 
      Cumulative area ratio:  246.92
      Required ratio: 14172.00 (Cumulative area) 
      Partial area ratio:  797.10
      Required ratio:    0.00 (Side area) 
      Cumulative area ratio: 1116.41
      Required ratio:    0.00 (Cumulative side area) 


  Pin:   fanout1243/A (sg13g2_buf_1)
    Layer: Via1
      Partial area ratio:    0.20
      Required ratio:   20.00 (Gate area) 
      Cumulative area ratio:    0.20
      Required ratio:    0.00 (Cumulative area) 

    Layer: Metal2
      Partial area ratio:    4.02
      Required ratio:    0.00 (Gate area) 
      Cumulative area ratio:    4.02
      Required ratio:  200.00 (Cumulative area) 
      Partial area ratio:   19.04
      Required ratio:    0.00 (Side area) 
      Cumulative area ratio:   19.04
      Required ratio:    0.00 (Cumulative side area) 

    Layer: Via2
      Partial area ratio:    0.40
      Required ratio:   20.00 (Gate area) 
      Cumulative area ratio:    0.60
      Required ratio:    0.00 (Cumulative area) 

    Layer: Metal3
      Partial area ratio:    0.66
      Required ratio:    0.00 (Gate area) 
      Cumulative area ratio:    4.68
      Required ratio:  200.00 (Cumulative area) 
      Partial area ratio:    4.93
      Required ratio:    0.00 (Side area) 
      Cumulative area ratio:   23.97
      Required ratio:    0.00 (Cumulative side area) 

    Layer: Via3
      Partial area ratio:    0.20
      Required ratio:   20.00 (Gate area) 
      Cumulative area ratio:    0.80
      Required ratio:    0.00 (Cumulative area) 

    Layer: Metal4
      Partial area ratio:    0.34
      Required ratio:    0.00 (Gate area) 
      Cumulative area ratio:    5.01
      Required ratio:  200.00 (Cumulative area) 
      Partial area ratio:    2.49
      Required ratio:    0.00 (Side area) 
      Cumulative area ratio:   26.46
      Required ratio:    0.00 (Cumulative side area) 

    Layer: Via4
      Partial area ratio:    0.20
      Required ratio:   20.00 (Gate area) 
      Cumulative area ratio:    1.00
      Required ratio:    0.00 (Cumulative area) 

    Layer: Metal5
      Partial area ratio:  177.05
      Required ratio:    0.00 (Gate area) 
      Cumulative area ratio:  182.06
      Required ratio: 14172.00 (Cumulative area) 
      Partial area ratio:  797.10
      Required ratio:    0.00 (Side area) 
      Cumulative area ratio:  823.56
      Required ratio:    0.00 (Cumulative side area) 


  Pin:   fanout1246/A (sg13g2_buf_1)
    Layer: Via1
      Partial area ratio:    0.20
      Required ratio:   20.00 (Gate area) 
      Cumulative area ratio:    0.20
      Required ratio:    0.00 (Cumulative area) 

    Layer: Metal2
      Partial area ratio:    6.69
      Required ratio:    0.00 (Gate area) 
      Cumulative area ratio:    6.69
      Required ratio:  200.00 (Cumulative area) 
      Partial area ratio:   31.07
      Required ratio:    0.00 (Side area) 
      Cumulative area ratio:   31.07
      Required ratio:    0.00 (Cumulative side area) 

    Layer: Via2
      Partial area ratio:    0.40
      Required ratio:   20.00 (Gate area) 
      Cumulative area ratio:    0.60
      Required ratio:    0.00 (Cumulative area) 

    Layer: Metal3
      Partial area ratio:    0.66
      Required ratio:    0.00 (Gate area) 
      Cumulative area ratio:    7.35
      Required ratio:  200.00 (Cumulative area) 
      Partial area ratio:    4.93
      Required ratio:    0.00 (Side area) 
      Cumulative area ratio:   36.00
      Required ratio:    0.00 (Cumulative side area) 

    Layer: Via3
      Partial area ratio:    0.20
      Required ratio:   20.00 (Gate area) 
      Cumulative area ratio:    0.80
      Required ratio:    0.00 (Cumulative area) 

    Layer: Metal4
      Partial area ratio:   48.25
      Required ratio:    0.00 (Gate area) 
      Cumulative area ratio:   55.60
      Required ratio:  200.00 (Cumulative area) 
      Partial area ratio:  218.08
      Required ratio:    0.00 (Side area) 
      Cumulative area ratio:  254.08
      Required ratio:    0.00 (Cumulative side area) 

    Layer: Via4
      Partial area ratio:    0.20
      Required ratio:   20.00 (Gate area) 
      Cumulative area ratio:    1.00
      Required ratio:    0.00 (Cumulative area) 

    Layer: Metal5
      Partial area ratio:  177.05
      Required ratio:    0.00 (Gate area) 
      Cumulative area ratio:  232.64
      Required ratio: 14172.00 (Cumulative area) 
      Partial area ratio:  797.10
      Required ratio:    0.00 (Side area) 
      Cumulative area ratio: 1051.17
      Required ratio:    0.00 (Cumulative side area) 


  Pin:   fanout1249/A (sg13g2_buf_1)
    Layer: Via1
      Partial area ratio:    0.20
      Required ratio:   20.00 (Gate area) 
      Cumulative area ratio:    0.20
      Required ratio:    0.00 (Cumulative area) 

    Layer: Metal2
      Partial area ratio:    4.95
      Required ratio:    0.00 (Gate area) 
      Cumulative area ratio:    4.95
      Required ratio:  200.00 (Cumulative area) 
      Partial area ratio:   23.24
      Required ratio:    0.00 (Side area) 
      Cumulative area ratio:   23.24
      Required ratio:    0.00 (Cumulative side area) 

    Layer: Via2
      Partial area ratio:    0.40
      Required ratio:   20.00 (Gate area) 
      Cumulative area ratio:    0.60
      Required ratio:    0.00 (Cumulative area) 

    Layer: Metal3
      Partial area ratio:    0.66
      Required ratio:    0.00 (Gate area) 
      Cumulative area ratio:    5.61
      Required ratio:  200.00 (Cumulative area) 
      Partial area ratio:    4.93
      Required ratio:    0.00 (Side area) 
      Cumulative area ratio:   28.18
      Required ratio:    0.00 (Cumulative side area) 

    Layer: Via3
      Partial area ratio:    0.20
      Required ratio:   20.00 (Gate area) 
      Cumulative area ratio:    0.80
      Required ratio:    0.00 (Cumulative area) 

    Layer: Metal4
      Partial area ratio:    0.34
      Required ratio:    0.00 (Gate area) 
      Cumulative area ratio:    5.95
      Required ratio:  200.00 (Cumulative area) 
      Partial area ratio:    2.49
      Required ratio:    0.00 (Side area) 
      Cumulative area ratio:   30.67
      Required ratio:    0.00 (Cumulative side area) 

    Layer: Via4
      Partial area ratio:    0.20
      Required ratio:   20.00 (Gate area) 
      Cumulative area ratio:    1.00
      Required ratio:    0.00 (Cumulative area) 

    Layer: Metal5
      Partial area ratio:  177.05
      Required ratio:    0.00 (Gate area) 
      Cumulative area ratio:  183.00
      Required ratio: 14172.00 (Cumulative area) 
      Partial area ratio:  797.10
      Required ratio:    0.00 (Side area) 
      Cumulative area ratio:  827.76
      Required ratio:    0.00 (Cumulative side area) 



Net: net1266
  Pin:   fanout1262/A (sg13g2_buf_1)
    Layer: Via1
      Partial area ratio:    0.20
      Required ratio:   20.00 (Gate area) 
      Cumulative area ratio:    0.20
      Required ratio:    0.00 (Cumulative area) 

    Layer: Metal2
      Partial area ratio:   23.26
      Required ratio:    0.00 (Gate area) 
      Cumulative area ratio:   23.26
      Required ratio:  200.00 (Cumulative area) 
      Partial area ratio:  105.58
      Required ratio:    0.00 (Side area) 
      Cumulative area ratio:  105.58
      Required ratio:    0.00 (Cumulative side area) 

    Layer: Via2
      Partial area ratio:    0.60
      Required ratio:   20.00 (Gate area) 
      Cumulative area ratio:    0.80
      Required ratio:    0.00 (Cumulative area) 

    Layer: Metal3
      Partial area ratio:   25.21
      Required ratio:    0.00 (Gate area) 
      Cumulative area ratio:   48.46
      Required ratio: 14172.00 (Cumulative area) 
      Partial area ratio:  117.39
      Required ratio:    0.00 (Side area) 
      Cumulative area ratio:  222.97
      Required ratio:    0.00 (Cumulative side area) 

    Layer: Via3
      Partial area ratio:    0.20
      Required ratio:  354.30 (Gate area) 
      Cumulative area ratio:    1.00
      Required ratio:    0.00 (Cumulative area) 

    Layer: Metal4
      Partial area ratio:   16.37
      Required ratio:    0.00 (Gate area) 
      Cumulative area ratio:   64.83
      Required ratio: 14172.00 (Cumulative area) 
      Partial area ratio:   74.63
      Required ratio:    0.00 (Side area) 
      Cumulative area ratio:  297.61
      Required ratio:    0.00 (Cumulative side area) 

    Layer: Via4
      Partial area ratio:    0.20
      Required ratio:  354.30 (Gate area) 
      Cumulative area ratio:    1.20
      Required ratio:    0.00 (Cumulative area) 

    Layer: Metal5
      Partial area ratio:   83.84
      Required ratio:    0.00 (Gate area) 
      Cumulative area ratio:  148.67
      Required ratio: 14172.00 (Cumulative area) 
      Partial area ratio:  377.76
      Required ratio:    0.00 (Side area) 
      Cumulative area ratio:  675.36
      Required ratio:    0.00 (Cumulative side area) 


  Pin:   fanout1263/A (sg13g2_buf_1)
    Layer: Via1
      Partial area ratio:    0.20
      Required ratio:   20.00 (Gate area) 
      Cumulative area ratio:    0.20
      Required ratio:    0.00 (Cumulative area) 

    Layer: Metal2
      Partial area ratio:    6.01
      Required ratio:    0.00 (Gate area) 
      Cumulative area ratio:    6.01
      Required ratio:  200.00 (Cumulative area) 
      Partial area ratio:   28.00
      Required ratio:    0.00 (Side area) 
      Cumulative area ratio:   28.00
      Required ratio:    0.00 (Cumulative side area) 

    Layer: Via2
      Partial area ratio:    0.40
      Required ratio:   20.00 (Gate area) 
      Cumulative area ratio:    0.60
      Required ratio:    0.00 (Cumulative area) 

    Layer: Metal3
      Partial area ratio:    0.66
      Required ratio:    0.00 (Gate area) 
      Cumulative area ratio:    6.67
      Required ratio:  200.00 (Cumulative area) 
      Partial area ratio:    4.93
      Required ratio:    0.00 (Side area) 
      Cumulative area ratio:   32.93
      Required ratio:    0.00 (Cumulative side area) 

    Layer: Via3
      Partial area ratio:    0.20
      Required ratio:   20.00 (Gate area) 
      Cumulative area ratio:    0.80
      Required ratio:    0.00 (Cumulative area) 

    Layer: Metal4
      Partial area ratio:  175.86
      Required ratio:    0.00 (Gate area) 
      Cumulative area ratio:  182.53
      Required ratio:  200.00 (Cumulative area) 
      Partial area ratio:  792.32
      Required ratio:    0.00 (Side area) 
      Cumulative area ratio:  825.25
      Required ratio:    0.00 (Cumulative side area) 

    Layer: Via4
      Partial area ratio:    0.40
      Required ratio:   20.00 (Gate area) 
      Cumulative area ratio:    1.20
      Required ratio:    0.00 (Cumulative area) 

    Layer: Metal5
      Partial area ratio:   83.84
      Required ratio:    0.00 (Gate area) 
      Cumulative area ratio:  266.36
      Required ratio: 14172.00 (Cumulative area) 
      Partial area ratio:  377.76
      Required ratio:    0.00 (Side area) 
      Cumulative area ratio: 1203.01
      Required ratio:    0.00 (Cumulative side area) 


  Pin:   fanout1264/A (sg13g2_buf_1)
    Layer: Via1
      Partial area ratio:    0.20
      Required ratio:   20.00 (Gate area) 
      Cumulative area ratio:    0.20
      Required ratio:    0.00 (Cumulative area) 

    Layer: Metal2
      Partial area ratio:    3.63
      Required ratio:    0.00 (Gate area) 
      Cumulative area ratio:    3.63
      Required ratio:  200.00 (Cumulative area) 
      Partial area ratio:   17.27
      Required ratio:    0.00 (Side area) 
      Cumulative area ratio:   17.27
      Required ratio:    0.00 (Cumulative side area) 

    Layer: Via2
      Partial area ratio:    0.40
      Required ratio:   20.00 (Gate area) 
      Cumulative area ratio:    0.60
      Required ratio:    0.00 (Cumulative area) 

    Layer: Metal3
      Partial area ratio:    0.66
      Required ratio:    0.00 (Gate area) 
      Cumulative area ratio:    4.28
      Required ratio:  200.00 (Cumulative area) 
      Partial area ratio:    4.93
      Required ratio:    0.00 (Side area) 
      Cumulative area ratio:   22.20
      Required ratio:    0.00 (Cumulative side area) 

    Layer: Via3
      Partial area ratio:    0.20
      Required ratio:   20.00 (Gate area) 
      Cumulative area ratio:    0.80
      Required ratio:    0.00 (Cumulative area) 

    Layer: Metal4
      Partial area ratio:    0.34
      Required ratio:    0.00 (Gate area) 
      Cumulative area ratio:    4.62
      Required ratio:  200.00 (Cumulative area) 
      Partial area ratio:    2.49
      Required ratio:    0.00 (Side area) 
      Cumulative area ratio:   24.69
      Required ratio:    0.00 (Cumulative side area) 

    Layer: Via4
      Partial area ratio:    0.20
      Required ratio:   20.00 (Gate area) 
      Cumulative area ratio:    1.00
      Required ratio:    0.00 (Cumulative area) 

    Layer: Metal5
      Partial area ratio:   83.84
      Required ratio:    0.00 (Gate area) 
      Cumulative area ratio:   88.46
      Required ratio: 14172.00 (Cumulative area) 
      Partial area ratio:  377.76
      Required ratio:    0.00 (Side area) 
      Cumulative area ratio:  402.44
      Required ratio:    0.00 (Cumulative side area) 


  Pin:   fanout1265/A (sg13g2_buf_1)
    Layer: Via1
      Partial area ratio:    0.20
      Required ratio:   20.00 (Gate area) 
      Cumulative area ratio:    0.20
      Required ratio:    0.00 (Cumulative area) 

    Layer: Metal2
      Partial area ratio:    2.04
      Required ratio:    0.00 (Gate area) 
      Cumulative area ratio:    2.04
      Required ratio:  200.00 (Cumulative area) 
      Partial area ratio:   10.15
      Required ratio:    0.00 (Side area) 
      Cumulative area ratio:   10.15
      Required ratio:    0.00 (Cumulative side area) 

    Layer: Via2
      Partial area ratio:    0.40
      Required ratio:   20.00 (Gate area) 
      Cumulative area ratio:    0.60
      Required ratio:    0.00 (Cumulative area) 

    Layer: Metal3
      Partial area ratio:  128.16
      Required ratio:    0.00 (Gate area) 
      Cumulative area ratio:  130.21
      Required ratio:  200.00 (Cumulative area) 
      Partial area ratio:  578.70
      Required ratio:    0.00 (Side area) 
      Cumulative area ratio:  588.85
      Required ratio:    0.00 (Cumulative side area) 

    Layer: Via3
      Partial area ratio:    0.20
      Required ratio:   20.00 (Gate area) 
      Cumulative area ratio:    0.80
      Required ratio:    0.00 (Cumulative area) 

    Layer: Metal4
      Partial area ratio:   96.06
      Required ratio:    0.00 (Gate area) 
      Cumulative area ratio:  226.26
      Required ratio:  200.00 (Cumulative area) (VIOLATED)
      Partial area ratio:  433.24
      Required ratio:    0.00 (Side area) 
      Cumulative area ratio: 1022.09
      Required ratio:    0.00 (Cumulative side area) 

    Layer: Via4
      Partial area ratio:    0.20
      Required ratio:   20.00 (Gate area) 
      Cumulative area ratio:    1.00
      Required ratio:    0.00 (Cumulative area) 

    Layer: Metal5
      Partial area ratio:   83.84
      Required ratio:    0.00 (Gate area) 
      Cumulative area ratio:  310.10
      Required ratio: 14172.00 (Cumulative area) 
      Partial area ratio:  377.76
      Required ratio:    0.00 (Side area) 
      Cumulative area ratio: 1399.84
      Required ratio:    0.00 (Cumulative side area) 



Net: net1304
  Pin:   m.u_conv3.u_weights._26526_/A1 (sg13g2_a21o_1)
    Layer: Via1
      Partial area ratio:    0.17
      Required ratio:   20.00 (Gate area) 
      Cumulative area ratio:    0.17
      Required ratio:    0.00 (Cumulative area) 

    Layer: Metal2
      Partial area ratio:    2.19
      Required ratio:    0.00 (Gate area) 
      Cumulative area ratio:    2.19
      Required ratio:  200.00 (Cumulative area) 
      Partial area ratio:   10.68
      Required ratio:    0.00 (Side area) 
      Cumulative area ratio:   10.68
      Required ratio:    0.00 (Cumulative side area) 

    Layer: Via2
      Partial area ratio:    0.34
      Required ratio:   20.00 (Gate area) 
      Cumulative area ratio:    0.51
      Required ratio:    0.00 (Cumulative area) 

    Layer: Metal3
      Partial area ratio:    0.56
      Required ratio:    0.00 (Gate area) 
      Cumulative area ratio:    2.75
      Required ratio:  200.00 (Cumulative area) 
      Partial area ratio:    4.18
      Required ratio:    0.00 (Side area) 
      Cumulative area ratio:   14.86
      Required ratio:    0.00 (Cumulative side area) 

    Layer: Via3
      Partial area ratio:    0.17
      Required ratio:   20.00 (Gate area) 
      Cumulative area ratio:    0.68
      Required ratio:    0.00 (Cumulative area) 

    Layer: Metal4
      Partial area ratio:    0.29
      Required ratio:    0.00 (Gate area) 
      Cumulative area ratio:    3.04
      Required ratio:  200.00 (Cumulative area) 
      Partial area ratio:    2.11
      Required ratio:    0.00 (Side area) 
      Cumulative area ratio:   16.97
      Required ratio:    0.00 (Cumulative side area) 

    Layer: Via4
      Partial area ratio:    0.17
      Required ratio:   20.00 (Gate area) 
      Cumulative area ratio:    0.85
      Required ratio:    0.00 (Cumulative area) 

    Layer: Metal5
      Partial area ratio:   76.48
      Required ratio:    0.00 (Gate area) 
      Cumulative area ratio:   79.51
      Required ratio: 14172.00 (Cumulative area) 
      Partial area ratio:  344.52
      Required ratio:    0.00 (Side area) 
      Cumulative area ratio:  361.49
      Required ratio:    0.00 (Cumulative side area) 


  Pin:   m.u_conv3.u_weights._28318_/A (sg13g2_xor2_1)
    Layer: Via1
      Partial area ratio:    0.08
      Required ratio:   20.00 (Gate area) 
      Cumulative area ratio:    0.08
      Required ratio:    0.00 (Cumulative area) 

    Layer: Metal2
      Partial area ratio:    2.87
      Required ratio:    0.00 (Gate area) 
      Cumulative area ratio:    2.87
      Required ratio:  200.00 (Cumulative area) 
      Partial area ratio:   13.30
      Required ratio:    0.00 (Side area) 
      Cumulative area ratio:   13.30
      Required ratio:    0.00 (Cumulative side area) 

    Layer: Via2
      Partial area ratio:    0.16
      Required ratio:   20.00 (Gate area) 
      Cumulative area ratio:    0.24
      Required ratio:    0.00 (Cumulative area) 

    Layer: Metal3
      Partial area ratio:    0.27
      Required ratio:    0.00 (Gate area) 
      Cumulative area ratio:    3.14
      Required ratio:  200.00 (Cumulative area) 
      Partial area ratio:    2.01
      Required ratio:    0.00 (Side area) 
      Cumulative area ratio:   15.31
      Required ratio:    0.00 (Cumulative side area) 

    Layer: Via3
      Partial area ratio:    0.08
      Required ratio:   20.00 (Gate area) 
      Cumulative area ratio:    0.33
      Required ratio:    0.00 (Cumulative area) 

    Layer: Metal4
      Partial area ratio:    0.14
      Required ratio:    0.00 (Gate area) 
      Cumulative area ratio:    3.27
      Required ratio:  200.00 (Cumulative area) 
      Partial area ratio:    1.02
      Required ratio:    0.00 (Side area) 
      Cumulative area ratio:   16.32
      Required ratio:    0.00 (Cumulative side area) 

    Layer: Via4
      Partial area ratio:    0.08
      Required ratio:   20.00 (Gate area) 
      Cumulative area ratio:    0.41
      Required ratio:    0.00 (Cumulative area) 

    Layer: Metal5
      Partial area ratio:   76.48
      Required ratio:    0.00 (Gate area) 
      Cumulative area ratio:   79.75
      Required ratio: 14172.00 (Cumulative area) 
      Partial area ratio:  344.52
      Required ratio:    0.00 (Side area) 
      Cumulative area ratio:  360.85
      Required ratio:    0.00 (Cumulative side area) 


  Pin:   m.u_conv3.u_weights._30537_/A (sg13g2_xnor2_1)
    Layer: Via1
      Partial area ratio:    0.08
      Required ratio:   20.00 (Gate area) 
      Cumulative area ratio:    0.08
      Required ratio:    0.00 (Cumulative area) 

    Layer: Metal2
      Partial area ratio:    2.74
      Required ratio:    0.00 (Gate area) 
      Cumulative area ratio:    2.74
      Required ratio:  200.00 (Cumulative area) 
      Partial area ratio:   12.73
      Required ratio:    0.00 (Side area) 
      Cumulative area ratio:   12.73
      Required ratio:    0.00 (Cumulative side area) 

    Layer: Via2
      Partial area ratio:    0.17
      Required ratio:   20.00 (Gate area) 
      Cumulative area ratio:    0.25
      Required ratio:    0.00 (Cumulative area) 

    Layer: Metal3
      Partial area ratio:    0.27
      Required ratio:    0.00 (Gate area) 
      Cumulative area ratio:    3.01
      Required ratio:  200.00 (Cumulative area) 
      Partial area ratio:    2.05
      Required ratio:    0.00 (Side area) 
      Cumulative area ratio:   14.78
      Required ratio:    0.00 (Cumulative side area) 

    Layer: Via3
      Partial area ratio:    0.08
      Required ratio:   20.00 (Gate area) 
      Cumulative area ratio:    0.33
      Required ratio:    0.00 (Cumulative area) 

    Layer: Metal4
      Partial area ratio:   79.90
      Required ratio:    0.00 (Gate area) 
      Cumulative area ratio:   82.91
      Required ratio: 14172.00 (Cumulative area) 
      Partial area ratio:  360.13
      Required ratio:    0.00 (Side area) 
      Cumulative area ratio:  374.91
      Required ratio:    0.00 (Cumulative side area) 

    Layer: Via4
      Partial area ratio:    0.06
      Required ratio:  354.30 (Gate area) 
      Cumulative area ratio:    0.39
      Required ratio:    0.00 (Cumulative area) 

    Layer: Metal5
      Partial area ratio:   76.48
      Required ratio:    0.00 (Gate area) 
      Cumulative area ratio:  159.39
      Required ratio: 14172.00 (Cumulative area) 
      Partial area ratio:  344.52
      Required ratio:    0.00 (Side area) 
      Cumulative area ratio:  719.43
      Required ratio:    0.00 (Cumulative side area) 


  Pin:   fanout1301/A (sg13g2_buf_1)
    Layer: Via1
      Partial area ratio:    0.20
      Required ratio:   20.00 (Gate area) 
      Cumulative area ratio:    0.20
      Required ratio:    0.00 (Cumulative area) 

    Layer: Metal2
      Partial area ratio:    8.19
      Required ratio:    0.00 (Gate area) 
      Cumulative area ratio:    8.19
      Required ratio: 14172.00 (Cumulative area) 
      Partial area ratio:   37.77
      Required ratio:    0.00 (Side area) 
      Cumulative area ratio:   37.77
      Required ratio:    0.00 (Cumulative side area) 

    Layer: Via2
      Partial area ratio:    0.60
      Required ratio:  354.30 (Gate area) 
      Cumulative area ratio:    0.80
      Required ratio:    0.00 (Cumulative area) 

    Layer: Metal3
      Partial area ratio:    0.98
      Required ratio:    0.00 (Gate area) 
      Cumulative area ratio:    9.17
      Required ratio: 14172.00 (Cumulative area) 
      Partial area ratio:    7.37
      Required ratio:    0.00 (Side area) 
      Cumulative area ratio:   45.14
      Required ratio:    0.00 (Cumulative side area) 

    Layer: Via3
      Partial area ratio:    0.20
      Required ratio:  354.30 (Gate area) 
      Cumulative area ratio:    1.00
      Required ratio:    0.00 (Cumulative area) 

    Layer: Metal4
      Partial area ratio:   79.90
      Required ratio:    0.00 (Gate area) 
      Cumulative area ratio:   89.07
      Required ratio: 14172.00 (Cumulative area) 
      Partial area ratio:  360.13
      Required ratio:    0.00 (Side area) 
      Cumulative area ratio:  405.27
      Required ratio:    0.00 (Cumulative side area) 

    Layer: Via4
      Partial area ratio:    0.06
      Required ratio:  354.30 (Gate area) 
      Cumulative area ratio:    1.06
      Required ratio:    0.00 (Cumulative area) 

    Layer: Metal5
      Partial area ratio:   76.48
      Required ratio:    0.00 (Gate area) 
      Cumulative area ratio:  165.54
      Required ratio: 14172.00 (Cumulative area) 
      Partial area ratio:  344.52
      Required ratio:    0.00 (Side area) 
      Cumulative area ratio:  749.79
      Required ratio:    0.00 (Cumulative side area) 


  Pin:   fanout1303/A (sg13g2_buf_1)
    Layer: Via1
      Partial area ratio:    0.20
      Required ratio:   20.00 (Gate area) 
      Cumulative area ratio:    0.20
      Required ratio:    0.00 (Cumulative area) 

    Layer: Metal2
      Partial area ratio:    3.89
      Required ratio:    0.00 (Gate area) 
      Cumulative area ratio:    3.89
      Required ratio:  200.00 (Cumulative area) 
      Partial area ratio:   18.46
      Required ratio:    0.00 (Side area) 
      Cumulative area ratio:   18.46
      Required ratio:    0.00 (Cumulative side area) 

    Layer: Via2
      Partial area ratio:    0.40
      Required ratio:   20.00 (Gate area) 
      Cumulative area ratio:    0.60
      Required ratio:    0.00 (Cumulative area) 

    Layer: Metal3
      Partial area ratio:    0.66
      Required ratio:    0.00 (Gate area) 
      Cumulative area ratio:    4.55
      Required ratio:  200.00 (Cumulative area) 
      Partial area ratio:    4.93
      Required ratio:    0.00 (Side area) 
      Cumulative area ratio:   23.39
      Required ratio:    0.00 (Cumulative side area) 

    Layer: Via3
      Partial area ratio:    0.20
      Required ratio:   20.00 (Gate area) 
      Cumulative area ratio:    0.80
      Required ratio:    0.00 (Cumulative area) 

    Layer: Metal4
      Partial area ratio:  263.52
      Required ratio:    0.00 (Gate area) 
      Cumulative area ratio:  268.07
      Required ratio:  200.00 (Cumulative area) (VIOLATED)
      Partial area ratio: 1186.78
      Required ratio:    0.00 (Side area) 
      Cumulative area ratio: 1210.18
      Required ratio:    0.00 (Cumulative side area) 

    Layer: Via4
      Partial area ratio:    0.60
      Required ratio:   20.00 (Gate area) 
      Cumulative area ratio:    1.40
      Required ratio:    0.00 (Cumulative area) 

    Layer: Metal5
      Partial area ratio:   76.48
      Required ratio:    0.00 (Gate area) 
      Cumulative area ratio:  344.55
      Required ratio: 14172.00 (Cumulative area) 
      Partial area ratio:  344.52
      Required ratio:    0.00 (Side area) 
      Cumulative area ratio: 1554.70
      Required ratio:    0.00 (Cumulative side area) 



Net: net1359
  Pin:   m.u_conv3.u_weights._23595_/A1 (sg13g2_o21ai_1)
    Layer: Via1
      Partial area ratio:    0.13
      Required ratio:   20.00 (Gate area) 
      Cumulative area ratio:    0.13
      Required ratio:    0.00 (Cumulative area) 

    Layer: Metal2
      Partial area ratio:    3.50
      Required ratio:    0.00 (Gate area) 
      Cumulative area ratio:    3.50
      Required ratio:  200.00 (Cumulative area) 
      Partial area ratio:   16.35
      Required ratio:    0.00 (Side area) 
      Cumulative area ratio:   16.35
      Required ratio:    0.00 (Cumulative side area) 

    Layer: Via2
      Partial area ratio:    0.26
      Required ratio:   20.00 (Gate area) 
      Cumulative area ratio:    0.39
      Required ratio:    0.00 (Cumulative area) 

    Layer: Metal3
      Partial area ratio:    0.43
      Required ratio:    0.00 (Gate area) 
      Cumulative area ratio:    3.92
      Required ratio:  200.00 (Cumulative area) 
      Partial area ratio:    3.19
      Required ratio:    0.00 (Side area) 
      Cumulative area ratio:   19.55
      Required ratio:    0.00 (Cumulative side area) 

    Layer: Via3
      Partial area ratio:    0.13
      Required ratio:   20.00 (Gate area) 
      Cumulative area ratio:    0.52
      Required ratio:    0.00 (Cumulative area) 

    Layer: Metal4
      Partial area ratio:   61.34
      Required ratio:    0.00 (Gate area) 
      Cumulative area ratio:   65.27
      Required ratio:  200.00 (Cumulative area) 
      Partial area ratio:  276.24
      Required ratio:    0.00 (Side area) 
      Cumulative area ratio:  295.79
      Required ratio:    0.00 (Cumulative side area) 

    Layer: Via4
      Partial area ratio:    0.04
      Required ratio:   20.00 (Gate area) 
      Cumulative area ratio:    0.56
      Required ratio:    0.00 (Cumulative area) 

    Layer: Metal5
      Partial area ratio:   33.55
      Required ratio:    0.00 (Gate area) 
      Cumulative area ratio:   98.82
      Required ratio: 14172.00 (Cumulative area) 
      Partial area ratio:  151.16
      Required ratio:    0.00 (Side area) 
      Cumulative area ratio:  446.95
      Required ratio:    0.00 (Cumulative side area) 


  Pin:   m.u_conv3.u_weights._26963_/A (sg13g2_xnor2_1)
    Layer: Via1
      Partial area ratio:    0.08
      Required ratio:   20.00 (Gate area) 
      Cumulative area ratio:    0.08
      Required ratio:    0.00 (Cumulative area) 

    Layer: Metal2
      Partial area ratio:    4.49
      Required ratio:    0.00 (Gate area) 
      Cumulative area ratio:    4.49
      Required ratio:  200.00 (Cumulative area) 
      Partial area ratio:   20.62
      Required ratio:    0.00 (Side area) 
      Cumulative area ratio:   20.62
      Required ratio:    0.00 (Cumulative side area) 

    Layer: Via2
      Partial area ratio:    0.17
      Required ratio:   20.00 (Gate area) 
      Cumulative area ratio:    0.25
      Required ratio:    0.00 (Cumulative area) 

    Layer: Metal3
      Partial area ratio:   13.54
      Required ratio:    0.00 (Gate area) 
      Cumulative area ratio:   18.03
      Required ratio:  200.00 (Cumulative area) 
      Partial area ratio:   61.75
      Required ratio:    0.00 (Side area) 
      Cumulative area ratio:   82.37
      Required ratio:    0.00 (Cumulative side area) 

    Layer: Via3
      Partial area ratio:    0.08
      Required ratio:   20.00 (Gate area) 
      Cumulative area ratio:    0.33
      Required ratio:    0.00 (Cumulative area) 

    Layer: Metal4
      Partial area ratio:   61.34
      Required ratio:    0.00 (Gate area) 
      Cumulative area ratio:   79.38
      Required ratio:  200.00 (Cumulative area) 
      Partial area ratio:  276.24
      Required ratio:    0.00 (Side area) 
      Cumulative area ratio:  358.60
      Required ratio:    0.00 (Cumulative side area) 

    Layer: Via4
      Partial area ratio:    0.04
      Required ratio:   20.00 (Gate area) 
      Cumulative area ratio:    0.37
      Required ratio:    0.00 (Cumulative area) 

    Layer: Metal5
      Partial area ratio:   33.55
      Required ratio:    0.00 (Gate area) 
      Cumulative area ratio:  112.93
      Required ratio: 14172.00 (Cumulative area) 
      Partial area ratio:  151.16
      Required ratio:    0.00 (Side area) 
      Cumulative area ratio:  509.77
      Required ratio:    0.00 (Cumulative side area) 


  Pin:   fanout1355/A (sg13g2_buf_1)
    Layer: Via1
      Partial area ratio:    0.20
      Required ratio:   20.00 (Gate area) 
      Cumulative area ratio:    0.20
      Required ratio:    0.00 (Cumulative area) 

    Layer: Metal2
      Partial area ratio:   14.95
      Required ratio:    0.00 (Gate area) 
      Cumulative area ratio:   14.95
      Required ratio: 14172.00 (Cumulative area) 
      Partial area ratio:   68.22
      Required ratio:    0.00 (Side area) 
      Cumulative area ratio:   68.22
      Required ratio:    0.00 (Cumulative side area) 

    Layer: Via2
      Partial area ratio:    0.60
      Required ratio:  354.30 (Gate area) 
      Cumulative area ratio:    0.80
      Required ratio:    0.00 (Cumulative area) 

    Layer: Metal3
      Partial area ratio:    0.98
      Required ratio:    0.00 (Gate area) 
      Cumulative area ratio:   15.93
      Required ratio: 14172.00 (Cumulative area) 
      Partial area ratio:    7.37
      Required ratio:    0.00 (Side area) 
      Cumulative area ratio:   75.59
      Required ratio:    0.00 (Cumulative side area) 

    Layer: Via3
      Partial area ratio:    0.20
      Required ratio:  354.30 (Gate area) 
      Cumulative area ratio:    1.00
      Required ratio:    0.00 (Cumulative area) 

    Layer: Metal4
      Partial area ratio:    0.34
      Required ratio:    0.00 (Gate area) 
      Cumulative area ratio:   16.27
      Required ratio: 14172.00 (Cumulative area) 
      Partial area ratio:    2.49
      Required ratio:    0.00 (Side area) 
      Cumulative area ratio:   78.08
      Required ratio:    0.00 (Cumulative side area) 

    Layer: Via4
      Partial area ratio:    0.20
      Required ratio:  354.30 (Gate area) 
      Cumulative area ratio:    1.20
      Required ratio:    0.00 (Cumulative area) 

    Layer: Metal5
      Partial area ratio:   33.55
      Required ratio:    0.00 (Gate area) 
      Cumulative area ratio:   49.82
      Required ratio: 14172.00 (Cumulative area) 
      Partial area ratio:  151.16
      Required ratio:    0.00 (Side area) 
      Cumulative area ratio:  229.25
      Required ratio:    0.00 (Cumulative side area) 


  Pin:   fanout1358/A (sg13g2_buf_1)
    Layer: Via1
      Partial area ratio:    0.20
      Required ratio:   20.00 (Gate area) 
      Cumulative area ratio:    0.20
      Required ratio:    0.00 (Cumulative area) 

    Layer: Metal2
      Partial area ratio:    3.63
      Required ratio:    0.00 (Gate area) 
      Cumulative area ratio:    3.63
      Required ratio:  200.00 (Cumulative area) 
      Partial area ratio:   17.27
      Required ratio:    0.00 (Side area) 
      Cumulative area ratio:   17.27
      Required ratio:    0.00 (Cumulative side area) 

    Layer: Via2
      Partial area ratio:    0.40
      Required ratio:   20.00 (Gate area) 
      Cumulative area ratio:    0.60
      Required ratio:    0.00 (Cumulative area) 

    Layer: Metal3
      Partial area ratio:  144.10
      Required ratio:    0.00 (Gate area) 
      Cumulative area ratio:  147.73
      Required ratio:  200.00 (Cumulative area) 
      Partial area ratio:  650.42
      Required ratio:    0.00 (Side area) 
      Cumulative area ratio:  667.69
      Required ratio:    0.00 (Cumulative side area) 

    Layer: Via3
      Partial area ratio:    0.20
      Required ratio:   20.00 (Gate area) 
      Cumulative area ratio:    0.80
      Required ratio:    0.00 (Cumulative area) 

    Layer: Metal4
      Partial area ratio:   61.34
      Required ratio:    0.00 (Gate area) 
      Cumulative area ratio:  209.07
      Required ratio:  200.00 (Cumulative area) (VIOLATED)
      Partial area ratio:  276.24
      Required ratio:    0.00 (Side area) 
      Cumulative area ratio:  943.93
      Required ratio:    0.00 (Cumulative side area) 

    Layer: Via4
      Partial area ratio:    0.04
      Required ratio:   20.00 (Gate area) 
      Cumulative area ratio:    0.84
      Required ratio:    0.00 (Cumulative area) 

    Layer: Metal5
      Partial area ratio:   33.55
      Required ratio:    0.00 (Gate area) 
      Cumulative area ratio:  242.62
      Required ratio: 14172.00 (Cumulative area) 
      Partial area ratio:  151.16
      Required ratio:    0.00 (Side area) 
      Cumulative area ratio: 1095.09
      Required ratio:    0.00 (Cumulative side area) 



Net: net1387
  Pin:   m.u_conv3.u_weights._28867_/A (sg13g2_xnor2_1)
    Layer: Via1
      Partial area ratio:    0.08
      Required ratio:   20.00 (Gate area) 
      Cumulative area ratio:    0.08
      Required ratio:    0.00 (Cumulative area) 

    Layer: Metal2
      Partial area ratio:    1.30
      Required ratio:    0.00 (Gate area) 
      Cumulative area ratio:    1.30
      Required ratio:  200.00 (Cumulative area) 
      Partial area ratio:    6.25
      Required ratio:    0.00 (Side area) 
      Cumulative area ratio:    6.25
      Required ratio:    0.00 (Cumulative side area) 

    Layer: Via2
      Partial area ratio:    0.17
      Required ratio:   20.00 (Gate area) 
      Cumulative area ratio:    0.25
      Required ratio:    0.00 (Cumulative area) 

    Layer: Metal3
      Partial area ratio:    0.27
      Required ratio:    0.00 (Gate area) 
      Cumulative area ratio:    1.57
      Required ratio:  200.00 (Cumulative area) 
      Partial area ratio:    2.05
      Required ratio:    0.00 (Side area) 
      Cumulative area ratio:    8.30
      Required ratio:    0.00 (Cumulative side area) 

    Layer: Via3
      Partial area ratio:    0.08
      Required ratio:   20.00 (Gate area) 
      Cumulative area ratio:    0.33
      Required ratio:    0.00 (Cumulative area) 

    Layer: Metal4
      Partial area ratio:   13.45
      Required ratio:    0.00 (Gate area) 
      Cumulative area ratio:   15.02
      Required ratio:  200.00 (Cumulative area) 
      Partial area ratio:   60.91
      Required ratio:    0.00 (Side area) 
      Cumulative area ratio:   69.21
      Required ratio:    0.00 (Cumulative side area) 

    Layer: Via4
      Partial area ratio:    0.08
      Required ratio:   20.00 (Gate area) 
      Cumulative area ratio:    0.42
      Required ratio:    0.00 (Cumulative area) 

    Layer: Metal5
      Partial area ratio:   31.09
      Required ratio:    0.00 (Gate area) 
      Cumulative area ratio:   46.11
      Required ratio: 14172.00 (Cumulative area) 
      Partial area ratio:  140.29
      Required ratio:    0.00 (Side area) 
      Cumulative area ratio:  209.49
      Required ratio:    0.00 (Cumulative side area) 


  Pin:   fanout1384/A (sg13g2_buf_1)
    Layer: Via1
      Partial area ratio:    0.20
      Required ratio:   20.00 (Gate area) 
      Cumulative area ratio:    0.20
      Required ratio:    0.00 (Cumulative area) 

    Layer: Metal2
      Partial area ratio:   14.52
      Required ratio:    0.00 (Gate area) 
      Cumulative area ratio:   14.52
      Required ratio: 14172.00 (Cumulative area) 
      Partial area ratio:   66.23
      Required ratio:    0.00 (Side area) 
      Cumulative area ratio:   66.23
      Required ratio:    0.00 (Cumulative side area) 

    Layer: Via2
      Partial area ratio:    0.80
      Required ratio:  354.30 (Gate area) 
      Cumulative area ratio:    1.00
      Required ratio:    0.00 (Cumulative area) 

    Layer: Metal3
      Partial area ratio:    1.32
      Required ratio:    0.00 (Gate area) 
      Cumulative area ratio:   15.83
      Required ratio: 14172.00 (Cumulative area) 
      Partial area ratio:    9.86
      Required ratio:    0.00 (Side area) 
      Cumulative area ratio:   76.09
      Required ratio:    0.00 (Cumulative side area) 

    Layer: Via3
      Partial area ratio:    0.40
      Required ratio:  354.30 (Gate area) 
      Cumulative area ratio:    1.40
      Required ratio:    0.00 (Cumulative area) 

    Layer: Metal4
      Partial area ratio:  131.87
      Required ratio:    0.00 (Gate area) 
      Cumulative area ratio:  147.70
      Required ratio: 14172.00 (Cumulative area) 
      Partial area ratio:  594.39
      Required ratio:    0.00 (Side area) 
      Cumulative area ratio:  670.48
      Required ratio:    0.00 (Cumulative side area) 

    Layer: Via4
      Partial area ratio:    0.10
      Required ratio:  354.30 (Gate area) 
      Cumulative area ratio:    1.50
      Required ratio:    0.00 (Cumulative area) 

    Layer: Metal5
      Partial area ratio:   31.09
      Required ratio:    0.00 (Gate area) 
      Cumulative area ratio:  178.79
      Required ratio: 14172.00 (Cumulative area) 
      Partial area ratio:  140.29
      Required ratio:    0.00 (Side area) 
      Cumulative area ratio:  810.77
      Required ratio:    0.00 (Cumulative side area) 


  Pin:   fanout1385/A (sg13g2_buf_1)
    Layer: Via1
      Partial area ratio:    0.20
      Required ratio:   20.00 (Gate area) 
      Cumulative area ratio:    0.20
      Required ratio:    0.00 (Cumulative area) 

    Layer: Metal2
      Partial area ratio:   26.73
      Required ratio:    0.00 (Gate area) 
      Cumulative area ratio:   26.73
      Required ratio:  200.00 (Cumulative area) 
      Partial area ratio:  121.24
      Required ratio:    0.00 (Side area) 
      Cumulative area ratio:  121.24
      Required ratio:    0.00 (Cumulative side area) 

    Layer: Via2
      Partial area ratio:    0.40
      Required ratio:   20.00 (Gate area) 
      Cumulative area ratio:    0.60
      Required ratio:    0.00 (Cumulative area) 

    Layer: Metal3
      Partial area ratio:    8.64
      Required ratio:    0.00 (Gate area) 
      Cumulative area ratio:   35.37
      Required ratio:  200.00 (Cumulative area) 
      Partial area ratio:   40.84
      Required ratio:    0.00 (Side area) 
      Cumulative area ratio:  162.08
      Required ratio:    0.00 (Cumulative side area) 

    Layer: Via3
      Partial area ratio:    0.40
      Required ratio:   20.00 (Gate area) 
      Cumulative area ratio:    1.00
      Required ratio:    0.00 (Cumulative area) 

    Layer: Metal4
      Partial area ratio:  199.99
      Required ratio:    0.00 (Gate area) 
      Cumulative area ratio:  235.37
      Required ratio:  200.00 (Cumulative area) (VIOLATED)
      Partial area ratio:  901.92
      Required ratio:    0.00 (Side area) 
      Cumulative area ratio: 1064.00
      Required ratio:    0.00 (Cumulative side area) 

    Layer: Via4
      Partial area ratio:    0.40
      Required ratio:   20.00 (Gate area) 
      Cumulative area ratio:    1.40
      Required ratio:    0.00 (Cumulative area) 

    Layer: Metal5
      Partial area ratio:   31.09
      Required ratio:    0.00 (Gate area) 
      Cumulative area ratio:  266.46
      Required ratio: 14172.00 (Cumulative area) 
      Partial area ratio:  140.29
      Required ratio:    0.00 (Side area) 
      Cumulative area ratio: 1204.28
      Required ratio:    0.00 (Cumulative side area) 


  Pin:   fanout1386/A (sg13g2_buf_1)
    Layer: Via1
      Partial area ratio:    0.20
      Required ratio:   20.00 (Gate area) 
      Cumulative area ratio:    0.20
      Required ratio:    0.00 (Cumulative area) 

    Layer: Metal2
      Partial area ratio:    0.98
      Required ratio:    0.00 (Gate area) 
      Cumulative area ratio:    0.98
      Required ratio:  200.00 (Cumulative area) 
      Partial area ratio:    5.34
      Required ratio:    0.00 (Side area) 
      Cumulative area ratio:    5.34
      Required ratio:    0.00 (Cumulative side area) 

    Layer: Via2
      Partial area ratio:    0.40
      Required ratio:   20.00 (Gate area) 
      Cumulative area ratio:    0.60
      Required ratio:    0.00 (Cumulative area) 

    Layer: Metal3
      Partial area ratio:   80.35
      Required ratio:    0.00 (Gate area) 
      Cumulative area ratio:   81.32
      Required ratio:  200.00 (Cumulative area) 
      Partial area ratio:  363.54
      Required ratio:    0.00 (Side area) 
      Cumulative area ratio:  368.88
      Required ratio:    0.00 (Cumulative side area) 

    Layer: Via3
      Partial area ratio:    0.20
      Required ratio:   20.00 (Gate area) 
      Cumulative area ratio:    0.80
      Required ratio:    0.00 (Cumulative area) 

    Layer: Metal4
      Partial area ratio:  131.87
      Required ratio:    0.00 (Gate area) 
      Cumulative area ratio:  213.19
      Required ratio: 14172.00 (Cumulative area) 
      Partial area ratio:  594.39
      Required ratio:    0.00 (Side area) 
      Cumulative area ratio:  963.26
      Required ratio:    0.00 (Cumulative side area) 

    Layer: Via4
      Partial area ratio:    0.10
      Required ratio:  354.30 (Gate area) 
      Cumulative area ratio:    0.90
      Required ratio:    0.00 (Cumulative area) 

    Layer: Metal5
      Partial area ratio:   31.09
      Required ratio:    0.00 (Gate area) 
      Cumulative area ratio:  244.28
      Required ratio: 14172.00 (Cumulative area) 
      Partial area ratio:  140.29
      Required ratio:    0.00 (Side area) 
      Cumulative area ratio: 1103.55
      Required ratio:    0.00 (Cumulative side area) 



Net: net1412
  Pin:   m.u_conv3.u_weights._29799_/A (sg13g2_nor2_1)
    Layer: Via1
      Partial area ratio:    0.15
      Required ratio:   20.00 (Gate area) 
      Cumulative area ratio:    0.15
      Required ratio:    0.00 (Cumulative area) 

    Layer: Metal2
      Partial area ratio:    4.23
      Required ratio:    0.00 (Gate area) 
      Cumulative area ratio:    4.23
      Required ratio:  200.00 (Cumulative area) 
      Partial area ratio:   19.73
      Required ratio:    0.00 (Side area) 
      Cumulative area ratio:   19.73
      Required ratio:    0.00 (Cumulative side area) 

    Layer: Via2
      Partial area ratio:    0.30
      Required ratio:   20.00 (Gate area) 
      Cumulative area ratio:    0.45
      Required ratio:    0.00 (Cumulative area) 

    Layer: Metal3
      Partial area ratio:    0.49
      Required ratio:    0.00 (Gate area) 
      Cumulative area ratio:    4.72
      Required ratio:  200.00 (Cumulative area) 
      Partial area ratio:    3.68
      Required ratio:    0.00 (Side area) 
      Cumulative area ratio:   23.41
      Required ratio:    0.00 (Cumulative side area) 

    Layer: Via3
      Partial area ratio:    0.15
      Required ratio:   20.00 (Gate area) 
      Cumulative area ratio:    0.60
      Required ratio:    0.00 (Cumulative area) 

    Layer: Metal4
      Partial area ratio:    0.25
      Required ratio:    0.00 (Gate area) 
      Cumulative area ratio:    4.97
      Required ratio:  200.00 (Cumulative area) 
      Partial area ratio:    1.86
      Required ratio:    0.00 (Side area) 
      Cumulative area ratio:   25.27
      Required ratio:    0.00 (Cumulative side area) 

    Layer: Via4
      Partial area ratio:    0.15
      Required ratio:   20.00 (Gate area) 
      Cumulative area ratio:    0.75
      Required ratio:    0.00 (Cumulative area) 

    Layer: Metal5
      Partial area ratio:   42.32
      Required ratio:    0.00 (Gate area) 
      Cumulative area ratio:   47.29
      Required ratio: 14172.00 (Cumulative area) 
      Partial area ratio:  190.69
      Required ratio:    0.00 (Side area) 
      Cumulative area ratio:  215.96
      Required ratio:    0.00 (Cumulative side area) 


  Pin:   fanout1409/A (sg13g2_buf_1)
    Layer: Via1
      Partial area ratio:    0.20
      Required ratio:   20.00 (Gate area) 
      Cumulative area ratio:    0.20
      Required ratio:    0.00 (Cumulative area) 

    Layer: Metal2
      Partial area ratio:    4.56
      Required ratio:    0.00 (Gate area) 
      Cumulative area ratio:    4.56
      Required ratio:  200.00 (Cumulative area) 
      Partial area ratio:   21.45
      Required ratio:    0.00 (Side area) 
      Cumulative area ratio:   21.45
      Required ratio:    0.00 (Cumulative side area) 

    Layer: Via2
      Partial area ratio:    0.40
      Required ratio:   20.00 (Gate area) 
      Cumulative area ratio:    0.60
      Required ratio:    0.00 (Cumulative area) 

    Layer: Metal3
      Partial area ratio:   17.24
      Required ratio:    0.00 (Gate area) 
      Cumulative area ratio:   21.79
      Required ratio: 14172.00 (Cumulative area) 
      Partial area ratio:   81.53
      Required ratio:    0.00 (Side area) 
      Cumulative area ratio:  102.98
      Required ratio:    0.00 (Cumulative side area) 

    Layer: Via3
      Partial area ratio:    0.20
      Required ratio:  354.30 (Gate area) 
      Cumulative area ratio:    0.80
      Required ratio:    0.00 (Cumulative area) 

    Layer: Metal4
      Partial area ratio:    5.46
      Required ratio:    0.00 (Gate area) 
      Cumulative area ratio:   27.25
      Required ratio: 14172.00 (Cumulative area) 
      Partial area ratio:   24.88
      Required ratio:    0.00 (Side area) 
      Cumulative area ratio:  127.86
      Required ratio:    0.00 (Cumulative side area) 

    Layer: Via4
      Partial area ratio:    0.07
      Required ratio:  354.30 (Gate area) 
      Cumulative area ratio:    0.87
      Required ratio:    0.00 (Cumulative area) 

    Layer: Metal5
      Partial area ratio:   42.32
      Required ratio:    0.00 (Gate area) 
      Cumulative area ratio:   69.57
      Required ratio: 14172.00 (Cumulative area) 
      Partial area ratio:  190.69
      Required ratio:    0.00 (Side area) 
      Cumulative area ratio:  318.55
      Required ratio:    0.00 (Cumulative side area) 


  Pin:   fanout1410/A (sg13g2_buf_1)
    Layer: Via1
      Partial area ratio:    0.20
      Required ratio:   20.00 (Gate area) 
      Cumulative area ratio:    0.20
      Required ratio:    0.00 (Cumulative area) 

    Layer: Metal2
      Partial area ratio:  187.29
      Required ratio:    0.00 (Gate area) 
      Cumulative area ratio:  187.29
      Required ratio:  200.00 (Cumulative area) 
      Partial area ratio:  843.73
      Required ratio:    0.00 (Side area) 
      Cumulative area ratio:  843.73
      Required ratio:    0.00 (Cumulative side area) 

    Layer: Via2
      Partial area ratio:    0.60
      Required ratio:   20.00 (Gate area) 
      Cumulative area ratio:    0.80
      Required ratio:    0.00 (Cumulative area) 

    Layer: Metal3
      Partial area ratio:   76.52
      Required ratio:    0.00 (Gate area) 
      Cumulative area ratio:  263.80
      Required ratio:  200.00 (Cumulative area) (VIOLATED)
      Partial area ratio:  346.80
      Required ratio:    0.00 (Side area) 
      Cumulative area ratio: 1190.53
      Required ratio:    0.00 (Cumulative side area) 

    Layer: Via3
      Partial area ratio:    0.10
      Required ratio:   20.00 (Gate area) 
      Cumulative area ratio:    0.90
      Required ratio:    0.00 (Cumulative area) 

    Layer: Metal4
      Partial area ratio:    5.46
      Required ratio:    0.00 (Gate area) 
      Cumulative area ratio:  269.26
      Required ratio: 14172.00 (Cumulative area) 
      Partial area ratio:   24.88
      Required ratio:    0.00 (Side area) 
      Cumulative area ratio: 1215.41
      Required ratio:    0.00 (Cumulative side area) 

    Layer: Via4
      Partial area ratio:    0.07
      Required ratio:  354.30 (Gate area) 
      Cumulative area ratio:    0.97
      Required ratio:    0.00 (Cumulative area) 

    Layer: Metal5
      Partial area ratio:   42.32
      Required ratio:    0.00 (Gate area) 
      Cumulative area ratio:  311.59
      Required ratio: 14172.00 (Cumulative area) 
      Partial area ratio:  190.69
      Required ratio:    0.00 (Side area) 
      Cumulative area ratio: 1406.10
      Required ratio:    0.00 (Cumulative side area) 


  Pin:   fanout1411/A (sg13g2_buf_1)
    Layer: Via1
      Partial area ratio:    0.20
      Required ratio:   20.00 (Gate area) 
      Cumulative area ratio:    0.20
      Required ratio:    0.00 (Cumulative area) 

    Layer: Metal2
      Partial area ratio:    2.29
      Required ratio:    0.00 (Gate area) 
      Cumulative area ratio:    2.29
      Required ratio:  200.00 (Cumulative area) 
      Partial area ratio:   11.27
      Required ratio:    0.00 (Side area) 
      Cumulative area ratio:   11.27
      Required ratio:    0.00 (Cumulative side area) 

    Layer: Via2
      Partial area ratio:    0.40
      Required ratio:   20.00 (Gate area) 
      Cumulative area ratio:    0.60
      Required ratio:    0.00 (Cumulative area) 

    Layer: Metal3
      Partial area ratio:   76.52
      Required ratio:    0.00 (Gate area) 
      Cumulative area ratio:   78.81
      Required ratio:  200.00 (Cumulative area) 
      Partial area ratio:  346.80
      Required ratio:    0.00 (Side area) 
      Cumulative area ratio:  358.07
      Required ratio:    0.00 (Cumulative side area) 

    Layer: Via3
      Partial area ratio:    0.10
      Required ratio:   20.00 (Gate area) 
      Cumulative area ratio:    0.70
      Required ratio:    0.00 (Cumulative area) 

    Layer: Metal4
      Partial area ratio:    5.46
      Required ratio:    0.00 (Gate area) 
      Cumulative area ratio:   84.27
      Required ratio: 14172.00 (Cumulative area) 
      Partial area ratio:   24.88
      Required ratio:    0.00 (Side area) 
      Cumulative area ratio:  382.95
      Required ratio:    0.00 (Cumulative side area) 

    Layer: Via4
      Partial area ratio:    0.07
      Required ratio:  354.30 (Gate area) 
      Cumulative area ratio:    0.77
      Required ratio:    0.00 (Cumulative area) 

    Layer: Metal5
      Partial area ratio:   42.32
      Required ratio:    0.00 (Gate area) 
      Cumulative area ratio:  126.59
      Required ratio: 14172.00 (Cumulative area) 
      Partial area ratio:  190.69
      Required ratio:    0.00 (Side area) 
      Cumulative area ratio:  573.64
      Required ratio:    0.00 (Cumulative side area) 



Net: net1475
  Pin:   m.u_conv3.u_weights._20343_/B (sg13g2_xnor2_1)
    Layer: Metal1
      Partial area ratio:    0.06
      Required ratio:    0.00 (Gate area) 
      Cumulative area ratio:    0.06
      Required ratio:  200.00 (Cumulative area) 
      Partial area ratio:    0.92
      Required ratio:    0.00 (Side area) 
      Cumulative area ratio:    0.92
      Required ratio:    0.00 (Cumulative side area) 

    Layer: Via1
      Partial area ratio:    0.08
      Required ratio:   20.00 (Gate area) 
      Cumulative area ratio:    0.08
      Required ratio:    0.00 (Cumulative area) 

    Layer: Metal2
      Partial area ratio:    4.32
      Required ratio:    0.00 (Gate area) 
      Cumulative area ratio:    4.37
      Required ratio:  200.00 (Cumulative area) 
      Partial area ratio:   19.82
      Required ratio:    0.00 (Side area) 
      Cumulative area ratio:   20.74
      Required ratio:    0.00 (Cumulative side area) 

    Layer: Via2
      Partial area ratio:    0.25
      Required ratio:   20.00 (Gate area) 
      Cumulative area ratio:    0.33
      Required ratio:    0.00 (Cumulative area) 

    Layer: Metal3
      Partial area ratio:   16.92
      Required ratio:    0.00 (Gate area) 
      Cumulative area ratio:   21.29
      Required ratio:  200.00 (Cumulative area) 
      Partial area ratio:   77.17
      Required ratio:    0.00 (Side area) 
      Cumulative area ratio:   97.91
      Required ratio:    0.00 (Cumulative side area) 

    Layer: Via3
      Partial area ratio:    0.04
      Required ratio:   20.00 (Gate area) 
      Cumulative area ratio:    0.37
      Required ratio:    0.00 (Cumulative area) 

    Layer: Metal4
      Partial area ratio:    4.48
      Required ratio:    0.00 (Gate area) 
      Cumulative area ratio:   25.77
      Required ratio:  200.00 (Cumulative area) 
      Partial area ratio:   20.30
      Required ratio:    0.00 (Side area) 
      Cumulative area ratio:  118.21
      Required ratio:    0.00 (Cumulative side area) 

    Layer: Via4
      Partial area ratio:    0.03
      Required ratio:   20.00 (Gate area) 
      Cumulative area ratio:    0.40
      Required ratio:    0.00 (Cumulative area) 

    Layer: Metal5
      Partial area ratio:   17.99
      Required ratio:    0.00 (Gate area) 
      Cumulative area ratio:   43.76
      Required ratio: 14172.00 (Cumulative area) 
      Partial area ratio:   81.03
      Required ratio:    0.00 (Side area) 
      Cumulative area ratio:  199.25
      Required ratio:    0.00 (Cumulative side area) 


  Pin:   m.u_conv3.u_weights._28194_/A (sg13g2_xnor2_1)
    Layer: Via1
      Partial area ratio:    0.08
      Required ratio:   20.00 (Gate area) 
      Cumulative area ratio:    0.08
      Required ratio:    0.00 (Cumulative area) 

    Layer: Metal2
      Partial area ratio:    0.50
      Required ratio:    0.00 (Gate area) 
      Cumulative area ratio:    0.50
      Required ratio:  200.00 (Cumulative area) 
      Partial area ratio:    2.66
      Required ratio:    0.00 (Side area) 
      Cumulative area ratio:    2.66
      Required ratio:    0.00 (Cumulative side area) 

    Layer: Via2
      Partial area ratio:    0.17
      Required ratio:   20.00 (Gate area) 
      Cumulative area ratio:    0.25
      Required ratio:    0.00 (Cumulative area) 

    Layer: Metal3
      Partial area ratio:    0.27
      Required ratio:    0.00 (Gate area) 
      Cumulative area ratio:    0.78
      Required ratio:  200.00 (Cumulative area) 
      Partial area ratio:    2.05
      Required ratio:    0.00 (Side area) 
      Cumulative area ratio:    4.72
      Required ratio:    0.00 (Cumulative side area) 

    Layer: Via3
      Partial area ratio:    0.08
      Required ratio:   20.00 (Gate area) 
      Cumulative area ratio:    0.33
      Required ratio:    0.00 (Cumulative area) 

    Layer: Metal4
      Partial area ratio:    4.48
      Required ratio:    0.00 (Gate area) 
      Cumulative area ratio:    5.26
      Required ratio:  200.00 (Cumulative area) 
      Partial area ratio:   20.30
      Required ratio:    0.00 (Side area) 
      Cumulative area ratio:   25.02
      Required ratio:    0.00 (Cumulative side area) 

    Layer: Via4
      Partial area ratio:    0.03
      Required ratio:   20.00 (Gate area) 
      Cumulative area ratio:    0.36
      Required ratio:    0.00 (Cumulative area) 

    Layer: Metal5
      Partial area ratio:   17.99
      Required ratio:    0.00 (Gate area) 
      Cumulative area ratio:   23.25
      Required ratio: 14172.00 (Cumulative area) 
      Partial area ratio:   81.03
      Required ratio:    0.00 (Side area) 
      Cumulative area ratio:  106.05
      Required ratio:    0.00 (Cumulative side area) 


  Pin:   m.u_conv3.u_weights._30489_/A (sg13g2_xnor2_1)
    Layer: Via1
      Partial area ratio:    0.08
      Required ratio:   20.00 (Gate area) 
      Cumulative area ratio:    0.08
      Required ratio:    0.00 (Cumulative area) 

    Layer: Metal2
      Partial area ratio:    2.57
      Required ratio:    0.00 (Gate area) 
      Cumulative area ratio:    2.57
      Required ratio:  200.00 (Cumulative area) 
      Partial area ratio:   11.97
      Required ratio:    0.00 (Side area) 
      Cumulative area ratio:   11.97
      Required ratio:    0.00 (Cumulative side area) 

    Layer: Via2
      Partial area ratio:    0.17
      Required ratio:   20.00 (Gate area) 
      Cumulative area ratio:    0.25
      Required ratio:    0.00 (Cumulative area) 

    Layer: Metal3
      Partial area ratio:   16.92
      Required ratio:    0.00 (Gate area) 
      Cumulative area ratio:   19.49
      Required ratio:  200.00 (Cumulative area) 
      Partial area ratio:   77.17
      Required ratio:    0.00 (Side area) 
      Cumulative area ratio:   89.14
      Required ratio:    0.00 (Cumulative side area) 

    Layer: Via3
      Partial area ratio:    0.04
      Required ratio:   20.00 (Gate area) 
      Cumulative area ratio:    0.29
      Required ratio:    0.00 (Cumulative area) 

    Layer: Metal4
      Partial area ratio:    4.48
      Required ratio:    0.00 (Gate area) 
      Cumulative area ratio:   23.97
      Required ratio:  200.00 (Cumulative area) 
      Partial area ratio:   20.30
      Required ratio:    0.00 (Side area) 
      Cumulative area ratio:  109.44
      Required ratio:    0.00 (Cumulative side area) 

    Layer: Via4
      Partial area ratio:    0.03
      Required ratio:   20.00 (Gate area) 
      Cumulative area ratio:    0.32
      Required ratio:    0.00 (Cumulative area) 

    Layer: Metal5
      Partial area ratio:   17.99
      Required ratio:    0.00 (Gate area) 
      Cumulative area ratio:   41.96
      Required ratio: 14172.00 (Cumulative area) 
      Partial area ratio:   81.03
      Required ratio:    0.00 (Side area) 
      Cumulative area ratio:  190.48
      Required ratio:    0.00 (Cumulative side area) 


  Pin:   fanout1472/A (sg13g2_buf_1)
    Layer: Via1
      Partial area ratio:    0.20
      Required ratio:   20.00 (Gate area) 
      Cumulative area ratio:    0.20
      Required ratio:    0.00 (Cumulative area) 

    Layer: Metal2
      Partial area ratio:    5.26
      Required ratio:    0.00 (Gate area) 
      Cumulative area ratio:    5.26
      Required ratio: 14172.00 (Cumulative area) 
      Partial area ratio:   24.59
      Required ratio:    0.00 (Side area) 
      Cumulative area ratio:   24.59
      Required ratio:    0.00 (Cumulative side area) 

    Layer: Via2
      Partial area ratio:    0.60
      Required ratio:  354.30 (Gate area) 
      Cumulative area ratio:    0.80
      Required ratio:    0.00 (Cumulative area) 

    Layer: Metal3
      Partial area ratio:   13.93
      Required ratio:    0.00 (Gate area) 
      Cumulative area ratio:   19.19
      Required ratio: 14172.00 (Cumulative area) 
      Partial area ratio:   64.67
      Required ratio:    0.00 (Side area) 
      Cumulative area ratio:   89.26
      Required ratio:    0.00 (Cumulative side area) 

    Layer: Via3
      Partial area ratio:    0.07
      Required ratio:  354.30 (Gate area) 
      Cumulative area ratio:    0.87
      Required ratio:    0.00 (Cumulative area) 

    Layer: Metal4
      Partial area ratio:    0.11
      Required ratio:    0.00 (Gate area) 
      Cumulative area ratio:   19.30
      Required ratio: 14172.00 (Cumulative area) 
      Partial area ratio:    0.83
      Required ratio:    0.00 (Side area) 
      Cumulative area ratio:   90.09
      Required ratio:    0.00 (Cumulative side area) 

    Layer: Via4
      Partial area ratio:    0.07
      Required ratio:  354.30 (Gate area) 
      Cumulative area ratio:    0.93
      Required ratio:    0.00 (Cumulative area) 

    Layer: Metal5
      Partial area ratio:   17.99
      Required ratio:    0.00 (Gate area) 
      Cumulative area ratio:   37.29
      Required ratio: 14172.00 (Cumulative area) 
      Partial area ratio:   81.03
      Required ratio:    0.00 (Side area) 
      Cumulative area ratio:  171.12
      Required ratio:    0.00 (Cumulative side area) 


  Pin:   fanout1473/A (sg13g2_buf_1)
    Layer: Via1
      Partial area ratio:    0.20
      Required ratio:   20.00 (Gate area) 
      Cumulative area ratio:    0.20
      Required ratio:    0.00 (Cumulative area) 

    Layer: Metal2
      Partial area ratio:    7.61
      Required ratio:    0.00 (Gate area) 
      Cumulative area ratio:    7.61
      Required ratio:  200.00 (Cumulative area) 
      Partial area ratio:   35.20
      Required ratio:    0.00 (Side area) 
      Cumulative area ratio:   35.20
      Required ratio:    0.00 (Cumulative side area) 

    Layer: Via2
      Partial area ratio:    0.40
      Required ratio:   20.00 (Gate area) 
      Cumulative area ratio:    0.60
      Required ratio:    0.00 (Cumulative area) 

    Layer: Metal3
      Partial area ratio:   13.93
      Required ratio:    0.00 (Gate area) 
      Cumulative area ratio:   21.54
      Required ratio: 14172.00 (Cumulative area) 
      Partial area ratio:   64.67
      Required ratio:    0.00 (Side area) 
      Cumulative area ratio:   99.86
      Required ratio:    0.00 (Cumulative side area) 

    Layer: Via3
      Partial area ratio:    0.07
      Required ratio:  354.30 (Gate area) 
      Cumulative area ratio:    0.67
      Required ratio:    0.00 (Cumulative area) 

    Layer: Metal4
      Partial area ratio:    0.11
      Required ratio:    0.00 (Gate area) 
      Cumulative area ratio:   21.65
      Required ratio: 14172.00 (Cumulative area) 
      Partial area ratio:    0.83
      Required ratio:    0.00 (Side area) 
      Cumulative area ratio:  100.69
      Required ratio:    0.00 (Cumulative side area) 

    Layer: Via4
      Partial area ratio:    0.07
      Required ratio:  354.30 (Gate area) 
      Cumulative area ratio:    0.73
      Required ratio:    0.00 (Cumulative area) 

    Layer: Metal5
      Partial area ratio:   17.99
      Required ratio:    0.00 (Gate area) 
      Cumulative area ratio:   39.64
      Required ratio: 14172.00 (Cumulative area) 
      Partial area ratio:   81.03
      Required ratio:    0.00 (Side area) 
      Cumulative area ratio:  181.73
      Required ratio:    0.00 (Cumulative side area) 


  Pin:   fanout1474/A (sg13g2_buf_1)
    Layer: Via1
      Partial area ratio:    0.20
      Required ratio:   20.00 (Gate area) 
      Cumulative area ratio:    0.20
      Required ratio:    0.00 (Cumulative area) 

    Layer: Metal2
      Partial area ratio:  229.78
      Required ratio:    0.00 (Gate area) 
      Cumulative area ratio:  229.78
      Required ratio:  200.00 (Cumulative area) (VIOLATED)
      Partial area ratio: 1034.96
      Required ratio:    0.00 (Side area) 
      Cumulative area ratio: 1034.96
      Required ratio:    0.00 (Cumulative side area) 

    Layer: Via2
      Partial area ratio:    0.60
      Required ratio:   20.00 (Gate area) 
      Cumulative area ratio:    0.80
      Required ratio:    0.00 (Cumulative area) 

    Layer: Metal3
      Partial area ratio:   13.93
      Required ratio:    0.00 (Gate area) 
      Cumulative area ratio:  243.71
      Required ratio: 14172.00 (Cumulative area) 
      Partial area ratio:   64.67
      Required ratio:    0.00 (Side area) 
      Cumulative area ratio: 1099.63
      Required ratio:    0.00 (Cumulative side area) 

    Layer: Via3
      Partial area ratio:    0.07
      Required ratio:  354.30 (Gate area) 
      Cumulative area ratio:    0.87
      Required ratio:    0.00 (Cumulative area) 

    Layer: Metal4
      Partial area ratio:    0.11
      Required ratio:    0.00 (Gate area) 
      Cumulative area ratio:  243.83
      Required ratio: 14172.00 (Cumulative area) 
      Partial area ratio:    0.83
      Required ratio:    0.00 (Side area) 
      Cumulative area ratio: 1100.46
      Required ratio:    0.00 (Cumulative side area) 

    Layer: Via4
      Partial area ratio:    0.07
      Required ratio:  354.30 (Gate area) 
      Cumulative area ratio:    0.93
      Required ratio:    0.00 (Cumulative area) 

    Layer: Metal5
      Partial area ratio:   17.99
      Required ratio:    0.00 (Gate area) 
      Cumulative area ratio:  261.81
      Required ratio: 14172.00 (Cumulative area) 
      Partial area ratio:   81.03
      Required ratio:    0.00 (Side area) 
      Cumulative area ratio: 1181.49
      Required ratio:    0.00 (Cumulative side area) 



Net: net1531
  Pin:   m.u_conv3.u_weights._20827_/A1 (sg13g2_o21ai_1)
    Layer: Via1
      Partial area ratio:    0.13
      Required ratio:   20.00 (Gate area) 
      Cumulative area ratio:    0.13
      Required ratio:    0.00 (Cumulative area) 

    Layer: Metal2
      Partial area ratio:    3.93
      Required ratio:    0.00 (Gate area) 
      Cumulative area ratio:    3.93
      Required ratio:  200.00 (Cumulative area) 
      Partial area ratio:   18.29
      Required ratio:    0.00 (Side area) 
      Cumulative area ratio:   18.29
      Required ratio:    0.00 (Cumulative side area) 

    Layer: Via2
      Partial area ratio:    0.26
      Required ratio:   20.00 (Gate area) 
      Cumulative area ratio:    0.39
      Required ratio:    0.00 (Cumulative area) 

    Layer: Metal3
      Partial area ratio:   21.07
      Required ratio:    0.00 (Gate area) 
      Cumulative area ratio:   25.00
      Required ratio:  200.00 (Cumulative area) 
      Partial area ratio:   96.10
      Required ratio:    0.00 (Side area) 
      Cumulative area ratio:  114.39
      Required ratio:    0.00 (Cumulative side area) 

    Layer: Via3
      Partial area ratio:    0.13
      Required ratio:   20.00 (Gate area) 
      Cumulative area ratio:    0.52
      Required ratio:    0.00 (Cumulative area) 

    Layer: Metal4
      Partial area ratio:   22.32
      Required ratio:    0.00 (Gate area) 
      Cumulative area ratio:   47.32
      Required ratio:  200.00 (Cumulative area) 
      Partial area ratio:  100.68
      Required ratio:    0.00 (Side area) 
      Cumulative area ratio:  215.07
      Required ratio:    0.00 (Cumulative side area) 

    Layer: Via4
      Partial area ratio:    0.05
      Required ratio:   20.00 (Gate area) 
      Cumulative area ratio:    0.57
      Required ratio:    0.00 (Cumulative area) 

    Layer: Metal5
      Partial area ratio:   72.47
      Required ratio:    0.00 (Gate area) 
      Cumulative area ratio:  119.79
      Required ratio: 14172.00 (Cumulative area) 
      Partial area ratio:  326.45
      Required ratio:    0.00 (Side area) 
      Cumulative area ratio:  541.52
      Required ratio:    0.00 (Cumulative side area) 


  Pin:   m.u_conv3.u_weights._28884_/A (sg13g2_xnor2_1)
    Layer: Via1
      Partial area ratio:    0.08
      Required ratio:   20.00 (Gate area) 
      Cumulative area ratio:    0.08
      Required ratio:    0.00 (Cumulative area) 

    Layer: Metal2
      Partial area ratio:    1.30
      Required ratio:    0.00 (Gate area) 
      Cumulative area ratio:    1.30
      Required ratio:  200.00 (Cumulative area) 
      Partial area ratio:    6.25
      Required ratio:    0.00 (Side area) 
      Cumulative area ratio:    6.25
      Required ratio:    0.00 (Cumulative side area) 

    Layer: Via2
      Partial area ratio:    0.17
      Required ratio:   20.00 (Gate area) 
      Cumulative area ratio:    0.25
      Required ratio:    0.00 (Cumulative area) 

    Layer: Metal3
      Partial area ratio:    0.27
      Required ratio:    0.00 (Gate area) 
      Cumulative area ratio:    1.57
      Required ratio:  200.00 (Cumulative area) 
      Partial area ratio:    2.05
      Required ratio:    0.00 (Side area) 
      Cumulative area ratio:    8.30
      Required ratio:    0.00 (Cumulative side area) 

    Layer: Via3
      Partial area ratio:    0.08
      Required ratio:   20.00 (Gate area) 
      Cumulative area ratio:    0.33
      Required ratio:    0.00 (Cumulative area) 

    Layer: Metal4
      Partial area ratio:   22.32
      Required ratio:    0.00 (Gate area) 
      Cumulative area ratio:   23.89
      Required ratio:  200.00 (Cumulative area) 
      Partial area ratio:  100.68
      Required ratio:    0.00 (Side area) 
      Cumulative area ratio:  108.98
      Required ratio:    0.00 (Cumulative side area) 

    Layer: Via4
      Partial area ratio:    0.05
      Required ratio:   20.00 (Gate area) 
      Cumulative area ratio:    0.38
      Required ratio:    0.00 (Cumulative area) 

    Layer: Metal5
      Partial area ratio:   72.47
      Required ratio:    0.00 (Gate area) 
      Cumulative area ratio:   96.36
      Required ratio: 14172.00 (Cumulative area) 
      Partial area ratio:  326.45
      Required ratio:    0.00 (Side area) 
      Cumulative area ratio:  435.43
      Required ratio:    0.00 (Cumulative side area) 


  Pin:   fanout1528/A (sg13g2_buf_1)
    Layer: Via1
      Partial area ratio:    0.20
      Required ratio:   20.00 (Gate area) 
      Cumulative area ratio:    0.20
      Required ratio:    0.00 (Cumulative area) 

    Layer: Metal2
      Partial area ratio:   10.31
      Required ratio:    0.00 (Gate area) 
      Cumulative area ratio:   10.31
      Required ratio: 14172.00 (Cumulative area) 
      Partial area ratio:   47.33
      Required ratio:    0.00 (Side area) 
      Cumulative area ratio:   47.33
      Required ratio:    0.00 (Cumulative side area) 

    Layer: Via2
      Partial area ratio:    0.60
      Required ratio:  354.30 (Gate area) 
      Cumulative area ratio:    0.80
      Required ratio:    0.00 (Cumulative area) 

    Layer: Metal3
      Partial area ratio:    0.98
      Required ratio:    0.00 (Gate area) 
      Cumulative area ratio:   11.29
      Required ratio: 14172.00 (Cumulative area) 
      Partial area ratio:    7.37
      Required ratio:    0.00 (Side area) 
      Cumulative area ratio:   54.70
      Required ratio:    0.00 (Cumulative side area) 

    Layer: Via3
      Partial area ratio:    0.20
      Required ratio:  354.30 (Gate area) 
      Cumulative area ratio:    1.00
      Required ratio:    0.00 (Cumulative area) 

    Layer: Metal4
      Partial area ratio:   16.37
      Required ratio:    0.00 (Gate area) 
      Cumulative area ratio:   27.66
      Required ratio: 14172.00 (Cumulative area) 
      Partial area ratio:   74.63
      Required ratio:    0.00 (Side area) 
      Cumulative area ratio:  129.33
      Required ratio:    0.00 (Cumulative side area) 

    Layer: Via4
      Partial area ratio:    0.20
      Required ratio:  354.30 (Gate area) 
      Cumulative area ratio:    1.20
      Required ratio:    0.00 (Cumulative area) 

    Layer: Metal5
      Partial area ratio:   72.47
      Required ratio:    0.00 (Gate area) 
      Cumulative area ratio:  100.13
      Required ratio: 14172.00 (Cumulative area) 
      Partial area ratio:  326.45
      Required ratio:    0.00 (Side area) 
      Cumulative area ratio:  455.78
      Required ratio:    0.00 (Cumulative side area) 


  Pin:   fanout1530/A (sg13g2_buf_1)
    Layer: Via1
      Partial area ratio:    0.20
      Required ratio:   20.00 (Gate area) 
      Cumulative area ratio:    0.20
      Required ratio:    0.00 (Cumulative area) 

    Layer: Metal2
      Partial area ratio:   19.40
      Required ratio:    0.00 (Gate area) 
      Cumulative area ratio:   19.40
      Required ratio:  200.00 (Cumulative area) 
      Partial area ratio:   88.22
      Required ratio:    0.00 (Side area) 
      Cumulative area ratio:   88.22
      Required ratio:    0.00 (Cumulative side area) 

    Layer: Via2
      Partial area ratio:    0.60
      Required ratio:   20.00 (Gate area) 
      Cumulative area ratio:    0.80
      Required ratio:    0.00 (Cumulative area) 

    Layer: Metal3
      Partial area ratio:   32.87
      Required ratio:    0.00 (Gate area) 
      Cumulative area ratio:   52.27
      Required ratio:  200.00 (Cumulative area) 
      Partial area ratio:  150.86
      Required ratio:    0.00 (Side area) 
      Cumulative area ratio:  239.09
      Required ratio:    0.00 (Cumulative side area) 

    Layer: Via3
      Partial area ratio:    0.40
      Required ratio:   20.00 (Gate area) 
      Cumulative area ratio:    1.20
      Required ratio:    0.00 (Cumulative area) 

    Layer: Metal4
      Partial area ratio:  200.09
      Required ratio:    0.00 (Gate area) 
      Cumulative area ratio:  252.36
      Required ratio:  200.00 (Cumulative area) (VIOLATED)
      Partial area ratio:  902.34
      Required ratio:    0.00 (Side area) 
      Cumulative area ratio: 1141.43
      Required ratio:    0.00 (Cumulative side area) 

    Layer: Via4
      Partial area ratio:    0.40
      Required ratio:   20.00 (Gate area) 
      Cumulative area ratio:    1.60
      Required ratio:    0.00 (Cumulative area) 

    Layer: Metal5
      Partial area ratio:   72.47
      Required ratio:    0.00 (Gate area) 
      Cumulative area ratio:  324.83
      Required ratio: 14172.00 (Cumulative area) 
      Partial area ratio:  326.45
      Required ratio:    0.00 (Side area) 
      Cumulative area ratio: 1467.88
      Required ratio:    0.00 (Cumulative side area) 



[INFO ANT-0002] Found 53 net violations.
[INFO ANT-0001] Found 54 pin violations.
