
===========================================================================
report_checks -unconstrained
===========================================================================
======================= nom_typ_1p20V_25C Corner ===================================

Startpoint: rst_n (input port clocked by clk)
Endpoint: m.u_conv2._3288_ (recovery check against rising-edge clock clk)
Path Group: asynchronous
Path Type: max

Fanout         Cap        Slew       Delay        Time   Description
---------------------------------------------------------------------------------------------
                                  0.000000    0.000000   clock clk (rise edge)
                                  0.000000    0.000000   clock network delay (propagated)
                                 20.000000   20.000000 ^ input external delay
   719    4.659292    4.070287    4.389690   24.389690 ^ rst_n (in)
                                                         rst_n (net)
                      8.003536    0.000000   24.389690 ^ m.u_conv2._3288_/RESET_B (sg13g2_dfrbpq_1)
                                             24.389690   data arrival time

                                100.000000  100.000000   clock clk (rise edge)
                                  0.000000  100.000000   clock source latency
   755    3.275305    2.888651    2.968790  102.968788 ^ clk (in)
                                                         clk (net)
                      5.418390    0.000000  102.968788 ^ m.u_conv2._3288_/CLK (sg13g2_dfrbpq_1)
                                 -0.250000  102.718788   clock uncertainty
                                  0.000000  102.718788   clock reconvergence pessimism
                                 -0.862435  101.856354   library recovery time
                                            101.856354   data required time
---------------------------------------------------------------------------------------------
                                            101.856354   data required time
                                            -24.389690   data arrival time
---------------------------------------------------------------------------------------------
                                             77.466660   slack (MET)


Startpoint: m.u_conv3._524_ (rising edge-triggered flip-flop clocked by clk)
Endpoint: uo_out[2] (output port clocked by clk)
Path Group: clk
Path Type: max

Fanout         Cap        Slew       Delay        Time   Description
---------------------------------------------------------------------------------------------
                                  0.000000    0.000000   clock clk (rise edge)
                                  0.000000    0.000000   clock source latency
   755    3.275305    2.888651    2.086719    2.086719 ^ clk (in)
                                                         clk (net)
                      4.215811    0.000000    2.086719 ^ m.u_conv3._524_/CLK (sg13g2_dfrbpq_1)
     7    0.067827    0.278906    0.816248    2.902967 ^ m.u_conv3._524_/Q (sg13g2_dfrbpq_1)
                                                         m.u_conv3.input_buf[63] (net)
                      0.280228    0.015601    2.918569 ^ m.u_conv3.u_weights._15928_/B (sg13g2_xor2_1)
     7    0.036191    0.333140    0.353615    3.272183 ^ m.u_conv3.u_weights._15928_/X (sg13g2_xor2_1)
                                                         m.u_conv3.u_weights._07977_ (net)
                      0.333140    0.000255    3.272439 ^ m.u_conv3.u_weights._15931_/B (sg13g2_xnor2_1)
     6    0.033841    0.333489    0.378108    3.650547 ^ m.u_conv3.u_weights._15931_/Y (sg13g2_xnor2_1)
                                                         m.u_conv3.u_weights._08010_ (net)
                      0.333489    0.000387    3.650933 ^ m.u_conv3.u_weights._15932_/B (sg13g2_nand2_1)
    11    0.056542    0.385387    0.402001    4.052934 v m.u_conv3.u_weights._15932_/Y (sg13g2_nand2_1)
                                                         m.u_conv3.u_weights._08021_ (net)
                      0.385387    0.000710    4.053644 v m.u_conv3.u_weights._15944_/B2 (sg13g2_a22oi_1)
    39    0.387601    3.160668    2.407592    6.461236 ^ m.u_conv3.u_weights._15944_/Y (sg13g2_a22oi_1)
                                                         m.u_conv3.u_weights._08153_ (net)
                      3.162765    0.068241    6.529477 ^ m.u_conv3.u_weights._15950_/B (sg13g2_xnor2_1)
    13    0.118905    1.543341    1.863087    8.392563 ^ m.u_conv3.u_weights._15950_/Y (sg13g2_xnor2_1)
                                                         m.u_conv3.u_weights._08218_ (net)
                      1.543344    0.001840    8.394403 ^ m.u_conv3.u_weights._15955_/B (sg13g2_xnor2_1)
    23    0.294602    2.553674    2.432991   10.827394 ^ m.u_conv3.u_weights._15955_/Y (sg13g2_xnor2_1)
                                                         m.u_conv3.u_weights._08273_ (net)
                      2.553720    0.009389   10.836783 ^ m.u_conv3.u_weights._22638_/A (sg13g2_xnor2_1)
     4    0.032903    0.625583    0.759068   11.595852 ^ m.u_conv3.u_weights._22638_/Y (sg13g2_xnor2_1)
                                                         m.u_conv3.u_weights._12480_ (net)
                      0.625799    0.002260   11.598111 ^ m.u_conv3.u_weights._22720_/A (sg13g2_xor2_1)
     2    0.009049    0.163390    0.268165   11.866277 ^ m.u_conv3.u_weights._22720_/X (sg13g2_xor2_1)
                                                         m.u_conv3.u_weights._12571_ (net)
                      0.163390    0.000122   11.866398 ^ m.u_conv3.u_weights._22722_/B (sg13g2_xnor2_1)
     2    0.008247    0.306287    0.141092   12.007490 ^ m.u_conv3.u_weights._22722_/Y (sg13g2_xnor2_1)
                                                         m.u_conv3.u_weights._12573_ (net)
                      0.306287    0.000040   12.007530 ^ m.u_conv3.u_weights._22723_/B (sg13g2_xnor2_1)
     2    0.010166    0.419820    0.190470   12.198000 ^ m.u_conv3.u_weights._22723_/Y (sg13g2_xnor2_1)
                                                         m.u_conv3.u_weights._12574_ (net)
                      0.419820    0.000131   12.198131 ^ m.u_conv3.u_weights._22724_/B (sg13g2_xor2_1)
     2    0.008558    0.135853    0.216197   12.414328 ^ m.u_conv3.u_weights._22724_/X (sg13g2_xor2_1)
                                                         m.u_conv3.u_weights._12575_ (net)
                      0.135853    0.000053   12.414381 ^ m.u_conv3.u_weights._22726_/B (sg13g2_xnor2_1)
     2    0.009069    0.395527    0.138154   12.552535 ^ m.u_conv3.u_weights._22726_/Y (sg13g2_xnor2_1)
                                                         m.u_conv3.u_weights._12577_ (net)
                      0.395527    0.000048   12.552584 ^ m.u_conv3.u_weights._22740_/B (sg13g2_xnor2_1)
     2    0.009012    0.411125    0.197742   12.750325 ^ m.u_conv3.u_weights._22740_/Y (sg13g2_xnor2_1)
                                                         m.u_conv3.u_weights._12593_ (net)
                      0.411125    0.000083   12.750409 ^ m.u_conv3.u_weights._22742_/B (sg13g2_xnor2_1)
     2    0.008823    0.393921    0.198715   12.949124 ^ m.u_conv3.u_weights._22742_/Y (sg13g2_xnor2_1)
                                                         m.u_conv3.u_weights._12595_ (net)
                      0.393921    0.000035   12.949159 ^ m.u_conv3.u_weights._22746_/B (sg13g2_xnor2_1)
     2    0.008157    0.299652    0.189596   13.138755 ^ m.u_conv3.u_weights._22746_/Y (sg13g2_xnor2_1)
                                                         m.u_conv3.u_weights._12599_ (net)
                      0.299652    0.000144   13.138898 ^ m.u_conv3.u_weights._22747_/B (sg13g2_nand2_1)
     2    0.006787    0.327323    0.127282   13.266181 v m.u_conv3.u_weights._22747_/Y (sg13g2_nand2_1)
                                                         m.u_conv3.u_weights._12600_ (net)
                      0.327323    0.000041   13.266221 v m.u_conv3.u_weights._22748_/A2 (sg13g2_o21ai_1)
     2    0.007847    0.152908    0.202906   13.469128 ^ m.u_conv3.u_weights._22748_/Y (sg13g2_o21ai_1)
                                                         m.u_conv3.u_weights._12601_ (net)
                      0.152908    0.000098   13.469225 ^ m.u_conv3.u_weights._22757_/A (sg13g2_nand4_1)
     3    0.010139    0.156084    0.177018   13.646243 v m.u_conv3.u_weights._22757_/Y (sg13g2_nand4_1)
                                                         m.u_conv3.u_weights._12611_ (net)
                      0.156084    0.000096   13.646338 v m.u_conv3.u_weights._22761_/A1 (sg13g2_a21oi_1)
     2    0.005679    0.077625    0.114515   13.760854 ^ m.u_conv3.u_weights._22761_/Y (sg13g2_a21oi_1)
                                                         m.u_conv3.u_weights._12616_ (net)
                      0.077625    0.000036   13.760890 ^ m.u_conv3.u_weights._22762_/B1 (sg13g2_a21o_1)
     2    0.006465    0.041912    0.095106   13.855996 ^ m.u_conv3.u_weights._22762_/X (sg13g2_a21o_1)
                                                         m.u_conv3.u_weights._12617_ (net)
                      0.041912    0.000045   13.856041 ^ m.u_conv3.u_weights._22765_/A (sg13g2_nand2_1)
     1    0.003099    0.039201    0.046283   13.902324 v m.u_conv3.u_weights._22765_/Y (sg13g2_nand2_1)
                                                         m.u_conv3.u_weights._12620_ (net)
                      0.039201    0.000014   13.902338 v m.u_conv3.u_weights._22775_/A1 (sg13g2_a21oi_1)
    21    0.209072    1.731597    1.172279   15.074617 ^ m.u_conv3.u_weights._22775_/Y (sg13g2_a21oi_1)
                                                         m.embedding[39] (net)
                      1.745105    0.125066   15.199684 ^ m.u_tree._1572_/A (sg13g2_inv_1)
     8    0.058480    0.533470    0.684731   15.884415 v m.u_tree._1572_/Y (sg13g2_inv_1)
                                                         m.u_tree._1228_ (net)
                      0.533470    0.000467   15.884881 v m.u_tree._2498_/A1 (sg13g2_a21oi_1)
     2    0.009086    0.149079    0.196032   16.080914 ^ m.u_tree._2498_/Y (sg13g2_a21oi_1)
                                                         m.u_tree._1564_ (net)
                      0.149079    0.000103   16.081017 ^ m.u_tree._2500_/B (sg13g2_xnor2_1)
     2    0.009796    0.127622    0.147111   16.228127 ^ m.u_tree._2500_/Y (sg13g2_xnor2_1)
                                                         m.u_tree._1566_ (net)
                      0.127622    0.000099   16.228226 ^ m.u_tree._2528_/A (sg13g2_xor2_1)
     2    0.009349    0.115505    0.168132   16.396358 ^ m.u_tree._2528_/X (sg13g2_xor2_1)
                                                         m.u_tree._0028_ (net)
                      0.115505    0.000162   16.396521 ^ m.u_tree._2530_/B (sg13g2_xnor2_1)
     2    0.009281    0.113868    0.133285   16.529806 ^ m.u_tree._2530_/Y (sg13g2_xnor2_1)
                                                         m.u_tree._0030_ (net)
                      0.113868    0.000062   16.529867 ^ m.u_tree._2565_/A (sg13g2_xor2_1)
     2    0.010139    0.112387    0.168425   16.698294 ^ m.u_tree._2565_/X (sg13g2_xor2_1)
                                                         m.u_tree._0069_ (net)
                      0.112387    0.000178   16.698471 ^ m.u_tree._2567_/B (sg13g2_xnor2_1)
     2    0.009456    0.079074    0.111925   16.810396 v m.u_tree._2567_/Y (sg13g2_xnor2_1)
                                                         m.u_tree._0071_ (net)
                      0.079074    0.000043   16.810438 v m.u_tree._2577_/A1 (sg13g2_o21ai_1)
     2    0.009243    0.127809    0.147715   16.958153 ^ m.u_tree._2577_/Y (sg13g2_o21ai_1)
                                                         m.u_tree._0082_ (net)
                      0.127809    0.000078   16.958231 ^ m.u_tree._2581_/A (sg13g2_xnor2_1)
     2    0.009197    0.112302    0.140382   17.098614 ^ m.u_tree._2581_/Y (sg13g2_xnor2_1)
                                                         m.u_tree._0086_ (net)
                      0.112302    0.000068   17.098680 ^ m.u_tree._2586_/B (sg13g2_xnor2_1)
     2    0.009655    0.116103    0.134671   17.233351 ^ m.u_tree._2586_/Y (sg13g2_xnor2_1)
                                                         m.u_tree._0092_ (net)
                      0.116103    0.000135   17.233486 ^ m.u_tree._2592_/B (sg13g2_xor2_1)
     2    0.008883    0.123989    0.157502   17.390989 ^ m.u_tree._2592_/X (sg13g2_xor2_1)
                                                         m.u_tree._0098_ (net)
                      0.123989    0.000046   17.391035 ^ m.u_tree._2593_/A2 (sg13g2_a21oi_1)
     3    0.016347    0.118118    0.152960   17.543995 v m.u_tree._2593_/Y (sg13g2_a21oi_1)
                                                         m.u_tree._0100_ (net)
                      0.118118    0.000192   17.544188 v m.u_tree._2595_/A1 (sg13g2_o21ai_1)
     2    0.008806    0.127397    0.157362   17.701550 ^ m.u_tree._2595_/Y (sg13g2_o21ai_1)
                                                         m.u_tree._0102_ (net)
                      0.127397    0.000053   17.701603 ^ m.u_tree._2859_/A (sg13g2_xnor2_1)
     3    0.012266    0.095863    0.139092   17.840694 v m.u_tree._2859_/Y (sg13g2_xnor2_1)
                                                         m.u_tree._0392_ (net)
                      0.095863    0.000252   17.840946 v m.u_tree._2876_/A1 (sg13g2_a221oi_1)
     2    0.006032    0.142769    0.180375   18.021322 ^ m.u_tree._2876_/Y (sg13g2_a221oi_1)
                                                         m.u_tree._0411_ (net)
                      0.142769    0.000043   18.021364 ^ m.u_tree._2878_/C (sg13g2_or3_1)
     7    0.024955    0.107998    0.178057   18.199421 ^ m.u_tree._2878_/X (sg13g2_or3_1)
                                                         m.u_tree._0413_ (net)
                      0.107998    0.000183   18.199604 ^ m.u_tree._2895_/C (sg13g2_nand3_1)
     3    0.009688    0.110460    0.140510   18.340115 v m.u_tree._2895_/Y (sg13g2_nand3_1)
                                                         m.u_tree._0432_ (net)
                      0.110460    0.000114   18.340227 v m.u_tree._2898_/B (sg13g2_nand3_1)
     4    0.013638    0.083644    0.106425   18.446653 ^ m.u_tree._2898_/Y (sg13g2_nand3_1)
                                                         m.u_tree._0435_ (net)
                      0.083644    0.000215   18.446867 ^ m.u_tree._2900_/C (sg13g2_nand3_1)
     1    0.003420    0.059410    0.093728   18.540596 v m.u_tree._2900_/Y (sg13g2_nand3_1)
                                                         m.u_tree._0437_ (net)
                      0.059410    0.000021   18.540617 v m.u_tree._2906_/A2 (sg13g2_o21ai_1)
     7    0.024576    0.266953    0.242844   18.783461 ^ m.u_tree._2906_/Y (sg13g2_o21ai_1)
                                                         m.u_tree._0444_ (net)
                      0.266954    0.000433   18.783894 ^ m.u_tree._2914_/B (sg13g2_nand3b_1)
     4    0.018093    0.198803    0.246756   19.030649 v m.u_tree._2914_/Y (sg13g2_nand3b_1)
                                                         m.u_tree._0453_ (net)
                      0.198803    0.000401   19.031052 v m.u_tree._2918_/B (sg13g2_and3_1)
     2    0.005650    0.033370    0.144961   19.176012 v m.u_tree._2918_/X (sg13g2_and3_1)
                                                         m.u_tree._0457_ (net)
                      0.033370    0.000021   19.176033 v m.u_tree._2922_/A (sg13g2_or2_1)
     1    0.004537    0.032333    0.108502   19.284534 v m.u_tree._2922_/X (sg13g2_or2_1)
                                                         m.u_tree._0461_ (net)
                      0.032333    0.000064   19.284599 v m.u_tree._2946_/A1 (sg13g2_a221oi_1)
     5    0.016807    0.266773    0.253399   19.537998 ^ m.u_tree._2946_/Y (sg13g2_a221oi_1)
                                                         m.u_tree._0488_ (net)
                      0.266774    0.000320   19.538319 ^ m.u_tree._2950_/B (sg13g2_or3_1)
    14    0.058183    0.240180    0.314442   19.852760 ^ m.u_tree._2950_/X (sg13g2_or3_1)
                                                         m.u_tree._0492_ (net)
                      0.240199    0.001801   19.854561 ^ m.u_tree._2964_/A2 (sg13g2_a221oi_1)
     2    0.007823    0.115287    0.164613   20.019175 v m.u_tree._2964_/Y (sg13g2_a221oi_1)
                                                         m.u_tree._0508_ (net)
                      0.115287    0.000140   20.019316 v m.u_tree._2975_/A (sg13g2_nor4_1)
     3    0.012588    0.263473    0.283761   20.303076 ^ m.u_tree._2975_/Y (sg13g2_nor4_1)
                                                         m.u_tree._0520_ (net)
                      0.263473    0.000338   20.303413 ^ m.u_tree._2991_/B1 (sg13g2_o21ai_1)
     2    0.006032    0.083063    0.105999   20.409412 v m.u_tree._2991_/Y (sg13g2_o21ai_1)
                                                         m.u_tree._0537_ (net)
                      0.083063    0.000034   20.409445 v m.u_tree._2994_/B1 (sg13g2_a221oi_1)
     8    0.047241    0.633410    0.531228   20.940674 ^ m.u_tree._2994_/Y (sg13g2_a221oi_1)
                                                         m.u_tree._0541_ (net)
                      0.633410    0.000417   20.941092 ^ m.u_tree._2996_/S (sg13g2_mux2_1)
     3    0.016890    0.080519    0.313749   21.254841 v m.u_tree._2996_/X (sg13g2_mux2_1)
                                                         m.u_tree._0543_ (net)
                      0.080522    0.000574   21.255415 v m.u_tree._3004_/A1 (sg13g2_a22oi_1)
     3    0.010336    0.125279    0.132793   21.388206 ^ m.u_tree._3004_/Y (sg13g2_a22oi_1)
                                                         m.u_tree._0552_ (net)
                      0.125279    0.000053   21.388260 ^ m.u_tree._3021_/A1 (sg13g2_o21ai_1)
     2    0.006830    0.067500    0.107512   21.495773 v m.u_tree._3021_/Y (sg13g2_o21ai_1)
                                                         m.u_tree._0570_ (net)
                      0.067500    0.000089   21.495861 v m.u_tree._3022_/B1 (sg13g2_a21oi_1)
     5    0.018743    0.178882    0.170921   21.666782 ^ m.u_tree._3022_/Y (sg13g2_a21oi_1)
                                                         m.u_tree._0571_ (net)
                      0.178883    0.000362   21.667145 ^ m.u_tree._3026_/A (sg13g2_nor2_1)
     3    0.013002    0.080024    0.116991   21.784136 v m.u_tree._3026_/Y (sg13g2_nor2_1)
                                                         m.u_tree._0576_ (net)
                      0.080024    0.000153   21.784288 v m.u_tree._3031_/S (sg13g2_mux2_1)
     3    0.015309    0.076559    0.185810   21.970098 ^ m.u_tree._3031_/X (sg13g2_mux2_1)
                                                         m.u_tree._0581_ (net)
                      0.076560    0.000393   21.970491 ^ m.u_tree._3032_/A2 (sg13g2_a21oi_1)
     1    0.003857    0.057969    0.077984   22.048475 v m.u_tree._3032_/Y (sg13g2_a21oi_1)
                                                         m.u_tree._0582_ (net)
                      0.057969    0.000032   22.048508 v m.u_tree._3051_/A1 (sg13g2_o21ai_1)
     6    0.022762    0.250934    0.235314   22.283821 ^ m.u_tree._3051_/Y (sg13g2_o21ai_1)
                                                         m.u_tree._0603_ (net)
                      0.250934    0.000298   22.284121 ^ m.u_tree._3052_/B (sg13g2_nand2_1)
     2    0.007131    0.077428    0.120988   22.405107 v m.u_tree._3052_/Y (sg13g2_nand2_1)
                                                         m.u_tree._0604_ (net)
                      0.077428    0.000039   22.405148 v m.u_tree._3074_/A2 (sg13g2_o21ai_1)
     3    0.012857    0.160105    0.166569   22.571716 ^ m.u_tree._3074_/Y (sg13g2_o21ai_1)
                                                         m.u_tree._0629_ (net)
                      0.160106    0.000268   22.571983 ^ m.u_tree._3075_/B2 (sg13g2_a221oi_1)
     1    0.003370    0.084795    0.108617   22.680601 v m.u_tree._3075_/Y (sg13g2_a221oi_1)
                                                         m.u_tree._0630_ (net)
                      0.084795    0.000023   22.680624 v m.u_tree._3079_/A2 (sg13g2_a221oi_1)
     7    0.024053    0.353260    0.350646   23.031269 ^ m.u_tree._3079_/Y (sg13g2_a221oi_1)
                                                         m.u_tree._0634_ (net)
                      0.353260    0.000217   23.031487 ^ m.u_tree._3080_/B (sg13g2_nor2_1)
     3    0.014382    0.117586    0.154424   23.185911 v m.u_tree._3080_/Y (sg13g2_nor2_1)
                                                         m.u_tree._0635_ (net)
                      0.117586    0.000085   23.185995 v m.u_tree._3081_/S (sg13g2_mux2_1)
     3    0.014685    0.074192    0.196543   23.382540 ^ m.u_tree._3081_/X (sg13g2_mux2_1)
                                                         m.u_tree._0636_ (net)
                      0.074195    0.000515   23.383055 ^ m.u_tree._3086_/A2 (sg13g2_a21oi_1)
     1    0.003597    0.063875    0.075909   23.458963 v m.u_tree._3086_/Y (sg13g2_a21oi_1)
                                                         m.u_tree._0642_ (net)
                      0.063875    0.000023   23.458986 v m.u_tree._3106_/A1 (sg13g2_o21ai_1)
     5    0.017335    0.200398    0.199236   23.658222 ^ m.u_tree._3106_/Y (sg13g2_o21ai_1)
                                                         m.u_tree._0664_ (net)
                      0.200398    0.000247   23.658470 ^ m.u_tree._3107_/B (sg13g2_nand2_1)
     5    0.027319    0.177253    0.222077   23.880547 v m.u_tree._3107_/Y (sg13g2_nand2_1)
                                                         m.u_tree._0665_ (net)
                      0.177253    0.000361   23.880907 v m.u_tree._3117_/S (sg13g2_mux2_1)
     2    0.011640    0.062537    0.202920   24.083828 ^ m.u_tree._3117_/X (sg13g2_mux2_1)
                                                         m.u_tree._0676_ (net)
                      0.062538    0.000401   24.084229 ^ m.u_tree._3119_/B2 (sg13g2_a221oi_1)
     1    0.004055    0.074406    0.080330   24.164558 v m.u_tree._3119_/Y (sg13g2_a221oi_1)
                                                         m.u_tree._0678_ (net)
                      0.074406    0.000039   24.164598 v m.u_tree._3127_/A1 (sg13g2_o21ai_1)
     4    0.015479    0.182485    0.190100   24.354698 ^ m.u_tree._3127_/Y (sg13g2_o21ai_1)
                                                         m.u_tree._0687_ (net)
                      0.182487    0.000524   24.355223 ^ m.u_tree._3141_/C (sg13g2_and4_1)
     1    0.010472    0.066918    0.223105   24.578327 ^ m.u_tree._3141_/X (sg13g2_and4_1)
                                                         m.number_o[2] (net)
                      0.066920    0.000496   24.578823 ^ _82_/A (sg13g2_buf_1)
     1    0.006000    0.036329    0.085048   24.663872 ^ _82_/X (sg13g2_buf_1)
                                                         uo_out[2] (net)
                      0.036329    0.000000   24.663872 ^ uo_out[2] (out)
                                             24.663872   data arrival time

                                100.000000  100.000000   clock clk (rise edge)
                                  0.000000  100.000000   clock network delay (propagated)
                                 -0.250000   99.750000   clock uncertainty
                                  0.000000   99.750000   clock reconvergence pessimism
                                -20.000000   79.750000   output external delay
                                             79.750000   data required time
---------------------------------------------------------------------------------------------
                                             79.750000   data required time
                                            -24.663872   data arrival time
---------------------------------------------------------------------------------------------
                                             55.086128   slack (MET)




===========================================================================
report_checks --slack_max -0.01
============================================================================
======================= nom_typ_1p20V_25C Corner ===================================

No paths found.


===========================================================================
 report_check_types -max_slew -max_cap -max_fanout -violators
============================================================================
======================= nom_typ_1p20V_25C Corner ===================================

max slew

Pin                                        Limit        Slew       Slack
------------------------------------------------------------------------
m.u_conv2._3654_/RESET_B                2.507400    8.029879   -5.522478 (VIOLATED)
m.u_conv2._3374_/RESET_B                2.507400    8.029855   -5.522454 (VIOLATED)
m.u_conv2._3539_/RESET_B                2.507400    8.029826   -5.522426 (VIOLATED)
m.u_conv2._3511_/RESET_B                2.507400    8.029752   -5.522351 (VIOLATED)
m.u_conv2._3346_/RESET_B                2.507400    8.029697   -5.522297 (VIOLATED)
m.u_conv2._3403_/RESET_B                2.507400    8.029578   -5.522178 (VIOLATED)
m.u_conv2._3598_/RESET_B                2.507400    8.029571   -5.522170 (VIOLATED)
m.u_conv2._3514_/RESET_B                2.507400    8.029364   -5.521964 (VIOLATED)
m.u_conv2._3483_/RESET_B                2.507400    8.029051   -5.521650 (VIOLATED)
m.u_conv2._3595_/RESET_B                2.507400    8.028963   -5.521564 (VIOLATED)
m.u_conv2._3430_/RESET_B                2.507400    8.028756   -5.521356 (VIOLATED)
m.u_conv2._3458_/RESET_B                2.507400    8.028457   -5.521056 (VIOLATED)
m.u_conv2._3401_/RESET_B                2.507400    8.028227   -5.520827 (VIOLATED)
m.u_conv2._3373_/RESET_B                2.507400    8.028176   -5.520776 (VIOLATED)
m.u_conv2._3262_/RESET_B                2.507400    8.028078   -5.520678 (VIOLATED)
m.u_conv2._3542_/RESET_B                2.507400    8.027850   -5.520450 (VIOLATED)
m.u_conv2._3626_/RESET_B                2.507400    8.027357   -5.519957 (VIOLATED)
m.u_conv2._3318_/RESET_B                2.507400    8.025860   -5.518460 (VIOLATED)
m.u_conv2._3347_/RESET_B                2.507400    8.024946   -5.517546 (VIOLATED)
m.u_conv2._3375_/RESET_B                2.507400    8.024879   -5.517478 (VIOLATED)
m.u_conv2._3348_/RESET_B                2.507400    8.024761   -5.517361 (VIOLATED)
m.u_conv2._3404_/RESET_B                2.507400    8.024534   -5.517134 (VIOLATED)
m.u_conv2._3656_/RESET_B                2.507400    8.024534   -5.517134 (VIOLATED)
m.u_conv2._3376_/RESET_B                2.507400    8.024480   -5.517080 (VIOLATED)
m.u_conv2._3431_/RESET_B                2.507400    8.024143   -5.516743 (VIOLATED)
m.u_conv2._3516_/RESET_B                2.507400    8.024069   -5.516669 (VIOLATED)
m.u_conv2._3544_/RESET_B                2.507400    8.023901   -5.516501 (VIOLATED)
m.u_conv2._3432_/RESET_B                2.507400    8.023712   -5.516312 (VIOLATED)
m.u_conv2._3541_/RESET_B                2.507400    8.023632   -5.516232 (VIOLATED)
m.u_conv2._3402_/RESET_B                2.507400    8.023545   -5.516146 (VIOLATED)
m.u_conv2._3319_/RESET_B                2.507400    8.023427   -5.516026 (VIOLATED)
m.u_conv2._3570_/RESET_B                2.507400    8.023407   -5.516007 (VIOLATED)
m.u_conv2._3290_/RESET_B                2.507400    8.023070   -5.515670 (VIOLATED)
m.u_conv2._3600_/RESET_B                2.507400    8.022766   -5.515366 (VIOLATED)
m.u_conv2._3264_/RESET_B                2.507400    8.022644   -5.515244 (VIOLATED)
m.u_conv2._3627_/RESET_B                2.507400    8.021808   -5.514407 (VIOLATED)
m.u_conv2._3291_/RESET_B                2.507400    8.021747   -5.514347 (VIOLATED)
m.u_conv2._3488_/RESET_B                2.507400    8.021629   -5.514229 (VIOLATED)
m.u_conv2._3459_/RESET_B                2.507400    8.021561   -5.514161 (VIOLATED)
m.u_conv2._3486_/RESET_B                2.507400    8.021557   -5.514157 (VIOLATED)
m.u_conv2._3292_/RESET_B                2.507400    8.021377   -5.513977 (VIOLATED)
m.u_conv2._3599_/RESET_B                2.507400    8.021276   -5.513876 (VIOLATED)
m.u_conv2._3263_/RESET_B                2.507400    8.021243   -5.513844 (VIOLATED)
m.u_conv2._3487_/RESET_B                2.507400    8.021186   -5.513785 (VIOLATED)
m.u_conv2._3572_/RESET_B                2.507400    8.021029   -5.513628 (VIOLATED)
m.u_conv2._3460_/RESET_B                2.507400    8.020952   -5.513552 (VIOLATED)
m.u_conv2._3320_/RESET_B                2.507400    8.020876   -5.513475 (VIOLATED)
m.u_conv2._3628_/RESET_B                2.507400    8.019779   -5.512379 (VIOLATED)
m.u_conv2._3571_/RESET_B                2.507400    8.018806   -5.511405 (VIOLATED)
m.u_conv2._3377_/RESET_B                2.507400    8.018201   -5.510800 (VIOLATED)
m.u_conv2._3517_/RESET_B                2.507400    8.018109   -5.510709 (VIOLATED)
m.u_conv2._3512_/RESET_B                2.507400    8.017345   -5.509945 (VIOLATED)
m.u_conv2._3515_/RESET_B                2.507400    8.017217   -5.509816 (VIOLATED)
m.u_conv2._3543_/RESET_B                2.507400    8.017162   -5.509762 (VIOLATED)
m.u_conv2._3433_/RESET_B                2.507400    8.017113   -5.509712 (VIOLATED)
m.u_conv2._3655_/RESET_B                2.507400    8.017055   -5.509655 (VIOLATED)
m.u_conv2._3545_/RESET_B                2.507400    8.017006   -5.509606 (VIOLATED)
m.u_conv2._3601_/RESET_B                2.507400    8.016768   -5.509367 (VIOLATED)
m.u_conv2._3321_/RESET_B                2.507400    8.015012   -5.507612 (VIOLATED)
m.u_conv2._3249_/RESET_B                2.507400    8.014831   -5.507431 (VIOLATED)
m.u_conv2._3612_/RESET_B                2.507400    8.014771   -5.507370 (VIOLATED)
m.u_conv2._3657_/RESET_B                2.507400    8.014611   -5.507211 (VIOLATED)
m.u_conv2._3293_/RESET_B                2.507400    8.013583   -5.506183 (VIOLATED)
m.u_conv2._3349_/RESET_B                2.507400    8.012729   -5.505328 (VIOLATED)
m.u_conv2._3489_/RESET_B                2.507400    8.008205   -5.500806 (VIOLATED)
m.u_conv2._3288_/RESET_B                2.507400    8.003536   -5.496136 (VIOLATED)
m.u_conv2._3234_/RESET_B                2.507400    8.003472   -5.496073 (VIOLATED)
m.u_conv2._3235_/RESET_B                2.507400    8.003310   -5.495910 (VIOLATED)
m.u_conv2._3236_/RESET_B                2.507400    8.003020   -5.495621 (VIOLATED)
m.u_conv2._3573_/RESET_B                2.507400    8.002604   -5.495204 (VIOLATED)
m.u_conv2._3237_/RESET_B                2.507400    7.998891   -5.491491 (VIOLATED)
m.u_conv2._3629_/RESET_B                2.507400    7.996305   -5.488904 (VIOLATED)
m.u_conv2._3444_/RESET_B                2.507400    7.996252   -5.488852 (VIOLATED)
m.u_conv2._3332_/RESET_B                2.507400    7.996169   -5.488769 (VIOLATED)
m.u_conv2._3248_/RESET_B                2.507400    7.996033   -5.488633 (VIOLATED)
m.u_conv2._3405_/RESET_B                2.507400    7.995630   -5.488230 (VIOLATED)
m.u_conv2._3265_/RESET_B                2.507400    7.994079   -5.486679 (VIOLATED)
m.u_conv2._3359_/RESET_B                2.507400    7.987434   -5.480034 (VIOLATED)
m.u_conv2._3555_/RESET_B                2.507400    7.987343   -5.479943 (VIOLATED)
m.u_conv2._3461_/RESET_B                2.507400    7.987194   -5.479793 (VIOLATED)
m.u_conv2._3298_/RESET_B                2.507400    7.987160   -5.479760 (VIOLATED)
m.u_conv2._3606_/RESET_B                2.507400    7.986852   -5.479452 (VIOLATED)
m.u_conv2._3360_/RESET_B                2.507400    7.985635   -5.478234 (VIOLATED)
m.u_conv2._3668_/RESET_B                2.507400    7.985569   -5.478169 (VIOLATED)
m.u_conv2._3557_/RESET_B                2.507400    7.984733   -5.477333 (VIOLATED)
m.u_conv2._3417_/RESET_B                2.507400    7.984721   -5.477321 (VIOLATED)
m.u_conv2._3361_/RESET_B                2.507400    7.984601   -5.477201 (VIOLATED)
m.u_conv2._3669_/RESET_B                2.507400    7.984484   -5.477083 (VIOLATED)
m.u_conv2._3445_/RESET_B                2.507400    7.984039   -5.476639 (VIOLATED)
m.u_conv2._3389_/RESET_B                2.507400    7.984007   -5.476607 (VIOLATED)
m.u_conv2._3502_/RESET_B                2.507400    7.983999   -5.476598 (VIOLATED)
m.u_conv2._3501_/RESET_B                2.507400    7.983932   -5.476532 (VIOLATED)
m.u_conv2._3522_/RESET_B                2.507400    7.983799   -5.476398 (VIOLATED)
m.u_conv2._3277_/RESET_B                2.507400    7.983594   -5.476194 (VIOLATED)
m.u_conv2._3473_/RESET_B                2.507400    7.982768   -5.475368 (VIOLATED)
m.u_conv2._3305_/RESET_B                2.507400    7.982622   -5.475222 (VIOLATED)
m.u_conv2._3529_/RESET_B                2.507400    7.982472   -5.475071 (VIOLATED)
m.u_conv2._3613_/RESET_B                2.507400    7.981445   -5.474045 (VIOLATED)
m.u_conv2._3585_/RESET_B                2.507400    7.981286   -5.473886 (VIOLATED)
m.u_conv2._3641_/RESET_B                2.507400    7.981010   -5.473610 (VIOLATED)
m.u_conv2._3333_/RESET_B                2.507400    7.980225   -5.472825 (VIOLATED)
m.u_conv2._3472_/RESET_B                2.507400    7.978791   -5.471391 (VIOLATED)
m.u_conv2._3639_/RESET_B                2.507400    7.977295   -5.469895 (VIOLATED)
m.u_conv2._3410_/RESET_B                2.507400    7.977151   -5.469751 (VIOLATED)
m.u_conv2._3276_/RESET_B                2.507400    7.977010   -5.469610 (VIOLATED)
m.u_conv2._3382_/RESET_B                2.507400    7.976965   -5.469565 (VIOLATED)
m.u_conv2._3556_/RESET_B                2.507400    7.975426   -5.468026 (VIOLATED)
m.u_conv2._3494_/RESET_B                2.507400    7.974753   -5.467353 (VIOLATED)
m.u_conv2._3500_/RESET_B                2.507400    7.973746   -5.466346 (VIOLATED)
m.u_conv2._3388_/RESET_B                2.507400    7.971753   -5.464353 (VIOLATED)
m.u_conv2._3584_/RESET_B                2.507400    7.971756   -5.464356 (VIOLATED)
m.u_conv2._3648_/RESET_B                2.507400    7.970026   -5.462626 (VIOLATED)
m.u_conv2._3528_/RESET_B                2.507400    7.968995   -5.461595 (VIOLATED)
m.u_conv2._3304_/RESET_B                2.507400    7.968176   -5.460776 (VIOLATED)
m.u_conv2._3275_/RESET_B                2.507400    7.967521   -5.460121 (VIOLATED)
m.u_conv2._3527_/RESET_B                2.507400    7.967525   -5.460124 (VIOLATED)
m.u_conv2._3331_/RESET_B                2.507400    7.967425   -5.460025 (VIOLATED)
m.u_conv2._3466_/RESET_B                2.507400    7.967230   -5.459830 (VIOLATED)
m.u_conv2._3634_/RESET_B                2.507400    7.966987   -5.459587 (VIOLATED)
m.u_conv2._3326_/RESET_B                2.507400    7.966605   -5.459205 (VIOLATED)
m.u_conv2._3242_/RESET_B                2.507400    7.966202   -5.458802 (VIOLATED)
m.u_conv2._3640_/RESET_B                2.507400    7.965182   -5.457781 (VIOLATED)
m.u_conv2._3416_/RESET_B                2.507400    7.963964   -5.456564 (VIOLATED)
m.u_conv2._3255_/RESET_B                2.507400    7.962448   -5.455048 (VIOLATED)
m.u_conv2._3479_/RESET_B                2.507400    7.959531   -5.452131 (VIOLATED)
m.u_conv2._3283_/RESET_B                2.507400    7.951642   -5.444241 (VIOLATED)
m.u_conv2._3423_/RESET_B                2.507400    7.947538   -5.440138 (VIOLATED)
m.u_conv2._3362_/RESET_B                2.507400    7.937935   -5.430535 (VIOLATED)
m.u_conv2._3670_/RESET_B                2.507400    7.937895   -5.430495 (VIOLATED)
m.u_conv2._3558_/RESET_B                2.507400    7.937757   -5.430357 (VIOLATED)
m.u_conv2._3418_/RESET_B                2.507400    7.937561   -5.430161 (VIOLATED)
m.u_conv2._3390_/RESET_B                2.507400    7.937245   -5.429845 (VIOLATED)
m.u_conv2._3446_/RESET_B                2.507400    7.937160   -5.429760 (VIOLATED)
m.u_conv2._3278_/RESET_B                2.507400    7.936687   -5.429287 (VIOLATED)
m.u_conv2._3614_/RESET_B                2.507400    7.936688   -5.429288 (VIOLATED)
m.u_conv2._3586_/RESET_B                2.507400    7.936042   -5.428642 (VIOLATED)
m.u_conv2._3306_/RESET_B                2.507400    7.935864   -5.428464 (VIOLATED)
m.u_conv2._3535_/RESET_B                2.507400    7.935159   -5.427758 (VIOLATED)
m.u_conv2._3307_/RESET_B                2.507400    7.935084   -5.427684 (VIOLATED)
m.u_conv2._3619_/RESET_B                2.507400    7.935071   -5.427671 (VIOLATED)
m.u_conv2._3334_/RESET_B                2.507400    7.934850   -5.427450 (VIOLATED)
m.u_conv2._3615_/RESET_B                2.507400    7.933774   -5.426374 (VIOLATED)
m.u_conv2._3474_/RESET_B                2.507400    7.933568   -5.426167 (VIOLATED)
m.u_conv2._3530_/RESET_B                2.507400    7.933485   -5.426084 (VIOLATED)
m.u_conv2._3250_/RESET_B                2.507400    7.933370   -5.425970 (VIOLATED)
m.u_conv2._3642_/RESET_B                2.507400    7.933370   -5.425970 (VIOLATED)
m.u_conv2._3587_/RESET_B                2.507400    7.933318   -5.425918 (VIOLATED)
m.u_conv2._3671_/RESET_B                2.507400    7.933320   -5.425920 (VIOLATED)
m.u_conv2._3643_/RESET_B                2.507400    7.933053   -5.425653 (VIOLATED)
m.u_conv2._3251_/RESET_B                2.507400    7.932477   -5.425077 (VIOLATED)
m.u_conv2._3503_/RESET_B                2.507400    7.931901   -5.424501 (VIOLATED)
m.u_conv2._3303_/RESET_B                2.507400    7.929723   -5.422323 (VIOLATED)
m.u_conv2._3443_/RESET_B                2.507400    7.929650   -5.422250 (VIOLATED)
m.u_conv2._3354_/RESET_B                2.507400    7.929488   -5.422088 (VIOLATED)
m.u_conv2._3578_/RESET_B                2.507400    7.929178   -5.421778 (VIOLATED)
m.u_conv2._3282_/RESET_B                2.507400    7.928897   -5.421497 (VIOLATED)
m.u_conv2._3478_/RESET_B                2.507400    7.928806   -5.421406 (VIOLATED)
m.u_conv2._3391_/RESET_B                2.507400    7.928635   -5.421235 (VIOLATED)
m.u_conv2._3550_/RESET_B                2.507400    7.928608   -5.421208 (VIOLATED)
m.u_conv2._3662_/RESET_B                2.507400    7.928515   -5.421115 (VIOLATED)
m.u_conv2._3419_/RESET_B                2.507400    7.928370   -5.420970 (VIOLATED)
m.u_conv2._3363_/RESET_B                2.507400    7.928104   -5.420703 (VIOLATED)
m.u_conv2._3475_/RESET_B                2.507400    7.928002   -5.420602 (VIOLATED)
m.u_conv2._3422_/RESET_B                2.507400    7.927987   -5.420587 (VIOLATED)
m.u_conv2._3531_/RESET_B                2.507400    7.927841   -5.420441 (VIOLATED)
m.u_conv2._3447_/RESET_B                2.507400    7.927579   -5.420179 (VIOLATED)
m.u_conv2._3506_/RESET_B                2.507400    7.925728   -5.418328 (VIOLATED)
m.u_conv2._3480_/RESET_B                2.507400    7.925027   -5.417627 (VIOLATED)
m.u_conv2._3312_/RESET_B                2.507400    7.924974   -5.417573 (VIOLATED)
m.u_conv2._3536_/RESET_B                2.507400    7.924836   -5.417436 (VIOLATED)
m.u_conv2._3284_/RESET_B                2.507400    7.921653   -5.414253 (VIOLATED)
m.u_conv2._3559_/RESET_B                2.507400    7.918059   -5.410659 (VIOLATED)
m.u_conv2._3279_/RESET_B                2.507400    7.917979   -5.410579 (VIOLATED)
m.u_conv2._3508_/RESET_B                2.507400    7.917959   -5.410559 (VIOLATED)
m.u_conv2._3335_/RESET_B                2.507400    7.917813   -5.410413 (VIOLATED)
m.u_conv2._3620_/RESET_B                2.507400    7.917460   -5.410059 (VIOLATED)
m.u_conv2._3564_/RESET_B                2.507400    7.917428   -5.410028 (VIOLATED)
m.u_conv2._3340_/RESET_B                2.507400    7.917143   -5.409742 (VIOLATED)
m.u_conv2._3676_/RESET_B                2.507400    7.917141   -5.409741 (VIOLATED)
m.u_conv2._3256_/RESET_B                2.507400    7.917048   -5.409648 (VIOLATED)
m.u_conv2._3592_/RESET_B                2.507400    7.916431   -5.409031 (VIOLATED)
m.u_conv2._3396_/RESET_B                2.507400    7.915891   -5.408491 (VIOLATED)
m.u_conv2._3424_/RESET_B                2.507400    7.915135   -5.407735 (VIOLATED)
m.u_conv2._3510_/RESET_B                2.507400    7.912240   -5.404840 (VIOLATED)
m.u_conv2._3674_/RESET_B                2.507400    7.911334   -5.403934 (VIOLATED)
m.u_conv2._3622_/RESET_B                2.507400    7.909889   -5.402489 (VIOLATED)
m.u_conv2._3342_/RESET_B                2.507400    7.909353   -5.401953 (VIOLATED)
m.u_conv2._3426_/RESET_B                2.507400    7.905071   -5.397670 (VIOLATED)
m.u_conv2._3258_/RESET_B                2.507400    7.904644   -5.397243 (VIOLATED)
m.u_conv2._3339_/RESET_B                2.507400    7.903183   -5.395783 (VIOLATED)
m.u_conv2._3650_/RESET_B                2.507400    7.900698   -5.393298 (VIOLATED)
m.u_conv2._3451_/RESET_B                2.507400    7.899085   -5.391685 (VIOLATED)
m.u_conv2._3368_/RESET_B                2.507400    7.897035   -5.389635 (VIOLATED)
m.u_conv2._3452_/RESET_B                2.507400    7.896997   -5.389597 (VIOLATED)
m.u_conv2._3563_/RESET_B                2.507400    7.896930   -5.389530 (VIOLATED)
m.u_conv2._3370_/RESET_B                2.507400    7.896800   -5.389400 (VIOLATED)
m.u_conv2._3507_/RESET_B                2.507400    7.896605   -5.389205 (VIOLATED)
m.u_conv2._3482_/RESET_B                2.507400    7.896407   -5.389007 (VIOLATED)
m.u_conv2._3257_/RESET_B                2.507400    7.896255   -5.388855 (VIOLATED)
m.u_conv2._3593_/RESET_B                2.507400    7.896199   -5.388798 (VIOLATED)
m.u_conv2._3509_/RESET_B                2.507400    7.896120   -5.388720 (VIOLATED)
m.u_conv2._3481_/RESET_B                2.507400    7.896019   -5.388618 (VIOLATED)
m.u_conv2._3621_/RESET_B                2.507400    7.895819   -5.388419 (VIOLATED)
m.u_conv2._3425_/RESET_B                2.507400    7.895402   -5.388002 (VIOLATED)
m.u_conv2._3270_/RESET_B                2.507400    7.888999   -5.381599 (VIOLATED)
m.u_conv2._3438_/RESET_B                2.507400    7.888947   -5.381547 (VIOLATED)
m.u_conv2._3254_/RESET_B                2.507400    7.888853   -5.381453 (VIOLATED)
m.u_conv2._3649_/RESET_B                2.507400    7.888828   -5.381427 (VIOLATED)
m.u_conv2._3590_/RESET_B                2.507400    7.888606   -5.381206 (VIOLATED)
m.u_conv2._3310_/RESET_B                2.507400    7.888316   -5.380916 (VIOLATED)
m.u_conv2._3366_/RESET_B                2.507400    7.887691   -5.380291 (VIOLATED)
m.u_conv2._3313_/RESET_B                2.507400    7.887239   -5.379838 (VIOLATED)
m.u_conv2._3453_/RESET_B                2.507400    7.881974   -5.374574 (VIOLATED)
m.u_conv2._3647_/RESET_B                2.507400    7.879920   -5.372520 (VIOLATED)
m.u_conv2._3537_/RESET_B                2.507400    7.879870   -5.372470 (VIOLATED)
m.u_conv2._3367_/RESET_B                2.507400    7.879578   -5.372178 (VIOLATED)
m.u_conv2._3369_/RESET_B                2.507400    7.873032   -5.365632 (VIOLATED)
m.u_conv2._3646_/RESET_B                2.507400    7.871453   -5.364053 (VIOLATED)
m.u_conv2._3450_/RESET_B                2.507400    7.871415   -5.364015 (VIOLATED)
m.u_conv2._3618_/RESET_B                2.507400    7.871161   -5.363760 (VIOLATED)
m.u_conv2._3675_/RESET_B                2.507400    7.868101   -5.360701 (VIOLATED)
m.u_conv2._3311_/RESET_B                2.507400    7.865316   -5.357915 (VIOLATED)
m.u_conv2._3395_/RESET_B                2.507400    7.854854   -5.347454 (VIOLATED)
m.u_conv2._3591_/RESET_B                2.507400    7.833866   -5.326466 (VIOLATED)
m.u_conv2._3394_/RESET_B                2.507400    7.831573   -5.324173 (VIOLATED)
m.u_conv2._3338_/RESET_B                2.507400    7.831512   -5.324112 (VIOLATED)
m.u_conv2._3534_/RESET_B                2.507400    7.831515   -5.324115 (VIOLATED)
m.u_conv2._3562_/RESET_B                2.507400    7.831332   -5.323932 (VIOLATED)
m.u_conv2._3468_/RESET_B                2.507400    7.810697   -5.303297 (VIOLATED)
m.u_conv2._3427_/RESET_B                2.507400    7.809662   -5.302262 (VIOLATED)
m.u_conv2._3399_/RESET_B                2.507400    7.809590   -5.302189 (VIOLATED)
m.u_conv2._3259_/RESET_B                2.507400    7.809381   -5.301981 (VIOLATED)
m.u_conv2._3651_/RESET_B                2.507400    7.809132   -5.301732 (VIOLATED)
m.u_conv2._3623_/RESET_B                2.507400    7.809062   -5.301662 (VIOLATED)
m.u_conv2._3345_/RESET_B                2.507400    7.808532   -5.301132 (VIOLATED)
m.u_conv2._3569_/RESET_B                2.507400    7.808485   -5.301085 (VIOLATED)
m.u_conv2._3231_/RESET_B                2.507400    7.808047   -5.300647 (VIOLATED)
m.u_conv2._3429_/RESET_B                2.507400    7.807565   -5.300164 (VIOLATED)
m.u_conv2._3261_/RESET_B                2.507400    7.806925   -5.299525 (VIOLATED)
m.u_conv2._3428_/RESET_B                2.507400    7.805917   -5.298517 (VIOLATED)
m.u_conv2._3456_/RESET_B                2.507400    7.805874   -5.298474 (VIOLATED)
m.u_conv2._3371_/RESET_B                2.507400    7.805758   -5.298358 (VIOLATED)
m.u_conv2._3455_/RESET_B                2.507400    7.805371   -5.297971 (VIOLATED)
m.u_conv2._3315_/RESET_B                2.507400    7.805292   -5.297892 (VIOLATED)
m.u_conv2._3343_/RESET_B                2.507400    7.805152   -5.297752 (VIOLATED)
m.u_conv2._3316_/RESET_B                2.507400    7.804194   -5.296794 (VIOLATED)
m.u_conv2._3287_/RESET_B                2.507400    7.803363   -5.295963 (VIOLATED)
m.u_conv2._3567_/RESET_B                2.507400    7.803292   -5.295892 (VIOLATED)
m.u_conv2._3289_/RESET_B                2.507400    7.803186   -5.295786 (VIOLATED)
m.u_conv2._3485_/RESET_B                2.507400    7.803032   -5.295632 (VIOLATED)
m.u_conv2._3344_/RESET_B                2.507400    7.802733   -5.295333 (VIOLATED)
m.u_conv2._3597_/RESET_B                2.507400    7.800836   -5.293436 (VIOLATED)
m.u_conv2._3356_/RESET_B                2.507400    7.799210   -5.291810 (VIOLATED)
m.u_conv2._3341_/RESET_B                2.507400    7.798670   -5.291270 (VIOLATED)
m.u_conv2._3653_/RESET_B                2.507400    7.798668   -5.291267 (VIOLATED)
m.u_conv2._3625_/RESET_B                2.507400    7.798576   -5.291176 (VIOLATED)
m.u_conv2._3285_/RESET_B                2.507400    7.798565   -5.291164 (VIOLATED)
m.u_conv2._3566_/RESET_B                2.507400    7.798467   -5.291067 (VIOLATED)
m.u_conv2._3513_/RESET_B                2.507400    7.798383   -5.290982 (VIOLATED)
m.u_conv2._3233_/RESET_B                2.507400    7.798373   -5.290973 (VIOLATED)
m.u_conv2._3286_/RESET_B                2.507400    7.798219   -5.290819 (VIOLATED)
m.u_conv2._3314_/RESET_B                2.507400    7.797780   -5.290380 (VIOLATED)
m.u_conv2._3565_/RESET_B                2.507400    7.797708   -5.290308 (VIOLATED)
m.u_conv2._3677_/RESET_B                2.507400    7.797667   -5.290267 (VIOLATED)
m.u_conv2._3454_/RESET_B                2.507400    7.797474   -5.290074 (VIOLATED)
m.u_conv2._3397_/RESET_B                2.507400    7.797433   -5.290033 (VIOLATED)
m.u_conv2._3398_/RESET_B                2.507400    7.797403   -5.290003 (VIOLATED)
m.u_conv2._3594_/RESET_B                2.507400    7.797188   -5.289788 (VIOLATED)
m.u_conv2._3538_/RESET_B                2.507400    7.797096   -5.289695 (VIOLATED)
m.u_conv2._3678_/RESET_B                2.507400    7.796515   -5.289115 (VIOLATED)
m.u_conv2._3457_/RESET_B                2.507400    7.796285   -5.288885 (VIOLATED)
m.u_conv2._3317_/RESET_B                2.507400    7.796227   -5.288827 (VIOLATED)
m.u_conv2._3652_/RESET_B                2.507400    7.796024   -5.288624 (VIOLATED)
m.u_conv2._3412_/RESET_B                2.507400    7.795193   -5.287793 (VIOLATED)
m.u_conv2._3664_/RESET_B                2.507400    7.795151   -5.287750 (VIOLATED)
m.u_conv2._3272_/RESET_B                2.507400    7.794560   -5.287160 (VIOLATED)
m.u_conv2._3484_/RESET_B                2.507400    7.794288   -5.286888 (VIOLATED)
m.u_conv2._3372_/RESET_B                2.507400    7.794201   -5.286801 (VIOLATED)
m.u_conv2._3232_/RESET_B                2.507400    7.793968   -5.286568 (VIOLATED)
m.u_conv2._3260_/RESET_B                2.507400    7.793230   -5.285829 (VIOLATED)
m.u_conv2._3596_/RESET_B                2.507400    7.790148   -5.282748 (VIOLATED)
m.u_conv2._3415_/RESET_B                2.507400    7.787855   -5.280455 (VIOLATED)
m.u_conv2._3611_/RESET_B                2.507400    7.787747   -5.280347 (VIOLATED)
m.u_conv2._3499_/RESET_B                2.507400    7.786463   -5.279063 (VIOLATED)
m.u_conv2._3296_/RESET_B                2.507400    7.785746   -5.278346 (VIOLATED)
m.u_conv2._3408_/RESET_B                2.507400    7.785699   -5.278299 (VIOLATED)
m.u_conv2._3352_/RESET_B                2.507400    7.785559   -5.278159 (VIOLATED)
m.u_conv2._3568_/RESET_B                2.507400    7.785388   -5.277988 (VIOLATED)
m.u_conv2._3400_/RESET_B                2.507400    7.785039   -5.277639 (VIOLATED)
m.u_conv2._3540_/RESET_B                2.507400    7.784727   -5.277327 (VIOLATED)
m.u_conv2._3624_/RESET_B                2.507400    7.784340   -5.276940 (VIOLATED)
m.u_conv2._3471_/RESET_B                2.507400    7.781340   -5.273940 (VIOLATED)
m.u_conv2._3268_/RESET_B                2.507400    7.779790   -5.272390 (VIOLATED)
m.u_conv2._3632_/RESET_B                2.507400    7.779738   -5.272338 (VIOLATED)
m.u_conv2._3436_/RESET_B                2.507400    7.779541   -5.272141 (VIOLATED)
m.u_conv2._3324_/RESET_B                2.507400    7.779245   -5.271845 (VIOLATED)
m.u_conv2._3604_/RESET_B                2.507400    7.778836   -5.271436 (VIOLATED)
m.u_conv2._3667_/RESET_B                2.507400    7.776381   -5.268981 (VIOLATED)
m.u_conv2._3247_/RESET_B                2.507400    7.771768   -5.264367 (VIOLATED)
m.u_conv2._3244_/RESET_B                2.507400    7.769669   -5.262269 (VIOLATED)
m.u_conv2._3387_/RESET_B                2.507400    7.766806   -5.259406 (VIOLATED)
m.u_conv2._3583_/RESET_B                2.507400    7.762025   -5.254625 (VIOLATED)
m.u_conv2._3380_/RESET_B                2.507400    7.759710   -5.252310 (VIOLATED)
m.u_conv2._3660_/RESET_B                2.507400    7.759624   -5.252224 (VIOLATED)
m.u_conv2._3548_/RESET_B                2.507400    7.759463   -5.252063 (VIOLATED)
m.u_conv2._3497_/RESET_B                2.507400    7.759360   -5.251960 (VIOLATED)
m.u_conv2._3553_/RESET_B                2.507400    7.759323   -5.251923 (VIOLATED)
m.u_conv2._3525_/RESET_B                2.507400    7.759189   -5.251789 (VIOLATED)
m.u_conv2._3464_/RESET_B                2.507400    7.759009   -5.251609 (VIOLATED)
m.u_conv2._3520_/RESET_B                2.507400    7.758988   -5.251588 (VIOLATED)
m.u_conv2._3381_/RESET_B                2.507400    7.758454   -5.251054 (VIOLATED)
m.u_conv2._3325_/RESET_B                2.507400    7.757813   -5.250413 (VIOLATED)
m.u_conv2._3269_/RESET_B                2.507400    7.757176   -5.249776 (VIOLATED)
m.u_conv2._3521_/RESET_B                2.507400    7.753469   -5.246068 (VIOLATED)
m.u_conv2._3300_/RESET_B                2.507400    7.750177   -5.242777 (VIOLATED)
m.u_conv2._3440_/RESET_B                2.507400    7.750069   -5.242669 (VIOLATED)
m.u_conv2._3636_/RESET_B                2.507400    7.749854   -5.242454 (VIOLATED)
m.u_conv2._3645_/RESET_B                2.507400    7.746438   -5.239038 (VIOLATED)
m.u_conv2._3673_/RESET_B                2.507400    7.745476   -5.238075 (VIOLATED)
m.u_conv2._3576_/RESET_B                2.507400    7.743762   -5.236362 (VIOLATED)
m.u_conv2._3301_/RESET_B                2.507400    7.743670   -5.236270 (VIOLATED)
m.u_conv2._3273_/RESET_B                2.507400    7.743536   -5.236136 (VIOLATED)
m.u_conv2._3637_/RESET_B                2.507400    7.743429   -5.236029 (VIOLATED)
m.u_conv2._3665_/RESET_B                2.507400    7.743310   -5.235910 (VIOLATED)
m.u_conv2._3230_/RESET_B                2.507400    7.743207   -5.235807 (VIOLATED)
m.u_conv2._3229_/RESET_B                2.507400    7.743173   -5.235773 (VIOLATED)
m.u_conv2._3581_/RESET_B                2.507400    7.743022   -5.235622 (VIOLATED)
m.u_conv2._3280_/RESET_B                2.507400    7.742969   -5.235569 (VIOLATED)
m.u_conv2._3413_/RESET_B                2.507400    7.742957   -5.235557 (VIOLATED)
m.u_conv2._3532_/RESET_B                2.507400    7.742769   -5.235369 (VIOLATED)
m.u_conv2._3329_/RESET_B                2.507400    7.742498   -5.235098 (VIOLATED)
m.u_conv2._3336_/RESET_B                2.507400    7.742460   -5.235060 (VIOLATED)
m.u_conv2._3357_/RESET_B                2.507400    7.741982   -5.234581 (VIOLATED)
m.u_conv2._3633_/RESET_B                2.507400    7.741392   -5.233992 (VIOLATED)
m.u_conv2._3385_/RESET_B                2.507400    7.741095   -5.233695 (VIOLATED)
m.u_conv2._3492_/RESET_B                2.507400    7.740129   -5.232729 (VIOLATED)
m.u_conv2._3353_/RESET_B                2.507400    7.739505   -5.232105 (VIOLATED)
m.u_conv2._3609_/RESET_B                2.507400    7.738986   -5.231586 (VIOLATED)
m.u_conv2._3240_/RESET_B                2.507400    7.738895   -5.231495 (VIOLATED)
m.u_conv2._3465_/RESET_B                2.507400    7.738484   -5.231084 (VIOLATED)
m.u_conv2._3493_/RESET_B                2.507400    7.737257   -5.229857 (VIOLATED)
m.u_conv2._3477_/RESET_B                2.507400    7.736951   -5.229551 (VIOLATED)
m.u_conv2._3241_/RESET_B                2.507400    7.736755   -5.229355 (VIOLATED)
m.u_conv2._3393_/RESET_B                2.507400    7.736331   -5.228931 (VIOLATED)
m.u_conv2._3437_/RESET_B                2.507400    7.735069   -5.227669 (VIOLATED)
m.u_conv2._3608_/RESET_B                2.507400    7.728830   -5.221430 (VIOLATED)
m.u_conv2._3328_/RESET_B                2.507400    7.728739   -5.221339 (VIOLATED)
m.u_conv2._3384_/RESET_B                2.507400    7.728528   -5.221128 (VIOLATED)
m.u_conv2._3552_/RESET_B                2.507400    7.728300   -5.220900 (VIOLATED)
m.u_conv2._3580_/RESET_B                2.507400    7.727985   -5.220585 (VIOLATED)
m.u_conv2._3496_/RESET_B                2.507400    7.727597   -5.220196 (VIOLATED)
m.u_conv2._3309_/RESET_B                2.507400    7.727079   -5.219678 (VIOLATED)
m.u_conv2._3524_/RESET_B                2.507400    7.727019   -5.219619 (VIOLATED)
m.u_conv2._3365_/RESET_B                2.507400    7.726703   -5.219303 (VIOLATED)
m.u_conv2._3297_/RESET_B                2.507400    7.724326   -5.216926 (VIOLATED)
m.u_conv2._3469_/RESET_B                2.507400    7.720659   -5.213259 (VIOLATED)
m.u_conv2._3245_/RESET_B                2.507400    7.720606   -5.213205 (VIOLATED)
m.u_conv2._3441_/RESET_B                2.507400    7.720427   -5.213027 (VIOLATED)
m.u_conv2._3526_/RESET_B                2.507400    7.720147   -5.212747 (VIOLATED)
m.u_conv2._3638_/RESET_B                2.507400    7.719813   -5.212413 (VIOLATED)
m.u_conv2._3661_/RESET_B                2.507400    7.718919   -5.211519 (VIOLATED)
m.u_conv2._3616_/RESET_B                2.507400    7.718725   -5.211325 (VIOLATED)
m.u_conv2._3577_/RESET_B                2.507400    7.718136   -5.210735 (VIOLATED)
m.u_conv2._3605_/RESET_B                2.507400    7.717424   -5.210024 (VIOLATED)
m.u_conv2._3617_/RESET_B                2.507400    7.716601   -5.209201 (VIOLATED)
m.u_conv2._3505_/RESET_B                2.507400    7.714943   -5.207543 (VIOLATED)
m.u_conv2._3337_/RESET_B                2.507400    7.711829   -5.204429 (VIOLATED)
m.u_conv2._3421_/RESET_B                2.507400    7.701004   -5.193604 (VIOLATED)
m.u_conv2._3672_/RESET_B                2.507400    7.700409   -5.193009 (VIOLATED)
m.u_conv2._3504_/RESET_B                2.507400    7.700290   -5.192889 (VIOLATED)
m.u_conv2._3588_/RESET_B                2.507400    7.689733   -5.182333 (VIOLATED)
m.u_conv2._3589_/RESET_B                2.507400    7.688078   -5.180678 (VIOLATED)
m.u_conv2._3274_/RESET_B                2.507400    7.687905   -5.180505 (VIOLATED)
m.u_conv2._3330_/RESET_B                2.507400    7.687786   -5.180386 (VIOLATED)
m.u_conv2._3358_/RESET_B                2.507400    7.687542   -5.180142 (VIOLATED)
m.u_conv2._3449_/RESET_B                2.507400    7.687546   -5.180146 (VIOLATED)
m.u_conv2._3498_/RESET_B                2.507400    7.687541   -5.180141 (VIOLATED)
m.u_conv2._3414_/RESET_B                2.507400    7.687464   -5.180064 (VIOLATED)
m.u_conv2._3554_/RESET_B                2.507400    7.686992   -5.179592 (VIOLATED)
m.u_conv2._3666_/RESET_B                2.507400    7.686554   -5.179154 (VIOLATED)
m.u_conv2._3610_/RESET_B                2.507400    7.686506   -5.179106 (VIOLATED)
m.u_conv2._3246_/RESET_B                2.507400    7.686499   -5.179099 (VIOLATED)
m.u_conv2._3386_/RESET_B                2.507400    7.686325   -5.178925 (VIOLATED)
m.u_conv2._3442_/RESET_B                2.507400    7.686075   -5.178675 (VIOLATED)
m.u_conv2._3323_/RESET_B                2.507400    7.685741   -5.178341 (VIOLATED)
m.u_conv2._3575_/RESET_B                2.507400    7.684943   -5.177543 (VIOLATED)
m.u_conv2._3519_/RESET_B                2.507400    7.683772   -5.176372 (VIOLATED)
m.u_conv2._3409_/RESET_B                2.507400    7.682513   -5.175112 (VIOLATED)
m.u_conv2._3549_/RESET_B                2.507400    7.681867   -5.174467 (VIOLATED)
m.u_conv2._3281_/RESET_B                2.507400    7.680955   -5.173555 (VIOLATED)
m.u_conv2._3518_/RESET_B                2.507400    7.680858   -5.173458 (VIOLATED)
m.u_conv2._3602_/RESET_B                2.507400    7.680809   -5.173409 (VIOLATED)
m.u_conv2._3603_/RESET_B                2.507400    7.680662   -5.173262 (VIOLATED)
m.u_conv2._3547_/RESET_B                2.507400    7.680149   -5.172749 (VIOLATED)
m.u_conv2._3253_/RESET_B                2.507400    7.679297   -5.171897 (VIOLATED)
m.u_conv2._3533_/RESET_B                2.507400    7.676857   -5.169457 (VIOLATED)
m.u_conv2._3561_/RESET_B                2.507400    7.674490   -5.167090 (VIOLATED)
m.u_conv2._3364_/RESET_B                2.507400    7.663715   -5.156315 (VIOLATED)
m.u_conv2._3476_/RESET_B                2.507400    7.663658   -5.156257 (VIOLATED)
m.u_conv2._3448_/RESET_B                2.507400    7.663508   -5.156108 (VIOLATED)
m.u_conv2._3420_/RESET_B                2.507400    7.655997   -5.148597 (VIOLATED)
m.u_conv2._3582_/RESET_B                2.507400    7.652399   -5.144999 (VIOLATED)
m.u_conv2._3302_/RESET_B                2.507400    7.652292   -5.144892 (VIOLATED)
m.u_conv2._3470_/RESET_B                2.507400    7.652085   -5.144685 (VIOLATED)
m.u_conv2._3266_/RESET_B                2.507400    7.651757   -5.144357 (VIOLATED)
m.u_conv2._3322_/RESET_B                2.507400    7.651416   -5.144016 (VIOLATED)
m.u_conv2._3658_/RESET_B                2.507400    7.651129   -5.143729 (VIOLATED)
m.u_conv2._3490_/RESET_B                2.507400    7.650823   -5.143423 (VIOLATED)
m.u_conv2._3574_/RESET_B                2.507400    7.650590   -5.143189 (VIOLATED)
m.u_conv2._3462_/RESET_B                2.507400    7.650500   -5.143100 (VIOLATED)
m.u_conv2._3378_/RESET_B                2.507400    7.649819   -5.142419 (VIOLATED)
m.u_conv2._3294_/RESET_B                2.507400    7.649022   -5.141622 (VIOLATED)
m.u_conv2._3238_/RESET_B                2.507400    7.648950   -5.141550 (VIOLATED)
m.u_conv2._3434_/RESET_B                2.507400    7.648824   -5.141424 (VIOLATED)
m.u_conv2._3546_/RESET_B                2.507400    7.648561   -5.141161 (VIOLATED)
m.u_conv2._3239_/RESET_B                2.507400    7.646613   -5.139212 (VIOLATED)
m.u_conv2._3350_/RESET_B                2.507400    7.646054   -5.138654 (VIOLATED)
m.u_conv2._3406_/RESET_B                2.507400    7.646030   -5.138629 (VIOLATED)
m.u_conv2._3630_/RESET_B                2.507400    7.645847   -5.138447 (VIOLATED)
m.u_conv2._3351_/RESET_B                2.507400    7.645653   -5.138253 (VIOLATED)
m.u_conv2._3491_/RESET_B                2.507400    7.645520   -5.138120 (VIOLATED)
m.u_conv2._3659_/RESET_B                2.507400    7.645412   -5.138012 (VIOLATED)
m.u_conv2._3267_/RESET_B                2.507400    7.645358   -5.137957 (VIOLATED)
m.u_conv2._3463_/RESET_B                2.507400    7.645312   -5.137912 (VIOLATED)
m.u_conv2._3631_/RESET_B                2.507400    7.645268   -5.137867 (VIOLATED)
m.u_conv2._3295_/RESET_B                2.507400    7.645166   -5.137766 (VIOLATED)
m.u_conv2._3435_/RESET_B                2.507400    7.644596   -5.137196 (VIOLATED)
m.u_conv2._3379_/RESET_B                2.507400    7.644422   -5.137022 (VIOLATED)
m.u_conv2._3407_/RESET_B                2.507400    7.643993   -5.136593 (VIOLATED)
m.u_conv2._3221_/RESET_B                2.507400    7.643215   -5.135815 (VIOLATED)
m.u_conv2._3222_/RESET_B                2.507400    7.633049   -5.125649 (VIOLATED)
m.u_conv2._3698_/RESET_B                2.507400    7.630144   -5.122744 (VIOLATED)
m.u_conv2._3392_/RESET_B                2.507400    7.630055   -5.122655 (VIOLATED)
m.u_conv2._3308_/RESET_B                2.507400    7.628074   -5.120673 (VIOLATED)
m.u_conv2._3607_/RESET_B                2.507400    7.610440   -5.103039 (VIOLATED)
m.u_conv2._3271_/RESET_B                2.507400    7.610364   -5.102964 (VIOLATED)
m.u_conv2._3523_/RESET_B                2.507400    7.610206   -5.102806 (VIOLATED)
m.u_conv2._3220_/RESET_B                2.507400    7.610056   -5.102656 (VIOLATED)
m.u_conv2._3495_/RESET_B                2.507400    7.609860   -5.102460 (VIOLATED)
m.u_conv2._3467_/RESET_B                2.507400    7.609376   -5.101976 (VIOLATED)
m.u_conv2._3663_/RESET_B                2.507400    7.609344   -5.101944 (VIOLATED)
m.u_conv2._3299_/RESET_B                2.507400    7.609256   -5.101856 (VIOLATED)
m.u_conv2._3439_/RESET_B                2.507400    7.608858   -5.101458 (VIOLATED)
m.u_conv2._3699_/RESET_B                2.507400    7.595801   -5.088401 (VIOLATED)
m.u_conv2._3223_/RESET_B                2.507400    7.595504   -5.088104 (VIOLATED)
m.u_conv2._3703_/RESET_B                2.507400    7.595401   -5.088001 (VIOLATED)
m.u_conv2._3697_/RESET_B                2.507400    7.595182   -5.087782 (VIOLATED)
m.u_conv2._3252_/RESET_B                2.507400    7.594778   -5.087378 (VIOLATED)
m.u_conv2._3560_/RESET_B                2.507400    7.592560   -5.085160 (VIOLATED)
m.u_conv2._3327_/RESET_B                2.507400    7.578283   -5.070883 (VIOLATED)
m.u_conv2._3579_/RESET_B                2.507400    7.578161   -5.070760 (VIOLATED)
m.u_conv2._3383_/RESET_B                2.507400    7.577984   -5.070584 (VIOLATED)
m.u_conv2._3551_/RESET_B                2.507400    7.577683   -5.070283 (VIOLATED)
m.u_conv2._3243_/RESET_B                2.507400    7.577339   -5.069939 (VIOLATED)
m.u_conv2._3411_/RESET_B                2.507400    7.576897   -5.069497 (VIOLATED)
m.u_conv2._3635_/RESET_B                2.507400    7.576667   -5.069267 (VIOLATED)
m.u_conv2._3355_/RESET_B                2.507400    7.576093   -5.068693 (VIOLATED)
m.u_conv2._3701_/RESET_B                2.507400    7.575918   -5.068518 (VIOLATED)
m.u_conv2._3228_/RESET_B                2.507400    7.570204   -5.062804 (VIOLATED)
m.u_conv2._3644_/RESET_B                2.507400    7.564013   -5.056613 (VIOLATED)
m.u_conv2._3702_/RESET_B                2.507400    7.541616   -5.034216 (VIOLATED)
m.u_conv2._3226_/RESET_B                2.507400    7.541520   -5.034120 (VIOLATED)
m.u_conv2._3227_/RESET_B                2.507400    7.541453   -5.034053 (VIOLATED)
m.u_conv2.u_loader._915_/RESET_B        2.507400    7.537545   -5.030145 (VIOLATED)
m.u_conv2.u_loader._913_/RESET_B        2.507400    7.531035   -5.023635 (VIOLATED)
m.u_conv2._3224_/RESET_B                2.507400    7.525447   -5.018047 (VIOLATED)
m.u_conv2.u_loader._914_/RESET_B        2.507400    7.510081   -5.002681 (VIOLATED)
m._287_/RESET_B                         2.507400    7.460545   -4.953145 (VIOLATED)
sram/A_MEN                              0.476000    5.427050   -4.951049 (VIOLATED)
m.u_conv2.u_loader._904_/RESET_B        2.507400    7.429804   -4.922404 (VIOLATED)
m.u_conv2.u_loader._905_/RESET_B        2.507400    7.429727   -4.922327 (VIOLATED)
m.u_conv2.u_loader._901_/RESET_B        2.507400    7.429645   -4.922245 (VIOLATED)
m.u_conv2._3225_/RESET_B                2.507400    7.429020   -4.921620 (VIOLATED)
m.u_conv2.u_loader._918_/RESET_B        2.507400    7.428917   -4.921517 (VIOLATED)
m.u_conv2.u_loader._917_/RESET_B        2.507400    7.428642   -4.921242 (VIOLATED)
m.u_conv2.u_loader._916_/RESET_B        2.507400    7.428038   -4.920638 (VIOLATED)
m.u_conv2._3700_/RESET_B                2.507400    7.426844   -4.919444 (VIOLATED)
m.u_pool2._395_/RESET_B                 2.507400    7.333519   -4.826118 (VIOLATED)
m.u_pool2._394_/RESET_B                 2.507400    7.302625   -4.795225 (VIOLATED)
m.u_pool2._396_/RESET_B                 2.507400    7.278252   -4.770852 (VIOLATED)
m.u_pool2._397_/RESET_B                 2.507400    7.278229   -4.770829 (VIOLATED)
m.u_pool2._390_/RESET_B                 2.507400    7.271116   -4.763716 (VIOLATED)
m.u_pool2._392_/RESET_B                 2.507400    7.225136   -4.717736 (VIOLATED)
m.u_pool2._393_/RESET_B                 2.507400    7.218484   -4.711084 (VIOLATED)
m.u_pool2._389_/RESET_B                 2.507400    7.185608   -4.678208 (VIOLATED)
m.u_pool2._398_/RESET_B                 2.507400    7.168005   -4.660605 (VIOLATED)
m.u_pool2._386_/RESET_B                 2.507400    7.167883   -4.660483 (VIOLATED)
m.u_pool2._387_/RESET_B                 2.507400    7.136531   -4.629131 (VIOLATED)
m.u_pool2._399_/RESET_B                 2.507400    7.088871   -4.581471 (VIOLATED)
m.u_pool2._400_/RESET_B                 2.507400    7.088770   -4.581369 (VIOLATED)
m.u_pool2._388_/RESET_B                 2.507400    7.088623   -4.581223 (VIOLATED)
m.u_pool2._391_/RESET_B                 2.507400    7.079146   -4.571746 (VIOLATED)
m.u_conv2.u_loader._919_/RESET_B        2.507400    7.079124   -4.571724 (VIOLATED)
m.u_pool2._403_/RESET_B                 2.507400    7.079029   -4.571629 (VIOLATED)
m.u_conv2.u_loader._922_/RESET_B        2.507400    7.079024   -4.571624 (VIOLATED)
m.u_conv2.u_loader._921_/RESET_B        2.507400    7.078981   -4.571581 (VIOLATED)
m.u_conv2.u_loader._920_/RESET_B        2.507400    7.078954   -4.571554 (VIOLATED)
m.u_pool2._404_/RESET_B                 2.507400    7.078930   -4.571530 (VIOLATED)
m.u_pool2._380_/RESET_B                 2.507400    7.078869   -4.571469 (VIOLATED)
m.u_pool2._408_/RESET_B                 2.507400    7.078800   -4.571400 (VIOLATED)
m.u_pool2._378_/RESET_B                 2.507400    7.078659   -4.571259 (VIOLATED)
m.u_pool2._383_/RESET_B                 2.507400    7.078083   -4.570683 (VIOLATED)
m.u_pool2._382_/RESET_B                 2.507400    7.076996   -4.569596 (VIOLATED)
m.u_conv2.u_loader._903_/RESET_B        2.507400    7.067070   -4.559670 (VIOLATED)
m.u_conv2.u_loader._906_/RESET_B        2.507400    7.066979   -4.559579 (VIOLATED)
m.u_conv2.u_loader._902_/RESET_B        2.507400    7.066856   -4.559456 (VIOLATED)
m.u_conv2.u_loader._910_/RESET_B        2.507400    7.066595   -4.559195 (VIOLATED)
m.u_conv2.u_loader._907_/RESET_B        2.507400    7.066253   -4.558853 (VIOLATED)
m.u_conv2.u_loader._912_/RESET_B        2.507400    7.066110   -4.558710 (VIOLATED)
m.u_conv2.u_loader._909_/RESET_B        2.507400    7.066021   -4.558621 (VIOLATED)
m.u_conv2.u_loader._908_/RESET_B        2.507400    7.065609   -4.558208 (VIOLATED)
m.u_conv2.u_loader._900_/RESET_B        2.507400    7.065243   -4.557843 (VIOLATED)
m.u_conv2.u_loader._931_/RESET_B        2.507400    7.064776   -4.557376 (VIOLATED)
m.u_conv2.u_loader._934_/RESET_B        2.507400    7.063261   -4.555861 (VIOLATED)
m.u_conv2.u_loader._926_/RESET_B        2.507400    7.058899   -4.551499 (VIOLATED)
m.u_conv2.u_loader._924_/RESET_B        2.507400    7.058386   -4.550986 (VIOLATED)
m.u_conv2.u_loader._923_/RESET_B        2.507400    7.058297   -4.550897 (VIOLATED)
m.u_pool2._381_/RESET_B                 2.507400    7.057419   -4.550019 (VIOLATED)
m.u_pool2._379_/RESET_B                 2.507400    7.054907   -4.547506 (VIOLATED)
m.u_pool2._406_/RESET_B                 2.507400    7.043209   -4.535808 (VIOLATED)
m.u_pool2._377_/RESET_B                 2.507400    6.999856   -4.492456 (VIOLATED)
m.u_pool2._401_/RESET_B                 2.507400    6.967438   -4.460038 (VIOLATED)
m.u_pool1._527_/RESET_B                 2.507400    6.951587   -4.444187 (VIOLATED)
m.u_pool1._526_/RESET_B                 2.507400    6.916754   -4.409353 (VIOLATED)
m.u_conv2.u_loader._925_/RESET_B        2.507400    6.858305   -4.350905 (VIOLATED)
m.u_pool2._385_/RESET_B                 2.507400    6.858006   -4.350606 (VIOLATED)
m.u_pool2._402_/RESET_B                 2.507400    6.857553   -4.350152 (VIOLATED)
m.u_pool2._375_/RESET_B                 2.507400    6.857271   -4.349871 (VIOLATED)
m.u_pool1._524_/RESET_B                 2.507400    6.856960   -4.349560 (VIOLATED)
m.u_pool1._522_/RESET_B                 2.507400    6.852172   -4.344772 (VIOLATED)
m.u_conv3._527_/RESET_B                 2.507400    6.784088   -4.276688 (VIOLATED)
m.u_conv3._535_/RESET_B                 2.507400    6.748411   -4.241011 (VIOLATED)
m.u_conv3._554_/RESET_B                 2.507400    6.729900   -4.222500 (VIOLATED)
m.u_conv3._538_/RESET_B                 2.507400    6.729820   -4.222420 (VIOLATED)
m.u_conv3._530_/RESET_B                 2.507400    6.729734   -4.222334 (VIOLATED)
m.u_conv3._537_/RESET_B                 2.507400    6.729531   -4.222131 (VIOLATED)
m.u_conv3._529_/RESET_B                 2.507400    6.729301   -4.221901 (VIOLATED)
m.u_conv3._553_/RESET_B                 2.507400    6.729222   -4.221822 (VIOLATED)
m.u_conv3._551_/RESET_B                 2.507400    6.728503   -4.221103 (VIOLATED)
m.u_conv3._531_/RESET_B                 2.507400    6.662590   -4.155190 (VIOLATED)
m.u_pool1._520_/RESET_B                 2.507400    6.656276   -4.148876 (VIOLATED)
m.u_pool1._525_/RESET_B                 2.507400    6.656233   -4.148833 (VIOLATED)
m.u_conv3._549_/RESET_B                 2.507400    6.656131   -4.148731 (VIOLATED)
m.u_conv3._533_/RESET_B                 2.507400    6.655928   -4.148528 (VIOLATED)
m.u_conv3._525_/RESET_B                 2.507400    6.655656   -4.148256 (VIOLATED)
m.u_conv3._539_/RESET_B                 2.507400    6.612786   -4.105385 (VIOLATED)
m.u_conv3._555_/RESET_B                 2.507400    6.570910   -4.063510 (VIOLATED)
m.u_conv3._552_/RESET_B                 2.507400    6.513054   -4.005654 (VIOLATED)
m.u_conv3._550_/RESET_B                 2.507400    6.504157   -3.996757 (VIOLATED)
m.u_conv3._534_/RESET_B                 2.507400    6.504082   -3.996682 (VIOLATED)
m.u_conv3._526_/RESET_B                 2.507400    6.503952   -3.996552 (VIOLATED)
m.u_conv3._528_/RESET_B                 2.507400    6.503693   -3.996293 (VIOLATED)
m.u_conv1.u_loader._903_/RESET_B        2.507400    6.502151   -3.994751 (VIOLATED)
m.u_conv1.u_loader._901_/RESET_B        2.507400    6.501866   -3.994466 (VIOLATED)
m.u_conv1.u_loader._934_/RESET_B        2.507400    6.501718   -3.994318 (VIOLATED)
m.u_conv1._486_/RESET_B                 2.507400    6.501646   -3.994246 (VIOLATED)
m.u_conv1.u_loader._910_/RESET_B        2.507400    6.501643   -3.994243 (VIOLATED)
m.u_conv1.u_loader._907_/RESET_B        2.507400    6.501540   -3.994139 (VIOLATED)
m.u_conv1._510_/RESET_B                 2.507400    6.501483   -3.994083 (VIOLATED)
m.u_conv2.u_loader._927_/RESET_B        2.507400    6.501472   -3.994072 (VIOLATED)
m.u_conv1.u_loader._931_/RESET_B        2.507400    6.501457   -3.994057 (VIOLATED)
m.u_conv1._484_/RESET_B                 2.507400    6.501425   -3.994025 (VIOLATED)
m.u_conv2.u_loader._911_/RESET_B        2.507400    6.501422   -3.994022 (VIOLATED)
m.u_conv1.u_loader._900_/RESET_B        2.507400    6.501333   -3.993933 (VIOLATED)
m.u_conv1.u_loader._911_/RESET_B        2.507400    6.501280   -3.993880 (VIOLATED)
m.u_conv1._482_/RESET_B                 2.507400    6.501256   -3.993856 (VIOLATED)
m.u_conv1.u_loader._909_/RESET_B        2.507400    6.501177   -3.993777 (VIOLATED)
m.u_conv1.u_loader._927_/RESET_B        2.507400    6.501149   -3.993749 (VIOLATED)
m.u_conv1.u_loader._908_/RESET_B        2.507400    6.501125   -3.993725 (VIOLATED)
m.u_conv1._481_/RESET_B                 2.507400    6.501045   -3.993645 (VIOLATED)
m.u_conv1._488_/RESET_B                 2.507400    6.500942   -3.993542 (VIOLATED)
m.u_conv1._489_/RESET_B                 2.507400    6.500856   -3.993456 (VIOLATED)
m.u_conv1.u_loader._912_/RESET_B        2.507400    6.500686   -3.993286 (VIOLATED)
m.u_conv1._511_/RESET_B                 2.507400    6.500582   -3.993182 (VIOLATED)
m.u_conv1._485_/RESET_B                 2.507400    6.500577   -3.993177 (VIOLATED)
m.u_conv1._513_/RESET_B                 2.507400    6.500251   -3.992851 (VIOLATED)
m.u_conv1._487_/RESET_B                 2.507400    6.500190   -3.992790 (VIOLATED)
m.u_conv1._508_/RESET_B                 2.507400    6.499804   -3.992404 (VIOLATED)
m.u_conv1._483_/RESET_B                 2.507400    6.499591   -3.992191 (VIOLATED)
m.u_conv1._509_/RESET_B                 2.507400    6.497780   -3.990380 (VIOLATED)
m.u_conv1._480_/RESET_B                 2.507400    6.495732   -3.988332 (VIOLATED)
m.u_conv1._479_/RESET_B                 2.507400    6.494456   -3.987056 (VIOLATED)
m.u_conv2.u_loader._930_/RESET_B        2.507400    6.482560   -3.975160 (VIOLATED)
m.u_conv2.u_loader._928_/RESET_B        2.507400    6.482554   -3.975154 (VIOLATED)
m.u_conv2.u_loader._929_/RESET_B        2.507400    6.482385   -3.974985 (VIOLATED)
m.u_conv2.u_loader._933_/RESET_B        2.507400    6.480145   -3.972745 (VIOLATED)
m.u_conv2.u_loader._932_/RESET_B        2.507400    6.478666   -3.971266 (VIOLATED)
m._284_/RESET_B                         2.507400    6.460927   -3.953527 (VIOLATED)
m.u_pool2._384_/RESET_B                 2.507400    6.458787   -3.951387 (VIOLATED)
m.u_pool2._407_/RESET_B                 2.507400    6.458706   -3.951306 (VIOLATED)
m.u_pool2._374_/RESET_B                 2.507400    6.458652   -3.951252 (VIOLATED)
m.u_pool2._405_/RESET_B                 2.507400    6.458621   -3.951220 (VIOLATED)
m.u_pool2._376_/RESET_B                 2.507400    6.458579   -3.951179 (VIOLATED)
m._288_/RESET_B                         2.507400    6.458421   -3.951021 (VIOLATED)
m.u_pool1._523_/RESET_B                 2.507400    6.458422   -3.951021 (VIOLATED)
m._279_/RESET_B                         2.507400    6.457970   -3.950569 (VIOLATED)
m.u_conv3._536_/RESET_B                 2.507400    6.457751   -3.950351 (VIOLATED)
m.u_pool2._409_/RESET_B                 2.507400    6.454306   -3.946906 (VIOLATED)
m.u_pool1._521_/RESET_B                 2.507400    6.450730   -3.943330 (VIOLATED)
m.u_pool1._517_/RESET_B                 2.507400    6.449125   -3.941725 (VIOLATED)
m.u_pool1._529_/RESET_B                 2.507400    6.443152   -3.935752 (VIOLATED)
m.u_pool1._518_/RESET_B                 2.507400    6.436881   -3.929481 (VIOLATED)
m.u_pool1._531_/RESET_B                 2.507400    6.436807   -3.929407 (VIOLATED)
m.u_pool1._530_/RESET_B                 2.507400    6.436642   -3.929241 (VIOLATED)
m.u_conv3._540_/RESET_B                 2.507400    6.436405   -3.929005 (VIOLATED)
m.u_conv3._556_/RESET_B                 2.507400    6.436130   -3.928730 (VIOLATED)
m.u_conv3._532_/RESET_B                 2.507400    6.431679   -3.924279 (VIOLATED)
m.u_pool1._528_/RESET_B                 2.507400    6.428877   -3.921477 (VIOLATED)
m.u_conv3._578_/RESET_B                 2.507400    6.428218   -3.920818 (VIOLATED)
m.u_conv3._522_/RESET_B                 2.507400    6.385239   -3.877839 (VIOLATED)
m.u_conv3._581_/RESET_B                 2.507400    6.321201   -3.813801 (VIOLATED)
m.u_conv3._562_/RESET_B                 2.507400    6.321114   -3.813714 (VIOLATED)
m.u_conv3._570_/RESET_B                 2.507400    6.320923   -3.813523 (VIOLATED)
m.u_conv3._546_/RESET_B                 2.507400    6.313620   -3.806219 (VIOLATED)
m._283_/RESET_B                         2.507400    6.188831   -3.681431 (VIOLATED)
m._289_/RESET_B                         2.507400    6.188783   -3.681382 (VIOLATED)
m.u_conv3._514_/RESET_B                 2.507400    6.188732   -3.681332 (VIOLATED)
m.u_conv3._515_/RESET_B                 2.507400    6.188504   -3.681104 (VIOLATED)
m.u_conv3._513_/RESET_B                 2.507400    6.188005   -3.680605 (VIOLATED)
m.u_conv3._516_/RESET_B                 2.507400    6.187572   -3.680172 (VIOLATED)
m.u_conv3._561_/RESET_B                 2.507400    6.187323   -3.679922 (VIOLATED)
m.u_conv3._569_/RESET_B                 2.507400    6.186851   -3.679451 (VIOLATED)
m.u_conv3._577_/RESET_B                 2.507400    6.167822   -3.660422 (VIOLATED)
m.u_conv3._545_/RESET_B                 2.507400    6.103891   -3.596491 (VIOLATED)
m.u_conv3._521_/RESET_B                 2.507400    6.066035   -3.558635 (VIOLATED)
m.u_conv1.u_loader._905_/RESET_B        2.507400    6.005282   -3.497882 (VIOLATED)
m.u_conv1.u_loader._902_/RESET_B        2.507400    6.005213   -3.497813 (VIOLATED)
m.u_conv1.u_loader._904_/RESET_B        2.507400    6.005089   -3.497689 (VIOLATED)
m.u_conv1.u_loader._906_/RESET_B        2.507400    6.004813   -3.497413 (VIOLATED)
m.u_conv1.u_loader._913_/RESET_B        2.507400    6.004378   -3.496978 (VIOLATED)
m.u_conv1.u_loader._915_/RESET_B        2.507400    6.004080   -3.496680 (VIOLATED)
m.u_conv1.u_loader._917_/RESET_B        2.507400    6.003808   -3.496407 (VIOLATED)
m.u_conv1.u_loader._918_/RESET_B        2.507400    6.002962   -3.495562 (VIOLATED)
m.u_conv1.u_loader._914_/RESET_B        2.507400    6.002378   -3.494978 (VIOLATED)
m.u_conv1.u_loader._916_/RESET_B        2.507400    6.001389   -3.493989 (VIOLATED)
m.u_conv3._524_/RESET_B                 2.507400    5.999300   -3.491900 (VIOLATED)
m.u_conv1.u_loader._919_/RESET_B        2.507400    5.998735   -3.491335 (VIOLATED)
m.u_conv1.u_loader._920_/RESET_B        2.507400    5.998713   -3.491313 (VIOLATED)
m.u_conv1.u_loader._924_/RESET_B        2.507400    5.998707   -3.491307 (VIOLATED)
m.u_conv1.u_loader._921_/RESET_B        2.507400    5.998559   -3.491158 (VIOLATED)
m.u_conv1.u_loader._925_/RESET_B        2.507400    5.998169   -3.490769 (VIOLATED)
m.u_conv1.u_loader._922_/RESET_B        2.507400    5.997388   -3.489988 (VIOLATED)
m.u_conv1.u_loader._926_/RESET_B        2.507400    5.997321   -3.489920 (VIOLATED)
m.u_conv1.u_loader._930_/RESET_B        2.507400    5.997189   -3.489789 (VIOLATED)
m.u_conv1.u_loader._923_/RESET_B        2.507400    5.997109   -3.489709 (VIOLATED)
m.u_conv1.u_loader._928_/RESET_B        2.507400    5.996871   -3.489470 (VIOLATED)
m.u_conv1.u_loader._932_/RESET_B        2.507400    5.996810   -3.489410 (VIOLATED)
m.u_conv1.u_loader._929_/RESET_B        2.507400    5.983839   -3.476438 (VIOLATED)
m.u_conv1.u_loader._933_/RESET_B        2.507400    5.983745   -3.476345 (VIOLATED)
m.u_conv1._512_/RESET_B                 2.507400    5.983628   -3.476228 (VIOLATED)
m._285_/RESET_B                         2.507400    5.983543   -3.476143 (VIOLATED)
m._282_/RESET_B                         2.507400    5.983325   -3.475924 (VIOLATED)
m.u_mnist_loader._75_/RESET_B           2.507400    5.982118   -3.474718 (VIOLATED)
m._278_/RESET_B                         2.507400    5.981695   -3.474295 (VIOLATED)
m.u_mnist_loader._71_/RESET_B           2.507400    5.980666   -3.473266 (VIOLATED)
m.u_mnist_loader._69_/RESET_B           2.507400    5.977523   -3.470123 (VIOLATED)
m.u_pool1._537_/RESET_B                 2.507400    5.975882   -3.468482 (VIOLATED)
m.u_pool1._533_/RESET_B                 2.507400    5.975804   -3.468404 (VIOLATED)
m.u_pool1._519_/RESET_B                 2.507400    5.975631   -3.468231 (VIOLATED)
m._280_/RESET_B                         2.507400    5.975597   -3.468197 (VIOLATED)
m.u_pool1._539_/RESET_B                 2.507400    5.975508   -3.468108 (VIOLATED)
m.u_pool1._516_/RESET_B                 2.507400    5.975314   -3.467914 (VIOLATED)
m.u_pool1._538_/RESET_B                 2.507400    5.975284   -3.467883 (VIOLATED)
m.u_pool1._534_/RESET_B                 2.507400    5.974782   -3.467382 (VIOLATED)
m._286_/RESET_B                         2.507400    5.974448   -3.467048 (VIOLATED)
m.u_pool1._532_/RESET_B                 2.507400    5.974379   -3.466979 (VIOLATED)
m.u_pool1._512_/RESET_B                 2.507400    5.973878   -3.466478 (VIOLATED)
m.u_mnist_loader._74_/RESET_B           2.507400    5.973307   -3.465906 (VIOLATED)
m.u_mnist_loader._73_/RESET_B           2.507400    5.973273   -3.465873 (VIOLATED)
m.u_mnist_loader._72_/RESET_B           2.507400    5.973145   -3.465745 (VIOLATED)
m.u_mnist_loader._76_/RESET_B           2.507400    5.973011   -3.465611 (VIOLATED)
m.u_pool1._535_/RESET_B                 2.507400    5.972822   -3.465421 (VIOLATED)
m.u_mnist_loader._70_/RESET_B           2.507400    5.972787   -3.465387 (VIOLATED)
m.u_pool1._536_/RESET_B                 2.507400    5.972733   -3.465333 (VIOLATED)
m.u_pool1._513_/RESET_B                 2.507400    5.972438   -3.465038 (VIOLATED)
m.u_pool1._515_/RESET_B                 2.507400    5.971539   -3.464139 (VIOLATED)
m.u_pool1._514_/RESET_B                 2.507400    5.971390   -3.463990 (VIOLATED)
m._281_/RESET_B                         2.507400    5.970087   -3.462687 (VIOLATED)
m.u_pool1._507_/RESET_B                 2.507400    5.969164   -3.461764 (VIOLATED)
m.u_pool1._509_/RESET_B                 2.507400    5.968939   -3.461539 (VIOLATED)
m.u_conv3._582_/RESET_B                 2.507400    5.968904   -3.461503 (VIOLATED)
m.u_pool1._508_/RESET_B                 2.507400    5.968749   -3.461349 (VIOLATED)
m._277_/RESET_B                         2.507400    5.968530   -3.461130 (VIOLATED)
m.u_conv3._583_/RESET_B                 2.507400    5.968082   -3.460682 (VIOLATED)
m.u_conv3._584_/RESET_B                 2.507400    5.967287   -3.459887 (VIOLATED)
m.u_conv3._564_/RESET_B                 2.507400    5.965844   -3.458444 (VIOLATED)
m.u_conv3._580_/RESET_B                 2.507400    5.964286   -3.456886 (VIOLATED)
m.u_conv3._548_/RESET_B                 2.507400    5.962238   -3.454838 (VIOLATED)
m.u_conv3._558_/RESET_B                 2.507400    5.961452   -3.454052 (VIOLATED)
m.u_conv3._560_/RESET_B                 2.507400    5.961352   -3.453952 (VIOLATED)
m.u_conv3._576_/RESET_B                 2.507400    5.961220   -3.453820 (VIOLATED)
m.u_conv3._568_/RESET_B                 2.507400    5.960877   -3.453477 (VIOLATED)
m.u_conv3._572_/RESET_B                 2.507400    5.958751   -3.451350 (VIOLATED)
m.u_pool1._506_/RESET_B                 2.507400    5.957846   -3.450446 (VIOLATED)
m.u_pool1._505_/RESET_B                 2.507400    5.957835   -3.450435 (VIOLATED)
m.u_pool1._504_/RESET_B                 2.507400    5.957506   -3.450106 (VIOLATED)
m.u_conv3._544_/RESET_B                 2.507400    5.956616   -3.449216 (VIOLATED)
m.u_pool1._510_/RESET_B                 2.507400    5.949310   -3.441910 (VIOLATED)
m.u_pool1._511_/RESET_B                 2.507400    5.947387   -3.439987 (VIOLATED)
m.u_conv3._520_/RESET_B                 2.507400    5.943160   -3.435759 (VIOLATED)
m.u_conv3._575_/RESET_B                 2.507400    5.938920   -3.431520 (VIOLATED)
m.u_conv3._559_/RESET_B                 2.507400    5.935658   -3.428258 (VIOLATED)
m.u_conv3._543_/RESET_B                 2.507400    5.931967   -3.424567 (VIOLATED)
m.u_conv3._541_/RESET_B                 2.507400    5.927042   -3.419642 (VIOLATED)
m.u_conv3._547_/RESET_B                 2.507400    5.923610   -3.416210 (VIOLATED)
m.u_conv3._563_/RESET_B                 2.507400    5.921980   -3.414580 (VIOLATED)
m.u_conv3._557_/RESET_B                 2.507400    5.921886   -3.414486 (VIOLATED)
m.u_conv3._571_/RESET_B                 2.507400    5.921756   -3.414356 (VIOLATED)
m.u_conv3._565_/RESET_B                 2.507400    5.921589   -3.414189 (VIOLATED)
m.u_conv3._573_/RESET_B                 2.507400    5.921292   -3.413892 (VIOLATED)
m.u_conv3._579_/RESET_B                 2.507400    5.920934   -3.413534 (VIOLATED)
m.u_conv3._517_/RESET_B                 2.507400    5.920038   -3.412637 (VIOLATED)
m.u_conv3._523_/RESET_B                 2.507400    5.917994   -3.410593 (VIOLATED)
m.u_conv3._567_/RESET_B                 2.507400    5.913927   -3.406526 (VIOLATED)
m.u_conv3._519_/RESET_B                 2.507400    5.913814   -3.406414 (VIOLATED)
m.u_conv3._566_/RESET_B                 2.507400    5.913664   -3.406264 (VIOLATED)
m.u_conv3._518_/RESET_B                 2.507400    5.913413   -3.406013 (VIOLATED)
m.u_conv3._542_/RESET_B                 2.507400    5.913240   -3.405840 (VIOLATED)
m.u_conv3._574_/RESET_B                 2.507400    5.912824   -3.405424 (VIOLATED)
sram/A_CLK                              0.476000    3.851534   -3.375534 (VIOLATED)
m.u_conv2._3654_/CLK                    2.507400    5.567895   -3.060495 (VIOLATED)
m.u_conv2._3374_/CLK                    2.507400    5.567880   -3.060480 (VIOLATED)
m.u_conv2._3539_/CLK                    2.507400    5.567869   -3.060469 (VIOLATED)
m.u_conv2._3511_/CLK                    2.507400    5.567822   -3.060422 (VIOLATED)
m.u_conv2._3346_/CLK                    2.507400    5.567783   -3.060383 (VIOLATED)
m.u_conv2._3403_/CLK                    2.507400    5.567707   -3.060307 (VIOLATED)
m.u_conv2._3598_/CLK                    2.507400    5.567705   -3.060305 (VIOLATED)
m.u_conv2._3514_/CLK                    2.507400    5.567570   -3.060170 (VIOLATED)
m.u_conv2._3483_/CLK                    2.507400    5.567362   -3.059962 (VIOLATED)
m.u_conv2._3595_/CLK                    2.507400    5.567307   -3.059907 (VIOLATED)
m.u_conv2._3430_/CLK                    2.507400    5.567172   -3.059772 (VIOLATED)
m.u_conv2._3458_/CLK                    2.507400    5.566976   -3.059576 (VIOLATED)
m.u_conv2._3401_/CLK                    2.507400    5.566810   -3.059410 (VIOLATED)
m.u_conv2._3373_/CLK                    2.507400    5.566779   -3.059379 (VIOLATED)
m.u_conv2._3262_/CLK                    2.507400    5.566717   -3.059316 (VIOLATED)
m.u_conv2._3542_/CLK                    2.507400    5.566570   -3.059170 (VIOLATED)
m.u_conv2._3626_/CLK                    2.507400    5.566251   -3.058851 (VIOLATED)
m.u_conv2._3318_/CLK                    2.507400    5.565266   -3.057866 (VIOLATED)
m.u_conv2._3347_/CLK                    2.507400    5.564603   -3.057203 (VIOLATED)
m.u_conv2._3375_/CLK                    2.507400    5.564561   -3.057161 (VIOLATED)
m.u_conv2._3348_/CLK                    2.507400    5.564487   -3.057086 (VIOLATED)
m.u_conv2._3404_/CLK                    2.507400    5.564342   -3.056942 (VIOLATED)
m.u_conv2._3656_/CLK                    2.507400    5.564340   -3.056940 (VIOLATED)
m.u_conv2._3376_/CLK                    2.507400    5.564306   -3.056906 (VIOLATED)
m.u_conv2._3431_/CLK                    2.507400    5.564087   -3.056687 (VIOLATED)
m.u_conv2._3516_/CLK                    2.507400    5.564041   -3.056641 (VIOLATED)
m.u_conv2._3544_/CLK                    2.507400    5.563933   -3.056533 (VIOLATED)
m.u_conv2._3432_/CLK                    2.507400    5.563808   -3.056408 (VIOLATED)
m.u_conv2._3541_/CLK                    2.507400    5.563787   -3.056387 (VIOLATED)
m.u_conv2._3402_/CLK                    2.507400    5.563733   -3.056333 (VIOLATED)
m.u_conv2._3319_/CLK                    2.507400    5.563661   -3.056261 (VIOLATED)
m.u_conv2._3570_/CLK                    2.507400    5.563644   -3.056244 (VIOLATED)
m.u_conv2._3290_/CLK                    2.507400    5.563425   -3.056025 (VIOLATED)
m.u_conv2._3600_/CLK                    2.507400    5.563190   -3.055790 (VIOLATED)
m.u_conv2._3264_/CLK                    2.507400    5.563108   -3.055708 (VIOLATED)
m.u_conv2._3627_/CLK                    2.507400    5.562556   -3.055156 (VIOLATED)
m.u_conv2._3291_/CLK                    2.507400    5.562517   -3.055117 (VIOLATED)
m.u_conv2._3488_/CLK                    2.507400    5.562443   -3.055043 (VIOLATED)
m.u_conv2._3486_/CLK                    2.507400    5.562424   -3.055023 (VIOLATED)
m.u_conv2._3459_/CLK                    2.507400    5.562397   -3.054996 (VIOLATED)
m.u_conv2._3292_/CLK                    2.507400    5.562276   -3.054876 (VIOLATED)
m.u_conv2._3263_/CLK                    2.507400    5.562218   -3.054818 (VIOLATED)
m.u_conv2._3599_/CLK                    2.507400    5.562207   -3.054807 (VIOLATED)
m.u_conv2._3487_/CLK                    2.507400    5.562150   -3.054750 (VIOLATED)
m.u_conv2._3572_/CLK                    2.507400    5.562049   -3.054649 (VIOLATED)
m.u_conv2._3460_/CLK                    2.507400    5.561994   -3.054594 (VIOLATED)
m.u_conv2._3320_/CLK                    2.507400    5.561946   -3.054547 (VIOLATED)
m.u_conv2._3628_/CLK                    2.507400    5.561226   -3.053826 (VIOLATED)
m.u_conv2._3571_/CLK                    2.507400    5.560604   -3.053204 (VIOLATED)
m.u_conv2._3377_/CLK                    2.507400    5.560181   -3.052781 (VIOLATED)
m.u_conv2._3517_/CLK                    2.507400    5.560123   -3.052723 (VIOLATED)
m.u_conv2._3512_/CLK                    2.507400    5.559635   -3.052235 (VIOLATED)
m.u_conv2._3515_/CLK                    2.507400    5.559551   -3.052151 (VIOLATED)
m.u_conv2._3543_/CLK                    2.507400    5.559494   -3.052094 (VIOLATED)
m.u_conv2._3433_/CLK                    2.507400    5.559462   -3.052062 (VIOLATED)
m.u_conv2._3655_/CLK                    2.507400    5.559444   -3.052044 (VIOLATED)
m.u_conv2._3545_/CLK                    2.507400    5.559394   -3.051994 (VIOLATED)
m.u_conv2._3601_/CLK                    2.507400    5.559240   -3.051840 (VIOLATED)
m.u_conv2._3321_/CLK                    2.507400    5.558092   -3.050691 (VIOLATED)
m.u_conv2._3249_/CLK                    2.507400    5.557957   -3.050556 (VIOLATED)
m.u_conv2._3612_/CLK                    2.507400    5.557918   -3.050518 (VIOLATED)
m.u_conv2._3657_/CLK                    2.507400    5.557816   -3.050416 (VIOLATED)
m.u_conv2._3293_/CLK                    2.507400    5.557139   -3.049739 (VIOLATED)
m.u_conv2._3349_/CLK                    2.507400    5.556580   -3.049179 (VIOLATED)
m.u_conv2._3489_/CLK                    2.507400    5.553586   -3.046185 (VIOLATED)
m.u_conv2._3234_/CLK                    2.507400    5.550215   -3.042814 (VIOLATED)
m.u_conv2._3235_/CLK                    2.507400    5.550164   -3.042763 (VIOLATED)
m.u_conv2._3236_/CLK                    2.507400    5.550037   -3.042637 (VIOLATED)
m.u_conv2._3573_/CLK                    2.507400    5.549829   -3.042429 (VIOLATED)
m.u_conv2._3237_/CLK                    2.507400    5.547451   -3.040051 (VIOLATED)
m.u_conv2._3629_/CLK                    2.507400    5.545756   -3.038356 (VIOLATED)
m.u_conv2._3444_/CLK                    2.507400    5.545724   -3.038324 (VIOLATED)
m.u_conv2._3332_/CLK                    2.507400    5.545671   -3.038271 (VIOLATED)
m.u_conv2._3248_/CLK                    2.507400    5.545585   -3.038184 (VIOLATED)
m.u_conv2._3405_/CLK                    2.507400    5.545321   -3.037922 (VIOLATED)
m.u_conv2._3265_/CLK                    2.507400    5.544307   -3.036907 (VIOLATED)
m.u_conv2._3555_/CLK                    2.507400    5.539744   -3.032344 (VIOLATED)
m.u_conv2._3461_/CLK                    2.507400    5.539718   -3.032318 (VIOLATED)
m.u_conv2._3298_/CLK                    2.507400    5.539690   -3.032290 (VIOLATED)
m.u_conv2._3606_/CLK                    2.507400    5.539544   -3.032144 (VIOLATED)
m.u_conv2._3360_/CLK                    2.507400    5.538793   -3.031393 (VIOLATED)
m.u_conv2._3668_/CLK                    2.507400    5.538752   -3.031352 (VIOLATED)
m.u_conv2._3557_/CLK                    2.507400    5.538700   -3.031300 (VIOLATED)
m.u_conv2._3417_/CLK                    2.507400    5.538693   -3.031293 (VIOLATED)
m.u_conv2._3361_/CLK                    2.507400    5.538620   -3.031220 (VIOLATED)
m.u_conv2._3669_/CLK                    2.507400    5.538547   -3.031147 (VIOLATED)
m.u_conv2._3445_/CLK                    2.507400    5.538266   -3.030865 (VIOLATED)
m.u_conv2._3389_/CLK                    2.507400    5.538246   -3.030846 (VIOLATED)
m.u_conv2._3502_/CLK                    2.507400    5.538240   -3.030840 (VIOLATED)
m.u_conv2._3501_/CLK                    2.507400    5.538198   -3.030798 (VIOLATED)
m.u_conv2._3277_/CLK                    2.507400    5.537979   -3.030579 (VIOLATED)
m.u_conv2._3522_/CLK                    2.507400    5.537610   -3.030210 (VIOLATED)
m.u_conv2._3473_/CLK                    2.507400    5.537435   -3.030035 (VIOLATED)
m.u_conv2._3305_/CLK                    2.507400    5.537339   -3.029939 (VIOLATED)
m.u_conv2._3529_/CLK                    2.507400    5.537243   -3.029843 (VIOLATED)
m.u_conv2._3613_/CLK                    2.507400    5.536565   -3.029165 (VIOLATED)
m.u_conv2._3585_/CLK                    2.507400    5.536463   -3.029063 (VIOLATED)
m.u_conv2._3641_/CLK                    2.507400    5.536279   -3.028878 (VIOLATED)
m.u_conv2._3333_/CLK                    2.507400    5.535764   -3.028364 (VIOLATED)
m.u_conv2._3472_/CLK                    2.507400    5.534821   -3.027421 (VIOLATED)
m.u_conv2._3276_/CLK                    2.507400    5.533647   -3.026247 (VIOLATED)
m.u_conv2._3410_/CLK                    2.507400    5.533181   -3.025781 (VIOLATED)
m.u_conv2._3382_/CLK                    2.507400    5.533134   -3.025734 (VIOLATED)
m.u_conv2._3556_/CLK                    2.507400    5.532601   -3.025201 (VIOLATED)
m.u_conv2._3494_/CLK                    2.507400    5.531779   -3.024379 (VIOLATED)
m.u_conv2._3500_/CLK                    2.507400    5.531493   -3.024093 (VIOLATED)
m.u_conv2._3388_/CLK                    2.507400    5.530176   -3.022776 (VIOLATED)
m.u_conv2._3584_/CLK                    2.507400    5.530175   -3.022775 (VIOLATED)
m.u_conv2._3648_/CLK                    2.507400    5.529035   -3.021635 (VIOLATED)
m.u_conv2._3528_/CLK                    2.507400    5.528352   -3.020952 (VIOLATED)
m.u_conv2._3304_/CLK                    2.507400    5.527814   -3.020414 (VIOLATED)
m.u_conv2._3275_/CLK                    2.507400    5.526961   -3.019561 (VIOLATED)
m.u_conv2._3331_/CLK                    2.507400    5.526918   -3.019518 (VIOLATED)
m.u_conv2._3466_/CLK                    2.507400    5.526838   -3.019438 (VIOLATED)
m.u_conv2._3634_/CLK                    2.507400    5.526722   -3.019322 (VIOLATED)
m.u_conv2._3326_/CLK                    2.507400    5.526528   -3.019128 (VIOLATED)
m.u_conv2._3242_/CLK                    2.507400    5.526310   -3.018910 (VIOLATED)
m.u_conv2._3640_/CLK                    2.507400    5.525834   -3.018434 (VIOLATED)
m.u_conv2._3416_/CLK                    2.507400    5.525026   -3.017626 (VIOLATED)
m.u_conv2._3255_/CLK                    2.507400    5.524026   -3.016626 (VIOLATED)
m.u_conv2._3479_/CLK                    2.507400    5.522087   -3.014686 (VIOLATED)
m.u_conv2._3283_/CLK                    2.507400    5.517036   -3.009636 (VIOLATED)
m.u_conv2._3423_/CLK                    2.507400    5.514408   -3.007008 (VIOLATED)
m.u_conv2._3362_/CLK                    2.507400    5.510146   -3.002746 (VIOLATED)
m.u_conv2._3670_/CLK                    2.507400    5.510122   -3.002722 (VIOLATED)
m.u_conv2._3558_/CLK                    2.507400    5.510035   -3.002634 (VIOLATED)
m.u_conv2._3418_/CLK                    2.507400    5.509911   -3.002511 (VIOLATED)
m.u_conv2._3390_/CLK                    2.507400    5.509707   -3.002307 (VIOLATED)
m.u_conv2._3446_/CLK                    2.507400    5.509652   -3.002251 (VIOLATED)
m.u_conv2._3614_/CLK                    2.507400    5.509346   -3.001946 (VIOLATED)
m.u_conv2._3278_/CLK                    2.507400    5.509343   -3.001943 (VIOLATED)
m.u_conv2._3586_/CLK                    2.507400    5.508921   -3.001520 (VIOLATED)
m.u_conv2._3306_/CLK                    2.507400    5.508807   -3.001407 (VIOLATED)
m.u_conv2._3307_/CLK                    2.507400    5.508294   -3.000894 (VIOLATED)
m.u_conv2._3334_/CLK                    2.507400    5.508139   -3.000739 (VIOLATED)
m.u_conv2._3615_/CLK                    2.507400    5.507433   -3.000033 (VIOLATED)
m.u_conv2._3474_/CLK                    2.507400    5.507287   -2.999886 (VIOLATED)
m.u_conv2._3530_/CLK                    2.507400    5.507234   -2.999834 (VIOLATED)
m.u_conv2._3250_/CLK                    2.507400    5.507161   -2.999761 (VIOLATED)
m.u_conv2._3642_/CLK                    2.507400    5.507161   -2.999761 (VIOLATED)
m.u_conv2._3587_/CLK                    2.507400    5.507130   -2.999730 (VIOLATED)
m.u_conv2._3671_/CLK                    2.507400    5.507128   -2.999728 (VIOLATED)
m.u_conv2._3643_/CLK                    2.507400    5.506956   -2.999555 (VIOLATED)
m.u_conv2._3251_/CLK                    2.507400    5.506579   -2.999179 (VIOLATED)
m.u_conv2._3535_/CLK                    2.507400    5.506473   -2.999073 (VIOLATED)
m.u_conv2._3619_/CLK                    2.507400    5.506419   -2.999018 (VIOLATED)
m.u_conv2._3503_/CLK                    2.507400    5.506200   -2.998801 (VIOLATED)
m.u_conv2._3391_/CLK                    2.507400    5.504041   -2.996641 (VIOLATED)
m.u_conv2._3419_/CLK                    2.507400    5.503869   -2.996469 (VIOLATED)
m.u_conv2._3363_/CLK                    2.507400    5.503686   -2.996286 (VIOLATED)
m.u_conv2._3475_/CLK                    2.507400    5.503622   -2.996222 (VIOLATED)
m.u_conv2._3531_/CLK                    2.507400    5.503517   -2.996116 (VIOLATED)
m.u_conv2._3447_/CLK                    2.507400    5.503345   -2.995944 (VIOLATED)
m.u_conv2._3443_/CLK                    2.507400    5.502656   -2.995256 (VIOLATED)
m.u_conv2._3354_/CLK                    2.507400    5.502604   -2.995204 (VIOLATED)
m.u_conv2._3578_/CLK                    2.507400    5.502473   -2.995073 (VIOLATED)
m.u_conv2._3282_/CLK                    2.507400    5.502341   -2.994941 (VIOLATED)
m.u_conv2._3478_/CLK                    2.507400    5.502290   -2.994890 (VIOLATED)
m.u_conv2._3550_/CLK                    2.507400    5.502210   -2.994809 (VIOLATED)
m.u_conv2._3662_/CLK                    2.507400    5.502151   -2.994751 (VIOLATED)
m.u_conv2._3422_/CLK                    2.507400    5.501834   -2.994434 (VIOLATED)
m.u_conv2._3480_/CLK                    2.507400    5.501650   -2.994250 (VIOLATED)
m.u_conv2._3312_/CLK                    2.507400    5.501616   -2.994216 (VIOLATED)
m.u_conv2._3536_/CLK                    2.507400    5.501530   -2.994130 (VIOLATED)
m.u_conv2._3506_/CLK                    2.507400    5.500432   -2.993032 (VIOLATED)
m.u_conv2._3284_/CLK                    2.507400    5.499424   -2.992024 (VIOLATED)
m.u_conv2._3559_/CLK                    2.507400    5.497037   -2.989637 (VIOLATED)
m.u_conv2._3279_/CLK                    2.507400    5.496987   -2.989587 (VIOLATED)
m.u_conv2._3508_/CLK                    2.507400    5.496978   -2.989578 (VIOLATED)
m.u_conv2._3335_/CLK                    2.507400    5.496881   -2.989480 (VIOLATED)
m.u_conv2._3620_/CLK                    2.507400    5.496645   -2.989245 (VIOLATED)
m.u_conv2._3564_/CLK                    2.507400    5.496628   -2.989228 (VIOLATED)
m.u_conv2._3340_/CLK                    2.507400    5.496438   -2.989038 (VIOLATED)
m.u_conv2._3676_/CLK                    2.507400    5.496431   -2.989031 (VIOLATED)
m.u_conv2._3256_/CLK                    2.507400    5.496373   -2.988973 (VIOLATED)
m.u_conv2._3592_/CLK                    2.507400    5.495968   -2.988568 (VIOLATED)
m.u_conv2._3396_/CLK                    2.507400    5.495609   -2.988209 (VIOLATED)
m.u_conv2._3424_/CLK                    2.507400    5.495108   -2.987708 (VIOLATED)
m.u_conv2._3510_/CLK                    2.507400    5.493185   -2.985785 (VIOLATED)
m.u_conv2._3622_/CLK                    2.507400    5.491627   -2.984227 (VIOLATED)
m.u_conv2._3342_/CLK                    2.507400    5.491270   -2.983869 (VIOLATED)
m.u_conv2._3674_/CLK                    2.507400    5.491248   -2.983848 (VIOLATED)
m.u_conv2._3426_/CLK                    2.507400    5.488432   -2.981032 (VIOLATED)
m.u_conv2._3258_/CLK                    2.507400    5.488146   -2.980746 (VIOLATED)
m.u_conv2._3339_/CLK                    2.507400    5.486045   -2.978645 (VIOLATED)
m.u_conv2._3650_/CLK                    2.507400    5.485532   -2.978132 (VIOLATED)
m.u_conv2._3451_/CLK                    2.507400    5.483429   -2.976029 (VIOLATED)
m.u_conv2._3368_/CLK                    2.507400    5.483084   -2.975684 (VIOLATED)
m.u_conv2._3452_/CLK                    2.507400    5.483060   -2.975660 (VIOLATED)
m.u_conv2._3563_/CLK                    2.507400    5.483018   -2.975618 (VIOLATED)
m.u_conv2._3370_/CLK                    2.507400    5.482934   -2.975534 (VIOLATED)
m.u_conv2._3507_/CLK                    2.507400    5.482805   -2.975405 (VIOLATED)
m.u_conv2._3482_/CLK                    2.507400    5.482678   -2.975278 (VIOLATED)
m.u_conv2._3257_/CLK                    2.507400    5.482574   -2.975173 (VIOLATED)
m.u_conv2._3593_/CLK                    2.507400    5.482539   -2.975139 (VIOLATED)
m.u_conv2._3509_/CLK                    2.507400    5.482489   -2.975089 (VIOLATED)
m.u_conv2._3481_/CLK                    2.507400    5.482421   -2.975021 (VIOLATED)
m.u_conv2._3621_/CLK                    2.507400    5.482292   -2.974892 (VIOLATED)
m.u_conv2._3425_/CLK                    2.507400    5.482019   -2.974619 (VIOLATED)
m.u_conv2._3649_/CLK                    2.507400    5.477666   -2.970266 (VIOLATED)
m.u_conv2._3270_/CLK                    2.507400    5.477000   -2.969600 (VIOLATED)
m.u_conv2._3438_/CLK                    2.507400    5.476968   -2.969568 (VIOLATED)
m.u_conv2._3254_/CLK                    2.507400    5.476908   -2.969508 (VIOLATED)
m.u_conv2._3590_/CLK                    2.507400    5.476750   -2.969350 (VIOLATED)
m.u_conv2._3313_/CLK                    2.507400    5.476611   -2.969210 (VIOLATED)
m.u_conv2._3310_/CLK                    2.507400    5.476564   -2.969164 (VIOLATED)
m.u_conv2._3366_/CLK                    2.507400    5.476157   -2.968757 (VIOLATED)
m.u_conv2._3453_/CLK                    2.507400    5.473125   -2.965725 (VIOLATED)
m.u_conv2._3647_/CLK                    2.507400    5.471758   -2.964358 (VIOLATED)
m.u_conv2._3537_/CLK                    2.507400    5.471728   -2.964328 (VIOLATED)
m.u_conv2._3367_/CLK                    2.507400    5.470961   -2.963561 (VIOLATED)
m.u_conv2._3369_/CLK                    2.507400    5.467202   -2.959802 (VIOLATED)
m.u_conv2._3646_/CLK                    2.507400    5.465767   -2.958367 (VIOLATED)
m.u_conv2._3450_/CLK                    2.507400    5.465744   -2.958344 (VIOLATED)
m.u_conv2._3618_/CLK                    2.507400    5.465580   -2.958179 (VIOLATED)
m.u_conv2._3675_/CLK                    2.507400    5.463616   -2.956216 (VIOLATED)
m.u_conv2._3311_/CLK                    2.507400    5.462090   -2.954690 (VIOLATED)
m.u_conv2._3395_/CLK                    2.507400    5.455132   -2.947732 (VIOLATED)
m.u_conv2._3591_/CLK                    2.507400    5.441542   -2.934142 (VIOLATED)
m.u_conv2._3394_/CLK                    2.507400    5.440066   -2.932666 (VIOLATED)
m.u_conv2._3338_/CLK                    2.507400    5.440029   -2.932629 (VIOLATED)
m.u_conv2._3534_/CLK                    2.507400    5.440031   -2.932630 (VIOLATED)
m.u_conv2._3562_/CLK                    2.507400    5.439913   -2.932513 (VIOLATED)
m.u_conv2._3427_/CLK                    2.507400    5.428314   -2.920913 (VIOLATED)
m.u_conv2._3399_/CLK                    2.507400    5.428268   -2.920868 (VIOLATED)
m.u_conv2._3259_/CLK                    2.507400    5.428133   -2.920732 (VIOLATED)
m.u_conv2._3651_/CLK                    2.507400    5.427967   -2.920567 (VIOLATED)
m.u_conv2._3623_/CLK                    2.507400    5.427922   -2.920522 (VIOLATED)
m.u_conv2._3345_/CLK                    2.507400    5.427573   -2.920173 (VIOLATED)
m.u_conv2._3569_/CLK                    2.507400    5.427539   -2.920139 (VIOLATED)
m.u_conv2._3231_/CLK                    2.507400    5.427251   -2.919851 (VIOLATED)
m.u_conv2._3429_/CLK                    2.507400    5.426934   -2.919533 (VIOLATED)
m.u_conv2._3468_/CLK                    2.507400    5.426517   -2.919117 (VIOLATED)
m.u_conv2._3261_/CLK                    2.507400    5.426512   -2.919112 (VIOLATED)
m.u_conv2._3428_/CLK                    2.507400    5.425840   -2.918440 (VIOLATED)
m.u_conv2._3456_/CLK                    2.507400    5.425814   -2.918414 (VIOLATED)
m.u_conv2._3371_/CLK                    2.507400    5.425740   -2.918340 (VIOLATED)
m.u_conv2._3455_/CLK                    2.507400    5.425481   -2.918081 (VIOLATED)
m.u_conv2._3315_/CLK                    2.507400    5.425430   -2.918030 (VIOLATED)
m.u_conv2._3343_/CLK                    2.507400    5.425340   -2.917940 (VIOLATED)
m.u_conv2._3316_/CLK                    2.507400    5.424709   -2.917309 (VIOLATED)
m.u_conv2._3287_/CLK                    2.507400    5.424148   -2.916747 (VIOLATED)
m.u_conv2._3567_/CLK                    2.507400    5.424104   -2.916703 (VIOLATED)
m.u_conv2._3289_/CLK                    2.507400    5.424035   -2.916635 (VIOLATED)
m.u_conv2._3485_/CLK                    2.507400    5.423936   -2.916536 (VIOLATED)
m.u_conv2._3344_/CLK                    2.507400    5.423743   -2.916343 (VIOLATED)
m.u_conv2._3597_/CLK                    2.507400    5.422493   -2.915093 (VIOLATED)
m.u_conv2._3653_/CLK                    2.507400    5.421058   -2.913657 (VIOLATED)
m.u_conv2._3625_/CLK                    2.507400    5.421000   -2.913599 (VIOLATED)
m.u_conv2._3513_/CLK                    2.507400    5.420874   -2.913474 (VIOLATED)
m.u_conv2._3233_/CLK                    2.507400    5.420867   -2.913467 (VIOLATED)
m.u_conv2._3457_/CLK                    2.507400    5.419482   -2.912082 (VIOLATED)
m.u_conv2._3317_/CLK                    2.507400    5.419446   -2.912046 (VIOLATED)
m.u_conv2._3652_/CLK                    2.507400    5.419316   -2.911916 (VIOLATED)
m.u_conv2._3356_/CLK                    2.507400    5.419068   -2.911668 (VIOLATED)
m.u_conv2._3341_/CLK                    2.507400    5.418796   -2.911396 (VIOLATED)
m.u_conv2._3285_/CLK                    2.507400    5.418729   -2.911329 (VIOLATED)
m.u_conv2._3566_/CLK                    2.507400    5.418664   -2.911263 (VIOLATED)
m.u_conv2._3286_/CLK                    2.507400    5.418502   -2.911102 (VIOLATED)
m.u_conv2._3288_/CLK                    2.507400    5.418390   -2.910990 (VIOLATED)
m.u_conv2._3484_/CLK                    2.507400    5.418356   -2.910956 (VIOLATED)
m.u_conv2._3372_/CLK                    2.507400    5.418259   -2.910859 (VIOLATED)
m.u_conv2._3314_/CLK                    2.507400    5.418212   -2.910812 (VIOLATED)
m.u_conv2._3565_/CLK                    2.507400    5.418152   -2.910752 (VIOLATED)
m.u_conv2._3677_/CLK                    2.507400    5.418127   -2.910727 (VIOLATED)
m.u_conv2._3232_/CLK                    2.507400    5.418030   -2.910630 (VIOLATED)
m.u_conv2._3454_/CLK                    2.507400    5.418004   -2.910603 (VIOLATED)
m.u_conv2._3397_/CLK                    2.507400    5.417974   -2.910574 (VIOLATED)
m.u_conv2._3398_/CLK                    2.507400    5.417960   -2.910559 (VIOLATED)
m.u_conv2._3594_/CLK                    2.507400    5.417819   -2.910419 (VIOLATED)
m.u_conv2._3538_/CLK                    2.507400    5.417756   -2.910356 (VIOLATED)
m.u_conv2._3260_/CLK                    2.507400    5.417460   -2.910060 (VIOLATED)
m.u_conv2._3678_/CLK                    2.507400    5.417374   -2.909974 (VIOLATED)
m.u_conv2._3412_/CLK                    2.507400    5.416490   -2.909090 (VIOLATED)
m.u_conv2._3664_/CLK                    2.507400    5.416463   -2.909063 (VIOLATED)
m.u_conv2._3272_/CLK                    2.507400    5.416074   -2.908674 (VIOLATED)
m.u_conv2._3596_/CLK                    2.507400    5.415361   -2.907961 (VIOLATED)
m.u_conv2._3611_/CLK                    2.507400    5.413690   -2.906290 (VIOLATED)
m.u_conv2._3499_/CLK                    2.507400    5.412877   -2.905476 (VIOLATED)
m.u_conv2._3296_/CLK                    2.507400    5.412369   -2.904969 (VIOLATED)
m.u_conv2._3408_/CLK                    2.507400    5.412340   -2.904940 (VIOLATED)
m.u_conv2._3352_/CLK                    2.507400    5.412251   -2.904851 (VIOLATED)
m.u_conv2._3568_/CLK                    2.507400    5.412142   -2.904742 (VIOLATED)
m.u_conv2._3400_/CLK                    2.507400    5.411919   -2.904519 (VIOLATED)
m.u_conv2._3540_/CLK                    2.507400    5.411717   -2.904317 (VIOLATED)
m.u_conv2._3624_/CLK                    2.507400    5.411469   -2.904069 (VIOLATED)
m.u_conv2._3471_/CLK                    2.507400    5.409497   -2.902097 (VIOLATED)
m.u_conv2._3268_/CLK                    2.507400    5.408473   -2.901072 (VIOLATED)
m.u_conv2._3632_/CLK                    2.507400    5.408440   -2.901040 (VIOLATED)
m.u_conv2._3436_/CLK                    2.507400    5.408312   -2.900912 (VIOLATED)
m.u_conv2._3324_/CLK                    2.507400    5.408118   -2.900717 (VIOLATED)
m.u_conv2._3604_/CLK                    2.507400    5.407848   -2.900448 (VIOLATED)
m.u_conv2._3667_/CLK                    2.507400    5.406227   -2.898827 (VIOLATED)
m.u_conv2._3415_/CLK                    2.507400    5.404932   -2.897532 (VIOLATED)
m.u_conv2._3359_/CLK                    2.507400    5.404906   -2.897506 (VIOLATED)
m.u_conv2._3639_/CLK                    2.507400    5.404822   -2.897422 (VIOLATED)
m.u_conv2._3527_/CLK                    2.507400    5.404605   -2.897205 (VIOLATED)
m.u_conv2._3303_/CLK                    2.507400    5.404254   -2.896854 (VIOLATED)
m.u_conv2._3247_/CLK                    2.507400    5.403113   -2.895713 (VIOLATED)
m.u_conv2._3244_/CLK                    2.507400    5.399881   -2.892481 (VIOLATED)
m.u_conv2._3387_/CLK                    2.507400    5.399510   -2.892110 (VIOLATED)
m.u_conv2._3583_/CLK                    2.507400    5.396043   -2.888643 (VIOLATED)
m.u_conv2._3380_/CLK                    2.507400    5.394158   -2.886758 (VIOLATED)
m.u_conv2._3660_/CLK                    2.507400    5.394104   -2.886704 (VIOLATED)
m.u_conv2._3548_/CLK                    2.507400    5.394001   -2.886601 (VIOLATED)
m.u_conv2._3497_/CLK                    2.507400    5.393919   -2.886519 (VIOLATED)
m.u_conv2._3553_/CLK                    2.507400    5.393896   -2.886496 (VIOLATED)
m.u_conv2._3525_/CLK                    2.507400    5.393811   -2.886411 (VIOLATED)
m.u_conv2._3464_/CLK                    2.507400    5.393702   -2.886302 (VIOLATED)
m.u_conv2._3520_/CLK                    2.507400    5.393683   -2.886283 (VIOLATED)
m.u_conv2._3381_/CLK                    2.507400    5.393336   -2.885936 (VIOLATED)
m.u_conv2._3325_/CLK                    2.507400    5.392915   -2.885515 (VIOLATED)
m.u_conv2._3269_/CLK                    2.507400    5.392498   -2.885098 (VIOLATED)
m.u_conv2._3521_/CLK                    2.507400    5.389883   -2.882482 (VIOLATED)
m.u_conv2._3300_/CLK                    2.507400    5.387217   -2.879817 (VIOLATED)
m.u_conv2._3440_/CLK                    2.507400    5.387148   -2.879748 (VIOLATED)
m.u_conv2._3636_/CLK                    2.507400    5.387007   -2.879606 (VIOLATED)
m.u_conv2._3645_/CLK                    2.507400    5.384868   -2.877468 (VIOLATED)
m.u_conv2._3673_/CLK                    2.507400    5.384188   -2.876788 (VIOLATED)
m.u_conv2._3230_/CLK                    2.507400    5.382690   -2.875290 (VIOLATED)
m.u_conv2._3229_/CLK                    2.507400    5.382668   -2.875268 (VIOLATED)
m.u_conv2._3280_/CLK                    2.507400    5.382534   -2.875134 (VIOLATED)
m.u_conv2._3576_/CLK                    2.507400    5.382473   -2.875072 (VIOLATED)
m.u_conv2._3301_/CLK                    2.507400    5.382414   -2.875014 (VIOLATED)
m.u_conv2._3532_/CLK                    2.507400    5.382403   -2.875003 (VIOLATED)
m.u_conv2._3273_/CLK                    2.507400    5.382326   -2.874926 (VIOLATED)
m.u_conv2._3637_/CLK                    2.507400    5.382255   -2.874855 (VIOLATED)
m.u_conv2._3336_/CLK                    2.507400    5.382199   -2.874799 (VIOLATED)
m.u_conv2._3665_/CLK                    2.507400    5.382179   -2.874779 (VIOLATED)
m.u_conv2._3581_/CLK                    2.507400    5.381982   -2.874582 (VIOLATED)
m.u_conv2._3413_/CLK                    2.507400    5.381942   -2.874542 (VIOLATED)
m.u_conv2._3329_/CLK                    2.507400    5.381640   -2.874240 (VIOLATED)
m.u_conv2._3357_/CLK                    2.507400    5.381298   -2.873898 (VIOLATED)
m.u_conv2._3633_/CLK                    2.507400    5.381280   -2.873880 (VIOLATED)
m.u_conv2._3385_/CLK                    2.507400    5.380714   -2.873314 (VIOLATED)
m.u_conv2._3492_/CLK                    2.507400    5.380076   -2.872676 (VIOLATED)
m.u_conv2._3353_/CLK                    2.507400    5.379664   -2.872264 (VIOLATED)
m.u_conv2._3609_/CLK                    2.507400    5.379318   -2.871917 (VIOLATED)
m.u_conv2._3240_/CLK                    2.507400    5.379260   -2.871860 (VIOLATED)
m.u_conv2._3465_/CLK                    2.507400    5.378991   -2.871591 (VIOLATED)
m.u_conv2._3493_/CLK                    2.507400    5.378179   -2.870779 (VIOLATED)
m.u_conv2._3477_/CLK                    2.507400    5.378131   -2.870731 (VIOLATED)
m.u_conv2._3241_/CLK                    2.507400    5.377850   -2.870450 (VIOLATED)
m.u_conv2._3393_/CLK                    2.507400    5.377685   -2.870285 (VIOLATED)
m.u_conv2._3437_/CLK                    2.507400    5.376736   -2.869336 (VIOLATED)
m.u_conv2._3608_/CLK                    2.507400    5.373356   -2.865956 (VIOLATED)
m.u_conv2._3328_/CLK                    2.507400    5.373298   -2.865898 (VIOLATED)
m.u_conv2._3384_/CLK                    2.507400    5.373159   -2.865759 (VIOLATED)
m.u_conv2._3552_/CLK                    2.507400    5.373008   -2.865608 (VIOLATED)
m.u_conv2._3580_/CLK                    2.507400    5.372800   -2.865401 (VIOLATED)
m.u_conv2._3496_/CLK                    2.507400    5.372544   -2.865144 (VIOLATED)
m.u_conv2._3524_/CLK                    2.507400    5.372162   -2.864762 (VIOLATED)
m.u_conv2._3309_/CLK                    2.507400    5.371196   -2.863796 (VIOLATED)
m.u_conv2._3365_/CLK                    2.507400    5.370927   -2.863527 (VIOLATED)
m.u_conv2._3297_/CLK                    2.507400    5.369269   -2.861869 (VIOLATED)
m.u_conv2._3616_/CLK                    2.507400    5.366759   -2.859359 (VIOLATED)
m.u_conv2._3469_/CLK                    2.507400    5.366560   -2.859161 (VIOLATED)
m.u_conv2._3245_/CLK                    2.507400    5.366527   -2.859126 (VIOLATED)
m.u_conv2._3441_/CLK                    2.507400    5.366413   -2.859013 (VIOLATED)
m.u_conv2._3526_/CLK                    2.507400    5.366230   -2.858829 (VIOLATED)
m.u_conv2._3638_/CLK                    2.507400    5.366011   -2.858611 (VIOLATED)
m.u_conv2._3661_/CLK                    2.507400    5.365420   -2.858020 (VIOLATED)
m.u_conv2._3577_/CLK                    2.507400    5.364895   -2.857495 (VIOLATED)
m.u_conv2._3605_/CLK                    2.507400    5.364419   -2.857019 (VIOLATED)
m.u_conv2._3617_/CLK                    2.507400    5.363865   -2.856465 (VIOLATED)
m.u_conv2._3505_/CLK                    2.507400    5.362724   -2.855324 (VIOLATED)
m.u_conv2._3337_/CLK                    2.507400    5.360555   -2.853155 (VIOLATED)
m.u_conv2._3672_/CLK                    2.507400    5.354839   -2.847439 (VIOLATED)
m.u_conv2._3504_/CLK                    2.507400    5.354763   -2.847363 (VIOLATED)
m.u_conv2._3421_/CLK                    2.507400    5.353033   -2.845632 (VIOLATED)
m.u_conv2._3588_/CLK                    2.507400    5.347888   -2.840488 (VIOLATED)
m.u_conv2._3589_/CLK                    2.507400    5.344048   -2.836648 (VIOLATED)
m.u_conv2._3449_/CLK                    2.507400    5.343673   -2.836273 (VIOLATED)
m.u_conv2._3274_/CLK                    2.507400    5.343509   -2.836109 (VIOLATED)
m.u_conv2._3330_/CLK                    2.507400    5.343432   -2.836032 (VIOLATED)
m.u_conv2._3358_/CLK                    2.507400    5.343268   -2.835868 (VIOLATED)
m.u_conv2._3498_/CLK                    2.507400    5.343270   -2.835870 (VIOLATED)
m.u_conv2._3414_/CLK                    2.507400    5.343217   -2.835817 (VIOLATED)
m.u_conv2._3554_/CLK                    2.507400    5.342906   -2.835505 (VIOLATED)
m.u_conv2._3666_/CLK                    2.507400    5.342597   -2.835197 (VIOLATED)
m.u_conv2._3610_/CLK                    2.507400    5.342583   -2.835182 (VIOLATED)
m.u_conv2._3246_/CLK                    2.507400    5.342564   -2.835163 (VIOLATED)
m.u_conv2._3386_/CLK                    2.507400    5.342453   -2.835053 (VIOLATED)
m.u_conv2._3442_/CLK                    2.507400    5.342292   -2.834893 (VIOLATED)
m.u_conv2._3323_/CLK                    2.507400    5.342076   -2.834676 (VIOLATED)
m.u_conv2._3575_/CLK                    2.507400    5.341549   -2.834149 (VIOLATED)
m.u_conv2._3519_/CLK                    2.507400    5.340778   -2.833378 (VIOLATED)
m.u_conv2._3409_/CLK                    2.507400    5.339947   -2.832547 (VIOLATED)
m.u_conv2._3549_/CLK                    2.507400    5.339520   -2.832119 (VIOLATED)
m.u_conv2._3281_/CLK                    2.507400    5.338921   -2.831520 (VIOLATED)
m.u_conv2._3518_/CLK                    2.507400    5.338848   -2.831448 (VIOLATED)
m.u_conv2._3602_/CLK                    2.507400    5.338818   -2.831418 (VIOLATED)
m.u_conv2._3603_/CLK                    2.507400    5.338725   -2.831325 (VIOLATED)
m.u_conv2._3547_/CLK                    2.507400    5.338393   -2.830993 (VIOLATED)
m.u_conv2._3253_/CLK                    2.507400    5.337825   -2.830425 (VIOLATED)
m.u_conv2._3533_/CLK                    2.507400    5.336205   -2.828805 (VIOLATED)
m.u_conv2._3561_/CLK                    2.507400    5.334614   -2.827214 (VIOLATED)
m.u_conv2._3364_/CLK                    2.507400    5.330945   -2.823545 (VIOLATED)
m.u_conv2._3476_/CLK                    2.507400    5.330909   -2.823509 (VIOLATED)
m.u_conv2._3448_/CLK                    2.507400    5.330814   -2.823414 (VIOLATED)
m.u_conv2._3420_/CLK                    2.507400    5.325924   -2.818524 (VIOLATED)
m.u_conv2._3582_/CLK                    2.507400    5.315991   -2.808591 (VIOLATED)
m.u_conv2._3302_/CLK                    2.507400    5.315923   -2.808523 (VIOLATED)
m.u_conv2._3470_/CLK                    2.507400    5.315786   -2.808386 (VIOLATED)
m.u_conv2._3266_/CLK                    2.507400    5.315567   -2.808167 (VIOLATED)
m.u_conv2._3322_/CLK                    2.507400    5.315340   -2.807940 (VIOLATED)
m.u_conv2._3658_/CLK                    2.507400    5.315146   -2.807746 (VIOLATED)
m.u_conv2._3490_/CLK                    2.507400    5.314945   -2.807545 (VIOLATED)
m.u_conv2._3574_/CLK                    2.507400    5.314784   -2.807384 (VIOLATED)
m.u_conv2._3462_/CLK                    2.507400    5.314727   -2.807327 (VIOLATED)
m.u_conv2._3378_/CLK                    2.507400    5.314276   -2.806876 (VIOLATED)
m.u_conv2._3294_/CLK                    2.507400    5.313734   -2.806334 (VIOLATED)
m.u_conv2._3238_/CLK                    2.507400    5.313690   -2.806290 (VIOLATED)
m.u_conv2._3434_/CLK                    2.507400    5.313609   -2.806209 (VIOLATED)
m.u_conv2._3546_/CLK                    2.507400    5.313438   -2.806038 (VIOLATED)
m.u_conv2._3221_/CLK                    2.507400    5.313043   -2.805643 (VIOLATED)
m.u_conv2._3239_/CLK                    2.507400    5.312143   -2.804743 (VIOLATED)
m.u_conv2._3350_/CLK                    2.507400    5.311753   -2.804353 (VIOLATED)
m.u_conv2._3406_/CLK                    2.507400    5.311739   -2.804339 (VIOLATED)
m.u_conv2._3630_/CLK                    2.507400    5.311622   -2.804222 (VIOLATED)
m.u_conv2._3491_/CLK                    2.507400    5.311556   -2.804156 (VIOLATED)
m.u_conv2._3351_/CLK                    2.507400    5.311495   -2.804095 (VIOLATED)
m.u_conv2._3659_/CLK                    2.507400    5.311480   -2.804079 (VIOLATED)
m.u_conv2._3267_/CLK                    2.507400    5.311449   -2.804049 (VIOLATED)
m.u_conv2._3463_/CLK                    2.507400    5.311416   -2.804016 (VIOLATED)
m.u_conv2._3295_/CLK                    2.507400    5.311321   -2.803921 (VIOLATED)
m.u_conv2._3631_/CLK                    2.507400    5.311244   -2.803844 (VIOLATED)
m.u_conv2._3435_/CLK                    2.507400    5.310940   -2.803540 (VIOLATED)
m.u_conv2._3379_/CLK                    2.507400    5.310821   -2.803421 (VIOLATED)
m.u_conv2._3407_/CLK                    2.507400    5.310399   -2.802998 (VIOLATED)
m.u_conv2._3698_/CLK                    2.507400    5.309086   -2.801686 (VIOLATED)
m.u_conv2._3392_/CLK                    2.507400    5.309030   -2.801630 (VIOLATED)
m.u_conv2._3308_/CLK                    2.507400    5.307741   -2.800341 (VIOLATED)
m.u_conv2._3222_/CLK                    2.507400    5.306030   -2.798630 (VIOLATED)
m.u_conv2._3687_/CLK                    2.507400    5.298346   -2.790946 (VIOLATED)
m.u_conv2._3607_/CLK                    2.507400    5.296275   -2.788875 (VIOLATED)
m.u_conv2._3271_/CLK                    2.507400    5.296227   -2.788826 (VIOLATED)
m.u_conv2._3523_/CLK                    2.507400    5.296125   -2.788725 (VIOLATED)
m.u_conv2._3495_/CLK                    2.507400    5.295900   -2.788500 (VIOLATED)
m.u_conv2._3467_/CLK                    2.507400    5.295578   -2.788178 (VIOLATED)
m.u_conv2._3663_/CLK                    2.507400    5.295552   -2.788152 (VIOLATED)
m.u_conv2._3299_/CLK                    2.507400    5.295496   -2.788096 (VIOLATED)
m.u_conv2._3439_/CLK                    2.507400    5.295233   -2.787833 (VIOLATED)
m.u_conv2._3686_/CLK                    2.507400    5.288678   -2.781278 (VIOLATED)
m.u_conv2._3223_/CLK                    2.507400    5.286533   -2.779134 (VIOLATED)
m.u_conv2._3703_/CLK                    2.507400    5.286469   -2.779068 (VIOLATED)
m.u_conv2._3697_/CLK                    2.507400    5.286325   -2.778924 (VIOLATED)
m.u_conv2._3252_/CLK                    2.507400    5.286056   -2.778656 (VIOLATED)
m.u_conv2._3560_/CLK                    2.507400    5.284603   -2.777203 (VIOLATED)
m.u_conv2._3685_/CLK                    2.507400    5.279960   -2.772560 (VIOLATED)
m.u_conv2._3691_/CLK                    2.507400    5.279912   -2.772512 (VIOLATED)
m.u_conv2._3327_/CLK                    2.507400    5.275319   -2.767918 (VIOLATED)
m.u_conv2._3579_/CLK                    2.507400    5.275239   -2.767839 (VIOLATED)
m.u_conv2._3383_/CLK                    2.507400    5.275123   -2.767723 (VIOLATED)
m.u_conv2._3551_/CLK                    2.507400    5.274923   -2.767523 (VIOLATED)
m.u_conv2._3243_/CLK                    2.507400    5.274694   -2.767294 (VIOLATED)
m.u_conv2._3411_/CLK                    2.507400    5.274398   -2.766998 (VIOLATED)
m.u_conv2._3635_/CLK                    2.507400    5.274248   -2.766847 (VIOLATED)
m.u_conv2._3689_/CLK                    2.507400    5.274074   -2.766674 (VIOLATED)
m.u_conv2._3694_/CLK                    2.507400    5.274025   -2.766625 (VIOLATED)
m.u_conv2._3695_/CLK                    2.507400    5.273948   -2.766548 (VIOLATED)
m.u_conv2._3355_/CLK                    2.507400    5.273868   -2.766468 (VIOLATED)
m.u_conv2._3644_/CLK                    2.507400    5.265982   -2.758581 (VIOLATED)
m.u_conv2._3693_/CLK                    2.507400    5.264708   -2.757308 (VIOLATED)
m.u_conv2.u_loader._904_/CLK            2.507400    5.264671   -2.757271 (VIOLATED)
m.u_conv2.u_loader._905_/CLK            2.507400    5.264581   -2.757181 (VIOLATED)
m.u_conv2.u_loader._901_/CLK            2.507400    5.256786   -2.749386 (VIOLATED)
m.u_conv2.u_loader._915_/CLK            2.507400    5.248712   -2.741311 (VIOLATED)
m.u_conv2._3220_/CLK                    2.507400    5.235144   -2.727743 (VIOLATED)
m.u_conv2._3699_/CLK                    2.507400    5.235106   -2.727706 (VIOLATED)
m.u_conv2._3701_/CLK                    2.507400    5.234969   -2.727568 (VIOLATED)
m.u_conv2._3228_/CLK                    2.507400    5.234903   -2.727503 (VIOLATED)
m.u_conv2._3702_/CLK                    2.507400    5.234626   -2.727226 (VIOLATED)
m.u_conv2._3226_/CLK                    2.507400    5.234564   -2.727164 (VIOLATED)
m.u_conv2._3227_/CLK                    2.507400    5.234521   -2.727121 (VIOLATED)
m.u_conv2.u_loader._913_/CLK            2.507400    5.234178   -2.726778 (VIOLATED)
m.u_conv2._3224_/CLK                    2.507400    5.234033   -2.726632 (VIOLATED)
m.u_conv2.u_loader._914_/CLK            2.507400    5.231777   -2.724376 (VIOLATED)
m.u_conv2._3225_/CLK                    2.507400    5.228397   -2.720997 (VIOLATED)
m.u_conv2.u_loader._918_/CLK            2.507400    5.222855   -2.715455 (VIOLATED)
m.u_conv2.u_loader._917_/CLK            2.507400    5.218448   -2.711047 (VIOLATED)
m._287_/CLK                             2.507400    5.210647   -2.703247 (VIOLATED)
m.u_conv2.u_loader._916_/CLK            2.507400    5.206511   -2.699111 (VIOLATED)
m.u_conv2._3700_/CLK                    2.507400    5.196105   -2.688705 (VIOLATED)
m.u_pool2._395_/CLK                     2.507400    5.133120   -2.625720 (VIOLATED)
m.u_pool2._394_/CLK                     2.507400    5.112268   -2.604868 (VIOLATED)
m.u_pool2._396_/CLK                     2.507400    5.095815   -2.588415 (VIOLATED)
m.u_pool2._397_/CLK                     2.507400    5.095801   -2.588401 (VIOLATED)
m.u_pool2._390_/CLK                     2.507400    5.091009   -2.583609 (VIOLATED)
m.u_pool2._392_/CLK                     2.507400    5.059983   -2.552583 (VIOLATED)
m.u_pool2._393_/CLK                     2.507400    5.055499   -2.548099 (VIOLATED)
m.u_pool2._389_/CLK                     2.507400    5.033321   -2.525921 (VIOLATED)
m.u_pool2._398_/CLK                     2.507400    5.021443   -2.514043 (VIOLATED)
m.u_pool2._386_/CLK                     2.507400    5.021365   -2.513965 (VIOLATED)
m.u_pool2._387_/CLK                     2.507400    5.000221   -2.492821 (VIOLATED)
m.u_pool2._399_/CLK                     2.507400    4.968068   -2.460668 (VIOLATED)
m.u_pool2._400_/CLK                     2.507400    4.968003   -2.460603 (VIOLATED)
m.u_pool2._388_/CLK                     2.507400    4.967907   -2.460507 (VIOLATED)
m.u_pool2._391_/CLK                     2.507400    4.961450   -2.454050 (VIOLATED)
m.u_conv2.u_loader._919_/CLK            2.507400    4.961435   -2.454035 (VIOLATED)
m.u_pool2._403_/CLK                     2.507400    4.961375   -2.453975 (VIOLATED)
m.u_pool2._404_/CLK                     2.507400    4.961376   -2.453976 (VIOLATED)
m.u_conv2.u_loader._922_/CLK            2.507400    4.961366   -2.453966 (VIOLATED)
m.u_conv2.u_loader._921_/CLK            2.507400    4.961344   -2.453944 (VIOLATED)
m.u_conv2.u_loader._920_/CLK            2.507400    4.961323   -2.453923 (VIOLATED)
m.u_pool2._380_/CLK                     2.507400    4.961269   -2.453869 (VIOLATED)
m.u_pool2._408_/CLK                     2.507400    4.961227   -2.453827 (VIOLATED)
m.u_pool2._378_/CLK                     2.507400    4.961135   -2.453735 (VIOLATED)
m.u_conv2._3688_/CLK                    2.507400    4.960978   -2.453578 (VIOLATED)
m.u_conv2._3682_/CLK                    2.507400    4.960966   -2.453566 (VIOLATED)
m.u_conv2._3690_/CLK                    2.507400    4.960900   -2.453500 (VIOLATED)
m.u_conv2._3692_/CLK                    2.507400    4.960855   -2.453454 (VIOLATED)
m.u_pool2._383_/CLK                     2.507400    4.960763   -2.453362 (VIOLATED)
m.u_conv2.u_loader._903_/CLK            2.507400    4.960685   -2.453285 (VIOLATED)
m.u_conv2._3696_/CLK                    2.507400    4.960634   -2.453234 (VIOLATED)
m.u_conv2._3679_/CLK                    2.507400    4.960629   -2.453228 (VIOLATED)
m.u_conv2.u_loader._906_/CLK            2.507400    4.960584   -2.453184 (VIOLATED)
m.u_conv2._3681_/CLK                    2.507400    4.960558   -2.453158 (VIOLATED)
m.u_conv2.u_loader._902_/CLK            2.507400    4.960497   -2.453097 (VIOLATED)
m.u_conv2._3684_/CLK                    2.507400    4.960382   -2.452982 (VIOLATED)
m.u_conv2.u_loader._910_/CLK            2.507400    4.960295   -2.452895 (VIOLATED)
m.u_conv2._3680_/CLK                    2.507400    4.960281   -2.452881 (VIOLATED)
m.u_conv2.u_loader._907_/CLK            2.507400    4.960067   -2.452667 (VIOLATED)
m.u_pool2._382_/CLK                     2.507400    4.960056   -2.452656 (VIOLATED)
m.u_conv2.u_loader._909_/CLK            2.507400    4.959455   -2.452055 (VIOLATED)
m.u_conv2.u_loader._908_/CLK            2.507400    4.959067   -2.451667 (VIOLATED)
m.u_conv2.u_loader._912_/CLK            2.507400    4.958780   -2.451380 (VIOLATED)
m.u_conv2._3683_/CLK                    2.507400    4.958751   -2.451351 (VIOLATED)
m.u_conv2.u_loader._900_/CLK            2.507400    4.958638   -2.451238 (VIOLATED)
m.u_conv2.u_loader._931_/CLK            2.507400    4.957954   -2.450554 (VIOLATED)
m.u_conv2.u_loader._934_/CLK            2.507400    4.955981   -2.448581 (VIOLATED)
m.u_conv2.u_loader._926_/CLK            2.507400    4.950582   -2.443182 (VIOLATED)
m.u_conv2.u_loader._924_/CLK            2.507400    4.949904   -2.442504 (VIOLATED)
m.u_conv2.u_loader._923_/CLK            2.507400    4.949848   -2.442448 (VIOLATED)
m.u_pool2._381_/CLK                     2.507400    4.948897   -2.441497 (VIOLATED)
m.u_pool2._379_/CLK                     2.507400    4.946173   -2.438773 (VIOLATED)
m.u_pool2._406_/CLK                     2.507400    4.937192   -2.429792 (VIOLATED)
m.u_pool2._377_/CLK                     2.507400    4.907447   -2.400047 (VIOLATED)
m.u_pool2._401_/CLK                     2.507400    4.885202   -2.377802 (VIOLATED)
m.u_pool1._527_/CLK                     2.507400    4.874332   -2.366932 (VIOLATED)
m.u_pool1._526_/CLK                     2.507400    4.850440   -2.343040 (VIOLATED)
m.u_conv2.u_loader._925_/CLK            2.507400    4.810375   -2.302975 (VIOLATED)
m.u_pool2._385_/CLK                     2.507400    4.810169   -2.302769 (VIOLATED)
m.u_pool2._402_/CLK                     2.507400    4.809845   -2.302445 (VIOLATED)
m.u_pool2._375_/CLK                     2.507400    4.809647   -2.302247 (VIOLATED)
m.u_pool1._524_/CLK                     2.507400    4.809430   -2.302030 (VIOLATED)
m.u_pool1._522_/CLK                     2.507400    4.806147   -2.298747 (VIOLATED)
m.u_conv3._527_/CLK                     2.507400    4.759455   -2.252055 (VIOLATED)
m.u_conv3._535_/CLK                     2.507400    4.734990   -2.227590 (VIOLATED)
m.u_conv3._554_/CLK                     2.507400    4.722231   -2.214831 (VIOLATED)
m.u_conv3._538_/CLK                     2.507400    4.722181   -2.214781 (VIOLATED)
m.u_conv3._530_/CLK                     2.507400    4.722127   -2.214727 (VIOLATED)
m.u_conv3._537_/CLK                     2.507400    4.721998   -2.214597 (VIOLATED)
m.u_conv3._529_/CLK                     2.507400    4.721850   -2.214450 (VIOLATED)
m.u_conv3._553_/CLK                     2.507400    4.721799   -2.214399 (VIOLATED)
m.u_conv3._551_/CLK                     2.507400    4.721337   -2.213937 (VIOLATED)
m.u_conv3._531_/CLK                     2.507400    4.676179   -2.168779 (VIOLATED)
m.u_pool1._520_/CLK                     2.507400    4.671811   -2.164411 (VIOLATED)
m.u_pool1._525_/CLK                     2.507400    4.671785   -2.164385 (VIOLATED)
m.u_conv3._549_/CLK                     2.507400    4.671721   -2.164321 (VIOLATED)
m.u_conv3._533_/CLK                     2.507400    4.671593   -2.164193 (VIOLATED)
m.u_conv3._525_/CLK                     2.507400    4.671421   -2.164021 (VIOLATED)
m.u_conv3._539_/CLK                     2.507400    4.642075   -2.134675 (VIOLATED)
m.u_conv3._555_/CLK                     2.507400    4.613407   -2.106007 (VIOLATED)
m.u_conv1._507_/CLK                     2.507400    4.589440   -2.082040 (VIOLATED)
m.u_conv1._497_/CLK                     2.507400    4.589435   -2.082035 (VIOLATED)
m.u_conv1._506_/CLK                     2.507400    4.589426   -2.082025 (VIOLATED)
m.u_conv1._498_/CLK                     2.507400    4.589392   -2.081992 (VIOLATED)
m.u_conv1.u_loader._903_/CLK            2.507400    4.589348   -2.081948 (VIOLATED)
m.u_conv1._504_/CLK                     2.507400    4.589313   -2.081913 (VIOLATED)
m.u_conv1._499_/CLK                     2.507400    4.589254   -2.081854 (VIOLATED)
m.u_conv1._505_/CLK                     2.507400    4.589250   -2.081849 (VIOLATED)
m.u_conv1._503_/CLK                     2.507400    4.589100   -2.081700 (VIOLATED)
m.u_conv1._500_/CLK                     2.507400    4.589044   -2.081644 (VIOLATED)
m.u_conv1._496_/CLK                     2.507400    4.588829   -2.081429 (VIOLATED)
m.u_conv1.u_loader._901_/CLK            2.507400    4.588662   -2.081261 (VIOLATED)
m.u_conv1.u_loader._910_/CLK            2.507400    4.588038   -2.080638 (VIOLATED)
m.u_conv1._502_/CLK                     2.507400    4.587818   -2.080418 (VIOLATED)
m.u_conv1.u_loader._907_/CLK            2.507400    4.587731   -2.080331 (VIOLATED)
m.u_conv1.u_loader._909_/CLK            2.507400    4.586924   -2.079524 (VIOLATED)
m.u_conv1.u_loader._934_/CLK            2.507400    4.586873   -2.079473 (VIOLATED)
m.u_conv1._486_/CLK                     2.507400    4.586828   -2.079428 (VIOLATED)
m.u_conv1._484_/CLK                     2.507400    4.586684   -2.079284 (VIOLATED)
m.u_conv1.u_loader._908_/CLK            2.507400    4.586485   -2.079085 (VIOLATED)
m.u_conv1._494_/CLK                     2.507400    4.586242   -2.078842 (VIOLATED)
m.u_conv1._492_/CLK                     2.507400    4.586200   -2.078800 (VIOLATED)
m.u_conv1._493_/CLK                     2.507400    4.586183   -2.078783 (VIOLATED)
m.u_conv1._490_/CLK                     2.507400    4.586133   -2.078732 (VIOLATED)
m.u_conv1._495_/CLK                     2.507400    4.586130   -2.078730 (VIOLATED)
m.u_conv1._510_/CLK                     2.507400    4.586055   -2.078655 (VIOLATED)
m.u_conv1.u_loader._931_/CLK            2.507400    4.586040   -2.078640 (VIOLATED)
m.u_conv1.u_loader._911_/CLK            2.507400    4.586011   -2.078611 (VIOLATED)
m.u_conv1.u_loader._900_/CLK            2.507400    4.585948   -2.078548 (VIOLATED)
m.u_conv1._491_/CLK                     2.507400    4.585900   -2.078500 (VIOLATED)
m.u_conv1.u_loader._927_/CLK            2.507400    4.585711   -2.078311 (VIOLATED)
m.u_conv1._487_/CLK                     2.507400    4.585356   -2.077956 (VIOLATED)
m.u_conv1.u_loader._912_/CLK            2.507400    4.584920   -2.077520 (VIOLATED)
m.u_conv1._511_/CLK                     2.507400    4.584907   -2.077507 (VIOLATED)
m.u_conv1._485_/CLK                     2.507400    4.584852   -2.077452 (VIOLATED)
m.u_conv2.u_loader._927_/CLK            2.507400    4.584844   -2.077444 (VIOLATED)
m.u_conv2.u_loader._911_/CLK            2.507400    4.584813   -2.077413 (VIOLATED)
m.u_conv1._482_/CLK                     2.507400    4.584706   -2.077306 (VIOLATED)
m.u_conv1._481_/CLK                     2.507400    4.584570   -2.077171 (VIOLATED)
m.u_conv1._488_/CLK                     2.507400    4.584499   -2.077099 (VIOLATED)
m.u_conv1._489_/CLK                     2.507400    4.584446   -2.077046 (VIOLATED)
m.u_conv1._513_/CLK                     2.507400    4.584050   -2.076650 (VIOLATED)
m.u_conv1._508_/CLK                     2.507400    4.584021   -2.076620 (VIOLATED)
m.u_conv1._483_/CLK                     2.507400    4.583615   -2.076215 (VIOLATED)
m.u_conv1._509_/CLK                     2.507400    4.582122   -2.074722 (VIOLATED)
m.u_conv1._480_/CLK                     2.507400    4.579986   -2.072586 (VIOLATED)
m.u_conv1._479_/CLK                     2.507400    4.578699   -2.071299 (VIOLATED)
m.u_conv3._552_/CLK                     2.507400    4.573802   -2.066401 (VIOLATED)
m.u_conv3._550_/CLK                     2.507400    4.567691   -2.060291 (VIOLATED)
m.u_conv3._534_/CLK                     2.507400    4.567644   -2.060244 (VIOLATED)
m.u_conv3._526_/CLK                     2.507400    4.567561   -2.060161 (VIOLATED)
m.u_conv3._528_/CLK                     2.507400    4.567395   -2.059995 (VIOLATED)
m.u_conv2.u_loader._930_/CLK            2.507400    4.566547   -2.059147 (VIOLATED)
m.u_conv2.u_loader._928_/CLK            2.507400    4.566543   -2.059143 (VIOLATED)
m.u_conv2.u_loader._929_/CLK            2.507400    4.566437   -2.059036 (VIOLATED)
m.u_conv2.u_loader._933_/CLK            2.507400    4.564280   -2.056880 (VIOLATED)
m.u_conv2.u_loader._932_/CLK            2.507400    4.562842   -2.055442 (VIOLATED)
m._284_/CLK                             2.507400    4.545746   -2.038346 (VIOLATED)
m.u_pool2._384_/CLK                     2.507400    4.543395   -2.035995 (VIOLATED)
m.u_pool2._407_/CLK                     2.507400    4.543344   -2.035944 (VIOLATED)
m.u_pool2._374_/CLK                     2.507400    4.543308   -2.035908 (VIOLATED)
m.u_pool2._405_/CLK                     2.507400    4.543290   -2.035889 (VIOLATED)
m.u_pool2._376_/CLK                     2.507400    4.543263   -2.035863 (VIOLATED)
m._288_/CLK                             2.507400    4.543162   -2.035762 (VIOLATED)
m.u_pool1._523_/CLK                     2.507400    4.543161   -2.035761 (VIOLATED)
m._279_/CLK                             2.507400    4.542872   -2.035472 (VIOLATED)
m.u_pool2._409_/CLK                     2.507400    4.539598   -2.032198 (VIOLATED)
m.u_pool1._521_/CLK                     2.507400    4.536369   -2.028969 (VIOLATED)
m.u_conv3._536_/CLK                     2.507400    4.535963   -2.028563 (VIOLATED)
m.u_pool1._517_/CLK                     2.507400    4.534950   -2.027550 (VIOLATED)
m.u_pool1._529_/CLK                     2.507400    4.529640   -2.022240 (VIOLATED)
m.u_pool1._518_/CLK                     2.507400    4.523941   -2.016540 (VIOLATED)
m.u_pool1._531_/CLK                     2.507400    4.523894   -2.016494 (VIOLATED)
m.u_pool1._530_/CLK                     2.507400    4.523788   -2.016388 (VIOLATED)
m.u_conv3._540_/CLK                     2.507400    4.523635   -2.016235 (VIOLATED)
m.u_conv3._556_/CLK                     2.507400    4.523430   -2.016030 (VIOLATED)
m.u_conv3._532_/CLK                     2.507400    4.519585   -2.012185 (VIOLATED)
m.u_pool1._528_/CLK                     2.507400    4.517141   -2.009741 (VIOLATED)
m.u_conv3._578_/CLK                     2.507400    4.516610   -2.009210 (VIOLATED)
m.u_conv3._522_/CLK                     2.507400    4.485752   -1.978352 (VIOLATED)
m.u_conv3._581_/CLK                     2.507400    4.440903   -1.933503 (VIOLATED)
m.u_conv3._562_/CLK                     2.507400    4.440849   -1.933449 (VIOLATED)
m.u_conv3._570_/CLK                     2.507400    4.440724   -1.933324 (VIOLATED)
m.u_conv3._546_/CLK                     2.507400    4.435624   -1.928223 (VIOLATED)
m.u_conv2._1742_/B1                     2.507400    4.431807   -1.924407 (VIOLATED)
m.u_conv2._1764_/B1                     2.507400    4.431806   -1.924406 (VIOLATED)
m.u_conv2._1718_/B1                     2.507400    4.431803   -1.924402 (VIOLATED)
m.u_conv2._1750_/A2                     2.507400    4.431797   -1.924396 (VIOLATED)
m.u_conv2._1756_/B1                     2.507400    4.431770   -1.924370 (VIOLATED)
m.u_conv2._1706_/B1                     2.507400    4.431766   -1.924366 (VIOLATED)
m.u_conv2._1775_/A2                     2.507400    4.431764   -1.924364 (VIOLATED)
m.u_conv2._1933_/A2                     2.507400    4.431758   -1.924358 (VIOLATED)
m.u_conv2._1763_/A2                     2.507400    4.431750   -1.924350 (VIOLATED)
m.u_conv2._1779_/B1                     2.507400    4.431740   -1.924340 (VIOLATED)
m.u_conv2._1716_/A2                     2.507400    4.431737   -1.924337 (VIOLATED)
m.u_conv2._1945_/A2                     2.507400    4.431736   -1.924336 (VIOLATED)
m.u_conv2._1788_/A2                     2.507400    4.431714   -1.924313 (VIOLATED)
m.u_conv2._1821_/A2                     2.507400    4.431670   -1.924270 (VIOLATED)
m.u_conv2._2041_/A2                     2.507400    4.431666   -1.924266 (VIOLATED)
m.u_conv2._1883_/A2                     2.507400    4.431648   -1.924248 (VIOLATED)
m.u_conv2._2026_/A2                     2.507400    4.431633   -1.924232 (VIOLATED)
m.u_conv2._1992_/A2                     2.507400    4.431626   -1.924226 (VIOLATED)
m.u_conv2._1874_/A2                     2.507400    4.431610   -1.924210 (VIOLATED)
m.u_conv2._1813_/A2                     2.507400    4.431602   -1.924202 (VIOLATED)
m.u_conv2._2257_/A                      2.507400    4.431593   -1.924193 (VIOLATED)
m.u_conv2._1832_/A2                     2.507400    4.431533   -1.924133 (VIOLATED)
m.u_conv2._2015_/A2                     2.507400    4.431355   -1.923954 (VIOLATED)
m.u_conv2._2145_/B                      2.507400    4.431304   -1.923903 (VIOLATED)
m.u_conv2._1728_/A2                     2.507400    4.431288   -1.923888 (VIOLATED)
m.u_conv2._1730_/B1                     2.507400    4.431285   -1.923885 (VIOLATED)
m.u_conv2._1739_/A2                     2.507400    4.431287   -1.923887 (VIOLATED)
m.u_conv2._1899_/A2                     2.507400    4.431282   -1.923882 (VIOLATED)
m.u_conv2._1953_/A2                     2.507400    4.431271   -1.923870 (VIOLATED)
m.u_conv2._2003_/A2                     2.507400    4.431270   -1.923870 (VIOLATED)
m.u_conv2._1909_/A2                     2.507400    4.431257   -1.923857 (VIOLATED)
m.u_conv2._1856_/B                      2.507400    4.431244   -1.923844 (VIOLATED)
m.u_conv2._1922_/B1                     2.507400    4.431242   -1.923842 (VIOLATED)
m.u_conv2._1976_/A2                     2.507400    4.431229   -1.923829 (VIOLATED)
m.u_conv2._1966_/A2                     2.507400    4.431220   -1.923820 (VIOLATED)
m.u_conv2._1685_/Y                      2.507400    4.431210   -1.923810 (VIOLATED)
m.u_conv2._1793_/A2                     2.507400    4.431210   -1.923810 (VIOLATED)
m.u_conv2._1850_/A2                     2.507400    4.431210   -1.923810 (VIOLATED)
m._283_/CLK                             2.507400    4.348183   -1.840783 (VIOLATED)
m._289_/CLK                             2.507400    4.348154   -1.840753 (VIOLATED)
m.u_conv3._514_/CLK                     2.507400    4.348122   -1.840722 (VIOLATED)
m.u_conv3._515_/CLK                     2.507400    4.347978   -1.840578 (VIOLATED)
m.u_conv3._513_/CLK                     2.507400    4.347657   -1.840256 (VIOLATED)
m.u_conv3._516_/CLK                     2.507400    4.347373   -1.839972 (VIOLATED)
m.u_conv3._561_/CLK                     2.507400    4.347209   -1.839809 (VIOLATED)
m.u_conv3._569_/CLK                     2.507400    4.346901   -1.839502 (VIOLATED)
m.u_conv3._577_/CLK                     2.507400    4.333611   -1.826211 (VIOLATED)
m.u_conv3._545_/CLK                     2.507400    4.288913   -1.781513 (VIOLATED)
m.u_conv3._521_/CLK                     2.507400    4.262453   -1.755053 (VIOLATED)
m.u_conv1._501_/CLK                     2.507400    4.220461   -1.713061 (VIOLATED)
m.u_conv1.u_loader._905_/CLK            2.507400    4.220427   -1.713027 (VIOLATED)
m.u_conv1.u_loader._902_/CLK            2.507400    4.220330   -1.712930 (VIOLATED)
m.u_conv1.u_loader._904_/CLK            2.507400    4.220213   -1.712813 (VIOLATED)
m.u_conv1.u_loader._906_/CLK            2.507400    4.219980   -1.712579 (VIOLATED)
m.u_conv1.u_loader._913_/CLK            2.507400    4.219627   -1.712227 (VIOLATED)
m.u_conv1.u_loader._915_/CLK            2.507400    4.219391   -1.711991 (VIOLATED)
m.u_conv1.u_loader._917_/CLK            2.507400    4.219189   -1.711789 (VIOLATED)
m.u_conv1.u_loader._918_/CLK            2.507400    4.218559   -1.711159 (VIOLATED)
m.u_conv1.u_loader._914_/CLK            2.507400    4.218131   -1.710731 (VIOLATED)
m.u_conv1.u_loader._916_/CLK            2.507400    4.217410   -1.710010 (VIOLATED)
m.u_conv3._524_/CLK                     2.507400    4.215811   -1.708411 (VIOLATED)
m.u_conv1.u_loader._924_/CLK            2.507400    4.215465   -1.708064 (VIOLATED)
m.u_conv1.u_loader._919_/CLK            2.507400    4.215422   -1.708022 (VIOLATED)
m.u_conv1.u_loader._920_/CLK            2.507400    4.215409   -1.708009 (VIOLATED)
m.u_conv1.u_loader._921_/CLK            2.507400    4.215312   -1.707913 (VIOLATED)
m.u_conv1.u_loader._925_/CLK            2.507400    4.215062   -1.707662 (VIOLATED)
m.u_conv1.u_loader._922_/CLK            2.507400    4.214480   -1.707080 (VIOLATED)
m.u_conv1.u_loader._926_/CLK            2.507400    4.214438   -1.707038 (VIOLATED)
m.u_conv1.u_loader._930_/CLK            2.507400    4.214354   -1.706953 (VIOLATED)
m.u_conv1.u_loader._923_/CLK            2.507400    4.214301   -1.706901 (VIOLATED)
m.u_conv1.u_loader._928_/CLK            2.507400    4.214149   -1.706749 (VIOLATED)
m.u_conv1.u_loader._932_/CLK            2.507400    4.214109   -1.706710 (VIOLATED)
m.u_conv1.u_loader._929_/CLK            2.507400    4.204917   -1.697517 (VIOLATED)
m.u_conv1.u_loader._933_/CLK            2.507400    4.204858   -1.697458 (VIOLATED)
m.u_conv1._512_/CLK                     2.507400    4.204782   -1.697382 (VIOLATED)
m._285_/CLK                             2.507400    4.204727   -1.697327 (VIOLATED)
m._282_/CLK                             2.507400    4.204587   -1.697187 (VIOLATED)
m.u_mnist_loader._75_/CLK               2.507400    4.203837   -1.696437 (VIOLATED)
m._278_/CLK                             2.507400    4.203503   -1.696103 (VIOLATED)
m.u_mnist_loader._71_/CLK               2.507400    4.202802   -1.695402 (VIOLATED)
m.u_mnist_loader._69_/CLK               2.507400    4.200609   -1.693209 (VIOLATED)
m.u_mnist_loader._74_/CLK               2.507400    4.197629   -1.690229 (VIOLATED)
m.u_mnist_loader._73_/CLK               2.507400    4.197608   -1.690208 (VIOLATED)
m.u_mnist_loader._72_/CLK               2.507400    4.197526   -1.690126 (VIOLATED)
m.u_mnist_loader._76_/CLK               2.507400    4.197439   -1.690038 (VIOLATED)
m.u_mnist_loader._70_/CLK               2.507400    4.197294   -1.689894 (VIOLATED)
m.u_pool1._537_/CLK                     2.507400    4.196621   -1.689221 (VIOLATED)
m.u_pool1._533_/CLK                     2.507400    4.196573   -1.689173 (VIOLATED)
m.u_pool1._519_/CLK                     2.507400    4.196462   -1.689061 (VIOLATED)
m._280_/CLK                             2.507400    4.196437   -1.689037 (VIOLATED)
m.u_pool1._539_/CLK                     2.507400    4.196382   -1.688981 (VIOLATED)
m.u_pool1._516_/CLK                     2.507400    4.196254   -1.688854 (VIOLATED)
m.u_pool1._538_/CLK                     2.507400    4.196236   -1.688836 (VIOLATED)
m.u_pool1._534_/CLK                     2.507400    4.195910   -1.688510 (VIOLATED)
m._286_/CLK                             2.507400    4.195689   -1.688289 (VIOLATED)
m.u_pool1._532_/CLK                     2.507400    4.195647   -1.688246 (VIOLATED)
m.u_pool1._512_/CLK                     2.507400    4.195323   -1.687922 (VIOLATED)
m.u_pool1._535_/CLK                     2.507400    4.194632   -1.687231 (VIOLATED)
m.u_pool1._536_/CLK                     2.507400    4.194575   -1.687175 (VIOLATED)
m.u_pool1._513_/CLK                     2.507400    4.194384   -1.686983 (VIOLATED)
m.u_pool1._515_/CLK                     2.507400    4.193794   -1.686394 (VIOLATED)
m.u_pool1._514_/CLK                     2.507400    4.193698   -1.686298 (VIOLATED)
m._281_/CLK                             2.507400    4.192841   -1.685440 (VIOLATED)
m.u_conv3._582_/CLK                     2.507400    4.192062   -1.684662 (VIOLATED)
m.u_conv3._583_/CLK                     2.507400    4.191386   -1.683985 (VIOLATED)
m.u_conv3._584_/CLK                     2.507400    4.191067   -1.683667 (VIOLATED)
m.u_conv3._564_/CLK                     2.507400    4.190290   -1.682890 (VIOLATED)
m.u_conv3._580_/CLK                     2.507400    4.189445   -1.682045 (VIOLATED)
m.u_conv3._548_/CLK                     2.507400    4.188327   -1.680927 (VIOLATED)
m.u_conv3._568_/CLK                     2.507400    4.187500   -1.680100 (VIOLATED)
m.u_pool1._506_/CLK                     2.507400    4.186888   -1.679488 (VIOLATED)
m.u_pool1._505_/CLK                     2.507400    4.186871   -1.679471 (VIOLATED)
m.u_pool1._504_/CLK                     2.507400    4.186633   -1.679232 (VIOLATED)
m.u_conv3._572_/CLK                     2.507400    4.186506   -1.679106 (VIOLATED)
m.u_pool1._507_/CLK                     2.507400    4.185920   -1.678520 (VIOLATED)
m.u_conv3._544_/CLK                     2.507400    4.185431   -1.678031 (VIOLATED)
m.u_pool1._510_/CLK                     2.507400    4.180743   -1.673343 (VIOLATED)
m.u_pool1._511_/CLK                     2.507400    4.179365   -1.671964 (VIOLATED)
m.u_conv3._520_/CLK                     2.507400    4.176680   -1.669280 (VIOLATED)
m.u_conv3._575_/CLK                     2.507400    4.173280   -1.665879 (VIOLATED)
m.u_conv3._559_/CLK                     2.507400    4.170935   -1.663535 (VIOLATED)
m.u_conv3._543_/CLK                     2.507400    4.168293   -1.660893 (VIOLATED)
m.u_conv3._541_/CLK                     2.507400    4.164769   -1.657369 (VIOLATED)
m.u_conv3._547_/CLK                     2.507400    4.162314   -1.654914 (VIOLATED)
m.u_conv3._563_/CLK                     2.507400    4.161048   -1.653648 (VIOLATED)
m.u_conv3._557_/CLK                     2.507400    4.160990   -1.653590 (VIOLATED)
m.u_conv3._571_/CLK                     2.507400    4.160904   -1.653504 (VIOLATED)
m.u_conv3._565_/CLK                     2.507400    4.160798   -1.653398 (VIOLATED)
m.u_conv3._573_/CLK                     2.507400    4.160607   -1.653207 (VIOLATED)
m.u_conv3._579_/CLK                     2.507400    4.160375   -1.652975 (VIOLATED)
m.u_conv3._517_/CLK                     2.507400    4.159772   -1.652372 (VIOLATED)
m.u_conv3._523_/CLK                     2.507400    4.158324   -1.650923 (VIOLATED)
m.u_pool1._509_/CLK                     2.507400    4.157498   -1.650098 (VIOLATED)
m.u_pool1._508_/CLK                     2.507400    4.157462   -1.650061 (VIOLATED)
m._277_/CLK                             2.507400    4.157368   -1.649968 (VIOLATED)
m.u_conv3._560_/CLK                     2.507400    4.157034   -1.649634 (VIOLATED)
m.u_conv3._576_/CLK                     2.507400    4.156849   -1.649449 (VIOLATED)
m.u_conv3._558_/CLK                     2.507400    4.156710   -1.649310 (VIOLATED)
m.u_conv3._567_/CLK                     2.507400    4.156681   -1.649280 (VIOLATED)
m.u_conv3._519_/CLK                     2.507400    4.156380   -1.648980 (VIOLATED)
m.u_conv3._566_/CLK                     2.507400    4.155975   -1.648575 (VIOLATED)
m.u_conv3._518_/CLK                     2.507400    4.155469   -1.648069 (VIOLATED)
m.u_conv3._542_/CLK                     2.507400    4.155159   -1.647759 (VIOLATED)
m.u_conv3._574_/CLK                     2.507400    4.154673   -1.647273 (VIOLATED)
rst_n                                   2.507400    4.070287   -1.562887 (VIOLATED)
m.u_conv3.u_weights._27736_/A           2.507400    3.588831   -1.081431 (VIOLATED)
m.u_conv3.u_weights._27742_/A1          2.507400    3.588827   -1.081427 (VIOLATED)
m.u_conv3.u_weights._29779_/A           2.507400    3.588729   -1.081329 (VIOLATED)
m.u_conv3.u_weights._19669_/A           2.507400    3.588507   -1.081107 (VIOLATED)
m.u_conv3.u_weights._24395_/A           2.507400    3.588335   -1.080935 (VIOLATED)
m.u_conv3.u_weights._24399_/A1          2.507400    3.588331   -1.080931 (VIOLATED)
m.u_conv3.u_weights._22563_/B           2.507400    3.588247   -1.080846 (VIOLATED)
m.u_conv3.u_weights._22565_/B           2.507400    3.588245   -1.080845 (VIOLATED)
m.u_conv3.u_weights._22564_/B           2.507400    3.587710   -1.080310 (VIOLATED)
m.u_conv3.u_weights._23740_/A           2.507400    3.586455   -1.079055 (VIOLATED)
m.u_conv3.u_weights._23739_/A           2.507400    3.586450   -1.079050 (VIOLATED)
m.u_conv3.u_weights._29997_/A           2.507400    3.586308   -1.078908 (VIOLATED)
m.u_conv3.u_weights._24157_/A           2.507400    3.586235   -1.078834 (VIOLATED)
m.u_conv3.u_weights._24166_/A1          2.507400    3.586230   -1.078830 (VIOLATED)
m.u_conv3.u_weights._26142_/A           2.507400    3.585496   -1.078096 (VIOLATED)
m.u_conv3.u_weights._26202_/A1          2.507400    3.585447   -1.078047 (VIOLATED)
m.u_conv3.u_weights._29073_/A1          2.507400    3.585294   -1.077894 (VIOLATED)
m.u_conv3.u_weights._23013_/A           2.507400    3.585248   -1.077848 (VIOLATED)
m.u_conv3.u_weights._29032_/A           2.507400    3.585163   -1.077763 (VIOLATED)
m.u_conv3.u_weights._15788_/A           2.507400    3.585068   -1.077668 (VIOLATED)
m.u_conv3.u_weights._18869_/A1          2.507400    3.584690   -1.077290 (VIOLATED)
m.u_conv3.u_weights._18788_/A           2.507400    3.584660   -1.077260 (VIOLATED)
m.u_conv3.u_weights._27277_/A           2.507400    3.584248   -1.076848 (VIOLATED)
m.u_conv3.u_weights._23381_/A           2.507400    3.583772   -1.076372 (VIOLATED)
m.u_conv3.u_weights._27348_/A           2.507400    3.582348   -1.074948 (VIOLATED)
m.u_conv3.u_weights._21251_/A           2.507400    3.581532   -1.074132 (VIOLATED)
m.u_conv3.u_weights._21254_/A1          2.507400    3.581482   -1.074082 (VIOLATED)
m.u_conv3.u_weights._22306_/A           2.507400    3.580461   -1.073061 (VIOLATED)
m.u_conv3.u_weights._16361_/A           2.507400    3.580216   -1.072816 (VIOLATED)
m.u_conv3.u_weights._28620_/A           2.507400    3.579086   -1.071686 (VIOLATED)
m.u_conv3.u_weights._21635_/A1          2.507400    3.577166   -1.069766 (VIOLATED)
m.u_conv3.u_weights._31374_/A           2.507400    3.574806   -1.067406 (VIOLATED)
m.u_conv3.u_weights._29689_/A           2.507400    3.574776   -1.067376 (VIOLATED)
m.u_conv3.u_weights._29688_/A           2.507400    3.574774   -1.067374 (VIOLATED)
m.u_conv3.u_weights._21566_/A           2.507400    3.574389   -1.066989 (VIOLATED)
m.u_conv3.u_weights._22185_/A           2.507400    3.571175   -1.063775 (VIOLATED)
m.u_conv3.u_weights._22186_/A           2.507400    3.571131   -1.063731 (VIOLATED)
m.u_conv3.u_weights._20055_/A           2.507400    3.570791   -1.063391 (VIOLATED)
m.u_conv3.u_weights._17772_/A           2.507400    3.569733   -1.062333 (VIOLATED)
m.u_conv3.u_weights._17773_/A           2.507400    3.569727   -1.062327 (VIOLATED)
m.u_conv3.u_weights._24781_/A1          2.507400    3.569478   -1.062077 (VIOLATED)
m.u_conv3.u_weights._24728_/A           2.507400    3.569474   -1.062073 (VIOLATED)
m.u_conv3.u_weights._23678_/A           2.507400    3.565162   -1.057762 (VIOLATED)
m.u_conv3.u_weights._23683_/A1          2.507400    3.565161   -1.057761 (VIOLATED)
m.u_conv3.u_weights._27045_/A           2.507400    3.565005   -1.057605 (VIOLATED)
m.u_conv3.u_weights._27053_/A1          2.507400    3.564993   -1.057593 (VIOLATED)
m.u_conv3.u_weights._25076_/A           2.507400    3.564814   -1.057414 (VIOLATED)
m.u_conv3.u_weights._25080_/A1          2.507400    3.564800   -1.057399 (VIOLATED)
m.u_conv3.u_weights._20048_/A1          2.507400    3.564407   -1.057007 (VIOLATED)
m.u_conv3.u_weights._22998_/A           2.507400    3.564171   -1.056771 (VIOLATED)
m.u_conv3.u_weights._16942_/B           2.507400    3.563087   -1.055686 (VIOLATED)
m.u_conv3.u_weights._19462_/A           2.507400    3.562037   -1.054637 (VIOLATED)
m.u_conv3.u_weights._28300_/A           2.507400    3.562016   -1.054616 (VIOLATED)
m.u_conv3.u_weights._17216_/A           2.507400    3.561943   -1.054543 (VIOLATED)
m.u_conv3.u_weights._25739_/A           2.507400    3.561820   -1.054420 (VIOLATED)
m.u_conv3.u_weights._25738_/A           2.507400    3.561816   -1.054415 (VIOLATED)
m.u_conv3.u_weights._19794_/A           2.507400    3.561714   -1.054314 (VIOLATED)
m.u_conv3.u_weights._19865_/A1          2.507400    3.561679   -1.054279 (VIOLATED)
m.u_conv3.u_weights._17206_/A1          2.507400    3.561635   -1.054235 (VIOLATED)
m.u_conv3.u_weights._25326_/A           2.507400    3.559483   -1.052083 (VIOLATED)
m.u_conv3.u_weights._21368_/B           2.507400    3.554088   -1.046688 (VIOLATED)
m.u_conv3.u_weights._17497_/A           2.507400    3.551934   -1.044533 (VIOLATED)
m.u_conv3.u_weights._24641_/A           2.507400    3.550579   -1.043179 (VIOLATED)
m.u_conv3.u_weights._24643_/A1          2.507400    3.550578   -1.043178 (VIOLATED)
m.u_conv3.u_weights._26046_/A           2.507400    3.549283   -1.041882 (VIOLATED)
m.u_conv3.u_weights._30421_/A           2.507400    3.549279   -1.041879 (VIOLATED)
m.u_conv3.u_weights._20374_/A           2.507400    3.549242   -1.041841 (VIOLATED)
m.u_conv3.u_weights._17999_/A           2.507400    3.549179   -1.041778 (VIOLATED)
m.u_conv3.u_weights._28234_/A1          2.507400    3.549142   -1.041742 (VIOLATED)
m.u_conv3.u_weights._28230_/A           2.507400    3.549140   -1.041740 (VIOLATED)
m.u_conv3.u_weights._27887_/A           2.507400    3.548978   -1.041578 (VIOLATED)
m.u_conv3.u_weights._27953_/A1          2.507400    3.548978   -1.041578 (VIOLATED)
m.u_conv3.u_weights._16882_/A           2.507400    3.548975   -1.041574 (VIOLATED)
m.u_conv3.u_weights._29288_/A           2.507400    3.548962   -1.041562 (VIOLATED)
m.u_conv3.u_weights._16503_/A           2.507400    3.548922   -1.041522 (VIOLATED)
m.u_conv3.u_weights._20588_/A           2.507400    3.548901   -1.041500 (VIOLATED)
m.u_conv3.u_weights._26533_/A           2.507400    3.548872   -1.041472 (VIOLATED)
m.u_conv3.u_weights._20587_/A           2.507400    3.548867   -1.041467 (VIOLATED)
m.u_conv3.u_weights._26620_/A           2.507400    3.548751   -1.041351 (VIOLATED)
m.u_conv3.u_weights._19212_/A           2.507400    3.548743   -1.041343 (VIOLATED)
m.u_conv3.u_weights._19216_/A1          2.507400    3.548743   -1.041343 (VIOLATED)
m.u_conv3.u_weights._21980_/A           2.507400    3.548725   -1.041325 (VIOLATED)
m.u_conv3.u_weights._21985_/A1          2.507400    3.548724   -1.041324 (VIOLATED)
m.u_conv3.u_weights._30686_/A           2.507400    3.548641   -1.041241 (VIOLATED)
m.u_conv3.u_weights._15882_/B           2.507400    3.548613   -1.041213 (VIOLATED)
m.u_conv3.u_weights._16009_/A2          2.507400    3.548604   -1.041204 (VIOLATED)
m.u_conv3.u_weights._18446_/A           2.507400    3.548583   -1.041183 (VIOLATED)
m.u_conv3.u_weights._18445_/A           2.507400    3.548579   -1.041179 (VIOLATED)
m.u_conv3.u_weights._18558_/A           2.507400    3.548379   -1.040979 (VIOLATED)
m.u_conv3.u_weights._18559_/A           2.507400    3.548373   -1.040973 (VIOLATED)
m.u_conv3._459_/A1                      2.507400    3.548344   -1.040944 (VIOLATED)
m.u_conv3._554_/Q                       2.507400    3.548321   -1.040921 (VIOLATED)
m.u_conv3.u_weights._26318_/A1          2.507400    3.413819   -0.906419 (VIOLATED)
m.u_conv3.u_weights._28794_/A           2.507400    3.413789   -0.906388 (VIOLATED)
m.u_conv3.u_weights._23015_/A           2.507400    3.413537   -0.906137 (VIOLATED)
m.u_conv3.u_weights._18801_/A           2.507400    3.413485   -0.906085 (VIOLATED)
m.u_conv3.u_weights._23052_/A1          2.507400    3.413482   -0.906081 (VIOLATED)
m.u_conv3.u_weights._27188_/A           2.507400    3.413059   -0.905659 (VIOLATED)
m.u_conv3.u_weights._27189_/A           2.507400    3.413045   -0.905645 (VIOLATED)
m.u_conv3.u_weights._23325_/A           2.507400    3.412174   -0.904774 (VIOLATED)
m.u_conv3.u_weights._25564_/A           2.507400    3.412099   -0.904699 (VIOLATED)
m.u_conv3.u_weights._25576_/A1          2.507400    3.412086   -0.904686 (VIOLATED)
m.u_conv3.u_weights._21093_/A1          2.507400    3.411858   -0.904458 (VIOLATED)
m.u_conv3.u_weights._21096_/A           2.507400    3.411852   -0.904452 (VIOLATED)
m.u_conv3.u_weights._19292_/B           2.507400    3.410963   -0.903563 (VIOLATED)
m.u_conv3.u_weights._26965_/A           2.507400    3.410731   -0.903331 (VIOLATED)
m.u_conv3.u_weights._29871_/A           2.507400    3.409322   -0.901921 (VIOLATED)
m.u_conv3.u_weights._27611_/A           2.507400    3.409317   -0.901917 (VIOLATED)
m.u_conv3.u_weights._23504_/A           2.507400    3.409236   -0.901836 (VIOLATED)
m.u_conv3.u_weights._15782_/A           2.507400    3.409173   -0.901773 (VIOLATED)
m.u_conv3.u_weights._22541_/A           2.507400    3.409086   -0.901686 (VIOLATED)
m.u_conv3.u_weights._19645_/A           2.507400    3.409072   -0.901672 (VIOLATED)
m.u_conv3.u_weights._17744_/A           2.507400    3.408896   -0.901496 (VIOLATED)
m.u_conv3.u_weights._24217_/A           2.507400    3.408827   -0.901427 (VIOLATED)
m.u_conv3.u_weights._22039_/A           2.507400    3.408811   -0.901411 (VIOLATED)
m.u_conv3.u_weights._22078_/A1          2.507400    3.408787   -0.901387 (VIOLATED)
m.u_conv3.u_weights._23766_/A           2.507400    3.408411   -0.901011 (VIOLATED)
m.u_conv3.u_weights._30008_/A2          2.507400    3.407723   -0.900323 (VIOLATED)
m.u_conv3.u_weights._29995_/B           2.507400    3.407633   -0.900233 (VIOLATED)
m.u_conv3.u_weights._30983_/A           2.507400    3.406814   -0.899414 (VIOLATED)
m.u_conv3.u_weights._24003_/A           2.507400    3.406521   -0.899121 (VIOLATED)
m.u_conv3.u_weights._24004_/A           2.507400    3.406502   -0.899101 (VIOLATED)
m.u_conv3.u_weights._18151_/A           2.507400    3.405444   -0.898043 (VIOLATED)
m.u_conv3.u_weights._18156_/A           2.507400    3.405444   -0.898044 (VIOLATED)
m.u_conv3.u_weights._27335_/A           2.507400    3.405115   -0.897715 (VIOLATED)
m.u_conv3.u_weights._27336_/A           2.507400    3.405109   -0.897709 (VIOLATED)
m.u_conv3.u_weights._19835_/A           2.507400    3.404235   -0.896834 (VIOLATED)
m.u_conv3.u_weights._24782_/A1          2.507400    3.404221   -0.896821 (VIOLATED)
m.u_conv3.u_weights._22926_/A           2.507400    3.404173   -0.896773 (VIOLATED)
m.u_conv3.u_weights._22927_/A           2.507400    3.404172   -0.896772 (VIOLATED)
m.u_conv3.u_weights._28380_/A           2.507400    3.403983   -0.896583 (VIOLATED)
m.u_conv3.u_weights._28705_/A           2.507400    3.403983   -0.896583 (VIOLATED)
m.u_conv3.u_weights._28381_/A           2.507400    3.403982   -0.896582 (VIOLATED)
m.u_conv3.u_weights._16159_/A           2.507400    3.403449   -0.896049 (VIOLATED)
m.u_conv3.u_weights._16206_/A1          2.507400    3.403450   -0.896050 (VIOLATED)
m.u_conv3.u_weights._31517_/A           2.507400    3.403383   -0.895983 (VIOLATED)
m.u_conv3.u_weights._31519_/A1          2.507400    3.403379   -0.895979 (VIOLATED)
m.u_conv3.u_weights._25656_/A           2.507400    3.403306   -0.895906 (VIOLATED)
m.u_conv3.u_weights._20062_/B           2.507400    3.402729   -0.895329 (VIOLATED)
m.u_conv3.u_weights._20064_/B           2.507400    3.402721   -0.895321 (VIOLATED)
m.u_conv3.u_weights._25323_/A           2.507400    3.402678   -0.895278 (VIOLATED)
m.u_conv3.u_weights._25329_/A           2.507400    3.402678   -0.895278 (VIOLATED)
m.u_conv3.u_weights._24718_/A           2.507400    3.402525   -0.895125 (VIOLATED)
m.u_conv3.u_weights._29672_/A           2.507400    3.401512   -0.894112 (VIOLATED)
m.u_conv3.u_weights._29677_/A1          2.507400    3.401508   -0.894107 (VIOLATED)
m.u_conv3.u_weights._21660_/A           2.507400    3.399906   -0.892506 (VIOLATED)
m.u_conv3.u_weights._21661_/A           2.507400    3.399862   -0.892462 (VIOLATED)
m.u_conv3.u_weights._30320_/A           2.507400    3.398764   -0.891364 (VIOLATED)
m.u_conv3.u_weights._16754_/A           2.507400    3.398747   -0.891347 (VIOLATED)
m.u_conv3.u_weights._26373_/A           2.507400    3.398591   -0.891191 (VIOLATED)
m.u_conv3.u_weights._26374_/A           2.507400    3.398510   -0.891110 (VIOLATED)
m.u_conv3.u_weights._17118_/A           2.507400    3.398466   -0.891066 (VIOLATED)
m.u_conv3.u_weights._17124_/A1          2.507400    3.398463   -0.891063 (VIOLATED)
m.u_conv3.u_weights._16584_/A           2.507400    3.398266   -0.890865 (VIOLATED)
m.u_conv3.u_weights._16583_/A           2.507400    3.398261   -0.890861 (VIOLATED)
m.u_conv3.u_weights._17646_/A1          2.507400    3.398103   -0.890703 (VIOLATED)
m.u_conv3.u_weights._17633_/A           2.507400    3.398102   -0.890702 (VIOLATED)
m.u_conv3.u_weights._26375_/A           2.507400    3.397494   -0.890094 (VIOLATED)
m.u_conv3.u_weights._17376_/A           2.507400    3.396985   -0.889585 (VIOLATED)
m.u_conv3.u_weights._17382_/A1          2.507400    3.396986   -0.889586 (VIOLATED)
m.u_conv3.u_weights._21312_/B           2.507400    3.394976   -0.887576 (VIOLATED)
m.u_conv3.u_weights._21311_/B           2.507400    3.394791   -0.887391 (VIOLATED)
m.u_conv3.u_weights._24496_/A2          2.507400    3.393588   -0.886187 (VIOLATED)
m.u_conv3.u_weights._24453_/B           2.507400    3.393506   -0.886106 (VIOLATED)
m.u_conv3.u_weights._15870_/A           2.507400    3.393178   -0.885778 (VIOLATED)
m.u_conv3.u_weights._15898_/A1          2.507400    3.393150   -0.885750 (VIOLATED)
m.u_conv3.u_weights._30414_/A           2.507400    3.390790   -0.883390 (VIOLATED)
m.u_conv3.u_weights._30415_/A           2.507400    3.390790   -0.883390 (VIOLATED)
m.u_conv3.u_weights._26038_/A           2.507400    3.390778   -0.883377 (VIOLATED)
m.u_conv3.u_weights._20353_/A           2.507400    3.390750   -0.883350 (VIOLATED)
m.u_conv3.u_weights._21956_/A           2.507400    3.390747   -0.883347 (VIOLATED)
m.u_conv3.u_weights._21957_/A           2.507400    3.390747   -0.883347 (VIOLATED)
m.u_conv3.u_weights._20410_/A1          2.507400    3.390743   -0.883343 (VIOLATED)
m.u_conv3.u_weights._19185_/A           2.507400    3.390737   -0.883337 (VIOLATED)
m.u_conv3.u_weights._19186_/A           2.507400    3.390737   -0.883337 (VIOLATED)
m.u_conv3.u_weights._26723_/A           2.507400    3.390715   -0.883315 (VIOLATED)
m.u_conv3.u_weights._28149_/A           2.507400    3.390630   -0.883230 (VIOLATED)
m.u_conv3.u_weights._18573_/A           2.507400    3.390595   -0.883195 (VIOLATED)
m.u_conv3.u_weights._29286_/A           2.507400    3.390455   -0.883055 (VIOLATED)
m.u_conv3.u_weights._29300_/A1          2.507400    3.390446   -0.883046 (VIOLATED)
m.u_conv3.u_weights._30658_/A           2.507400    3.390312   -0.882912 (VIOLATED)
m.u_conv3.u_weights._30659_/A           2.507400    3.390312   -0.882912 (VIOLATED)
m.u_conv3.u_weights._18423_/A           2.507400    3.390301   -0.882901 (VIOLATED)
m.u_conv3.u_weights._18429_/A           2.507400    3.390302   -0.882902 (VIOLATED)
m.u_conv3._428_/A1                      2.507400    3.390225   -0.882825 (VIOLATED)
m.u_conv3._533_/Q                       2.507400    3.390221   -0.882820 (VIOLATED)
m.u_conv3.u_weights._18855_/A           2.507400    3.324502   -0.817102 (VIOLATED)
m.u_conv3.u_weights._23444_/A1          2.507400    3.324360   -0.816960 (VIOLATED)
m.u_conv3.u_weights._23448_/A           2.507400    3.324359   -0.816959 (VIOLATED)
m.u_conv3.u_weights._25431_/A           2.507400    3.324322   -0.816921 (VIOLATED)
m.u_conv3.u_weights._25432_/A           2.507400    3.324212   -0.816812 (VIOLATED)
m.u_conv3.u_weights._28787_/B           2.507400    3.324201   -0.816801 (VIOLATED)
m.u_conv3.u_weights._20835_/B           2.507400    3.324123   -0.816723 (VIOLATED)
m.u_conv3.u_weights._23918_/A           2.507400    3.324112   -0.816712 (VIOLATED)
m.u_conv3.u_weights._23917_/A           2.507400    3.324110   -0.816710 (VIOLATED)
m.u_conv3.u_weights._22526_/A           2.507400    3.324013   -0.816613 (VIOLATED)
m.u_conv3.u_weights._23040_/A           2.507400    3.323928   -0.816528 (VIOLATED)
m.u_conv3.u_weights._24247_/A           2.507400    3.323809   -0.816409 (VIOLATED)
m.u_conv3.u_weights._19651_/A           2.507400    3.323332   -0.815932 (VIOLATED)
m.u_conv3.u_weights._30132_/A           2.507400    3.323217   -0.815817 (VIOLATED)
m.u_conv3.u_weights._30137_/A1          2.507400    3.323199   -0.815799 (VIOLATED)
m.u_conv3.u_weights._15821_/A           2.507400    3.323116   -0.815716 (VIOLATED)
m.u_conv3.u_weights._27102_/A           2.507400    3.323087   -0.815687 (VIOLATED)
m.u_conv3.u_weights._27613_/A           2.507400    3.322999   -0.815598 (VIOLATED)
m.u_conv3.u_weights._27612_/A           2.507400    3.322992   -0.815591 (VIOLATED)
m.u_conv3.u_weights._29802_/A           2.507400    3.322902   -0.815502 (VIOLATED)
m.u_conv3.u_weights._20834_/B           2.507400    3.322828   -0.815428 (VIOLATED)
m.u_conv3.u_weights._29199_/A2          2.507400    3.322761   -0.815361 (VIOLATED)
m.u_conv3.u_weights._29163_/B           2.507400    3.322345   -0.814945 (VIOLATED)
m.u_conv3.u_weights._21097_/A           2.507400    3.321442   -0.814042 (VIOLATED)
m.u_conv3.u_weights._21098_/A           2.507400    3.321443   -0.814043 (VIOLATED)
m.u_conv3.u_weights._22465_/A           2.507400    3.320680   -0.813279 (VIOLATED)
m.u_conv3.u_weights._27371_/A           2.507400    3.320620   -0.813219 (VIOLATED)
m.u_conv3.u_weights._24010_/A           2.507400    3.319529   -0.812129 (VIOLATED)
m.u_conv3.u_weights._28533_/B           2.507400    3.315767   -0.808367 (VIOLATED)
m.u_conv3.u_weights._29350_/A1          2.507400    3.315245   -0.807845 (VIOLATED)
m.u_conv3.u_weights._31149_/A           2.507400    3.313365   -0.805965 (VIOLATED)
m.u_conv3.u_weights._31148_/A           2.507400    3.313362   -0.805962 (VIOLATED)
m.u_conv3.u_weights._20063_/A           2.507400    3.312186   -0.804786 (VIOLATED)
m.u_conv3.u_weights._26881_/B           2.507400    3.311577   -0.804177 (VIOLATED)
m.u_conv3.u_weights._26882_/B           2.507400    3.311575   -0.804175 (VIOLATED)
m.u_conv3.u_weights._24970_/A           2.507400    3.311413   -0.804013 (VIOLATED)
m.u_conv3.u_weights._23674_/A           2.507400    3.311236   -0.803836 (VIOLATED)
m.u_conv3.u_weights._23673_/A           2.507400    3.311231   -0.803831 (VIOLATED)
m.u_conv3.u_weights._30899_/A           2.507400    3.310100   -0.802700 (VIOLATED)
m.u_conv3.u_weights._31397_/A           2.507400    3.309668   -0.802267 (VIOLATED)
m.u_conv3.u_weights._22165_/A           2.507400    3.308537   -0.801137 (VIOLATED)
m.u_conv3.u_weights._21593_/A           2.507400    3.308279   -0.800879 (VIOLATED)
m.u_conv3.u_weights._17233_/A           2.507400    3.303766   -0.796366 (VIOLATED)
m.u_conv3.u_weights._17234_/A           2.507400    3.303766   -0.796366 (VIOLATED)
m.u_conv3.u_weights._17669_/A           2.507400    3.303700   -0.796300 (VIOLATED)
m.u_conv3.u_weights._17674_/A1          2.507400    3.303700   -0.796300 (VIOLATED)
m.u_conv3.u_weights._22965_/A           2.507400    3.299813   -0.792413 (VIOLATED)
m.u_conv3.u_weights._22969_/A1          2.507400    3.299813   -0.792413 (VIOLATED)
m.u_conv3.u_weights._19807_/A           2.507400    3.299595   -0.792195 (VIOLATED)
m.u_conv3.u_weights._25721_/A1          2.507400    3.299484   -0.792083 (VIOLATED)
m.u_conv3.u_weights._24736_/A           2.507400    3.298886   -0.791486 (VIOLATED)
m.u_conv3.u_weights._24737_/A           2.507400    3.298881   -0.791480 (VIOLATED)
m.u_conv3.u_weights._25300_/A1          2.507400    3.298687   -0.791287 (VIOLATED)
m.u_conv3.u_weights._25298_/A           2.507400    3.298684   -0.791283 (VIOLATED)
m.u_conv3.u_weights._20564_/A           2.507400    3.298379   -0.790979 (VIOLATED)
m.u_conv3.u_weights._24474_/B           2.507400    3.297707   -0.790307 (VIOLATED)
m.u_conv3.u_weights._21515_/A           2.507400    3.295350   -0.787950 (VIOLATED)
m.u_conv3.u_weights._21516_/A           2.507400    3.295350   -0.787950 (VIOLATED)
m.u_conv3.u_weights._18505_/A           2.507400    3.295288   -0.787888 (VIOLATED)
m.u_conv3.u_weights._18506_/A           2.507400    3.295249   -0.787849 (VIOLATED)
m.u_conv3.u_weights._19458_/A           2.507400    3.293572   -0.786172 (VIOLATED)
m.u_conv3.u_weights._19459_/A           2.507400    3.293572   -0.786172 (VIOLATED)
m.u_conv3.u_weights._16718_/A           2.507400    3.293463   -0.786063 (VIOLATED)
m.u_conv3.u_weights._25658_/A           2.507400    3.293348   -0.785948 (VIOLATED)
m.u_conv3.u_weights._27856_/A           2.507400    3.293286   -0.785886 (VIOLATED)
m.u_conv3.u_weights._26507_/A2          2.507400    3.293103   -0.785703 (VIOLATED)
m.u_conv3.u_weights._26505_/B           2.507400    3.293079   -0.785679 (VIOLATED)
m.u_conv3.u_weights._16095_/A           2.507400    3.292960   -0.785560 (VIOLATED)
m.u_conv3.u_weights._16100_/A1          2.507400    3.292907   -0.785507 (VIOLATED)
m.u_conv3.u_weights._26076_/A           2.507400    3.292438   -0.785037 (VIOLATED)
m.u_conv3.u_weights._26079_/A1          2.507400    3.292438   -0.785038 (VIOLATED)
m.u_conv3.u_weights._17734_/B           2.507400    3.292424   -0.785024 (VIOLATED)
m.u_conv3.u_weights._30446_/A           2.507400    3.292420   -0.785020 (VIOLATED)
m.u_conv3.u_weights._30447_/A           2.507400    3.292421   -0.785021 (VIOLATED)
m.u_conv3.u_weights._20330_/B           2.507400    3.292407   -0.785007 (VIOLATED)
m.u_conv3.u_weights._17171_/A           2.507400    3.292404   -0.785004 (VIOLATED)
m.u_conv3.u_weights._26732_/A           2.507400    3.292396   -0.784995 (VIOLATED)
m.u_conv3.u_weights._16418_/A           2.507400    3.292376   -0.784976 (VIOLATED)
m.u_conv3.u_weights._28226_/A           2.507400    3.292348   -0.784948 (VIOLATED)
m.u_conv3.u_weights._28225_/A           2.507400    3.292346   -0.784946 (VIOLATED)
m.u_conv3.u_weights._21833_/A           2.507400    3.292207   -0.784807 (VIOLATED)
m.u_conv3.u_weights._30674_/A           2.507400    3.292086   -0.784686 (VIOLATED)
m.u_conv3.u_weights._18334_/A           2.507400    3.292019   -0.784619 (VIOLATED)
m.u_conv3._455_/A1                      2.507400    3.291879   -0.784479 (VIOLATED)
m.u_conv3._550_/Q                       2.507400    3.291874   -0.784474 (VIOLATED)
m.u_conv3.u_weights._28944_/A           2.507400    3.266337   -0.758937 (VIOLATED)
m.u_conv3.u_weights._28943_/A           2.507400    3.266331   -0.758931 (VIOLATED)
m.u_conv3.u_weights._26311_/A           2.507400    3.266137   -0.758737 (VIOLATED)
m.u_conv3.u_weights._26310_/A           2.507400    3.266137   -0.758736 (VIOLATED)
m.u_conv3.u_weights._22630_/A           2.507400    3.265571   -0.758171 (VIOLATED)
m.u_conv3.u_weights._23940_/A           2.507400    3.265148   -0.757748 (VIOLATED)
m.u_conv3.u_weights._20821_/A           2.507400    3.264560   -0.757160 (VIOLATED)
m.u_conv3.u_weights._24334_/B           2.507400    3.264399   -0.756999 (VIOLATED)
m.u_conv3.u_weights._29971_/B           2.507400    3.261944   -0.754544 (VIOLATED)
m.u_conv3.u_weights._18952_/A           2.507400    3.261305   -0.753905 (VIOLATED)
m.u_conv3.u_weights._18957_/A1          2.507400    3.261306   -0.753905 (VIOLATED)
m.u_conv3.u_weights._27781_/A           2.507400    3.261191   -0.753791 (VIOLATED)
m.u_conv3.u_weights._15802_/A           2.507400    3.261186   -0.753786 (VIOLATED)
m.u_conv3.u_weights._27785_/A1          2.507400    3.261181   -0.753781 (VIOLATED)
m.u_conv3.u_weights._19344_/A1          2.507400    3.260978   -0.753578 (VIOLATED)
m.u_conv3.u_weights._27458_/A           2.507400    3.260679   -0.753279 (VIOLATED)
m.u_conv3.u_weights._27471_/A1          2.507400    3.260652   -0.753252 (VIOLATED)
m.u_conv3.u_weights._23245_/A           2.507400    3.260536   -0.753136 (VIOLATED)
m.u_conv3.u_weights._27181_/A           2.507400    3.259756   -0.752356 (VIOLATED)
m.u_conv3.u_weights._29070_/A           2.507400    3.259336   -0.751935 (VIOLATED)
m.u_conv3.u_weights._25450_/A           2.507400    3.258701   -0.751300 (VIOLATED)
m.u_conv3.u_weights._26901_/A           2.507400    3.258583   -0.751182 (VIOLATED)
m.u_conv3.u_weights._26315_/A           2.507400    3.258194   -0.750794 (VIOLATED)
m.u_conv3.u_weights._28952_/A           2.507400    3.258017   -0.750617 (VIOLATED)
m.u_conv3.u_weights._21085_/B           2.507400    3.257516   -0.750116 (VIOLATED)
m.u_conv3.u_weights._18948_/A           2.507400    3.257402   -0.750002 (VIOLATED)
m.u_conv3.u_weights._18947_/A           2.507400    3.257398   -0.749998 (VIOLATED)
m.u_conv3.u_weights._16181_/B           2.507400    3.257181   -0.749780 (VIOLATED)
m.u_conv3.u_weights._23771_/B           2.507400    3.257044   -0.749644 (VIOLATED)
m.u_conv3.u_weights._23770_/B           2.507400    3.257001   -0.749601 (VIOLATED)
m.u_conv3.u_weights._23051_/A1          2.507400    3.256963   -0.749563 (VIOLATED)
m.u_conv3.u_weights._27125_/A           2.507400    3.256952   -0.749552 (VIOLATED)
m.u_conv3.u_weights._20835_/A           2.507400    3.256660   -0.749260 (VIOLATED)
m.u_conv3.u_weights._20834_/A           2.507400    3.256519   -0.749119 (VIOLATED)
m.u_conv3.u_weights._24161_/A           2.507400    3.256343   -0.748943 (VIOLATED)
m.u_conv3.u_weights._19513_/A           2.507400    3.256285   -0.748885 (VIOLATED)
m.u_conv3.u_weights._29965_/A           2.507400    3.256018   -0.748618 (VIOLATED)
m.u_conv3.u_weights._23241_/A           2.507400    3.255638   -0.748238 (VIOLATED)
m.u_conv3.u_weights._23243_/A1          2.507400    3.255625   -0.748225 (VIOLATED)
m.u_conv3.u_weights._21063_/A           2.507400    3.255222   -0.747821 (VIOLATED)
m.u_conv3.u_weights._21057_/A1          2.507400    3.255190   -0.747789 (VIOLATED)
m.u_conv3.u_weights._22467_/A           2.507400    3.255004   -0.747604 (VIOLATED)
m.u_conv3.u_weights._22472_/A1          2.507400    3.255002   -0.747602 (VIOLATED)
m.u_conv3.u_weights._31309_/A           2.507400    3.254813   -0.747413 (VIOLATED)
m.u_conv3.u_weights._31313_/A1          2.507400    3.254813   -0.747413 (VIOLATED)
m.u_conv3.u_weights._28537_/A           2.507400    3.253632   -0.746232 (VIOLATED)
m.u_conv3.u_weights._25418_/A           2.507400    3.253581   -0.746181 (VIOLATED)
m.u_conv3.u_weights._22549_/A           2.507400    3.252520   -0.745120 (VIOLATED)
m.u_conv3.u_weights._24418_/A           2.507400    3.252492   -0.745092 (VIOLATED)
m.u_conv3.u_weights._21002_/A           2.507400    3.252354   -0.744954 (VIOLATED)
m.u_conv3.u_weights._21005_/A1          2.507400    3.252320   -0.744920 (VIOLATED)
m.u_conv3.u_weights._23821_/A           2.507400    3.251404   -0.744004 (VIOLATED)
m.u_conv3.u_weights._23834_/A1          2.507400    3.251388   -0.743988 (VIOLATED)
m.u_conv3.u_weights._16943_/A1          2.507400    3.250839   -0.743438 (VIOLATED)
m.u_conv3.u_weights._23185_/A           2.507400    3.250295   -0.742895 (VIOLATED)
m.u_conv3.u_weights._23186_/A           2.507400    3.250295   -0.742895 (VIOLATED)
m.u_conv3.u_weights._17851_/B           2.507400    3.250272   -0.742872 (VIOLATED)
m.u_conv3.u_weights._22719_/A           2.507400    3.250143   -0.742743 (VIOLATED)
m.u_conv3.u_weights._22718_/A           2.507400    3.250143   -0.742742 (VIOLATED)
m.u_conv3.u_weights._15790_/A           2.507400    3.249980   -0.742580 (VIOLATED)
m.u_conv3.u_weights._15820_/A           2.507400    3.249826   -0.742426 (VIOLATED)
m.u_conv3.u_weights._29913_/A           2.507400    3.249568   -0.742167 (VIOLATED)
m.u_conv3.u_weights._29916_/A1          2.507400    3.249547   -0.742147 (VIOLATED)
m.u_conv3.u_weights._18772_/A           2.507400    3.249475   -0.742075 (VIOLATED)
m.u_conv3.u_weights._23447_/A           2.507400    3.249444   -0.742043 (VIOLATED)
m.u_conv3.u_weights._23446_/A           2.507400    3.249440   -0.742040 (VIOLATED)
m.u_conv3.u_weights._27274_/A           2.507400    3.248936   -0.741536 (VIOLATED)
m.u_conv3.u_weights._27275_/A           2.507400    3.248935   -0.741535 (VIOLATED)
m.u_conv3.u_weights._27637_/A           2.507400    3.248455   -0.741055 (VIOLATED)
m.u_conv3.u_weights._27638_/A           2.507400    3.248450   -0.741050 (VIOLATED)
m.u_conv3.u_weights._29012_/A           2.507400    3.246878   -0.739478 (VIOLATED)
m.u_conv3.u_weights._22282_/A           2.507400    3.245702   -0.738302 (VIOLATED)
m.u_conv3.u_weights._27360_/A           2.507400    3.245701   -0.738301 (VIOLATED)
m.u_conv3.u_weights._22280_/A1          2.507400    3.245649   -0.738249 (VIOLATED)
m.u_conv3.u_weights._19984_/A           2.507400    3.245396   -0.737996 (VIOLATED)
m.u_conv3.u_weights._19983_/A           2.507400    3.245393   -0.737992 (VIOLATED)
m.u_conv3.u_weights._24949_/A           2.507400    3.245319   -0.737919 (VIOLATED)
m.u_conv3.u_weights._22783_/A           2.507400    3.245279   -0.737879 (VIOLATED)
m.u_conv3.u_weights._22225_/A           2.507400    3.245119   -0.737719 (VIOLATED)
m.u_conv3.u_weights._17931_/A           2.507400    3.245049   -0.737649 (VIOLATED)
m.u_conv3.u_weights._17932_/A           2.507400    3.245017   -0.737617 (VIOLATED)
m.u_conv3.u_weights._29588_/A           2.507400    3.244954   -0.737554 (VIOLATED)
m.u_conv3.u_weights._21070_/A           2.507400    3.244816   -0.737416 (VIOLATED)
m.u_conv3.u_weights._20257_/A1          2.507400    3.244810   -0.737409 (VIOLATED)
m.u_conv3.u_weights._20247_/A           2.507400    3.244795   -0.737395 (VIOLATED)
m.u_conv3.u_weights._30033_/A1          2.507400    3.244615   -0.737215 (VIOLATED)
m.u_conv3.u_weights._16180_/B           2.507400    3.244555   -0.737155 (VIOLATED)
m.u_conv3.u_weights._28562_/A           2.507400    3.244241   -0.736841 (VIOLATED)
m.u_conv3.u_weights._25423_/A           2.507400    3.243980   -0.736580 (VIOLATED)
m.u_conv3.u_weights._31124_/B           2.507400    3.243742   -0.736341 (VIOLATED)
m.u_conv3.u_weights._31125_/B           2.507400    3.243700   -0.736300 (VIOLATED)
m.u_conv3.u_weights._15772_/A           2.507400    3.242517   -0.735116 (VIOLATED)
m.u_conv3.u_weights._23203_/A           2.507400    3.242391   -0.734991 (VIOLATED)
m.u_conv3.u_weights._28769_/A           2.507400    3.242211   -0.734810 (VIOLATED)
m.u_conv3.u_weights._22226_/A           2.507400    3.241760   -0.734360 (VIOLATED)
m.u_conv3.u_weights._22230_/A1          2.507400    3.241747   -0.734347 (VIOLATED)
m.u_conv3.u_weights._23692_/A           2.507400    3.241713   -0.734313 (VIOLATED)
m.u_conv3.u_weights._20095_/A           2.507400    3.241699   -0.734299 (VIOLATED)
m.u_conv3.u_weights._26314_/A           2.507400    3.241601   -0.734201 (VIOLATED)
m.u_conv3.u_weights._26313_/A           2.507400    3.241585   -0.734185 (VIOLATED)
m.u_conv3.u_weights._29909_/A           2.507400    3.241566   -0.734166 (VIOLATED)
m.u_conv3.u_weights._29908_/A           2.507400    3.241561   -0.734161 (VIOLATED)
m.u_conv3.u_weights._19746_/A           2.507400    3.241288   -0.733888 (VIOLATED)
m.u_conv3.u_weights._27406_/A1          2.507400    3.241003   -0.733602 (VIOLATED)
m.u_conv3.u_weights._27776_/A           2.507400    3.240607   -0.733207 (VIOLATED)
m.u_conv3.u_weights._27777_/A           2.507400    3.240608   -0.733207 (VIOLATED)
m.u_conv3.u_weights._30128_/A           2.507400    3.240562   -0.733162 (VIOLATED)
m.u_conv3.u_weights._30127_/A           2.507400    3.240558   -0.733158 (VIOLATED)
m.u_conv3.u_weights._19566_/A           2.507400    3.240502   -0.733102 (VIOLATED)
m.u_conv3.u_weights._20997_/A           2.507400    3.240483   -0.733083 (VIOLATED)
m.u_conv3.u_weights._20998_/A           2.507400    3.240470   -0.733070 (VIOLATED)
m.u_conv3.u_weights._29031_/B           2.507400    3.240294   -0.732894 (VIOLATED)
m.u_conv3.u_weights._27464_/B           2.507400    3.240040   -0.732640 (VIOLATED)
m.u_conv3.u_weights._27463_/B           2.507400    3.240038   -0.732638 (VIOLATED)
m.u_conv3.u_weights._27500_/A2          2.507400    3.240021   -0.732621 (VIOLATED)
m.u_conv3.u_weights._24009_/A           2.507400    3.239952   -0.732552 (VIOLATED)
m.u_conv3.u_weights._30920_/B           2.507400    3.239629   -0.732229 (VIOLATED)
m.u_conv3.u_weights._19988_/A           2.507400    3.238785   -0.731384 (VIOLATED)
m.u_conv3.u_weights._19999_/A1          2.507400    3.238781   -0.731381 (VIOLATED)
m.u_conv3.u_weights._31014_/A           2.507400    3.238777   -0.731377 (VIOLATED)
m.u_conv3.u_weights._31024_/A1          2.507400    3.238775   -0.731375 (VIOLATED)
m.u_conv3.u_weights._19270_/A           2.507400    3.238517   -0.731117 (VIOLATED)
m.u_conv3.u_weights._22440_/B           2.507400    3.238384   -0.730983 (VIOLATED)
m.u_conv3.u_weights._28474_/A           2.507400    3.238364   -0.730964 (VIOLATED)
m.u_conv3.u_weights._28478_/A1          2.507400    3.238364   -0.730964 (VIOLATED)
m.u_conv3.u_weights._21743_/A           2.507400    3.238363   -0.730963 (VIOLATED)
m.u_conv3.u_weights._21744_/A           2.507400    3.238309   -0.730909 (VIOLATED)
m.u_conv3.u_weights._22460_/A2          2.507400    3.238280   -0.730880 (VIOLATED)
m.u_conv3.u_weights._22566_/A           2.507400    3.238269   -0.730869 (VIOLATED)
m.u_conv3.u_weights._22814_/A           2.507400    3.238182   -0.730782 (VIOLATED)
m.u_conv3.u_weights._31000_/A           2.507400    3.238088   -0.730688 (VIOLATED)
m.u_conv3.u_weights._31001_/A           2.507400    3.238052   -0.730652 (VIOLATED)
m.u_conv3.u_weights._29536_/A           2.507400    3.237811   -0.730410 (VIOLATED)
m.u_conv3.u_weights._29534_/A1          2.507400    3.237803   -0.730403 (VIOLATED)
m.u_conv3.u_weights._17739_/A           2.507400    3.237712   -0.730312 (VIOLATED)
m.u_conv3.u_weights._24209_/A1          2.507400    3.237695   -0.730295 (VIOLATED)
m.u_conv3.u_weights._22567_/A           2.507400    3.237235   -0.729835 (VIOLATED)
m.u_conv3.u_weights._23769_/A           2.507400    3.236163   -0.728763 (VIOLATED)
m.u_conv3.u_weights._31336_/A           2.507400    3.235685   -0.728285 (VIOLATED)
m.u_conv3.u_weights._31329_/A1          2.507400    3.235522   -0.728122 (VIOLATED)
m.u_conv3.u_weights._17253_/A           2.507400    3.235493   -0.728092 (VIOLATED)
m.u_conv3.u_weights._17685_/A1          2.507400    3.235462   -0.728062 (VIOLATED)
m.u_conv3.u_weights._18124_/A           2.507400    3.235042   -0.727642 (VIOLATED)
m.u_conv3.u_weights._27635_/A           2.507400    3.234168   -0.726768 (VIOLATED)
m.u_conv3.u_weights._27636_/A           2.507400    3.234156   -0.726756 (VIOLATED)
m.u_conv3.u_weights._24219_/A           2.507400    3.233925   -0.726524 (VIOLATED)
m.u_conv3.u_weights._18967_/A           2.507400    3.233581   -0.726180 (VIOLATED)
m.u_conv3.u_weights._29031_/A           2.507400    3.233446   -0.726045 (VIOLATED)
m.u_conv3.u_weights._27294_/A           2.507400    3.233023   -0.725623 (VIOLATED)
m.u_conv3.u_weights._29999_/A           2.507400    3.232931   -0.725531 (VIOLATED)
m.u_conv3.u_weights._31423_/A           2.507400    3.232926   -0.725525 (VIOLATED)
m.u_conv3.u_weights._23358_/A           2.507400    3.232782   -0.725382 (VIOLATED)
m.u_conv3.u_weights._18029_/A           2.507400    3.232466   -0.725065 (VIOLATED)
m.u_conv3.u_weights._17377_/A           2.507400    3.232382   -0.724982 (VIOLATED)
m.u_conv3.u_weights._18028_/A           2.507400    3.232038   -0.724638 (VIOLATED)
m.u_conv3.u_weights._21268_/A           2.507400    3.231926   -0.724526 (VIOLATED)
m.u_conv3.u_weights._16363_/A           2.507400    3.230566   -0.723166 (VIOLATED)
m.u_conv3.u_weights._16358_/A           2.507400    3.230551   -0.723151 (VIOLATED)
m.u_conv3.u_weights._20114_/A           2.507400    3.229953   -0.722553 (VIOLATED)
m.u_conv3.u_weights._23978_/A           2.507400    3.228301   -0.720901 (VIOLATED)
m.u_conv3.u_weights._24034_/A1          2.507400    3.227821   -0.720421 (VIOLATED)
m.u_conv3.u_weights._19072_/A           2.507400    3.226381   -0.718980 (VIOLATED)
m.u_conv3.u_weights._25665_/A           2.507400    3.224664   -0.717264 (VIOLATED)
m.u_conv3.u_weights._16494_/A           2.507400    3.224636   -0.717236 (VIOLATED)
m.u_conv3.u_weights._16495_/A           2.507400    3.224632   -0.717232 (VIOLATED)
m.u_conv3.u_weights._24741_/A           2.507400    3.224620   -0.717220 (VIOLATED)
m.u_conv3.u_weights._25408_/A1          2.507400    3.223260   -0.715860 (VIOLATED)
m.u_conv3.u_weights._25406_/A           2.507400    3.223257   -0.715857 (VIOLATED)
m.u_conv3.u_weights._26986_/A           2.507400    3.223251   -0.715851 (VIOLATED)
m.u_conv3.u_weights._31018_/A           2.507400    3.222780   -0.715379 (VIOLATED)
m.u_conv3.u_weights._24721_/A           2.507400    3.222629   -0.715229 (VIOLATED)
m.u_conv3.u_weights._21581_/A           2.507400    3.222018   -0.714618 (VIOLATED)
m.u_conv3.u_weights._19069_/A           2.507400    3.221926   -0.714526 (VIOLATED)
m.u_conv3.u_weights._24942_/A           2.507400    3.220963   -0.713563 (VIOLATED)
m.u_conv3.u_weights._22781_/A           2.507400    3.220911   -0.713511 (VIOLATED)
m.u_conv3.u_weights._19895_/A           2.507400    3.220836   -0.713436 (VIOLATED)
m.u_conv3.u_weights._22104_/A           2.507400    3.220524   -0.713124 (VIOLATED)
m.u_conv3.u_weights._16765_/A1          2.507400    3.219977   -0.712577 (VIOLATED)
m.u_conv3.u_weights._16752_/A           2.507400    3.219934   -0.712534 (VIOLATED)
m.u_conv3.u_weights._27938_/A1          2.507400    3.219249   -0.711849 (VIOLATED)
m.u_conv3.u_weights._27830_/A           2.507400    3.219144   -0.711744 (VIOLATED)
m.u_conv3.u_weights._25349_/A           2.507400    3.219056   -0.711656 (VIOLATED)
m.u_conv3.u_weights._25350_/A           2.507400    3.218937   -0.711537 (VIOLATED)
m.u_conv3.u_weights._22560_/A           2.507400    3.218526   -0.711126 (VIOLATED)
m.u_conv3.u_weights._16493_/A           2.507400    3.218445   -0.711045 (VIOLATED)
m.u_conv3.u_weights._29745_/A           2.507400    3.218357   -0.710956 (VIOLATED)
m.u_conv3.u_weights._16492_/A           2.507400    3.218144   -0.710744 (VIOLATED)
m.u_conv3.u_weights._18525_/A           2.507400    3.218141   -0.710741 (VIOLATED)
m.u_conv3.u_weights._19517_/A2          2.507400    3.218089   -0.710688 (VIOLATED)
m.u_conv3.u_weights._19515_/B           2.507400    3.218082   -0.710682 (VIOLATED)
m.u_conv3.u_weights._29213_/A           2.507400    3.217927   -0.710526 (VIOLATED)
m.u_conv3.u_weights._27589_/A           2.507400    3.217363   -0.709963 (VIOLATED)
m.u_conv3.u_weights._21015_/A           2.507400    3.216903   -0.709503 (VIOLATED)
m.u_conv3.u_weights._21014_/A           2.507400    3.216902   -0.709501 (VIOLATED)
m.u_conv3.u_weights._28816_/A           2.507400    3.216392   -0.708992 (VIOLATED)
m.u_conv3.u_weights._23209_/A           2.507400    3.216314   -0.708913 (VIOLATED)
m.u_conv3.u_weights._28829_/A1          2.507400    3.216296   -0.708896 (VIOLATED)
m.u_conv3.u_weights._31168_/A           2.507400    3.215827   -0.708427 (VIOLATED)
m.u_conv3.u_weights._18239_/A           2.507400    3.215803   -0.708402 (VIOLATED)
m.u_conv3.u_weights._18236_/A           2.507400    3.215786   -0.708386 (VIOLATED)
m.u_conv3.u_weights._26156_/A           2.507400    3.215783   -0.708383 (VIOLATED)
m.u_conv3.u_weights._27441_/A           2.507400    3.215686   -0.708286 (VIOLATED)
m.u_conv3.u_weights._24512_/A           2.507400    3.215098   -0.707697 (VIOLATED)
m.u_conv3.u_weights._24013_/B           2.507400    3.214645   -0.707245 (VIOLATED)
m.u_conv3.u_weights._24081_/A2          2.507400    3.214483   -0.707082 (VIOLATED)
m.u_conv3.u_weights._22221_/A           2.507400    3.213992   -0.706592 (VIOLATED)
m.u_conv3.u_weights._17513_/A           2.507400    3.213974   -0.706574 (VIOLATED)
m.u_conv3.u_weights._17489_/B           2.507400    3.213961   -0.706561 (VIOLATED)
m.u_conv3.u_weights._24513_/A           2.507400    3.213943   -0.706543 (VIOLATED)
m.u_conv3.u_weights._22222_/A           2.507400    3.213900   -0.706500 (VIOLATED)
m.u_conv3.u_weights._26669_/A           2.507400    3.213886   -0.706486 (VIOLATED)
m.u_conv3.u_weights._26668_/A           2.507400    3.213881   -0.706480 (VIOLATED)
m.u_conv3.u_weights._21306_/B           2.507400    3.213880   -0.706479 (VIOLATED)
m.u_conv3.u_weights._21305_/B           2.507400    3.213877   -0.706477 (VIOLATED)
m.u_conv3.u_weights._18526_/A           2.507400    3.213850   -0.706450 (VIOLATED)
m.u_conv3.u_weights._18606_/A1          2.507400    3.213552   -0.706152 (VIOLATED)
m.u_conv3.u_weights._23764_/A           2.507400    3.213030   -0.705630 (VIOLATED)
m.u_conv3.u_weights._27300_/A           2.507400    3.212103   -0.704703 (VIOLATED)
m.u_conv3.u_weights._25601_/A           2.507400    3.212074   -0.704674 (VIOLATED)
m.u_conv3.u_weights._25602_/A           2.507400    3.212072   -0.704672 (VIOLATED)
m.u_conv3.u_weights._28588_/A1          2.507400    3.211960   -0.704560 (VIOLATED)
m.u_conv3.u_weights._25194_/A           2.507400    3.211864   -0.704464 (VIOLATED)
m.u_conv3.u_weights._15819_/A           2.507400    3.211801   -0.704401 (VIOLATED)
m.u_conv3.u_weights._20700_/A           2.507400    3.211678   -0.704278 (VIOLATED)
m.u_conv3.u_weights._28527_/A           2.507400    3.211501   -0.704101 (VIOLATED)
m.u_conv3.u_weights._21415_/B           2.507400    3.211370   -0.703970 (VIOLATED)
m.u_conv3.u_weights._23303_/A           2.507400    3.211250   -0.703849 (VIOLATED)
m.u_conv3.u_weights._23301_/A1          2.507400    3.211207   -0.703807 (VIOLATED)
m.u_conv3.u_weights._18757_/A           2.507400    3.210597   -0.703197 (VIOLATED)
m.u_conv3.u_weights._15984_/A           2.507400    3.209934   -0.702534 (VIOLATED)
m.u_conv3.u_weights._15985_/A           2.507400    3.209929   -0.702529 (VIOLATED)
m.u_conv3.u_weights._30208_/A           2.507400    3.209900   -0.702500 (VIOLATED)
m.u_conv3.u_weights._22334_/B           2.507400    3.209871   -0.702471 (VIOLATED)
m.u_conv3.u_weights._21414_/B           2.507400    3.209856   -0.702456 (VIOLATED)
m.u_conv3.u_weights._22332_/B           2.507400    3.209849   -0.702449 (VIOLATED)
m.u_conv3.u_weights._16947_/A           2.507400    3.209832   -0.702432 (VIOLATED)
m.u_conv3.u_weights._16690_/A           2.507400    3.209583   -0.702183 (VIOLATED)
m.u_conv3.u_weights._27878_/A           2.507400    3.209463   -0.702063 (VIOLATED)
m.u_conv3.u_weights._26861_/A           2.507400    3.209235   -0.701835 (VIOLATED)
m.u_conv3.u_weights._20073_/A           2.507400    3.209093   -0.701693 (VIOLATED)
m.u_conv3.u_weights._26378_/A           2.507400    3.209039   -0.701639 (VIOLATED)
m.u_conv3.u_weights._16280_/A           2.507400    3.208801   -0.701401 (VIOLATED)
m.u_conv3.u_weights._26367_/A1          2.507400    3.208739   -0.701339 (VIOLATED)
m.u_conv3.u_weights._23694_/A           2.507400    3.208464   -0.701063 (VIOLATED)
m.u_conv3.u_weights._20559_/B           2.507400    3.208448   -0.701048 (VIOLATED)
m.u_conv3.u_weights._23693_/A           2.507400    3.208437   -0.701037 (VIOLATED)
m.u_conv3.u_weights._24657_/A           2.507400    3.208040   -0.700640 (VIOLATED)
m.u_conv3.u_weights._21173_/A           2.507400    3.207551   -0.700151 (VIOLATED)
m.u_conv3.u_weights._19725_/A           2.507400    3.207467   -0.700066 (VIOLATED)
m.u_conv3.u_weights._19724_/A           2.507400    3.207465   -0.700065 (VIOLATED)
m.u_conv3.u_weights._24213_/A           2.507400    3.207286   -0.699886 (VIOLATED)
m.u_conv3.u_weights._22573_/A           2.507400    3.207234   -0.699834 (VIOLATED)
m.u_conv3.u_weights._29911_/A           2.507400    3.207221   -0.699821 (VIOLATED)
m.u_conv3.u_weights._18828_/A1          2.507400    3.207189   -0.699789 (VIOLATED)
m.u_conv3.u_weights._23737_/B           2.507400    3.207126   -0.699726 (VIOLATED)
m.u_conv3.u_weights._23738_/B           2.507400    3.207099   -0.699699 (VIOLATED)
m.u_conv3.u_weights._15791_/A           2.507400    3.207095   -0.699695 (VIOLATED)
m.u_conv3.u_weights._30048_/A           2.507400    3.206639   -0.699239 (VIOLATED)
m.u_conv3.u_weights._18839_/A1          2.507400    3.206434   -0.699033 (VIOLATED)
m.u_conv3.u_weights._27603_/B           2.507400    3.206296   -0.698896 (VIOLATED)
m.u_conv3.u_weights._22041_/A           2.507400    3.206256   -0.698856 (VIOLATED)
m.u_conv3.u_weights._27602_/B           2.507400    3.206243   -0.698843 (VIOLATED)
m.u_conv3.u_weights._17490_/B           2.507400    3.206238   -0.698838 (VIOLATED)
m.u_conv3.u_weights._24013_/A           2.507400    3.205222   -0.697822 (VIOLATED)
m.u_conv3.u_weights._18549_/A           2.507400    3.205209   -0.697809 (VIOLATED)
m.u_conv3.u_weights._24081_/A1          2.507400    3.205117   -0.697717 (VIOLATED)
m.u_conv3.u_weights._16151_/B           2.507400    3.204820   -0.697419 (VIOLATED)
m.u_conv3.u_weights._16149_/B           2.507400    3.204670   -0.697270 (VIOLATED)
m.u_conv3.u_weights._27334_/A1          2.507400    3.204490   -0.697090 (VIOLATED)
m.u_conv3.u_weights._27332_/A           2.507400    3.204430   -0.697030 (VIOLATED)
m.u_conv3.u_weights._26215_/A           2.507400    3.203452   -0.696052 (VIOLATED)
m.u_conv3.u_weights._26234_/A1          2.507400    3.203443   -0.696043 (VIOLATED)
m.u_conv3.u_weights._28768_/A           2.507400    3.203381   -0.695981 (VIOLATED)
m.u_conv3.u_weights._28762_/A1          2.507400    3.203372   -0.695971 (VIOLATED)
m.u_conv3.u_weights._17162_/A           2.507400    3.203011   -0.695611 (VIOLATED)
m.u_conv3.u_weights._17161_/A           2.507400    3.203009   -0.695609 (VIOLATED)
m.u_conv3.u_weights._28710_/A           2.507400    3.202984   -0.695584 (VIOLATED)
m.u_conv3.u_weights._16856_/A           2.507400    3.202963   -0.695563 (VIOLATED)
m.u_conv3.u_weights._16892_/A1          2.507400    3.202962   -0.695562 (VIOLATED)
m.u_conv3.u_weights._30214_/A1          2.507400    3.202892   -0.695492 (VIOLATED)
m.u_conv3.u_weights._28029_/A           2.507400    3.202873   -0.695473 (VIOLATED)
m.u_conv3.u_weights._30906_/A           2.507400    3.202870   -0.695470 (VIOLATED)
m.u_conv3.u_weights._23019_/A           2.507400    3.202655   -0.695255 (VIOLATED)
m.u_conv3.u_weights._18769_/A           2.507400    3.202348   -0.694948 (VIOLATED)
m.u_conv3.u_weights._17456_/A           2.507400    3.202183   -0.694782 (VIOLATED)
m.u_conv3.u_weights._26564_/A2          2.507400    3.202047   -0.694647 (VIOLATED)
m.u_conv3.u_weights._21822_/B           2.507400    3.201926   -0.694525 (VIOLATED)
m.u_conv3.u_weights._21821_/B           2.507400    3.201920   -0.694519 (VIOLATED)
m.u_conv3.u_weights._20587_/B           2.507400    3.201818   -0.694418 (VIOLATED)
m.u_conv3.u_weights._20588_/B           2.507400    3.201741   -0.694341 (VIOLATED)
m.u_conv3.u_weights._29248_/A           2.507400    3.201649   -0.694249 (VIOLATED)
m.u_conv3.u_weights._23251_/A           2.507400    3.201453   -0.694053 (VIOLATED)
m.u_conv3.u_weights._21246_/A           2.507400    3.200871   -0.693471 (VIOLATED)
m.u_conv3.u_weights._21247_/A           2.507400    3.200871   -0.693471 (VIOLATED)
m.u_conv3.u_weights._20815_/A           2.507400    3.200866   -0.693465 (VIOLATED)
m.u_conv3.u_weights._25733_/A           2.507400    3.200709   -0.693309 (VIOLATED)
m.u_conv3.u_weights._29319_/A1          2.507400    3.200698   -0.693298 (VIOLATED)
m.u_conv3.u_weights._19383_/A2          2.507400    3.200633   -0.693233 (VIOLATED)
m.u_conv3.u_weights._19367_/B           2.507400    3.200624   -0.693223 (VIOLATED)
m.u_conv3.u_weights._25417_/A           2.507400    3.200554   -0.693154 (VIOLATED)
m.u_conv3.u_weights._30359_/A           2.507400    3.200445   -0.693045 (VIOLATED)
m.u_conv3.u_weights._30361_/A1          2.507400    3.200445   -0.693045 (VIOLATED)
m.u_conv3.u_weights._17029_/A           2.507400    3.200199   -0.692798 (VIOLATED)
m.u_conv3.u_weights._24655_/A           2.507400    3.199771   -0.692371 (VIOLATED)
m.u_conv3.u_weights._20325_/A           2.507400    3.199528   -0.692128 (VIOLATED)
m.u_conv3.u_weights._20324_/A           2.507400    3.199525   -0.692125 (VIOLATED)
m.u_conv3.u_weights._16437_/A           2.507400    3.199516   -0.692116 (VIOLATED)
m.u_conv3.u_weights._16456_/A1          2.507400    3.199512   -0.692112 (VIOLATED)
m.u_conv3.u_weights._28245_/B           2.507400    3.199509   -0.692109 (VIOLATED)
m.u_conv3.u_weights._28243_/B           2.507400    3.199494   -0.692093 (VIOLATED)
m.u_conv3.u_weights._28253_/B           2.507400    3.199475   -0.692075 (VIOLATED)
m.u_conv3.u_weights._17455_/A           2.507400    3.199078   -0.691678 (VIOLATED)
m.u_conv3.u_weights._24665_/A           2.507400    3.198959   -0.691558 (VIOLATED)
m.u_conv3.u_weights._21856_/A           2.507400    3.198917   -0.691517 (VIOLATED)
m.u_conv3.u_weights._21758_/A           2.507400    3.198880   -0.691480 (VIOLATED)
m.u_conv3.u_weights._21377_/A1          2.507400    3.198864   -0.691464 (VIOLATED)
m.u_conv3.u_weights._24694_/A           2.507400    3.198856   -0.691456 (VIOLATED)
m.u_conv3.u_weights._31223_/A           2.507400    3.198845   -0.691444 (VIOLATED)
m.u_conv3.u_weights._27048_/A           2.507400    3.198793   -0.691393 (VIOLATED)
m.u_conv3.u_weights._27047_/A           2.507400    3.198792   -0.691392 (VIOLATED)
m.u_conv3.u_weights._24802_/A1          2.507400    3.198779   -0.691379 (VIOLATED)
m.u_conv3.u_weights._30215_/A1          2.507400    3.197946   -0.690546 (VIOLATED)
m.u_conv3.u_weights._30205_/A           2.507400    3.197353   -0.689953 (VIOLATED)
m.u_conv3.u_weights._25110_/A           2.507400    3.196268   -0.688868 (VIOLATED)
m.u_conv3.u_weights._21565_/A           2.507400    3.196204   -0.688804 (VIOLATED)
m.u_conv3.u_weights._25874_/A           2.507400    3.195033   -0.687632 (VIOLATED)
m.u_conv3.u_weights._25876_/A1          2.507400    3.195031   -0.687631 (VIOLATED)
m.u_conv3.u_weights._21982_/A           2.507400    3.194918   -0.687518 (VIOLATED)
m.u_conv3.u_weights._21983_/A           2.507400    3.194919   -0.687518 (VIOLATED)
m.u_conv3.u_weights._18424_/A           2.507400    3.194898   -0.687498 (VIOLATED)
m.u_conv3.u_weights._30840_/A           2.507400    3.194866   -0.687466 (VIOLATED)
m.u_conv3.u_weights._18453_/A           2.507400    3.194764   -0.687364 (VIOLATED)
m.u_conv3.u_weights._18452_/A           2.507400    3.194741   -0.687341 (VIOLATED)
m.u_conv3.u_weights._24657_/B           2.507400    3.194610   -0.687209 (VIOLATED)
m.u_conv3._471_/A                       2.507400    3.194489   -0.687088 (VIOLATED)
m.u_conv3._561_/Q                       2.507400    3.194489   -0.687088 (VIOLATED)
m.u_conv3.u_weights._17772_/B           2.507400    3.194005   -0.686605 (VIOLATED)
m.u_conv3.u_weights._31543_/A           2.507400    3.193986   -0.686586 (VIOLATED)
m.u_conv3.u_weights._31553_/A1          2.507400    3.193984   -0.686584 (VIOLATED)
m.u_conv3.u_weights._17773_/B           2.507400    3.193973   -0.686573 (VIOLATED)
m.u_conv3.u_weights._30542_/A           2.507400    3.193902   -0.686502 (VIOLATED)
m.u_conv3.u_weights._30544_/A1          2.507400    3.193901   -0.686501 (VIOLATED)
m.u_conv3.u_weights._28048_/A1          2.507400    3.193882   -0.686482 (VIOLATED)
m.u_conv3.u_weights._20330_/A           2.507400    3.193878   -0.686478 (VIOLATED)
m.u_conv3.u_weights._19066_/A           2.507400    3.193847   -0.686447 (VIOLATED)
m.u_conv3.u_weights._29424_/A           2.507400    3.193830   -0.686430 (VIOLATED)
m.u_conv3.u_weights._29425_/A           2.507400    3.193831   -0.686431 (VIOLATED)
m.u_conv3.u_weights._30680_/A           2.507400    3.193805   -0.686405 (VIOLATED)
m.u_conv3.u_weights._30681_/A           2.507400    3.193805   -0.686405 (VIOLATED)
m.u_conv3._477_/A                       2.507400    3.193774   -0.686374 (VIOLATED)
m.u_conv3._564_/Q                       2.507400    3.193774   -0.686374 (VIOLATED)
m.u_conv3.u_weights._25117_/A           2.507400    3.192969   -0.685569 (VIOLATED)
m.u_conv3.u_weights._25116_/A           2.507400    3.192967   -0.685567 (VIOLATED)
m.u_conv3.u_weights._22788_/A           2.507400    3.192449   -0.685049 (VIOLATED)
m.u_conv3.u_weights._19870_/A1          2.507400    3.191965   -0.684565 (VIOLATED)
m.u_conv3.u_weights._28821_/A           2.507400    3.191943   -0.684543 (VIOLATED)
m.u_conv3.u_weights._21023_/A           2.507400    3.191834   -0.684434 (VIOLATED)
m.u_conv3.u_weights._26146_/A           2.507400    3.191813   -0.684413 (VIOLATED)
m.u_conv3.u_weights._20608_/A           2.507400    3.191354   -0.683954 (VIOLATED)
m.u_conv3.u_weights._30901_/A           2.507400    3.191334   -0.683934 (VIOLATED)
m.u_conv3.u_weights._16372_/A1          2.507400    3.191286   -0.683886 (VIOLATED)
m.u_conv3.u_weights._16336_/A           2.507400    3.191236   -0.683836 (VIOLATED)
m.u_conv3.u_weights._19781_/A           2.507400    3.191194   -0.683793 (VIOLATED)
m.u_conv3.u_weights._25225_/A           2.507400    3.190717   -0.683317 (VIOLATED)
m.u_conv3.u_weights._25229_/A1          2.507400    3.190655   -0.683255 (VIOLATED)
m.u_conv3.u_weights._23823_/A           2.507400    3.190521   -0.683121 (VIOLATED)
m.u_conv3.u_weights._20073_/B           2.507400    3.190094   -0.682693 (VIOLATED)
m.u_conv3.u_weights._24237_/A           2.507400    3.190046   -0.682646 (VIOLATED)
m.u_conv3.u_weights._18955_/A           2.507400    3.189613   -0.682213 (VIOLATED)
m.u_conv3.u_weights._18954_/A           2.507400    3.189610   -0.682210 (VIOLATED)
m.u_conv3.u_weights._23456_/B           2.507400    3.189307   -0.681907 (VIOLATED)
m.u_conv3.u_weights._23454_/B           2.507400    3.189285   -0.681885 (VIOLATED)
m.u_conv3.u_weights._23462_/B           2.507400    3.189241   -0.681841 (VIOLATED)
m.u_conv3.u_weights._30602_/A           2.507400    3.189078   -0.681678 (VIOLATED)
m.u_conv3.u_weights._30601_/A           2.507400    3.189077   -0.681677 (VIOLATED)
m.u_conv3.u_weights._27282_/A           2.507400    3.188947   -0.681547 (VIOLATED)
m.u_conv3.u_weights._27281_/A           2.507400    3.188913   -0.681513 (VIOLATED)
m.u_conv3.u_weights._19558_/A           2.507400    3.188887   -0.681487 (VIOLATED)
m.u_conv3.u_weights._19557_/A           2.507400    3.188884   -0.681484 (VIOLATED)
m.u_conv3.u_weights._26612_/A2          2.507400    3.188864   -0.681464 (VIOLATED)
m.u_conv3.u_weights._26610_/B           2.507400    3.188859   -0.681459 (VIOLATED)
m.u_conv3.u_weights._20346_/A           2.507400    3.188838   -0.681438 (VIOLATED)
m.u_conv3.u_weights._26558_/A           2.507400    3.188817   -0.681417 (VIOLATED)
m.u_conv3.u_weights._26560_/A1          2.507400    3.188816   -0.681416 (VIOLATED)
m.u_conv3.u_weights._21855_/A           2.507400    3.188752   -0.681352 (VIOLATED)
m.u_conv3.u_weights._30761_/A1          2.507400    3.188390   -0.680990 (VIOLATED)
m.u_conv3.u_weights._15824_/A           2.507400    3.188372   -0.680972 (VIOLATED)
m.u_conv3.u_weights._23065_/A           2.507400    3.188329   -0.680929 (VIOLATED)
m.u_conv3.u_weights._27719_/B           2.507400    3.188273   -0.680872 (VIOLATED)
m.u_conv3.u_weights._27721_/A2          2.507400    3.188239   -0.680839 (VIOLATED)
m.u_conv3.u_weights._29195_/A           2.507400    3.188143   -0.680743 (VIOLATED)
m.u_conv3.u_weights._19119_/B           2.507400    3.188135   -0.680735 (VIOLATED)
m.u_conv3.u_weights._24665_/B           2.507400    3.188129   -0.680729 (VIOLATED)
m.u_conv3.u_weights._24655_/B           2.507400    3.188116   -0.680716 (VIOLATED)
m.u_conv3.u_weights._29257_/A           2.507400    3.187649   -0.680249 (VIOLATED)
m.u_conv3.u_weights._17990_/A1          2.507400    3.187369   -0.679969 (VIOLATED)
m.u_conv3.u_weights._21248_/A           2.507400    3.187150   -0.679750 (VIOLATED)
m.u_conv3.u_weights._18001_/A           2.507400    3.187123   -0.679723 (VIOLATED)
m.u_conv3.u_weights._18316_/A           2.507400    3.187118   -0.679718 (VIOLATED)
m.u_conv3.u_weights._18317_/A           2.507400    3.187116   -0.679716 (VIOLATED)
m.u_conv3.u_weights._18201_/A           2.507400    3.187062   -0.679662 (VIOLATED)
m.u_conv3.u_weights._18202_/A           2.507400    3.186967   -0.679567 (VIOLATED)
m.u_conv3.u_weights._25106_/A           2.507400    3.186776   -0.679376 (VIOLATED)
m.u_conv3.u_weights._25107_/A           2.507400    3.186776   -0.679376 (VIOLATED)
m.u_conv3.u_weights._19992_/A           2.507400    3.186741   -0.679341 (VIOLATED)
m.u_conv3.u_weights._17940_/A1          2.507400    3.186633   -0.679233 (VIOLATED)
m.u_conv3.u_weights._29789_/A           2.507400    3.186536   -0.679136 (VIOLATED)
m.u_conv3.u_weights._17533_/B           2.507400    3.186482   -0.679082 (VIOLATED)
m.u_conv3.u_weights._22777_/A           2.507400    3.186387   -0.678987 (VIOLATED)
m.u_conv3.u_weights._22778_/A           2.507400    3.186379   -0.678979 (VIOLATED)
m.u_conv3.u_weights._17534_/B           2.507400    3.186372   -0.678972 (VIOLATED)
m.u_conv3.u_weights._17532_/B           2.507400    3.186274   -0.678874 (VIOLATED)
m.u_conv3.u_weights._15858_/A           2.507400    3.186209   -0.678809 (VIOLATED)
m.u_conv3.u_weights._24451_/A           2.507400    3.186197   -0.678797 (VIOLATED)
m.u_conv3.u_weights._28335_/A           2.507400    3.185768   -0.678368 (VIOLATED)
m.u_conv3.u_weights._19467_/A           2.507400    3.185241   -0.677841 (VIOLATED)
m.u_conv3.u_weights._23977_/B           2.507400    3.185140   -0.677739 (VIOLATED)
m.u_conv3.u_weights._21664_/A1          2.507400    3.184954   -0.677554 (VIOLATED)
m.u_conv3.u_weights._30382_/A           2.507400    3.184833   -0.677432 (VIOLATED)
m.u_conv3.u_weights._16091_/A           2.507400    3.184311   -0.676911 (VIOLATED)
m.u_conv3.u_weights._16096_/A           2.507400    3.184311   -0.676911 (VIOLATED)
m.u_conv3.u_weights._18586_/A2          2.507400    3.184307   -0.676907 (VIOLATED)
m.u_conv3.u_weights._18568_/B           2.507400    3.184301   -0.676901 (VIOLATED)
m.u_conv3._473_/A                       2.507400    3.184058   -0.676658 (VIOLATED)
m.u_conv3._562_/Q                       2.507400    3.184058   -0.676658 (VIOLATED)
m.u_conv3.u_weights._22462_/A           2.507400    3.183780   -0.676380 (VIOLATED)
m.u_conv3.u_weights._22463_/A           2.507400    3.183781   -0.676381 (VIOLATED)
m.u_conv3.u_weights._17208_/A           2.507400    3.183420   -0.676020 (VIOLATED)
m.u_conv3.u_weights._24720_/A           2.507400    3.183417   -0.676017 (VIOLATED)
m.u_conv3.u_weights._25653_/B           2.507400    3.183379   -0.675979 (VIOLATED)
m.u_conv3.u_weights._16645_/A           2.507400    3.183359   -0.675959 (VIOLATED)
m.u_conv3.u_weights._25935_/A1          2.507400    3.183239   -0.675839 (VIOLATED)
m.u_conv3.u_weights._16643_/A           2.507400    3.183209   -0.675809 (VIOLATED)
m.u_conv3.u_weights._28711_/A           2.507400    3.183080   -0.675680 (VIOLATED)
m.u_conv3.u_weights._28712_/A           2.507400    3.183054   -0.675654 (VIOLATED)
m.u_conv3.u_weights._26371_/A           2.507400    3.182153   -0.674753 (VIOLATED)
m.u_conv3.u_weights._16954_/A           2.507400    3.181437   -0.674036 (VIOLATED)
m.u_conv3.u_weights._28245_/A           2.507400    3.181373   -0.673973 (VIOLATED)
m.u_conv3.u_weights._20631_/A           2.507400    3.181360   -0.673959 (VIOLATED)
m.u_conv3.u_weights._28243_/A           2.507400    3.181360   -0.673960 (VIOLATED)
m.u_conv3.u_weights._28253_/A           2.507400    3.181348   -0.673947 (VIOLATED)
m.u_conv3.u_weights._20622_/A1          2.507400    3.181188   -0.673788 (VIOLATED)
m.u_conv3.u_weights._19824_/A           2.507400    3.180280   -0.672880 (VIOLATED)
m.u_conv3.u_weights._28390_/A           2.507400    3.180095   -0.672695 (VIOLATED)
m.u_conv3.u_weights._22802_/A           2.507400    3.179919   -0.672519 (VIOLATED)
m.u_conv3.u_weights._15984_/B           2.507400    3.179863   -0.672463 (VIOLATED)
m.u_conv3.u_weights._28033_/A1          2.507400    3.179863   -0.672463 (VIOLATED)
m.u_conv3.u_weights._15985_/B           2.507400    3.179858   -0.672458 (VIOLATED)
m.u_conv3.u_weights._17013_/A           2.507400    3.179824   -0.672423 (VIOLATED)
m.u_conv3.u_weights._17017_/A1          2.507400    3.179812   -0.672412 (VIOLATED)
m.u_conv3.u_weights._25823_/A           2.507400    3.179537   -0.672137 (VIOLATED)
m.u_conv3.u_weights._17205_/A1          2.507400    3.178153   -0.670753 (VIOLATED)
m.u_conv3.u_weights._24730_/A           2.507400    3.178033   -0.670633 (VIOLATED)
m.u_conv3.u_weights._31285_/A           2.507400    3.175539   -0.668138 (VIOLATED)
m.u_conv3.u_weights._20251_/A           2.507400    3.175493   -0.668093 (VIOLATED)
m.u_conv3.u_weights._30411_/A           2.507400    3.174570   -0.667170 (VIOLATED)
m.u_conv3.u_weights._30413_/A1          2.507400    3.174570   -0.667169 (VIOLATED)
m.u_conv3.u_weights._25890_/A           2.507400    3.174563   -0.667163 (VIOLATED)
m.u_conv3.u_weights._20372_/A           2.507400    3.174552   -0.667152 (VIOLATED)
m.u_conv3.u_weights._26748_/A           2.507400    3.174500   -0.667100 (VIOLATED)
m.u_conv3.u_weights._26749_/A           2.507400    3.174500   -0.667100 (VIOLATED)
m.u_conv3.u_weights._29290_/A           2.507400    3.174484   -0.667084 (VIOLATED)
m.u_conv3.u_weights._19125_/A           2.507400    3.174467   -0.667067 (VIOLATED)
m.u_conv3.u_weights._21994_/A           2.507400    3.174395   -0.666995 (VIOLATED)
m.u_conv3.u_weights._21995_/A           2.507400    3.174395   -0.666995 (VIOLATED)
m.u_conv3._467_/A                       2.507400    3.174312   -0.666912 (VIOLATED)
m.u_conv3._559_/Q                       2.507400    3.174312   -0.666912 (VIOLATED)
m.u_conv3.u_weights._29816_/A1          2.507400    3.173677   -0.666277 (VIOLATED)
m.u_conv3.u_weights._22196_/A           2.507400    3.173616   -0.666216 (VIOLATED)
m.u_conv3.u_weights._21653_/A           2.507400    3.172274   -0.664874 (VIOLATED)
m.u_conv3.u_weights._17726_/A           2.507400    3.171757   -0.664357 (VIOLATED)
m.u_conv3.u_weights._24992_/A           2.507400    3.168865   -0.661465 (VIOLATED)
m.u_conv3.u_weights._23515_/A           2.507400    3.168756   -0.661356 (VIOLATED)
m.u_conv3.u_weights._26990_/B           2.507400    3.168636   -0.661236 (VIOLATED)
m.u_conv3.u_weights._26991_/B           2.507400    3.168619   -0.661218 (VIOLATED)
m.u_conv3.u_weights._17489_/A           2.507400    3.168319   -0.660919 (VIOLATED)
m.u_conv3.u_weights._31419_/A           2.507400    3.168305   -0.660905 (VIOLATED)
m.u_conv3.u_weights._31425_/A1          2.507400    3.168296   -0.660896 (VIOLATED)
m.u_conv3.u_weights._31248_/A1          2.507400    3.167959   -0.660559 (VIOLATED)
m.u_conv3.u_weights._22994_/A           2.507400    3.167717   -0.660316 (VIOLATED)
m.u_conv3.u_weights._17266_/A           2.507400    3.167583   -0.660182 (VIOLATED)
m.u_conv3.u_weights._17265_/A           2.507400    3.167555   -0.660154 (VIOLATED)
m.u_conv3.u_weights._19798_/A           2.507400    3.167484   -0.660084 (VIOLATED)
m.u_conv3.u_weights._21369_/A           2.507400    3.167264   -0.659863 (VIOLATED)
m.u_conv3.u_weights._25654_/A           2.507400    3.167201   -0.659801 (VIOLATED)
m.u_conv3.u_weights._25720_/A1          2.507400    3.167180   -0.659780 (VIOLATED)
m.u_conv3.u_weights._16493_/B           2.507400    3.166560   -0.659160 (VIOLATED)
m.u_conv3.u_weights._16492_/B           2.507400    3.166189   -0.658789 (VIOLATED)
m.u_conv3.u_weights._20253_/A           2.507400    3.165779   -0.658379 (VIOLATED)
m.u_conv3.u_weights._20252_/A           2.507400    3.165777   -0.658377 (VIOLATED)
m.u_conv3.u_weights._29605_/A           2.507400    3.165663   -0.658263 (VIOLATED)
m.u_conv3.u_weights._21603_/A           2.507400    3.165651   -0.658251 (VIOLATED)
m.u_conv3.u_weights._21353_/A1          2.507400    3.165648   -0.658248 (VIOLATED)
m.u_conv3.u_weights._25300_/A2          2.507400    3.165591   -0.658190 (VIOLATED)
m.u_conv3.u_weights._25298_/B           2.507400    3.165574   -0.658174 (VIOLATED)
m.u_conv3.u_weights._17268_/B           2.507400    3.165160   -0.657760 (VIOLATED)
m.u_conv3.u_weights._28344_/A           2.507400    3.165071   -0.657671 (VIOLATED)
m.u_conv3.u_weights._27845_/A           2.507400    3.164801   -0.657401 (VIOLATED)
m.u_conv3.u_weights._26432_/A1          2.507400    3.164638   -0.657238 (VIOLATED)
m.u_conv3.u_weights._17699_/A           2.507400    3.164440   -0.657040 (VIOLATED)
m.u_conv3.u_weights._26427_/A           2.507400    3.164282   -0.656881 (VIOLATED)
m.u_conv3.u_weights._21371_/A           2.507400    3.164239   -0.656839 (VIOLATED)
m.u_conv3.u_weights._27750_/A           2.507400    3.164171   -0.656771 (VIOLATED)
m.u_conv3.u_weights._27798_/A1          2.507400    3.164170   -0.656770 (VIOLATED)
m.u_conv3.u_weights._29727_/A           2.507400    3.164140   -0.656739 (VIOLATED)
m.u_conv3.u_weights._29726_/A           2.507400    3.164138   -0.656738 (VIOLATED)
m.u_conv3.u_weights._20977_/A           2.507400    3.164062   -0.656661 (VIOLATED)
m.u_conv3.u_weights._21019_/A1          2.507400    3.164061   -0.656660 (VIOLATED)
m.u_conv3.u_weights._15951_/B           2.507400    3.164051   -0.656651 (VIOLATED)
m.u_conv3.u_weights._24371_/A           2.507400    3.164034   -0.656634 (VIOLATED)
m.u_conv3.u_weights._24370_/A           2.507400    3.164018   -0.656617 (VIOLATED)
m.u_conv3.u_weights._17490_/A           2.507400    3.163027   -0.655626 (VIOLATED)
m.u_conv3.u_weights._17819_/B           2.507400    3.163002   -0.655602 (VIOLATED)
m.u_conv3.u_weights._23417_/A           2.507400    3.162931   -0.655531 (VIOLATED)
m.u_conv3.u_weights._23418_/A           2.507400    3.162930   -0.655530 (VIOLATED)
m.u_conv3.u_weights._25574_/A           2.507400    3.162848   -0.655447 (VIOLATED)
m.u_conv3.u_weights._25592_/A1          2.507400    3.162844   -0.655444 (VIOLATED)
m.u_conv3.u_weights._18832_/A1          2.507400    3.162777   -0.655377 (VIOLATED)
m.u_conv3.u_weights._15950_/B           2.507400    3.162765   -0.655364 (VIOLATED)
m.u_conv3.u_weights._27022_/A           2.507400    3.162671   -0.655271 (VIOLATED)
m.u_conv3.u_weights._27021_/A           2.507400    3.162670   -0.655269 (VIOLATED)
m.u_conv3.u_weights._15998_/A           2.507400    3.162584   -0.655183 (VIOLATED)
m.u_conv3.u_weights._15999_/A           2.507400    3.162274   -0.654874 (VIOLATED)
m.u_conv3.u_weights._25220_/A           2.507400    3.162242   -0.654842 (VIOLATED)
m.u_conv3.u_weights._25216_/A1          2.507400    3.161605   -0.654205 (VIOLATED)
m.u_conv3.u_weights._15947_/B           2.507400    3.161588   -0.654188 (VIOLATED)
m.u_conv3.u_weights._15948_/A_N         2.507400    3.161429   -0.654029 (VIOLATED)
m.u_conv3.u_weights._21302_/A           2.507400    3.161372   -0.653972 (VIOLATED)
m.u_conv3.u_weights._17821_/A2          2.507400    3.161323   -0.653922 (VIOLATED)
m.u_conv3.u_weights._17820_/B           2.507400    3.161299   -0.653899 (VIOLATED)
m.u_conv3.u_weights._31216_/A           2.507400    3.161288   -0.653888 (VIOLATED)
m.u_conv3.u_weights._31217_/A           2.507400    3.161288   -0.653888 (VIOLATED)
m.u_conv3.u_weights._29508_/A           2.507400    3.161248   -0.653848 (VIOLATED)
m.u_conv3.u_weights._29512_/A           2.507400    3.161244   -0.653844 (VIOLATED)
m.u_conv3.u_weights._17287_/A           2.507400    3.161241   -0.653841 (VIOLATED)
m.u_conv3.u_weights._17235_/A           2.507400    3.161240   -0.653840 (VIOLATED)
m.u_conv3.u_weights._30516_/A           2.507400    3.161056   -0.653656 (VIOLATED)
m.u_conv3.u_weights._30517_/A           2.507400    3.161056   -0.653656 (VIOLATED)
m.u_conv3.u_weights._15946_/B           2.507400    3.161045   -0.653645 (VIOLATED)
m.u_conv3.u_weights._16429_/A           2.507400    3.160993   -0.653593 (VIOLATED)
m.u_conv3.u_weights._16430_/A           2.507400    3.160994   -0.653594 (VIOLATED)
m.u_conv3.u_weights._30333_/A           2.507400    3.160908   -0.653508 (VIOLATED)
m.u_conv3.u_weights._30378_/A1          2.507400    3.160908   -0.653508 (VIOLATED)
m.u_conv3.u_weights._17818_/B           2.507400    3.160741   -0.653341 (VIOLATED)
m.u_conv3.u_weights._22607_/B           2.507400    3.160731   -0.653331 (VIOLATED)
m.u_conv3.u_weights._15944_/Y           2.507400    3.160668   -0.653267 (VIOLATED)
m.u_conv3.u_weights._20560_/B           2.507400    3.159390   -0.651990 (VIOLATED)
m.u_conv3.u_weights._18521_/A           2.507400    3.158500   -0.651100 (VIOLATED)
m.u_conv3.u_weights._24447_/A1          2.507400    3.158276   -0.650876 (VIOLATED)
m.u_conv3.u_weights._24457_/A           2.507400    3.157794   -0.650393 (VIOLATED)
m.u_conv3.u_weights._20849_/A           2.507400    3.157449   -0.650049 (VIOLATED)
m.u_conv3.u_weights._26138_/A           2.507400    3.157415   -0.650015 (VIOLATED)
m.u_conv3.u_weights._16879_/A           2.507400    3.157286   -0.649885 (VIOLATED)
m.u_conv3.u_weights._16880_/A           2.507400    3.157286   -0.649886 (VIOLATED)
m.u_conv3.u_weights._16596_/A           2.507400    3.157236   -0.649836 (VIOLATED)
m.u_conv3.u_weights._26201_/A1          2.507400    3.157077   -0.649677 (VIOLATED)
m.u_conv3.u_weights._26500_/A           2.507400    3.157003   -0.649603 (VIOLATED)
m.u_conv3.u_weights._18768_/B           2.507400    3.156430   -0.649030 (VIOLATED)
m.u_conv3.u_weights._29975_/A           2.507400    3.155967   -0.648567 (VIOLATED)
m.u_conv3.u_weights._25884_/A           2.507400    3.155815   -0.648415 (VIOLATED)
m.u_conv3.u_weights._30424_/A           2.507400    3.155787   -0.648387 (VIOLATED)
m.u_conv3.u_weights._20368_/A           2.507400    3.155739   -0.648339 (VIOLATED)
m.u_conv3.u_weights._20369_/A           2.507400    3.155738   -0.648338 (VIOLATED)
m.u_conv3.u_weights._23752_/A           2.507400    3.155713   -0.648313 (VIOLATED)
m.u_conv3.u_weights._26613_/A           2.507400    3.155636   -0.648235 (VIOLATED)
m.u_conv3.u_weights._26614_/A           2.507400    3.155632   -0.648232 (VIOLATED)
m.u_conv3.u_weights._19230_/A           2.507400    3.155463   -0.648063 (VIOLATED)
m.u_conv3.u_weights._21811_/A           2.507400    3.155316   -0.647916 (VIOLATED)
m.u_conv3.u_weights._20810_/A1          2.507400    3.155201   -0.647801 (VIOLATED)
m.u_conv3.u_weights._29338_/A           2.507400    3.155110   -0.647710 (VIOLATED)
m.u_conv3.u_weights._19369_/A           2.507400    3.154984   -0.647584 (VIOLATED)
m.u_conv3.u_weights._30197_/A           2.507400    3.154955   -0.647555 (VIOLATED)
m.u_conv3.u_weights._24794_/A1          2.507400    3.154839   -0.647438 (VIOLATED)
m.u_conv3.u_weights._23308_/A           2.507400    3.154795   -0.647395 (VIOLATED)
m.u_conv3.u_weights._23309_/A           2.507400    3.154792   -0.647392 (VIOLATED)
m.u_conv3.u_weights._17204_/B           2.507400    3.154662   -0.647262 (VIOLATED)
m.u_conv3.u_weights._26891_/A           2.507400    3.154659   -0.647259 (VIOLATED)
m.u_conv3.u_weights._28350_/A1          2.507400    3.154634   -0.647234 (VIOLATED)
m.u_conv3.u_weights._19513_/B           2.507400    3.154597   -0.647197 (VIOLATED)
m.u_conv3.u_weights._24590_/A2          2.507400    3.154430   -0.647030 (VIOLATED)
m.u_conv3.u_weights._24588_/B           2.507400    3.154426   -0.647026 (VIOLATED)
m.u_conv3.u_weights._25441_/A           2.507400    3.154338   -0.646937 (VIOLATED)
m.u_conv3.u_weights._20597_/A           2.507400    3.154280   -0.646879 (VIOLATED)
m.u_conv3.u_weights._29312_/A1          2.507400    3.154280   -0.646880 (VIOLATED)
m.u_conv3.u_weights._18254_/A           2.507400    3.154237   -0.646836 (VIOLATED)
m.u_conv3.u_weights._21140_/A           2.507400    3.153969   -0.646569 (VIOLATED)
m.u_conv3.u_weights._16118_/A           2.507400    3.153762   -0.646362 (VIOLATED)
m.u_conv3._454_/A1                      2.507400    3.153077   -0.645677 (VIOLATED)
m.u_conv3._549_/Q                       2.507400    3.153000   -0.645600 (VIOLATED)
m.u_conv3.u_weights._18580_/A           2.507400    3.153000   -0.645600 (VIOLATED)
m.u_conv3.u_weights._28951_/A           2.507400    3.152552   -0.645152 (VIOLATED)
m.u_conv3.u_weights._28950_/A           2.507400    3.152547   -0.645146 (VIOLATED)
m.u_conv3.u_weights._23509_/A           2.507400    3.152366   -0.644966 (VIOLATED)
m.u_conv3.u_weights._23563_/A1          2.507400    3.152243   -0.644843 (VIOLATED)
m.u_conv3.u_weights._26234_/A2          2.507400    3.151757   -0.644357 (VIOLATED)
m.u_conv3.u_weights._26215_/B           2.507400    3.151713   -0.644313 (VIOLATED)
m.u_conv3.u_weights._16856_/B           2.507400    3.151536   -0.644136 (VIOLATED)
m.u_conv3.u_weights._16892_/A2          2.507400    3.151536   -0.644136 (VIOLATED)
m.u_conv3.u_weights._17119_/A           2.507400    3.151517   -0.644117 (VIOLATED)
m.u_conv3.u_weights._26017_/B           2.507400    3.151471   -0.644071 (VIOLATED)
m.u_conv3.u_weights._26019_/A2          2.507400    3.151470   -0.644070 (VIOLATED)
m.u_conv3.u_weights._30490_/A           2.507400    3.151459   -0.644059 (VIOLATED)
m.u_conv3.u_weights._20391_/A1          2.507400    3.151433   -0.644033 (VIOLATED)
m.u_conv3.u_weights._19469_/A           2.507400    3.151400   -0.644000 (VIOLATED)
m.u_conv3.u_weights._19468_/A           2.507400    3.151399   -0.643999 (VIOLATED)
m.u_conv3.u_weights._26629_/A           2.507400    3.151392   -0.643992 (VIOLATED)
m.u_conv3.u_weights._19024_/A           2.507400    3.151336   -0.643936 (VIOLATED)
m.u_conv3.u_weights._21799_/A1          2.507400    3.151319   -0.643919 (VIOLATED)
m.u_conv3.u_weights._18788_/B           2.507400    3.151287   -0.643887 (VIOLATED)
m.u_conv3.u_weights._18869_/A2          2.507400    3.151276   -0.643875 (VIOLATED)
m.u_conv3.u_weights._30758_/A1          2.507400    3.151272   -0.643872 (VIOLATED)
m.u_conv3._494_/A                       2.507400    3.151248   -0.643848 (VIOLATED)
m.u_conv3._572_/Q                       2.507400    3.151248   -0.643848 (VIOLATED)
m.u_conv3.u_weights._23456_/A           2.507400    3.150971   -0.643571 (VIOLATED)
m.u_conv3.u_weights._23454_/A           2.507400    3.150967   -0.643567 (VIOLATED)
m.u_conv3.u_weights._23462_/A           2.507400    3.150908   -0.643508 (VIOLATED)
m.u_conv3.u_weights._16802_/A           2.507400    3.150818   -0.643418 (VIOLATED)
m.u_conv3.u_weights._30897_/A           2.507400    3.150386   -0.642986 (VIOLATED)
m.u_conv3.u_weights._27862_/A           2.507400    3.150316   -0.642916 (VIOLATED)
m.u_conv3.u_weights._30927_/A           2.507400    3.150056   -0.642656 (VIOLATED)
m.u_conv3.u_weights._26379_/A           2.507400    3.149975   -0.642575 (VIOLATED)
m.u_conv3.u_weights._23071_/A1          2.507400    3.149762   -0.642362 (VIOLATED)
m.u_conv3.u_weights._30905_/A           2.507400    3.148619   -0.641219 (VIOLATED)
m.u_conv3.u_weights._18206_/A1          2.507400    3.148016   -0.640616 (VIOLATED)
m.u_conv3.u_weights._23804_/A1          2.507400    3.148001   -0.640601 (VIOLATED)
m.u_conv3.u_weights._27179_/A           2.507400    3.147825   -0.640425 (VIOLATED)
m.u_conv3.u_weights._27178_/A           2.507400    3.147796   -0.640396 (VIOLATED)
m.u_conv3.u_weights._23730_/A           2.507400    3.147361   -0.639961 (VIOLATED)
m.u_conv3.u_weights._20873_/A           2.507400    3.147244   -0.639844 (VIOLATED)
m.u_conv3.u_weights._20874_/A           2.507400    3.146662   -0.639262 (VIOLATED)
m.u_conv3.u_weights._17810_/A1          2.507400    3.145178   -0.637778 (VIOLATED)
m.u_conv3.u_weights._17727_/A           2.507400    3.145175   -0.637775 (VIOLATED)
m.u_conv3.u_weights._16478_/B           2.507400    3.145067   -0.637667 (VIOLATED)
m.u_conv3.u_weights._16479_/A           2.507400    3.144463   -0.637062 (VIOLATED)
m.u_conv3.u_weights._28470_/A           2.507400    3.143968   -0.636567 (VIOLATED)
m.u_conv3.u_weights._28469_/A           2.507400    3.143966   -0.636566 (VIOLATED)
m.u_conv3.u_weights._22841_/A           2.507400    3.143900   -0.636500 (VIOLATED)
m.u_conv3.u_weights._19786_/A           2.507400    3.143878   -0.636478 (VIOLATED)
m.u_conv3.u_weights._19864_/A1          2.507400    3.143872   -0.636471 (VIOLATED)
m.u_conv3.u_weights._25825_/A           2.507400    3.143635   -0.636235 (VIOLATED)
m.u_conv3.u_weights._25830_/A1          2.507400    3.143616   -0.636216 (VIOLATED)
m.u_conv3.u_weights._16477_/B           2.507400    3.143311   -0.635910 (VIOLATED)
m.u_conv3.u_weights._19287_/A           2.507400    3.143227   -0.635827 (VIOLATED)
m.u_conv3.u_weights._17012_/B           2.507400    3.142918   -0.635518 (VIOLATED)
m.u_conv3.u_weights._30263_/A1          2.507400    3.142700   -0.635300 (VIOLATED)
m.u_conv3.u_weights._16717_/A           2.507400    3.142567   -0.635167 (VIOLATED)
m.u_conv3.u_weights._16716_/A           2.507400    3.142564   -0.635164 (VIOLATED)
m.u_conv3.u_weights._30244_/A           2.507400    3.142492   -0.635092 (VIOLATED)
m.u_conv3.u_weights._28102_/A           2.507400    3.141816   -0.634416 (VIOLATED)
m.u_conv3.u_weights._28101_/A           2.507400    3.141689   -0.634289 (VIOLATED)
m.u_conv3.u_weights._24915_/A           2.507400    3.141254   -0.633854 (VIOLATED)
m.u_conv3.u_weights._22740_/A           2.507400    3.139380   -0.631980 (VIOLATED)
m.u_conv3.u_weights._29751_/A           2.507400    3.139096   -0.631696 (VIOLATED)
m.u_conv3.u_weights._24409_/A           2.507400    3.138638   -0.631237 (VIOLATED)
m.u_conv3.u_weights._24408_/A           2.507400    3.138637   -0.631237 (VIOLATED)
m.u_conv3.u_weights._24667_/A           2.507400    3.138625   -0.631225 (VIOLATED)
m.u_conv3.u_weights._24668_/A           2.507400    3.138625   -0.631225 (VIOLATED)
m.u_conv3.u_weights._22538_/A           2.507400    3.138616   -0.631216 (VIOLATED)
m.u_conv3.u_weights._22616_/A1          2.507400    3.138602   -0.631202 (VIOLATED)
m.u_conv3.u_weights._27582_/A           2.507400    3.138407   -0.631006 (VIOLATED)
m.u_conv3.u_weights._20707_/A2          2.507400    3.138368   -0.630968 (VIOLATED)
m.u_conv3.u_weights._20705_/B           2.507400    3.138227   -0.630826 (VIOLATED)
m.u_conv3.u_weights._27805_/A           2.507400    3.138156   -0.630756 (VIOLATED)
m.u_conv3.u_weights._20392_/A1          2.507400    3.138095   -0.630695 (VIOLATED)
m.u_conv3.u_weights._21909_/A           2.507400    3.138004   -0.630604 (VIOLATED)
m.u_conv3.u_weights._29004_/A           2.507400    3.137830   -0.630430 (VIOLATED)
m.u_conv3.u_weights._29003_/A           2.507400    3.137699   -0.630299 (VIOLATED)
m.u_conv3.u_weights._27463_/A           2.507400    3.137509   -0.630109 (VIOLATED)
m.u_conv3.u_weights._27500_/A1          2.507400    3.137486   -0.630086 (VIOLATED)
m.u_conv3.u_weights._27464_/A           2.507400    3.137393   -0.629993 (VIOLATED)
m.u_conv3.u_weights._29186_/A           2.507400    3.137332   -0.629932 (VIOLATED)
m.u_conv3.u_weights._29187_/A           2.507400    3.137333   -0.629933 (VIOLATED)
m.u_conv3.u_weights._27451_/A           2.507400    3.136994   -0.629594 (VIOLATED)
m.u_conv3.u_weights._27452_/A           2.507400    3.136977   -0.629577 (VIOLATED)
m.u_conv3.u_weights._15792_/A           2.507400    3.136901   -0.629501 (VIOLATED)
m.u_conv3.u_weights._29280_/A           2.507400    3.136358   -0.628958 (VIOLATED)
m.u_conv3.u_weights._28708_/A           2.507400    3.136216   -0.628816 (VIOLATED)
m.u_conv3.u_weights._28709_/A           2.507400    3.136210   -0.628810 (VIOLATED)
m.u_conv3.u_weights._19038_/A1          2.507400    3.135622   -0.628222 (VIOLATED)
m.u_conv3.u_weights._31182_/A           2.507400    3.135597   -0.628197 (VIOLATED)
m.u_conv3.u_weights._16463_/B           2.507400    3.135457   -0.628057 (VIOLATED)
m.u_conv3.u_weights._16230_/A1          2.507400    3.135395   -0.627994 (VIOLATED)
m.u_conv3.u_weights._31538_/A           2.507400    3.135377   -0.627977 (VIOLATED)
m.u_conv3.u_weights._31539_/A           2.507400    3.135377   -0.627977 (VIOLATED)
m.u_conv3.u_weights._21565_/B           2.507400    3.135233   -0.627833 (VIOLATED)
m.u_conv3.u_weights._19011_/A           2.507400    3.134684   -0.627283 (VIOLATED)
m.u_conv3.u_weights._15803_/A           2.507400    3.134429   -0.627029 (VIOLATED)
m.u_conv3.u_weights._20255_/A1          2.507400    3.134198   -0.626798 (VIOLATED)
m.u_conv3.u_weights._20220_/A           2.507400    3.134151   -0.626750 (VIOLATED)
m.u_conv3.u_weights._18314_/A           2.507400    3.133804   -0.626404 (VIOLATED)
m.u_conv3.u_weights._18315_/A           2.507400    3.133801   -0.626401 (VIOLATED)
m.u_conv3.u_weights._15845_/A           2.507400    3.133670   -0.626270 (VIOLATED)
m.u_conv3.u_weights._29523_/A           2.507400    3.133567   -0.626167 (VIOLATED)
m.u_conv3.u_weights._16476_/B           2.507400    3.133421   -0.626021 (VIOLATED)
m.u_conv3.u_weights._16006_/A1          2.507400    3.132859   -0.625459 (VIOLATED)
m.u_conv3.u_weights._27892_/A1          2.507400    3.132739   -0.625339 (VIOLATED)
m.u_conv3.u_weights._17609_/A           2.507400    3.132695   -0.625295 (VIOLATED)
m.u_conv3.u_weights._17611_/A1          2.507400    3.132689   -0.625289 (VIOLATED)
m.u_conv3.u_weights._18367_/A           2.507400    3.132262   -0.624862 (VIOLATED)
m.u_conv3.u_weights._22278_/A           2.507400    3.131601   -0.624200 (VIOLATED)
m.u_conv3.u_weights._21328_/A           2.507400    3.131385   -0.623985 (VIOLATED)
m.u_conv3.u_weights._30628_/A           2.507400    3.131245   -0.623845 (VIOLATED)
m.u_conv3.u_weights._20498_/A           2.507400    3.131207   -0.623807 (VIOLATED)
m.u_conv3.u_weights._20499_/A           2.507400    3.131208   -0.623808 (VIOLATED)
m.u_conv3.u_weights._25923_/A           2.507400    3.131168   -0.623768 (VIOLATED)
m.u_conv3.u_weights._26658_/A           2.507400    3.131032   -0.623632 (VIOLATED)
m.u_conv3.u_weights._29346_/A           2.507400    3.130306   -0.622906 (VIOLATED)
m.u_conv3.u_weights._29345_/A           2.507400    3.130250   -0.622850 (VIOLATED)
m.u_conv3.u_weights._25939_/A           2.507400    3.130231   -0.622831 (VIOLATED)
m.u_conv3.u_weights._16462_/B           2.507400    3.130198   -0.622798 (VIOLATED)
m.u_conv3.u_weights._20545_/A           2.507400    3.130186   -0.622785 (VIOLATED)
m.u_conv3.u_weights._28052_/A           2.507400    3.130185   -0.622785 (VIOLATED)
m.u_conv3.u_weights._16464_/B           2.507400    3.130176   -0.622776 (VIOLATED)
m.u_conv3.u_weights._30473_/A           2.507400    3.130168   -0.622768 (VIOLATED)
m.u_conv3.u_weights._30469_/A1          2.507400    3.130161   -0.622761 (VIOLATED)
m.u_conv3.u_weights._19077_/A           2.507400    3.130075   -0.622675 (VIOLATED)
m.u_conv3.u_weights._18577_/A           2.507400    3.129856   -0.622456 (VIOLATED)
m.u_conv3.u_weights._18578_/A           2.507400    3.129856   -0.622456 (VIOLATED)
m.u_conv3.u_weights._30673_/A           2.507400    3.129539   -0.622138 (VIOLATED)
m.u_conv3.u_weights._30672_/A           2.507400    3.129538   -0.622137 (VIOLATED)
m.u_conv3._480_/A                       2.507400    3.129050   -0.621650 (VIOLATED)
m.u_conv3._565_/Q                       2.507400    3.129050   -0.621650 (VIOLATED)
m.u_conv3._469_/A                       2.507400    3.128854   -0.621454 (VIOLATED)
m.u_conv3._560_/Q                       2.507400    3.128854   -0.621454 (VIOLATED)
m.u_conv3.u_weights._21122_/A           2.507400    3.126466   -0.619065 (VIOLATED)
m.u_conv3.u_weights._21127_/A1          2.507400    3.126452   -0.619052 (VIOLATED)
m.u_conv3.u_weights._16164_/A           2.507400    3.126176   -0.618776 (VIOLATED)
m.u_conv3.u_weights._19597_/A           2.507400    3.125860   -0.618460 (VIOLATED)
m.u_conv3.u_weights._19603_/A1          2.507400    3.125510   -0.618110 (VIOLATED)
m.u_conv3.u_weights._21597_/B           2.507400    3.124487   -0.617087 (VIOLATED)
m.u_conv3.u_weights._21599_/B           2.507400    3.124425   -0.617025 (VIOLATED)
m.u_conv3.u_weights._21598_/B           2.507400    3.124317   -0.616917 (VIOLATED)
m.u_conv3.u_weights._31139_/A           2.507400    3.122994   -0.615594 (VIOLATED)
m.u_conv3.u_weights._29645_/A           2.507400    3.116514   -0.609114 (VIOLATED)
m.u_conv3.u_weights._20242_/A           2.507400    3.115850   -0.608450 (VIOLATED)
m.u_conv3.u_weights._20243_/A           2.507400    3.115677   -0.608277 (VIOLATED)
m.u_conv3.u_weights._28882_/A           2.507400    3.110322   -0.602922 (VIOLATED)
m.u_conv3.u_weights._15787_/A           2.507400    3.110313   -0.602913 (VIOLATED)
m.u_conv3.u_weights._23034_/B           2.507400    3.109780   -0.602380 (VIOLATED)
m.u_conv3.u_weights._29972_/A           2.507400    3.108757   -0.601357 (VIOLATED)
m.u_conv3.u_weights._30034_/A1          2.507400    3.108695   -0.601295 (VIOLATED)
m.u_conv3.u_weights._25570_/A           2.507400    3.108213   -0.600813 (VIOLATED)
m.u_conv3.u_weights._25569_/A           2.507400    3.108210   -0.600810 (VIOLATED)
m.u_conv3.u_weights._19548_/A           2.507400    3.108013   -0.600613 (VIOLATED)
m.u_conv3.u_weights._24016_/A           2.507400    3.107911   -0.600511 (VIOLATED)
m.u_conv3.u_weights._24053_/A1          2.507400    3.107498   -0.600098 (VIOLATED)
m.u_conv3.u_weights._23266_/B           2.507400    3.107324   -0.599924 (VIOLATED)
m.u_conv3.u_weights._23267_/B           2.507400    3.107314   -0.599914 (VIOLATED)
m.u_conv3.u_weights._26881_/A           2.507400    3.107216   -0.599816 (VIOLATED)
m.u_conv3.u_weights._26882_/A           2.507400    3.107192   -0.599792 (VIOLATED)
m.u_conv3.u_weights._23676_/A           2.507400    3.106499   -0.599099 (VIOLATED)
m.u_conv3.u_weights._16161_/A           2.507400    3.105809   -0.598409 (VIOLATED)
m.u_conv3.u_weights._16404_/B           2.507400    3.105655   -0.598255 (VIOLATED)
m.u_conv3.u_weights._17477_/A           2.507400    3.104337   -0.596937 (VIOLATED)
m.u_conv3.u_weights._24944_/A           2.507400    3.103709   -0.596309 (VIOLATED)
m.u_conv3.u_weights._17787_/A1          2.507400    3.103648   -0.596248 (VIOLATED)
m.u_conv3.u_weights._17769_/A           2.507400    3.103521   -0.596121 (VIOLATED)
m.u_conv3.u_weights._22545_/A           2.507400    3.103242   -0.595842 (VIOLATED)
m.u_conv3.u_weights._22617_/A1          2.507400    3.103240   -0.595840 (VIOLATED)
m.u_conv3.u_weights._30989_/A           2.507400    3.103224   -0.595823 (VIOLATED)
m.u_conv3.u_weights._30988_/A           2.507400    3.103221   -0.595821 (VIOLATED)
m.u_conv3.u_weights._24328_/A           2.507400    3.103209   -0.595809 (VIOLATED)
m.u_conv3.u_weights._19555_/B           2.507400    3.102824   -0.595424 (VIOLATED)
m.u_conv3.u_weights._27714_/A           2.507400    3.102747   -0.595347 (VIOLATED)
m.u_conv3.u_weights._29198_/A1          2.507400    3.102439   -0.595038 (VIOLATED)
m.u_conv3.u_weights._23767_/A           2.507400    3.102269   -0.594869 (VIOLATED)
m.u_conv3.u_weights._17473_/A           2.507400    3.102158   -0.594758 (VIOLATED)
m.u_conv3.u_weights._27457_/A           2.507400    3.101334   -0.593933 (VIOLATED)
m.u_conv3.u_weights._27473_/A1          2.507400    3.101303   -0.593903 (VIOLATED)
m.u_conv3.u_weights._22288_/A           2.507400    3.099483   -0.592082 (VIOLATED)
m.u_conv3.u_weights._19749_/A1          2.507400    3.098382   -0.590982 (VIOLATED)
m.u_conv3.u_weights._17401_/A           2.507400    3.098255   -0.590855 (VIOLATED)
m.u_conv3.u_weights._17400_/A           2.507400    3.098253   -0.590853 (VIOLATED)
m.u_conv3.u_weights._22634_/A           2.507400    3.098244   -0.590844 (VIOLATED)
m.u_conv3.u_weights._22635_/A           2.507400    3.098242   -0.590841 (VIOLATED)
m.u_conv3.u_weights._26131_/A           2.507400    3.098200   -0.590799 (VIOLATED)
m.u_conv3.u_weights._18057_/A           2.507400    3.098178   -0.590778 (VIOLATED)
m.u_conv3.u_weights._23943_/A1          2.507400    3.098099   -0.590699 (VIOLATED)
m.u_conv3.u_weights._23048_/A           2.507400    3.098073   -0.590673 (VIOLATED)
m.u_conv3.u_weights._28621_/A           2.507400    3.097787   -0.590386 (VIOLATED)
m.u_conv3.u_weights._19556_/A           2.507400    3.097622   -0.590222 (VIOLATED)
m.u_conv3.u_weights._24299_/A           2.507400    3.097601   -0.590201 (VIOLATED)
m.u_conv3.u_weights._24303_/A1          2.507400    3.097561   -0.590161 (VIOLATED)
m.u_conv3.u_weights._31124_/A           2.507400    3.097167   -0.589767 (VIOLATED)
m.u_conv3.u_weights._31125_/A           2.507400    3.097108   -0.589708 (VIOLATED)
m.u_conv3.u_weights._31551_/A1          2.507400    3.096917   -0.589517 (VIOLATED)
m.u_conv3.u_weights._31370_/A           2.507400    3.096783   -0.589383 (VIOLATED)
m.u_conv3.u_weights._23781_/A1          2.507400    3.096711   -0.589311 (VIOLATED)
m.u_conv3.u_weights._30019_/A1          2.507400    3.096310   -0.588910 (VIOLATED)
m.u_conv3.u_weights._29977_/A           2.507400    3.096283   -0.588883 (VIOLATED)
m.u_conv3.u_weights._20219_/A           2.507400    3.095034   -0.587634 (VIOLATED)
m.u_conv3.u_weights._17535_/A           2.507400    3.094659   -0.587259 (VIOLATED)
m.u_conv3.u_weights._21378_/A1          2.507400    3.094292   -0.586891 (VIOLATED)
m.u_conv3.u_weights._24744_/A           2.507400    3.094134   -0.586734 (VIOLATED)
m.u_conv3.u_weights._15770_/A           2.507400    3.094054   -0.586654 (VIOLATED)
m.u_conv3.u_weights._29780_/A           2.507400    3.093991   -0.586591 (VIOLATED)
m.u_conv3.u_weights._20870_/A           2.507400    3.093614   -0.586214 (VIOLATED)
m.u_conv3.u_weights._27634_/A           2.507400    3.093533   -0.586133 (VIOLATED)
m.u_conv3.u_weights._27633_/A           2.507400    3.093532   -0.586131 (VIOLATED)
m.u_conv3.u_weights._27460_/A           2.507400    3.093472   -0.586072 (VIOLATED)
m.u_conv3.u_weights._20869_/A           2.507400    3.093444   -0.586044 (VIOLATED)
m.u_conv3.u_weights._29499_/A1          2.507400    3.093368   -0.585968 (VIOLATED)
m.u_conv3.u_weights._29521_/A           2.507400    3.093153   -0.585753 (VIOLATED)
m.u_conv3.u_weights._29028_/A           2.507400    3.092451   -0.585050 (VIOLATED)
m.u_conv3.u_weights._29045_/A           2.507400    3.092332   -0.584932 (VIOLATED)
m.u_conv3.u_weights._24989_/A           2.507400    3.091893   -0.584492 (VIOLATED)
m.u_conv3.u_weights._17536_/A           2.507400    3.090865   -0.583465 (VIOLATED)
m.u_conv3.u_weights._28574_/A1          2.507400    3.090166   -0.582766 (VIOLATED)
m.u_conv3.u_weights._28540_/A           2.507400    3.090061   -0.582661 (VIOLATED)
m.u_conv3.u_weights._17210_/A           2.507400    3.089957   -0.582557 (VIOLATED)
m.u_conv3.u_weights._31343_/A           2.507400    3.089668   -0.582267 (VIOLATED)
m.u_conv3.u_weights._24068_/A           2.507400    3.088642   -0.581242 (VIOLATED)
m.u_conv3.u_weights._24069_/A           2.507400    3.088428   -0.581028 (VIOLATED)
m.u_conv3.u_weights._25239_/A           2.507400    3.087781   -0.580381 (VIOLATED)
m.u_conv3.u_weights._16177_/A           2.507400    3.087033   -0.579633 (VIOLATED)
m.u_conv3.u_weights._21363_/A           2.507400    3.086937   -0.579537 (VIOLATED)
m.u_conv3.u_weights._18015_/A1          2.507400    3.086812   -0.579412 (VIOLATED)
m.u_conv3.u_weights._18030_/A           2.507400    3.086450   -0.579050 (VIOLATED)
m.u_conv3.u_weights._17775_/A           2.507400    3.083474   -0.576073 (VIOLATED)
m.u_conv3.u_weights._22787_/A           2.507400    3.083443   -0.576043 (VIOLATED)
m.u_conv3.u_weights._19785_/A           2.507400    3.082911   -0.575511 (VIOLATED)
m.u_conv3.u_weights._17994_/A           2.507400    3.082749   -0.575349 (VIOLATED)
m.u_conv3.u_weights._20166_/A           2.507400    3.082743   -0.575343 (VIOLATED)
m.u_conv3.u_weights._20167_/A           2.507400    3.082640   -0.575240 (VIOLATED)
m.u_conv3.u_weights._19384_/A2          2.507400    3.082452   -0.575052 (VIOLATED)
m.u_conv3.u_weights._28284_/A2          2.507400    3.082427   -0.575027 (VIOLATED)
m.u_conv3.u_weights._19306_/B           2.507400    3.082423   -0.575023 (VIOLATED)
m.u_conv3.u_weights._25820_/A           2.507400    3.082168   -0.574768 (VIOLATED)
m.u_conv3.u_weights._25821_/A           2.507400    3.082168   -0.574768 (VIOLATED)
m.u_conv3.u_weights._16008_/A1          2.507400    3.081765   -0.574365 (VIOLATED)
m.u_conv3.u_weights._19814_/A           2.507400    3.081589   -0.574188 (VIOLATED)
m.u_conv3.u_weights._19837_/A           2.507400    3.081589   -0.574189 (VIOLATED)
m.u_conv3.u_weights._28445_/A           2.507400    3.081477   -0.574077 (VIOLATED)
m.u_conv3.u_weights._28444_/A           2.507400    3.081475   -0.574075 (VIOLATED)
m.u_conv3.u_weights._16478_/A           2.507400    3.081437   -0.574036 (VIOLATED)
m.u_conv3.u_weights._22840_/A           2.507400    3.081348   -0.573948 (VIOLATED)
m.u_conv3.u_weights._19072_/B           2.507400    3.081272   -0.573872 (VIOLATED)
m.u_conv3.u_weights._24763_/A1          2.507400    3.081234   -0.573834 (VIOLATED)
m.u_conv3.u_weights._29646_/A           2.507400    3.081121   -0.573721 (VIOLATED)
m.u_conv3.u_weights._24724_/A           2.507400    3.081102   -0.573702 (VIOLATED)
m.u_conv3.u_weights._19345_/A1          2.507400    3.080970   -0.573569 (VIOLATED)
m.u_conv3.u_weights._25744_/A1          2.507400    3.080926   -0.573526 (VIOLATED)
m.u_conv3.u_weights._25692_/A           2.507400    3.080925   -0.573525 (VIOLATED)
m.u_conv3.u_weights._19275_/A           2.507400    3.080470   -0.573070 (VIOLATED)
m.u_conv3.u_weights._19069_/B           2.507400    3.080210   -0.572810 (VIOLATED)
m.u_conv3.u_weights._21673_/A1          2.507400    3.079707   -0.572307 (VIOLATED)
m.u_conv3.u_weights._16477_/A           2.507400    3.079543   -0.572143 (VIOLATED)
m.u_conv3.u_weights._27909_/A1          2.507400    3.079367   -0.571967 (VIOLATED)
m.u_conv3.u_weights._20727_/A           2.507400    3.077863   -0.570463 (VIOLATED)
m.u_conv3.u_weights._20728_/A           2.507400    3.077857   -0.570457 (VIOLATED)
m.u_conv3.u_weights._16009_/A1          2.507400    3.077188   -0.569788 (VIOLATED)
m.u_conv3.u_weights._15882_/A           2.507400    3.077143   -0.569743 (VIOLATED)
m.u_conv3.u_weights._29253_/B           2.507400    3.076810   -0.569410 (VIOLATED)
m.u_conv3.u_weights._18274_/B           2.507400    3.076421   -0.569021 (VIOLATED)
m.u_conv3.u_weights._17644_/A           2.507400    3.076074   -0.568674 (VIOLATED)
m.u_conv3.u_weights._18970_/A1          2.507400    3.075605   -0.568205 (VIOLATED)
m.u_conv3.u_weights._27297_/A1          2.507400    3.075298   -0.567898 (VIOLATED)
m.u_conv3.u_weights._20562_/A1          2.507400    3.075192   -0.567792 (VIOLATED)
m.u_conv3.u_weights._23305_/A           2.507400    3.075045   -0.567645 (VIOLATED)
m.u_conv3.u_weights._23304_/A           2.507400    3.075044   -0.567644 (VIOLATED)
m.u_conv3.u_weights._26960_/A1          2.507400    3.074939   -0.567539 (VIOLATED)
m.u_conv3.u_weights._26954_/A           2.507400    3.074933   -0.567533 (VIOLATED)
m.u_conv3.u_weights._25465_/A           2.507400    3.074301   -0.566901 (VIOLATED)
m.u_conv3.u_weights._17225_/A           2.507400    3.073920   -0.566520 (VIOLATED)
m.u_conv3.u_weights._30234_/A           2.507400    3.073485   -0.566085 (VIOLATED)
m.u_conv3.u_weights._16818_/A           2.507400    3.073439   -0.566039 (VIOLATED)
m.u_conv3.u_weights._17146_/A           2.507400    3.073344   -0.565944 (VIOLATED)
m.u_conv3.u_weights._21075_/A           2.507400    3.073225   -0.565825 (VIOLATED)
m.u_conv3.u_weights._30604_/A           2.507400    3.073108   -0.565708 (VIOLATED)
m.u_conv3.u_weights._20341_/A           2.507400    3.073082   -0.565682 (VIOLATED)
m.u_conv3.u_weights._20407_/A1          2.507400    3.073082   -0.565682 (VIOLATED)
m.u_conv3.u_weights._26187_/A           2.507400    3.072947   -0.565547 (VIOLATED)
m.u_conv3.u_weights._19013_/A           2.507400    3.072840   -0.565440 (VIOLATED)
m.u_conv3.u_weights._31002_/A           2.507400    3.072759   -0.565359 (VIOLATED)
m.u_conv3.u_weights._30659_/B           2.507400    3.071439   -0.564039 (VIOLATED)
m.u_conv3.u_weights._30658_/B           2.507400    3.071195   -0.563795 (VIOLATED)
m.u_conv3._437_/A                       2.507400    3.070529   -0.563128 (VIOLATED)
m.u_conv3._541_/Q                       2.507400    3.070529   -0.563128 (VIOLATED)
m.u_conv3.u_weights._19782_/A           2.507400    3.070224   -0.562824 (VIOLATED)
m.u_conv3.u_weights._22837_/A           2.507400    3.070095   -0.562695 (VIOLATED)
m.u_conv3.u_weights._19266_/A           2.507400    3.070084   -0.562683 (VIOLATED)
m.u_conv3.u_weights._19267_/A           2.507400    3.070083   -0.562683 (VIOLATED)
m.u_conv3.u_weights._25662_/A           2.507400    3.068187   -0.560787 (VIOLATED)
m.u_conv3.u_weights._25696_/A1          2.507400    3.068038   -0.560638 (VIOLATED)
m.u_conv3.u_weights._21314_/A           2.507400    3.067665   -0.560265 (VIOLATED)
m.u_conv3.u_weights._21313_/A           2.507400    3.067356   -0.559956 (VIOLATED)
m.u_conv3.u_weights._25327_/A           2.507400    3.065720   -0.558319 (VIOLATED)
m.u_conv3.u_weights._18793_/B           2.507400    3.065101   -0.557701 (VIOLATED)
m.u_conv3.u_weights._28764_/A           2.507400    3.065088   -0.557687 (VIOLATED)
m.u_conv3.u_weights._28810_/A1          2.507400    3.065073   -0.557673 (VIOLATED)
m.u_conv3.u_weights._26168_/A           2.507400    3.064918   -0.557518 (VIOLATED)
m.u_conv3.u_weights._18791_/B           2.507400    3.064747   -0.557346 (VIOLATED)
m.u_conv3.u_weights._18792_/B           2.507400    3.064725   -0.557325 (VIOLATED)
m.u_conv3.u_weights._20976_/A           2.507400    3.064121   -0.556721 (VIOLATED)
m.u_conv3.u_weights._29985_/A           2.507400    3.064015   -0.556615 (VIOLATED)
m.u_conv3.u_weights._22743_/A1          2.507400    3.064010   -0.556610 (VIOLATED)
m.u_conv3.u_weights._28955_/A1          2.507400    3.063999   -0.556599 (VIOLATED)
m.u_conv3.u_weights._15768_/A           2.507400    3.063987   -0.556587 (VIOLATED)
m.u_conv3.u_weights._23760_/A           2.507400    3.063954   -0.556554 (VIOLATED)
m.u_conv3.u_weights._23759_/A           2.507400    3.063951   -0.556550 (VIOLATED)
m.u_conv3.u_weights._26226_/A           2.507400    3.063867   -0.556466 (VIOLATED)
m.u_conv3.u_weights._29749_/A           2.507400    3.063845   -0.556444 (VIOLATED)
m.u_conv3.u_weights._18802_/A           2.507400    3.063721   -0.556321 (VIOLATED)
m.u_conv3.u_weights._18865_/A1          2.507400    3.063721   -0.556321 (VIOLATED)
m.u_conv3.u_weights._16175_/A           2.507400    3.063425   -0.556025 (VIOLATED)
m.u_conv3.u_weights._27098_/A           2.507400    3.063375   -0.555975 (VIOLATED)
m.u_conv3.u_weights._27754_/A1          2.507400    3.063354   -0.555954 (VIOLATED)
m.u_conv3.u_weights._16176_/A           2.507400    3.063349   -0.555949 (VIOLATED)
m.u_conv3.u_weights._23034_/A           2.507400    3.063320   -0.555920 (VIOLATED)
m.u_conv3.u_weights._19620_/A           2.507400    3.063072   -0.555672 (VIOLATED)
m.u_conv3.u_weights._24238_/A           2.507400    3.063066   -0.555666 (VIOLATED)
m.u_conv3.u_weights._17460_/A           2.507400    3.063023   -0.555623 (VIOLATED)
m.u_conv3.u_weights._23403_/A           2.507400    3.062935   -0.555535 (VIOLATED)
m.u_conv3.u_weights._23410_/A1          2.507400    3.062936   -0.555535 (VIOLATED)
m.u_conv3.u_weights._30053_/A           2.507400    3.062924   -0.555524 (VIOLATED)
m.u_conv3.u_weights._30054_/A           2.507400    3.062919   -0.555519 (VIOLATED)
m.u_conv3.u_weights._23278_/A           2.507400    3.062877   -0.555477 (VIOLATED)
m.u_conv3.u_weights._23263_/A           2.507400    3.062874   -0.555474 (VIOLATED)
m.u_conv3.u_weights._26875_/A           2.507400    3.062798   -0.555397 (VIOLATED)
m.u_conv3.u_weights._26874_/A           2.507400    3.062787   -0.555387 (VIOLATED)
m.u_conv3.u_weights._27184_/A           2.507400    3.062712   -0.555312 (VIOLATED)
m.u_conv3.u_weights._25453_/A2          2.507400    3.062531   -0.555131 (VIOLATED)
m.u_conv3.u_weights._25413_/B           2.507400    3.062484   -0.555084 (VIOLATED)
m.u_conv3.u_weights._23536_/A           2.507400    3.062433   -0.555033 (VIOLATED)
m.u_conv3.u_weights._24239_/A           2.507400    3.062266   -0.554866 (VIOLATED)
m.u_conv3.u_weights._27144_/A1          2.507400    3.062086   -0.554685 (VIOLATED)
m.u_conv3.u_weights._26364_/A           2.507400    3.062027   -0.554626 (VIOLATED)
m.u_conv3.u_weights._21853_/A           2.507400    3.061959   -0.554559 (VIOLATED)
m.u_conv3.u_weights._21854_/A           2.507400    3.061959   -0.554559 (VIOLATED)
m.u_conv3.u_weights._21166_/A           2.507400    3.061864   -0.554464 (VIOLATED)
m.u_conv3.u_weights._21165_/A           2.507400    3.061862   -0.554462 (VIOLATED)
m.u_conv3.u_weights._21214_/A           2.507400    3.061618   -0.554218 (VIOLATED)
m.u_conv3.u_weights._21215_/A           2.507400    3.061603   -0.554202 (VIOLATED)
m.u_conv3.u_weights._16699_/A           2.507400    3.061574   -0.554174 (VIOLATED)
m.u_conv3.u_weights._27877_/A           2.507400    3.061519   -0.554119 (VIOLATED)
m.u_conv3.u_weights._26365_/A           2.507400    3.061256   -0.553856 (VIOLATED)
m.u_conv3.u_weights._26958_/A           2.507400    3.060786   -0.553385 (VIOLATED)
m.u_conv3.u_weights._22429_/A           2.507400    3.060757   -0.553357 (VIOLATED)
m.u_conv3.u_weights._25483_/A           2.507400    3.060715   -0.553315 (VIOLATED)
m.u_conv3.u_weights._23520_/A           2.507400    3.060482   -0.553082 (VIOLATED)
m.u_conv3.u_weights._23521_/A           2.507400    3.060479   -0.553079 (VIOLATED)
m.u_conv3.u_weights._16221_/A           2.507400    3.060218   -0.552818 (VIOLATED)
m.u_conv3.u_weights._23992_/A           2.507400    3.060203   -0.552803 (VIOLATED)
m.u_conv3.u_weights._28706_/A           2.507400    3.060113   -0.552713 (VIOLATED)
m.u_conv3.u_weights._28716_/A1          2.507400    3.060057   -0.552657 (VIOLATED)
m.u_conv3.u_weights._16273_/A           2.507400    3.059813   -0.552413 (VIOLATED)
m.u_conv3.u_weights._31009_/A           2.507400    3.059147   -0.551746 (VIOLATED)
m.u_conv3.u_weights._15795_/A           2.507400    3.059144   -0.551744 (VIOLATED)
m.u_conv3.u_weights._19646_/A           2.507400    3.059133   -0.551733 (VIOLATED)
m.u_conv3.u_weights._29723_/A           2.507400    3.059118   -0.551718 (VIOLATED)
m.u_conv3.u_weights._29724_/A           2.507400    3.059106   -0.551706 (VIOLATED)
m.u_conv3.u_weights._31026_/A1          2.507400    3.059072   -0.551671 (VIOLATED)
m.u_conv3.u_weights._27599_/B           2.507400    3.058666   -0.551265 (VIOLATED)
m.u_conv3.u_weights._20064_/A           2.507400    3.058488   -0.551088 (VIOLATED)
m.u_conv3.u_weights._20062_/A           2.507400    3.058454   -0.551054 (VIOLATED)
m.u_conv3.u_weights._24024_/A           2.507400    3.058314   -0.550914 (VIOLATED)
m.u_conv3.u_weights._24023_/A           2.507400    3.058306   -0.550906 (VIOLATED)
m.u_conv3.u_weights._15853_/B           2.507400    3.058270   -0.550870 (VIOLATED)
m.u_conv3.u_weights._29027_/B           2.507400    3.058174   -0.550774 (VIOLATED)
m.u_conv3.u_weights._27442_/A           2.507400    3.057845   -0.550445 (VIOLATED)
m.u_conv3.u_weights._27443_/A           2.507400    3.057828   -0.550427 (VIOLATED)
m.u_conv3.u_weights._17009_/A           2.507400    3.056653   -0.549253 (VIOLATED)
m.u_conv3.u_weights._17010_/A           2.507400    3.056653   -0.549253 (VIOLATED)
m.u_conv3.u_weights._27996_/A1          2.507400    3.056583   -0.549183 (VIOLATED)
m.u_conv3.u_weights._15852_/B           2.507400    3.056548   -0.549148 (VIOLATED)
m.u_conv3.u_weights._22375_/A           2.507400    3.056529   -0.549128 (VIOLATED)
m.u_conv3.u_weights._20503_/A1          2.507400    3.056435   -0.549035 (VIOLATED)
m.u_conv3.u_weights._16821_/A           2.507400    3.056383   -0.548983 (VIOLATED)
m.u_conv3.u_weights._30635_/A           2.507400    3.056145   -0.548745 (VIOLATED)
m.u_conv3.u_weights._19233_/A1          2.507400    3.056062   -0.548662 (VIOLATED)
m.u_conv3.u_weights._20382_/A           2.507400    3.056017   -0.548617 (VIOLATED)
m.u_conv3.u_weights._26716_/A           2.507400    3.055983   -0.548583 (VIOLATED)
m.u_conv3.u_weights._26534_/A           2.507400    3.055960   -0.548560 (VIOLATED)
m.u_conv3.u_weights._20630_/A           2.507400    3.055830   -0.548430 (VIOLATED)
m.u_conv3.u_weights._20629_/A           2.507400    3.055817   -0.548417 (VIOLATED)
m.u_conv3.u_weights._29667_/A           2.507400    3.055774   -0.548374 (VIOLATED)
m.u_conv3.u_weights._29668_/A           2.507400    3.055752   -0.548352 (VIOLATED)
m.u_conv3.u_weights._28203_/A           2.507400    3.055736   -0.548336 (VIOLATED)
m.u_conv3.u_weights._16411_/A           2.507400    3.055554   -0.548154 (VIOLATED)
m.u_conv3.u_weights._25940_/A           2.507400    3.055423   -0.548023 (VIOLATED)
m.u_conv3.u_weights._18062_/A1          2.507400    3.055098   -0.547698 (VIOLATED)
m.u_conv3.u_weights._28572_/A           2.507400    3.055034   -0.547634 (VIOLATED)
m.u_conv3.u_weights._18022_/A           2.507400    3.054903   -0.547503 (VIOLATED)
m.u_conv3.u_weights._22066_/A           2.507400    3.054812   -0.547412 (VIOLATED)
m.u_conv3.u_weights._28631_/A1          2.507400    3.054711   -0.547311 (VIOLATED)
m.u_conv3.u_weights._29261_/A           2.507400    3.054418   -0.547018 (VIOLATED)
m.u_conv3.u_weights._29262_/A           2.507400    3.054090   -0.546690 (VIOLATED)
m.u_conv3.u_weights._29942_/A           2.507400    3.053342   -0.545942 (VIOLATED)
m.u_conv3.u_weights._29956_/A           2.507400    3.053340   -0.545940 (VIOLATED)
m.u_conv3.u_weights._30685_/A           2.507400    3.052922   -0.545522 (VIOLATED)
m.u_conv3.u_weights._30684_/A           2.507400    3.052919   -0.545519 (VIOLATED)
m.u_conv3.u_weights._27632_/A           2.507400    3.052851   -0.545451 (VIOLATED)
m.u_conv3.u_weights._27509_/A           2.507400    3.052849   -0.545448 (VIOLATED)
m.u_conv3.u_weights._18288_/A           2.507400    3.052841   -0.545441 (VIOLATED)
m.u_conv3.u_weights._22931_/A           2.507400    3.052750   -0.545350 (VIOLATED)
m.u_conv3.u_weights._22943_/A1          2.507400    3.052746   -0.545346 (VIOLATED)
m.u_conv3.u_weights._17760_/A           2.507400    3.052605   -0.545205 (VIOLATED)
m.u_conv3.u_weights._24979_/A1          2.507400    3.052477   -0.545077 (VIOLATED)
m.u_conv3.u_weights._18154_/A           2.507400    3.052424   -0.545024 (VIOLATED)
m.u_conv3.u_weights._20070_/A1          2.507400    3.052409   -0.545009 (VIOLATED)
m.u_conv3.u_weights._24946_/A           2.507400    3.052401   -0.545001 (VIOLATED)
m.u_conv3.u_weights._19995_/A1          2.507400    3.052384   -0.544984 (VIOLATED)
m.u_conv3.u_weights._20087_/A           2.507400    3.052250   -0.544850 (VIOLATED)
m.u_conv3.u_weights._29112_/A           2.507400    3.052237   -0.544837 (VIOLATED)
m.u_conv3.u_weights._22557_/A           2.507400    3.052170   -0.544770 (VIOLATED)
m.u_conv3.u_weights._18255_/A           2.507400    3.052081   -0.544681 (VIOLATED)
m.u_conv3.u_weights._15988_/A           2.507400    3.052005   -0.544605 (VIOLATED)
m.u_conv3.u_weights._25168_/A           2.507400    3.051975   -0.544575 (VIOLATED)
m.u_conv3.u_weights._30981_/A           2.507400    3.051855   -0.544455 (VIOLATED)
m.u_conv3.u_weights._31044_/A1          2.507400    3.051813   -0.544413 (VIOLATED)
m.u_conv3.u_weights._24254_/A           2.507400    3.051645   -0.544245 (VIOLATED)
m.u_conv3.u_weights._17379_/A           2.507400    3.051231   -0.543831 (VIOLATED)
m.u_conv3.u_weights._31213_/A           2.507400    3.051139   -0.543739 (VIOLATED)
m.u_conv3.u_weights._31214_/A           2.507400    3.051139   -0.543739 (VIOLATED)
m.u_conv3.u_weights._24803_/A1          2.507400    3.051015   -0.543615 (VIOLATED)
m.u_conv3.u_weights._17851_/A           2.507400    3.050913   -0.543513 (VIOLATED)
m.u_conv3.u_weights._15814_/A           2.507400    3.050894   -0.543494 (VIOLATED)
m.u_conv3.u_weights._23133_/A           2.507400    3.050883   -0.543482 (VIOLATED)
m.u_conv3.u_weights._18864_/A1          2.507400    3.050792   -0.543392 (VIOLATED)
m.u_conv3.u_weights._31421_/A           2.507400    3.050390   -0.542990 (VIOLATED)
m.u_conv3._425_/A1                      2.507400    3.050282   -0.542882 (VIOLATED)
m.u_conv3.u_weights._20872_/A           2.507400    3.050226   -0.542826 (VIOLATED)
m.u_conv3._531_/Q                       2.507400    3.050223   -0.542822 (VIOLATED)
m.u_conv3.u_weights._23386_/A           2.507400    3.050182   -0.542782 (VIOLATED)
m.u_conv3.u_weights._23388_/A1          2.507400    3.050008   -0.542608 (VIOLATED)
m.u_conv3.u_weights._20871_/A           2.507400    3.049863   -0.542463 (VIOLATED)
m.u_conv3.u_weights._22585_/A1          2.507400    3.049773   -0.542372 (VIOLATED)
m.u_conv3.u_weights._16172_/B           2.507400    3.049545   -0.542145 (VIOLATED)
m.u_conv3.u_weights._29000_/A           2.507400    3.049539   -0.542139 (VIOLATED)
m.u_conv3.u_weights._28972_/A1          2.507400    3.049535   -0.542135 (VIOLATED)
m.u_conv3.u_weights._16476_/A           2.507400    3.049292   -0.541892 (VIOLATED)
m.u_conv3.u_weights._18529_/A           2.507400    3.049200   -0.541799 (VIOLATED)
m.u_conv3.u_weights._23760_/B           2.507400    3.049155   -0.541755 (VIOLATED)
m.u_conv3.u_weights._23759_/B           2.507400    3.049134   -0.541734 (VIOLATED)
m.u_conv3.u_weights._23190_/A           2.507400    3.049098   -0.541698 (VIOLATED)
m.u_conv3.u_weights._26933_/A           2.507400    3.049097   -0.541697 (VIOLATED)
m.u_conv3.u_weights._23195_/A1          2.507400    3.049085   -0.541685 (VIOLATED)
m.u_conv3.u_weights._18857_/A           2.507400    3.049081   -0.541681 (VIOLATED)
m.u_conv3.u_weights._28775_/A           2.507400    3.048923   -0.541523 (VIOLATED)
m.u_conv3.u_weights._20837_/A           2.507400    3.048914   -0.541514 (VIOLATED)
m.u_conv3.u_weights._23922_/A           2.507400    3.048883   -0.541483 (VIOLATED)
m.u_conv3.u_weights._23926_/A1          2.507400    3.048875   -0.541475 (VIOLATED)
m.u_conv3.u_weights._23015_/B           2.507400    3.048866   -0.541466 (VIOLATED)
m.u_conv3.u_weights._23052_/A2          2.507400    3.048832   -0.541432 (VIOLATED)
m.u_conv3.u_weights._21379_/A1          2.507400    3.048693   -0.541293 (VIOLATED)
m.u_conv3.u_weights._21307_/A           2.507400    3.048686   -0.541285 (VIOLATED)
m.u_conv3.u_weights._26160_/A           2.507400    3.048628   -0.541228 (VIOLATED)
m.u_conv3.u_weights._19528_/A           2.507400    3.048613   -0.541213 (VIOLATED)
m.u_conv3.u_weights._27719_/A           2.507400    3.048603   -0.541203 (VIOLATED)
m.u_conv3.u_weights._27721_/A1          2.507400    3.048590   -0.541190 (VIOLATED)
m.u_conv3.u_weights._20831_/B           2.507400    3.048583   -0.541183 (VIOLATED)
m.u_conv3.u_weights._26143_/A           2.507400    3.048570   -0.541170 (VIOLATED)
m.u_conv3.u_weights._21308_/A           2.507400    3.048561   -0.541161 (VIOLATED)
m.u_conv3.u_weights._20830_/B           2.507400    3.048555   -0.541154 (VIOLATED)
m.u_conv3.u_weights._24475_/A           2.507400    3.048519   -0.541119 (VIOLATED)
m.u_conv3.u_weights._21223_/A           2.507400    3.048414   -0.541013 (VIOLATED)
m.u_conv3.u_weights._21192_/A           2.507400    3.048400   -0.540999 (VIOLATED)
m.u_conv3.u_weights._24476_/A           2.507400    3.048389   -0.540989 (VIOLATED)
m.u_conv3.u_weights._19822_/A           2.507400    3.048268   -0.540868 (VIOLATED)
m.u_conv3.u_weights._19912_/A1          2.507400    3.048268   -0.540868 (VIOLATED)
m.u_conv3.u_weights._22963_/A           2.507400    3.048262   -0.540862 (VIOLATED)
m.u_conv3.u_weights._23592_/A1          2.507400    3.048254   -0.540854 (VIOLATED)
m.u_conv3.u_weights._25484_/A           2.507400    3.048228   -0.540828 (VIOLATED)
m.u_conv3.u_weights._23745_/A           2.507400    3.048221   -0.540821 (VIOLATED)
m.u_conv3.u_weights._23746_/A           2.507400    3.048213   -0.540812 (VIOLATED)
m.u_conv3.u_weights._29199_/A1          2.507400    3.048153   -0.540753 (VIOLATED)
m.u_conv3.u_weights._28285_/A           2.507400    3.048058   -0.540658 (VIOLATED)
m.u_conv3.u_weights._28286_/A           2.507400    3.048049   -0.540649 (VIOLATED)
m.u_conv3.u_weights._27458_/B           2.507400    3.047971   -0.540571 (VIOLATED)
m.u_conv3.u_weights._27471_/A2          2.507400    3.047969   -0.540568 (VIOLATED)
m.u_conv3.u_weights._19377_/A           2.507400    3.047931   -0.540531 (VIOLATED)
m.u_conv3.u_weights._30049_/A           2.507400    3.047896   -0.540496 (VIOLATED)
m.u_conv3.u_weights._20836_/A           2.507400    3.047773   -0.540373 (VIOLATED)
m.u_conv3.u_weights._18782_/A           2.507400    3.047762   -0.540362 (VIOLATED)
m.u_conv3.u_weights._15808_/A           2.507400    3.047750   -0.540350 (VIOLATED)
m.u_conv3.u_weights._23247_/A           2.507400    3.047746   -0.540346 (VIOLATED)
m.u_conv3.u_weights._29163_/A           2.507400    3.047742   -0.540342 (VIOLATED)
m.u_conv3.u_weights._21194_/A           2.507400    3.047354   -0.539954 (VIOLATED)
m.u_conv3.u_weights._17031_/A1          2.507400    3.047269   -0.539869 (VIOLATED)
m.u_conv3.u_weights._16855_/A           2.507400    3.047203   -0.539802 (VIOLATED)
m.u_conv3.u_weights._16860_/A1          2.507400    3.047201   -0.539800 (VIOLATED)
m.u_conv3.u_weights._27133_/A           2.507400    3.047092   -0.539692 (VIOLATED)
m.u_conv3.u_weights._24957_/B           2.507400    3.047033   -0.539633 (VIOLATED)
m.u_conv3.u_weights._24958_/B           2.507400    3.046985   -0.539585 (VIOLATED)
m.u_conv3.u_weights._27883_/A           2.507400    3.046915   -0.539514 (VIOLATED)
m.u_conv3.u_weights._27882_/A           2.507400    3.046907   -0.539507 (VIOLATED)
m.u_conv3.u_weights._24699_/A           2.507400    3.046631   -0.539231 (VIOLATED)
m.u_conv3.u_weights._24022_/A           2.507400    3.046631   -0.539230 (VIOLATED)
m.u_conv3.u_weights._26471_/A           2.507400    3.046471   -0.539071 (VIOLATED)
m.u_conv3.u_weights._16268_/A           2.507400    3.046464   -0.539064 (VIOLATED)
m.u_conv3.u_weights._16269_/A           2.507400    3.046451   -0.539051 (VIOLATED)
m.u_conv3.u_weights._19904_/A           2.507400    3.046094   -0.538694 (VIOLATED)
m.u_conv3.u_weights._19903_/A           2.507400    3.046091   -0.538691 (VIOLATED)
m.u_conv3.u_weights._31158_/A           2.507400    3.046067   -0.538667 (VIOLATED)
m.u_conv3.u_weights._20793_/A           2.507400    3.046011   -0.538611 (VIOLATED)
m.u_conv3.u_weights._16173_/B           2.507400    3.045780   -0.538380 (VIOLATED)
m.u_conv3.u_weights._21591_/A           2.507400    3.045467   -0.538067 (VIOLATED)
m.u_conv3.u_weights._15861_/A           2.507400    3.045274   -0.537873 (VIOLATED)
m.u_conv3.u_weights._26904_/A1          2.507400    3.045111   -0.537711 (VIOLATED)
m.u_conv3.u_weights._19514_/A1          2.507400    3.045007   -0.537607 (VIOLATED)
m.u_conv3.u_weights._21322_/A           2.507400    3.044802   -0.537401 (VIOLATED)
m.u_conv3.u_weights._23532_/A           2.507400    3.044661   -0.537260 (VIOLATED)
m.u_conv3.u_weights._24961_/A           2.507400    3.044569   -0.537169 (VIOLATED)
m.u_conv3.u_weights._26863_/A           2.507400    3.044559   -0.537159 (VIOLATED)
m.u_conv3.u_weights._21056_/A           2.507400    3.044451   -0.537051 (VIOLATED)
m.u_conv3.u_weights._30948_/A           2.507400    3.044249   -0.536849 (VIOLATED)
m.u_conv3.u_weights._23983_/A           2.507400    3.043612   -0.536212 (VIOLATED)
m.u_conv3.u_weights._22723_/A           2.507400    3.043587   -0.536187 (VIOLATED)
m.u_conv3.u_weights._22728_/A1          2.507400    3.043584   -0.536184 (VIOLATED)
m.u_conv3.u_weights._19732_/A1          2.507400    3.043438   -0.536038 (VIOLATED)
m.u_conv3.u_weights._19729_/A           2.507400    3.043433   -0.536033 (VIOLATED)
m.u_conv3.u_weights._20351_/A           2.507400    3.042985   -0.535585 (VIOLATED)
m.u_conv3.u_weights._30576_/A           2.507400    3.042613   -0.535212 (VIOLATED)
m.u_conv3.u_weights._30582_/A1          2.507400    3.042612   -0.535212 (VIOLATED)
m.u_conv3.u_weights._26039_/A           2.507400    3.042599   -0.535199 (VIOLATED)
m.u_conv3.u_weights._26052_/A1          2.507400    3.042599   -0.535199 (VIOLATED)
m.u_conv3.u_weights._27142_/A2          2.507400    3.042589   -0.535189 (VIOLATED)
m.u_conv3.u_weights._28545_/A           2.507400    3.042587   -0.535187 (VIOLATED)
m.u_conv3.u_weights._26097_/A           2.507400    3.042573   -0.535173 (VIOLATED)
m.u_conv3.u_weights._20355_/A           2.507400    3.042569   -0.535169 (VIOLATED)
m.u_conv3.u_weights._16416_/A           2.507400    3.042563   -0.535163 (VIOLATED)
m.u_conv3.u_weights._28141_/A           2.507400    3.042515   -0.535115 (VIOLATED)
m.u_conv3.u_weights._18280_/A           2.507400    3.042493   -0.535093 (VIOLATED)
m.u_conv3.u_weights._30515_/A           2.507400    3.042479   -0.535079 (VIOLATED)
m.u_conv3.u_weights._28546_/A           2.507400    3.042443   -0.535043 (VIOLATED)
m.u_conv3.u_weights._19174_/A           2.507400    3.042441   -0.535041 (VIOLATED)
m.u_conv3.u_weights._19175_/A           2.507400    3.042442   -0.535041 (VIOLATED)
m.u_conv3.u_weights._21947_/A           2.507400    3.042434   -0.535034 (VIOLATED)
m.u_conv3.u_weights._21951_/A1          2.507400    3.042434   -0.535034 (VIOLATED)
m.u_conv3.u_weights._16462_/A           2.507400    3.042429   -0.535029 (VIOLATED)
m.u_conv3.u_weights._29351_/A1          2.507400    3.042396   -0.534996 (VIOLATED)
m.u_conv3.u_weights._28172_/A           2.507400    3.042390   -0.534990 (VIOLATED)
m.u_conv3.u_weights._30695_/A           2.507400    3.042366   -0.534966 (VIOLATED)
m.u_conv3.u_weights._16464_/A           2.507400    3.042336   -0.534936 (VIOLATED)
m.u_conv3.u_weights._29191_/A           2.507400    3.042327   -0.534927 (VIOLATED)
m.u_conv3.u_weights._29201_/A1          2.507400    3.042293   -0.534893 (VIOLATED)
m.u_conv3.u_weights._16157_/A           2.507400    3.042251   -0.534850 (VIOLATED)
m.u_conv3._447_/A                       2.507400    3.042237   -0.534837 (VIOLATED)
m.u_conv3._546_/Q                       2.507400    3.042233   -0.534833 (VIOLATED)
m.u_conv3.u_weights._27439_/A           2.507400    3.041929   -0.534529 (VIOLATED)
m.u_conv3.u_weights._27440_/A           2.507400    3.041929   -0.534529 (VIOLATED)
m.u_conv3.u_weights._18206_/A2          2.507400    3.041896   -0.534496 (VIOLATED)
m.u_conv3.u_weights._27129_/B           2.507400    3.041848   -0.534448 (VIOLATED)
m.u_conv3.u_weights._29285_/A           2.507400    3.041499   -0.534099 (VIOLATED)
m.u_conv3.u_weights._29610_/B           2.507400    3.040789   -0.533389 (VIOLATED)
m.u_conv3.u_weights._29612_/A2          2.507400    3.040786   -0.533385 (VIOLATED)
m.u_conv3.u_weights._22242_/A1          2.507400    3.040199   -0.532799 (VIOLATED)
m.u_conv3.u_weights._22301_/A           2.507400    3.040084   -0.532684 (VIOLATED)
m.u_conv3.u_weights._22348_/A1          2.507400    3.039543   -0.532143 (VIOLATED)
m.u_conv3.u_weights._21589_/A           2.507400    3.039456   -0.532056 (VIOLATED)
m.u_conv3.u_weights._24996_/A1          2.507400    3.039419   -0.532019 (VIOLATED)
m.u_conv3.u_weights._25615_/A           2.507400    3.039346   -0.531946 (VIOLATED)
m.u_conv3.u_weights._25617_/A1          2.507400    3.039341   -0.531941 (VIOLATED)
m.u_conv3.u_weights._28948_/A           2.507400    3.039280   -0.531879 (VIOLATED)
m.u_conv3.u_weights._28958_/A1          2.507400    3.039270   -0.531870 (VIOLATED)
m.u_conv3.u_weights._18950_/A           2.507400    3.039132   -0.531732 (VIOLATED)
m.u_conv3.u_weights._23020_/A           2.507400    3.038746   -0.531345 (VIOLATED)
m.u_conv3.u_weights._26163_/A           2.507400    3.038626   -0.531226 (VIOLATED)
m.u_conv3.u_weights._24396_/A           2.507400    3.038313   -0.530913 (VIOLATED)
m.u_conv3.u_weights._24391_/A           2.507400    3.038312   -0.530912 (VIOLATED)
m.u_conv3.u_weights._21000_/A           2.507400    3.038253   -0.530853 (VIOLATED)
m.u_conv3.u_weights._17463_/A           2.507400    3.038188   -0.530787 (VIOLATED)
m.u_conv3.u_weights._28567_/A           2.507400    3.038159   -0.530759 (VIOLATED)
m.u_conv3.u_weights._22563_/A           2.507400    3.037975   -0.530575 (VIOLATED)
m.u_conv3.u_weights._22565_/A           2.507400    3.037961   -0.530560 (VIOLATED)
m.u_conv3.u_weights._17516_/A1          2.507400    3.037724   -0.530324 (VIOLATED)
m.u_conv3.u_weights._27779_/A           2.507400    3.037417   -0.530017 (VIOLATED)
m.u_conv3.u_weights._29764_/A           2.507400    3.037358   -0.529958 (VIOLATED)
m.u_conv3.u_weights._30842_/A           2.507400    3.036930   -0.529530 (VIOLATED)
m.u_conv3.u_weights._30847_/A1          2.507400    3.036930   -0.529530 (VIOLATED)
m.u_conv3._465_/A                       2.507400    3.036924   -0.529524 (VIOLATED)
m.u_conv3._558_/Q                       2.507400    3.036907   -0.529507 (VIOLATED)
m.u_conv3.u_weights._21274_/A           2.507400    3.036486   -0.529086 (VIOLATED)
m.u_conv3.u_weights._22564_/A           2.507400    3.036392   -0.528992 (VIOLATED)
m.u_conv3.u_weights._15786_/A           2.507400    3.036163   -0.528763 (VIOLATED)
m.u_conv3.u_weights._16181_/A           2.507400    3.036155   -0.528755 (VIOLATED)
m.u_conv3.u_weights._19986_/A           2.507400    3.036153   -0.528753 (VIOLATED)
m.u_conv3.u_weights._22899_/A           2.507400    3.036121   -0.528720 (VIOLATED)
m.u_conv3.u_weights._17941_/A1          2.507400    3.036031   -0.528631 (VIOLATED)
m.u_conv3.u_weights._17936_/A           2.507400    3.036026   -0.528626 (VIOLATED)
m.u_conv3.u_weights._31005_/A           2.507400    3.035558   -0.528157 (VIOLATED)
m.u_conv3.u_weights._27279_/A           2.507400    3.035274   -0.527874 (VIOLATED)
m.u_conv3.u_weights._27284_/A1          2.507400    3.035273   -0.527873 (VIOLATED)
m.u_conv3.u_weights._31388_/A           2.507400    3.035243   -0.527843 (VIOLATED)
m.u_conv3.u_weights._26433_/A1          2.507400    3.035068   -0.527668 (VIOLATED)
m.u_conv3.u_weights._23737_/A           2.507400    3.034897   -0.527497 (VIOLATED)
m.u_conv3.u_weights._23738_/A           2.507400    3.034856   -0.527455 (VIOLATED)
m.u_conv3.u_weights._17229_/B           2.507400    3.034615   -0.527215 (VIOLATED)
m.u_conv3.u_weights._17609_/B           2.507400    3.034306   -0.526905 (VIOLATED)
m.u_conv3.u_weights._17611_/A2          2.507400    3.033923   -0.526523 (VIOLATED)
m.u_conv3.u_weights._20165_/A           2.507400    3.033462   -0.526062 (VIOLATED)
m.u_conv3.u_weights._25560_/A           2.507400    3.033444   -0.526044 (VIOLATED)
m.u_conv3.u_weights._25559_/A           2.507400    3.033442   -0.526041 (VIOLATED)
m.u_conv3.u_weights._24152_/A           2.507400    3.033208   -0.525808 (VIOLATED)
m.u_conv3.u_weights._26391_/A           2.507400    3.033184   -0.525784 (VIOLATED)
m.u_conv3.u_weights._24153_/A           2.507400    3.033149   -0.525749 (VIOLATED)
m.u_conv3.u_weights._23206_/A1          2.507400    3.031307   -0.523907 (VIOLATED)
m.u_conv3.u_weights._18975_/A1          2.507400    3.031234   -0.523834 (VIOLATED)
m.u_conv3.u_weights._25181_/A           2.507400    3.031177   -0.523777 (VIOLATED)
m.u_conv3.u_weights._15827_/A           2.507400    3.031171   -0.523771 (VIOLATED)
m.u_conv3.u_weights._28956_/A1          2.507400    3.031123   -0.523723 (VIOLATED)
m.u_conv3.u_weights._25661_/A           2.507400    3.031047   -0.523646 (VIOLATED)
m.u_conv3.u_weights._25707_/A1          2.507400    3.031046   -0.523646 (VIOLATED)
m.u_conv3.u_weights._19321_/A1          2.507400    3.031000   -0.523600 (VIOLATED)
m.u_conv3.u_weights._19297_/A           2.507400    3.030996   -0.523595 (VIOLATED)
m.u_conv3.u_weights._28297_/A           2.507400    3.030945   -0.523545 (VIOLATED)
m.u_conv3.u_weights._17380_/A           2.507400    3.030823   -0.523423 (VIOLATED)
m.u_conv3.u_weights._30206_/A           2.507400    3.030771   -0.523371 (VIOLATED)
m.u_conv3.u_weights._23415_/A           2.507400    3.030655   -0.523255 (VIOLATED)
m.u_conv3.u_weights._21656_/A           2.507400    3.030576   -0.523175 (VIOLATED)
m.u_conv3.u_weights._16793_/A           2.507400    3.030561   -0.523161 (VIOLATED)
m.u_conv3.u_weights._17054_/A           2.507400    3.030261   -0.522861 (VIOLATED)
m.u_conv3.u_weights._25195_/A           2.507400    3.030230   -0.522830 (VIOLATED)
m.u_conv3.u_weights._24709_/A           2.507400    3.030220   -0.522820 (VIOLATED)
m.u_conv3.u_weights._26373_/B           2.507400    3.030191   -0.522791 (VIOLATED)
m.u_conv3.u_weights._26374_/B           2.507400    3.030189   -0.522789 (VIOLATED)
m.u_conv3.u_weights._26375_/B           2.507400    3.030182   -0.522782 (VIOLATED)
m.u_conv3.u_weights._19020_/A           2.507400    3.030102   -0.522701 (VIOLATED)
m.u_conv3.u_weights._19021_/A           2.507400    3.030102   -0.522702 (VIOLATED)
m.u_conv3.u_weights._26739_/A           2.507400    3.030072   -0.522672 (VIOLATED)
m.u_conv3.u_weights._25888_/A           2.507400    3.030034   -0.522634 (VIOLATED)
m.u_conv3.u_weights._20302_/A           2.507400    3.029997   -0.522597 (VIOLATED)
m.u_conv3.u_weights._18511_/A           2.507400    3.029962   -0.522561 (VIOLATED)
m.u_conv3.u_weights._16445_/A           2.507400    3.029912   -0.522511 (VIOLATED)
m.u_conv3.u_weights._20412_/A1          2.507400    3.029906   -0.522506 (VIOLATED)
m.u_conv3.u_weights._27807_/A           2.507400    3.029773   -0.522373 (VIOLATED)
m.u_conv3.u_weights._27806_/A           2.507400    3.029773   -0.522372 (VIOLATED)
m.u_conv3.u_weights._22533_/A           2.507400    3.029689   -0.522289 (VIOLATED)
m.u_conv3.u_weights._22611_/A1          2.507400    3.029680   -0.522280 (VIOLATED)
m.u_conv3.u_weights._28066_/A           2.507400    3.029640   -0.522240 (VIOLATED)
m.u_conv3.u_weights._29882_/A           2.507400    3.029635   -0.522235 (VIOLATED)
m.u_conv3.u_weights._21422_/A           2.507400    3.029628   -0.522228 (VIOLATED)
m.u_conv3.u_weights._20974_/A           2.507400    3.029519   -0.522119 (VIOLATED)
m.u_conv3.u_weights._29007_/A1          2.507400    3.029490   -0.522090 (VIOLATED)
m.u_conv3.u_weights._16714_/A           2.507400    3.029101   -0.521701 (VIOLATED)
m.u_conv3.u_weights._23796_/A1          2.507400    3.029098   -0.521697 (VIOLATED)
m.u_conv3.u_weights._20582_/B           2.507400    3.029067   -0.521667 (VIOLATED)
m.u_conv3.u_weights._26913_/A           2.507400    3.029000   -0.521600 (VIOLATED)
m.u_conv3.u_weights._27349_/A           2.507400    3.028940   -0.521540 (VIOLATED)
m.u_conv3.u_weights._20583_/B           2.507400    3.028881   -0.521480 (VIOLATED)
m.u_conv3.u_weights._21271_/A1          2.507400    3.028710   -0.521310 (VIOLATED)
m.u_conv3.u_weights._30690_/A           2.507400    3.028522   -0.521122 (VIOLATED)
m.u_conv3.u_weights._30689_/A           2.507400    3.028522   -0.521121 (VIOLATED)
m.u_conv3.u_weights._27112_/A           2.507400    3.028513   -0.521113 (VIOLATED)
m.u_conv3.u_weights._15994_/A           2.507400    3.028441   -0.521041 (VIOLATED)
m.u_conv3.u_weights._19545_/A           2.507400    3.028263   -0.520863 (VIOLATED)
m.u_conv3._420_/A1                      2.507400    3.027940   -0.520540 (VIOLATED)
m.u_conv3._526_/Q                       2.507400    3.027940   -0.520540 (VIOLATED)
m.u_conv3.u_weights._30148_/A           2.507400    3.027874   -0.520474 (VIOLATED)
m.u_conv3.u_weights._30147_/A           2.507400    3.027873   -0.520473 (VIOLATED)
m.u_conv3.u_weights._16382_/A           2.507400    3.027572   -0.520171 (VIOLATED)
m.u_conv3.u_weights._16384_/A1          2.507400    3.027548   -0.520148 (VIOLATED)
m.u_conv3.u_weights._17668_/A           2.507400    3.027527   -0.520127 (VIOLATED)
m.u_conv3.u_weights._22470_/A           2.507400    3.025513   -0.518113 (VIOLATED)
m.u_conv3.u_weights._22469_/A           2.507400    3.025512   -0.518112 (VIOLATED)
m.u_conv3.u_weights._28730_/A1          2.507400    3.025243   -0.517843 (VIOLATED)
m.u_conv3.u_weights._27071_/A           2.507400    3.025065   -0.517665 (VIOLATED)
m.u_conv3.u_weights._27095_/A           2.507400    3.025064   -0.517664 (VIOLATED)
m.u_conv3.u_weights._21085_/A           2.507400    3.024932   -0.517532 (VIOLATED)
m.u_conv3.u_weights._21368_/A           2.507400    3.024789   -0.517388 (VIOLATED)
m.u_conv3.u_weights._19827_/B           2.507400    3.024753   -0.517353 (VIOLATED)
m.u_conv3.u_weights._16180_/A           2.507400    3.024657   -0.517256 (VIOLATED)
m.u_conv3.u_weights._21597_/A           2.507400    3.024260   -0.516860 (VIOLATED)
m.u_conv3.u_weights._21599_/A           2.507400    3.024238   -0.516838 (VIOLATED)
m.u_conv3.u_weights._24469_/B           2.507400    3.023998   -0.516598 (VIOLATED)
m.u_conv3.u_weights._21598_/A           2.507400    3.023933   -0.516533 (VIOLATED)
m.u_conv3.u_weights._18508_/A           2.507400    3.023283   -0.515882 (VIOLATED)
m.u_conv3.u_weights._25000_/A1          2.507400    3.022913   -0.515512 (VIOLATED)
m.u_conv3.u_weights._19473_/A1          2.507400    3.022879   -0.515479 (VIOLATED)
m.u_conv3.u_weights._19463_/A           2.507400    3.022878   -0.515478 (VIOLATED)
m.u_conv3.u_weights._28472_/A           2.507400    3.022874   -0.515473 (VIOLATED)
m.u_conv3.u_weights._25675_/A           2.507400    3.022746   -0.515346 (VIOLATED)
m.u_conv3.u_weights._25674_/A           2.507400    3.022742   -0.515341 (VIOLATED)
m.u_conv3.u_weights._24988_/A           2.507400    3.022673   -0.515273 (VIOLATED)
m.u_conv3.u_weights._26235_/A1          2.507400    3.022622   -0.515222 (VIOLATED)
m.u_conv3.u_weights._18048_/A           2.507400    3.022605   -0.515205 (VIOLATED)
m.u_conv3.u_weights._18047_/A           2.507400    3.022590   -0.515190 (VIOLATED)
m.u_conv3.u_weights._28391_/A           2.507400    3.022434   -0.515033 (VIOLATED)
m.u_conv3.u_weights._28392_/A           2.507400    3.022434   -0.515034 (VIOLATED)
m.u_conv3.u_weights._16506_/A           2.507400    3.022366   -0.514966 (VIOLATED)
m.u_conv3.u_weights._19278_/A           2.507400    3.022366   -0.514966 (VIOLATED)
m.u_conv3.u_weights._16747_/A           2.507400    3.022294   -0.514894 (VIOLATED)
m.u_conv3.u_weights._30219_/A           2.507400    3.022244   -0.514844 (VIOLATED)
m.u_conv3.u_weights._19082_/A1          2.507400    3.022237   -0.514836 (VIOLATED)
m.u_conv3.u_weights._22813_/A           2.507400    3.022216   -0.514816 (VIOLATED)
m.u_conv3.u_weights._27871_/A           2.507400    3.022215   -0.514815 (VIOLATED)
m.u_conv3.u_weights._27872_/A           2.507400    3.022214   -0.514814 (VIOLATED)
m.u_conv3.u_weights._27838_/A           2.507400    3.022108   -0.514708 (VIOLATED)
m.u_conv3.u_weights._31358_/A           2.507400    3.022103   -0.514703 (VIOLATED)
m.u_conv3.u_weights._31344_/A           2.507400    3.022102   -0.514702 (VIOLATED)
m.u_conv3.u_weights._30251_/A           2.507400    3.022082   -0.514682 (VIOLATED)
m.u_conv3.u_weights._22032_/A           2.507400    3.022039   -0.514639 (VIOLATED)
m.u_conv3.u_weights._20767_/A           2.507400    3.021941   -0.514541 (VIOLATED)
m.u_conv3.u_weights._20771_/A1          2.507400    3.021940   -0.514540 (VIOLATED)
m.u_conv3.u_weights._24808_/A           2.507400    3.021911   -0.514511 (VIOLATED)
m.u_conv3.u_weights._16884_/A           2.507400    3.021833   -0.514433 (VIOLATED)
m.u_conv3.u_weights._16894_/A1          2.507400    3.021832   -0.514432 (VIOLATED)
m.u_conv3.u_weights._26404_/A           2.507400    3.021815   -0.514415 (VIOLATED)
m.u_conv3.u_weights._17144_/A           2.507400    3.021814   -0.514414 (VIOLATED)
m.u_conv3.u_weights._17143_/A           2.507400    3.021813   -0.514413 (VIOLATED)
m.u_conv3.u_weights._26388_/A           2.507400    3.021795   -0.514395 (VIOLATED)
m.u_conv3.u_weights._15851_/A           2.507400    3.021763   -0.514363 (VIOLATED)
m.u_conv3.u_weights._31061_/A           2.507400    3.021752   -0.514352 (VIOLATED)
m.u_conv3.u_weights._28202_/A           2.507400    3.021735   -0.514335 (VIOLATED)
m.u_conv3.u_weights._31387_/A           2.507400    3.021695   -0.514295 (VIOLATED)
m.u_conv3.u_weights._16965_/B           2.507400    3.021658   -0.514258 (VIOLATED)
m.u_conv3.u_weights._26564_/A1          2.507400    3.021651   -0.514251 (VIOLATED)
m.u_conv3.u_weights._24266_/A           2.507400    3.021638   -0.514238 (VIOLATED)
m.u_conv3.u_weights._24267_/A           2.507400    3.021629   -0.514229 (VIOLATED)
m.u_conv3.u_weights._21822_/A           2.507400    3.021626   -0.514226 (VIOLATED)
m.u_conv3.u_weights._15910_/A1          2.507400    3.021624   -0.514224 (VIOLATED)
m.u_conv3.u_weights._21821_/A           2.507400    3.021624   -0.514224 (VIOLATED)
m.u_conv3.u_weights._18562_/A           2.507400    3.021478   -0.514078 (VIOLATED)
m.u_conv3.u_weights._16510_/A           2.507400    3.021419   -0.514019 (VIOLATED)
m.u_conv3.u_weights._15884_/A           2.507400    3.021250   -0.513849 (VIOLATED)
m.u_conv3.u_weights._18274_/A           2.507400    3.021232   -0.513832 (VIOLATED)
m.u_conv3.u_weights._26012_/A           2.507400    3.021214   -0.513813 (VIOLATED)
m.u_conv3.u_weights._19075_/A           2.507400    3.021210   -0.513810 (VIOLATED)
m.u_conv3.u_weights._26750_/A1          2.507400    3.021198   -0.513798 (VIOLATED)
m.u_conv3.u_weights._29284_/B           2.507400    3.021158   -0.513758 (VIOLATED)
m.u_conv3.u_weights._17204_/A           2.507400    3.021096   -0.513696 (VIOLATED)
m.u_conv3._457_/A1                      2.507400    3.021068   -0.513668 (VIOLATED)
m.u_conv3._552_/Q                       2.507400    3.021068   -0.513668 (VIOLATED)
m.u_conv3.u_weights._20598_/A           2.507400    3.020785   -0.513385 (VIOLATED)
m.u_conv3.u_weights._19128_/A1          2.507400    3.020770   -0.513370 (VIOLATED)
m.u_conv3.u_weights._21861_/A           2.507400    3.020769   -0.513369 (VIOLATED)
m.u_conv3.u_weights._20584_/A           2.507400    3.020728   -0.513328 (VIOLATED)
m.u_conv3.u_weights._15784_/A           2.507400    3.020362   -0.512962 (VIOLATED)
m.u_conv3.u_weights._26015_/A1          2.507400    3.019737   -0.512337 (VIOLATED)
m.u_conv3.u_weights._30435_/A1          2.507400    3.019733   -0.512333 (VIOLATED)
m.u_conv3.u_weights._30448_/A           2.507400    3.019733   -0.512333 (VIOLATED)
m.u_conv3.u_weights._26648_/A           2.507400    3.019706   -0.512306 (VIOLATED)
m.u_conv3.u_weights._26637_/A           2.507400    3.019704   -0.512304 (VIOLATED)
m.u_conv3.u_weights._29341_/A           2.507400    3.019655   -0.512255 (VIOLATED)
m.u_conv3.u_weights._29340_/A           2.507400    3.019654   -0.512253 (VIOLATED)
m.u_conv3.u_weights._28078_/A           2.507400    3.019653   -0.512252 (VIOLATED)
m.u_conv3.u_weights._28079_/A           2.507400    3.019653   -0.512253 (VIOLATED)
m.u_conv3.u_weights._19123_/A           2.507400    3.019651   -0.512250 (VIOLATED)
m.u_conv3.u_weights._24917_/A           2.507400    3.019605   -0.512205 (VIOLATED)
m.u_conv3.u_weights._18471_/A           2.507400    3.019578   -0.512178 (VIOLATED)
m.u_conv3.u_weights._18457_/A1          2.507400    3.019572   -0.512172 (VIOLATED)
m.u_conv3._426_/A1                      2.507400    3.019517   -0.512117 (VIOLATED)
m.u_conv3._532_/Q                       2.507400    3.019517   -0.512117 (VIOLATED)
m.u_conv3.u_weights._18516_/A           2.507400    3.019193   -0.511793 (VIOLATED)
m.u_conv3.u_weights._20246_/A           2.507400    3.018852   -0.511451 (VIOLATED)
m.u_conv3.u_weights._18217_/A1          2.507400    3.018122   -0.510722 (VIOLATED)
m.u_conv3.u_weights._29581_/A           2.507400    3.016533   -0.509133 (VIOLATED)
m.u_conv3.u_weights._20936_/A           2.507400    3.015011   -0.507611 (VIOLATED)
m.u_conv3.u_weights._24362_/A           2.507400    3.014945   -0.507544 (VIOLATED)
m.u_conv3.u_weights._24374_/A1          2.507400    3.014943   -0.507543 (VIOLATED)
m.u_conv3.u_weights._22597_/A1          2.507400    3.014880   -0.507480 (VIOLATED)
m.u_conv3.u_weights._22525_/A           2.507400    3.014868   -0.507468 (VIOLATED)
m.u_conv3.u_weights._15815_/A           2.507400    3.014683   -0.507283 (VIOLATED)
m.u_conv3.u_weights._20906_/A           2.507400    3.014495   -0.507095 (VIOLATED)
m.u_conv3.u_weights._20910_/A1          2.507400    3.014495   -0.507095 (VIOLATED)
m.u_conv3.u_weights._19695_/A           2.507400    3.014494   -0.507094 (VIOLATED)
m.u_conv3.u_weights._22522_/A           2.507400    3.014284   -0.506884 (VIOLATED)
m.u_conv3.u_weights._21223_/B           2.507400    3.014176   -0.506776 (VIOLATED)
m.u_conv3.u_weights._29721_/B           2.507400    3.014148   -0.506748 (VIOLATED)
m.u_conv3.u_weights._19826_/B           2.507400    3.014120   -0.506720 (VIOLATED)
m.u_conv3.u_weights._21192_/B           2.507400    3.014117   -0.506717 (VIOLATED)
m.u_conv3.u_weights._29722_/B           2.507400    3.014041   -0.506641 (VIOLATED)
m.u_conv3.u_weights._20808_/A           2.507400    3.014025   -0.506625 (VIOLATED)
m.u_conv3.u_weights._20807_/A           2.507400    3.014023   -0.506623 (VIOLATED)
m.u_conv3.u_weights._24220_/A           2.507400    3.013936   -0.506535 (VIOLATED)
m.u_conv3.u_weights._23773_/A           2.507400    3.013590   -0.506190 (VIOLATED)
m.u_conv3.u_weights._27693_/A           2.507400    3.013385   -0.505985 (VIOLATED)
m.u_conv3.u_weights._24160_/A           2.507400    3.013247   -0.505847 (VIOLATED)
m.u_conv3.u_weights._24159_/A           2.507400    3.013243   -0.505843 (VIOLATED)
m.u_conv3.u_weights._19701_/A           2.507400    3.013077   -0.505677 (VIOLATED)
m.u_conv3.u_weights._29992_/A           2.507400    3.013068   -0.505668 (VIOLATED)
m.u_conv3.u_weights._29728_/A1          2.507400    3.013018   -0.505618 (VIOLATED)
m.u_conv3.u_weights._29101_/A           2.507400    3.012970   -0.505570 (VIOLATED)
m.u_conv3.u_weights._29102_/A           2.507400    3.012960   -0.505560 (VIOLATED)
m.u_conv3.u_weights._17320_/A           2.507400    3.012937   -0.505536 (VIOLATED)
m.u_conv3.u_weights._15817_/A           2.507400    3.012900   -0.505500 (VIOLATED)
m.u_conv3.u_weights._29979_/A           2.507400    3.012738   -0.505337 (VIOLATED)
m.u_conv3.u_weights._18163_/A           2.507400    3.012602   -0.505202 (VIOLATED)
m.u_conv3.u_weights._20127_/A1          2.507400    3.012555   -0.505155 (VIOLATED)
m.u_conv3.u_weights._27436_/B           2.507400    3.012552   -0.505152 (VIOLATED)
m.u_conv3.u_weights._18749_/B           2.507400    3.012527   -0.505126 (VIOLATED)
m.u_conv3.u_weights._23405_/B           2.507400    3.012519   -0.505119 (VIOLATED)
m.u_conv3.u_weights._23406_/B           2.507400    3.012516   -0.505116 (VIOLATED)
m.u_conv3.u_weights._29129_/A           2.507400    3.012463   -0.505062 (VIOLATED)
m.u_conv3.u_weights._27435_/B           2.507400    3.012390   -0.504990 (VIOLATED)
m.u_conv3.u_weights._20315_/A           2.507400    3.012345   -0.504945 (VIOLATED)
m.u_conv3.u_weights._25563_/A           2.507400    3.012288   -0.504887 (VIOLATED)
m.u_conv3.u_weights._27434_/B           2.507400    3.012215   -0.504815 (VIOLATED)
m.u_conv3.u_weights._20314_/A           2.507400    3.012176   -0.504776 (VIOLATED)
m.u_conv3.u_weights._18827_/A1          2.507400    3.012143   -0.504743 (VIOLATED)
m.u_conv3.u_weights._18762_/A           2.507400    3.011821   -0.504421 (VIOLATED)
m.u_conv3.u_weights._23989_/A           2.507400    3.011782   -0.504381 (VIOLATED)
m.u_conv3.u_weights._27383_/A2          2.507400    3.011592   -0.504192 (VIOLATED)
m.u_conv3.u_weights._16189_/A1          2.507400    3.011548   -0.504147 (VIOLATED)
m.u_conv3.u_weights._16193_/A           2.507400    3.011497   -0.504097 (VIOLATED)
m.u_conv3.u_weights._23135_/A1          2.507400    3.010947   -0.503547 (VIOLATED)
m.u_conv3.u_weights._27185_/A           2.507400    3.010885   -0.503484 (VIOLATED)
m.u_conv3.u_weights._27186_/A           2.507400    3.010885   -0.503485 (VIOLATED)
m.u_conv3.u_weights._18751_/A           2.507400    3.010707   -0.503307 (VIOLATED)
m.u_conv3.u_weights._18750_/A           2.507400    3.010686   -0.503286 (VIOLATED)
m.u_conv3.u_weights._31510_/A           2.507400    3.010519   -0.503119 (VIOLATED)
m.u_conv3.u_weights._23383_/A           2.507400    3.010504   -0.503104 (VIOLATED)
m.u_conv3.u_weights._31520_/A1          2.507400    3.010476   -0.503076 (VIOLATED)
m.u_conv3.u_weights._27020_/A           2.507400    3.010171   -0.502771 (VIOLATED)
m.u_conv3.u_weights._17844_/A           2.507400    3.010129   -0.502729 (VIOLATED)
m.u_conv3.u_weights._21263_/A           2.507400    3.010126   -0.502726 (VIOLATED)
m.u_conv3.u_weights._21262_/A           2.507400    3.010120   -0.502720 (VIOLATED)
m.u_conv3.u_weights._24948_/A           2.507400    3.010117   -0.502716 (VIOLATED)
m.u_conv3.u_weights._22295_/A1          2.507400    3.010088   -0.502688 (VIOLATED)
m.u_conv3.u_weights._28623_/A           2.507400    3.010073   -0.502673 (VIOLATED)
m.u_conv3.u_weights._22293_/A           2.507400    3.009965   -0.502565 (VIOLATED)
m.u_conv3.u_weights._22777_/B           2.507400    3.009868   -0.502468 (VIOLATED)
m.u_conv3.u_weights._22778_/B           2.507400    3.009859   -0.502459 (VIOLATED)
m.u_conv3.u_weights._26893_/A           2.507400    3.009809   -0.502409 (VIOLATED)
m.u_conv3.u_weights._22314_/A           2.507400    3.009697   -0.502297 (VIOLATED)
m.u_conv3.u_weights._29537_/A           2.507400    3.009569   -0.502169 (VIOLATED)
m.u_conv3.u_weights._22298_/A           2.507400    3.009519   -0.502119 (VIOLATED)
m.u_conv3.u_weights._21194_/B           2.507400    3.009329   -0.501929 (VIOLATED)
m.u_conv3.u_weights._23750_/A           2.507400    3.009324   -0.501924 (VIOLATED)
m.u_conv3.u_weights._16769_/A           2.507400    3.009318   -0.501918 (VIOLATED)
m.u_conv3.u_weights._16322_/B           2.507400    3.009238   -0.501838 (VIOLATED)
m.u_conv3.u_weights._16323_/B           2.507400    3.009237   -0.501837 (VIOLATED)
m.u_conv3.u_weights._28299_/A           2.507400    3.008893   -0.501493 (VIOLATED)
m.u_conv3.u_weights._21310_/A           2.507400    3.008876   -0.501476 (VIOLATED)
m.u_conv3.u_weights._19793_/B           2.507400    3.008835   -0.501435 (VIOLATED)
m.u_conv3.u_weights._25748_/A2          2.507400    3.008782   -0.501382 (VIOLATED)
m.u_conv3.u_weights._25684_/B           2.507400    3.008769   -0.501369 (VIOLATED)
m.u_conv3.u_weights._25596_/A           2.507400    3.008642   -0.501242 (VIOLATED)
m.u_conv3.u_weights._25604_/A1          2.507400    3.008639   -0.501238 (VIOLATED)
m.u_conv3.u_weights._31482_/A1          2.507400    3.008590   -0.501190 (VIOLATED)
m.u_conv3.u_weights._16711_/B           2.507400    3.008565   -0.501164 (VIOLATED)
m.u_conv3.u_weights._21558_/B           2.507400    3.008558   -0.501158 (VIOLATED)
m.u_conv3.u_weights._28556_/A           2.507400    3.008541   -0.501140 (VIOLATED)
m.u_conv3.u_weights._28557_/A           2.507400    3.008519   -0.501119 (VIOLATED)
m.u_conv3.u_weights._16969_/A           2.507400    3.008426   -0.501026 (VIOLATED)
m.u_conv3.u_weights._19269_/A           2.507400    3.008275   -0.500875 (VIOLATED)
m.u_conv3.u_weights._23192_/A           2.507400    3.008118   -0.500717 (VIOLATED)
m.u_conv3.u_weights._23193_/A           2.507400    3.008113   -0.500713 (VIOLATED)
m.u_conv3.u_weights._23517_/A           2.507400    3.008087   -0.500687 (VIOLATED)
m.u_conv3.u_weights._23518_/A           2.507400    3.008082   -0.500682 (VIOLATED)
m.u_conv3.u_weights._25293_/A           2.507400    3.007976   -0.500576 (VIOLATED)
m.u_conv3.u_weights._16626_/A           2.507400    3.007965   -0.500565 (VIOLATED)
m.u_conv3.u_weights._16625_/A           2.507400    3.007964   -0.500564 (VIOLATED)
m.u_conv3.u_weights._21559_/B           2.507400    3.007940   -0.500540 (VIOLATED)
m.u_conv3.u_weights._31145_/A2          2.507400    3.007903   -0.500503 (VIOLATED)
m.u_conv3.u_weights._17491_/A           2.507400    3.007881   -0.500481 (VIOLATED)
m.u_conv3.u_weights._31197_/A           2.507400    3.007880   -0.500480 (VIOLATED)
m.u_conv3.u_weights._17492_/A           2.507400    3.007873   -0.500473 (VIOLATED)
m.u_conv3.u_weights._31218_/A           2.507400    3.007841   -0.500441 (VIOLATED)
m.u_conv3.u_weights._27641_/A1          2.507400    3.007812   -0.500412 (VIOLATED)
m.u_conv3.u_weights._24228_/A1          2.507400    3.007740   -0.500340 (VIOLATED)
m.u_conv3.u_weights._31143_/B           2.507400    3.007572   -0.500172 (VIOLATED)
m.u_conv3.u_weights._22332_/A           2.507400    3.007558   -0.500158 (VIOLATED)
m.u_conv3.u_weights._22334_/A           2.507400    3.007497   -0.500097 (VIOLATED)
m.u_conv3.u_weights._20710_/A           2.507400    3.007101   -0.499701 (VIOLATED)
m.u_conv3.u_weights._19535_/B           2.507400    3.007014   -0.499614 (VIOLATED)
m.u_conv3.u_weights._19536_/B           2.507400    3.007010   -0.499610 (VIOLATED)
m.u_conv3.u_weights._15805_/A           2.507400    3.006762   -0.499362 (VIOLATED)
m.u_conv3.u_weights._24583_/A           2.507400    3.006440   -0.499040 (VIOLATED)
m.u_conv3.u_weights._18166_/A1          2.507400    3.006174   -0.498774 (VIOLATED)
m.u_conv3.u_weights._18155_/A           2.507400    3.006167   -0.498767 (VIOLATED)
m.u_conv3.u_weights._15873_/A           2.507400    3.006166   -0.498766 (VIOLATED)
m.u_conv3.u_weights._20967_/A           2.507400    3.006139   -0.498739 (VIOLATED)
m.u_conv3.u_weights._20962_/A           2.507400    3.006137   -0.498737 (VIOLATED)
m.u_conv3.u_weights._29631_/A           2.507400    3.006127   -0.498727 (VIOLATED)
m.u_conv3.u_weights._22073_/A           2.507400    3.006066   -0.498666 (VIOLATED)
m.u_conv3.u_weights._26308_/A           2.507400    3.005980   -0.498579 (VIOLATED)
m.u_conv3.u_weights._26321_/A1          2.507400    3.005971   -0.498571 (VIOLATED)
m.u_conv3.u_weights._28788_/A           2.507400    3.005893   -0.498493 (VIOLATED)
m.u_conv3.u_weights._21612_/A2          2.507400    3.005838   -0.498438 (VIOLATED)
m.u_conv3.u_weights._21589_/B           2.507400    3.005819   -0.498419 (VIOLATED)
m.u_conv3.u_weights._28824_/A1          2.507400    3.005680   -0.498279 (VIOLATED)
m.u_conv3.u_weights._30606_/A           2.507400    3.005504   -0.498104 (VIOLATED)
m.u_conv3.u_weights._30609_/A1          2.507400    3.005504   -0.498104 (VIOLATED)
m.u_conv3.u_weights._25891_/A           2.507400    3.005494   -0.498094 (VIOLATED)
m.u_conv3.u_weights._20387_/A           2.507400    3.005458   -0.498057 (VIOLATED)
m.u_conv3.u_weights._20456_/A1          2.507400    3.005452   -0.498052 (VIOLATED)
m.u_conv3.u_weights._30917_/A1          2.507400    3.005431   -0.498031 (VIOLATED)
m.u_conv3.u_weights._27344_/B           2.507400    3.005416   -0.498016 (VIOLATED)
m.u_conv3.u_weights._26747_/A           2.507400    3.005404   -0.498004 (VIOLATED)
m.u_conv3.u_weights._30915_/A           2.507400    3.005376   -0.497976 (VIOLATED)
m.u_conv3.u_weights._19207_/A           2.507400    3.005319   -0.497919 (VIOLATED)
m.u_conv3.u_weights._19208_/A           2.507400    3.005319   -0.497919 (VIOLATED)
m.u_conv3.u_weights._29509_/A2          2.507400    3.005263   -0.497863 (VIOLATED)
m.u_conv3.u_weights._21976_/A           2.507400    3.005253   -0.497852 (VIOLATED)
m.u_conv3.u_weights._21975_/A           2.507400    3.005251   -0.497851 (VIOLATED)
m.u_conv3.u_weights._30757_/A           2.507400    3.005096   -0.497696 (VIOLATED)
m.u_conv3.u_weights._30756_/A           2.507400    3.005094   -0.497694 (VIOLATED)
m.u_conv3.u_weights._23306_/A           2.507400    3.005009   -0.497609 (VIOLATED)
m.u_conv3.u_weights._18454_/A           2.507400    3.004994   -0.497594 (VIOLATED)
m.u_conv3.u_weights._29253_/A           2.507400    3.004908   -0.497508 (VIOLATED)
m.u_conv3.u_weights._23008_/B           2.507400    3.004901   -0.497501 (VIOLATED)
m.u_conv3.u_weights._23010_/A2          2.507400    3.004879   -0.497479 (VIOLATED)
m.u_conv3._456_/A1                      2.507400    3.004857   -0.497457 (VIOLATED)
m.u_conv3._551_/Q                       2.507400    3.004857   -0.497457 (VIOLATED)
m.u_conv3.u_weights._24480_/A1          2.507400    3.004850   -0.497450 (VIOLATED)
m.u_conv3.u_weights._23307_/A           2.507400    3.004455   -0.497055 (VIOLATED)
m.u_conv3.u_weights._23771_/A           2.507400    3.003886   -0.496485 (VIOLATED)
m.u_conv3.u_weights._23770_/A           2.507400    3.003875   -0.496474 (VIOLATED)
m.u_conv3.u_weights._18104_/A1          2.507400    3.003660   -0.496259 (VIOLATED)
m.u_conv3.u_weights._18098_/A           2.507400    3.003615   -0.496215 (VIOLATED)
m.u_conv3.u_weights._26932_/A           2.507400    3.003388   -0.495988 (VIOLATED)
m.u_conv3.u_weights._28313_/A           2.507400    3.003301   -0.495900 (VIOLATED)
m.u_conv3.u_weights._29971_/A           2.507400    3.003257   -0.495857 (VIOLATED)
m.u_conv3.u_weights._25409_/A           2.507400    3.003238   -0.495838 (VIOLATED)
m.u_conv3.u_weights._25411_/A1          2.507400    3.003229   -0.495829 (VIOLATED)
m.u_conv3.u_weights._28312_/A           2.507400    3.003048   -0.495648 (VIOLATED)
m.u_conv3.u_weights._31456_/A           2.507400    3.003026   -0.495626 (VIOLATED)
m.u_conv3.u_weights._17528_/A1          2.507400    3.002845   -0.495445 (VIOLATED)
m.u_conv3.u_weights._17531_/A           2.507400    3.002743   -0.495343 (VIOLATED)
m.u_conv3.u_weights._27111_/A           2.507400    3.002622   -0.495222 (VIOLATED)
m.u_conv3.u_weights._17370_/A           2.507400    3.002499   -0.495099 (VIOLATED)
m.u_conv3.u_weights._22054_/A2          2.507400    3.002345   -0.494945 (VIOLATED)
m.u_conv3.u_weights._17695_/A1          2.507400    3.002336   -0.494935 (VIOLATED)
m.u_conv3.u_weights._22052_/B           2.507400    3.002318   -0.494918 (VIOLATED)
m.u_conv3.u_weights._24164_/A1          2.507400    3.001697   -0.494296 (VIOLATED)
m.u_conv3.u_weights._21579_/A           2.507400    3.001539   -0.494139 (VIOLATED)
m.u_conv3.u_weights._25033_/A           2.507400    3.001138   -0.493738 (VIOLATED)
m.u_conv3.u_weights._25034_/A           2.507400    3.001139   -0.493739 (VIOLATED)
m.u_conv3.u_weights._19900_/A           2.507400    3.001070   -0.493669 (VIOLATED)
m.u_conv3.u_weights._19899_/A           2.507400    3.001068   -0.493668 (VIOLATED)
m.u_conv3.u_weights._22929_/A           2.507400    3.000847   -0.493447 (VIOLATED)
m.u_conv3.u_weights._28385_/A           2.507400    3.000592   -0.493192 (VIOLATED)
m.u_conv3.u_weights._25051_/A1          2.507400    3.000556   -0.493156 (VIOLATED)
m.u_conv3.u_weights._17847_/A           2.507400    3.000525   -0.493125 (VIOLATED)
m.u_conv3.u_weights._20112_/A           2.507400    3.000404   -0.493004 (VIOLATED)
m.u_conv3.u_weights._22632_/A           2.507400    3.000386   -0.492985 (VIOLATED)
m.u_conv3.u_weights._23543_/A2          2.507400    3.000385   -0.492985 (VIOLATED)
m.u_conv3.u_weights._23522_/B           2.507400    3.000370   -0.492970 (VIOLATED)
m.u_conv3.u_weights._21496_/A           2.507400    3.000368   -0.492968 (VIOLATED)
m.u_conv3.u_weights._19380_/A1          2.507400    3.000340   -0.492940 (VIOLATED)
m.u_conv3.u_weights._19317_/A           2.507400    3.000335   -0.492935 (VIOLATED)
m.u_conv3.u_weights._21497_/A           2.507400    3.000335   -0.492935 (VIOLATED)
m.u_conv3.u_weights._19517_/A1          2.507400    3.000268   -0.492868 (VIOLATED)
m.u_conv3.u_weights._19515_/A           2.507400    3.000249   -0.492849 (VIOLATED)
m.u_conv3.u_weights._25899_/A1          2.507400    3.000185   -0.492785 (VIOLATED)
m.u_conv3.u_weights._22874_/A           2.507400    3.000181   -0.492781 (VIOLATED)
m.u_conv3.u_weights._28410_/A1          2.507400    3.000165   -0.492765 (VIOLATED)
m.u_conv3.u_weights._30253_/A           2.507400    3.000162   -0.492762 (VIOLATED)
m.u_conv3.u_weights._30256_/A1          2.507400    3.000162   -0.492761 (VIOLATED)
m.u_conv3.u_weights._27604_/A           2.507400    3.000092   -0.492691 (VIOLATED)
m.u_conv3.u_weights._27605_/A           2.507400    3.000091   -0.492691 (VIOLATED)
m.u_conv3.u_weights._19280_/A           2.507400    3.000063   -0.492663 (VIOLATED)
m.u_conv3.u_weights._29797_/A           2.507400    3.000004   -0.492604 (VIOLATED)
m.u_conv3.u_weights._25691_/A           2.507400    2.999986   -0.492586 (VIOLATED)
m.u_conv3.u_weights._29798_/A           2.507400    2.999976   -0.492576 (VIOLATED)
m.u_conv3.u_weights._25737_/A           2.507400    2.999805   -0.492405 (VIOLATED)
m.u_conv3.u_weights._17789_/A1          2.507400    2.999494   -0.492094 (VIOLATED)
m.u_conv3.u_weights._19802_/A           2.507400    2.999428   -0.492028 (VIOLATED)
m.u_conv3.u_weights._19803_/A           2.507400    2.999402   -0.492002 (VIOLATED)
m.u_conv3.u_weights._24748_/A           2.507400    2.999358   -0.491958 (VIOLATED)
m.u_conv3.u_weights._24749_/A           2.507400    2.999346   -0.491946 (VIOLATED)
m.u_conv3.u_weights._16715_/A           2.507400    2.999118   -0.491718 (VIOLATED)
m.u_conv3.u_weights._24704_/A           2.507400    2.998762   -0.491361 (VIOLATED)
m.u_conv3.u_weights._27064_/A           2.507400    2.998740   -0.491340 (VIOLATED)
m.u_conv3.u_weights._16151_/A           2.507400    2.998510   -0.491110 (VIOLATED)
m.u_conv3.u_weights._20702_/A           2.507400    2.998324   -0.490924 (VIOLATED)
m.u_conv3.u_weights._25263_/A           2.507400    2.998193   -0.490792 (VIOLATED)
m.u_conv3.u_weights._16149_/A           2.507400    2.998165   -0.490765 (VIOLATED)
m.u_conv3.u_weights._25267_/A1          2.507400    2.998118   -0.490717 (VIOLATED)
m.u_conv3.u_weights._17432_/A           2.507400    2.998086   -0.490686 (VIOLATED)
m.u_conv3.u_weights._18503_/A           2.507400    2.997853   -0.490452 (VIOLATED)
m.u_conv3.u_weights._24466_/B           2.507400    2.997618   -0.490218 (VIOLATED)
m.u_conv3.u_weights._24467_/B           2.507400    2.997573   -0.490173 (VIOLATED)
m.u_conv3.u_weights._30539_/A           2.507400    2.997030   -0.489630 (VIOLATED)
m.u_conv3.u_weights._25922_/A           2.507400    2.997004   -0.489604 (VIOLATED)
m.u_conv3.u_weights._17117_/A           2.507400    2.996987   -0.489587 (VIOLATED)
m.u_conv3.u_weights._20349_/A           2.507400    2.996980   -0.489579 (VIOLATED)
m.u_conv3.u_weights._16820_/A           2.507400    2.996978   -0.489578 (VIOLATED)
m.u_conv3.u_weights._26709_/A           2.507400    2.996964   -0.489564 (VIOLATED)
m.u_conv3.u_weights._26710_/A           2.507400    2.996964   -0.489564 (VIOLATED)
m.u_conv3.u_weights._28200_/A           2.507400    2.996950   -0.489550 (VIOLATED)
m.u_conv3.u_weights._28205_/A1          2.507400    2.996946   -0.489546 (VIOLATED)
m.u_conv3.u_weights._16410_/B           2.507400    2.996905   -0.489505 (VIOLATED)
m.u_conv3.u_weights._16411_/B           2.507400    2.996905   -0.489505 (VIOLATED)
m.u_conv3.u_weights._26529_/A           2.507400    2.996874   -0.489474 (VIOLATED)
m.u_conv3.u_weights._21926_/A           2.507400    2.996768   -0.489368 (VIOLATED)
m.u_conv3.u_weights._19062_/A           2.507400    2.996765   -0.489365 (VIOLATED)
m.u_conv3.u_weights._21078_/B           2.507400    2.996722   -0.489322 (VIOLATED)
m.u_conv3.u_weights._21077_/B           2.507400    2.996716   -0.489316 (VIOLATED)
m.u_conv3.u_weights._21079_/B           2.507400    2.996717   -0.489317 (VIOLATED)
m.u_conv3.u_weights._15894_/A1          2.507400    2.996697   -0.489297 (VIOLATED)
m.u_conv3.u_weights._15866_/A           2.507400    2.996680   -0.489280 (VIOLATED)
m.u_conv3.u_weights._18431_/A1          2.507400    2.996469   -0.489069 (VIOLATED)
m.u_conv3.u_weights._18417_/A           2.507400    2.996465   -0.489065 (VIOLATED)
m.u_conv3._432_/A1                      2.507400    2.996366   -0.488965 (VIOLATED)
m.u_conv3._537_/Q                       2.507400    2.996357   -0.488957 (VIOLATED)
m.u_conv3.u_weights._19903_/B           2.507400    2.996168   -0.488768 (VIOLATED)
m.u_conv3.u_weights._19904_/B           2.507400    2.996169   -0.488768 (VIOLATED)
m.u_conv3.u_weights._17955_/A           2.507400    2.996152   -0.488752 (VIOLATED)
m.u_conv3.u_weights._17957_/A1          2.507400    2.996151   -0.488751 (VIOLATED)
m.u_conv3.u_weights._22427_/A           2.507400    2.996008   -0.488608 (VIOLATED)
m.u_conv3.u_weights._22432_/A           2.507400    2.996008   -0.488608 (VIOLATED)
m.u_conv3.u_weights._22836_/A           2.507400    2.995785   -0.488385 (VIOLATED)
m.u_conv3.u_weights._22849_/A1          2.507400    2.995719   -0.488319 (VIOLATED)
m.u_conv3.u_weights._19374_/B           2.507400    2.995654   -0.488254 (VIOLATED)
m.u_conv3.u_weights._21517_/A1          2.507400    2.995545   -0.488145 (VIOLATED)
m.u_conv3.u_weights._17575_/A           2.507400    2.995267   -0.487867 (VIOLATED)
m.u_conv3.u_weights._25649_/A           2.507400    2.995264   -0.487864 (VIOLATED)
m.u_conv3.u_weights._21868_/A1          2.507400    2.994811   -0.487411 (VIOLATED)
m.u_conv3.u_weights._21867_/A1          2.507400    2.994798   -0.487398 (VIOLATED)
m.u_conv3.u_weights._20105_/A           2.507400    2.994718   -0.487318 (VIOLATED)
m.u_conv3.u_weights._25115_/A           2.507400    2.994716   -0.487316 (VIOLATED)
m.u_conv3.u_weights._17346_/A1          2.507400    2.994673   -0.487272 (VIOLATED)
m.u_conv3.u_weights._21500_/A           2.507400    2.994671   -0.487270 (VIOLATED)
m.u_conv3.u_weights._28031_/A           2.507400    2.994411   -0.487011 (VIOLATED)
m.u_conv3.u_weights._28030_/A           2.507400    2.994410   -0.487010 (VIOLATED)
m.u_conv3.u_weights._25383_/B           2.507400    2.994390   -0.486990 (VIOLATED)
m.u_conv3.u_weights._30270_/A1          2.507400    2.994336   -0.486936 (VIOLATED)
m.u_conv3.u_weights._25382_/B           2.507400    2.994334   -0.486934 (VIOLATED)
m.u_conv3.u_weights._18523_/A           2.507400    2.994017   -0.486617 (VIOLATED)
m.u_conv3.u_weights._18522_/A           2.507400    2.994015   -0.486614 (VIOLATED)
m.u_conv3.u_weights._27365_/B           2.507400    2.993937   -0.486537 (VIOLATED)
m.u_conv3.u_weights._19991_/A           2.507400    2.993571   -0.486170 (VIOLATED)
m.u_conv3.u_weights._19990_/A           2.507400    2.993567   -0.486167 (VIOLATED)
m.u_conv3.u_weights._20738_/A           2.507400    2.993546   -0.486145 (VIOLATED)
m.u_conv3.u_weights._24617_/A           2.507400    2.992922   -0.485522 (VIOLATED)
m.u_conv3.u_weights._24484_/A           2.507400    2.992851   -0.485450 (VIOLATED)
m.u_conv3.u_weights._17272_/A1          2.507400    2.991890   -0.484490 (VIOLATED)
m.u_conv3.u_weights._18315_/B           2.507400    2.991825   -0.484425 (VIOLATED)
m.u_conv3.u_weights._18314_/B           2.507400    2.991730   -0.484330 (VIOLATED)
m.u_conv3.u_weights._16124_/A           2.507400    2.991467   -0.484066 (VIOLATED)
m.u_conv3.u_weights._15888_/B           2.507400    2.991298   -0.483898 (VIOLATED)
m.u_conv3.u_weights._15890_/B           2.507400    2.991235   -0.483834 (VIOLATED)
m.u_conv3.u_weights._27162_/A1          2.507400    2.991166   -0.483766 (VIOLATED)
m.u_conv3.u_weights._24274_/A1          2.507400    2.991163   -0.483762 (VIOLATED)
m.u_conv3.u_weights._24234_/A           2.507400    2.991161   -0.483760 (VIOLATED)
m.u_conv3.u_weights._31366_/A2          2.507400    2.991126   -0.483726 (VIOLATED)
m.u_conv3.u_weights._30434_/A           2.507400    2.990916   -0.483516 (VIOLATED)
m.u_conv3.u_weights._20376_/A           2.507400    2.990910   -0.483510 (VIOLATED)
m.u_conv3.u_weights._17477_/B           2.507400    2.990864   -0.483464 (VIOLATED)
m.u_conv3.u_weights._19184_/A           2.507400    2.990857   -0.483457 (VIOLATED)
m.u_conv3.u_weights._28066_/B           2.507400    2.990832   -0.483432 (VIOLATED)
m.u_conv3.u_weights._21834_/A           2.507400    2.990830   -0.483430 (VIOLATED)
m.u_conv3.u_weights._21819_/A1          2.507400    2.990822   -0.483422 (VIOLATED)
m.u_conv3.u_weights._29342_/A           2.507400    2.990788   -0.483388 (VIOLATED)
m.u_conv3.u_weights._30704_/A1          2.507400    2.990703   -0.483303 (VIOLATED)
m.u_conv3.u_weights._30666_/A           2.507400    2.990700   -0.483300 (VIOLATED)
m.u_conv3.u_weights._17174_/A1          2.507400    2.990688   -0.483287 (VIOLATED)
m.u_conv3.u_weights._26469_/A           2.507400    2.990660   -0.483260 (VIOLATED)
m.u_conv3.u_weights._26475_/A1          2.507400    2.990660   -0.483260 (VIOLATED)
m.u_conv3.u_weights._16513_/A           2.507400    2.990658   -0.483258 (VIOLATED)
m.u_conv3.u_weights._26635_/A           2.507400    2.990657   -0.483257 (VIOLATED)
m.u_conv3.u_weights._20668_/A           2.507400    2.990593   -0.483193 (VIOLATED)
m.u_conv3.u_weights._20674_/A1          2.507400    2.990592   -0.483191 (VIOLATED)
m.u_conv3.u_weights._18390_/A           2.507400    2.990547   -0.483147 (VIOLATED)
m.u_conv3.u_weights._17473_/B           2.507400    2.990537   -0.483137 (VIOLATED)
m.u_conv3._424_/A1                      2.507400    2.990461   -0.483061 (VIOLATED)
m.u_conv3._530_/Q                       2.507400    2.990455   -0.483055 (VIOLATED)
m.u_conv3.u_weights._20074_/A           2.507400    2.990146   -0.482746 (VIOLATED)
m.u_conv3.u_weights._20117_/A1          2.507400    2.990141   -0.482741 (VIOLATED)
m.u_conv3.u_weights._16858_/A           2.507400    2.990076   -0.482676 (VIOLATED)
m.u_conv3.u_weights._26107_/A1          2.507400    2.990076   -0.482675 (VIOLATED)
m.u_conv3.u_weights._17197_/A           2.507400    2.990074   -0.482673 (VIOLATED)
m.u_conv3.u_weights._17180_/A1          2.507400    2.990073   -0.482673 (VIOLATED)
m.u_conv3.u_weights._16662_/A           2.507400    2.990039   -0.482639 (VIOLATED)
m.u_conv3.u_weights._18212_/A           2.507400    2.990027   -0.482627 (VIOLATED)
m.u_conv3.u_weights._28073_/A1          2.507400    2.989970   -0.482570 (VIOLATED)
m.u_conv3.u_weights._19030_/A1          2.507400    2.989903   -0.482503 (VIOLATED)
m.u_conv3.u_weights._30580_/A           2.507400    2.989857   -0.482457 (VIOLATED)
m.u_conv3.u_weights._26643_/A1          2.507400    2.989834   -0.482434 (VIOLATED)
m.u_conv3.u_weights._29445_/A           2.507400    2.989815   -0.482415 (VIOLATED)
m.u_conv3.u_weights._29446_/A           2.507400    2.989815   -0.482415 (VIOLATED)
m.u_conv3.u_weights._22824_/A1          2.507400    2.989808   -0.482408 (VIOLATED)
m.u_conv3.u_weights._30855_/A           2.507400    2.989806   -0.482406 (VIOLATED)
m.u_conv3._511_/A                       2.507400    2.989779   -0.482379 (VIOLATED)
m.u_conv3._580_/Q                       2.507400    2.989779   -0.482379 (VIOLATED)
m.u_conv3.u_weights._22537_/A           2.507400    2.989737   -0.482337 (VIOLATED)
m.u_conv3.u_weights._19740_/A           2.507400    2.989517   -0.482117 (VIOLATED)
m.u_conv3.u_weights._19741_/A           2.507400    2.989517   -0.482117 (VIOLATED)
m.u_conv3.u_weights._29757_/A           2.507400    2.989007   -0.481607 (VIOLATED)
m.u_conv3.u_weights._29758_/A           2.507400    2.988977   -0.481577 (VIOLATED)
m.u_conv3.u_weights._19748_/A           2.507400    2.988734   -0.481334 (VIOLATED)
m.u_conv3.u_weights._19747_/A           2.507400    2.988733   -0.481333 (VIOLATED)
m.u_conv3.u_weights._22532_/A           2.507400    2.988533   -0.481133 (VIOLATED)
m.u_conv3.u_weights._27579_/A1          2.507400    2.988235   -0.480835 (VIOLATED)
m.u_conv3.u_weights._28954_/A           2.507400    2.988152   -0.480751 (VIOLATED)
m.u_conv3.u_weights._28953_/A           2.507400    2.988148   -0.480748 (VIOLATED)
m.u_conv3.u_weights._21749_/A1          2.507400    2.988095   -0.480694 (VIOLATED)
m.u_conv3.u_weights._24330_/A           2.507400    2.988046   -0.480646 (VIOLATED)
m.u_conv3.u_weights._21741_/A           2.507400    2.987876   -0.480476 (VIOLATED)
m.u_conv3.u_weights._20827_/A2          2.507400    2.987463   -0.480063 (VIOLATED)
m.u_conv3.u_weights._20825_/B           2.507400    2.987404   -0.480004 (VIOLATED)
m.u_conv3.u_weights._17763_/A           2.507400    2.987388   -0.479988 (VIOLATED)
m.u_conv3.u_weights._29583_/A           2.507400    2.987001   -0.479601 (VIOLATED)
m.u_conv3.u_weights._23934_/A           2.507400    2.986888   -0.479488 (VIOLATED)
m.u_conv3.u_weights._23935_/A           2.507400    2.986852   -0.479452 (VIOLATED)
m.u_conv3.u_weights._29110_/A           2.507400    2.986590   -0.479190 (VIOLATED)
m.u_conv3.u_weights._23500_/A           2.507400    2.986156   -0.478755 (VIOLATED)
m.u_conv3.u_weights._24938_/B           2.507400    2.985068   -0.477668 (VIOLATED)
m.u_conv3.u_weights._24937_/B           2.507400    2.985066   -0.477666 (VIOLATED)
m.u_conv3.u_weights._19830_/A           2.507400    2.985028   -0.477628 (VIOLATED)
m.u_conv3.u_weights._22785_/A           2.507400    2.984910   -0.477510 (VIOLATED)
m.u_conv3.u_weights._30921_/A           2.507400    2.984762   -0.477362 (VIOLATED)
m.u_conv3.u_weights._30957_/A1          2.507400    2.984760   -0.477360 (VIOLATED)
m.u_conv3.u_weights._16766_/A           2.507400    2.984575   -0.477175 (VIOLATED)
m.u_conv3.u_weights._17217_/A           2.507400    2.984422   -0.477022 (VIOLATED)
m.u_conv3.u_weights._24743_/A           2.507400    2.984025   -0.476625 (VIOLATED)
m.u_conv3.u_weights._31157_/A           2.507400    2.983993   -0.476593 (VIOLATED)
m.u_conv3.u_weights._27107_/A           2.507400    2.983988   -0.476588 (VIOLATED)
m.u_conv3.u_weights._25354_/A           2.507400    2.983472   -0.476072 (VIOLATED)
m.u_conv3.u_weights._25358_/A1          2.507400    2.983466   -0.476065 (VIOLATED)
m.u_conv3.u_weights._15789_/A           2.507400    2.983463   -0.476063 (VIOLATED)
m.u_conv3.u_weights._28561_/A           2.507400    2.982879   -0.475479 (VIOLATED)
m.u_conv3.u_weights._21330_/A           2.507400    2.982339   -0.474939 (VIOLATED)
m.u_conv3.u_weights._30944_/A           2.507400    2.981707   -0.474307 (VIOLATED)
m.u_conv3.u_weights._18787_/A           2.507400    2.981572   -0.474172 (VIOLATED)
m.u_conv3.u_weights._23360_/A           2.507400    2.981248   -0.473848 (VIOLATED)
m.u_conv3.u_weights._30956_/A1          2.507400    2.981185   -0.473785 (VIOLATED)
m.u_conv3.u_weights._25224_/B           2.507400    2.980737   -0.473337 (VIOLATED)
m.u_conv3.u_weights._30425_/A           2.507400    2.980606   -0.473205 (VIOLATED)
m.u_conv3.u_weights._25878_/B           2.507400    2.980604   -0.473204 (VIOLATED)
m.u_conv3.u_weights._25877_/B           2.507400    2.980603   -0.473202 (VIOLATED)
m.u_conv3.u_weights._17734_/A           2.507400    2.980584   -0.473184 (VIOLATED)
m.u_conv3.u_weights._20331_/A           2.507400    2.980554   -0.473154 (VIOLATED)
m.u_conv3.u_weights._20434_/A1          2.507400    2.980555   -0.473154 (VIOLATED)
m.u_conv3.u_weights._16969_/B           2.507400    2.980539   -0.473138 (VIOLATED)
m.u_conv3.u_weights._16405_/A1          2.507400    2.980517   -0.473117 (VIOLATED)
m.u_conv3.u_weights._24616_/A           2.507400    2.980459   -0.473059 (VIOLATED)
m.u_conv3.u_weights._16440_/A           2.507400    2.980439   -0.473039 (VIOLATED)
m.u_conv3.u_weights._25223_/B           2.507400    2.980399   -0.472999 (VIOLATED)
m.u_conv3.u_weights._29339_/A           2.507400    2.980274   -0.472874 (VIOLATED)
m.u_conv3.u_weights._15881_/A           2.507400    2.980273   -0.472873 (VIOLATED)
m.u_conv3.u_weights._30701_/A           2.507400    2.980273   -0.472872 (VIOLATED)
m.u_conv3.u_weights._30759_/A1          2.507400    2.980272   -0.472872 (VIOLATED)
m.u_conv3.u_weights._18388_/A           2.507400    2.980242   -0.472842 (VIOLATED)
m.u_conv3._458_/A1                      2.507400    2.980222   -0.472822 (VIOLATED)
m.u_conv3._553_/Q                       2.507400    2.980219   -0.472818 (VIOLATED)
m.u_conv3.u_weights._22032_/B           2.507400    2.980089   -0.472689 (VIOLATED)
m.u_conv3.u_weights._25472_/A1          2.507400    2.979251   -0.471851 (VIOLATED)
m.u_conv3.u_weights._25466_/A           2.507400    2.979003   -0.471603 (VIOLATED)
m.u_conv3.u_weights._18214_/A           2.507400    2.978436   -0.471036 (VIOLATED)
m.u_conv3.u_weights._18213_/A           2.507400    2.978435   -0.471035 (VIOLATED)
m.u_conv3.u_weights._20116_/A1          2.507400    2.978405   -0.471004 (VIOLATED)
m.u_conv3.u_weights._20109_/A           2.507400    2.978403   -0.471003 (VIOLATED)
m.u_conv3.u_weights._16686_/A1          2.507400    2.978342   -0.470942 (VIOLATED)
m.u_conv3.u_weights._23527_/A           2.507400    2.978065   -0.470664 (VIOLATED)
m.u_conv3.u_weights._23526_/A           2.507400    2.978047   -0.470647 (VIOLATED)
m.u_conv3.u_weights._23977_/A           2.507400    2.977979   -0.470579 (VIOLATED)
m.u_conv3.u_weights._24421_/A1          2.507400    2.977946   -0.470546 (VIOLATED)
m.u_conv3.u_weights._15769_/A           2.507400    2.977822   -0.470422 (VIOLATED)
m.u_conv3.u_weights._20964_/A           2.507400    2.977800   -0.470400 (VIOLATED)
m.u_conv3.u_weights._18861_/A           2.507400    2.977730   -0.470330 (VIOLATED)
m.u_conv3.u_weights._28783_/A           2.507400    2.977391   -0.469990 (VIOLATED)
m.u_conv3.u_weights._29578_/A           2.507400    2.976281   -0.468881 (VIOLATED)
m.u_conv3.u_weights._27187_/A           2.507400    2.976131   -0.468731 (VIOLATED)
m.u_conv3.u_weights._15812_/A           2.507400    2.975753   -0.468352 (VIOLATED)
m.u_conv3.u_weights._31007_/A           2.507400    2.975673   -0.468273 (VIOLATED)
m.u_conv3.u_weights._18239_/B           2.507400    2.975669   -0.468269 (VIOLATED)
m.u_conv3.u_weights._18236_/B           2.507400    2.975664   -0.468264 (VIOLATED)
m.u_conv3.u_weights._28970_/A           2.507400    2.975551   -0.468151 (VIOLATED)
m.u_conv3.u_weights._29481_/B           2.507400    2.975533   -0.468132 (VIOLATED)
m.u_conv3.u_weights._26334_/A           2.507400    2.975527   -0.468127 (VIOLATED)
m.u_conv3.u_weights._29482_/B           2.507400    2.975492   -0.468092 (VIOLATED)
m.u_conv3.u_weights._22742_/A           2.507400    2.975451   -0.468051 (VIOLATED)
m.u_conv3.u_weights._22741_/A           2.507400    2.975450   -0.468050 (VIOLATED)
m.u_conv3.u_weights._29194_/A           2.507400    2.975266   -0.467865 (VIOLATED)
m.u_conv3.u_weights._29193_/A           2.507400    2.975262   -0.467862 (VIOLATED)
m.u_conv3.u_weights._17269_/A           2.507400    2.975245   -0.467845 (VIOLATED)
m.u_conv3.u_weights._17275_/A1          2.507400    2.975238   -0.467838 (VIOLATED)
m.u_conv3.u_weights._18973_/A           2.507400    2.975212   -0.467812 (VIOLATED)
m.u_conv3.u_weights._27684_/A           2.507400    2.975181   -0.467781 (VIOLATED)
m.u_conv3.u_weights._23166_/A1          2.507400    2.975116   -0.467716 (VIOLATED)
m.u_conv3.u_weights._22831_/A           2.507400    2.974993   -0.467593 (VIOLATED)
m.u_conv3.u_weights._17683_/A           2.507400    2.974985   -0.467584 (VIOLATED)
m.u_conv3.u_weights._17264_/A           2.507400    2.974668   -0.467268 (VIOLATED)
m.u_conv3.u_weights._15823_/A           2.507400    2.974618   -0.467218 (VIOLATED)
m.u_conv3.u_weights._21560_/A           2.507400    2.974388   -0.466988 (VIOLATED)
m.u_conv3.u_weights._25620_/A           2.507400    2.974316   -0.466916 (VIOLATED)
m.u_conv3.u_weights._23946_/A           2.507400    2.974302   -0.466901 (VIOLATED)
m.u_conv3.u_weights._19619_/A           2.507400    2.974270   -0.466869 (VIOLATED)
m.u_conv3.u_weights._21561_/A           2.507400    2.973998   -0.466598 (VIOLATED)
m.u_conv3.u_weights._31383_/A1          2.507400    2.973791   -0.466391 (VIOLATED)
m.u_conv3.u_weights._23258_/A           2.507400    2.973766   -0.466366 (VIOLATED)
m.u_conv3.u_weights._20942_/A1          2.507400    2.973725   -0.466325 (VIOLATED)
m.u_conv3.u_weights._20940_/A           2.507400    2.973723   -0.466323 (VIOLATED)
m.u_conv3.u_weights._23260_/A1          2.507400    2.973645   -0.466245 (VIOLATED)
m.u_conv3.u_weights._24235_/A           2.507400    2.973550   -0.466149 (VIOLATED)
m.u_conv3.u_weights._28324_/A           2.507400    2.973437   -0.466037 (VIOLATED)
m.u_conv3.u_weights._24236_/A           2.507400    2.973418   -0.466018 (VIOLATED)
m.u_conv3.u_weights._31182_/B           2.507400    2.973070   -0.465670 (VIOLATED)
m.u_conv3.u_weights._22844_/A1          2.507400    2.973032   -0.465632 (VIOLATED)
m.u_conv3.u_weights._21764_/A           2.507400    2.972776   -0.465376 (VIOLATED)
m.u_conv3.u_weights._31405_/A           2.507400    2.972773   -0.465373 (VIOLATED)
m.u_conv3.u_weights._22295_/A2          2.507400    2.972749   -0.465349 (VIOLATED)
m.u_conv3.u_weights._22293_/B           2.507400    2.972679   -0.465279 (VIOLATED)
m.u_conv3.u_weights._27012_/A           2.507400    2.971540   -0.464140 (VIOLATED)
m.u_conv3.u_weights._28558_/A           2.507400    2.970749   -0.463349 (VIOLATED)
m.u_conv3.u_weights._25027_/A           2.507400    2.970510   -0.463110 (VIOLATED)
m.u_conv3.u_weights._29694_/A           2.507400    2.970295   -0.462895 (VIOLATED)
m.u_conv3.u_weights._29716_/A           2.507400    2.970295   -0.462895 (VIOLATED)
m.u_conv3.u_weights._25165_/A           2.507400    2.970144   -0.462744 (VIOLATED)
m.u_conv3.u_weights._20068_/A           2.507400    2.969937   -0.462536 (VIOLATED)
m.u_conv3.u_weights._27114_/A           2.507400    2.969381   -0.461980 (VIOLATED)
m.u_conv3.u_weights._19901_/A           2.507400    2.968848   -0.461448 (VIOLATED)
m.u_conv3.u_weights._26153_/A           2.507400    2.968673   -0.461273 (VIOLATED)
m.u_conv3.u_weights._26152_/A           2.507400    2.968671   -0.461271 (VIOLATED)
m.u_conv3.u_weights._29963_/A           2.507400    2.968628   -0.461228 (VIOLATED)
m.u_conv3.u_weights._22556_/A           2.507400    2.968250   -0.460849 (VIOLATED)
m.u_conv3.u_weights._22555_/A           2.507400    2.968249   -0.460849 (VIOLATED)
m.u_conv3.u_weights._26135_/A           2.507400    2.968239   -0.460839 (VIOLATED)
m.u_conv3.u_weights._20858_/A           2.507400    2.968232   -0.460832 (VIOLATED)
m.u_conv3.u_weights._18020_/B           2.507400    2.968204   -0.460803 (VIOLATED)
m.u_conv3.u_weights._29936_/A           2.507400    2.968186   -0.460786 (VIOLATED)
m.u_conv3.u_weights._18017_/B           2.507400    2.968120   -0.460720 (VIOLATED)
m.u_conv3.u_weights._24393_/A           2.507400    2.968103   -0.460703 (VIOLATED)
m.u_conv3.u_weights._22537_/B           2.507400    2.967698   -0.460297 (VIOLATED)
m.u_conv3.u_weights._15825_/A           2.507400    2.967599   -0.460199 (VIOLATED)
m.u_conv3.u_weights._28764_/B           2.507400    2.967289   -0.459889 (VIOLATED)
m.u_conv3.u_weights._28810_/A2          2.507400    2.967265   -0.459865 (VIOLATED)
m.u_conv3.u_weights._20094_/A           2.507400    2.966891   -0.459490 (VIOLATED)
m.u_conv3.u_weights._24308_/A           2.507400    2.966743   -0.459342 (VIOLATED)
m.u_conv3.u_weights._20351_/B           2.507400    2.966611   -0.459211 (VIOLATED)
m.u_conv3.u_weights._22999_/B           2.507400    2.966255   -0.458855 (VIOLATED)
m.u_conv3.u_weights._19521_/A           2.507400    2.966244   -0.458843 (VIOLATED)
m.u_conv3.u_weights._27829_/A           2.507400    2.966228   -0.458828 (VIOLATED)
m.u_conv3.u_weights._19354_/A1          2.507400    2.966182   -0.458782 (VIOLATED)
m.u_conv3.u_weights._19265_/A           2.507400    2.966156   -0.458756 (VIOLATED)
m.u_conv3.u_weights._17752_/A           2.507400    2.966106   -0.458706 (VIOLATED)
m.u_conv3.u_weights._23065_/B           2.507400    2.965785   -0.458385 (VIOLATED)
m.u_conv3.u_weights._25686_/A           2.507400    2.965695   -0.458295 (VIOLATED)
m.u_conv3.u_weights._29989_/A           2.507400    2.965664   -0.458264 (VIOLATED)
m.u_conv3.u_weights._29988_/A           2.507400    2.965662   -0.458262 (VIOLATED)
m.u_conv3.u_weights._30009_/A1          2.507400    2.965662   -0.458262 (VIOLATED)
m.u_conv3.u_weights._23748_/A           2.507400    2.965517   -0.458117 (VIOLATED)
m.u_conv3.u_weights._25840_/A           2.507400    2.965422   -0.458022 (VIOLATED)
m.u_conv3.u_weights._25841_/A           2.507400    2.965417   -0.458017 (VIOLATED)
m.u_conv3.u_weights._22797_/A           2.507400    2.965389   -0.457989 (VIOLATED)
m.u_conv3.u_weights._16331_/A           2.507400    2.965340   -0.457939 (VIOLATED)
m.u_conv3.u_weights._22799_/A1          2.507400    2.965292   -0.457892 (VIOLATED)
m.u_conv3.u_weights._23589_/A           2.507400    2.965270   -0.457870 (VIOLATED)
m.u_conv3.u_weights._26910_/A1          2.507400    2.965219   -0.457818 (VIOLATED)
m.u_conv3.u_weights._26912_/A           2.507400    2.965211   -0.457811 (VIOLATED)
m.u_conv3.u_weights._23327_/A           2.507400    2.965199   -0.457799 (VIOLATED)
m.u_conv3.u_weights._18621_/A1          2.507400    2.964917   -0.457517 (VIOLATED)
m.u_conv3.u_weights._16959_/A           2.507400    2.964836   -0.457436 (VIOLATED)
m.u_conv3.u_weights._29189_/A           2.507400    2.964742   -0.457342 (VIOLATED)
m.u_conv3.u_weights._24756_/A           2.507400    2.964020   -0.456620 (VIOLATED)
m.u_conv3.u_weights._24755_/A           2.507400    2.964019   -0.456619 (VIOLATED)
m.u_conv3.u_weights._28296_/B           2.507400    2.963885   -0.456485 (VIOLATED)
m.u_conv3.u_weights._28295_/B           2.507400    2.963878   -0.456478 (VIOLATED)
m.u_conv3.u_weights._28294_/B           2.507400    2.963863   -0.456463 (VIOLATED)
m.u_conv3.u_weights._21099_/A           2.507400    2.963694   -0.456294 (VIOLATED)
m.u_conv3.u_weights._21080_/A           2.507400    2.963647   -0.456247 (VIOLATED)
m.u_conv3.u_weights._23155_/A           2.507400    2.963481   -0.456081 (VIOLATED)
m.u_conv3.u_weights._23154_/A           2.507400    2.963479   -0.456079 (VIOLATED)
m.u_conv3.u_weights._18858_/A           2.507400    2.963391   -0.455991 (VIOLATED)
m.u_conv3.u_weights._18160_/A           2.507400    2.963284   -0.455884 (VIOLATED)
m.u_conv3.u_weights._21468_/A           2.507400    2.963113   -0.455713 (VIOLATED)
m.u_conv3.u_weights._20069_/A           2.507400    2.963048   -0.455648 (VIOLATED)
m.u_conv3.u_weights._15794_/A           2.507400    2.962995   -0.455595 (VIOLATED)
m.u_conv3.u_weights._23735_/A           2.507400    2.962819   -0.455419 (VIOLATED)
m.u_conv3.u_weights._23443_/A           2.507400    2.962812   -0.455412 (VIOLATED)
m.u_conv3.u_weights._30202_/A           2.507400    2.962746   -0.455346 (VIOLATED)
m.u_conv3.u_weights._16383_/A           2.507400    2.962677   -0.455277 (VIOLATED)
m.u_conv3.u_weights._27370_/A           2.507400    2.962437   -0.455036 (VIOLATED)
m.u_conv3.u_weights._18761_/B           2.507400    2.962327   -0.454927 (VIOLATED)
m.u_conv3.u_weights._23981_/A           2.507400    2.962254   -0.454854 (VIOLATED)
m.u_conv3.u_weights._16153_/A1          2.507400    2.962247   -0.454847 (VIOLATED)
m.u_conv3.u_weights._27366_/A           2.507400    2.962171   -0.454771 (VIOLATED)
m.u_conv3.u_weights._27716_/A           2.507400    2.961938   -0.454538 (VIOLATED)
m.u_conv3.u_weights._29782_/A1          2.507400    2.961934   -0.454534 (VIOLATED)
m.u_conv3.u_weights._19541_/A1          2.507400    2.961788   -0.454388 (VIOLATED)
m.u_conv3.u_weights._19559_/A           2.507400    2.961787   -0.454387 (VIOLATED)
m.u_conv3.u_weights._21089_/A1          2.507400    2.961583   -0.454183 (VIOLATED)
m.u_conv3.u_weights._27183_/A           2.507400    2.961501   -0.454101 (VIOLATED)
m.u_conv3.u_weights._24715_/A           2.507400    2.961491   -0.454091 (VIOLATED)
m.u_conv3.u_weights._20566_/A           2.507400    2.961337   -0.453936 (VIOLATED)
m.u_conv3.u_weights._29027_/A           2.507400    2.961303   -0.453902 (VIOLATED)
m.u_conv3.u_weights._21249_/A           2.507400    2.961219   -0.453819 (VIOLATED)
m.u_conv3.u_weights._16375_/A           2.507400    2.960861   -0.453461 (VIOLATED)
m.u_conv3.u_weights._16374_/A           2.507400    2.960859   -0.453459 (VIOLATED)
m.u_conv3.u_weights._28701_/A           2.507400    2.960847   -0.453447 (VIOLATED)
m.u_conv3.u_weights._25411_/A2          2.507400    2.960807   -0.453407 (VIOLATED)
m.u_conv3.u_weights._28702_/A           2.507400    2.960794   -0.453394 (VIOLATED)
m.u_conv3.u_weights._25409_/B           2.507400    2.960758   -0.453358 (VIOLATED)
m.u_conv3.u_weights._27383_/A1          2.507400    2.960685   -0.453285 (VIOLATED)
m.u_conv3.u_weights._17511_/A           2.507400    2.960363   -0.452963 (VIOLATED)
m.u_conv3.u_weights._22297_/A           2.507400    2.960210   -0.452810 (VIOLATED)
m.u_conv3.u_weights._28571_/A           2.507400    2.960128   -0.452727 (VIOLATED)
m.u_conv3.u_weights._31481_/A           2.507400    2.959751   -0.452351 (VIOLATED)
m.u_conv3.u_weights._16711_/A           2.507400    2.959702   -0.452301 (VIOLATED)
m.u_conv3.u_weights._27911_/A1          2.507400    2.959584   -0.452184 (VIOLATED)
m.u_conv3.u_weights._23747_/A           2.507400    2.959477   -0.452077 (VIOLATED)
m.u_conv3.u_weights._27842_/A           2.507400    2.959471   -0.452071 (VIOLATED)
m.u_conv3.u_weights._21558_/A           2.507400    2.959409   -0.452009 (VIOLATED)
m.u_conv3.u_weights._31021_/A1          2.507400    2.959272   -0.451872 (VIOLATED)
m.u_conv3.u_weights._18541_/A           2.507400    2.959183   -0.451783 (VIOLATED)
m.u_conv3.u_weights._24458_/A           2.507400    2.959133   -0.451733 (VIOLATED)
m.u_conv3.u_weights._16948_/A           2.507400    2.959011   -0.451611 (VIOLATED)
m.u_conv3.u_weights._15848_/A           2.507400    2.958997   -0.451597 (VIOLATED)
m.u_conv3.u_weights._28333_/A           2.507400    2.958914   -0.451514 (VIOLATED)
m.u_conv3.u_weights._31225_/A           2.507400    2.958854   -0.451454 (VIOLATED)
m.u_conv3.u_weights._19315_/A           2.507400    2.958842   -0.451442 (VIOLATED)
m.u_conv3.u_weights._27043_/A           2.507400    2.958776   -0.451376 (VIOLATED)
m.u_conv3.u_weights._25084_/A           2.507400    2.958693   -0.451293 (VIOLATED)
m.u_conv3.u_weights._25085_/A           2.507400    2.958690   -0.451290 (VIOLATED)
m.u_conv3.u_weights._21559_/A           2.507400    2.958000   -0.450600 (VIOLATED)
m.u_conv3.u_weights._24503_/B           2.507400    2.957871   -0.450471 (VIOLATED)
m.u_conv3.u_weights._22189_/A           2.507400    2.957757   -0.450357 (VIOLATED)
m.u_conv3.u_weights._21658_/A           2.507400    2.957548   -0.450148 (VIOLATED)
m.u_conv3.u_weights._27344_/A           2.507400    2.957431   -0.450031 (VIOLATED)
m.u_conv3.u_weights._23497_/A           2.507400    2.957374   -0.449974 (VIOLATED)
m.u_conv3.u_weights._29509_/A1          2.507400    2.957284   -0.449884 (VIOLATED)
m.u_conv3.u_weights._31133_/A           2.507400    2.957139   -0.449739 (VIOLATED)
m.u_conv3.u_weights._27635_/B           2.507400    2.956903   -0.449503 (VIOLATED)
m.u_conv3.u_weights._27636_/B           2.507400    2.956892   -0.449492 (VIOLATED)
m.u_conv3.u_weights._24505_/B           2.507400    2.956805   -0.449405 (VIOLATED)
m.u_conv3.u_weights._21325_/A           2.507400    2.956633   -0.449232 (VIOLATED)
m.u_conv3.u_weights._21800_/A1          2.507400    2.956618   -0.449217 (VIOLATED)
m.u_conv3.u_weights._23353_/A           2.507400    2.956245   -0.448845 (VIOLATED)
m.u_conv3.u_weights._27065_/A           2.507400    2.956214   -0.448814 (VIOLATED)
m.u_conv3.u_weights._27067_/A1          2.507400    2.956214   -0.448814 (VIOLATED)
m.u_conv3.u_weights._25025_/A           2.507400    2.956155   -0.448755 (VIOLATED)
m.u_conv3.u_weights._28728_/A           2.507400    2.955969   -0.448569 (VIOLATED)
m.u_conv3.u_weights._25518_/A           2.507400    2.955906   -0.448506 (VIOLATED)
m.u_conv3.u_weights._16216_/A           2.507400    2.955809   -0.448408 (VIOLATED)
m.u_conv3.u_weights._23681_/A           2.507400    2.955714   -0.448314 (VIOLATED)
m.u_conv3.u_weights._23680_/A           2.507400    2.955689   -0.448289 (VIOLATED)
m.u_conv3.u_weights._23205_/A           2.507400    2.955642   -0.448242 (VIOLATED)
m.u_conv3.u_weights._23204_/A           2.507400    2.955637   -0.448237 (VIOLATED)
m.u_conv3.u_weights._17322_/A           2.507400    2.955634   -0.448234 (VIOLATED)
m.u_conv3.u_weights._24005_/B           2.507400    2.955579   -0.448179 (VIOLATED)
m.u_conv3.u_weights._16217_/A           2.507400    2.955560   -0.448160 (VIOLATED)
m.u_conv3.u_weights._18516_/B           2.507400    2.955519   -0.448119 (VIOLATED)
m.u_conv3.u_weights._24055_/A2          2.507400    2.955446   -0.448046 (VIOLATED)
m.u_conv3.u_weights._28859_/A           2.507400    2.955411   -0.448011 (VIOLATED)
m.u_conv3.u_weights._26317_/A           2.507400    2.955304   -0.447904 (VIOLATED)
m.u_conv3.u_weights._26316_/A           2.507400    2.955303   -0.447903 (VIOLATED)
m.u_conv3.u_weights._20915_/A           2.507400    2.954321   -0.446921 (VIOLATED)
m.u_conv3.u_weights._16698_/A           2.507400    2.954249   -0.446849 (VIOLATED)
m.u_conv3.u_weights._17632_/A           2.507400    2.954121   -0.446721 (VIOLATED)
m.u_conv3.u_weights._25180_/A1          2.507400    2.953109   -0.445709 (VIOLATED)
m.u_conv3.u_weights._20056_/A           2.507400    2.953101   -0.445701 (VIOLATED)
m.u_conv3.u_weights._25178_/A           2.507400    2.953004   -0.445604 (VIOLATED)
m.u_conv3.u_weights._22726_/A           2.507400    2.952734   -0.445334 (VIOLATED)
m.u_conv3.u_weights._22725_/A           2.507400    2.952734   -0.445333 (VIOLATED)
m.u_conv3.u_weights._19587_/A1          2.507400    2.952328   -0.444928 (VIOLATED)
m.u_conv3.u_weights._28308_/A1          2.507400    2.952285   -0.444885 (VIOLATED)
m.u_conv3.u_weights._31337_/A           2.507400    2.952160   -0.444760 (VIOLATED)
m.u_conv3.u_weights._31339_/A1          2.507400    2.952160   -0.444760 (VIOLATED)
m.u_conv3.u_weights._17726_/B           2.507400    2.952002   -0.444602 (VIOLATED)
m.u_conv3.u_weights._19591_/A           2.507400    2.951791   -0.444391 (VIOLATED)
m.u_conv3.u_weights._22167_/A           2.507400    2.951749   -0.444349 (VIOLATED)
m.u_conv3.u_weights._16751_/B           2.507400    2.951693   -0.444293 (VIOLATED)
m.u_conv3.u_weights._17938_/A           2.507400    2.951370   -0.443970 (VIOLATED)
m.u_conv3.u_weights._19994_/A           2.507400    2.951259   -0.443859 (VIOLATED)
m.u_conv3.u_weights._19993_/A           2.507400    2.951258   -0.443858 (VIOLATED)
m.u_conv3.u_weights._22995_/A           2.507400    2.950932   -0.443531 (VIOLATED)
m.u_conv3.u_weights._22996_/A           2.507400    2.950924   -0.443524 (VIOLATED)
m.u_conv3.u_weights._15771_/A           2.507400    2.950873   -0.443473 (VIOLATED)
m.u_conv3.u_weights._22999_/C           2.507400    2.950834   -0.443434 (VIOLATED)
m.u_conv3.u_weights._22335_/A           2.507400    2.950427   -0.443027 (VIOLATED)
m.u_conv3.u_weights._22347_/A1          2.507400    2.950291   -0.442891 (VIOLATED)
m.u_conv3.u_weights._19594_/A           2.507400    2.950031   -0.442631 (VIOLATED)
m.u_conv3.u_weights._27391_/A           2.507400    2.949736   -0.442336 (VIOLATED)
m.u_conv3.u_weights._27405_/A1          2.507400    2.949625   -0.442225 (VIOLATED)
m.u_conv3.u_weights._25113_/A           2.507400    2.949364   -0.441964 (VIOLATED)
m.u_conv3.u_weights._25114_/A           2.507400    2.949364   -0.441964 (VIOLATED)
m.u_conv3.u_weights._21563_/A           2.507400    2.949191   -0.441791 (VIOLATED)
m.u_conv3.u_weights._22797_/B           2.507400    2.948654   -0.441254 (VIOLATED)
m.u_conv3.u_weights._22799_/A2          2.507400    2.948627   -0.441227 (VIOLATED)
m.u_conv3.u_weights._24487_/A           2.507400    2.948510   -0.441110 (VIOLATED)
m.u_conv3.u_weights._27584_/A           2.507400    2.948136   -0.440736 (VIOLATED)
m.u_conv3.u_weights._17602_/A           2.507400    2.948124   -0.440724 (VIOLATED)
m.u_conv3.u_weights._17605_/A           2.507400    2.948123   -0.440723 (VIOLATED)
m.u_conv3.u_weights._27626_/A1          2.507400    2.947781   -0.440381 (VIOLATED)
m.u_conv3.u_weights._19466_/A           2.507400    2.947671   -0.440271 (VIOLATED)
m.u_conv3.u_weights._19465_/A           2.507400    2.947668   -0.440268 (VIOLATED)
m.u_conv3.u_weights._25671_/A           2.507400    2.947394   -0.439994 (VIOLATED)
m.u_conv3.u_weights._18513_/A           2.507400    2.947384   -0.439984 (VIOLATED)
m.u_conv3.u_weights._21324_/A           2.507400    2.946912   -0.439512 (VIOLATED)
m.u_conv3.u_weights._26174_/A1          2.507400    2.946608   -0.439208 (VIOLATED)
m.u_conv3.u_weights._21335_/A1          2.507400    2.946485   -0.439085 (VIOLATED)
m.u_conv3.u_weights._20731_/A           2.507400    2.946363   -0.438963 (VIOLATED)
m.u_conv3.u_weights._15853_/A           2.507400    2.946360   -0.438960 (VIOLATED)
m.u_conv3.u_weights._20848_/A           2.507400    2.946204   -0.438804 (VIOLATED)
m.u_conv3.u_weights._28867_/A           2.507400    2.946188   -0.438788 (VIOLATED)
m.u_conv3.u_weights._20844_/A1          2.507400    2.946161   -0.438761 (VIOLATED)
m.u_conv3.u_weights._18860_/A           2.507400    2.946128   -0.438727 (VIOLATED)
m.u_conv3.u_weights._25827_/A           2.507400    2.945743   -0.438342 (VIOLATED)
m.u_conv3.u_weights._23118_/A           2.507400    2.945721   -0.438321 (VIOLATED)
m.u_conv3.u_weights._19010_/B           2.507400    2.945164   -0.437764 (VIOLATED)
m.u_conv3.u_weights._18780_/B           2.507400    2.945075   -0.437675 (VIOLATED)
m.u_conv3.u_weights._24366_/A           2.507400    2.945066   -0.437666 (VIOLATED)
m.u_conv3.u_weights._18807_/A2          2.507400    2.945032   -0.437632 (VIOLATED)
m.u_conv3.u_weights._22562_/A           2.507400    2.945021   -0.437621 (VIOLATED)
m.u_conv3.u_weights._29729_/A           2.507400    2.944992   -0.437592 (VIOLATED)
m.u_conv3.u_weights._25599_/A           2.507400    2.944870   -0.437470 (VIOLATED)
m.u_conv3.u_weights._25598_/A           2.507400    2.944869   -0.437469 (VIOLATED)
m.u_conv3.u_weights._19671_/A           2.507400    2.944674   -0.437273 (VIOLATED)
m.u_conv3.u_weights._30134_/A           2.507400    2.944642   -0.437241 (VIOLATED)
m.u_conv3.u_weights._23757_/A           2.507400    2.944623   -0.437222 (VIOLATED)
m.u_conv3.u_weights._23758_/A           2.507400    2.944606   -0.437206 (VIOLATED)
m.u_conv3.u_weights._24075_/A           2.507400    2.944577   -0.437177 (VIOLATED)
m.u_conv3.u_weights._29731_/A1          2.507400    2.944573   -0.437173 (VIOLATED)
m.u_conv3.u_weights._20342_/A           2.507400    2.944570   -0.437170 (VIOLATED)
m.u_conv3.u_weights._20343_/A           2.507400    2.944570   -0.437170 (VIOLATED)
m.u_conv3.u_weights._15852_/A           2.507400    2.944551   -0.437151 (VIOLATED)
m.u_conv3.u_weights._28062_/A           2.507400    2.944551   -0.437151 (VIOLATED)
m.u_conv3.u_weights._28064_/A1          2.507400    2.944548   -0.437148 (VIOLATED)
m.u_conv3.u_weights._21955_/A           2.507400    2.944545   -0.437145 (VIOLATED)
m.u_conv3.u_weights._16586_/A           2.507400    2.944537   -0.437137 (VIOLATED)
m.u_conv3.u_weights._30664_/A           2.507400    2.944535   -0.437135 (VIOLATED)
m.u_conv3.u_weights._18294_/A           2.507400    2.944532   -0.437132 (VIOLATED)
m.u_conv3.u_weights._19022_/A           2.507400    2.944531   -0.437131 (VIOLATED)
m.u_conv3.u_weights._19083_/A1          2.507400    2.944529   -0.437129 (VIOLATED)
m.u_conv3.u_weights._23306_/B           2.507400    2.944507   -0.437107 (VIOLATED)
m.u_conv3.u_weights._29260_/A           2.507400    2.944502   -0.437102 (VIOLATED)
m.u_conv3.u_weights._29259_/A           2.507400    2.944500   -0.437100 (VIOLATED)
m.u_conv3.u_weights._23307_/B           2.507400    2.944495   -0.437095 (VIOLATED)
m.u_conv3._422_/A1                      2.507400    2.944405   -0.437004 (VIOLATED)
m.u_conv3._528_/Q                       2.507400    2.944401   -0.437001 (VIOLATED)
m.u_conv3.u_weights._27346_/A           2.507400    2.944279   -0.436879 (VIOLATED)
m.u_conv3.u_weights._18761_/A           2.507400    2.944202   -0.436801 (VIOLATED)
m.u_conv3.u_weights._23286_/A           2.507400    2.944089   -0.436689 (VIOLATED)
m.u_conv3.u_weights._25614_/A           2.507400    2.944072   -0.436671 (VIOLATED)
m.u_conv3.u_weights._15774_/A           2.507400    2.944041   -0.436640 (VIOLATED)
m.u_conv3.u_weights._16381_/A           2.507400    2.943924   -0.436523 (VIOLATED)
m.u_conv3.u_weights._16536_/A1          2.507400    2.943843   -0.436443 (VIOLATED)
m.u_conv3.u_weights._16499_/A           2.507400    2.943624   -0.436224 (VIOLATED)
m.u_conv3.u_weights._19374_/A           2.507400    2.943611   -0.436211 (VIOLATED)
m.u_conv3.u_weights._20052_/B           2.507400    2.943567   -0.436167 (VIOLATED)
m.u_conv3.u_weights._26874_/B           2.507400    2.943530   -0.436130 (VIOLATED)
m.u_conv3.u_weights._26875_/B           2.507400    2.943432   -0.436032 (VIOLATED)
m.u_conv3.u_weights._16456_/A2          2.507400    2.943367   -0.435967 (VIOLATED)
m.u_conv3.u_weights._27599_/A           2.507400    2.943228   -0.435828 (VIOLATED)
m.u_conv3.u_weights._27608_/A1          2.507400    2.942975   -0.435575 (VIOLATED)
m.u_conv3.u_weights._27468_/A           2.507400    2.942945   -0.435545 (VIOLATED)
m.u_conv3.u_weights._16437_/B           2.507400    2.942910   -0.435510 (VIOLATED)
m.u_conv3.u_weights._29792_/A           2.507400    2.942745   -0.435345 (VIOLATED)
m.u_conv3.u_weights._22378_/A           2.507400    2.942678   -0.435278 (VIOLATED)
m.u_conv3.u_weights._29066_/A           2.507400    2.942653   -0.435253 (VIOLATED)
m.u_conv3.u_weights._29072_/A1          2.507400    2.942638   -0.435238 (VIOLATED)
m.u_conv3.u_weights._20871_/B           2.507400    2.942637   -0.435237 (VIOLATED)
m.u_conv3.u_weights._22483_/A           2.507400    2.942631   -0.435231 (VIOLATED)
m.u_conv3.u_weights._20872_/B           2.507400    2.942605   -0.435205 (VIOLATED)
m.u_conv3.u_weights._30004_/A           2.507400    2.942487   -0.435086 (VIOLATED)
m.u_conv3.u_weights._24163_/A           2.507400    2.942465   -0.435065 (VIOLATED)
m.u_conv3.u_weights._24162_/A           2.507400    2.942465   -0.435065 (VIOLATED)
m.u_conv3.u_weights._20321_/A           2.507400    2.942393   -0.434993 (VIOLATED)
m.u_conv3.u_weights._30056_/A1          2.507400    2.942353   -0.434953 (VIOLATED)
m.u_conv3.u_weights._29821_/A1          2.507400    2.942002   -0.434602 (VIOLATED)
m.u_conv3.u_weights._20322_/A           2.507400    2.941953   -0.434553 (VIOLATED)
m.u_conv3.u_weights._29023_/A           2.507400    2.941852   -0.434452 (VIOLATED)
m.u_conv3.u_weights._29025_/A1          2.507400    2.941686   -0.434286 (VIOLATED)
m.u_conv3.u_weights._21106_/A           2.507400    2.941676   -0.434276 (VIOLATED)
m.u_conv3.u_weights._16297_/A           2.507400    2.941050   -0.433650 (VIOLATED)
m.u_conv3.u_weights._25941_/A           2.507400    2.940935   -0.433535 (VIOLATED)
m.u_conv3.u_weights._25946_/A1          2.507400    2.940924   -0.433524 (VIOLATED)
m.u_conv3.u_weights._15856_/B           2.507400    2.940897   -0.433497 (VIOLATED)
m.u_conv3.u_weights._28318_/A           2.507400    2.940584   -0.433183 (VIOLATED)
m.u_conv3.u_weights._17735_/A           2.507400    2.940580   -0.433180 (VIOLATED)
m.u_conv3.u_weights._21175_/A           2.507400    2.940558   -0.433158 (VIOLATED)
m.u_conv3.u_weights._16424_/B           2.507400    2.940320   -0.432920 (VIOLATED)
m.u_conv3.u_weights._31288_/A           2.507400    2.940238   -0.432838 (VIOLATED)
m.u_conv3.u_weights._16433_/B           2.507400    2.940209   -0.432809 (VIOLATED)
m.u_conv3.u_weights._27834_/A           2.507400    2.939924   -0.432524 (VIOLATED)
m.u_conv3.u_weights._29610_/A           2.507400    2.939887   -0.432487 (VIOLATED)
m.u_conv3.u_weights._28551_/A           2.507400    2.939814   -0.432414 (VIOLATED)
m.u_conv3.u_weights._29612_/A1          2.507400    2.939774   -0.432374 (VIOLATED)
m.u_conv3.u_weights._25353_/A           2.507400    2.939694   -0.432294 (VIOLATED)
m.u_conv3.u_weights._28104_/A1          2.507400    2.939621   -0.432221 (VIOLATED)
m.u_conv3.u_weights._28070_/A           2.507400    2.939600   -0.432200 (VIOLATED)
m.u_conv3.u_weights._16487_/A1          2.507400    2.939410   -0.432010 (VIOLATED)
m.u_conv3.u_weights._16973_/A1          2.507400    2.939365   -0.431965 (VIOLATED)
m.u_conv3.u_weights._30257_/A1          2.507400    2.939225   -0.431825 (VIOLATED)
m.u_conv3.u_weights._28805_/A           2.507400    2.939011   -0.431611 (VIOLATED)
m.u_conv3.u_weights._28781_/A1          2.507400    2.939003   -0.431603 (VIOLATED)
m.u_conv3.u_weights._26159_/A           2.507400    2.938935   -0.431535 (VIOLATED)
m.u_conv3.u_weights._27122_/A           2.507400    2.938735   -0.431335 (VIOLATED)
m.u_conv3.u_weights._24529_/A           2.507400    2.938547   -0.431147 (VIOLATED)
m.u_conv3.u_weights._31017_/A           2.507400    2.938420   -0.431019 (VIOLATED)
m.u_conv3.u_weights._16959_/B           2.507400    2.938416   -0.431015 (VIOLATED)
m.u_conv3.u_weights._31016_/A           2.507400    2.938415   -0.431015 (VIOLATED)
m.u_conv3.u_weights._23829_/A           2.507400    2.938127   -0.430727 (VIOLATED)
m.u_conv3.u_weights._17497_/B           2.507400    2.937563   -0.430163 (VIOLATED)
m.u_conv3.u_weights._23992_/B           2.507400    2.937292   -0.429892 (VIOLATED)
m.u_conv3.u_weights._18221_/B           2.507400    2.937047   -0.429647 (VIOLATED)
m.u_conv3.u_weights._30725_/A1          2.507400    2.936581   -0.429180 (VIOLATED)
m.u_conv3.u_weights._20317_/A           2.507400    2.936487   -0.429087 (VIOLATED)
m.u_conv3.u_weights._30667_/A           2.507400    2.936477   -0.429077 (VIOLATED)
m.u_conv3.u_weights._20318_/A           2.507400    2.936019   -0.428619 (VIOLATED)
m.u_conv3.u_weights._21305_/A           2.507400    2.935718   -0.428318 (VIOLATED)
m.u_conv3.u_weights._30136_/A1          2.507400    2.935702   -0.428302 (VIOLATED)
m.u_conv3.u_weights._21306_/A           2.507400    2.935668   -0.428268 (VIOLATED)
m.u_conv3.u_weights._27837_/A           2.507400    2.935485   -0.428085 (VIOLATED)
m.u_conv3.u_weights._27836_/A           2.507400    2.935433   -0.428033 (VIOLATED)
m.u_conv3.u_weights._17641_/A           2.507400    2.935163   -0.427763 (VIOLATED)
m.u_conv3.u_weights._20051_/B           2.507400    2.934806   -0.427406 (VIOLATED)
m.u_conv3.u_weights._15810_/A           2.507400    2.934726   -0.427326 (VIOLATED)
m.u_conv3.u_weights._19594_/B           2.507400    2.934689   -0.427288 (VIOLATED)
m.u_conv3.u_weights._27018_/A           2.507400    2.934608   -0.427208 (VIOLATED)
m.u_conv3.u_weights._27024_/A1          2.507400    2.934608   -0.427208 (VIOLATED)
m.u_conv3.u_weights._19821_/A           2.507400    2.934466   -0.427066 (VIOLATED)
m.u_conv3.u_weights._22937_/A           2.507400    2.934396   -0.426996 (VIOLATED)
m.u_conv3.u_weights._22936_/A           2.507400    2.934394   -0.426994 (VIOLATED)
m.u_conv3.u_weights._24959_/A1          2.507400    2.934353   -0.426953 (VIOLATED)
m.u_conv3.u_weights._17782_/A           2.507400    2.934312   -0.426912 (VIOLATED)
m.u_conv3.u_weights._17855_/A1          2.507400    2.934299   -0.426899 (VIOLATED)
m.u_conv3.u_weights._27621_/A           2.507400    2.934292   -0.426892 (VIOLATED)
m.u_conv3.u_weights._23276_/A           2.507400    2.934284   -0.426884 (VIOLATED)
m.u_conv3.u_weights._23273_/A1          2.507400    2.934280   -0.426880 (VIOLATED)
m.u_conv3.u_weights._23588_/A           2.507400    2.933929   -0.426529 (VIOLATED)
m.u_conv3.u_weights._16323_/A           2.507400    2.933439   -0.426039 (VIOLATED)
m.u_conv3.u_weights._16322_/A           2.507400    2.933438   -0.426038 (VIOLATED)
m.u_conv3.u_weights._21075_/B           2.507400    2.933346   -0.425946 (VIOLATED)
m.u_conv3.u_weights._25324_/A           2.507400    2.933343   -0.425943 (VIOLATED)
m.u_conv3.u_weights._21074_/B           2.507400    2.933332   -0.425932 (VIOLATED)
m.u_conv3.u_weights._31465_/A           2.507400    2.933282   -0.425882 (VIOLATED)
m.u_conv3.u_weights._31464_/A           2.507400    2.933278   -0.425878 (VIOLATED)
m.u_conv3.u_weights._30998_/A           2.507400    2.932961   -0.425560 (VIOLATED)
m.u_conv3.u_weights._31027_/A1          2.507400    2.932882   -0.425482 (VIOLATED)
m.u_conv3.u_weights._21326_/A           2.507400    2.931997   -0.424597 (VIOLATED)
m.u_conv3.u_weights._19010_/A           2.507400    2.931914   -0.424514 (VIOLATED)
m.u_conv3.u_weights._15970_/A1          2.507400    2.931777   -0.424377 (VIOLATED)
m.u_conv3.u_weights._15831_/A           2.507400    2.931697   -0.424297 (VIOLATED)
m.u_conv3.u_weights._17420_/A           2.507400    2.931544   -0.424144 (VIOLATED)
m.u_conv3.u_weights._17421_/A           2.507400    2.931544   -0.424144 (VIOLATED)
m.u_conv3.u_weights._22372_/A           2.507400    2.931512   -0.424112 (VIOLATED)
m.u_conv3.u_weights._22373_/A           2.507400    2.931464   -0.424064 (VIOLATED)
m.u_conv3.u_weights._21315_/A           2.507400    2.931241   -0.423841 (VIOLATED)
m.u_conv3.u_weights._15992_/A           2.507400    2.930620   -0.423219 (VIOLATED)
m.u_conv3.u_weights._27394_/A           2.507400    2.930372   -0.422972 (VIOLATED)
m.u_conv3.u_weights._22383_/A           2.507400    2.930158   -0.422758 (VIOLATED)
m.u_conv3.u_weights._20157_/A           2.507400    2.930097   -0.422697 (VIOLATED)
m.u_conv3.u_weights._24920_/A1          2.507400    2.930048   -0.422647 (VIOLATED)
m.u_conv3.u_weights._24918_/A           2.507400    2.929914   -0.422514 (VIOLATED)
m.u_conv3.u_weights._29533_/B           2.507400    2.929737   -0.422337 (VIOLATED)
m.u_conv3.u_weights._19470_/A1          2.507400    2.929645   -0.422245 (VIOLATED)
m.u_conv3.u_weights._30318_/A           2.507400    2.929632   -0.422232 (VIOLATED)
m.u_conv3.u_weights._30323_/A           2.507400    2.929632   -0.422232 (VIOLATED)
m.u_conv3.u_weights._17811_/A1          2.507400    2.929598   -0.422198 (VIOLATED)
m.u_conv3.u_weights._16844_/A           2.507400    2.929541   -0.422141 (VIOLATED)
m.u_conv3.u_weights._16849_/A           2.507400    2.929540   -0.422140 (VIOLATED)
m.u_conv3.u_weights._28564_/A           2.507400    2.929480   -0.422080 (VIOLATED)
m.u_conv3.u_weights._26522_/A           2.507400    2.929373   -0.421973 (VIOLATED)
m.u_conv3.u_weights._26526_/A1          2.507400    2.929370   -0.421970 (VIOLATED)
m.u_conv3.u_weights._18426_/A           2.507400    2.929322   -0.421922 (VIOLATED)
m.u_conv3.u_weights._20643_/A           2.507400    2.929203   -0.421803 (VIOLATED)
m.u_conv3.u_weights._17121_/A           2.507400    2.929193   -0.421792 (VIOLATED)
m.u_conv3.u_weights._26034_/A           2.507400    2.929178   -0.421778 (VIOLATED)
m.u_conv3.u_weights._26035_/A           2.507400    2.929177   -0.421777 (VIOLATED)
m.u_conv3.u_weights._30537_/A           2.507400    2.929160   -0.421760 (VIOLATED)
m.u_conv3.u_weights._29300_/A2          2.507400    2.929114   -0.421714 (VIOLATED)
m.u_conv3.u_weights._29286_/B           2.507400    2.929106   -0.421706 (VIOLATED)
m.u_conv3.u_weights._26661_/A2          2.507400    2.929071   -0.421671 (VIOLATED)
m.u_conv3.u_weights._26618_/B           2.507400    2.929070   -0.421670 (VIOLATED)
m.u_conv3.u_weights._19210_/A           2.507400    2.929028   -0.421628 (VIOLATED)
m.u_conv3.u_weights._30762_/A1          2.507400    2.929002   -0.421602 (VIOLATED)
m.u_conv3.u_weights._21924_/A           2.507400    2.929001   -0.421601 (VIOLATED)
m.u_conv3.u_weights._30691_/A           2.507400    2.928910   -0.421510 (VIOLATED)
m.u_conv3._439_/A                       2.507400    2.928846   -0.421446 (VIOLATED)
m.u_conv3._542_/Q                       2.507400    2.928846   -0.421446 (VIOLATED)
m.u_conv3.u_weights._21596_/A           2.507400    2.928662   -0.421262 (VIOLATED)
m.u_conv3.u_weights._21580_/A           2.507400    2.928486   -0.421085 (VIOLATED)
m.u_conv3.u_weights._21628_/A1          2.507400    2.928140   -0.420739 (VIOLATED)
m.u_conv3.u_weights._21759_/A           2.507400    2.927381   -0.419981 (VIOLATED)
m.u_conv3.u_weights._20827_/A1          2.507400    2.927273   -0.419873 (VIOLATED)
m.u_conv3.u_weights._20825_/A           2.507400    2.927268   -0.419868 (VIOLATED)
m.u_conv3.u_weights._21760_/A           2.507400    2.927218   -0.419818 (VIOLATED)
m.u_conv3.u_weights._28884_/A           2.507400    2.927129   -0.419728 (VIOLATED)
m.u_conv3.u_weights._23107_/A           2.507400    2.926616   -0.419216 (VIOLATED)
m.u_conv3.u_weights._23112_/A           2.507400    2.926611   -0.419211 (VIOLATED)
m.u_conv3.u_weights._26613_/B           2.507400    2.926593   -0.419193 (VIOLATED)
m.u_conv3.u_weights._26614_/B           2.507400    2.926593   -0.419193 (VIOLATED)
m.u_conv3.u_weights._23465_/A           2.507400    2.926542   -0.419142 (VIOLATED)
m.u_conv3.u_weights._19225_/A           2.507400    2.926542   -0.419142 (VIOLATED)
m.u_conv3.u_weights._19224_/A           2.507400    2.926541   -0.419141 (VIOLATED)
m.u_conv3.u_weights._18780_/A           2.507400    2.926509   -0.419109 (VIOLATED)
m.u_conv3.u_weights._18807_/A1          2.507400    2.926490   -0.419090 (VIOLATED)
m.u_conv3.u_weights._20159_/A           2.507400    2.926251   -0.418851 (VIOLATED)
m.u_conv3.u_weights._17314_/A           2.507400    2.926199   -0.418799 (VIOLATED)
m.u_conv3.u_weights._17482_/A           2.507400    2.926043   -0.418643 (VIOLATED)
m.u_conv3.u_weights._17483_/A           2.507400    2.926029   -0.418629 (VIOLATED)
m.u_conv3.u_weights._27127_/A           2.507400    2.926025   -0.418624 (VIOLATED)
m.u_conv3.u_weights._21810_/A           2.507400    2.925732   -0.418332 (VIOLATED)
m.u_conv3.u_weights._17482_/B           2.507400    2.924797   -0.417397 (VIOLATED)
m.u_conv3.u_weights._24229_/A1          2.507400    2.924752   -0.417352 (VIOLATED)
m.u_conv3.u_weights._29433_/A1          2.507400    2.924378   -0.416978 (VIOLATED)
m.u_conv3.u_weights._20791_/A           2.507400    2.924192   -0.416792 (VIOLATED)
m.u_conv3.u_weights._17483_/B           2.507400    2.924102   -0.416701 (VIOLATED)
m.u_conv3.u_weights._30051_/A           2.507400    2.923966   -0.416565 (VIOLATED)
m.u_conv3.u_weights._15775_/A           2.507400    2.923539   -0.416139 (VIOLATED)
m.u_conv3.u_weights._29937_/A           2.507400    2.923529   -0.416128 (VIOLATED)
m.u_conv3.u_weights._18581_/A           2.507400    2.923357   -0.415957 (VIOLATED)
m.u_conv3.u_weights._18582_/A           2.507400    2.923316   -0.415916 (VIOLATED)
m.u_conv3.u_weights._27436_/A           2.507400    2.923172   -0.415772 (VIOLATED)
m.u_conv3.u_weights._27435_/A           2.507400    2.923081   -0.415681 (VIOLATED)
m.u_conv3.u_weights._29636_/A           2.507400    2.923069   -0.415668 (VIOLATED)
m.u_conv3.u_weights._27434_/A           2.507400    2.923035   -0.415635 (VIOLATED)
m.u_conv3.u_weights._22402_/A           2.507400    2.922617   -0.415217 (VIOLATED)
m.u_conv3._463_/A                       2.507400    2.922059   -0.414659 (VIOLATED)
m.u_conv3._557_/Q                       2.507400    2.922059   -0.414659 (VIOLATED)
m.u_conv3.u_weights._23994_/A           2.507400    2.921661   -0.414261 (VIOLATED)
m.u_conv3.u_weights._23993_/A           2.507400    2.921635   -0.414234 (VIOLATED)
m.u_conv3.u_weights._25534_/A           2.507400    2.921556   -0.414155 (VIOLATED)
m.u_conv3.u_weights._23748_/B           2.507400    2.921419   -0.414019 (VIOLATED)
m.u_conv3.u_weights._16195_/A           2.507400    2.921178   -0.413778 (VIOLATED)
m.u_conv3.u_weights._17212_/A           2.507400    2.920760   -0.413360 (VIOLATED)
m.u_conv3.u_weights._17213_/A           2.507400    2.920511   -0.413111 (VIOLATED)
m.u_conv3.u_weights._28576_/A1          2.507400    2.919914   -0.412514 (VIOLATED)
m.u_conv3.u_weights._28857_/A           2.507400    2.919591   -0.412191 (VIOLATED)
m.u_conv3.u_weights._23109_/A           2.507400    2.919402   -0.412002 (VIOLATED)
m.u_conv3.u_weights._16107_/A           2.507400    2.919171   -0.411771 (VIOLATED)
m.u_conv3.u_weights._16108_/A           2.507400    2.919147   -0.411747 (VIOLATED)
m.u_conv3.u_weights._16173_/A           2.507400    2.919122   -0.411722 (VIOLATED)
m.u_conv3.u_weights._16890_/A           2.507400    2.919091   -0.411691 (VIOLATED)
m.u_conv3.u_weights._27811_/A           2.507400    2.919062   -0.411662 (VIOLATED)
m.u_conv3.u_weights._15780_/A           2.507400    2.919031   -0.411631 (VIOLATED)
m.u_conv3.u_weights._16804_/A           2.507400    2.918944   -0.411544 (VIOLATED)
m.u_conv3.u_weights._17080_/A           2.507400    2.918939   -0.411539 (VIOLATED)
m.u_conv3.u_weights._16656_/A           2.507400    2.918919   -0.411519 (VIOLATED)
m.u_conv3.u_weights._17173_/A           2.507400    2.918909   -0.411509 (VIOLATED)
m.u_conv3.u_weights._17172_/A           2.507400    2.918909   -0.411509 (VIOLATED)
m.u_conv3.u_weights._23828_/A           2.507400    2.918886   -0.411486 (VIOLATED)
m.u_conv3.u_weights._26635_/B           2.507400    2.918880   -0.411480 (VIOLATED)
m.u_conv3.u_weights._26218_/B           2.507400    2.918874   -0.411474 (VIOLATED)
m.u_conv3.u_weights._26219_/B           2.507400    2.918874   -0.411474 (VIOLATED)
m.u_conv3.u_weights._20321_/B           2.507400    2.918859   -0.411459 (VIOLATED)
m.u_conv3.u_weights._20322_/B           2.507400    2.918854   -0.411454 (VIOLATED)
m.u_conv3.u_weights._28255_/A           2.507400    2.918829   -0.411429 (VIOLATED)
m.u_conv3.u_weights._18012_/A           2.507400    2.918825   -0.411425 (VIOLATED)
m.u_conv3.u_weights._18013_/A           2.507400    2.918823   -0.411423 (VIOLATED)
m.u_conv3.u_weights._24361_/A           2.507400    2.918812   -0.411412 (VIOLATED)
m.u_conv3.u_weights._22636_/A           2.507400    2.918770   -0.411370 (VIOLATED)
m.u_conv3.u_weights._23132_/A           2.507400    2.918762   -0.411362 (VIOLATED)
m.u_conv3.u_weights._20830_/A           2.507400    2.918757   -0.411357 (VIOLATED)
m.u_conv3.u_weights._16172_/A           2.507400    2.918721   -0.411321 (VIOLATED)
m.u_conv3.u_weights._20831_/A           2.507400    2.918707   -0.411307 (VIOLATED)
m.u_conv3.u_weights._18299_/A1          2.507400    2.918539   -0.411139 (VIOLATED)
m.u_conv3.u_weights._18250_/A           2.507400    2.918539   -0.411138 (VIOLATED)
m.u_conv3.u_weights._18862_/A           2.507400    2.918389   -0.410988 (VIOLATED)
m.u_conv3.u_weights._18863_/A           2.507400    2.918378   -0.410977 (VIOLATED)
m.u_conv3.u_weights._28541_/A           2.507400    2.918294   -0.410894 (VIOLATED)
m.u_conv3.u_weights._31459_/A           2.507400    2.918245   -0.410845 (VIOLATED)
m.u_conv3.u_weights._31454_/A           2.507400    2.918243   -0.410843 (VIOLATED)
m.u_conv3.u_weights._21911_/A           2.507400    2.918189   -0.410789 (VIOLATED)
m.u_conv3.u_weights._30670_/A           2.507400    2.918188   -0.410788 (VIOLATED)
m.u_conv3._490_/A                       2.507400    2.918183   -0.410783 (VIOLATED)
m.u_conv3._570_/Q                       2.507400    2.918183   -0.410783 (VIOLATED)
m.u_conv3.u_weights._19535_/A           2.507400    2.918128   -0.410728 (VIOLATED)
m.u_conv3.u_weights._19536_/A           2.507400    2.918124   -0.410724 (VIOLATED)
m.u_conv3.u_weights._19564_/A           2.507400    2.917746   -0.410346 (VIOLATED)
m.u_conv3.u_weights._23416_/A           2.507400    2.917597   -0.410197 (VIOLATED)
m.u_conv3.u_weights._18051_/A           2.507400    2.917538   -0.410138 (VIOLATED)
m.u_conv3.u_weights._18049_/A           2.507400    2.917444   -0.410044 (VIOLATED)
m.u_conv3.u_weights._17242_/A           2.507400    2.917316   -0.409916 (VIOLATED)
m.u_conv3.u_weights._17238_/A1          2.507400    2.917225   -0.409825 (VIOLATED)
m.u_conv3.u_weights._26582_/A           2.507400    2.917179   -0.409778 (VIOLATED)
m.u_conv3.u_weights._28116_/A           2.507400    2.917152   -0.409752 (VIOLATED)
m.u_conv3.u_weights._29634_/A           2.507400    2.917134   -0.409734 (VIOLATED)
m.u_conv3.u_weights._24614_/A           2.507400    2.916869   -0.409469 (VIOLATED)
m.u_conv3.u_weights._15834_/B           2.507400    2.916859   -0.409459 (VIOLATED)
m.u_conv3.u_weights._15835_/B           2.507400    2.916843   -0.409443 (VIOLATED)
m.u_conv3.u_weights._18312_/A           2.507400    2.916669   -0.409269 (VIOLATED)
m.u_conv3.u_weights._18313_/A           2.507400    2.916666   -0.409266 (VIOLATED)
m.u_conv3.u_weights._31166_/A           2.507400    2.915810   -0.408410 (VIOLATED)
m.u_conv3.u_weights._26956_/A           2.507400    2.915691   -0.408291 (VIOLATED)
m.u_conv3.u_weights._27453_/A           2.507400    2.915470   -0.408070 (VIOLATED)
m.u_conv3.u_weights._22403_/A1          2.507400    2.915431   -0.408031 (VIOLATED)
m.u_conv3.u_weights._24055_/A1          2.507400    2.915301   -0.407900 (VIOLATED)
m.u_conv3.u_weights._24005_/A           2.507400    2.915220   -0.407820 (VIOLATED)
m.u_conv3.u_weights._28714_/A1          2.507400    2.914861   -0.407461 (VIOLATED)
m.u_conv3.u_weights._25415_/A           2.507400    2.914652   -0.407252 (VIOLATED)
m.u_conv3.u_weights._29642_/A           2.507400    2.914561   -0.407161 (VIOLATED)
m.u_conv3.u_weights._23586_/A           2.507400    2.914439   -0.407039 (VIOLATED)
m.u_conv3.u_weights._28626_/A           2.507400    2.914354   -0.406954 (VIOLATED)
m.u_conv3.u_weights._21470_/A           2.507400    2.914142   -0.406742 (VIOLATED)
m.u_conv3.u_weights._26877_/A           2.507400    2.913522   -0.406122 (VIOLATED)
m.u_conv3.u_weights._25442_/A           2.507400    2.913438   -0.406038 (VIOLATED)
m.u_conv3.u_weights._21827_/A1          2.507400    2.913436   -0.406036 (VIOLATED)
m.u_conv3.u_weights._23528_/B           2.507400    2.913300   -0.405899 (VIOLATED)
m.u_conv3.u_weights._19548_/B           2.507400    2.913238   -0.405838 (VIOLATED)
m.u_conv3.u_weights._21111_/A1          2.507400    2.913121   -0.405721 (VIOLATED)
m.u_conv3.u_weights._25118_/A1          2.507400    2.912768   -0.405368 (VIOLATED)
m.u_conv3.u_weights._22901_/A           2.507400    2.912743   -0.405343 (VIOLATED)
m.u_conv3.u_weights._21059_/A           2.507400    2.912707   -0.405307 (VIOLATED)
m.u_conv3.u_weights._18266_/B           2.507400    2.912556   -0.405156 (VIOLATED)
m.u_conv3.u_weights._17741_/A           2.507400    2.912552   -0.405152 (VIOLATED)
m.u_conv3.u_weights._17800_/A1          2.507400    2.912553   -0.405152 (VIOLATED)
m.u_conv3.u_weights._23542_/A2          2.507400    2.912522   -0.405122 (VIOLATED)
m.u_conv3.u_weights._30985_/A           2.507400    2.912297   -0.404896 (VIOLATED)
m.u_conv3.u_weights._30636_/A           2.507400    2.912221   -0.404821 (VIOLATED)
m.u_conv3.u_weights._30649_/A           2.507400    2.912222   -0.404822 (VIOLATED)
m.u_conv3.u_weights._31384_/A           2.507400    2.912134   -0.404734 (VIOLATED)
m.u_conv3.u_weights._25991_/A           2.507400    2.912133   -0.404733 (VIOLATED)
m.u_conv3.u_weights._28544_/A           2.507400    2.912067   -0.404667 (VIOLATED)
m.u_conv3.u_weights._20312_/A           2.507400    2.912058   -0.404657 (VIOLATED)
m.u_conv3.u_weights._31398_/A           2.507400    2.912016   -0.404616 (VIOLATED)
m.u_conv3.u_weights._26656_/A           2.507400    2.911925   -0.404525 (VIOLATED)
m.u_conv3.u_weights._21746_/A           2.507400    2.911341   -0.403941 (VIOLATED)
m.u_conv3.u_weights._27050_/A           2.507400    2.911277   -0.403877 (VIOLATED)
m.u_conv3.u_weights._27051_/A           2.507400    2.911277   -0.403877 (VIOLATED)
m.u_conv3.u_weights._22139_/A           2.507400    2.911219   -0.403819 (VIOLATED)
m.u_conv3.u_weights._16206_/A2          2.507400    2.911100   -0.403700 (VIOLATED)
m.u_conv3.u_weights._17251_/A           2.507400    2.911089   -0.403689 (VIOLATED)
m.u_conv3.u_weights._21747_/A           2.507400    2.911085   -0.403685 (VIOLATED)
m.u_conv3.u_weights._20099_/A1          2.507400    2.911072   -0.403671 (VIOLATED)
m.u_conv3.u_weights._16159_/B           2.507400    2.910956   -0.403556 (VIOLATED)
m.u_conv3.u_weights._22983_/A           2.507400    2.910880   -0.403480 (VIOLATED)
m.u_conv3.u_weights._22984_/A           2.507400    2.910876   -0.403476 (VIOLATED)
m.u_conv3.u_weights._27017_/A           2.507400    2.910531   -0.403130 (VIOLATED)
m.u_conv3.u_weights._19816_/A           2.507400    2.910500   -0.403100 (VIOLATED)
m.u_conv3.u_weights._31506_/A           2.507400    2.910490   -0.403089 (VIOLATED)
m.u_conv3.u_weights._31505_/A           2.507400    2.910486   -0.403086 (VIOLATED)
m.u_conv3.u_weights._24957_/A           2.507400    2.910481   -0.403081 (VIOLATED)
m.u_conv3.u_weights._24958_/A           2.507400    2.910478   -0.403078 (VIOLATED)
m.u_conv3.u_weights._17781_/A           2.507400    2.910372   -0.402972 (VIOLATED)
m.u_conv3.u_weights._29878_/A           2.507400    2.910312   -0.402912 (VIOLATED)
m.u_conv3.u_weights._29884_/A1          2.507400    2.910304   -0.402904 (VIOLATED)
m.u_conv3.u_weights._17765_/A           2.507400    2.910241   -0.402841 (VIOLATED)
m.u_conv3.u_weights._23524_/A           2.507400    2.910167   -0.402766 (VIOLATED)
m.u_conv3.u_weights._19842_/A1          2.507400    2.910161   -0.402761 (VIOLATED)
m.u_conv3.u_weights._22524_/A           2.507400    2.910143   -0.402743 (VIOLATED)
m.u_conv3.u_weights._21902_/A           2.507400    2.910105   -0.402705 (VIOLATED)
m.u_conv3.u_weights._28383_/A           2.507400    2.910050   -0.402650 (VIOLATED)
m.u_conv3.u_weights._16751_/A           2.507400    2.910038   -0.402638 (VIOLATED)
m.u_conv3.u_weights._31287_/A           2.507400    2.909917   -0.402517 (VIOLATED)
m.u_conv3.u_weights._29640_/A           2.507400    2.909890   -0.402490 (VIOLATED)
m.u_conv3.u_weights._18126_/A           2.507400    2.909721   -0.402321 (VIOLATED)
m.u_conv3.u_weights._20053_/A           2.507400    2.909691   -0.402291 (VIOLATED)
m.u_conv3.u_weights._24747_/A           2.507400    2.909640   -0.402240 (VIOLATED)
m.u_conv3.u_weights._23747_/B           2.507400    2.909635   -0.402235 (VIOLATED)
m.u_conv3.u_weights._25295_/A           2.507400    2.909516   -0.402116 (VIOLATED)
m.u_conv3.u_weights._30149_/A1          2.507400    2.909493   -0.402093 (VIOLATED)
m.u_conv3.u_weights._25682_/A           2.507400    2.909472   -0.402072 (VIOLATED)
m.u_conv3.u_weights._18267_/B           2.507400    2.909448   -0.402048 (VIOLATED)
m.u_conv3.u_weights._17505_/A           2.507400    2.909424   -0.402024 (VIOLATED)
m.u_conv3.u_weights._30195_/A           2.507400    2.909229   -0.401828 (VIOLATED)
m.u_conv3.u_weights._30186_/A1          2.507400    2.909175   -0.401775 (VIOLATED)
m.u_conv3.u_weights._29346_/B           2.507400    2.908950   -0.401549 (VIOLATED)
m.u_conv3.u_weights._21465_/A           2.507400    2.908921   -0.401521 (VIOLATED)
m.u_conv3.u_weights._29345_/B           2.507400    2.908881   -0.401481 (VIOLATED)
m.u_conv3.u_weights._18538_/A           2.507400    2.908871   -0.401471 (VIOLATED)
m.u_conv3.u_weights._27925_/A1          2.507400    2.908857   -0.401457 (VIOLATED)
m.u_conv3.u_weights._26228_/B           2.507400    2.908853   -0.401452 (VIOLATED)
m.u_conv3.u_weights._26319_/A2          2.507400    2.908853   -0.401452 (VIOLATED)
m.u_conv3.u_weights._27841_/A           2.507400    2.908833   -0.401432 (VIOLATED)
m.u_conv3.u_weights._24585_/A           2.507400    2.908714   -0.401314 (VIOLATED)
m.u_conv3.u_weights._28533_/A           2.507400    2.908684   -0.401284 (VIOLATED)
m.u_conv3.u_weights._28346_/A           2.507400    2.908620   -0.401220 (VIOLATED)
m.u_conv3.u_weights._16847_/A           2.507400    2.908533   -0.401132 (VIOLATED)
m.u_conv3.u_weights._25653_/A           2.507400    2.908530   -0.401130 (VIOLATED)
m.u_conv3.u_weights._17109_/B           2.507400    2.908525   -0.401124 (VIOLATED)
m.u_conv3.u_weights._17108_/B           2.507400    2.908522   -0.401122 (VIOLATED)
m.u_conv3.u_weights._22809_/A           2.507400    2.908433   -0.401033 (VIOLATED)
m.u_conv3.u_weights._20808_/B           2.507400    2.908430   -0.401030 (VIOLATED)
m.u_conv3.u_weights._20807_/B           2.507400    2.908414   -0.401014 (VIOLATED)
m.u_conv3.u_weights._22807_/A           2.507400    2.908385   -0.400985 (VIOLATED)
m.u_conv3.u_weights._22808_/A           2.507400    2.908385   -0.400984 (VIOLATED)
m.u_conv3._509_/A                       2.507400    2.908284   -0.400884 (VIOLATED)
m.u_conv3._579_/Q                       2.507400    2.908284   -0.400884 (VIOLATED)
m.u_conv3.u_weights._21573_/A           2.507400    2.908008   -0.400608 (VIOLATED)
m.u_conv3.u_weights._26014_/A           2.507400    2.907999   -0.400598 (VIOLATED)
m.u_conv3.u_weights._21627_/A1          2.507400    2.907997   -0.400597 (VIOLATED)
m.u_conv3.u_weights._28199_/A           2.507400    2.907933   -0.400533 (VIOLATED)
m.u_conv3.u_weights._24256_/A           2.507400    2.907926   -0.400526 (VIOLATED)
m.u_conv3.u_weights._16428_/A           2.507400    2.907856   -0.400456 (VIOLATED)
m.u_conv3.u_weights._21079_/A           2.507400    2.907784   -0.400384 (VIOLATED)
m.u_conv3.u_weights._21077_/A           2.507400    2.907782   -0.400382 (VIOLATED)
m.u_conv3.u_weights._29009_/A           2.507400    2.907781   -0.400381 (VIOLATED)
m.u_conv3.u_weights._21078_/A           2.507400    2.907769   -0.400369 (VIOLATED)
m.u_conv3.u_weights._22519_/B           2.507400    2.907760   -0.400360 (VIOLATED)
m.u_conv3.u_weights._22520_/B           2.507400    2.907754   -0.400354 (VIOLATED)
m.u_conv3.u_weights._24723_/A           2.507400    2.907648   -0.400248 (VIOLATED)
m.u_conv3.u_weights._19805_/A           2.507400    2.907639   -0.400239 (VIOLATED)
m.u_conv3.u_weights._19844_/A1          2.507400    2.907614   -0.400213 (VIOLATED)
m.u_conv3.u_weights._18784_/A           2.507400    2.907537   -0.400137 (VIOLATED)
m.u_conv3.u_weights._20581_/A1          2.507400    2.907532   -0.400132 (VIOLATED)
m.u_conv3.u_weights._28773_/A           2.507400    2.907517   -0.400117 (VIOLATED)
m.u_conv3.u_weights._20579_/A           2.507400    2.907509   -0.400108 (VIOLATED)
m.u_conv3.u_weights._18102_/A           2.507400    2.907490   -0.400090 (VIOLATED)
m.u_conv3.u_weights._16178_/A1          2.507400    2.907439   -0.400039 (VIOLATED)
m.u_conv3.u_weights._15911_/A1          2.507400    2.907429   -0.400029 (VIOLATED)
m.u_conv3.u_weights._24669_/A1          2.507400    2.907426   -0.400026 (VIOLATED)
m.u_conv3.u_weights._15857_/A           2.507400    2.907400   -0.400000 (VIOLATED)
m.u_conv3.u_weights._22249_/A           2.507400    2.907395   -0.399995 (VIOLATED)
m.u_conv3.u_weights._30374_/A           2.507400    2.907350   -0.399950 (VIOLATED)
m.u_conv3.u_weights._30373_/A           2.507400    2.907349   -0.399949 (VIOLATED)
m.u_conv3.u_weights._18555_/A           2.507400    2.907307   -0.399907 (VIOLATED)
m.u_conv3.u_weights._18556_/A           2.507400    2.907267   -0.399867 (VIOLATED)
m.u_conv3.u_weights._26044_/A           2.507400    2.907225   -0.399825 (VIOLATED)
m.u_conv3.u_weights._30629_/A           2.507400    2.907223   -0.399823 (VIOLATED)
m.u_conv3.u_weights._30631_/A1          2.507400    2.907223   -0.399823 (VIOLATED)
m.u_conv3.u_weights._24466_/A           2.507400    2.907214   -0.399814 (VIOLATED)
m.u_conv3.u_weights._29264_/A           2.507400    2.907198   -0.399798 (VIOLATED)
m.u_conv3.u_weights._26675_/A           2.507400    2.907180   -0.399780 (VIOLATED)
m.u_conv3.u_weights._19322_/A1          2.507400    2.907160   -0.399760 (VIOLATED)
m.u_conv3.u_weights._30862_/A           2.507400    2.907144   -0.399744 (VIOLATED)
m.u_conv3.u_weights._30857_/A1          2.507400    2.907143   -0.399743 (VIOLATED)
m.u_conv3.u_weights._30915_/B           2.507400    2.907128   -0.399728 (VIOLATED)
m.u_conv3._482_/A                       2.507400    2.907122   -0.399722 (VIOLATED)
m.u_conv3._566_/Q                       2.507400    2.907122   -0.399722 (VIOLATED)
m.u_conv3.u_weights._30917_/A2          2.507400    2.907119   -0.399719 (VIOLATED)
m.u_conv3.u_weights._17316_/A           2.507400    2.907074   -0.399674 (VIOLATED)
m.u_conv3.u_weights._15813_/A           2.507400    2.907062   -0.399662 (VIOLATED)
m.u_conv3.u_weights._17012_/A           2.507400    2.907061   -0.399661 (VIOLATED)
m.u_conv3.u_weights._26890_/A           2.507400    2.907002   -0.399602 (VIOLATED)
m.u_conv3.u_weights._24467_/A           2.507400    2.906978   -0.399577 (VIOLATED)
m.u_conv3.u_weights._23262_/B           2.507400    2.906972   -0.399572 (VIOLATED)
m.u_conv3.u_weights._30682_/A           2.507400    2.906908   -0.399508 (VIOLATED)
m.u_conv3.u_weights._30683_/A           2.507400    2.906909   -0.399508 (VIOLATED)
m.u_conv3._419_/A1                      2.507400    2.906900   -0.399500 (VIOLATED)
m.u_conv3._525_/Q                       2.507400    2.906900   -0.399500 (VIOLATED)
m.u_conv3.u_weights._25375_/A           2.507400    2.906852   -0.399452 (VIOLATED)
m.u_conv3.u_weights._19540_/B           2.507400    2.906829   -0.399429 (VIOLATED)
m.u_conv3.u_weights._17602_/B           2.507400    2.906798   -0.399397 (VIOLATED)
m.u_conv3.u_weights._17605_/B           2.507400    2.906797   -0.399397 (VIOLATED)
m.u_conv3.u_weights._25516_/A           2.507400    2.906711   -0.399311 (VIOLATED)
m.u_conv3.u_weights._23538_/A           2.507400    2.906708   -0.399308 (VIOLATED)
m.u_conv3.u_weights._23593_/A1          2.507400    2.906702   -0.399301 (VIOLATED)
m.u_conv3.u_weights._17004_/A1          2.507400    2.906697   -0.399296 (VIOLATED)
m.u_conv3.u_weights._27829_/B           2.507400    2.906637   -0.399237 (VIOLATED)
m.u_conv3.u_weights._26387_/A1          2.507400    2.906557   -0.399157 (VIOLATED)
m.u_conv3.u_weights._22430_/A           2.507400    2.906527   -0.399127 (VIOLATED)
m.u_conv3.u_weights._22431_/A           2.507400    2.906419   -0.399019 (VIOLATED)
m.u_conv3.u_weights._19554_/B           2.507400    2.906241   -0.398841 (VIOLATED)
m.u_conv3.u_weights._15818_/A           2.507400    2.906182   -0.398782 (VIOLATED)
m.u_conv3.u_weights._27623_/A           2.507400    2.906136   -0.398736 (VIOLATED)
m.u_conv3.u_weights._25193_/A           2.507400    2.906109   -0.398709 (VIOLATED)
m.u_conv3.u_weights._25383_/A           2.507400    2.905869   -0.398469 (VIOLATED)
m.u_conv3.u_weights._25382_/A           2.507400    2.905866   -0.398466 (VIOLATED)
m.u_conv3.u_weights._25677_/A           2.507400    2.905591   -0.398191 (VIOLATED)
m.u_conv3.u_weights._21052_/B           2.507400    2.905515   -0.398115 (VIOLATED)
m.u_conv3.u_weights._21051_/B           2.507400    2.905509   -0.398109 (VIOLATED)
m.u_conv3.u_weights._18543_/A           2.507400    2.905432   -0.398031 (VIOLATED)
m.u_conv3.u_weights._29055_/A           2.507400    2.905264   -0.397864 (VIOLATED)
m.u_conv3.u_weights._25190_/A           2.507400    2.905228   -0.397828 (VIOLATED)
m.u_conv3.u_weights._30003_/A           2.507400    2.905212   -0.397812 (VIOLATED)
m.u_conv3.u_weights._24076_/A           2.507400    2.905114   -0.397714 (VIOLATED)
m.u_conv3.u_weights._28486_/A           2.507400    2.905058   -0.397658 (VIOLATED)
m.u_conv3.u_weights._17008_/A           2.507400    2.905036   -0.397636 (VIOLATED)
m.u_conv3.u_weights._17758_/B           2.507400    2.904891   -0.397491 (VIOLATED)
m.u_conv3.u_weights._17757_/B           2.507400    2.904814   -0.397414 (VIOLATED)
m.u_conv3.u_weights._16194_/A           2.507400    2.904804   -0.397403 (VIOLATED)
m.u_conv3.u_weights._17693_/A           2.507400    2.904727   -0.397327 (VIOLATED)
m.u_conv3.u_weights._26411_/A           2.507400    2.904712   -0.397312 (VIOLATED)
m.u_conv3.u_weights._17694_/A           2.507400    2.904568   -0.397168 (VIOLATED)
m.u_conv3.u_weights._16120_/A           2.507400    2.904478   -0.397078 (VIOLATED)
m.u_conv3.u_weights._16119_/A           2.507400    2.904478   -0.397078 (VIOLATED)
m.u_conv3.u_weights._27379_/A           2.507400    2.904414   -0.397014 (VIOLATED)
m.u_conv3.u_weights._28296_/A           2.507400    2.904349   -0.396948 (VIOLATED)
m.u_conv3.u_weights._28295_/A           2.507400    2.904346   -0.396946 (VIOLATED)
m.u_conv3.u_weights._27859_/A           2.507400    2.904341   -0.396940 (VIOLATED)
m.u_conv3.u_weights._28294_/A           2.507400    2.904337   -0.396937 (VIOLATED)
m.u_conv3.u_weights._24707_/A           2.507400    2.904040   -0.396640 (VIOLATED)
m.u_conv3.u_weights._21325_/B           2.507400    2.903974   -0.396574 (VIOLATED)
m.u_conv3.u_weights._30383_/A           2.507400    2.903883   -0.396483 (VIOLATED)
m.u_conv3.u_weights._30385_/A1          2.507400    2.903882   -0.396482 (VIOLATED)
m.u_conv3.u_weights._17245_/A           2.507400    2.903665   -0.396265 (VIOLATED)
m.u_conv3.u_weights._17230_/A           2.507400    2.903292   -0.395892 (VIOLATED)
m.u_conv3.u_weights._22279_/A1          2.507400    2.903034   -0.395634 (VIOLATED)
m.u_conv3.u_weights._15781_/A           2.507400    2.902828   -0.395427 (VIOLATED)
m.u_conv3.u_weights._27682_/A           2.507400    2.902744   -0.395344 (VIOLATED)
m.u_conv3.u_weights._29721_/A           2.507400    2.902721   -0.395321 (VIOLATED)
m.u_conv3.u_weights._29722_/A           2.507400    2.902709   -0.395308 (VIOLATED)
m.u_conv3.u_weights._16706_/B           2.507400    2.902662   -0.395262 (VIOLATED)
m.u_conv3.u_weights._22579_/A           2.507400    2.902548   -0.395148 (VIOLATED)
m.u_conv3.u_weights._19519_/B           2.507400    2.902511   -0.395110 (VIOLATED)
m.u_conv3.u_weights._19569_/A2          2.507400    2.902425   -0.395025 (VIOLATED)
m.u_conv3.u_weights._25208_/A2          2.507400    2.902222   -0.394822 (VIOLATED)
m.u_conv3.u_weights._28630_/A1          2.507400    2.902142   -0.394741 (VIOLATED)
m.u_conv3.u_weights._15899_/A1          2.507400    2.902108   -0.394708 (VIOLATED)
m.u_conv3.u_weights._28628_/A           2.507400    2.902051   -0.394651 (VIOLATED)
m.u_conv3.u_weights._21477_/A           2.507400    2.901982   -0.394582 (VIOLATED)
m.u_conv3.u_weights._21476_/A           2.507400    2.901979   -0.394579 (VIOLATED)
m.u_conv3.u_weights._24259_/A1          2.507400    2.901931   -0.394530 (VIOLATED)
m.u_conv3.u_weights._24215_/A           2.507400    2.901913   -0.394513 (VIOLATED)
m.u_conv3.u_weights._24012_/A           2.507400    2.901794   -0.394394 (VIOLATED)
m.u_conv3.u_weights._29042_/A           2.507400    2.901791   -0.394391 (VIOLATED)
m.u_conv3.u_weights._29038_/A1          2.507400    2.901783   -0.394383 (VIOLATED)
m.u_conv3.u_weights._18252_/A           2.507400    2.901680   -0.394280 (VIOLATED)
m.u_conv3.u_weights._20301_/A           2.507400    2.901499   -0.394099 (VIOLATED)
m.u_conv3.u_weights._26140_/A           2.507400    2.901004   -0.393604 (VIOLATED)
m.u_conv3.u_weights._28915_/A           2.507400    2.900929   -0.393529 (VIOLATED)
m.u_conv3.u_weights._23158_/A           2.507400    2.900609   -0.393209 (VIOLATED)
m.u_conv3.u_weights._18754_/A           2.507400    2.900228   -0.392828 (VIOLATED)
m.u_conv3.u_weights._16201_/A           2.507400    2.900198   -0.392798 (VIOLATED)
m.u_conv3.u_weights._29687_/A           2.507400    2.899965   -0.392565 (VIOLATED)
m.u_conv3.u_weights._16483_/A1          2.507400    2.899934   -0.392533 (VIOLATED)
m.u_conv3.u_weights._16174_/A1          2.507400    2.899546   -0.392145 (VIOLATED)
m.u_conv3.u_weights._21321_/A           2.507400    2.899419   -0.392019 (VIOLATED)
m.u_conv3.u_weights._20606_/A           2.507400    2.899217   -0.391817 (VIOLATED)
m.u_conv3.u_weights._25670_/A           2.507400    2.899149   -0.391749 (VIOLATED)
m.u_conv3.u_weights._28408_/A           2.507400    2.899128   -0.391728 (VIOLATED)
m.u_conv3.u_weights._19304_/A           2.507400    2.899126   -0.391726 (VIOLATED)
m.u_conv3.u_weights._19305_/A           2.507400    2.899125   -0.391724 (VIOLATED)
m.u_conv3.u_weights._27142_/A1          2.507400    2.899115   -0.391715 (VIOLATED)
m.u_conv3.u_weights._30489_/A           2.507400    2.899112   -0.391712 (VIOLATED)
m.u_conv3.u_weights._26728_/A           2.507400    2.899093   -0.391693 (VIOLATED)
m.u_conv3.u_weights._26727_/A           2.507400    2.899093   -0.391692 (VIOLATED)
m.u_conv3.u_weights._16406_/A           2.507400    2.899092   -0.391692 (VIOLATED)
m.u_conv3.u_weights._16407_/A           2.507400    2.899092   -0.391692 (VIOLATED)
m.u_conv3.u_weights._20343_/B           2.507400    2.899090   -0.391690 (VIOLATED)
m.u_conv3.u_weights._28194_/A           2.507400    2.899074   -0.391674 (VIOLATED)
m.u_conv3.u_weights._21900_/A           2.507400    2.899059   -0.391659 (VIOLATED)
m.u_conv3.u_weights._19064_/A           2.507400    2.899036   -0.391636 (VIOLATED)
m.u_conv3.u_weights._27129_/A           2.507400    2.899032   -0.391631 (VIOLATED)
m.u_conv3.u_weights._30235_/A           2.507400    2.899031   -0.391631 (VIOLATED)
m.u_conv3.u_weights._16791_/A           2.507400    2.898976   -0.391576 (VIOLATED)
m.u_conv3.u_weights._16797_/A1          2.507400    2.898976   -0.391575 (VIOLATED)
m.u_conv3.u_weights._27899_/A1          2.507400    2.898892   -0.391492 (VIOLATED)
m.u_conv3.u_weights._30683_/B           2.507400    2.898862   -0.391462 (VIOLATED)
m.u_conv3.u_weights._30682_/B           2.507400    2.898847   -0.391447 (VIOLATED)
m.u_conv3.u_weights._24453_/A           2.507400    2.898820   -0.391420 (VIOLATED)
m.u_conv3.u_weights._24496_/A1          2.507400    2.898820   -0.391420 (VIOLATED)
m.u_conv3.u_weights._20582_/A           2.507400    2.898718   -0.391318 (VIOLATED)
m.u_conv3.u_weights._20583_/A           2.507400    2.898718   -0.391318 (VIOLATED)
m.u_conv3.u_weights._18554_/A           2.507400    2.898698   -0.391298 (VIOLATED)
m.u_conv3.u_weights._18242_/A           2.507400    2.898696   -0.391296 (VIOLATED)
m.u_conv3.u_weights._18244_/A1          2.507400    2.898687   -0.391287 (VIOLATED)
m.u_conv3._423_/A1                      2.507400    2.898641   -0.391241 (VIOLATED)
m.u_conv3._529_/Q                       2.507400    2.898637   -0.391237 (VIOLATED)
m.u_conv3.u_weights._24612_/A           2.507400    2.898628   -0.391228 (VIOLATED)
m.u_conv3.u_weights._21324_/B           2.507400    2.898064   -0.390664 (VIOLATED)
m.u_conv3.u_weights._23751_/A           2.507400    2.896977   -0.389577 (VIOLATED)
m.u_conv3.u_weights._28787_/A           2.507400    2.896734   -0.389334 (VIOLATED)
m.u_conv3.u_weights._26157_/A           2.507400    2.896650   -0.389250 (VIOLATED)
m.u_conv3.u_weights._23266_/A           2.507400    2.896628   -0.389228 (VIOLATED)
m.u_conv3.u_weights._23267_/A           2.507400    2.896611   -0.389211 (VIOLATED)
m.u_conv3.u_weights._26915_/A           2.507400    2.896571   -0.389171 (VIOLATED)
m.u_conv3.u_weights._26914_/A           2.507400    2.896474   -0.389074 (VIOLATED)
m.u_conv3.u_weights._23825_/A           2.507400    2.896202   -0.388802 (VIOLATED)
m.u_conv3.u_weights._18565_/A           2.507400    2.896132   -0.388732 (VIOLATED)
m.u_conv3.u_weights._25594_/A           2.507400    2.896083   -0.388683 (VIOLATED)
m.u_conv3.u_weights._18768_/A           2.507400    2.896072   -0.388672 (VIOLATED)
m.u_conv3.u_weights._27128_/A           2.507400    2.896047   -0.388646 (VIOLATED)
m.u_conv3.u_weights._21594_/A           2.507400    2.895888   -0.388488 (VIOLATED)
m.u_conv3.u_weights._20300_/A           2.507400    2.895765   -0.388365 (VIOLATED)
m.u_conv3.u_weights._16706_/A           2.507400    2.895761   -0.388361 (VIOLATED)
m.u_conv3.u_weights._17108_/A           2.507400    2.895750   -0.388350 (VIOLATED)
m.u_conv3.u_weights._17109_/A           2.507400    2.895748   -0.388348 (VIOLATED)
m.u_conv3.u_weights._16661_/A           2.507400    2.895720   -0.388319 (VIOLATED)
m.u_conv3.u_weights._25900_/A           2.507400    2.895705   -0.388305 (VIOLATED)
m.u_conv3.u_weights._25901_/A           2.507400    2.895705   -0.388305 (VIOLATED)
m.u_conv3.u_weights._26644_/A1          2.507400    2.895705   -0.388305 (VIOLATED)
m.u_conv3.u_weights._26646_/A           2.507400    2.895705   -0.388305 (VIOLATED)
m.u_conv3.u_weights._19178_/A           2.507400    2.895692   -0.388292 (VIOLATED)
m.u_conv3.u_weights._19177_/A           2.507400    2.895691   -0.388291 (VIOLATED)
m.u_conv3.u_weights._16708_/B           2.507400    2.895673   -0.388273 (VIOLATED)
m.u_conv3.u_weights._19179_/A           2.507400    2.895643   -0.388243 (VIOLATED)
m.u_conv3.u_weights._27192_/A1          2.507400    2.895614   -0.388213 (VIOLATED)
m.u_conv3.u_weights._20594_/A1          2.507400    2.895611   -0.388211 (VIOLATED)
m.u_conv3.u_weights._16708_/A           2.507400    2.895605   -0.388205 (VIOLATED)
m.u_conv3.u_weights._20596_/A           2.507400    2.895579   -0.388179 (VIOLATED)
m.u_conv3.u_weights._22544_/A           2.507400    2.895524   -0.388124 (VIOLATED)
m.u_conv3.u_weights._30660_/A           2.507400    2.895471   -0.388071 (VIOLATED)
m.u_conv3.u_weights._30661_/A           2.507400    2.895471   -0.388070 (VIOLATED)
m.u_conv3.u_weights._18369_/A           2.507400    2.895456   -0.388056 (VIOLATED)
m.u_conv3._431_/A1                      2.507400    2.895368   -0.387968 (VIOLATED)
m.u_conv3._536_/Q                       2.507400    2.895368   -0.387968 (VIOLATED)
m.u_conv3.u_weights._19530_/A           2.507400    2.895348   -0.387947 (VIOLATED)
m.u_conv3.u_weights._28916_/A           2.507400    2.895268   -0.387868 (VIOLATED)
m.u_conv3.u_weights._28926_/A1          2.507400    2.895263   -0.387863 (VIOLATED)
m.u_conv3.u_weights._26169_/A           2.507400    2.895051   -0.387651 (VIOLATED)
m.u_conv3.u_weights._26232_/A1          2.507400    2.895040   -0.387640 (VIOLATED)
m.u_conv3.u_weights._18359_/A           2.507400    2.894963   -0.387562 (VIOLATED)
m.u_conv3.u_weights._29760_/A1          2.507400    2.894960   -0.387560 (VIOLATED)
m.u_conv3.u_weights._21168_/A           2.507400    2.894945   -0.387545 (VIOLATED)
m.u_conv3.u_weights._25203_/A           2.507400    2.894694   -0.387294 (VIOLATED)
m.u_conv3.u_weights._21064_/A           2.507400    2.894631   -0.387231 (VIOLATED)
m.u_conv3.u_weights._18221_/A           2.507400    2.894613   -0.387212 (VIOLATED)
m.u_conv3.u_weights._23039_/A           2.507400    2.894595   -0.387195 (VIOLATED)
m.u_conv3.u_weights._23035_/A           2.507400    2.894573   -0.387173 (VIOLATED)
m.u_conv3.u_weights._29490_/A           2.507400    2.894452   -0.387052 (VIOLATED)
m.u_conv3.u_weights._16362_/A           2.507400    2.894448   -0.387048 (VIOLATED)
m.u_conv3.u_weights._16367_/A1          2.507400    2.894441   -0.387041 (VIOLATED)
m.u_conv3.u_weights._18819_/A1          2.507400    2.894410   -0.387010 (VIOLATED)
m.u_conv3.u_weights._23543_/A1          2.507400    2.894321   -0.386921 (VIOLATED)
m.u_conv3.u_weights._23522_/A           2.507400    2.894281   -0.386881 (VIOLATED)
m.u_conv3.u_weights._27602_/A           2.507400    2.894214   -0.386814 (VIOLATED)
m.u_conv3.u_weights._27603_/A           2.507400    2.894200   -0.386799 (VIOLATED)
m.u_conv3.u_weights._26098_/A           2.507400    2.893944   -0.386543 (VIOLATED)
m.u_conv3.u_weights._26100_/A1          2.507400    2.893943   -0.386543 (VIOLATED)
m.u_conv3.u_weights._30020_/A1          2.507400    2.893924   -0.386524 (VIOLATED)
m.u_conv3.u_weights._23743_/A           2.507400    2.893907   -0.386506 (VIOLATED)
m.u_conv3.u_weights._20344_/A           2.507400    2.893896   -0.386496 (VIOLATED)
m.u_conv3.u_weights._28488_/A1          2.507400    2.893849   -0.386449 (VIOLATED)
m.u_conv3.u_weights._28493_/A           2.507400    2.893848   -0.386448 (VIOLATED)
m.u_conv3.u_weights._28064_/A2          2.507400    2.893808   -0.386408 (VIOLATED)
m.u_conv3.u_weights._28062_/B           2.507400    2.893805   -0.386405 (VIOLATED)
m.u_conv3.u_weights._19842_/A2          2.507400    2.893705   -0.386305 (VIOLATED)
m.u_conv3.u_weights._27101_/A           2.507400    2.893571   -0.386171 (VIOLATED)
m.u_conv3.u_weights._24273_/A1          2.507400    2.893446   -0.386046 (VIOLATED)
m.u_conv3.u_weights._27157_/A1          2.507400    2.893145   -0.385745 (VIOLATED)
m.u_conv3.u_weights._26791_/A           2.507400    2.893025   -0.385625 (VIOLATED)
m.u_conv3.u_weights._25829_/A1          2.507400    2.893021   -0.385621 (VIOLATED)
m.u_conv3.u_weights._19231_/A           2.507400    2.893021   -0.385620 (VIOLATED)
m.u_conv3.u_weights._19232_/A           2.507400    2.893021   -0.385621 (VIOLATED)
m.u_conv3.u_weights._29431_/A           2.507400    2.893010   -0.385610 (VIOLATED)
m.u_conv3._488_/A                       2.507400    2.892986   -0.385586 (VIOLATED)
m.u_conv3._569_/Q                       2.507400    2.892986   -0.385586 (VIOLATED)
m.u_conv3.u_weights._17639_/A           2.507400    2.892936   -0.385536 (VIOLATED)
m.u_conv3.u_weights._17758_/A           2.507400    2.892811   -0.385411 (VIOLATED)
m.u_conv3.u_weights._21218_/A           2.507400    2.892414   -0.385014 (VIOLATED)
m.u_conv3.u_weights._20816_/A           2.507400    2.892411   -0.385010 (VIOLATED)
m.u_conv3.u_weights._17757_/A           2.507400    2.892400   -0.385000 (VIOLATED)
m.u_conv3.u_weights._24036_/A1          2.507400    2.892384   -0.384984 (VIOLATED)
m.u_conv3.u_weights._21219_/A           2.507400    2.892267   -0.384867 (VIOLATED)
m.u_conv3.u_weights._16188_/B           2.507400    2.892190   -0.384790 (VIOLATED)
m.u_conv3.u_weights._29011_/A           2.507400    2.892014   -0.384613 (VIOLATED)
m.u_conv3.u_weights._17366_/A           2.507400    2.891994   -0.384594 (VIOLATED)
m.u_conv3.u_weights._17367_/A           2.507400    2.891932   -0.384531 (VIOLATED)
m.u_conv3.u_weights._20940_/B           2.507400    2.891730   -0.384329 (VIOLATED)
m.u_conv3.u_weights._20942_/A2          2.507400    2.891728   -0.384328 (VIOLATED)
m.u_conv3.u_weights._22524_/B           2.507400    2.891621   -0.384221 (VIOLATED)
m.u_conv3.u_weights._19292_/A           2.507400    2.891471   -0.384071 (VIOLATED)
m.u_conv3.u_weights._19696_/A           2.507400    2.891348   -0.383948 (VIOLATED)
m.u_conv3.u_weights._19705_/A1          2.507400    2.891335   -0.383935 (VIOLATED)
m.u_conv3.u_weights._31366_/A1          2.507400    2.890881   -0.383481 (VIOLATED)
m.u_conv3.u_weights._27754_/A2          2.507400    2.890848   -0.383448 (VIOLATED)
m.u_conv3.u_weights._29799_/A           2.507400    2.890594   -0.383194 (VIOLATED)
m.u_conv3.u_weights._28525_/A           2.507400    2.890567   -0.383167 (VIOLATED)
m.u_conv3.u_weights._24238_/B           2.507400    2.890486   -0.383086 (VIOLATED)
m.u_conv3.u_weights._28583_/A1          2.507400    2.890426   -0.383026 (VIOLATED)
m.u_conv3.u_weights._17311_/A           2.507400    2.890103   -0.382703 (VIOLATED)
m.u_conv3.u_weights._17312_/A           2.507400    2.890058   -0.382658 (VIOLATED)
m.u_conv3.u_weights._26990_/A           2.507400    2.890021   -0.382621 (VIOLATED)
m.u_conv3.u_weights._24746_/A           2.507400    2.890008   -0.382608 (VIOLATED)
m.u_conv3.u_weights._26991_/A           2.507400    2.889863   -0.382462 (VIOLATED)
m.u_conv3.u_weights._24239_/B           2.507400    2.889709   -0.382309 (VIOLATED)
m.u_conv3.u_weights._30508_/A           2.507400    2.889458   -0.382058 (VIOLATED)
m.u_conv3.u_weights._20545_/B           2.507400    2.889455   -0.382054 (VIOLATED)
m.u_conv3.u_weights._29037_/B           2.507400    2.889433   -0.382033 (VIOLATED)
m.u_conv3.u_weights._26734_/A           2.507400    2.889347   -0.381947 (VIOLATED)
m.u_conv3.u_weights._27365_/A           2.507400    2.889322   -0.381921 (VIOLATED)
m.u_conv3.u_weights._28174_/A           2.507400    2.889316   -0.381916 (VIOLATED)
m.u_conv3.u_weights._20045_/A           2.507400    2.889042   -0.381642 (VIOLATED)
m.u_conv3.u_weights._19062_/B           2.507400    2.889031   -0.381631 (VIOLATED)
m.u_conv3.u_weights._20046_/A           2.507400    2.888978   -0.381578 (VIOLATED)
m.u_conv3.u_weights._25023_/A           2.507400    2.888906   -0.381506 (VIOLATED)
m.u_conv3.u_weights._25029_/A1          2.507400    2.888906   -0.381506 (VIOLATED)
m.u_conv3.u_weights._23349_/A           2.507400    2.888747   -0.381346 (VIOLATED)
m.u_conv3.u_weights._23348_/A           2.507400    2.888746   -0.381346 (VIOLATED)
m.u_conv3.u_weights._17849_/A           2.507400    2.888670   -0.381270 (VIOLATED)
m.u_conv3.u_weights._17853_/A           2.507400    2.888666   -0.381266 (VIOLATED)
clk                                     2.507400    2.888651   -0.381251 (VIOLATED)
m.u_conv3.u_weights._24738_/B           2.507400    2.888598   -0.381198 (VIOLATED)
m.u_conv3.u_weights._19803_/B           2.507400    2.888546   -0.381146 (VIOLATED)
m.u_conv3.u_weights._17475_/A           2.507400    2.888528   -0.381128 (VIOLATED)
m.u_conv3.u_weights._27013_/A           2.507400    2.888482   -0.381082 (VIOLATED)
m.u_conv3.u_weights._27025_/A1          2.507400    2.888458   -0.381058 (VIOLATED)
m.u_conv3.u_weights._19802_/B           2.507400    2.888399   -0.380999 (VIOLATED)
m.u_conv3.u_weights._28099_/A           2.507400    2.888299   -0.380899 (VIOLATED)
m.u_conv3.u_weights._23497_/B           2.507400    2.888286   -0.380886 (VIOLATED)
m.u_conv3.u_weights._27363_/A1          2.507400    2.888258   -0.380858 (VIOLATED)
m.u_conv3.u_weights._28100_/A           2.507400    2.888144   -0.380744 (VIOLATED)
m.u_conv3.u_weights._31183_/A           2.507400    2.888141   -0.380741 (VIOLATED)
m.u_conv3.u_weights._31188_/A1          2.507400    2.888019   -0.380619 (VIOLATED)
m.u_conv3.u_weights._19841_/A1          2.507400    2.887953   -0.380553 (VIOLATED)
m.u_conv3.u_weights._21999_/A           2.507400    2.887748   -0.380348 (VIOLATED)
m.u_conv3.u_weights._17745_/A           2.507400    2.887626   -0.380226 (VIOLATED)
m.u_conv3.u_weights._17801_/A1          2.507400    2.887613   -0.380213 (VIOLATED)
m.u_conv3.u_weights._22297_/B           2.507400    2.887613   -0.380213 (VIOLATED)
m.u_conv3.u_weights._21503_/A           2.507400    2.887408   -0.380008 (VIOLATED)
m.u_conv3.u_weights._24512_/B           2.507400    2.887282   -0.379881 (VIOLATED)
m.u_conv3.u_weights._21506_/A1          2.507400    2.887067   -0.379667 (VIOLATED)
m.u_conv3.u_weights._21501_/A           2.507400    2.886973   -0.379573 (VIOLATED)
m.u_conv3.u_weights._19828_/A           2.507400    2.886500   -0.379100 (VIOLATED)
m.u_conv3.u_weights._23499_/A           2.507400    2.886346   -0.378946 (VIOLATED)
m.u_conv3.u_weights._23498_/A           2.507400    2.886324   -0.378924 (VIOLATED)
m.u_conv3.u_weights._31392_/A1          2.507400    2.886315   -0.378914 (VIOLATED)
m.u_conv3.u_weights._24513_/B           2.507400    2.886115   -0.378715 (VIOLATED)
m.u_conv3.u_weights._31396_/A           2.507400    2.885908   -0.378508 (VIOLATED)
m.u_conv3.u_weights._28575_/A1          2.507400    2.885813   -0.378413 (VIOLATED)
m.u_conv3._484_/A                       2.507400    2.885779   -0.378379 (VIOLATED)
m.u_conv3._567_/Q                       2.507400    2.885775   -0.378375 (VIOLATED)
m.u_conv3.u_weights._25049_/A           2.507400    2.885484   -0.378084 (VIOLATED)
m.u_conv3.u_weights._24739_/B           2.507400    2.885460   -0.378060 (VIOLATED)
m.u_conv3.u_weights._28761_/A1          2.507400    2.885330   -0.377930 (VIOLATED)
m.u_conv3.u_weights._17747_/A           2.507400    2.885096   -0.377695 (VIOLATED)
m.u_conv3.u_weights._28447_/B           2.507400    2.885017   -0.377617 (VIOLATED)
m.u_conv3.u_weights._28446_/B           2.507400    2.885015   -0.377615 (VIOLATED)
m.u_conv3.u_weights._18585_/A1          2.507400    2.884796   -0.377396 (VIOLATED)
m.u_conv3.u_weights._19296_/A           2.507400    2.884735   -0.377334 (VIOLATED)
m.u_conv3.u_weights._19295_/A           2.507400    2.884732   -0.377332 (VIOLATED)
m.u_conv3.u_weights._19897_/A           2.507400    2.884710   -0.377310 (VIOLATED)
m.u_conv3.u_weights._28323_/A           2.507400    2.884633   -0.377233 (VIOLATED)
m.u_conv3.u_weights._28319_/A1          2.507400    2.884617   -0.377216 (VIOLATED)
m.u_conv3.u_weights._20079_/B           2.507400    2.884575   -0.377175 (VIOLATED)
m.u_conv3.u_weights._15783_/A           2.507400    2.884474   -0.377074 (VIOLATED)
m.u_conv3.u_weights._19300_/B           2.507400    2.884452   -0.377052 (VIOLATED)
m.u_conv3.u_weights._19301_/B           2.507400    2.884402   -0.377002 (VIOLATED)
m.u_conv3.u_weights._19302_/B           2.507400    2.884353   -0.376952 (VIOLATED)
m.u_conv3.u_weights._22821_/A           2.507400    2.884300   -0.376900 (VIOLATED)
m.u_conv3.u_weights._25709_/A1          2.507400    2.884211   -0.376811 (VIOLATED)
m.u_conv3.u_weights._25664_/A           2.507400    2.884187   -0.376787 (VIOLATED)
m.u_conv3.u_weights._16681_/A           2.507400    2.884042   -0.376642 (VIOLATED)
m.u_conv3.u_weights._22195_/A           2.507400    2.883896   -0.376496 (VIOLATED)
m.u_conv3.u_weights._30389_/A           2.507400    2.883888   -0.376488 (VIOLATED)
m.u_conv3.u_weights._30997_/A           2.507400    2.883581   -0.376181 (VIOLATED)
m.u_conv3.u_weights._26413_/A           2.507400    2.883055   -0.375655 (VIOLATED)
m.u_conv3.u_weights._25315_/A           2.507400    2.882789   -0.375389 (VIOLATED)
m.u_conv3.u_weights._25319_/A1          2.507400    2.882786   -0.375386 (VIOLATED)
m.u_conv3.u_weights._24493_/A           2.507400    2.882673   -0.375273 (VIOLATED)
m.u_conv3.u_weights._17084_/B           2.507400    2.882222   -0.374822 (VIOLATED)
m.u_conv3.u_weights._17086_/A2          2.507400    2.882219   -0.374819 (VIOLATED)
m.u_conv3.u_weights._20732_/A           2.507400    2.882174   -0.374774 (VIOLATED)
m.u_conv3.u_weights._20745_/A1          2.507400    2.882162   -0.374762 (VIOLATED)
m.u_conv3.u_weights._16600_/A1          2.507400    2.882151   -0.374751 (VIOLATED)
m.u_conv3.u_weights._16506_/B           2.507400    2.882143   -0.374743 (VIOLATED)
m.u_conv3.u_weights._16588_/A           2.507400    2.882118   -0.374718 (VIOLATED)
m.u_conv3.u_weights._18540_/A           2.507400    2.882098   -0.374698 (VIOLATED)
m.u_conv3.u_weights._29265_/A           2.507400    2.881583   -0.374183 (VIOLATED)
m.u_conv3.u_weights._16004_/A           2.507400    2.881235   -0.373835 (VIOLATED)
m.u_conv3.u_weights._15776_/A           2.507400    2.881207   -0.373807 (VIOLATED)
m.u_conv3.u_weights._16005_/A           2.507400    2.881205   -0.373805 (VIOLATED)
m.u_conv3.u_weights._21655_/A           2.507400    2.881132   -0.373732 (VIOLATED)
m.u_conv3.u_weights._27659_/A1          2.507400    2.881101   -0.373701 (VIOLATED)
m.u_conv3.u_weights._28766_/A           2.507400    2.881063   -0.373663 (VIOLATED)
m.u_conv3.u_weights._19555_/A           2.507400    2.880954   -0.373554 (VIOLATED)
m.u_conv3.u_weights._16740_/A1          2.507400    2.880950   -0.373550 (VIOLATED)
m.u_conv3.u_weights._27852_/A           2.507400    2.880943   -0.373543 (VIOLATED)
m.u_conv3.u_weights._27907_/A1          2.507400    2.880943   -0.373543 (VIOLATED)
m.u_conv3.u_weights._24369_/A           2.507400    2.880913   -0.373513 (VIOLATED)
m.u_conv3.u_weights._21570_/A           2.507400    2.880886   -0.373485 (VIOLATED)
m.u_conv3.u_weights._26376_/A           2.507400    2.880817   -0.373417 (VIOLATED)
m.u_conv3.u_weights._20890_/A           2.507400    2.880785   -0.373385 (VIOLATED)
m.u_conv3.u_weights._26679_/A1          2.507400    2.880637   -0.373237 (VIOLATED)
m.u_conv3.u_weights._24455_/A           2.507400    2.880478   -0.373078 (VIOLATED)
m.u_conv3.u_weights._29154_/A           2.507400    2.880450   -0.373050 (VIOLATED)
m.u_conv3.u_weights._29155_/A           2.507400    2.880437   -0.373037 (VIOLATED)
m.u_conv3.u_weights._18765_/A           2.507400    2.880250   -0.372850 (VIOLATED)
m.u_conv3.u_weights._23085_/A           2.507400    2.880183   -0.372783 (VIOLATED)
m.u_conv3.u_weights._30434_/B           2.507400    2.880024   -0.372624 (VIOLATED)
m.u_conv3.u_weights._16683_/A           2.507400    2.880023   -0.372623 (VIOLATED)
m.u_conv3.u_weights._26610_/A           2.507400    2.880011   -0.372611 (VIOLATED)
m.u_conv3.u_weights._26612_/A1          2.507400    2.880011   -0.372611 (VIOLATED)
m.u_conv3.u_weights._19177_/B           2.507400    2.879975   -0.372575 (VIOLATED)
m.u_conv3.u_weights._19178_/B           2.507400    2.879975   -0.372574 (VIOLATED)
m.u_conv3.u_weights._19179_/B           2.507400    2.879937   -0.372537 (VIOLATED)
m.u_conv3.u_weights._22486_/A           2.507400    2.879913   -0.372513 (VIOLATED)
m.u_conv3.u_weights._30753_/A           2.507400    2.879913   -0.372512 (VIOLATED)
m.u_conv3.u_weights._30754_/A           2.507400    2.879913   -0.372513 (VIOLATED)
m.u_conv3.u_weights._18286_/A           2.507400    2.879904   -0.372503 (VIOLATED)
m.u_conv3.u_weights._18287_/A           2.507400    2.879904   -0.372504 (VIOLATED)
m.u_conv3._435_/A1                      2.507400    2.879841   -0.372441 (VIOLATED)
m.u_conv3._540_/Q                       2.507400    2.879836   -0.372436 (VIOLATED)
m.u_conv3.u_weights._23761_/A           2.507400    2.879635   -0.372234 (VIOLATED)
m.u_conv3.u_weights._29968_/A           2.507400    2.879469   -0.372069 (VIOLATED)
m.u_conv3.u_weights._29555_/A           2.507400    2.879412   -0.372012 (VIOLATED)
m.u_conv3.u_weights._18321_/A1          2.507400    2.879317   -0.371917 (VIOLATED)
m.u_conv3.u_weights._24001_/A           2.507400    2.878590   -0.371190 (VIOLATED)
m.u_conv3.u_weights._31128_/A2          2.507400    2.878363   -0.370963 (VIOLATED)
m.u_conv3.u_weights._27109_/A           2.507400    2.878231   -0.370831 (VIOLATED)
m.u_conv3.u_weights._31508_/A           2.507400    2.878159   -0.370759 (VIOLATED)
m.u_conv3.u_weights._31278_/A           2.507400    2.878072   -0.370672 (VIOLATED)
m.u_conv3.u_weights._31290_/A1          2.507400    2.878070   -0.370670 (VIOLATED)
m.u_conv3.u_weights._15822_/A           2.507400    2.878041   -0.370641 (VIOLATED)
m.u_conv3.u_weights._20255_/A2          2.507400    2.877896   -0.370496 (VIOLATED)
m.u_conv3.u_weights._20220_/B           2.507400    2.877888   -0.370488 (VIOLATED)
m.u_conv3.u_weights._19550_/A           2.507400    2.877885   -0.370485 (VIOLATED)
m.u_conv3.u_weights._15840_/A           2.507400    2.877585   -0.370185 (VIOLATED)
m.u_conv3.u_weights._21225_/A           2.507400    2.877323   -0.369923 (VIOLATED)
m.u_conv3.u_weights._30185_/A2          2.507400    2.877271   -0.369871 (VIOLATED)
m.u_conv3.u_weights._30183_/B           2.507400    2.877264   -0.369864 (VIOLATED)
m.u_conv3.u_weights._29671_/A           2.507400    2.877225   -0.369825 (VIOLATED)
m.u_conv3.u_weights._27880_/A           2.507400    2.876828   -0.369428 (VIOLATED)
m.u_conv3.u_weights._22202_/A1          2.507400    2.876582   -0.369182 (VIOLATED)
m.u_conv3.u_weights._29556_/A           2.507400    2.876510   -0.369110 (VIOLATED)
m.u_conv3.u_weights._22190_/A           2.507400    2.876507   -0.369107 (VIOLATED)
m.u_conv3.u_weights._26502_/A           2.507400    2.876317   -0.368917 (VIOLATED)
m.u_conv3.u_weights._22058_/A           2.507400    2.876304   -0.368904 (VIOLATED)
m.u_conv3.u_weights._22057_/A           2.507400    2.876296   -0.368896 (VIOLATED)
m.u_conv3.u_weights._15811_/A           2.507400    2.876219   -0.368819 (VIOLATED)
m.u_conv3.u_weights._19752_/A           2.507400    2.876194   -0.368794 (VIOLATED)
m.u_conv3.u_weights._17665_/A           2.507400    2.876037   -0.368637 (VIOLATED)
m.u_conv3.u_weights._17670_/A           2.507400    2.876036   -0.368636 (VIOLATED)
m.u_conv3.u_weights._15836_/A           2.507400    2.875976   -0.368576 (VIOLATED)
m.u_conv3.u_weights._24420_/A           2.507400    2.875953   -0.368553 (VIOLATED)
m.u_conv3.u_weights._24419_/A           2.507400    2.875952   -0.368551 (VIOLATED)
m.u_conv3.u_weights._17106_/A           2.507400    2.875763   -0.368363 (VIOLATED)
m.u_conv3.u_weights._17114_/A1          2.507400    2.875763   -0.368362 (VIOLATED)
m.u_conv3.u_weights._20670_/A           2.507400    2.875509   -0.368109 (VIOLATED)
m.u_conv3.u_weights._29254_/A           2.507400    2.875497   -0.368097 (VIOLATED)
m.u_conv3.u_weights._29320_/A1          2.507400    2.875493   -0.368093 (VIOLATED)
m.u_conv3.u_weights._17237_/B           2.507400    2.875466   -0.368066 (VIOLATED)
m.u_conv3.u_weights._15837_/A           2.507400    2.875458   -0.368058 (VIOLATED)
m.u_conv3.u_weights._19269_/B           2.507400    2.875259   -0.367859 (VIOLATED)
m.u_conv3.u_weights._18275_/A           2.507400    2.875234   -0.367834 (VIOLATED)
m.u_conv3.u_weights._16332_/A           2.507400    2.875192   -0.367792 (VIOLATED)
m.u_conv3.u_weights._20892_/A           2.507400    2.874763   -0.367362 (VIOLATED)
m.u_conv3.u_weights._23941_/A           2.507400    2.873824   -0.366424 (VIOLATED)
m.u_conv3.u_weights._23942_/A           2.507400    2.873787   -0.366387 (VIOLATED)
m.u_conv3.u_weights._23528_/A           2.507400    2.873301   -0.365901 (VIOLATED)
m.u_conv3.u_weights._30567_/A           2.507400    2.873237   -0.365837 (VIOLATED)
m.u_conv3.u_weights._30566_/A           2.507400    2.873236   -0.365836 (VIOLATED)
m.u_conv3.u_weights._17405_/A           2.507400    2.873228   -0.365828 (VIOLATED)
m.u_conv3.u_weights._20539_/A1          2.507400    2.873216   -0.365816 (VIOLATED)
m.u_conv3.u_weights._26049_/A           2.507400    2.873176   -0.365776 (VIOLATED)
m.u_conv3.u_weights._26051_/A1          2.507400    2.873174   -0.365774 (VIOLATED)
m.u_conv3.u_weights._17408_/A1          2.507400    2.873167   -0.365766 (VIOLATED)
m.u_conv3.u_weights._26640_/A           2.507400    2.873121   -0.365721 (VIOLATED)
m.u_conv3.u_weights._17998_/B           2.507400    2.873099   -0.365699 (VIOLATED)
m.u_conv3.u_weights._17997_/B           2.507400    2.873054   -0.365654 (VIOLATED)
m.u_conv3.u_weights._17996_/B           2.507400    2.873047   -0.365647 (VIOLATED)
m.u_conv3.u_weights._18607_/A1          2.507400    2.872961   -0.365561 (VIOLATED)
m.u_conv3.u_weights._28139_/A           2.507400    2.872945   -0.365545 (VIOLATED)
m.u_conv3.u_weights._19554_/A           2.507400    2.872895   -0.365495 (VIOLATED)
m.u_conv3.u_weights._17771_/A           2.507400    2.872757   -0.365357 (VIOLATED)
m.u_conv3.u_weights._30920_/A           2.507400    2.872720   -0.365319 (VIOLATED)
m.u_conv3.u_weights._18969_/A           2.507400    2.872680   -0.365280 (VIOLATED)
m.u_conv3.u_weights._18968_/A           2.507400    2.872679   -0.365278 (VIOLATED)
m.u_conv3.u_weights._28565_/A           2.507400    2.872582   -0.365182 (VIOLATED)
m.u_conv3.u_weights._25111_/A           2.507400    2.872567   -0.365167 (VIOLATED)
m.u_conv3.u_weights._25120_/A1          2.507400    2.872564   -0.365163 (VIOLATED)
m.u_conv3.u_weights._30677_/A           2.507400    2.872455   -0.365055 (VIOLATED)
m.u_conv3.u_weights._30678_/A           2.507400    2.872436   -0.365036 (VIOLATED)
m.u_conv3.u_weights._21978_/A           2.507400    2.872321   -0.364921 (VIOLATED)
m.u_conv3.u_weights._23464_/A           2.507400    2.872315   -0.364915 (VIOLATED)
m.u_conv3.u_weights._22960_/A           2.507400    2.872272   -0.364872 (VIOLATED)
m.u_conv3.u_weights._22961_/A           2.507400    2.872267   -0.364867 (VIOLATED)
m.u_conv3.u_weights._27296_/A           2.507400    2.871926   -0.364526 (VIOLATED)
m.u_conv3.u_weights._27295_/A           2.507400    2.871919   -0.364519 (VIOLATED)
m.u_conv3._443_/A                       2.507400    2.871908   -0.364508 (VIOLATED)
m.u_conv3._544_/Q                       2.507400    2.871908   -0.364508 (VIOLATED)
m.u_conv3.u_weights._31550_/A           2.507400    2.871808   -0.364408 (VIOLATED)
m.u_conv3.u_weights._23087_/A           2.507400    2.871459   -0.364059 (VIOLATED)
m.u_conv3.u_weights._28284_/A1          2.507400    2.871070   -0.363670 (VIOLATED)
m.u_conv3.u_weights._19306_/A           2.507400    2.871012   -0.363612 (VIOLATED)
m.u_conv3.u_weights._19384_/A1          2.507400    2.870661   -0.363261 (VIOLATED)
m.u_conv3.u_weights._25741_/A           2.507400    2.870088   -0.362688 (VIOLATED)
m.u_conv3.u_weights._25740_/A           2.507400    2.870088   -0.362687 (VIOLATED)
m.u_conv3.u_weights._19284_/B           2.507400    2.870064   -0.362664 (VIOLATED)
m.u_conv3.u_weights._24778_/A1          2.507400    2.869884   -0.362484 (VIOLATED)
m.u_conv3.u_weights._24717_/A           2.507400    2.869881   -0.362481 (VIOLATED)
m.u_conv3.u_weights._23420_/A           2.507400    2.869719   -0.362319 (VIOLATED)
m.u_conv3.u_weights._23414_/A           2.507400    2.869717   -0.362317 (VIOLATED)
m.u_conv3.u_weights._19793_/A           2.507400    2.869532   -0.362132 (VIOLATED)
m.u_conv3.u_weights._25240_/A           2.507400    2.869502   -0.362102 (VIOLATED)
m.u_conv3.u_weights._17552_/A           2.507400    2.869399   -0.361999 (VIOLATED)
m.u_conv3.u_weights._25507_/A           2.507400    2.869399   -0.361999 (VIOLATED)
m.u_conv3.u_weights._21318_/A           2.507400    2.869395   -0.361995 (VIOLATED)
m.u_conv3.u_weights._21574_/A           2.507400    2.869390   -0.361990 (VIOLATED)
m.u_conv3.u_weights._24530_/A           2.507400    2.869277   -0.361877 (VIOLATED)
m.u_conv3.u_weights._26899_/A           2.507400    2.869239   -0.361839 (VIOLATED)
m.u_conv3.u_weights._25223_/A           2.507400    2.868620   -0.361219 (VIOLATED)
m.u_conv3.u_weights._28602_/A1          2.507400    2.868580   -0.361180 (VIOLATED)
m.u_conv3.u_weights._25224_/A           2.507400    2.868571   -0.361171 (VIOLATED)
m.u_conv3.u_weights._25048_/A           2.507400    2.868325   -0.360925 (VIOLATED)
m.u_conv3.u_weights._18503_/B           2.507400    2.868320   -0.360920 (VIOLATED)
m.u_conv3.u_weights._16643_/B           2.507400    2.868153   -0.360753 (VIOLATED)
m.u_conv3.u_weights._16645_/B           2.507400    2.868142   -0.360741 (VIOLATED)
m.u_conv3.u_weights._21521_/A           2.507400    2.868086   -0.360686 (VIOLATED)
m.u_conv3.u_weights._27358_/A1          2.507400    2.868051   -0.360651 (VIOLATED)
m.u_conv3.u_weights._21270_/A           2.507400    2.867865   -0.360465 (VIOLATED)
m.u_conv3.u_weights._21269_/A           2.507400    2.867803   -0.360403 (VIOLATED)
m.u_conv3.u_weights._27372_/A           2.507400    2.867518   -0.360118 (VIOLATED)
m.u_conv3.u_weights._18361_/A           2.507400    2.867479   -0.360078 (VIOLATED)
m.u_conv3.u_weights._17755_/A           2.507400    2.866949   -0.359548 (VIOLATED)
m.u_conv3.u_weights._17783_/A           2.507400    2.866946   -0.359546 (VIOLATED)
m.u_conv3.u_weights._30542_/B           2.507400    2.866629   -0.359229 (VIOLATED)
m.u_conv3.u_weights._30544_/A2          2.507400    2.866626   -0.359226 (VIOLATED)
m.u_conv3.u_weights._18641_/A1          2.507400    2.866595   -0.359194 (VIOLATED)
m.u_conv3.u_weights._26714_/B           2.507400    2.866583   -0.359183 (VIOLATED)
m.u_conv3.u_weights._26751_/A2          2.507400    2.866583   -0.359182 (VIOLATED)
m.u_conv3.u_weights._20335_/A           2.507400    2.866544   -0.359144 (VIOLATED)
m.u_conv3.u_weights._25959_/A           2.507400    2.866503   -0.359103 (VIOLATED)
m.u_conv3.u_weights._16486_/B           2.507400    2.866445   -0.359045 (VIOLATED)
m.u_conv3.u_weights._16861_/A1          2.507400    2.866432   -0.359031 (VIOLATED)
m.u_conv3.u_weights._16848_/A           2.507400    2.866430   -0.359030 (VIOLATED)
m.u_conv3.u_weights._16981_/A           2.507400    2.866396   -0.358995 (VIOLATED)
m.u_conv3.u_weights._19018_/A           2.507400    2.866348   -0.358948 (VIOLATED)
m.u_conv3.u_weights._22809_/B           2.507400    2.866339   -0.358939 (VIOLATED)
m.u_conv3.u_weights._22808_/B           2.507400    2.866329   -0.358929 (VIOLATED)
m.u_conv3.u_weights._22807_/B           2.507400    2.866328   -0.358928 (VIOLATED)
m.u_conv3.u_weights._23542_/A1          2.507400    2.866280   -0.358880 (VIOLATED)
m.u_conv3.u_weights._21832_/A           2.507400    2.866269   -0.358869 (VIOLATED)
m.u_conv3.u_weights._21830_/A1          2.507400    2.866248   -0.358848 (VIOLATED)
m.u_conv3.u_weights._20763_/A           2.507400    2.866181   -0.358781 (VIOLATED)
m.u_conv3.u_weights._20762_/A           2.507400    2.866159   -0.358759 (VIOLATED)
m.u_conv3.u_weights._16093_/A           2.507400    2.866074   -0.358674 (VIOLATED)
m.u_conv3.u_weights._20645_/A           2.507400    2.866040   -0.358640 (VIOLATED)
m.u_conv3.u_weights._30755_/A           2.507400    2.865520   -0.358120 (VIOLATED)
m.u_conv3.u_weights._18427_/A           2.507400    2.865516   -0.358116 (VIOLATED)
m.u_conv3._429_/A1                      2.507400    2.865511   -0.358111 (VIOLATED)
m.u_conv3._534_/Q                       2.507400    2.865511   -0.358111 (VIOLATED)
m.u_conv3.u_weights._24515_/A           2.507400    2.865239   -0.357839 (VIOLATED)
m.u_conv3.u_weights._24514_/A           2.507400    2.865225   -0.357825 (VIOLATED)
m.u_conv3.u_weights._20084_/A           2.507400    2.865131   -0.357731 (VIOLATED)
m.u_conv3.u_weights._20080_/A1          2.507400    2.864790   -0.357390 (VIOLATED)
m.u_conv3.u_weights._15872_/A           2.507400    2.864471   -0.357071 (VIOLATED)
m.u_conv3.u_weights._28820_/A           2.507400    2.864072   -0.356672 (VIOLATED)
m.u_conv3.u_weights._23159_/A           2.507400    2.864070   -0.356670 (VIOLATED)
m.u_conv3.u_weights._23167_/A1          2.507400    2.864062   -0.356661 (VIOLATED)
m.u_conv3.u_weights._18793_/A           2.507400    2.864020   -0.356620 (VIOLATED)
m.u_conv3.u_weights._18544_/A           2.507400    2.863865   -0.356465 (VIOLATED)
m.u_conv3.u_weights._17229_/A           2.507400    2.863758   -0.356358 (VIOLATED)
m.u_conv3.u_weights._18792_/A           2.507400    2.863525   -0.356125 (VIOLATED)
m.u_conv3.u_weights._18791_/A           2.507400    2.863499   -0.356099 (VIOLATED)
m.u_conv3.u_weights._27794_/A           2.507400    2.862573   -0.355173 (VIOLATED)
m.u_conv3.u_weights._27793_/A           2.507400    2.862571   -0.355171 (VIOLATED)
m.u_conv3.u_weights._23405_/A           2.507400    2.862448   -0.355048 (VIOLATED)
m.u_conv3.u_weights._23406_/A           2.507400    2.862447   -0.355046 (VIOLATED)
m.u_conv3.u_weights._24283_/A           2.507400    2.862424   -0.355024 (VIOLATED)
m.u_conv3.u_weights._26161_/A           2.507400    2.862291   -0.354891 (VIOLATED)
m.u_conv3.u_weights._26173_/A1          2.507400    2.862245   -0.354845 (VIOLATED)
m.u_conv3.u_weights._29196_/A           2.507400    2.861919   -0.354519 (VIOLATED)
m.u_conv3.u_weights._29197_/A           2.507400    2.861918   -0.354518 (VIOLATED)
m.u_conv3.u_weights._28407_/A           2.507400    2.861777   -0.354377 (VIOLATED)
m.u_conv3.u_weights._21576_/A           2.507400    2.861624   -0.354224 (VIOLATED)
m.u_conv3.u_weights._21426_/B           2.507400    2.861591   -0.354190 (VIOLATED)
m.u_conv3.u_weights._21428_/B           2.507400    2.861589   -0.354189 (VIOLATED)
m.u_conv3.u_weights._29983_/A           2.507400    2.861329   -0.353928 (VIOLATED)
m.u_conv3.u_weights._23555_/A1          2.507400    2.861238   -0.353838 (VIOLATED)
m.u_conv3.u_weights._24607_/A           2.507400    2.861235   -0.353835 (VIOLATED)
m.u_conv3.u_weights._24609_/A1          2.507400    2.861227   -0.353827 (VIOLATED)
m.u_conv3.u_weights._31020_/A           2.507400    2.861194   -0.353794 (VIOLATED)
m.u_conv3.u_weights._17533_/A           2.507400    2.861128   -0.353728 (VIOLATED)
m.u_conv3.u_weights._20301_/B           2.507400    2.861122   -0.353721 (VIOLATED)
m.u_conv3.u_weights._31019_/A           2.507400    2.861112   -0.353712 (VIOLATED)
m.u_conv3.u_weights._29282_/A           2.507400    2.861086   -0.353686 (VIOLATED)
m.u_conv3.u_weights._17534_/A           2.507400    2.861072   -0.353672 (VIOLATED)
m.u_conv3.u_weights._17532_/A           2.507400    2.861066   -0.353666 (VIOLATED)
m.u_conv3.u_weights._18591_/A1          2.507400    2.861015   -0.353614 (VIOLATED)
m.u_conv3.u_weights._18504_/A           2.507400    2.860886   -0.353486 (VIOLATED)
m.u_conv3.u_weights._22580_/A           2.507400    2.860559   -0.353158 (VIOLATED)
m.u_conv3.u_weights._22642_/A1          2.507400    2.860554   -0.353154 (VIOLATED)
m.u_conv3.u_weights._29796_/A           2.507400    2.860394   -0.352994 (VIOLATED)
m.u_conv3.u_weights._27584_/B           2.507400    2.860318   -0.352918 (VIOLATED)
m.u_conv3.u_weights._27626_/A2          2.507400    2.860261   -0.352861 (VIOLATED)
m.u_conv3.u_weights._27456_/A           2.507400    2.860155   -0.352755 (VIOLATED)
m.u_conv3.u_weights._19540_/A           2.507400    2.860063   -0.352663 (VIOLATED)
m.u_conv3.u_weights._29162_/A           2.507400    2.859851   -0.352451 (VIOLATED)
m.u_conv3.u_weights._29167_/A1          2.507400    2.859833   -0.352433 (VIOLATED)
m.u_conv3.u_weights._30570_/A           2.507400    2.859752   -0.352352 (VIOLATED)
m.u_conv3.u_weights._16425_/A           2.507400    2.859716   -0.352316 (VIOLATED)
m.u_conv3.u_weights._16426_/A           2.507400    2.859715   -0.352315 (VIOLATED)
m.u_conv3.u_weights._26618_/A           2.507400    2.859702   -0.352302 (VIOLATED)
m.u_conv3.u_weights._26661_/A1          2.507400    2.859699   -0.352299 (VIOLATED)
m.u_conv3.u_weights._25916_/A           2.507400    2.859693   -0.352293 (VIOLATED)
m.u_conv3.u_weights._25902_/A           2.507400    2.859693   -0.352292 (VIOLATED)
m.u_conv3.u_weights._28195_/A           2.507400    2.859682   -0.352282 (VIOLATED)
m.u_conv3.u_weights._28206_/A1          2.507400    2.859679   -0.352279 (VIOLATED)
m.u_conv3.u_weights._17998_/A           2.507400    2.859665   -0.352265 (VIOLATED)
m.u_conv3.u_weights._17997_/A           2.507400    2.859655   -0.352255 (VIOLATED)
m.u_conv3.u_weights._17996_/A           2.507400    2.859651   -0.352250 (VIOLATED)
m.u_conv3.u_weights._30332_/A           2.507400    2.859618   -0.352218 (VIOLATED)
m.u_conv3.u_weights._16723_/A1          2.507400    2.859610   -0.352210 (VIOLATED)
m.u_conv3.u_weights._16725_/A           2.507400    2.859608   -0.352208 (VIOLATED)
m.u_conv3.u_weights._20300_/B           2.507400    2.859561   -0.352161 (VIOLATED)
m.u_conv3.u_weights._26473_/A           2.507400    2.859511   -0.352111 (VIOLATED)
m.u_conv3.u_weights._18248_/A           2.507400    2.859496   -0.352096 (VIOLATED)
m.u_conv3.u_weights._22460_/A1          2.507400    2.859469   -0.352069 (VIOLATED)
m.u_conv3.u_weights._22440_/A           2.507400    2.859464   -0.352064 (VIOLATED)
m.u_conv3.u_weights._30752_/A           2.507400    2.859410   -0.352010 (VIOLATED)
m.u_conv3.u_weights._29277_/A           2.507400    2.859336   -0.351936 (VIOLATED)
m.u_conv3.u_weights._18416_/A           2.507400    2.859139   -0.351739 (VIOLATED)
m.u_conv3._434_/A1                      2.507400    2.859080   -0.351679 (VIOLATED)
m.u_conv3._539_/Q                       2.507400    2.859074   -0.351674 (VIOLATED)
m.u_conv3.u_weights._16412_/A           2.507400    2.857688   -0.350288 (VIOLATED)
m.u_conv3.u_weights._31180_/A           2.507400    2.857324   -0.349924 (VIOLATED)
m.u_conv3.u_weights._31179_/A           2.507400    2.857258   -0.349857 (VIOLATED)
m.u_conv3.u_weights._24007_/A           2.507400    2.856413   -0.349013 (VIOLATED)
m.u_conv3.u_weights._22128_/A           2.507400    2.856302   -0.348902 (VIOLATED)
m.u_conv3.u_weights._31546_/A           2.507400    2.855905   -0.348505 (VIOLATED)
m.u_conv3.u_weights._17078_/A           2.507400    2.855898   -0.348497 (VIOLATED)
m.u_conv3.u_weights._26071_/A           2.507400    2.855868   -0.348468 (VIOLATED)
m.u_conv3.u_weights._26072_/A           2.507400    2.855868   -0.348468 (VIOLATED)
m.u_conv3.u_weights._31545_/A           2.507400    2.855829   -0.348429 (VIOLATED)
m.u_conv3.u_weights._20536_/A           2.507400    2.855792   -0.348392 (VIOLATED)
m.u_conv3.u_weights._26745_/A           2.507400    2.855741   -0.348340 (VIOLATED)
m.u_conv3.u_weights._26746_/A           2.507400    2.855741   -0.348341 (VIOLATED)
m.u_conv3.u_weights._29284_/A           2.507400    2.855694   -0.348294 (VIOLATED)
m.u_conv3.u_weights._19136_/A           2.507400    2.855691   -0.348291 (VIOLATED)
m.u_conv3.u_weights._21993_/A           2.507400    2.855625   -0.348225 (VIOLATED)
m.u_conv3._475_/A                       2.507400    2.855548   -0.348148 (VIOLATED)
m.u_conv3._563_/Q                       2.507400    2.855548   -0.348148 (VIOLATED)
m.u_conv3.u_weights._25436_/A1          2.507400    2.855481   -0.348080 (VIOLATED)
m.u_conv3.u_weights._25440_/A           2.507400    2.855468   -0.348067 (VIOLATED)
m.u_conv3.u_weights._23591_/A           2.507400    2.855454   -0.348054 (VIOLATED)
m.u_conv3.u_weights._23590_/A           2.507400    2.855446   -0.348046 (VIOLATED)
m.u_conv3.u_weights._21111_/A2          2.507400    2.855141   -0.347741 (VIOLATED)
m.u_conv3.u_weights._23986_/A           2.507400    2.854959   -0.347558 (VIOLATED)
m.u_conv3.u_weights._16271_/A           2.507400    2.854867   -0.347466 (VIOLATED)
m.u_conv3.u_weights._18525_/B           2.507400    2.854761   -0.347361 (VIOLATED)
m.u_conv3.u_weights._20249_/A           2.507400    2.854216   -0.346815 (VIOLATED)
m.u_conv3.u_weights._20250_/A           2.507400    2.854198   -0.346798 (VIOLATED)
m.u_conv3.u_weights._28531_/A           2.507400    2.853783   -0.346382 (VIOLATED)
m.u_conv3.u_weights._26088_/A           2.507400    2.852410   -0.345010 (VIOLATED)
m.u_conv3.u_weights._26089_/A           2.507400    2.852410   -0.345010 (VIOLATED)
m.u_conv3.u_weights._30619_/A           2.507400    2.852340   -0.344940 (VIOLATED)
m.u_conv3.u_weights._30620_/A           2.507400    2.852340   -0.344940 (VIOLATED)
m.u_conv3.u_weights._19138_/A           2.507400    2.852265   -0.344865 (VIOLATED)
m.u_conv3.u_weights._20538_/A           2.507400    2.852193   -0.344793 (VIOLATED)
m.u_conv3.u_weights._20537_/A           2.507400    2.852192   -0.344792 (VIOLATED)
m.u_conv3.u_weights._17268_/A           2.507400    2.852064   -0.344663 (VIOLATED)
m.u_conv3.u_weights._29533_/A           2.507400    2.852020   -0.344620 (VIOLATED)
m.u_conv3.u_weights._17237_/A           2.507400    2.851842   -0.344442 (VIOLATED)
m.u_conv3.u_weights._21662_/A1          2.507400    2.851325   -0.343924 (VIOLATED)
m.u_conv3.u_weights._31372_/A           2.507400    2.850373   -0.342973 (VIOLATED)
m.u_conv3.u_weights._22338_/A           2.507400    2.850031   -0.342631 (VIOLATED)
m.u_conv3.u_weights._31156_/A           2.507400    2.850022   -0.342622 (VIOLATED)
m.u_conv3.u_weights._31152_/A           2.507400    2.850014   -0.342614 (VIOLATED)
m.u_conv3.u_weights._29607_/A           2.507400    2.849901   -0.342501 (VIOLATED)
m.u_conv3.u_weights._15785_/A           2.507400    2.849861   -0.342461 (VIOLATED)
m.u_conv3.u_weights._31408_/A1          2.507400    2.849155   -0.341755 (VIOLATED)
m.u_conv3.u_weights._30837_/A           2.507400    2.848027   -0.340627 (VIOLATED)
m.u_conv3.u_weights._30838_/A           2.507400    2.848003   -0.340602 (VIOLATED)
m.u_conv3.u_weights._25208_/A1          2.507400    2.847999   -0.340599 (VIOLATED)
m.u_conv3._492_/A                       2.507400    2.847494   -0.340094 (VIOLATED)
m.u_conv3._571_/Q                       2.507400    2.847471   -0.340071 (VIOLATED)
m.u_conv3.u_weights._26683_/A1          2.507400    2.846452   -0.339052 (VIOLATED)
m.u_conv3.u_weights._19806_/A           2.507400    2.846044   -0.338644 (VIOLATED)
m.u_conv3.u_weights._26670_/A           2.507400    2.845886   -0.338485 (VIOLATED)
m.u_conv3.u_weights._16525_/A1          2.507400    2.845806   -0.338406 (VIOLATED)
m.u_conv3.u_weights._21428_/A           2.507400    2.845656   -0.338256 (VIOLATED)
m.u_conv3.u_weights._21426_/A           2.507400    2.845651   -0.338251 (VIOLATED)
m.u_conv3.u_weights._27844_/A           2.507400    2.845530   -0.338130 (VIOLATED)
m.u_conv3.u_weights._21059_/B           2.507400    2.845352   -0.337952 (VIOLATED)
m.u_conv3.u_weights._18161_/A           2.507400    2.845148   -0.337748 (VIOLATED)
m.u_conv3.u_weights._27843_/A           2.507400    2.845111   -0.337711 (VIOLATED)
m.u_conv3.u_weights._22130_/A           2.507400    2.844902   -0.337502 (VIOLATED)
m.u_conv3.u_weights._22939_/B           2.507400    2.843513   -0.336113 (VIOLATED)
m.u_conv3.u_weights._22938_/B           2.507400    2.843511   -0.336111 (VIOLATED)
m.u_conv3.u_weights._28447_/A           2.507400    2.843208   -0.335808 (VIOLATED)
m.u_conv3.u_weights._28446_/A           2.507400    2.843201   -0.335801 (VIOLATED)
m.u_conv3.u_weights._16692_/B           2.507400    2.842592   -0.335192 (VIOLATED)
m.u_conv3.u_weights._16693_/B           2.507400    2.842439   -0.335039 (VIOLATED)
m.u_conv3.u_weights._19785_/B           2.507400    2.841958   -0.334558 (VIOLATED)
m.u_conv3.u_weights._17498_/A           2.507400    2.840567   -0.333167 (VIOLATED)
m.u_conv3.u_weights._17744_/B           2.507400    2.840483   -0.333083 (VIOLATED)
m.u_conv3.u_weights._17502_/A           2.507400    2.840462   -0.333062 (VIOLATED)
m.u_conv3.u_weights._19898_/A           2.507400    2.840436   -0.333036 (VIOLATED)
m.u_conv3.u_weights._22885_/A           2.507400    2.840250   -0.332850 (VIOLATED)
m.u_conv3.u_weights._22884_/A           2.507400    2.840241   -0.332841 (VIOLATED)
m.u_conv3.u_weights._17371_/A           2.507400    2.840011   -0.332611 (VIOLATED)
m.u_conv3.u_weights._17383_/A1          2.507400    2.840007   -0.332607 (VIOLATED)
m.u_conv3.u_weights._28285_/B           2.507400    2.839773   -0.332373 (VIOLATED)
m.u_conv3.u_weights._28286_/B           2.507400    2.839759   -0.332359 (VIOLATED)
m.u_conv3.u_weights._17465_/A           2.507400    2.839655   -0.332255 (VIOLATED)
m.u_conv3.u_weights._19299_/A           2.507400    2.839230   -0.331830 (VIOLATED)
m.u_conv3.u_weights._18517_/A           2.507400    2.838783   -0.331382 (VIOLATED)
m.u_conv3.u_weights._18053_/A           2.507400    2.837131   -0.329731 (VIOLATED)
m.u_conv3.u_weights._28912_/A           2.507400    2.836600   -0.329200 (VIOLATED)
m.u_conv3.u_weights._28911_/A           2.507400    2.836596   -0.329196 (VIOLATED)
m.u_conv3.u_weights._20213_/B           2.507400    2.836458   -0.329058 (VIOLATED)
m.u_conv3.u_weights._16945_/A           2.507400    2.836216   -0.328816 (VIOLATED)
m.u_conv3.u_weights._16996_/A1          2.507400    2.836211   -0.328811 (VIOLATED)
m.u_conv3.u_weights._18794_/A           2.507400    2.836144   -0.328744 (VIOLATED)
m.u_conv3.u_weights._22633_/A           2.507400    2.836107   -0.328706 (VIOLATED)
m.u_conv3.u_weights._19692_/A           2.507400    2.835982   -0.328582 (VIOLATED)
m.u_conv3.u_weights._19697_/A           2.507400    2.835980   -0.328580 (VIOLATED)
m.u_conv3.u_weights._27751_/A           2.507400    2.835829   -0.328429 (VIOLATED)
m.u_conv3.u_weights._27746_/A           2.507400    2.835827   -0.328427 (VIOLATED)
m.u_conv3.u_weights._15863_/A           2.507400    2.835821   -0.328421 (VIOLATED)
m.u_conv3.u_weights._29881_/A           2.507400    2.835768   -0.328368 (VIOLATED)
m.u_conv3.u_weights._23008_/A           2.507400    2.835428   -0.328028 (VIOLATED)
m.u_conv3.u_weights._23010_/A1          2.507400    2.835396   -0.327996 (VIOLATED)
m.u_conv3.u_weights._17723_/A           2.507400    2.835285   -0.327885 (VIOLATED)
m.u_conv3.u_weights._17722_/A           2.507400    2.835284   -0.327884 (VIOLATED)
m.u_conv3.u_weights._15779_/A           2.507400    2.834805   -0.327405 (VIOLATED)
m.u_conv3.u_weights._27120_/A           2.507400    2.834799   -0.327399 (VIOLATED)
m.u_conv3.u_weights._27121_/A           2.507400    2.834782   -0.327382 (VIOLATED)
m.u_conv3.u_weights._24556_/A           2.507400    2.834328   -0.326928 (VIOLATED)
m.u_conv3.u_weights._28292_/A           2.507400    2.833159   -0.325759 (VIOLATED)
m.u_conv3.u_weights._17460_/B           2.507400    2.833121   -0.325721 (VIOLATED)
m.u_conv3.u_weights._19856_/A1          2.507400    2.833099   -0.325699 (VIOLATED)
m.u_conv3.u_weights._24713_/A           2.507400    2.833062   -0.325662 (VIOLATED)
m.u_conv3.u_weights._20737_/A           2.507400    2.833001   -0.325601 (VIOLATED)
m.u_conv3.u_weights._20743_/A           2.507400    2.833002   -0.325602 (VIOLATED)
m.u_conv3.u_weights._26398_/A           2.507400    2.832995   -0.325594 (VIOLATED)
m.u_conv3.u_weights._26402_/A           2.507400    2.832993   -0.325593 (VIOLATED)
m.u_conv3.u_weights._16507_/A           2.507400    2.832811   -0.325411 (VIOLATED)
m.u_conv3.u_weights._15875_/A           2.507400    2.832728   -0.325328 (VIOLATED)
m.u_conv3.u_weights._30571_/A           2.507400    2.832543   -0.325143 (VIOLATED)
m.u_conv3.u_weights._30583_/A1          2.507400    2.832543   -0.325143 (VIOLATED)
m.u_conv3.u_weights._25878_/A           2.507400    2.832537   -0.325137 (VIOLATED)
m.u_conv3.u_weights._25877_/A           2.507400    2.832535   -0.325135 (VIOLATED)
m.u_conv3.u_weights._25573_/A           2.507400    2.832529   -0.325129 (VIOLATED)
m.u_conv3.u_weights._21829_/A           2.507400    2.832500   -0.325100 (VIOLATED)
m.u_conv3.u_weights._20328_/A           2.507400    2.832485   -0.325085 (VIOLATED)
m.u_conv3.u_weights._30579_/A           2.507400    2.832459   -0.325059 (VIOLATED)
m.u_conv3.u_weights._18280_/B           2.507400    2.832451   -0.325051 (VIOLATED)
m.u_conv3.u_weights._25958_/A           2.507400    2.832428   -0.325028 (VIOLATED)
m.u_conv3.u_weights._20362_/B           2.507400    2.832426   -0.325026 (VIOLATED)
m.u_conv3.u_weights._20363_/B           2.507400    2.832420   -0.325020 (VIOLATED)
m.u_conv3.u_weights._26713_/A           2.507400    2.832407   -0.325007 (VIOLATED)
m.u_conv3.u_weights._26756_/A1          2.507400    2.832407   -0.325007 (VIOLATED)
m.u_conv3.u_weights._28190_/A           2.507400    2.832392   -0.324992 (VIOLATED)
m.u_conv3.u_weights._28191_/A           2.507400    2.832392   -0.324992 (VIOLATED)
m.u_conv3.u_weights._29344_/A           2.507400    2.832384   -0.324983 (VIOLATED)
m.u_conv3.u_weights._29343_/A           2.507400    2.832381   -0.324981 (VIOLATED)
m.u_conv3.u_weights._18281_/A1          2.507400    2.832359   -0.324959 (VIOLATED)
m.u_conv3.u_weights._18285_/A           2.507400    2.832358   -0.324958 (VIOLATED)
m.u_conv3.u_weights._30751_/A           2.507400    2.832291   -0.324891 (VIOLATED)
m.u_conv3.u_weights._16425_/B           2.507400    2.832260   -0.324860 (VIOLATED)
m.u_conv3.u_weights._16426_/B           2.507400    2.832260   -0.324860 (VIOLATED)
m.u_conv3.u_weights._19023_/A           2.507400    2.832255   -0.324855 (VIOLATED)
m.u_conv3.u_weights._27449_/A           2.507400    2.832210   -0.324810 (VIOLATED)
m.u_conv3.u_weights._27448_/A           2.507400    2.832209   -0.324809 (VIOLATED)
m.u_conv3._451_/A                       2.507400    2.832192   -0.324792 (VIOLATED)
m.u_conv3.u_weights._19031_/A1          2.507400    2.832192   -0.324792 (VIOLATED)
m.u_conv3._548_/Q                       2.507400    2.832189   -0.324788 (VIOLATED)
m.u_conv3.u_weights._30693_/A           2.507400    2.832133   -0.324732 (VIOLATED)
m.u_conv3.u_weights._29269_/A           2.507400    2.831945   -0.324545 (VIOLATED)
m.u_conv3.u_weights._29037_/A           2.507400    2.831887   -0.324486 (VIOLATED)
m.u_conv3.u_weights._18536_/A           2.507400    2.831834   -0.324434 (VIOLATED)
m.u_conv3.u_weights._18537_/A           2.507400    2.831832   -0.324432 (VIOLATED)
m.u_conv3.u_weights._17052_/A           2.507400    2.831826   -0.324426 (VIOLATED)
m.u_conv3.u_weights._20672_/A           2.507400    2.831796   -0.324396 (VIOLATED)
m.u_conv3._430_/A1                      2.507400    2.831588   -0.324188 (VIOLATED)
m.u_conv3._535_/Q                       2.507400    2.831583   -0.324183 (VIOLATED)
m.u_conv3.u_weights._23268_/A           2.507400    2.830897   -0.323497 (VIOLATED)
m.u_conv3.u_weights._24156_/A           2.507400    2.830785   -0.323385 (VIOLATED)
m.u_conv3.u_weights._23269_/A           2.507400    2.830671   -0.323271 (VIOLATED)
m.u_conv3.u_weights._18790_/A           2.507400    2.829784   -0.322384 (VIOLATED)
m.u_conv3.u_weights._26883_/A           2.507400    2.829783   -0.322383 (VIOLATED)
m.u_conv3.u_weights._28865_/A           2.507400    2.829743   -0.322343 (VIOLATED)
m.u_conv3.u_weights._26217_/A           2.507400    2.829694   -0.322294 (VIOLATED)
m.u_conv3.u_weights._26884_/A           2.507400    2.829659   -0.322259 (VIOLATED)
m.u_conv3.u_weights._22628_/B           2.507400    2.829589   -0.322189 (VIOLATED)
m.u_conv3.u_weights._22644_/A2          2.507400    2.829562   -0.322162 (VIOLATED)
m.u_conv3.u_weights._24306_/A           2.507400    2.828720   -0.321320 (VIOLATED)
m.u_conv3.u_weights._23821_/B           2.507400    2.828270   -0.320870 (VIOLATED)
m.u_conv3.u_weights._23834_/A2          2.507400    2.828231   -0.320830 (VIOLATED)
m.u_conv3.u_weights._16182_/A           2.507400    2.827261   -0.319861 (VIOLATED)
m.u_conv3.u_weights._16183_/A           2.507400    2.827068   -0.319668 (VIOLATED)
m.u_conv3.u_weights._19523_/A           2.507400    2.826221   -0.318821 (VIOLATED)
m.u_conv3.u_weights._29758_/B           2.507400    2.825902   -0.318501 (VIOLATED)
m.u_conv3.u_weights._29757_/B           2.507400    2.825896   -0.318496 (VIOLATED)
m.u_conv3.u_weights._27691_/A           2.507400    2.824289   -0.316889 (VIOLATED)
m.u_conv3.u_weights._21478_/A1          2.507400    2.824261   -0.316861 (VIOLATED)
m.u_conv3.u_weights._28100_/B           2.507400    2.823973   -0.316573 (VIOLATED)
m.u_conv3.u_weights._24510_/A           2.507400    2.823963   -0.316563 (VIOLATED)
m.u_conv3.u_weights._25643_/A           2.507400    2.823794   -0.316394 (VIOLATED)
m.u_conv3.u_weights._25621_/A           2.507400    2.823792   -0.316392 (VIOLATED)
m.u_conv3.u_weights._27302_/A1          2.507400    2.823760   -0.316360 (VIOLATED)
m.u_conv3.u_weights._21061_/A           2.507400    2.823748   -0.316348 (VIOLATED)
m.u_conv3.u_weights._24506_/A1          2.507400    2.823731   -0.316331 (VIOLATED)
m.u_conv3.u_weights._23300_/B           2.507400    2.823705   -0.316305 (VIOLATED)
m.u_conv3.u_weights._28099_/B           2.507400    2.823573   -0.316173 (VIOLATED)
m.u_conv3.u_weights._21276_/A1          2.507400    2.823551   -0.316151 (VIOLATED)
m.u_conv3.u_weights._21297_/A           2.507400    2.823545   -0.316145 (VIOLATED)
m.u_conv3.u_weights._18854_/A           2.507400    2.822984   -0.315584 (VIOLATED)
m.u_conv3.u_weights._18853_/A           2.507400    2.822921   -0.315521 (VIOLATED)
m.u_conv3.u_weights._28783_/B           2.507400    2.822884   -0.315484 (VIOLATED)
m.u_conv3.u_weights._18852_/A           2.507400    2.822832   -0.315432 (VIOLATED)
m.u_conv3.u_weights._22628_/A           2.507400    2.822679   -0.315278 (VIOLATED)
m.u_conv3.u_weights._22644_/A1          2.507400    2.822657   -0.315257 (VIOLATED)
m.u_conv3.u_weights._31120_/A           2.507400    2.822474   -0.315074 (VIOLATED)
m.u_conv3.u_weights._31063_/A1          2.507400    2.822469   -0.315069 (VIOLATED)
m.u_conv3.u_weights._23831_/A           2.507400    2.822004   -0.314604 (VIOLATED)
m.u_conv3.u_weights._23830_/A           2.507400    2.821992   -0.314592 (VIOLATED)
m.u_conv3.u_weights._15773_/A           2.507400    2.821643   -0.314243 (VIOLATED)
m.u_conv3.u_weights._29805_/A           2.507400    2.821586   -0.314186 (VIOLATED)
m.u_conv3.u_weights._29808_/A1          2.507400    2.821580   -0.314180 (VIOLATED)
m.u_conv3.u_weights._29991_/A           2.507400    2.821246   -0.313846 (VIOLATED)
m.u_conv3.u_weights._19524_/A           2.507400    2.821229   -0.313828 (VIOLATED)
m.u_conv3.u_weights._16404_/A           2.507400    2.820986   -0.313585 (VIOLATED)
m.u_conv3.u_weights._27334_/A2          2.507400    2.820734   -0.313334 (VIOLATED)
m.u_conv3.u_weights._24240_/A           2.507400    2.820708   -0.313308 (VIOLATED)
m.u_conv3.u_weights._27332_/B           2.507400    2.820657   -0.313257 (VIOLATED)
m.u_conv3.u_weights._24246_/A           2.507400    2.820652   -0.313251 (VIOLATED)
m.u_conv3.u_weights._20619_/A1          2.507400    2.820640   -0.313240 (VIOLATED)
m.u_conv3.u_weights._24985_/A           2.507400    2.820112   -0.312712 (VIOLATED)
m.u_conv3.u_weights._24987_/A           2.507400    2.820102   -0.312702 (VIOLATED)
m.u_conv3.u_weights._20628_/A           2.507400    2.819814   -0.312414 (VIOLATED)
m.u_conv3.u_weights._26307_/A           2.507400    2.819564   -0.312164 (VIOLATED)
m.u_conv3.u_weights._28795_/A           2.507400    2.819482   -0.312082 (VIOLATED)
m.u_conv3.u_weights._28796_/A           2.507400    2.819479   -0.312079 (VIOLATED)
m.u_conv3.u_weights._15804_/A           2.507400    2.819387   -0.311987 (VIOLATED)
m.u_conv3.u_weights._29980_/A           2.507400    2.819196   -0.311796 (VIOLATED)
m.u_conv3.u_weights._23188_/A           2.507400    2.819054   -0.311654 (VIOLATED)
m.u_conv3.u_weights._22034_/A1          2.507400    2.818620   -0.311220 (VIOLATED)
m.u_conv3.u_weights._18747_/A           2.507400    2.817970   -0.310570 (VIOLATED)
m.u_conv3.u_weights._18746_/A           2.507400    2.817944   -0.310544 (VIOLATED)
m.u_conv3.u_weights._31150_/A           2.507400    2.817921   -0.310521 (VIOLATED)
m.u_conv3.u_weights._27993_/A           2.507400    2.817864   -0.310464 (VIOLATED)
m.u_conv3.u_weights._27992_/A           2.507400    2.817862   -0.310462 (VIOLATED)
m.u_conv3.u_weights._15856_/A           2.507400    2.817698   -0.310298 (VIOLATED)
m.u_conv3.u_weights._23288_/A           2.507400    2.817219   -0.309819 (VIOLATED)
m.u_conv3.u_weights._24017_/A           2.507400    2.816715   -0.309314 (VIOLATED)
m.u_conv3.u_weights._27178_/B           2.507400    2.816528   -0.309128 (VIOLATED)
m.u_conv3.u_weights._27179_/B           2.507400    2.816520   -0.309120 (VIOLATED)
m.u_conv3.u_weights._27455_/A           2.507400    2.816386   -0.308986 (VIOLATED)
m.u_conv3.u_weights._27454_/A           2.507400    2.816385   -0.308985 (VIOLATED)
m.u_conv3.u_weights._20973_/A           2.507400    2.816063   -0.308663 (VIOLATED)
m.u_conv3.u_weights._20972_/A           2.507400    2.816060   -0.308660 (VIOLATED)
m.u_conv3.u_weights._19727_/A           2.507400    2.816001   -0.308601 (VIOLATED)
m.u_conv3.u_weights._20270_/A           2.507400    2.815996   -0.308596 (VIOLATED)
m.u_conv3.u_weights._20291_/A           2.507400    2.815954   -0.308554 (VIOLATED)
m.u_conv3.u_weights._22721_/A           2.507400    2.815946   -0.308546 (VIOLATED)
m.u_conv3.u_weights._29018_/A           2.507400    2.815702   -0.308302 (VIOLATED)
m.u_conv3.u_weights._20708_/A           2.507400    2.815416   -0.308016 (VIOLATED)
m.u_conv3.u_weights._25408_/A2          2.507400    2.815163   -0.307763 (VIOLATED)
m.u_conv3.u_weights._25406_/B           2.507400    2.815119   -0.307718 (VIOLATED)
m.u_conv3.u_weights._24208_/A1          2.507400    2.815083   -0.307683 (VIOLATED)
m.u_conv3.u_weights._23763_/A           2.507400    2.814859   -0.307459 (VIOLATED)
m.u_conv3.u_weights._15835_/A           2.507400    2.814312   -0.306912 (VIOLATED)
m.u_conv3.u_weights._15834_/A           2.507400    2.814301   -0.306901 (VIOLATED)
m.u_conv3.u_weights._30046_/A           2.507400    2.814025   -0.306625 (VIOLATED)
m.u_conv3.u_weights._29044_/A           2.507400    2.814016   -0.306615 (VIOLATED)
m.u_conv3.u_weights._29043_/A           2.507400    2.814010   -0.306610 (VIOLATED)
m.u_conv3.u_weights._21086_/A           2.507400    2.813559   -0.306159 (VIOLATED)
m.u_conv3.u_weights._28554_/A           2.507400    2.813492   -0.306092 (VIOLATED)
m.u_conv3.u_weights._21128_/A1          2.507400    2.813489   -0.306089 (VIOLATED)
m.u_conv3.u_weights._28555_/A           2.507400    2.813447   -0.306047 (VIOLATED)
m.u_conv3.u_weights._15826_/A           2.507400    2.813099   -0.305699 (VIOLATED)
m.u_conv3.u_weights._27340_/A           2.507400    2.812720   -0.305319 (VIOLATED)
m.u_conv3.u_weights._22306_/B           2.507400    2.812519   -0.305119 (VIOLATED)
m.u_conv3.u_weights._29487_/A           2.507400    2.812399   -0.304999 (VIOLATED)
m.u_conv3.u_weights._15920_/A1          2.507400    2.812254   -0.304854 (VIOLATED)
m.u_conv3.u_weights._22340_/A           2.507400    2.811745   -0.304345 (VIOLATED)
m.u_conv3.u_weights._16223_/A           2.507400    2.811615   -0.304214 (VIOLATED)
m.u_conv3.u_weights._22400_/A           2.507400    2.810741   -0.303341 (VIOLATED)
m.u_conv3.u_weights._16887_/A           2.507400    2.810597   -0.303197 (VIOLATED)
m.u_conv3.u_weights._16886_/A           2.507400    2.810596   -0.303196 (VIOLATED)
m.u_conv3.u_weights._17178_/A           2.507400    2.810588   -0.303188 (VIOLATED)
m.u_conv3.u_weights._31132_/A           2.507400    2.810392   -0.302991 (VIOLATED)
m.u_conv3.u_weights._30936_/A1          2.507400    2.810220   -0.302820 (VIOLATED)
m.u_conv3.u_weights._16518_/A1          2.507400    2.810204   -0.302804 (VIOLATED)
m.u_conv3.u_weights._26531_/A           2.507400    2.809996   -0.302596 (VIOLATED)
m.u_conv3.u_weights._29590_/A           2.507400    2.809658   -0.302258 (VIOLATED)
m.u_conv3.u_weights._31542_/A           2.507400    2.809214   -0.301813 (VIOLATED)
m.u_conv3.u_weights._22250_/A           2.507400    2.808131   -0.300730 (VIOLATED)
m.u_conv3.u_weights._22255_/A           2.507400    2.808044   -0.300644 (VIOLATED)
m.u_conv3.u_weights._31277_/A           2.507400    2.807374   -0.299974 (VIOLATED)
m.u_conv3.u_weights._18194_/A1          2.507400    2.807216   -0.299816 (VIOLATED)
m.u_conv3.u_weights._18190_/A           2.507400    2.806825   -0.299425 (VIOLATED)
m.u_conv3.u_weights._18070_/A1          2.507400    2.806494   -0.299093 (VIOLATED)
m.u_conv3.u_weights._21766_/A1          2.507400    2.806410   -0.299010 (VIOLATED)
m.u_conv3.u_weights._28521_/A           2.507400    2.805263   -0.297863 (VIOLATED)
m.u_conv3.u_weights._28500_/A           2.507400    2.805262   -0.297862 (VIOLATED)
m.u_conv3.u_weights._19893_/B           2.507400    2.805177   -0.297777 (VIOLATED)
m.u_conv3.u_weights._19911_/A2          2.507400    2.805168   -0.297768 (VIOLATED)
m.u_conv3.u_weights._19907_/A1          2.507400    2.805028   -0.297628 (VIOLATED)
m.u_conv3.u_weights._19902_/A           2.507400    2.805027   -0.297627 (VIOLATED)
m.u_conv3.u_weights._17956_/A           2.507400    2.804938   -0.297538 (VIOLATED)
m.u_conv3.u_weights._17762_/A           2.507400    2.804852   -0.297452 (VIOLATED)
m.u_conv3.u_weights._28450_/A1          2.507400    2.804574   -0.297173 (VIOLATED)
m.u_conv3.u_weights._28439_/A           2.507400    2.804571   -0.297171 (VIOLATED)
m.u_conv3.u_weights._22877_/A           2.507400    2.804384   -0.296984 (VIOLATED)
m.u_conv3.u_weights._16214_/A           2.507400    2.804139   -0.296738 (VIOLATED)
m.u_conv3.u_weights._29503_/A           2.507400    2.804092   -0.296692 (VIOLATED)
m.u_conv3.u_weights._16231_/A1          2.507400    2.803587   -0.296187 (VIOLATED)
m.u_conv3.u_weights._17935_/A           2.507400    2.803189   -0.295789 (VIOLATED)
m.u_conv3.u_weights._24936_/A1          2.507400    2.803174   -0.295774 (VIOLATED)
m.u_conv3.u_weights._19911_/A1          2.507400    2.803076   -0.295676 (VIOLATED)
m.u_conv3.u_weights._19893_/A           2.507400    2.803070   -0.295670 (VIOLATED)
m.u_conv3.u_weights._25170_/A           2.507400    2.802599   -0.295199 (VIOLATED)
m.u_conv3.u_weights._20079_/A           2.507400    2.802147   -0.294746 (VIOLATED)
m.u_conv3.u_weights._21217_/A           2.507400    2.802133   -0.294733 (VIOLATED)
m.u_conv3.u_weights._23595_/A1          2.507400    2.802055   -0.294655 (VIOLATED)
m.u_conv3.u_weights._23262_/A           2.507400    2.801963   -0.294562 (VIOLATED)
m.u_conv3.u_weights._26963_/A           2.507400    2.801935   -0.294535 (VIOLATED)
m.u_conv3.u_weights._16148_/A1          2.507400    2.801691   -0.294291 (VIOLATED)
m.u_conv3.u_weights._17349_/A           2.507400    2.801660   -0.294260 (VIOLATED)
m.u_conv3.u_weights._17348_/A           2.507400    2.801654   -0.294254 (VIOLATED)
m.u_conv3.u_weights._18185_/A           2.507400    2.801484   -0.294084 (VIOLATED)
m.u_conv3.u_weights._18186_/A           2.507400    2.801465   -0.294065 (VIOLATED)
m.u_conv3.u_weights._18266_/A           2.507400    2.801381   -0.293981 (VIOLATED)
m.u_conv3.u_weights._20086_/A           2.507400    2.800780   -0.293380 (VIOLATED)
m.u_conv3.u_weights._20085_/A           2.507400    2.800766   -0.293366 (VIOLATED)
m.u_conv3.u_weights._22164_/A1          2.507400    2.800744   -0.293343 (VIOLATED)
m.u_conv3.u_weights._22162_/A           2.507400    2.800699   -0.293299 (VIOLATED)
m.u_conv3.u_weights._19855_/A1          2.507400    2.800399   -0.292999 (VIOLATED)
m.u_conv3.u_weights._19800_/A           2.507400    2.800399   -0.292999 (VIOLATED)
m.u_conv3.u_weights._18038_/A           2.507400    2.799763   -0.292363 (VIOLATED)
m.u_conv3.u_weights._17527_/B           2.507400    2.799294   -0.291894 (VIOLATED)
m.u_conv3.u_weights._22065_/A           2.507400    2.798999   -0.291599 (VIOLATED)
m.u_conv3.u_weights._18455_/A           2.507400    2.798286   -0.290886 (VIOLATED)
m.u_conv3.u_weights._19187_/A1          2.507400    2.797507   -0.290107 (VIOLATED)
m.u_conv3.u_weights._21958_/A1          2.507400    2.797506   -0.290106 (VIOLATED)
m.u_conv3._486_/A                       2.507400    2.797499   -0.290099 (VIOLATED)
m.u_conv3._568_/Q                       2.507400    2.797499   -0.290099 (VIOLATED)
m.u_conv3.u_weights._16976_/B           2.507400    2.797298   -0.289898 (VIOLATED)
m.u_conv3.u_weights._25205_/A           2.507400    2.796318   -0.288918 (VIOLATED)
m.u_conv3.u_weights._28325_/A           2.507400    2.795707   -0.288307 (VIOLATED)
m.u_conv3.u_weights._28309_/A           2.507400    2.795683   -0.288283 (VIOLATED)
m.u_conv3.u_weights._19367_/A           2.507400    2.795601   -0.288201 (VIOLATED)
m.u_conv3.u_weights._19383_/A1          2.507400    2.795594   -0.288194 (VIOLATED)
m.u_conv3.u_weights._25679_/A           2.507400    2.795288   -0.287888 (VIOLATED)
m.u_conv3.u_weights._17437_/A           2.507400    2.794786   -0.287386 (VIOLATED)
m.u_conv3.u_weights._17451_/A           2.507400    2.794785   -0.287385 (VIOLATED)
m.u_conv3.u_weights._21523_/A1          2.507400    2.794702   -0.287302 (VIOLATED)
m.u_conv3.u_weights._18267_/A           2.507400    2.793280   -0.285880 (VIOLATED)
m.u_conv3.u_weights._31274_/A           2.507400    2.793192   -0.285792 (VIOLATED)
m.u_conv3.u_weights._31273_/A           2.507400    2.793191   -0.285791 (VIOLATED)
m.u_conv3.u_weights._29674_/A           2.507400    2.793149   -0.285749 (VIOLATED)
m.u_conv3.u_weights._29675_/A           2.507400    2.793149   -0.285749 (VIOLATED)
m.u_conv3.u_weights._24561_/A           2.507400    2.793075   -0.285675 (VIOLATED)
m.u_conv3.u_weights._19311_/A           2.507400    2.792175   -0.284775 (VIOLATED)
m.u_conv3.u_weights._16681_/B           2.507400    2.792128   -0.284728 (VIOLATED)
m.u_conv3.u_weights._25680_/A           2.507400    2.792120   -0.284720 (VIOLATED)
m.u_conv3.u_weights._30267_/B           2.507400    2.792080   -0.284680 (VIOLATED)
m.u_conv3.u_weights._24710_/A           2.507400    2.792009   -0.284609 (VIOLATED)
m.u_conv3.u_weights._28036_/B           2.507400    2.791996   -0.284596 (VIOLATED)
m.u_conv3.u_weights._17485_/A           2.507400    2.791852   -0.284452 (VIOLATED)
m.u_conv3.u_weights._26364_/B           2.507400    2.791548   -0.284148 (VIOLATED)
m.u_conv3.u_weights._26365_/B           2.507400    2.791521   -0.284121 (VIOLATED)
m.u_conv3.u_weights._18307_/A1          2.507400    2.791035   -0.283635 (VIOLATED)
m.u_conv3.u_weights._18311_/A           2.507400    2.791029   -0.283629 (VIOLATED)
m.u_conv3.u_weights._17343_/A           2.507400    2.790697   -0.283297 (VIOLATED)
m.u_conv3.u_weights._21365_/A           2.507400    2.790639   -0.283239 (VIOLATED)
m.u_conv3.u_weights._25982_/A           2.507400    2.790350   -0.282950 (VIOLATED)
m.u_conv3.u_weights._25986_/A1          2.507400    2.790349   -0.282949 (VIOLATED)
m.u_conv3.u_weights._20362_/A           2.507400    2.790338   -0.282938 (VIOLATED)
m.u_conv3.u_weights._20363_/A           2.507400    2.790323   -0.282923 (VIOLATED)
m.u_conv3.u_weights._28074_/A           2.507400    2.790298   -0.282898 (VIOLATED)
m.u_conv3.u_weights._28077_/A           2.507400    2.790291   -0.282891 (VIOLATED)
m.u_conv3.u_weights._26740_/A           2.507400    2.790268   -0.282868 (VIOLATED)
m.u_conv3.u_weights._26757_/A1          2.507400    2.790268   -0.282868 (VIOLATED)
m.u_conv3.u_weights._21311_/A           2.507400    2.790266   -0.282866 (VIOLATED)
m.u_conv3.u_weights._25188_/B           2.507400    2.790228   -0.282828 (VIOLATED)
m.u_conv3.u_weights._30445_/A           2.507400    2.790204   -0.282804 (VIOLATED)
m.u_conv3.u_weights._30441_/A1          2.507400    2.790157   -0.282757 (VIOLATED)
m.u_conv3.u_weights._21312_/A           2.507400    2.790011   -0.282611 (VIOLATED)
m.u_conv3.u_weights._16726_/A           2.507400    2.789840   -0.282440 (VIOLATED)
m.u_conv3.u_weights._16965_/A           2.507400    2.789819   -0.282419 (VIOLATED)
m.u_conv3.u_weights._21798_/A           2.507400    2.789803   -0.282403 (VIOLATED)
m.u_conv3.u_weights._16593_/A           2.507400    2.789785   -0.282385 (VIOLATED)
m.u_conv3.u_weights._16599_/A1          2.507400    2.789785   -0.282385 (VIOLATED)
m.u_conv3.u_weights._25189_/B           2.507400    2.789774   -0.282374 (VIOLATED)
m.u_conv3.u_weights._29266_/A           2.507400    2.789668   -0.282268 (VIOLATED)
m.u_conv3.u_weights._26507_/A1          2.507400    2.789645   -0.282245 (VIOLATED)
m.u_conv3.u_weights._28924_/A           2.507400    2.789644   -0.282244 (VIOLATED)
m.u_conv3.u_weights._28921_/A           2.507400    2.789641   -0.282241 (VIOLATED)
m.u_conv3.u_weights._26505_/A           2.507400    2.789628   -0.282228 (VIOLATED)
m.u_conv3.u_weights._23165_/A           2.507400    2.789546   -0.282146 (VIOLATED)
m.u_conv3.u_weights._23164_/A           2.507400    2.789546   -0.282146 (VIOLATED)
m.u_conv3.u_weights._20677_/A           2.507400    2.789375   -0.281975 (VIOLATED)
m.u_conv3.u_weights._25684_/A           2.507400    2.789067   -0.281666 (VIOLATED)
m.u_conv3.u_weights._16121_/A1          2.507400    2.789065   -0.281664 (VIOLATED)
m.u_conv3.u_weights._25748_/A1          2.507400    2.789060   -0.281660 (VIOLATED)
m.u_conv3.u_weights._24588_/A           2.507400    2.789017   -0.281617 (VIOLATED)
m.u_conv3.u_weights._24590_/A1          2.507400    2.788991   -0.281591 (VIOLATED)
m.u_conv3.u_weights._20611_/A1          2.507400    2.788928   -0.281528 (VIOLATED)
m.u_conv3.u_weights._18749_/A           2.507400    2.788770   -0.281370 (VIOLATED)
m.u_conv3.u_weights._25874_/B           2.507400    2.788188   -0.280788 (VIOLATED)
m.u_conv3.u_weights._25876_/A2          2.507400    2.788188   -0.280787 (VIOLATED)
m.u_conv3.u_weights._16683_/B           2.507400    2.788174   -0.280774 (VIOLATED)
m.u_conv3.u_weights._16939_/A1          2.507400    2.788173   -0.280773 (VIOLATED)
m.u_conv3.u_weights._26623_/A           2.507400    2.788170   -0.280770 (VIOLATED)
m.u_conv3.u_weights._16442_/A           2.507400    2.788164   -0.280764 (VIOLATED)
m.u_conv3.u_weights._30468_/B           2.507400    2.788161   -0.280761 (VIOLATED)
m.u_conv3.u_weights._21842_/A           2.507400    2.788074   -0.280674 (VIOLATED)
m.u_conv3.u_weights._30866_/A1          2.507400    2.788037   -0.280637 (VIOLATED)
m.u_conv3.u_weights._29451_/A           2.507400    2.788036   -0.280636 (VIOLATED)
m.u_conv3.u_weights._29477_/A           2.507400    2.788036   -0.280636 (VIOLATED)
m.u_conv3.u_weights._17628_/A           2.507400    2.787993   -0.280593 (VIOLATED)
m.u_conv3._505_/A                       2.507400    2.787981   -0.280581 (VIOLATED)
m.u_conv3._577_/Q                       2.507400    2.787981   -0.280581 (VIOLATED)
m.u_conv3.u_weights._17629_/A           2.507400    2.787909   -0.280509 (VIOLATED)
m.u_conv3.u_weights._27131_/A           2.507400    2.787734   -0.280334 (VIOLATED)
m.u_conv3.u_weights._18636_/A1          2.507400    2.787720   -0.280320 (VIOLATED)
m.u_conv3.u_weights._18567_/A           2.507400    2.787697   -0.280296 (VIOLATED)
m.u_conv3._433_/A1                      2.507400    2.787634   -0.280234 (VIOLATED)
m.u_conv3._538_/Q                       2.507400    2.787634   -0.280234 (VIOLATED)
m.u_conv3.u_weights._24367_/A           2.507400    2.787107   -0.279707 (VIOLATED)
m.u_conv3.u_weights._24373_/A1          2.507400    2.787106   -0.279706 (VIOLATED)
m.u_conv3.u_weights._22640_/A           2.507400    2.787021   -0.279621 (VIOLATED)
m.u_conv3.u_weights._22637_/A           2.507400    2.787020   -0.279620 (VIOLATED)
m.u_conv3.u_weights._29885_/A1          2.507400    2.786544   -0.279143 (VIOLATED)
m.u_conv3.u_weights._29873_/A           2.507400    2.786499   -0.279099 (VIOLATED)
m.u_conv3.u_weights._19569_/A1          2.507400    2.785787   -0.278386 (VIOLATED)
m.u_conv3.u_weights._19519_/A           2.507400    2.785778   -0.278377 (VIOLATED)
m.u_conv3.u_weights._27586_/A           2.507400    2.785373   -0.277973 (VIOLATED)
m.u_conv3.u_weights._15778_/A           2.507400    2.785092   -0.277692 (VIOLATED)
m.u_conv3.u_weights._20812_/A           2.507400    2.784853   -0.277452 (VIOLATED)
m.u_conv3.u_weights._22062_/A1          2.507400    2.784664   -0.277264 (VIOLATED)
m.u_conv3.u_weights._29104_/A           2.507400    2.784086   -0.276686 (VIOLATED)
m.u_conv3.u_weights._27431_/A           2.507400    2.784052   -0.276652 (VIOLATED)
m.u_conv3.u_weights._27432_/A           2.507400    2.784033   -0.276633 (VIOLATED)
m.u_conv3.u_weights._22064_/A           2.507400    2.784009   -0.276609 (VIOLATED)
m.u_conv3.u_weights._16975_/B           2.507400    2.783094   -0.275694 (VIOLATED)
m.u_conv3.u_weights._28584_/A1          2.507400    2.782690   -0.275290 (VIOLATED)
m.u_conv3.u_weights._28534_/A           2.507400    2.782598   -0.275198 (VIOLATED)
m.u_conv3.u_weights._26444_/A           2.507400    2.782251   -0.274851 (VIOLATED)
m.u_conv3.u_weights._24697_/A           2.507400    2.782234   -0.274834 (VIOLATED)
m.u_conv3.u_weights._16452_/A           2.507400    2.781585   -0.274185 (VIOLATED)
m.u_conv3.u_weights._28318_/B           2.507400    2.781088   -0.273688 (VIOLATED)
m.u_conv3.u_weights._22802_/B           2.507400    2.781075   -0.273675 (VIOLATED)
m.u_conv3.u_weights._17018_/A1          2.507400    2.780993   -0.273592 (VIOLATED)
m.u_conv3.u_weights._25184_/A           2.507400    2.780964   -0.273564 (VIOLATED)
m.u_conv3.u_weights._19300_/A           2.507400    2.780875   -0.273475 (VIOLATED)
m.u_conv3.u_weights._19301_/A           2.507400    2.780838   -0.273438 (VIOLATED)
m.u_conv3.u_weights._19302_/A           2.507400    2.780822   -0.273422 (VIOLATED)
m.u_conv3.u_weights._30190_/A           2.507400    2.780521   -0.273121 (VIOLATED)
m.u_conv3.u_weights._16970_/A           2.507400    2.780443   -0.273043 (VIOLATED)
m.u_conv3.u_weights._20568_/A           2.507400    2.780409   -0.273009 (VIOLATED)
m.u_conv3.u_weights._27886_/A           2.507400    2.779950   -0.272550 (VIOLATED)
m.u_conv3.u_weights._26403_/A           2.507400    2.779877   -0.272477 (VIOLATED)
m.u_conv3.u_weights._24702_/A           2.507400    2.779777   -0.272377 (VIOLATED)
m.u_conv3.u_weights._31128_/A1          2.507400    2.779297   -0.271897 (VIOLATED)
m.u_conv3.u_weights._28947_/A           2.507400    2.779008   -0.271608 (VIOLATED)
m.u_conv3.u_weights._25230_/A1          2.507400    2.778833   -0.271433 (VIOLATED)
m.u_conv3.u_weights._26219_/A           2.507400    2.778738   -0.271337 (VIOLATED)
m.u_conv3.u_weights._26218_/A           2.507400    2.778733   -0.271333 (VIOLATED)
m.u_conv3.u_weights._18020_/A           2.507400    2.778489   -0.271089 (VIOLATED)
m.u_conv3.u_weights._18017_/A           2.507400    2.778428   -0.271028 (VIOLATED)
m.u_conv3.u_weights._29869_/A           2.507400    2.778373   -0.270973 (VIOLATED)
m.u_conv3.u_weights._29868_/A           2.507400    2.778372   -0.270972 (VIOLATED)
m.u_conv3.u_weights._23826_/A           2.507400    2.778275   -0.270875 (VIOLATED)
m.u_conv3.u_weights._22544_/B           2.507400    2.778050   -0.270650 (VIOLATED)
m.u_conv3.u_weights._18779_/A           2.507400    2.777942   -0.270542 (VIOLATED)
m.u_conv3.u_weights._18778_/A           2.507400    2.777941   -0.270540 (VIOLATED)
m.u_conv3.u_weights._23029_/A           2.507400    2.777633   -0.270232 (VIOLATED)
m.u_conv3.u_weights._23072_/A1          2.507400    2.777508   -0.270108 (VIOLATED)
m.u_conv3.u_weights._19544_/A           2.507400    2.777418   -0.270018 (VIOLATED)
m.u_conv3.u_weights._24485_/A           2.507400    2.776985   -0.269585 (VIOLATED)
m.u_conv3.u_weights._30130_/A           2.507400    2.776119   -0.268719 (VIOLATED)
m.u_conv3.u_weights._22439_/A           2.507400    2.775057   -0.267656 (VIOLATED)
m.u_conv3.u_weights._22438_/A           2.507400    2.775055   -0.267655 (VIOLATED)
m.u_conv3.u_weights._27342_/A           2.507400    2.775036   -0.267636 (VIOLATED)
m.u_conv3.u_weights._16714_/B           2.507400    2.774850   -0.267449 (VIOLATED)
m.u_conv3.u_weights._29007_/A2          2.507400    2.774812   -0.267412 (VIOLATED)
m.u_conv3.u_weights._25413_/A           2.507400    2.773076   -0.265676 (VIOLATED)
m.u_conv3.u_weights._25453_/A1          2.507400    2.773064   -0.265664 (VIOLATED)
m.u_conv3.u_weights._16188_/A           2.507400    2.772978   -0.265578 (VIOLATED)
m.u_conv3.u_weights._27008_/A           2.507400    2.772683   -0.265283 (VIOLATED)
m.u_conv3.u_weights._27009_/A           2.507400    2.772676   -0.265276 (VIOLATED)
m.u_conv3.u_weights._23585_/A           2.507400    2.772170   -0.264770 (VIOLATED)
m.u_conv3.u_weights._21056_/B           2.507400    2.772136   -0.264736 (VIOLATED)
m.u_conv3.u_weights._16295_/A           2.507400    2.771947   -0.264547 (VIOLATED)
m.u_conv3.u_weights._24938_/A           2.507400    2.771925   -0.264525 (VIOLATED)
m.u_conv3.u_weights._24937_/A           2.507400    2.771905   -0.264505 (VIOLATED)
m.u_conv3.u_weights._19543_/A           2.507400    2.771689   -0.264289 (VIOLATED)
m.u_conv3.u_weights._19836_/A           2.507400    2.771399   -0.263998 (VIOLATED)
m.u_conv3.u_weights._19908_/A1          2.507400    2.771391   -0.263991 (VIOLATED)
m.u_conv3.u_weights._16451_/A           2.507400    2.771214   -0.263814 (VIOLATED)
m.u_conv3.u_weights._29503_/B           2.507400    2.771183   -0.263783 (VIOLATED)
m.u_conv3.u_weights._19119_/A           2.507400    2.770610   -0.263210 (VIOLATED)
m.u_conv3.u_weights._21824_/A           2.507400    2.770604   -0.263204 (VIOLATED)
m.u_conv3.u_weights._21823_/A           2.507400    2.770594   -0.263193 (VIOLATED)
m.u_conv3.u_weights._20589_/A           2.507400    2.770579   -0.263178 (VIOLATED)
m.u_conv3.u_weights._20590_/A           2.507400    2.770571   -0.263170 (VIOLATED)
m.u_conv3.u_weights._23511_/A           2.507400    2.770528   -0.263128 (VIOLATED)
m.u_conv3.u_weights._17845_/A           2.507400    2.770305   -0.262905 (VIOLATED)
m.u_conv3.u_weights._31013_/A           2.507400    2.770129   -0.262729 (VIOLATED)
m.u_conv3.u_weights._17750_/A           2.507400    2.770071   -0.262671 (VIOLATED)
m.u_conv3.u_weights._26075_/A           2.507400    2.769974   -0.262574 (VIOLATED)
m.u_conv3.u_weights._30419_/A           2.507400    2.769954   -0.262554 (VIOLATED)
m.u_conv3.u_weights._20305_/B           2.507400    2.769869   -0.262469 (VIOLATED)
m.u_conv3.u_weights._26742_/A           2.507400    2.769853   -0.262453 (VIOLATED)
m.u_conv3.u_weights._26743_/A           2.507400    2.769854   -0.262453 (VIOLATED)
m.u_conv3.u_weights._29434_/A1          2.507400    2.769594   -0.262194 (VIOLATED)
m.u_conv3.u_weights._29429_/A           2.507400    2.769590   -0.262190 (VIOLATED)
m.u_conv3.u_weights._30699_/A           2.507400    2.769404   -0.262004 (VIOLATED)
m.u_conv3.u_weights._18394_/A           2.507400    2.769156   -0.261756 (VIOLATED)
m.u_conv3.u_weights._18396_/A1          2.507400    2.768898   -0.261498 (VIOLATED)
m.u_conv3.u_weights._17467_/A           2.507400    2.768847   -0.261447 (VIOLATED)
m.u_conv3.u_weights._25842_/A1          2.507400    2.768675   -0.261275 (VIOLATED)
m.u_conv3._461_/A1                      2.507400    2.768441   -0.261041 (VIOLATED)
m.u_conv3._556_/Q                       2.507400    2.768441   -0.261041 (VIOLATED)
m.u_conv3.u_weights._17461_/A1          2.507400    2.768349   -0.260949 (VIOLATED)
m.u_conv3.u_weights._15879_/A           2.507400    2.768267   -0.260867 (VIOLATED)
m.u_conv3.u_weights._17214_/A           2.507400    2.768222   -0.260822 (VIOLATED)
m.u_conv3.u_weights._22803_/A           2.507400    2.768090   -0.260689 (VIOLATED)
m.u_conv3.u_weights._22845_/A1          2.507400    2.768080   -0.260680 (VIOLATED)
m.u_conv3.u_weights._19273_/A           2.507400    2.767468   -0.260068 (VIOLATED)
m.u_conv3.u_weights._18189_/A           2.507400    2.766143   -0.258742 (VIOLATED)
m.u_conv3.u_weights._16976_/A           2.507400    2.766007   -0.258607 (VIOLATED)
m.u_conv3.u_weights._16692_/A           2.507400    2.765818   -0.258418 (VIOLATED)
m.u_conv3.u_weights._16693_/A           2.507400    2.765803   -0.258403 (VIOLATED)
m.u_conv3.u_weights._15897_/A1          2.507400    2.765546   -0.258146 (VIOLATED)
m.u_conv3.u_weights._20209_/A           2.507400    2.765216   -0.257816 (VIOLATED)
m.u_conv3.u_weights._20208_/A           2.507400    2.765208   -0.257808 (VIOLATED)
m.u_conv3.u_weights._20860_/A1          2.507400    2.764971   -0.257571 (VIOLATED)
m.u_conv3.u_weights._15793_/A           2.507400    2.764414   -0.257014 (VIOLATED)
m.u_conv3.u_weights._21739_/A           2.507400    2.762776   -0.255376 (VIOLATED)
m.u_conv3.u_weights._17551_/A           2.507400    2.762127   -0.254727 (VIOLATED)
m.u_conv3.u_weights._16975_/A           2.507400    2.762012   -0.254612 (VIOLATED)
m.u_conv3.u_weights._21505_/A1          2.507400    2.761421   -0.254021 (VIOLATED)
m.u_conv3.u_weights._21845_/A1          2.507400    2.760390   -0.252989 (VIOLATED)
m.u_conv3.u_weights._20305_/A           2.507400    2.760012   -0.252612 (VIOLATED)
m.u_conv3.u_weights._26721_/A           2.507400    2.760011   -0.252611 (VIOLATED)
m.u_conv3.u_weights._26753_/A1          2.507400    2.760010   -0.252610 (VIOLATED)
m.u_conv3.u_weights._28228_/A           2.507400    2.759997   -0.252597 (VIOLATED)
m.u_conv3.u_weights._30478_/A1          2.507400    2.759996   -0.252596 (VIOLATED)
m.u_conv3.u_weights._30437_/A           2.507400    2.759811   -0.252411 (VIOLATED)
m.u_conv3.u_weights._17403_/A           2.507400    2.759464   -0.252064 (VIOLATED)
m.u_conv3.u_weights._29427_/A           2.507400    2.759116   -0.251716 (VIOLATED)
m.u_conv3.u_weights._19912_/A2          2.507400    2.758596   -0.251196 (VIOLATED)
m.u_conv3.u_weights._19822_/B           2.507400    2.758596   -0.251196 (VIOLATED)
m.u_conv3.u_weights._28435_/A           2.507400    2.758566   -0.251166 (VIOLATED)
m.u_conv3.u_weights._28434_/A           2.507400    2.758565   -0.251165 (VIOLATED)
m.u_conv3.u_weights._16766_/B           2.507400    2.758412   -0.251012 (VIOLATED)
m.u_conv3.u_weights._24758_/A1          2.507400    2.758026   -0.250626 (VIOLATED)
m.u_conv3.u_weights._21332_/A           2.507400    2.758019   -0.250619 (VIOLATED)
m.u_conv3.u_weights._24753_/A           2.507400    2.758002   -0.250602 (VIOLATED)
m.u_conv3.u_weights._24474_/A           2.507400    2.757935   -0.250534 (VIOLATED)
m.u_conv3.u_weights._20766_/A           2.507400    2.757619   -0.250219 (VIOLATED)
m.u_conv3.u_weights._19309_/A           2.507400    2.757302   -0.249902 (VIOLATED)
m.u_conv3.u_weights._19320_/A1          2.507400    2.757282   -0.249882 (VIOLATED)
m.u_conv3.u_weights._19039_/A1          2.507400    2.757278   -0.249878 (VIOLATED)
m.u_conv3.u_weights._19015_/A           2.507400    2.757212   -0.249812 (VIOLATED)
m.u_conv3.u_weights._16630_/A           2.507400    2.757196   -0.249796 (VIOLATED)
m.u_conv3.u_weights._16633_/A1          2.507400    2.757190   -0.249790 (VIOLATED)
m.u_conv3.u_weights._17151_/A1          2.507400    2.757186   -0.249786 (VIOLATED)
m.u_conv3.u_weights._17148_/A           2.507400    2.757184   -0.249784 (VIOLATED)
m.u_conv3.u_weights._30414_/B           2.507400    2.757020   -0.249620 (VIOLATED)
m.u_conv3.u_weights._30415_/B           2.507400    2.757020   -0.249620 (VIOLATED)
m.u_conv3.u_weights._20385_/A           2.507400    2.757000   -0.249600 (VIOLATED)
m.u_conv3.u_weights._30688_/A           2.507400    2.756962   -0.249562 (VIOLATED)
m.u_conv3.u_weights._26674_/A           2.507400    2.756961   -0.249561 (VIOLATED)
m.u_conv3.u_weights._28115_/A           2.507400    2.756935   -0.249535 (VIOLATED)
m.u_conv3.u_weights._18563_/A           2.507400    2.756911   -0.249511 (VIOLATED)
m.u_conv3.u_weights._21804_/A           2.507400    2.756896   -0.249496 (VIOLATED)
m.u_conv3.u_weights._25906_/A           2.507400    2.756883   -0.249483 (VIOLATED)
m.u_conv3.u_weights._25905_/A           2.507400    2.756879   -0.249479 (VIOLATED)
m.u_conv3.u_weights._29447_/A1          2.507400    2.756877   -0.249477 (VIOLATED)
m.u_conv3.u_weights._30655_/A           2.507400    2.756770   -0.249370 (VIOLATED)
m.u_conv3.u_weights._15990_/A           2.507400    2.756723   -0.249323 (VIOLATED)
m.u_conv3.u_weights._18575_/A           2.507400    2.756702   -0.249302 (VIOLATED)
m.u_conv3.u_weights._18587_/A1          2.507400    2.756702   -0.249302 (VIOLATED)
m.u_conv3.u_weights._18242_/B           2.507400    2.756691   -0.249291 (VIOLATED)
m.u_conv3.u_weights._18244_/A2          2.507400    2.756682   -0.249282 (VIOLATED)
m.u_conv3.u_weights._30719_/A1          2.507400    2.756666   -0.249266 (VIOLATED)
m.u_conv3._460_/A1                      2.507400    2.756656   -0.249256 (VIOLATED)
m.u_conv3._555_/Q                       2.507400    2.756656   -0.249256 (VIOLATED)
m.u_conv3.u_weights._18460_/A1          2.507400    2.756644   -0.249244 (VIOLATED)
m.u_conv3.u_weights._18450_/A           2.507400    2.756643   -0.249243 (VIOLATED)
m.u_conv3._441_/A                       2.507400    2.756408   -0.249008 (VIOLATED)
m.u_conv3._543_/Q                       2.507400    2.756408   -0.249008 (VIOLATED)
m.u_conv3.u_weights._18545_/A           2.507400    2.755293   -0.247893 (VIOLATED)
m.u_conv3.u_weights._18620_/A1          2.507400    2.754993   -0.247593 (VIOLATED)
m.u_conv3.u_weights._30322_/A           2.507400    2.751226   -0.243826 (VIOLATED)
m.u_conv3.u_weights._30335_/A1          2.507400    2.751223   -0.243823 (VIOLATED)
m.u_conv3.u_weights._16628_/A           2.507400    2.750999   -0.243598 (VIOLATED)
m.u_conv3.u_weights._26536_/A1          2.507400    2.750794   -0.243394 (VIOLATED)
m.u_conv3.u_weights._26530_/A           2.507400    2.750787   -0.243386 (VIOLATED)
m.u_conv3.u_weights._21859_/A           2.507400    2.750501   -0.243101 (VIOLATED)
m.u_conv3.u_weights._29250_/A           2.507400    2.750282   -0.242882 (VIOLATED)
m.u_conv3.u_weights._18412_/A           2.507400    2.749439   -0.242038 (VIOLATED)
m.u_conv3.u_weights._18413_/A           2.507400    2.749397   -0.241997 (VIOLATED)
m.u_conv3.u_weights._26730_/A           2.507400    2.747451   -0.240051 (VIOLATED)
m.u_conv3.u_weights._26731_/A           2.507400    2.747452   -0.240051 (VIOLATED)
m.u_conv3.u_weights._25900_/B           2.507400    2.747442   -0.240042 (VIOLATED)
m.u_conv3.u_weights._25901_/B           2.507400    2.747442   -0.240042 (VIOLATED)
m.u_conv3.u_weights._20424_/A1          2.507400    2.747438   -0.240038 (VIOLATED)
m.u_conv3.u_weights._20306_/A           2.507400    2.747438   -0.240038 (VIOLATED)
m.u_conv3._449_/A                       2.507400    2.747325   -0.239925 (VIOLATED)
m.u_conv3._547_/Q                       2.507400    2.747325   -0.239925 (VIOLATED)
m.u_conv3.u_weights._15801_/A           2.507400    2.715299   -0.207899 (VIOLATED)
m.u_conv3.u_weights._26336_/A1          2.507400    2.715271   -0.207871 (VIOLATED)
m.u_conv3.u_weights._21026_/A1          2.507400    2.714933   -0.207533 (VIOLATED)
m.u_conv3.u_weights._21024_/A           2.507400    2.714929   -0.207529 (VIOLATED)
m.u_conv3.u_weights._23488_/A           2.507400    2.714543   -0.207143 (VIOLATED)
m.u_conv3.u_weights._23470_/A           2.507400    2.714542   -0.207142 (VIOLATED)
m.u_conv3.u_weights._22747_/A           2.507400    2.714390   -0.206990 (VIOLATED)
m.u_conv3.u_weights._22771_/A           2.507400    2.714374   -0.206974 (VIOLATED)
m.u_conv3.u_weights._18796_/A           2.507400    2.714320   -0.206920 (VIOLATED)
m.u_conv3.u_weights._19754_/A1          2.507400    2.713988   -0.206587 (VIOLATED)
m.u_conv3.u_weights._29241_/A           2.507400    2.712395   -0.204995 (VIOLATED)
m.u_conv3.u_weights._29215_/A1          2.507400    2.712352   -0.204952 (VIOLATED)
m.u_conv3.u_weights._27510_/A           2.507400    2.709982   -0.202582 (VIOLATED)
m.u_conv3.u_weights._22484_/A           2.507400    2.709980   -0.202580 (VIOLATED)
m.u_conv3.u_weights._22485_/A           2.507400    2.709979   -0.202579 (VIOLATED)
m.u_conv3.u_weights._29791_/A           2.507400    2.709757   -0.202356 (VIOLATED)
m.u_conv3.u_weights._23062_/A           2.507400    2.706078   -0.198678 (VIOLATED)
m.u_conv3.u_weights._28618_/A           2.507400    2.705864   -0.198464 (VIOLATED)
m.u_conv3.u_weights._25461_/A1          2.507400    2.705862   -0.198462 (VIOLATED)
m.u_conv3.u_weights._23059_/A1          2.507400    2.705835   -0.198435 (VIOLATED)
m.u_conv3.u_weights._28617_/A           2.507400    2.705497   -0.198096 (VIOLATED)
m.u_conv3.u_weights._20046_/B           2.507400    2.704539   -0.197139 (VIOLATED)
m.u_conv3.u_weights._20045_/B           2.507400    2.704467   -0.197067 (VIOLATED)
m.u_conv3.u_weights._23698_/A           2.507400    2.703187   -0.195787 (VIOLATED)
m.u_conv3.u_weights._25464_/A           2.507400    2.703166   -0.195766 (VIOLATED)
m.u_conv3.u_weights._26858_/A1          2.507400    2.703054   -0.195654 (VIOLATED)
m.u_conv3.u_weights._21120_/A           2.507400    2.702912   -0.195512 (VIOLATED)
m.u_conv3.u_weights._21117_/A1          2.507400    2.702877   -0.195477 (VIOLATED)
m.u_conv3.u_weights._31564_/A           2.507400    2.702676   -0.195275 (VIOLATED)
m.u_conv3.u_weights._25133_/A           2.507400    2.702285   -0.194885 (VIOLATED)
m.u_conv3.u_weights._25153_/A           2.507400    2.702285   -0.194885 (VIOLATED)
m.u_conv3.u_weights._24739_/A           2.507400    2.702254   -0.194854 (VIOLATED)
m.u_conv3.u_weights._19819_/A           2.507400    2.702022   -0.194622 (VIOLATED)
m.u_conv3.u_weights._16147_/A           2.507400    2.701923   -0.194523 (VIOLATED)
m.u_conv3.u_weights._16746_/A           2.507400    2.701554   -0.194154 (VIOLATED)
m.u_conv3.u_weights._16759_/A1          2.507400    2.701526   -0.194126 (VIOLATED)
m.u_conv3.u_weights._22835_/A           2.507400    2.700937   -0.193537 (VIOLATED)
m.u_conv3.u_weights._18002_/A           2.507400    2.700893   -0.193493 (VIOLATED)
m.u_conv3.u_weights._28784_/A           2.507400    2.700710   -0.193309 (VIOLATED)
m.u_conv3.u_weights._28797_/A           2.507400    2.700706   -0.193306 (VIOLATED)
m.u_conv3.u_weights._29481_/A           2.507400    2.700603   -0.193203 (VIOLATED)
m.u_conv3.u_weights._26134_/A           2.507400    2.700468   -0.193068 (VIOLATED)
m.u_conv3.u_weights._24738_/A           2.507400    2.700266   -0.192866 (VIOLATED)
m.u_conv3.u_weights._29482_/A           2.507400    2.700235   -0.192834 (VIOLATED)
m.u_conv3.u_weights._21030_/A           2.507400    2.700191   -0.192791 (VIOLATED)
m.u_conv3.u_weights._22530_/A           2.507400    2.699271   -0.191871 (VIOLATED)
m.u_conv3.u_weights._29729_/B           2.507400    2.698710   -0.191310 (VIOLATED)
m.u_conv3.u_weights._24215_/B           2.507400    2.698605   -0.191204 (VIOLATED)
m.u_conv3.u_weights._24259_/A2          2.507400    2.698601   -0.191201 (VIOLATED)
m.u_conv3.u_weights._21555_/A           2.507400    2.698268   -0.190868 (VIOLATED)
m.u_conv3.u_weights._21640_/A1          2.507400    2.698171   -0.190771 (VIOLATED)
m.u_conv3.u_weights._17244_/A           2.507400    2.698056   -0.190656 (VIOLATED)
m.u_conv3.u_weights._17243_/A           2.507400    2.698030   -0.190629 (VIOLATED)
m.u_conv3.u_weights._29731_/A2          2.507400    2.697212   -0.189811 (VIOLATED)
m.u_conv3.u_weights._17701_/A1          2.507400    2.696151   -0.188751 (VIOLATED)
m.u_conv3.u_weights._15796_/A           2.507400    2.696000   -0.188600 (VIOLATED)
m.u_conv3.u_weights._18246_/A           2.507400    2.695480   -0.188080 (VIOLATED)
m.u_conv3.u_weights._27614_/A           2.507400    2.693846   -0.186445 (VIOLATED)
m.u_conv3.u_weights._24069_/B           2.507400    2.693718   -0.186318 (VIOLATED)
m.u_conv3.u_weights._24068_/B           2.507400    2.693718   -0.186318 (VIOLATED)
m.u_conv3.u_weights._27600_/A1          2.507400    2.693567   -0.186167 (VIOLATED)
m.u_conv3.u_weights._30065_/A1          2.507400    2.691226   -0.183825 (VIOLATED)
m.u_conv3.u_weights._24073_/A           2.507400    2.691105   -0.183705 (VIOLATED)
m.u_conv3.u_weights._29130_/A           2.507400    2.690972   -0.183572 (VIOLATED)
m.u_conv3.u_weights._18584_/A           2.507400    2.690651   -0.183251 (VIOLATED)
m.u_conv3.u_weights._28290_/A           2.507400    2.689727   -0.182327 (VIOLATED)
m.u_conv3.u_weights._19487_/A           2.507400    2.689688   -0.182288 (VIOLATED)
m.u_conv3.u_weights._19509_/A           2.507400    2.689687   -0.182287 (VIOLATED)
m.u_conv3.u_weights._30390_/A           2.507400    2.689638   -0.182238 (VIOLATED)
m.u_conv3.u_weights._30405_/A           2.507400    2.689637   -0.182237 (VIOLATED)
m.u_conv3.u_weights._17060_/A           2.507400    2.689351   -0.181951 (VIOLATED)
m.u_conv3.u_weights._19236_/A           2.507400    2.689279   -0.181879 (VIOLATED)
m.u_conv3.u_weights._26793_/A           2.507400    2.689265   -0.181865 (VIOLATED)
m.u_conv3.u_weights._30468_/A           2.507400    2.689221   -0.181821 (VIOLATED)
m.u_conv3.u_weights._20357_/A           2.507400    2.689210   -0.181810 (VIOLATED)
m.u_conv3.u_weights._16439_/A           2.507400    2.689144   -0.181744 (VIOLATED)
m.u_conv3.u_weights._27336_/B           2.507400    2.689132   -0.181732 (VIOLATED)
m.u_conv3.u_weights._27335_/B           2.507400    2.688972   -0.181572 (VIOLATED)
m.u_conv3.u_weights._21798_/B           2.507400    2.688788   -0.181388 (VIOLATED)
m.u_conv3.u_weights._20571_/A           2.507400    2.688774   -0.181374 (VIOLATED)
m.u_conv3.u_weights._15846_/A           2.507400    2.688757   -0.181356 (VIOLATED)
m.u_conv3.u_weights._15847_/A           2.507400    2.688757   -0.181356 (VIOLATED)
m.u_conv3._507_/A                       2.507400    2.688611   -0.181211 (VIOLATED)
m.u_conv3._578_/Q                       2.507400    2.688611   -0.181211 (VIOLATED)
m.u_conv3.u_weights._22321_/A           2.507400    2.684897   -0.177496 (VIOLATED)
m.u_conv3.u_weights._15996_/A           2.507400    2.682946   -0.175546 (VIOLATED)
m.u_conv3.u_weights._15995_/A           2.507400    2.682892   -0.175492 (VIOLATED)
m.u_conv3.u_weights._20254_/A1          2.507400    2.679893   -0.172492 (VIOLATED)
m.u_conv3.u_weights._23258_/B           2.507400    2.676234   -0.168834 (VIOLATED)
m.u_conv3.u_weights._25509_/A           2.507400    2.676109   -0.168708 (VIOLATED)
m.u_conv3.u_weights._26988_/A           2.507400    2.675801   -0.168401 (VIOLATED)
m.u_conv3.u_weights._19827_/A           2.507400    2.675569   -0.168168 (VIOLATED)
m.u_conv3.u_weights._17865_/A1          2.507400    2.674860   -0.167460 (VIOLATED)
m.u_conv3.u_weights._16177_/B           2.507400    2.674627   -0.167227 (VIOLATED)
m.u_conv3.u_weights._19826_/A           2.507400    2.674623   -0.167222 (VIOLATED)
m.u_conv3.u_weights._19043_/A1          2.507400    2.674523   -0.167123 (VIOLATED)
m.u_conv3.u_weights._31382_/B           2.507400    2.674422   -0.167022 (VIOLATED)
m.u_conv3.u_weights._19578_/A1          2.507400    2.673984   -0.166584 (VIOLATED)
m.u_conv3.u_weights._29514_/A           2.507400    2.673571   -0.166171 (VIOLATED)
m.u_conv3.u_weights._30933_/A           2.507400    2.672759   -0.165359 (VIOLATED)
m.u_conv3.u_weights._22816_/A           2.507400    2.670928   -0.163528 (VIOLATED)
m.u_conv3.u_weights._18036_/A           2.507400    2.669441   -0.162041 (VIOLATED)
m.u_conv3.u_weights._17344_/A           2.507400    2.669280   -0.161880 (VIOLATED)
m.u_conv3.u_weights._17516_/A2          2.507400    2.665941   -0.158541 (VIOLATED)
m.u_conv3.u_weights._17463_/B           2.507400    2.665419   -0.158018 (VIOLATED)
m.u_conv3.u_weights._21349_/A           2.507400    2.664787   -0.157387 (VIOLATED)
m.u_conv3.u_weights._21348_/A           2.507400    2.664022   -0.156622 (VIOLATED)
m.u_conv3.u_weights._25384_/A           2.507400    2.655485   -0.148085 (VIOLATED)
m.u_conv3.u_weights._25377_/A1          2.507400    2.655481   -0.148081 (VIOLATED)
m.u_conv3.u_weights._16175_/B           2.507400    2.653760   -0.146360 (VIOLATED)
m.u_conv3.u_weights._16176_/B           2.507400    2.653720   -0.146320 (VIOLATED)
m.u_conv3.u_weights._21347_/B1          2.507400    2.649571   -0.142171 (VIOLATED)
m.u_conv3.u_weights._25736_/A           2.507400    2.648636   -0.141236 (VIOLATED)
m.u_conv3.u_weights._25735_/A           2.507400    2.648636   -0.141236 (VIOLATED)
m.u_conv3.u_weights._19286_/A           2.507400    2.648572   -0.141172 (VIOLATED)
m.u_conv3.u_weights._19285_/A           2.507400    2.648571   -0.141171 (VIOLATED)
m.u_conv3.u_weights._30247_/A           2.507400    2.648453   -0.141052 (VIOLATED)
m.u_conv3.u_weights._16727_/A           2.507400    2.648185   -0.140785 (VIOLATED)
m.u_conv3.u_weights._16712_/A1          2.507400    2.648098   -0.140698 (VIOLATED)
m.u_conv3.u_weights._17062_/A           2.507400    2.647748   -0.140348 (VIOLATED)
m.u_conv3.u_weights._16482_/A           2.507400    2.647678   -0.140278 (VIOLATED)
m.u_conv3.u_weights._16481_/A           2.507400    2.647672   -0.140272 (VIOLATED)
m.u_conv3.u_weights._27854_/A           2.507400    2.647509   -0.140109 (VIOLATED)
m.u_conv3.u_weights._26480_/A           2.507400    2.647353   -0.139953 (VIOLATED)
m.u_conv3.u_weights._15968_/A           2.507400    2.647216   -0.139816 (VIOLATED)
m.u_conv3.u_weights._15957_/A           2.507400    2.646704   -0.139304 (VIOLATED)
m.u_conv3.u_weights._20679_/A           2.507400    2.643800   -0.136400 (VIOLATED)
m.u_conv3.u_weights._18638_/A1          2.507400    2.643072   -0.135672 (VIOLATED)
m.u_conv3.u_weights._18336_/A1          2.507400    2.637932   -0.130532 (VIOLATED)
m.u_conv3.u_weights._19235_/A           2.507400    2.637161   -0.129761 (VIOLATED)
m.u_conv3.u_weights._30630_/A           2.507400    2.637151   -0.129751 (VIOLATED)
m.u_conv3.u_weights._29271_/A           2.507400    2.636987   -0.129587 (VIOLATED)
m.u_conv3.u_weights._26715_/A           2.507400    2.636897   -0.129497 (VIOLATED)
m.u_conv3.u_weights._18269_/A           2.507400    2.636412   -0.129011 (VIOLATED)
m.u_conv3.u_weights._22055_/A1          2.507400    2.636345   -0.128945 (VIOLATED)
m.u_conv3.u_weights._16410_/A           2.507400    2.635993   -0.128592 (VIOLATED)
m.u_conv3.u_weights._28248_/A1          2.507400    2.635795   -0.128394 (VIOLATED)
m.u_conv3.u_weights._25943_/A           2.507400    2.635659   -0.128258 (VIOLATED)
m.u_conv3.u_weights._16854_/A           2.507400    2.634845   -0.127445 (VIOLATED)
m.u_conv3.u_weights._27873_/A           2.507400    2.634826   -0.127426 (VIOLATED)
m.u_conv3.u_weights._25886_/A           2.507400    2.634114   -0.126713 (VIOLATED)
m.u_conv3.u_weights._25928_/A1          2.507400    2.634112   -0.126712 (VIOLATED)
m.u_conv3.u_weights._20310_/A           2.507400    2.634093   -0.126692 (VIOLATED)
m.u_conv3.u_weights._26712_/A           2.507400    2.634058   -0.126658 (VIOLATED)
m.u_conv3.u_weights._26576_/A1          2.507400    2.633315   -0.125915 (VIOLATED)
m.u_conv3._388_/A                       2.507400    2.632977   -0.125576 (VIOLATED)
m.u_conv3._517_/Q                       2.507400    2.632977   -0.125576 (VIOLATED)
m.u_conv3.u_weights._25370_/A1          2.507400    2.626827   -0.119427 (VIOLATED)
m.u_conv3.u_weights._27812_/A           2.507400    2.625800   -0.118400 (VIOLATED)
m.u_conv3.u_weights._27824_/A           2.507400    2.625800   -0.118400 (VIOLATED)
m.u_conv3.u_weights._29879_/A           2.507400    2.625645   -0.118245 (VIOLATED)
m.u_conv3.u_weights._17003_/B           2.507400    2.625342   -0.117942 (VIOLATED)
m.u_conv3.u_weights._23832_/A1          2.507400    2.625273   -0.117873 (VIOLATED)
m.u_conv3.u_weights._30153_/A           2.507400    2.625194   -0.117794 (VIOLATED)
m.u_conv3.u_weights._30179_/A           2.507400    2.625193   -0.117793 (VIOLATED)
m.u_conv3.u_weights._24335_/A1          2.507400    2.625062   -0.117662 (VIOLATED)
m.u_conv3.u_weights._22493_/A           2.507400    2.624715   -0.117315 (VIOLATED)
m.u_conv3.u_weights._22516_/A           2.507400    2.624715   -0.117314 (VIOLATED)
m.u_conv3.u_weights._22492_/A           2.507400    2.624712   -0.117312 (VIOLATED)
m.u_conv3.u_weights._29784_/A1          2.507400    2.624590   -0.117190 (VIOLATED)
m.u_conv3.u_weights._16386_/A           2.507400    2.624004   -0.116603 (VIOLATED)
m.u_conv3.u_weights._18532_/A           2.507400    2.623058   -0.115658 (VIOLATED)
m.u_conv3.u_weights._18533_/A           2.507400    2.623057   -0.115657 (VIOLATED)
m.u_conv3.u_weights._23984_/A           2.507400    2.622654   -0.115254 (VIOLATED)
m.u_conv3.u_weights._17227_/A1          2.507400    2.622606   -0.115206 (VIOLATED)
m.u_conv3.u_weights._23985_/A           2.507400    2.622522   -0.115122 (VIOLATED)
m.u_conv3.u_weights._17687_/A1          2.507400    2.622308   -0.114908 (VIOLATED)
m.u_conv3.u_weights._24985_/B           2.507400    2.621933   -0.114533 (VIOLATED)
m.u_conv3.u_weights._24987_/B           2.507400    2.621483   -0.114083 (VIOLATED)
m.u_conv3.u_weights._23211_/A1          2.507400    2.620588   -0.113188 (VIOLATED)
m.u_conv3.u_weights._15828_/A           2.507400    2.620580   -0.113180 (VIOLATED)
m.u_conv3.u_weights._27190_/A1          2.507400    2.620446   -0.113046 (VIOLATED)
m.u_conv3.u_weights._23386_/B           2.507400    2.620267   -0.112867 (VIOLATED)
m.u_conv3.u_weights._21659_/A           2.507400    2.620128   -0.112728 (VIOLATED)
m.u_conv3.u_weights._23388_/A2          2.507400    2.620102   -0.112702 (VIOLATED)
m.u_conv3.u_weights._26887_/A1          2.507400    2.619185   -0.111785 (VIOLATED)
m.u_conv3.u_weights._31566_/A           2.507400    2.617773   -0.110373 (VIOLATED)
m.u_conv3.u_weights._23700_/A1          2.507400    2.617434   -0.110034 (VIOLATED)
m.u_conv3.u_weights._29665_/A1          2.507400    2.617058   -0.109658 (VIOLATED)
m.u_conv3.u_weights._26642_/A           2.507400    2.616985   -0.109585 (VIOLATED)
m.u_conv3.u_weights._21825_/A           2.507400    2.616802   -0.109402 (VIOLATED)
m.u_conv3.u_weights._26018_/A           2.507400    2.616725   -0.109325 (VIOLATED)
m.u_conv3.u_weights._26584_/A1          2.507400    2.616663   -0.109263 (VIOLATED)
m.u_conv3.u_weights._20041_/A           2.507400    2.616622   -0.109222 (VIOLATED)
m.u_conv3.u_weights._20016_/A           2.507400    2.616621   -0.109221 (VIOLATED)
m.u_conv3.u_weights._20015_/A           2.507400    2.616620   -0.109220 (VIOLATED)
m.u_conv3.u_weights._28072_/A           2.507400    2.616598   -0.109198 (VIOLATED)
m.u_conv3.u_weights._16594_/A           2.507400    2.616354   -0.108953 (VIOLATED)
m.u_conv3.u_weights._19009_/A           2.507400    2.616251   -0.108851 (VIOLATED)
m.u_conv3.u_weights._22838_/A           2.507400    2.615794   -0.108394 (VIOLATED)
m.u_conv3.u_weights._16971_/A           2.507400    2.615756   -0.108356 (VIOLATED)
m.u_conv3.u_weights._19783_/A           2.507400    2.615657   -0.108257 (VIOLATED)
m.u_conv3.u_weights._30249_/A           2.507400    2.615320   -0.107920 (VIOLATED)
m.u_conv3.u_weights._19586_/B           2.507400    2.615206   -0.107806 (VIOLATED)
m.u_conv3.u_weights._24589_/A           2.507400    2.615171   -0.107771 (VIOLATED)
m.u_conv3.u_weights._31003_/A           2.507400    2.615123   -0.107722 (VIOLATED)
m.u_conv3.u_weights._25468_/A           2.507400    2.615056   -0.107655 (VIOLATED)
m.u_conv3.u_weights._21074_/A           2.507400    2.614870   -0.107470 (VIOLATED)
m.u_conv3.u_weights._17263_/B           2.507400    2.614605   -0.107204 (VIOLATED)
m.u_conv3.u_weights._30924_/A1          2.507400    2.614269   -0.106869 (VIOLATED)
m.u_conv3.u_weights._25828_/A           2.507400    2.614236   -0.106836 (VIOLATED)
m.u_conv3.u_weights._31338_/A           2.507400    2.614022   -0.106622 (VIOLATED)
m.u_conv3.u_weights._24990_/A           2.507400    2.613881   -0.106481 (VIOLATED)
m.u_conv3.u_weights._18518_/B           2.507400    2.613758   -0.106358 (VIOLATED)
m.u_conv3.u_weights._18519_/A           2.507400    2.613731   -0.106331 (VIOLATED)
m.u_conv3.u_weights._31515_/A           2.507400    2.613535   -0.106135 (VIOLATED)
m.u_conv3.u_weights._21316_/A           2.507400    2.613535   -0.106135 (VIOLATED)
m.u_conv3.u_weights._16750_/B           2.507400    2.613218   -0.105817 (VIOLATED)
m.u_conv3.u_weights._20315_/B           2.507400    2.612428   -0.105028 (VIOLATED)
m.u_conv3.u_weights._20314_/B           2.507400    2.612427   -0.105027 (VIOLATED)
m.u_conv3.u_weights._22442_/A           2.507400    2.611900   -0.104500 (VIOLATED)
m.u_conv3.u_weights._22441_/A           2.507400    2.611770   -0.104370 (VIOLATED)
m.u_conv3.u_weights._25299_/A           2.507400    2.611739   -0.104339 (VIOLATED)
m.u_conv3.u_weights._29505_/A           2.507400    2.611581   -0.104180 (VIOLATED)
m.u_conv3.u_weights._18216_/B           2.507400    2.611406   -0.104005 (VIOLATED)
m.u_conv3.u_weights._17610_/A           2.507400    2.610763   -0.103363 (VIOLATED)
m.u_conv3.u_weights._17826_/A1          2.507400    2.610749   -0.103348 (VIOLATED)
m.u_conv3.u_weights._17825_/A1          2.507400    2.610360   -0.102960 (VIOLATED)
m.u_conv3.u_weights._21761_/A1          2.507400    2.610253   -0.102853 (VIOLATED)
m.u_conv3.u_weights._17721_/A           2.507400    2.610221   -0.102821 (VIOLATED)
m.u_conv3.u_weights._21567_/B           2.507400    2.610208   -0.102808 (VIOLATED)
m.u_conv3.u_weights._21568_/A           2.507400    2.610186   -0.102786 (VIOLATED)
m.u_conv3.u_weights._16529_/A1          2.507400    2.609617   -0.102217 (VIOLATED)
m.u_conv3.u_weights._22806_/A1          2.507400    2.609456   -0.102055 (VIOLATED)
m.u_conv3.u_weights._19336_/A1          2.507400    2.609382   -0.101982 (VIOLATED)
m.u_conv3.u_weights._25741_/B           2.507400    2.609322   -0.101922 (VIOLATED)
m.u_conv3.u_weights._25740_/B           2.507400    2.609320   -0.101920 (VIOLATED)
m.u_conv3.u_weights._27459_/A           2.507400    2.608832   -0.101432 (VIOLATED)
m.u_conv3.u_weights._24760_/A1          2.507400    2.607321   -0.099920 (VIOLATED)
m.u_conv3.u_weights._23027_/A1          2.507400    2.606878   -0.099478 (VIOLATED)
m.u_conv3.u_weights._23945_/A           2.507400    2.606848   -0.099448 (VIOLATED)
m.u_conv3.u_weights._26175_/A1          2.507400    2.606837   -0.099437 (VIOLATED)
m.u_conv3.u_weights._27299_/A           2.507400    2.606824   -0.099424 (VIOLATED)
m.u_conv3.u_weights._18972_/A           2.507400    2.606706   -0.099306 (VIOLATED)
m.u_conv3.u_weights._28861_/A           2.507400    2.606655   -0.099255 (VIOLATED)
m.u_conv3.u_weights._28855_/A           2.507400    2.606648   -0.099248 (VIOLATED)
m.u_conv3.u_weights._28860_/A           2.507400    2.606641   -0.099241 (VIOLATED)
m.u_conv3.u_weights._29781_/A           2.507400    2.606348   -0.098948 (VIOLATED)
m.u_conv3.u_weights._20107_/A           2.507400    2.606215   -0.098815 (VIOLATED)
m.u_conv3.u_weights._19751_/A           2.507400    2.606057   -0.098657 (VIOLATED)
m.u_conv3.u_weights._15770_/Y           2.507400    2.605741   -0.098341 (VIOLATED)
m.u_conv3.u_weights._31332_/A1          2.507400    2.605072   -0.097672 (VIOLATED)
m.u_conv3.u_weights._17495_/A1          2.507400    2.604250   -0.096850 (VIOLATED)
m.u_conv3.u_weights._25187_/A1          2.507400    2.603227   -0.095827 (VIOLATED)
m.u_conv3.u_weights._19373_/A           2.507400    2.602924   -0.095524 (VIOLATED)
m.u_conv3.u_weights._17939_/A           2.507400    2.602922   -0.095522 (VIOLATED)
m.u_conv3.u_weights._24963_/A           2.507400    2.602817   -0.095417 (VIOLATED)
m.u_conv3.u_weights._24962_/B           2.507400    2.602813   -0.095413 (VIOLATED)
m.u_conv3.u_weights._21087_/A           2.507400    2.602486   -0.095086 (VIOLATED)
m.u_conv3.u_weights._23271_/A           2.507400    2.602255   -0.094855 (VIOLATED)
m.u_conv3.u_weights._27156_/A1          2.507400    2.601765   -0.094365 (VIOLATED)
m.u_conv3.u_weights._29964_/A           2.507400    2.601662   -0.094262 (VIOLATED)
m.u_conv3.u_weights._23920_/A           2.507400    2.601496   -0.094096 (VIOLATED)
m.u_conv3.u_weights._23017_/A           2.507400    2.601462   -0.094061 (VIOLATED)
m.u_conv3.u_weights._23249_/A           2.507400    2.601376   -0.093976 (VIOLATED)
m.u_conv3.u_weights._18745_/A           2.507400    2.601319   -0.093919 (VIOLATED)
m.u_conv3.u_weights._20966_/A           2.507400    2.601167   -0.093767 (VIOLATED)
m.u_conv3.u_weights._20979_/A1          2.507400    2.601165   -0.093765 (VIOLATED)
m.u_conv3.u_weights._23291_/A1          2.507400    2.601114   -0.093714 (VIOLATED)
m.u_conv3.u_weights._24357_/A           2.507400    2.601049   -0.093649 (VIOLATED)
m.u_conv3.u_weights._24358_/A           2.507400    2.601047   -0.093647 (VIOLATED)
m.u_conv3.u_weights._22471_/A1          2.507400    2.600772   -0.093372 (VIOLATED)
m.u_conv3.u_weights._29034_/A           2.507400    2.600661   -0.093261 (VIOLATED)
m.u_conv3.u_weights._29033_/B           2.507400    2.600646   -0.093245 (VIOLATED)
m.u_conv3.u_weights._19702_/A           2.507400    2.600429   -0.093029 (VIOLATED)
m.u_conv3.u_weights._19703_/A           2.507400    2.600425   -0.093025 (VIOLATED)
m.u_conv3.u_weights._26128_/A           2.507400    2.600012   -0.092612 (VIOLATED)
m.u_conv3.u_weights._27749_/A           2.507400    2.599670   -0.092270 (VIOLATED)
m.u_conv3.u_weights._30008_/A1          2.507400    2.599642   -0.092242 (VIOLATED)
m.u_conv3.u_weights._29995_/A           2.507400    2.599616   -0.092216 (VIOLATED)
m.u_conv3.u_weights._27470_/A1          2.507400    2.599122   -0.091722 (VIOLATED)
m.u_conv3.u_weights._22571_/A           2.507400    2.598821   -0.091421 (VIOLATED)
m.u_conv3.u_weights._29068_/A           2.507400    2.598588   -0.091188 (VIOLATED)
m.u_conv3.u_weights._18974_/A           2.507400    2.598452   -0.091052 (VIOLATED)
m.u_conv3.u_weights._23187_/A           2.507400    2.598428   -0.091028 (VIOLATED)
m.u_conv3.u_weights._23947_/A           2.507400    2.598339   -0.090938 (VIOLATED)
m.u_conv3.u_weights._27606_/A           2.507400    2.598257   -0.090857 (VIOLATED)
m.u_conv3.u_weights._19547_/A1          2.507400    2.598046   -0.090646 (VIOLATED)
m.u_conv3.u_weights._27446_/A           2.507400    2.597601   -0.090201 (VIOLATED)
m.u_conv3.u_weights._23999_/A           2.507400    2.597523   -0.090123 (VIOLATED)
m.u_conv3.u_weights._28971_/A           2.507400    2.596442   -0.089042 (VIOLATED)
m.u_conv3.u_weights._26335_/A           2.507400    2.596436   -0.089036 (VIOLATED)
m.u_conv3.u_weights._15812_/Y           2.507400    2.595798   -0.088398 (VIOLATED)
m.u_conv3.u_weights._28713_/A1          2.507400    2.595531   -0.088131 (VIOLATED)
m.u_conv3.u_weights._30577_/A           2.507400    2.594558   -0.087157 (VIOLATED)
m.u_conv3.u_weights._25907_/A           2.507400    2.594287   -0.086887 (VIOLATED)
m.u_conv3.u_weights._30239_/A1          2.507400    2.594228   -0.086828 (VIOLATED)
m.u_conv3.u_weights._16934_/A           2.507400    2.594221   -0.086821 (VIOLATED)
m.u_conv3.u_weights._16909_/A           2.507400    2.594221   -0.086821 (VIOLATED)
m.u_conv3.u_weights._18051_/B           2.507400    2.593739   -0.086339 (VIOLATED)
m.u_conv3.u_weights._18049_/B           2.507400    2.593737   -0.086337 (VIOLATED)
m.u_conv3.u_weights._22311_/A           2.507400    2.593677   -0.086277 (VIOLATED)
m.u_conv3.u_weights._20793_/B           2.507400    2.593623   -0.086223 (VIOLATED)
m.u_conv3.u_weights._22307_/A1          2.507400    2.593471   -0.086070 (VIOLATED)
m.u_conv3.u_weights._23530_/A           2.507400    2.593026   -0.085626 (VIOLATED)
m.u_conv3.u_weights._21138_/A           2.507400    2.592983   -0.085583 (VIOLATED)
m.u_conv3.u_weights._16327_/A1          2.507400    2.592886   -0.085486 (VIOLATED)
m.u_conv3.u_weights._16320_/A           2.507400    2.592886   -0.085486 (VIOLATED)
m.u_conv3.u_weights._29245_/A           2.507400    2.592732   -0.085332 (VIOLATED)
m.u_conv3.u_weights._31479_/A           2.507400    2.592086   -0.084685 (VIOLATED)
m.u_conv3.u_weights._29762_/A           2.507400    2.589671   -0.082271 (VIOLATED)
m.u_conv3.u_weights._15816_/A           2.507400    2.589585   -0.082184 (VIOLATED)
m.u_conv3.u_weights._19641_/A           2.507400    2.589473   -0.082073 (VIOLATED)
m.u_conv3.u_weights._19642_/A           2.507400    2.589470   -0.082070 (VIOLATED)
m.u_conv3.u_weights._22520_/A           2.507400    2.589240   -0.081840 (VIOLATED)
m.u_conv3.u_weights._22519_/A           2.507400    2.589233   -0.081833 (VIOLATED)
m.u_conv3.u_weights._31283_/A           2.507400    2.588944   -0.081544 (VIOLATED)
m.u_conv3.u_weights._15777_/A           2.507400    2.588939   -0.081539 (VIOLATED)
m.u_conv3.u_weights._18854_/B           2.507400    2.588804   -0.081404 (VIOLATED)
m.u_conv3.u_weights._18853_/B           2.507400    2.588754   -0.081354 (VIOLATED)
m.u_conv3.u_weights._28807_/A           2.507400    2.588717   -0.081317 (VIOLATED)
m.u_conv3.u_weights._18852_/B           2.507400    2.588676   -0.081276 (VIOLATED)
m.u_conv3.u_weights._23050_/A           2.507400    2.588383   -0.080983 (VIOLATED)
m.u_conv3.u_weights._23049_/A           2.507400    2.588373   -0.080973 (VIOLATED)
m.u_conv3.u_weights._16141_/A           2.507400    2.587676   -0.080276 (VIOLATED)
m.u_conv3.u_weights._16126_/A1          2.507400    2.587615   -0.080215 (VIOLATED)
m.u_conv3.u_weights._27124_/A           2.507400    2.587474   -0.080074 (VIOLATED)
m.u_conv3.u_weights._23384_/A1          2.507400    2.587022   -0.079622 (VIOLATED)
m.u_conv3.u_weights._18570_/A           2.507400    2.587016   -0.079615 (VIOLATED)
m.u_conv3.u_weights._22584_/A1          2.507400    2.584834   -0.077434 (VIOLATED)
m.u_conv3.u_weights._19238_/A1          2.507400    2.584720   -0.077319 (VIOLATED)
m.u_conv3.u_weights._19261_/A           2.507400    2.584720   -0.077319 (VIOLATED)
m.u_conv3.u_weights._21996_/A1          2.507400    2.584716   -0.077316 (VIOLATED)
m.u_conv3.u_weights._24965_/A1          2.507400    2.584703   -0.077303 (VIOLATED)
m.u_conv3._503_/A                       2.507400    2.584702   -0.077302 (VIOLATED)
m.u_conv3._576_/Q                       2.507400    2.584702   -0.077302 (VIOLATED)
m.u_conv3.u_weights._24969_/A           2.507400    2.584695   -0.077295 (VIOLATED)
m.u_conv3.u_weights._28437_/A           2.507400    2.584443   -0.077042 (VIOLATED)
m.u_conv3.u_weights._22879_/A           2.507400    2.584391   -0.076991 (VIOLATED)
m.u_conv3.u_weights._16942_/A           2.507400    2.584251   -0.076851 (VIOLATED)
m.u_conv3.u_weights._30947_/A           2.507400    2.584241   -0.076841 (VIOLATED)
m.u_conv3.u_weights._29538_/A           2.507400    2.584135   -0.076735 (VIOLATED)
m.u_conv3.u_weights._17730_/A           2.507400    2.584000   -0.076599 (VIOLATED)
m.u_conv3.u_weights._21108_/A           2.507400    2.583490   -0.076090 (VIOLATED)
m.u_conv3.u_weights._29544_/A1          2.507400    2.582503   -0.075103 (VIOLATED)
m.u_conv3.u_weights._21610_/A1          2.507400    2.582427   -0.075027 (VIOLATED)
m.u_conv3.u_weights._21588_/A           2.507400    2.582396   -0.074996 (VIOLATED)
m.u_conv3.u_weights._24015_/A           2.507400    2.582360   -0.074959 (VIOLATED)
m.u_conv3.u_weights._18100_/A           2.507400    2.582314   -0.074914 (VIOLATED)
m.u_conv3.u_weights._27378_/A           2.507400    2.582311   -0.074911 (VIOLATED)
m.u_conv3.u_weights._27357_/A1          2.507400    2.582290   -0.074890 (VIOLATED)
m.u_conv3.u_weights._22313_/A           2.507400    2.582094   -0.074694 (VIOLATED)
m.u_conv3.u_weights._22312_/A           2.507400    2.582091   -0.074691 (VIOLATED)
m.u_conv3.u_weights._18012_/B           2.507400    2.581567   -0.074167 (VIOLATED)
m.u_conv3.u_weights._18013_/B           2.507400    2.581549   -0.074149 (VIOLATED)
m.u_conv3.u_weights._22103_/A           2.507400    2.581388   -0.073987 (VIOLATED)
m.u_conv3.u_weights._28544_/B           2.507400    2.581385   -0.073985 (VIOLATED)
m.u_conv3.u_weights._31368_/A           2.507400    2.581022   -0.073622 (VIOLATED)
m.u_conv3.u_weights._20559_/A           2.507400    2.580817   -0.073416 (VIOLATED)
m.u_conv3.u_weights._17643_/A           2.507400    2.579479   -0.072079 (VIOLATED)
m.u_conv3.u_weights._25161_/A1          2.507400    2.577161   -0.069761 (VIOLATED)
m.u_conv3.u_weights._16147_/B           2.507400    2.577075   -0.069674 (VIOLATED)
m.u_conv3.u_weights._22075_/A           2.507400    2.576976   -0.069575 (VIOLATED)
m.u_conv3.u_weights._15807_/A           2.507400    2.575616   -0.068216 (VIOLATED)
m.u_conv3.u_weights._18756_/A           2.507400    2.575383   -0.067983 (VIOLATED)
m.u_conv3.u_weights._23971_/A           2.507400    2.575126   -0.067726 (VIOLATED)
m.u_conv3.u_weights._23948_/A1          2.507400    2.575126   -0.067726 (VIOLATED)
m.u_conv3.u_weights._17003_/A           2.507400    2.575029   -0.067629 (VIOLATED)
m.u_conv3.u_weights._19284_/A           2.507400    2.574935   -0.067535 (VIOLATED)
m.u_conv3.u_weights._16424_/A           2.507400    2.574906   -0.067506 (VIOLATED)
m.u_conv3.u_weights._16433_/A           2.507400    2.574856   -0.067456 (VIOLATED)
m.u_conv3.u_weights._24751_/A           2.507400    2.574624   -0.067224 (VIOLATED)
m.u_conv3.u_weights._25189_/A           2.507400    2.574527   -0.067126 (VIOLATED)
m.u_conv3.u_weights._21045_/A           2.507400    2.574458   -0.067058 (VIOLATED)
m.u_conv3.u_weights._21031_/A           2.507400    2.574458   -0.067058 (VIOLATED)
m.u_conv3.u_weights._24441_/A           2.507400    2.574359   -0.066959 (VIOLATED)
m.u_conv3.u_weights._24425_/A           2.507400    2.574353   -0.066953 (VIOLATED)
m.u_conv3.u_weights._21574_/B           2.507400    2.574339   -0.066939 (VIOLATED)
m.u_conv3.u_weights._25188_/A           2.507400    2.574177   -0.066777 (VIOLATED)
m.u_conv3.u_weights._27105_/A           2.507400    2.573978   -0.066578 (VIOLATED)
m.u_conv3.u_weights._25163_/A           2.507400    2.573298   -0.065898 (VIOLATED)
m.u_conv3.u_weights._20213_/A           2.507400    2.572934   -0.065534 (VIOLATED)
m.u_conv3.u_weights._21576_/B           2.507400    2.572518   -0.065117 (VIOLATED)
m.u_conv3.u_weights._29994_/A           2.507400    2.571801   -0.064400 (VIOLATED)
m.u_conv3.u_weights._21415_/A           2.507400    2.571124   -0.063724 (VIOLATED)
m.u_conv3.u_weights._29504_/A           2.507400    2.570250   -0.062850 (VIOLATED)
m.u_conv3.u_weights._29545_/A1          2.507400    2.570246   -0.062846 (VIOLATED)
m.u_conv3.u_weights._17433_/A1          2.507400    2.570115   -0.062715 (VIOLATED)
m.u_conv3.u_weights._21414_/A           2.507400    2.570007   -0.062607 (VIOLATED)
m.u_conv3.u_weights._17582_/A           2.507400    2.569975   -0.062575 (VIOLATED)
m.u_conv3.u_weights._24936_/A2          2.507400    2.569965   -0.062565 (VIOLATED)
m.u_conv3.u_weights._19818_/A           2.507400    2.569886   -0.062486 (VIOLATED)
m.u_conv3.u_weights._28348_/A           2.507400    2.569754   -0.062353 (VIOLATED)
m.u_conv3.u_weights._19653_/A           2.507400    2.569647   -0.062246 (VIOLATED)
m.u_conv3.u_weights._19308_/A           2.507400    2.569636   -0.062236 (VIOLATED)
m.u_conv3.u_weights._24554_/A           2.507400    2.569320   -0.061920 (VIOLATED)
m.u_conv3.u_weights._30237_/A1          2.507400    2.569285   -0.061885 (VIOLATED)
m.u_conv3.u_weights._16736_/A           2.507400    2.568960   -0.061560 (VIOLATED)
m.u_conv3.u_weights._16982_/A           2.507400    2.568937   -0.061537 (VIOLATED)
m.u_conv3.u_weights._16983_/A           2.507400    2.568931   -0.061531 (VIOLATED)
m.u_conv3.u_weights._27857_/A           2.507400    2.568672   -0.061272 (VIOLATED)
m.u_conv3.u_weights._26369_/A           2.507400    2.568348   -0.060948 (VIOLATED)
m.u_conv3.u_weights._20560_/A           2.507400    2.567802   -0.060402 (VIOLATED)
m.u_conv3.u_weights._24619_/A1          2.507400    2.567742   -0.060342 (VIOLATED)
m.u_conv3.u_weights._24613_/A           2.507400    2.567740   -0.060340 (VIOLATED)
m.u_conv3.u_weights._27575_/A           2.507400    2.567603   -0.060203 (VIOLATED)
m.u_conv3.u_weights._27512_/A           2.507400    2.567602   -0.060202 (VIOLATED)
m.u_conv3.u_weights._20618_/A           2.507400    2.567326   -0.059926 (VIOLATED)
m.u_conv3.u_weights._15888_/A           2.507400    2.567088   -0.059688 (VIOLATED)
m.u_conv3.u_weights._15890_/A           2.507400    2.567047   -0.059647 (VIOLATED)
m.u_conv3.u_weights._29053_/A           2.507400    2.566783   -0.059383 (VIOLATED)
m.u_conv3.u_weights._25882_/A           2.507400    2.566320   -0.058920 (VIOLATED)
m.u_conv3.u_weights._30455_/A           2.507400    2.566315   -0.058915 (VIOLATED)
m.u_conv3.u_weights._20400_/A1          2.507400    2.566298   -0.058898 (VIOLATED)
m.u_conv3.u_weights._26622_/A           2.507400    2.566260   -0.058860 (VIOLATED)
m.u_conv3.u_weights._18547_/A           2.507400    2.566255   -0.058854 (VIOLATED)
m.u_conv3.u_weights._19067_/A           2.507400    2.566207   -0.058807 (VIOLATED)
m.u_conv3.u_weights._30657_/A           2.507400    2.566030   -0.058630 (VIOLATED)
m.u_conv3.u_weights._30656_/A           2.507400    2.566029   -0.058629 (VIOLATED)
m.u_conv3.u_weights._16436_/A           2.507400    2.565995   -0.058595 (VIOLATED)
m.u_conv3.u_weights._28054_/A           2.507400    2.565983   -0.058582 (VIOLATED)
m.u_conv3.u_weights._18394_/B           2.507400    2.565966   -0.058566 (VIOLATED)
m.u_conv3.u_weights._18396_/A2          2.507400    2.565916   -0.058516 (VIOLATED)
m.u_conv3._421_/A1                      2.507400    2.565835   -0.058435 (VIOLATED)
m.u_conv3._527_/Q                       2.507400    2.565824   -0.058424 (VIOLATED)
m.u_conv3.u_weights._29791_/B           2.507400    2.565711   -0.058311 (VIOLATED)
m.u_conv3.u_weights._30328_/A           2.507400    2.563277   -0.055877 (VIOLATED)
m.u_conv3.u_weights._30329_/A           2.507400    2.563277   -0.055877 (VIOLATED)
m.u_conv3.u_weights._16908_/A           2.507400    2.563257   -0.055857 (VIOLATED)
m.u_conv3.u_weights._20378_/A           2.507400    2.563134   -0.055734 (VIOLATED)
m.u_conv3.u_weights._20389_/A1          2.507400    2.563133   -0.055733 (VIOLATED)
m.u_conv3.u_weights._26719_/A           2.507400    2.563125   -0.055725 (VIOLATED)
m.u_conv3.u_weights._25910_/A1          2.507400    2.563109   -0.055709 (VIOLATED)
m.u_conv3.u_weights._25914_/A           2.507400    2.563089   -0.055689 (VIOLATED)
m.u_conv3.u_weights._21829_/B           2.507400    2.562984   -0.055584 (VIOLATED)
m.u_conv3.u_weights._29274_/A           2.507400    2.562915   -0.055515 (VIOLATED)
m.u_conv3.u_weights._29275_/A           2.507400    2.562914   -0.055514 (VIOLATED)
m.u_conv3.u_weights._18449_/A           2.507400    2.562897   -0.055497 (VIOLATED)
m.u_conv3._445_/A                       2.507400    2.562819   -0.055419 (VIOLATED)
m.u_conv3._545_/Q                       2.507400    2.562819   -0.055419 (VIOLATED)
m.u_conv3.u_weights._23300_/A           2.507400    2.560801   -0.053401 (VIOLATED)
m.u_conv3.u_weights._25448_/A           2.507400    2.560241   -0.052841 (VIOLATED)
m.u_conv3.u_weights._21927_/A1          2.507400    2.559973   -0.052572 (VIOLATED)
m.u_conv3.u_weights._30665_/A           2.507400    2.559822   -0.052422 (VIOLATED)
m.u_conv3.u_weights._18263_/A           2.507400    2.559649   -0.052249 (VIOLATED)
m.u_conv3.u_weights._30512_/A1          2.507400    2.558864   -0.051464 (VIOLATED)
m.u_conv3.u_weights._30509_/A           2.507400    2.558863   -0.051463 (VIOLATED)
m.u_conv3.u_weights._16282_/A           2.507400    2.558846   -0.051446 (VIOLATED)
m.u_conv3.u_weights._20730_/A           2.507400    2.558227   -0.050826 (VIOLATED)
m.u_conv3.u_weights._16587_/A           2.507400    2.557890   -0.050490 (VIOLATED)
m.u_conv3.u_weights._16710_/A           2.507400    2.557283   -0.049883 (VIOLATED)
m.u_conv3.u_weights._28549_/A           2.507400    2.556283   -0.048882 (VIOLATED)
m.u_conv3.u_weights._20052_/A           2.507400    2.555694   -0.048294 (VIOLATED)
m.u_conv3.u_weights._21323_/A           2.507400    2.554965   -0.047565 (VIOLATED)
m.u_conv3.u_weights._29422_/A1          2.507400    2.554953   -0.047553 (VIOLATED)
m.u_conv3.u_weights._29347_/A           2.507400    2.554953   -0.047553 (VIOLATED)
m.u_conv3.u_weights._16734_/A           2.507400    2.554900   -0.047500 (VIOLATED)
m.u_conv3.u_weights._15957_/B           2.507400    2.554748   -0.047348 (VIOLATED)
m.u_conv3.u_weights._15968_/B           2.507400    2.554733   -0.047333 (VIOLATED)
m.u_conv3.u_weights._19316_/A           2.507400    2.554709   -0.047309 (VIOLATED)
m.u_conv3.u_weights._31130_/A           2.507400    2.554652   -0.047252 (VIOLATED)
m.u_conv3.u_weights._21348_/B           2.507400    2.554238   -0.046838 (VIOLATED)
m.u_conv3.u_weights._25742_/A           2.507400    2.554216   -0.046815 (VIOLATED)
m.u_conv3.u_weights._25818_/A1          2.507400    2.554215   -0.046815 (VIOLATED)
m.u_conv3.u_weights._21349_/B           2.507400    2.554203   -0.046803 (VIOLATED)
m.u_conv3.u_weights._19376_/A           2.507400    2.554193   -0.046793 (VIOLATED)
m.u_conv3.u_weights._28448_/A           2.507400    2.554149   -0.046749 (VIOLATED)
m.u_conv3.u_weights._28484_/A1          2.507400    2.554145   -0.046745 (VIOLATED)
m.u_conv3.u_weights._19905_/A           2.507400    2.554035   -0.046635 (VIOLATED)
m.u_conv3.u_weights._22940_/A           2.507400    2.554013   -0.046613 (VIOLATED)
m.u_conv3.u_weights._17852_/A           2.507400    2.553947   -0.046547 (VIOLATED)
m.u_conv3.u_weights._20222_/A           2.507400    2.553837   -0.046437 (VIOLATED)
m.u_conv3.u_weights._20221_/A           2.507400    2.553831   -0.046431 (VIOLATED)
m.u_conv3.u_weights._17929_/A1          2.507400    2.553751   -0.046351 (VIOLATED)
m.u_conv3.u_weights._22737_/A1          2.507400    2.553720   -0.046320 (VIOLATED)
m.u_conv3.u_weights._22638_/A           2.507400    2.553720   -0.046320 (VIOLATED)
m.u_conv3.u_weights._22278_/B           2.507400    2.553694   -0.046294 (VIOLATED)
m.u_conv3.u_weights._16203_/A           2.507400    2.553685   -0.046285 (VIOLATED)
m.u_conv3.u_weights._16202_/A           2.507400    2.553685   -0.046285 (VIOLATED)
m.u_conv3.u_weights._15955_/Y           2.507400    2.553674   -0.046274 (VIOLATED)
m.u_conv3.u_weights._18127_/A1          2.507400    2.550810   -0.043410 (VIOLATED)
m.u_conv3.u_weights._20051_/A           2.507400    2.550381   -0.042981 (VIOLATED)
m.u_conv3.u_weights._24470_/A           2.507400    2.550067   -0.042667 (VIOLATED)
m.u_conv3.u_weights._17321_/A           2.507400    2.549848   -0.042448 (VIOLATED)
m.u_conv3.u_weights._17631_/A           2.507400    2.549845   -0.042444 (VIOLATED)
m.u_conv3.u_weights._21657_/A           2.507400    2.549365   -0.041965 (VIOLATED)
m.u_conv3.u_weights._22188_/A           2.507400    2.548397   -0.040997 (VIOLATED)
m.u_conv3.u_weights._31480_/A           2.507400    2.547759   -0.040359 (VIOLATED)
m.u_conv3.u_weights._17212_/B           2.507400    2.546632   -0.039232 (VIOLATED)
m.u_conv3.u_weights._17213_/B           2.507400    2.546628   -0.039228 (VIOLATED)
m.u_conv3.u_weights._16961_/A           2.507400    2.545835   -0.038435 (VIOLATED)
m.u_conv3.u_weights._31224_/A           2.507400    2.545800   -0.038400 (VIOLATED)
m.u_conv3.u_weights._22296_/A           2.507400    2.545715   -0.038315 (VIOLATED)
m.u_conv3.u_weights._28570_/A           2.507400    2.545600   -0.038200 (VIOLATED)
m.u_conv3.u_weights._16298_/A1          2.507400    2.545008   -0.037607 (VIOLATED)
m.u_conv3.u_weights._19919_/A1          2.507400    2.542380   -0.034980 (VIOLATED)
m.u_conv3.u_weights._25026_/A           2.507400    2.542314   -0.034914 (VIOLATED)
m.u_conv3.u_weights._27011_/A           2.507400    2.542222   -0.034822 (VIOLATED)
m.u_conv3.u_weights._23603_/A1          2.507400    2.541960   -0.034560 (VIOLATED)
m.u_conv3.u_weights._17584_/A           2.507400    2.538822   -0.031422 (VIOLATED)
m.u_conv3.u_weights._25616_/A           2.507400    2.538437   -0.031037 (VIOLATED)
m.u_conv3.u_weights._24993_/A           2.507400    2.537563   -0.030163 (VIOLATED)
m.u_conv3.u_weights._22935_/A           2.507400    2.537406   -0.030006 (VIOLATED)
m.u_conv3.u_weights._17983_/A           2.507400    2.537320   -0.029920 (VIOLATED)
m.u_conv3.u_weights._17962_/A           2.507400    2.537314   -0.029914 (VIOLATED)
m.u_conv3.u_weights._25272_/A           2.507400    2.537109   -0.029709 (VIOLATED)
m.u_conv3.u_weights._30991_/A           2.507400    2.536819   -0.029418 (VIOLATED)
m.u_conv3.u_weights._29026_/A           2.507400    2.536243   -0.028842 (VIOLATED)
m.u_conv3.u_weights._27201_/A1          2.507400    2.536233   -0.028833 (VIOLATED)
m.u_conv3.u_weights._29978_/A           2.507400    2.536122   -0.028721 (VIOLATED)
m.u_conv3.u_weights._16960_/A           2.507400    2.536025   -0.028625 (VIOLATED)
m.u_conv3.u_weights._19789_/A           2.507400    2.535852   -0.028452 (VIOLATED)
m.u_conv3.u_weights._18109_/A           2.507400    2.535543   -0.028143 (VIOLATED)
m.u_conv3.u_weights._28496_/A1          2.507400    2.535176   -0.027776 (VIOLATED)
m.u_conv3.u_weights._25846_/A           2.507400    2.535017   -0.027617 (VIOLATED)
m.u_conv3.u_weights._25870_/A           2.507400    2.534985   -0.027585 (VIOLATED)
m.u_conv3.u_weights._28782_/A           2.507400    2.533763   -0.026362 (VIOLATED)
m.u_conv3.u_weights._19321_/A2          2.507400    2.533169   -0.025769 (VIOLATED)
m.u_conv3.u_weights._19297_/B           2.507400    2.533097   -0.025697 (VIOLATED)
m.u_conv3.u_weights._18876_/A1          2.507400    2.532714   -0.025314 (VIOLATED)
m.u_conv3.u_weights._27715_/A           2.507400    2.532431   -0.025031 (VIOLATED)
m.u_conv3.u_weights._29877_/A           2.507400    2.532428   -0.025028 (VIOLATED)
m.u_conv3.u_weights._20965_/A           2.507400    2.532356   -0.024955 (VIOLATED)
m.u_conv3.u_weights._24424_/A           2.507400    2.532330   -0.024929 (VIOLATED)
m.u_conv3.u_weights._26150_/A           2.507400    2.532314   -0.024914 (VIOLATED)
m.u_conv3.u_weights._26148_/A           2.507400    2.532314   -0.024913 (VIOLATED)
m.u_conv3.u_weights._26149_/A           2.507400    2.532313   -0.024913 (VIOLATED)
m.u_conv3.u_weights._15769_/Y           2.507400    2.532165   -0.024764 (VIOLATED)
m.u_conv3.u_weights._30183_/A           2.507400    2.531179   -0.023779 (VIOLATED)
m.u_conv3.u_weights._30185_/A1          2.507400    2.531157   -0.023757 (VIOLATED)
m.u_conv3.u_weights._28036_/A           2.507400    2.530600   -0.023200 (VIOLATED)
m.u_conv3.u_weights._18584_/B           2.507400    2.527672   -0.020272 (VIOLATED)
m.u_conv3.u_weights._24491_/A           2.507400    2.527557   -0.020157 (VIOLATED)
m.u_conv3.u_weights._24922_/A           2.507400    2.527053   -0.019653 (VIOLATED)
m.u_conv3.u_weights._16795_/A           2.507400    2.518337   -0.010937 (VIOLATED)
m.u_conv3.u_weights._15830_/B           2.507400    2.514529   -0.007129 (VIOLATED)

max fanout

Pin                                   Limit Fanout  Slack
---------------------------------------------------------
clk                                       8    755   -747 (VIOLATED)
rst_n                                     8    719   -711 (VIOLATED)
m.u_conv3._533_/Q                         8     93    -85 (VIOLATED)
m.u_conv3._554_/Q                         8     91    -83 (VIOLATED)
m.u_conv3._561_/Q                         8     85    -77 (VIOLATED)
m.u_conv3._550_/Q                         8     84    -76 (VIOLATED)
m.u_conv3._560_/Q                         8     84    -76 (VIOLATED)
m.u_conv3._562_/Q                         8     84    -76 (VIOLATED)
m.u_conv3._564_/Q                         8     82    -74 (VIOLATED)
m.u_conv3._572_/Q                         8     82    -74 (VIOLATED)
m.u_conv3._526_/Q                         8     81    -73 (VIOLATED)
m.u_conv3._532_/Q                         8     81    -73 (VIOLATED)
m.u_conv3._530_/Q                         8     80    -72 (VIOLATED)
m.u_conv3._557_/Q                         8     80    -72 (VIOLATED)
m.u_conv3._558_/Q                         8     80    -72 (VIOLATED)
m.u_conv3._531_/Q                         8     79    -71 (VIOLATED)
m.u_conv3._549_/Q                         8     79    -71 (VIOLATED)
m.u_conv3._537_/Q                         8     78    -70 (VIOLATED)
m.u_conv3._536_/Q                         8     77    -69 (VIOLATED)
m.u_conv3._580_/Q                         8     77    -69 (VIOLATED)
m.u_conv3._534_/Q                         8     76    -68 (VIOLATED)
m.u_conv3._541_/Q                         8     76    -68 (VIOLATED)
m.u_conv3._552_/Q                         8     76    -68 (VIOLATED)
m.u_conv3._559_/Q                         8     76    -68 (VIOLATED)
m.u_conv3._565_/Q                         8     76    -68 (VIOLATED)
m.u_conv3._535_/Q                         8     75    -67 (VIOLATED)
m.u_conv3._546_/Q                         8     75    -67 (VIOLATED)
m.u_conv3._571_/Q                         8     75    -67 (VIOLATED)
m.u_conv3._525_/Q                         8     74    -66 (VIOLATED)
m.u_conv3._538_/Q                         8     74    -66 (VIOLATED)
m.u_conv3._542_/Q                         8     74    -66 (VIOLATED)
m.u_conv3._551_/Q                         8     74    -66 (VIOLATED)
m.u_conv3._556_/Q                         8     74    -66 (VIOLATED)
m.u_conv3._540_/Q                         8     73    -65 (VIOLATED)
m.u_conv3._553_/Q                         8     73    -65 (VIOLATED)
m.u_conv3._570_/Q                         8     72    -64 (VIOLATED)
m.u_conv3._579_/Q                         8     72    -64 (VIOLATED)
m.u_conv3._529_/Q                         8     71    -63 (VIOLATED)
m.u_conv3._539_/Q                         8     71    -63 (VIOLATED)
m.u_conv3._563_/Q                         8     71    -63 (VIOLATED)
m.u_conv3._566_/Q                         8     71    -63 (VIOLATED)
m.u_conv3._568_/Q                         8     71    -63 (VIOLATED)
m.u_conv3._543_/Q                         8     70    -62 (VIOLATED)
m.u_conv3._544_/Q                         8     70    -62 (VIOLATED)
m.u_conv3._548_/Q                         8     70    -62 (VIOLATED)
m.u_conv3._577_/Q                         8     70    -62 (VIOLATED)
m.u_conv3._569_/Q                         8     69    -61 (VIOLATED)
m.u_conv3._517_/Q                         8     68    -60 (VIOLATED)
m.u_conv3._547_/Q                         8     68    -60 (VIOLATED)
m.u_conv3._567_/Q                         8     68    -60 (VIOLATED)
m.u_conv3._528_/Q                         8     67    -59 (VIOLATED)
m.u_conv3._555_/Q                         8     67    -59 (VIOLATED)
m.u_conv3._545_/Q                         8     66    -58 (VIOLATED)
m.u_conv3._578_/Q                         8     66    -58 (VIOLATED)
m.u_conv3._527_/Q                         8     64    -56 (VIOLATED)
m.u_conv3._576_/Q                         8     63    -55 (VIOLATED)
m.u_conv3._575_/Q                         8     56    -48 (VIOLATED)
m.u_conv3._518_/Q                         8     51    -43 (VIOLATED)
m.u_conv2._2146_/X                        8     48    -40 (VIOLATED)
m.u_conv2._2320_/X                        8     48    -40 (VIOLATED)
m.u_conv2._2379_/X                        8     48    -40 (VIOLATED)
m.u_conv2._2438_/X                        8     48    -40 (VIOLATED)
m.u_conv2._2497_/X                        8     48    -40 (VIOLATED)
m.u_conv2._2556_/X                        8     48    -40 (VIOLATED)
m.u_conv2._2615_/X                        8     48    -40 (VIOLATED)
m.u_conv2._2673_/X                        8     48    -40 (VIOLATED)
m.u_conv2._2732_/X                        8     48    -40 (VIOLATED)
m.u_conv2._2791_/X                        8     48    -40 (VIOLATED)
m.u_conv2._2850_/X                        8     48    -40 (VIOLATED)
m.u_conv2._2909_/X                        8     48    -40 (VIOLATED)
m.u_conv2._2968_/X                        8     48    -40 (VIOLATED)
m.u_conv2._3027_/X                        8     48    -40 (VIOLATED)
m.u_conv2._3086_/X                        8     48    -40 (VIOLATED)
m.u_conv2._3144_/X                        8     48    -40 (VIOLATED)
m.u_conv2._3220_/Q                        8     40    -32 (VIOLATED)
m.u_conv2._3702_/Q                        8     40    -32 (VIOLATED)
m.u_conv3.u_weights._15769_/Y             8     40    -32 (VIOLATED)
m.u_conv3.u_weights._15780_/Y             8     40    -32 (VIOLATED)
m.u_conv3.u_weights._15812_/Y             8     40    -32 (VIOLATED)
m.u_conv2._3221_/Q                        8     39    -31 (VIOLATED)
m.u_conv3._574_/Q                         8     39    -31 (VIOLATED)
m.u_conv3.u_weights._15770_/Y             8     39    -31 (VIOLATED)
m.u_conv3.u_weights._15794_/Y             8     39    -31 (VIOLATED)
m.u_conv3.u_weights._15819_/Y             8     39    -31 (VIOLATED)
m.u_conv3.u_weights._15944_/Y             8     39    -31 (VIOLATED)
m.u_conv3._519_/Q                         8     38    -30 (VIOLATED)
m.u_conv3.u_weights._15771_/Y             8     38    -30 (VIOLATED)
m.u_conv3.u_weights._15777_/Y             8     38    -30 (VIOLATED)
m.u_conv2._1685_/Y                        8     37    -29 (VIOLATED)
m.u_conv3.u_weights._15814_/Y             8     37    -29 (VIOLATED)
m.u_conv3.u_weights._15821_/Y             8     37    -29 (VIOLATED)
m.u_conv2._3222_/Q                        8     35    -27 (VIOLATED)
m.u_conv3._573_/Q                         8     34    -26 (VIOLATED)
m.u_conv3.u_weights._15786_/Y             8     34    -26 (VIOLATED)
m.u_conv3.u_weights._15804_/Y             8     34    -26 (VIOLATED)
m.u_conv3.u_weights._15813_/Y             8     34    -26 (VIOLATED)
m.u_conv3.u_weights._15824_/Y             8     34    -26 (VIOLATED)
m.u_conv3.u_weights._15825_/Y             8     34    -26 (VIOLATED)
m.u_conv3.u_weights._15772_/Y             8     33    -25 (VIOLATED)
m.u_conv3.u_weights._15788_/Y             8     33    -25 (VIOLATED)
m.u_conv3.u_weights._15791_/Y             8     33    -25 (VIOLATED)
m.u_conv3.u_weights._15795_/Y             8     33    -25 (VIOLATED)
m.u_conv3.u_weights._15796_/Y             8     33    -25 (VIOLATED)
m.u_conv3.u_weights._15822_/Y             8     33    -25 (VIOLATED)
m.u_conv3.u_weights._15827_/Y             8     33    -25 (VIOLATED)
m.u_conv1._513_/Q                         8     32    -24 (VIOLATED)
m.u_conv3.u_weights._15768_/Y             8     32    -24 (VIOLATED)
m.u_conv3.u_weights._15776_/Y             8     32    -24 (VIOLATED)
m.u_conv3.u_weights._15779_/Y             8     32    -24 (VIOLATED)
m.u_conv3.u_weights._15784_/Y             8     32    -24 (VIOLATED)
m.u_conv3.u_weights._15807_/Y             8     32    -24 (VIOLATED)
m.u_conv3.u_weights._15808_/Y             8     32    -24 (VIOLATED)
m.u_conv3.u_weights._15817_/Y             8     32    -24 (VIOLATED)
m.u_conv3.u_weights._15818_/Y             8     32    -24 (VIOLATED)
m.u_conv3.u_weights._15828_/Y             8     32    -24 (VIOLATED)
m.u_conv3.u_weights._15775_/Y             8     31    -23 (VIOLATED)
m.u_conv3.u_weights._15781_/Y             8     31    -23 (VIOLATED)
m.u_conv3.u_weights._15787_/Y             8     31    -23 (VIOLATED)
m.u_conv3.u_weights._15802_/Y             8     31    -23 (VIOLATED)
m.u_conv3.u_weights._15810_/Y             8     31    -23 (VIOLATED)
m.u_conv3.u_weights._15815_/Y             8     31    -23 (VIOLATED)
m.u_conv3.u_weights._15816_/Y             8     31    -23 (VIOLATED)
m.u_conv3.u_weights._15820_/Y             8     31    -23 (VIOLATED)
m.u_conv2._1688_/X                        8     30    -22 (VIOLATED)
m.u_conv2._1689_/X                        8     30    -22 (VIOLATED)
m.u_conv2._1691_/X                        8     30    -22 (VIOLATED)
m.u_conv2._1692_/X                        8     30    -22 (VIOLATED)
m.u_conv2._1694_/X                        8     30    -22 (VIOLATED)
m.u_conv2._1695_/X                        8     30    -22 (VIOLATED)
m.u_conv2._1696_/X                        8     30    -22 (VIOLATED)
m.u_conv2._1697_/X                        8     30    -22 (VIOLATED)
m.u_conv2._1701_/X                        8     30    -22 (VIOLATED)
m.u_conv2._1702_/X                        8     30    -22 (VIOLATED)
m.u_conv2._1703_/X                        8     30    -22 (VIOLATED)
m.u_conv2._1704_/X                        8     30    -22 (VIOLATED)
m.u_conv2._1705_/X                        8     30    -22 (VIOLATED)
m.u_conv2._3226_/Q                        8     30    -22 (VIOLATED)
m.u_conv3.u_weights._15783_/Y             8     30    -22 (VIOLATED)
m.u_conv3.u_weights._15785_/Y             8     30    -22 (VIOLATED)
m.u_conv3.u_weights._15793_/Y             8     30    -22 (VIOLATED)
m.u_conv3.u_weights._15800_/Y             8     30    -22 (VIOLATED)
m.u_conv3.u_weights._15806_/Y             8     30    -22 (VIOLATED)
m.u_conv3.u_weights._15826_/Y             8     30    -22 (VIOLATED)
m._278_/Q                                 8     29    -21 (VIOLATED)
m._283_/Q                                 8     29    -21 (VIOLATED)
m.u_conv2._3227_/Q                        8     29    -21 (VIOLATED)
m.u_conv3.u_weights._18744_/Y             8     29    -21 (VIOLATED)
m._279_/Q                                 8     28    -20 (VIOLATED)
m._280_/Q                                 8     28    -20 (VIOLATED)
m._282_/Q                                 8     28    -20 (VIOLATED)
m._284_/Q                                 8     28    -20 (VIOLATED)
m.u_conv2._1612_/Y                        8     28    -20 (VIOLATED)
m.u_conv2._1639_/X                        8     28    -20 (VIOLATED)
m.u_conv2._1699_/X                        8     28    -20 (VIOLATED)
m.u_conv3.u_weights._15790_/Y             8     28    -20 (VIOLATED)
m.u_conv3.u_weights._15805_/Y             8     28    -20 (VIOLATED)
m.u_conv3.u_weights._15823_/Y             8     28    -20 (VIOLATED)
m.u_conv3.u_weights._15773_/Y             8     27    -19 (VIOLATED)
m.u_conv3.u_weights._15811_/Y             8     27    -19 (VIOLATED)
m.u_conv3.u_weights._21796_/Y             8     27    -19 (VIOLATED)
m.u_conv3.u_weights._15778_/Y             8     26    -18 (VIOLATED)
m.u_conv3.u_weights._16002_/Y             8     26    -18 (VIOLATED)
m.u_conv3.u_weights._15774_/Y             8     25    -17 (VIOLATED)
m.u_conv3.u_weights._15782_/Y             8     25    -17 (VIOLATED)
m.u_conv3.u_weights._15792_/Y             8     25    -17 (VIOLATED)
m.u_conv3.u_weights._15803_/Y             8     25    -17 (VIOLATED)
m.u_conv3._513_/Q                         8     24    -16 (VIOLATED)
m.u_conv3._520_/Q                         8     24    -16 (VIOLATED)
m.u_conv3.u_weights._15789_/Y             8     24    -16 (VIOLATED)
m.u_conv3.u_weights._15801_/Y             8     24    -16 (VIOLATED)
m.u_conv2._3228_/Q                        8     23    -15 (VIOLATED)
m.u_conv3._583_/Q                         8     23    -15 (VIOLATED)
m.u_conv3.u_weights._15955_/Y             8     23    -15 (VIOLATED)
m.u_conv1._484_/Q                         8     22    -14 (VIOLATED)
m.u_conv3.u_weights._15809_/Y             8     22    -14 (VIOLATED)
m.u_conv3.u_weights._16680_/Y             8     22    -14 (VIOLATED)
m.u_conv3.u_weights._27827_/Y             8     22    -14 (VIOLATED)
m.u_conv1.u_loader._900_/Q                8     21    -13 (VIOLATED)
m.u_conv2.u_loader._900_/Q                8     21    -13 (VIOLATED)
m.u_conv3._516_/Q                         8     21    -13 (VIOLATED)
m.u_conv3.u_weights._15951_/Y             8     21    -13 (VIOLATED)
m.u_conv3.u_weights._22276_/Y             8     21    -13 (VIOLATED)
m.u_conv3.u_weights._22775_/Y             8     21    -13 (VIOLATED)
m.u_conv2._3224_/Q                        8     20    -12 (VIOLATED)
m.u_conv3.u_weights._19512_/Y             8     20    -12 (VIOLATED)
m.u_conv3.u_weights._28047_/X             8     20    -12 (VIOLATED)
m.u_conv3.u_weights._15797_/Y             8     19    -11 (VIOLATED)
m.u_conv3.u_weights._17720_/X             8     19    -11 (VIOLATED)
m.u_conv3.u_weights._21050_/Y             8     19    -11 (VIOLATED)
m.u_conv2._3223_/Q                        8     18    -10 (VIOLATED)
m.u_conv3.u_weights._17454_/Y             8     18    -10 (VIOLATED)
sram/A_DOUT[5]                           10     20    -10 (VIOLATED)
sram/A_DOUT[6]                           10     20    -10 (VIOLATED)
m.u_conv1.u_loader._780_/Y                8     17     -9 (VIOLATED)
m.u_conv2.u_loader._780_/Y                8     17     -9 (VIOLATED)
m.u_conv2.u_weights._404_/Y               8     17     -9 (VIOLATED)
m.u_conv3.u_weights._20298_/Y             8     17     -9 (VIOLATED)
m.u_conv3.u_weights._24445_/Y             8     17     -9 (VIOLATED)
m.u_conv3.u_weights._25873_/Y             8     17     -9 (VIOLATED)
m.u_conv1.u_loader._696_/Y                8     16     -8 (VIOLATED)
m.u_conv1.u_loader._932_/Q                8     16     -8 (VIOLATED)
m.u_conv2._2144_/X                        8     16     -8 (VIOLATED)
m.u_conv2._2150_/Y                        8     16     -8 (VIOLATED)
m.u_conv2._2157_/X                        8     16     -8 (VIOLATED)
m.u_conv2._2164_/Y                        8     16     -8 (VIOLATED)
m.u_conv2._2172_/Y                        8     16     -8 (VIOLATED)
m.u_conv2._2179_/X                        8     16     -8 (VIOLATED)
m.u_conv2._2184_/Y                        8     16     -8 (VIOLATED)
m.u_conv2._2189_/Y                        8     16     -8 (VIOLATED)
m.u_conv2._2194_/Y                        8     16     -8 (VIOLATED)
m.u_conv2._2201_/Y                        8     16     -8 (VIOLATED)
m.u_conv2._2210_/Y                        8     16     -8 (VIOLATED)
m.u_conv2._2217_/Y                        8     16     -8 (VIOLATED)
m.u_conv2._2225_/Y                        8     16     -8 (VIOLATED)
m.u_conv2._2230_/Y                        8     16     -8 (VIOLATED)
m.u_conv2._2234_/Y                        8     16     -8 (VIOLATED)
m.u_conv2._2239_/Y                        8     16     -8 (VIOLATED)
m.u_conv2._2245_/Y                        8     16     -8 (VIOLATED)
m.u_conv2._2252_/Y                        8     16     -8 (VIOLATED)
m.u_conv2._2261_/Y                        8     16     -8 (VIOLATED)
m.u_conv2._2268_/X                        8     16     -8 (VIOLATED)
m.u_conv2._2273_/Y                        8     16     -8 (VIOLATED)
m.u_conv2._2276_/X                        8     16     -8 (VIOLATED)
m.u_conv2._2280_/Y                        8     16     -8 (VIOLATED)
m.u_conv2._2287_/Y                        8     16     -8 (VIOLATED)
m.u_conv2._2295_/Y                        8     16     -8 (VIOLATED)
m.u_conv2._2302_/Y                        8     16     -8 (VIOLATED)
m.u_conv2._2309_/X                        8     16     -8 (VIOLATED)
m.u_conv2._2314_/Y                        8     16     -8 (VIOLATED)
m.u_conv2._2317_/X                        8     16     -8 (VIOLATED)
m.u_conv2.u_loader._696_/Y                8     16     -8 (VIOLATED)
m.u_conv2.u_loader._932_/Q                8     16     -8 (VIOLATED)
m.u_conv3._385_/Y                         8     16     -8 (VIOLATED)
m.u_conv3._436_/Y                         8     16     -8 (VIOLATED)
m.u_conv3._462_/Y                         8     16     -8 (VIOLATED)
m.u_conv3._479_/Y                         8     16     -8 (VIOLATED)
m.u_conv3._496_/Y                         8     16     -8 (VIOLATED)
m.u_conv3._514_/Q                         8     16     -8 (VIOLATED)
m.u_conv3.u_weights._16938_/Y             8     16     -8 (VIOLATED)
sram/A_DOUT[4]                           10     18     -8 (VIOLATED)
m.u_conv2._2256_/Y                        8     15     -7 (VIOLATED)
m.u_conv3.u_weights._20044_/X             8     15     -7 (VIOLATED)
m.u_conv3.u_weights._22518_/Y             8     15     -7 (VIOLATED)
m.u_conv3.u_weights._23975_/Y             8     15     -7 (VIOLATED)
m.u_conv3.u_weights._27097_/Y             8     15     -7 (VIOLATED)
m.u_conv3.u_weights._27331_/Y             8     15     -7 (VIOLATED)
m.u_conv3.u_weights._29244_/Y             8     15     -7 (VIOLATED)
m.u_conv1.u_loader._468_/Y                8     14     -6 (VIOLATED)
m.u_conv1.u_loader._835_/Y                8     14     -6 (VIOLATED)
m.u_conv2._3703_/Q                        8     14     -6 (VIOLATED)
m.u_conv2.u_loader._468_/Y                8     14     -6 (VIOLATED)
m.u_conv2.u_loader._835_/Y                8     14     -6 (VIOLATED)
m.u_conv2.u_weights._407_/Y               8     14     -6 (VIOLATED)
m.u_conv2.u_weights._408_/Y               8     14     -6 (VIOLATED)
m.u_conv3._515_/Q                         8     14     -6 (VIOLATED)
m.u_conv3.u_weights._15935_/Y             8     14     -6 (VIOLATED)
m.u_conv3.u_weights._16213_/X             8     14     -6 (VIOLATED)
m.u_conv3.u_weights._19780_/Y             8     14     -6 (VIOLATED)
m.u_conv3.u_weights._21301_/Y             8     14     -6 (VIOLATED)
m.u_conv3.u_weights._24693_/Y             8     14     -6 (VIOLATED)
m.u_conv3.u_weights._25160_/X             8     14     -6 (VIOLATED)
m.u_conv3.u_weights._29002_/X             8     14     -6 (VIOLATED)
m.u_conv3.u_weights._30410_/Y             8     14     -6 (VIOLATED)
m.u_tree._2950_/X                         8     14     -6 (VIOLATED)
sram/A_DOUT[7]                           10     16     -6 (VIOLATED)
m.u_conv1._246_/Y                         8     13     -5 (VIOLATED)
m.u_conv1._482_/Q                         8     13     -5 (VIOLATED)
m.u_conv3.u_weights._15950_/Y             8     13     -5 (VIOLATED)
m.u_conv3.u_weights._16401_/Y             8     13     -5 (VIOLATED)
m.u_conv3.u_weights._17201_/Y             8     13     -5 (VIOLATED)
m.u_conv3.u_weights._23729_/Y             8     13     -5 (VIOLATED)
m.u_conv3.u_weights._25405_/X             8     13     -5 (VIOLATED)
m.u_conv3.u_weights._25648_/Y             8     13     -5 (VIOLATED)
m.u_conv3.u_weights._29962_/Y             8     13     -5 (VIOLATED)
m.u_conv3.u_weights._30182_/Y             8     13     -5 (VIOLATED)
m.u_pool1._508_/Q                         8     13     -5 (VIOLATED)
m.u_pool1._512_/Q                         8     13     -5 (VIOLATED)
m.u_conv1._481_/Q                         8     12     -4 (VIOLATED)
m.u_conv1.u_loader._449_/Y                8     12     -4 (VIOLATED)
m.u_conv1.u_loader._928_/Q                8     12     -4 (VIOLATED)
m.u_conv1.u_loader._930_/Q                8     12     -4 (VIOLATED)
m.u_conv1.u_loader._934_/Q                8     12     -4 (VIOLATED)
m.u_conv2.u_loader._449_/Y                8     12     -4 (VIOLATED)
m.u_conv2.u_loader._928_/Q                8     12     -4 (VIOLATED)
m.u_conv2.u_loader._930_/Q                8     12     -4 (VIOLATED)
m.u_conv2.u_loader._934_/Q                8     12     -4 (VIOLATED)
m.u_conv3._276_/X                         8     12     -4 (VIOLATED)
m.u_conv3._521_/Q                         8     12     -4 (VIOLATED)
m.u_conv3.u_weights._16533_/Y             8     12     -4 (VIOLATED)
m.u_conv3.u_weights._19006_/Y             8     12     -4 (VIOLATED)
m.u_conv3.u_weights._23240_/Y             8     12     -4 (VIOLATED)
m.u_conv3.u_weights._23495_/Y             8     12     -4 (VIOLATED)
m.u_conv3.u_weights._25224_/X             8     12     -4 (VIOLATED)
m.u_conv3.u_weights._26363_/X             8     12     -4 (VIOLATED)
m.u_conv3.u_weights._27578_/Y             8     12     -4 (VIOLATED)
m.u_conv3.u_weights._28282_/X             8     12     -4 (VIOLATED)
m.u_conv3.u_weights._28760_/Y             8     12     -4 (VIOLATED)
m.u_pool2._378_/Q                         8     12     -4 (VIOLATED)
m.u_tree._1571_/Y                         8     12     -4 (VIOLATED)
m.u_conv1.u_loader._467_/Y                8     11     -3 (VIOLATED)
m.u_conv1.u_loader._933_/Q                8     11     -3 (VIOLATED)
m.u_conv1.u_weights._188_/Y               8     11     -3 (VIOLATED)
m.u_conv2.u_loader._467_/Y                8     11     -3 (VIOLATED)
m.u_conv2.u_loader._933_/Q                8     11     -3 (VIOLATED)
m.u_conv2.u_weights._409_/Y               8     11     -3 (VIOLATED)
m.u_conv3._522_/Q                         8     11     -3 (VIOLATED)
m.u_conv3.u_weights._15932_/Y             8     11     -3 (VIOLATED)
m.u_conv3.u_weights._22030_/X             8     11     -3 (VIOLATED)
m.u_conv3.u_weights._23007_/X             8     11     -3 (VIOLATED)
m.u_conv3.u_weights._26609_/Y             8     11     -3 (VIOLATED)
m.u_tree._1584_/Y                         8     11     -3 (VIOLATED)
m.u_tree._1588_/Y                         8     11     -3 (VIOLATED)
m.u_conv2._1637_/X                        8     10     -2 (VIOLATED)
m.u_conv2._3225_/Q                        8     10     -2 (VIOLATED)
m.u_conv2.u_weights._405_/Y               8     10     -2 (VIOLATED)
m.u_conv2.u_weights._462_/Y               8     10     -2 (VIOLATED)
m.u_conv3._294_/X                         8     10     -2 (VIOLATED)
m.u_conv3.u_weights._15933_/Y             8     10     -2 (VIOLATED)
m.u_conv3.u_weights._16145_/Y             8     10     -2 (VIOLATED)
m.u_conv3.u_weights._16231_/Y             8     10     -2 (VIOLATED)
m.u_conv3.u_weights._17988_/Y             8     10     -2 (VIOLATED)
m.u_conv3.u_weights._18235_/X             8     10     -2 (VIOLATED)
m.u_conv3.u_weights._20806_/Y             8     10     -2 (VIOLATED)
m.u_conv3.u_weights._24207_/Y             8     10     -2 (VIOLATED)
m.u_pool1._513_/Q                         8     10     -2 (VIOLATED)
m.u_pool1._537_/Q                         8     10     -2 (VIOLATED)
m.u_pool2._382_/Q                         8     10     -2 (VIOLATED)
m.u_pool2._407_/Q                         8     10     -2 (VIOLATED)
m.u_tree._1578_/Y                         8     10     -2 (VIOLATED)
m.u_tree._1593_/Y                         8     10     -2 (VIOLATED)
sram/A_DOUT[1]                           10     12     -2 (VIOLATED)
sram/A_DOUT[2]                           10     12     -2 (VIOLATED)
m.u_conv1._483_/Q                         8      9        (VIOLATED)
m.u_conv1._485_/Q                         8      9        (VIOLATED)
m.u_conv1._486_/Q                         8      9        (VIOLATED)
m.u_conv1.u_loader._697_/Y                8      9        (VIOLATED)
m.u_conv2._2060_/Y                        8      9        (VIOLATED)
m.u_conv2.u_loader._697_/Y                8      9        (VIOLATED)
m.u_conv3._285_/Y                         8      9        (VIOLATED)
m.u_conv3._286_/Y                         8      9        (VIOLATED)
m.u_conv3._290_/Y                         8      9        (VIOLATED)
m.u_conv3.u_weights._15799_/Y             8      9        (VIOLATED)
m.u_conv3.u_weights._16746_/Y             8      9        (VIOLATED)
m.u_conv3.u_weights._20558_/Y             8      9        (VIOLATED)
m.u_conv3.u_weights._29480_/Y             8      9        (VIOLATED)
m.u_conv3.u_weights._31123_/Y             8      9        (VIOLATED)
m.u_conv3.u_weights._31364_/Y             8      9        (VIOLATED)
m.u_pool1._507_/Q                         8      9        (VIOLATED)
m.u_pool1._533_/Q                         8      9        (VIOLATED)
m.u_pool1._534_/Q                         8      9        (VIOLATED)
m.u_pool2._383_/Q                         8      9        (VIOLATED)
m.u_pool2._403_/Q                         8      9        (VIOLATED)
m.u_pool2._404_/Q                         8      9        (VIOLATED)
m.u_tree._1590_/Y                         8      9        (VIOLATED)
m.u_tree._1592_/Y                         8      9        (VIOLATED)
m.u_tree._1607_/Y                         8      9        (VIOLATED)

max capacitance

Pin                                        Limit         Cap       Slack
------------------------------------------------------------------------
rst_n                                   1.200000    4.659292   -3.459292 (VIOLATED)
clk                                     1.200000    3.275305   -2.075304 (VIOLATED)
m.u_conv3._554_/Q                       0.300000    0.878545   -0.578545 (VIOLATED)
m.u_conv3._533_/Q                       0.300000    0.839556   -0.539555 (VIOLATED)
m.u_conv3._550_/Q                       0.300000    0.815145   -0.515145 (VIOLATED)
m.u_conv3._564_/Q                       0.300000    0.788162   -0.488162 (VIOLATED)
m.u_conv3._561_/Q                       0.300000    0.787943   -0.487943 (VIOLATED)
m.u_conv3._562_/Q                       0.300000    0.785616   -0.485616 (VIOLATED)
m.u_conv3._559_/Q                       0.300000    0.784449   -0.484449 (VIOLATED)
m.u_conv3._572_/Q                       0.300000    0.779673   -0.479673 (VIOLATED)
m.u_conv3._549_/Q                       0.300000    0.778564   -0.478564 (VIOLATED)
m.u_conv3._560_/Q                       0.300000    0.774504   -0.474504 (VIOLATED)
m.u_conv3._565_/Q                       0.300000    0.770659   -0.470659 (VIOLATED)
m.u_conv3._541_/Q                       0.300000    0.758681   -0.458681 (VIOLATED)
m.u_conv3._531_/Q                       0.300000    0.753418   -0.453418 (VIOLATED)
m.u_conv3._546_/Q                       0.300000    0.753201   -0.453201 (VIOLATED)
m.u_conv3._526_/Q                       0.300000    0.749208   -0.449208 (VIOLATED)
m.u_conv3._552_/Q                       0.300000    0.748596   -0.448596 (VIOLATED)
m.u_conv3._558_/Q                       0.300000    0.748485   -0.448485 (VIOLATED)
m.u_conv3._532_/Q                       0.300000    0.747502   -0.447502 (VIOLATED)
m.u_conv3._551_/Q                       0.300000    0.744053   -0.444053 (VIOLATED)
m.u_conv3._537_/Q                       0.300000    0.742783   -0.442783 (VIOLATED)
m.u_conv3._530_/Q                       0.300000    0.740542   -0.440542 (VIOLATED)
m.u_conv3._580_/Q                       0.300000    0.740150   -0.440150 (VIOLATED)
m.u_conv3._553_/Q                       0.300000    0.738358   -0.438358 (VIOLATED)
m.u_conv3._528_/Q                       0.300000    0.728639   -0.428639 (VIOLATED)
m.u_conv3._542_/Q                       0.300000    0.725002   -0.425001 (VIOLATED)
m.u_conv3._525_/Q                       0.300000    0.720539   -0.420539 (VIOLATED)
m.u_conv3._570_/Q                       0.300000    0.720056   -0.420056 (VIOLATED)
m.u_conv3._557_/Q                       0.300000    0.719359   -0.419359 (VIOLATED)
m.u_conv3._529_/Q                       0.300000    0.718372   -0.418372 (VIOLATED)
m.u_conv3._579_/Q                       0.300000    0.718118   -0.418118 (VIOLATED)
m.u_conv3._566_/Q                       0.300000    0.717190   -0.417190 (VIOLATED)
m.u_conv3._536_/Q                       0.300000    0.715924   -0.415924 (VIOLATED)
m.u_conv3._569_/Q                       0.300000    0.714590   -0.414590 (VIOLATED)
m.u_conv3._540_/Q                       0.300000    0.713117   -0.413117 (VIOLATED)
m.u_conv3._567_/Q                       0.300000    0.710625   -0.410625 (VIOLATED)
m.u_conv3._544_/Q                       0.300000    0.710145   -0.410145 (VIOLATED)
m.u_conv3._534_/Q                       0.300000    0.709407   -0.409407 (VIOLATED)
m.u_conv3._539_/Q                       0.300000    0.707996   -0.407996 (VIOLATED)
m.u_conv3._563_/Q                       0.300000    0.705760   -0.405760 (VIOLATED)
m.u_conv3._571_/Q                       0.300000    0.701485   -0.401485 (VIOLATED)
m.u_conv3._535_/Q                       0.300000    0.700843   -0.400843 (VIOLATED)
m.u_conv3._548_/Q                       0.300000    0.700547   -0.400547 (VIOLATED)
m.u_conv3._538_/Q                       0.300000    0.689844   -0.389844 (VIOLATED)
m.u_conv3._577_/Q                       0.300000    0.689790   -0.389790 (VIOLATED)
m.u_conv3._568_/Q                       0.300000    0.688160   -0.388160 (VIOLATED)
m.u_conv3._556_/Q                       0.300000    0.683705   -0.383705 (VIOLATED)
m.u_conv3._555_/Q                       0.300000    0.683484   -0.383484 (VIOLATED)
m.u_conv3._547_/Q                       0.300000    0.678737   -0.378737 (VIOLATED)
m.u_conv3._543_/Q                       0.300000    0.678726   -0.378726 (VIOLATED)
m.u_conv3._578_/Q                       0.300000    0.665567   -0.365567 (VIOLATED)
m.u_conv3._517_/Q                       0.300000    0.648606   -0.348606 (VIOLATED)
m.u_conv3._576_/Q                       0.300000    0.637740   -0.337740 (VIOLATED)
m.u_conv3._527_/Q                       0.300000    0.635556   -0.335556 (VIOLATED)
m.u_conv3._545_/Q                       0.300000    0.633367   -0.333367 (VIOLATED)
m.u_conv3._575_/Q                       0.300000    0.615472   -0.315472 (VIOLATED)
m.u_conv3._518_/Q                       0.300000    0.527206   -0.227206 (VIOLATED)
m.u_conv3.u_weights._15812_/Y           0.300000    0.517624   -0.217624 (VIOLATED)
m.u_conv3.u_weights._15770_/Y           0.300000    0.511181   -0.211181 (VIOLATED)
m.u_conv3.u_weights._15769_/Y           0.300000    0.502799   -0.202799 (VIOLATED)
m.u_conv3.u_weights._15794_/Y           0.300000    0.478173   -0.178173 (VIOLATED)
m.u_conv3._573_/Q                       0.300000    0.470746   -0.170746 (VIOLATED)
m.u_conv3.u_weights._15827_/Y           0.300000    0.465894   -0.165894 (VIOLATED)
m.u_conv3.u_weights._15771_/Y           0.300000    0.464774   -0.164774 (VIOLATED)
m.u_conv3._574_/Q                       0.300000    0.455903   -0.155903 (VIOLATED)
m.u_conv3.u_weights._15780_/Y           0.300000    0.454694   -0.154694 (VIOLATED)
m.u_conv3._519_/Q                       0.300000    0.450465   -0.150465 (VIOLATED)
m.u_conv3.u_weights._15819_/Y           0.300000    0.445061   -0.145061 (VIOLATED)
m.u_conv3.u_weights._15817_/Y           0.300000    0.440905   -0.140905 (VIOLATED)
m.u_conv3.u_weights._15824_/Y           0.300000    0.440188   -0.140188 (VIOLATED)
m.u_conv3.u_weights._15828_/Y           0.300000    0.427524   -0.127524 (VIOLATED)
m.u_conv3.u_weights._15796_/Y           0.300000    0.427491   -0.127491 (VIOLATED)
m.u_conv3.u_weights._15825_/Y           0.300000    0.426879   -0.126879 (VIOLATED)
m.u_conv3.u_weights._15777_/Y           0.300000    0.425202   -0.125202 (VIOLATED)
m.u_conv3.u_weights._15821_/Y           0.300000    0.421140   -0.121140 (VIOLATED)
m.u_conv3.u_weights._15813_/Y           0.300000    0.420365   -0.120365 (VIOLATED)
m.u_conv3.u_weights._15800_/Y           0.300000    0.416034   -0.116034 (VIOLATED)
m.u_conv3.u_weights._15814_/Y           0.300000    0.415726   -0.115726 (VIOLATED)
m.u_conv3.u_weights._15775_/Y           0.300000    0.412257   -0.112257 (VIOLATED)
m.u_conv3.u_weights._15795_/Y           0.300000    0.406336   -0.106336 (VIOLATED)
m.u_conv3.u_weights._15781_/Y           0.300000    0.402243   -0.102243 (VIOLATED)
m.u_conv3.u_weights._15791_/Y           0.300000    0.402139   -0.102139 (VIOLATED)
m.u_conv3.u_weights._15768_/Y           0.300000    0.401570   -0.101570 (VIOLATED)
m.u_conv3.u_weights._15804_/Y           0.300000    0.401486   -0.101486 (VIOLATED)
m.u_conv3.u_weights._15776_/Y           0.300000    0.400720   -0.100720 (VIOLATED)
m.u_conv3.u_weights._15787_/Y           0.300000    0.400685   -0.100685 (VIOLATED)
m.u_conv3.u_weights._15806_/Y           0.300000    0.397245   -0.097245 (VIOLATED)
m.u_conv3.u_weights._15788_/Y           0.300000    0.395425   -0.095425 (VIOLATED)
sram/A_DOUT[6]                          0.064000    0.158480   -0.094480 (VIOLATED)
m.u_conv3.u_weights._15772_/Y           0.300000    0.390336   -0.090336 (VIOLATED)
m.u_conv3.u_weights._15944_/Y           0.300000    0.387601   -0.087601 (VIOLATED)
sram/A_DOUT[5]                          0.064000    0.150943   -0.086943 (VIOLATED)
m.u_conv3.u_weights._15826_/Y           0.300000    0.386479   -0.086479 (VIOLATED)
m.u_conv3.u_weights._15808_/Y           0.300000    0.386062   -0.086062 (VIOLATED)
sram/A_DOUT[4]                          0.064000    0.146125   -0.082125 (VIOLATED)
m.u_conv3.u_weights._15822_/Y           0.300000    0.381960   -0.081960 (VIOLATED)
m.u_conv3.u_weights._15815_/Y           0.300000    0.381697   -0.081697 (VIOLATED)
m.u_conv3.u_weights._15785_/Y           0.300000    0.380313   -0.080313 (VIOLATED)
m.u_conv3.u_weights._15818_/Y           0.300000    0.379652   -0.079652 (VIOLATED)
m.u_conv3.u_weights._15784_/Y           0.300000    0.376262   -0.076262 (VIOLATED)
sram/A_DOUT[7]                          0.064000    0.138720   -0.074720 (VIOLATED)
m.u_conv3.u_weights._15782_/Y           0.300000    0.374333   -0.074333 (VIOLATED)
m.u_conv3.u_weights._15807_/Y           0.300000    0.374201   -0.074201 (VIOLATED)
m.u_conv3.u_weights._15783_/Y           0.300000    0.371268   -0.071268 (VIOLATED)
m.u_conv3.u_weights._15803_/Y           0.300000    0.368486   -0.068486 (VIOLATED)
m.u_conv3.u_weights._15816_/Y           0.300000    0.367111   -0.067111 (VIOLATED)
m.u_conv3.u_weights._15793_/Y           0.300000    0.366449   -0.066449 (VIOLATED)
m.u_conv3.u_weights._15811_/Y           0.300000    0.366077   -0.066077 (VIOLATED)
m.u_conv3.u_weights._15790_/Y           0.300000    0.366031   -0.066031 (VIOLATED)
m.u_conv3.u_weights._15779_/Y           0.300000    0.365373   -0.065373 (VIOLATED)
m.u_conv3.u_weights._15786_/Y           0.300000    0.363337   -0.063337 (VIOLATED)
m.u_conv3.u_weights._15801_/Y           0.300000    0.359266   -0.059266 (VIOLATED)
m.u_conv3.u_weights._15805_/Y           0.300000    0.359052   -0.059052 (VIOLATED)
m.u_conv3.u_weights._15810_/Y           0.300000    0.357196   -0.057196 (VIOLATED)
sram/A_DOUT[2]                          0.064000    0.118487   -0.054487 (VIOLATED)
sram/A_DOUT[1]                          0.064000    0.118099   -0.054099 (VIOLATED)
m.u_conv3.u_weights._15802_/Y           0.300000    0.352270   -0.052270 (VIOLATED)
m.u_conv3.u_weights._15823_/Y           0.300000    0.350354   -0.050354 (VIOLATED)
sram/A_DOUT[0]                          0.064000    0.108315   -0.044315 (VIOLATED)
sram/A_DOUT[3]                          0.064000    0.103164   -0.039164 (VIOLATED)
m.u_conv3.u_weights._15820_/Y           0.300000    0.331351   -0.031351 (VIOLATED)
m.u_conv3.u_weights._15773_/Y           0.300000    0.331309   -0.031309 (VIOLATED)
m.u_conv3.u_weights._15789_/Y           0.300000    0.330009   -0.030009 (VIOLATED)
m.u_conv3.u_weights._15792_/Y           0.300000    0.314297   -0.014297 (VIOLATED)
m.u_conv2._2556_/X                      0.300000    0.310166   -0.010166 (VIOLATED)
m.u_conv3.u_weights._15778_/Y           0.300000    0.307995   -0.007995 (VIOLATED)
m.u_conv2._2968_/X                      0.300000    0.306932   -0.006932 (VIOLATED)
m.u_conv3.u_weights._15774_/Y           0.300000    0.305009   -0.005009 (VIOLATED)
m.u_conv2._2615_/X                      0.300000    0.300872   -0.000872 (VIOLATED)
m.u_conv2._2379_/X                      0.300000    0.300039   -0.000039 (VIOLATED)



===========================================================================
report_parasitic_annotation -report_unannotated
============================================================================
Found 8 unannotated drivers.
 ena
 uio_in[1]
 uio_in[2]
 uio_in[3]
 uio_in[4]
 uio_in[5]
 uio_in[6]
 uio_in[7]
Found 82 partially unannotated drivers.
 clk
 rst_n
 _30_/L_HI
 _31_/L_LO
 _32_/L_LO
 _33_/L_LO
 _34_/L_LO
 _35_/L_LO
 _36_/L_LO
 _37_/L_LO
 _38_/L_LO
 _39_/L_LO
 _40_/L_LO
 _41_/L_LO
 _42_/L_LO
 _43_/L_LO
 _44_/L_LO
 _45_/L_LO
 _46_/L_LO
 _47_/L_LO
 _48_/L_LO
 _49_/L_LO
 _50_/L_LO
 _51_/L_LO
 _52_/L_LO
 _53_/L_LO
 _54_/L_LO
 _55_/L_LO
 _56_/L_LO
 _57_/L_LO
 _58_/L_LO
 _59_/L_LO
 _60_/L_LO
 _61_/L_LO
 _62_/L_LO
 _63_/L_LO
 _64_/L_LO
 _65_/L_LO
 _66_/L_LO
 _67_/L_LO
 _68_/L_LO
 _69_/L_LO
 _70_/L_LO
 _71_/L_LO
 _72_/L_LO
 _73_/L_LO
 _74_/L_LO
 _75_/L_LO
 _76_/L_LO
 _77_/L_LO
 _78_/L_LO
 _79_/X
 _80_/X
 _81_/X
 _82_/X
 _83_/X
 m._149_/Y
 m._154_/Y
 m._159_/Y
 m._164_/Y
 m._169_/Y
 m._174_/Y
 m._179_/Y
 m._184_/Y
 m._189_/Y
 m._194_/Y
 m._199_/Y
 m._204_/Y
 m._209_/Y
 m._214_/Y
 m._219_/Y
 m._224_/Y
 m._229_/Y
 m._234_/Y
 m._239_/Y
 m._244_/Y
 m._249_/Y
 m._254_/Y
 m._259_/Y
 m._264_/Y
 m._269_/Y
 m._274_/Y

===========================================================================
max slew violation count 5845
Writing metric design__max_slew_violation__count__corner:nom_typ_1p20V_25C: 5845
max fanout violation count 356
Writing metric design__max_fanout_violation__count__corner:nom_typ_1p20V_25C: 356
max cap violation count 131
Writing metric design__max_cap_violation__count__corner:nom_typ_1p20V_25C: 131
============================================================================

===========================================================================
check_setup -verbose -unconstrained_endpoints -multiple_clock -no_clock -no_input_delay -loops -generated_clocks
===========================================================================
